{
"type": "FeatureCollection",
"name": "07",
"crs": { "type": "name", "properties": { "name": "urn:ogc:def:crs:OGC:1.3:CRS84" } },
"features": [
{ "type": "Feature", "properties": { "code": "07106", "stateCode": "07", "municipalityCode": "106", "name": "Venustiano Carranza" }, "geometry": { "type": "Polygon", "coordinates": [ [ [ -92.493850219035451, 16.494036119661246 ], [ -92.491162920422568, 16.487729309726294 ], [ -92.477776218686429, 16.482666710250733 ], [ -92.489701029169254, 16.46761824965807 ], [ -92.488010248750101, 16.460097430893715 ], [ -92.485373829320039, 16.460776260352702 ], [ -92.470713739396302, 16.445475201019836 ], [ -92.461655859445145, 16.448960221150532 ], [ -92.454209029443859, 16.46128288123279 ], [ -92.445893028808328, 16.462607820626879 ], [ -92.436172909164, 16.471317631084016 ], [ -92.434936798923516, 16.466467880722821 ], [ -92.430026798683244, 16.469099599591971 ], [ -92.429864248651242, 16.479467770137816 ], [ -92.413290138913339, 16.488753319727493 ], [ -92.350512919337945, 16.477451820648522 ], [ -92.344671259244933, 16.439178149726505 ], [ -92.363215149486095, 16.431669340718042 ], [ -92.370468279078679, 16.437230089835925 ], [ -92.386129000310007, 16.440754399806405 ], [ -92.389725778657535, 16.462512260480665 ], [ -92.398690969848786, 16.460123881166307 ], [ -92.407681709580032, 16.45033063020783 ], [ -92.406046520409745, 16.438149750664795 ], [ -92.410652339772682, 16.418996280632555 ], [ -92.419231939904932, 16.417964139597071 ], [ -92.428439509320768, 16.425526489591181 ], [ -92.424936889966759, 16.406584450486577 ], [ -92.443780179876228, 16.38510531976501 ], [ -92.441330859862603, 16.38289285068069 ], [ -92.443044940158202, 16.380757820358021 ], [ -92.446954030321123, 16.379466660396734 ], [ -92.448697800234655, 16.369206140208568 ], [ -92.440799449661327, 16.365521710110134 ], [ -92.43855202949095, 16.35419017072741 ], [ -92.448902118744513, 16.343039740776387 ], [ -92.446287678706781, 16.339387079568809 ], [ -92.454760769975408, 16.332627139705782 ], [ -92.453491429618097, 16.327069429904551 ], [ -92.44004467992518, 16.329236450823998 ], [ -92.438715319208555, 16.336241861160001 ], [ -92.430912848964851, 16.336145251082556 ], [ -92.432447369829873, 16.332577880255059 ], [ -92.426264088654207, 16.329082089655074 ], [ -92.423180148948859, 16.331891520565144 ], [ -92.413115449501419, 16.323478849575942 ], [ -92.407797489310653, 16.312354779657738 ], [ -92.410010279657328, 16.309424380975681 ], [ -92.402705399631387, 16.297794880890233 ], [ -92.384946150290659, 16.308500341151394 ], [ -92.385521369632329, 16.292684600418347 ], [ -92.381638820003417, 16.290583970818499 ], [ -92.393790168968593, 16.290584350603865 ], [ -92.400380490233445, 16.281002090204588 ], [ -92.390853819597737, 16.275641180659207 ], [ -92.384546618610628, 16.279459520194283 ], [ -92.376871739890092, 16.275010370258276 ], [ -92.394126490120911, 16.260918090054368 ], [ -92.39182765930309, 16.259848780185813 ], [ -92.39223737945899, 16.250852339906441 ], [ -92.400010379712285, 16.249510680972037 ], [ -92.401237708794909, 16.254994631202344 ], [ -92.407024050254662, 16.250852311260463 ], [ -92.401411140194455, 16.259595279620537 ], [ -92.412913799107955, 16.263794520244186 ], [ -92.42730373867839, 16.238764910663701 ], [ -92.429251149102413, 16.240431491178629 ], [ -92.451093180220738, 16.211409090321556 ], [ -92.459113979200453, 16.209243460041868 ], [ -92.470928849083506, 16.211092769547278 ], [ -92.468509458683229, 16.178583230213572 ], [ -92.462501478826553, 16.165551260915297 ], [ -92.471219740333396, 16.164027680110443 ], [ -92.468978170040273, 16.160424520157516 ], [ -92.471250460329031, 16.160967599731773 ], [ -92.480620460349584, 16.172820430538927 ], [ -92.481549720085525, 16.143008219822892 ], [ -92.533605490023376, 16.144351570622934 ], [ -92.564247119399326, 16.135097060838049 ], [ -92.576660319552715, 16.1230164895223 ], [ -92.5990258186647, 16.148552550067162 ], [ -92.606261178665378, 16.148395650901247 ], [ -92.619665750323421, 16.15938806128209 ], [ -92.623640750173649, 16.158602940777385 ], [ -92.6459012792631, 16.171335940435259 ], [ -92.658681738997032, 16.173288460025038 ], [ -92.662797339634864, 16.179063200985365 ], [ -92.672923169622436, 16.182473400649254 ], [ -92.678666049924942, 16.188894090122872 ], [ -92.687880309007284, 16.190137019579918 ], [ -92.697856148763805, 16.197439400059878 ], [ -92.704623028900343, 16.197476429548807 ], [ -92.706380419065724, 16.205094490242406 ], [ -92.712198819885458, 16.211835490734472 ], [ -92.72294322991111, 16.211628569952463 ], [ -92.73204630927286, 16.199922030155971 ], [ -92.735489309742121, 16.202921460982729 ], [ -92.738096769034286, 16.196596680319001 ], [ -92.747856029077212, 16.194191620010731 ], [ -92.752240289797925, 16.184351141289497 ], [ -92.7544079494985, 16.190385979702281 ], [ -92.763398199080385, 16.191657859947945 ], [ -92.762935849643469, 16.18742024976488 ], [ -92.77234451904566, 16.191305459663596 ], [ -92.780157378801533, 16.201762311233701 ], [ -92.77899608865458, 16.20444212033814 ], [ -92.774170679893388, 16.203114170691091 ], [ -92.783626309259475, 16.207211051041973 ], [ -92.791536720413816, 16.206365490748091 ], [ -92.794780938615077, 16.211326850325317 ], [ -92.784397918730448, 16.212415320528155 ], [ -92.783372849235064, 16.222986060035648 ], [ -92.794622310097836, 16.238300861216679 ], [ -92.799575109354848, 16.238653539941556 ], [ -92.799755198855479, 16.242700660298777 ], [ -92.811264339737647, 16.238800951088486 ], [ -92.813231059814456, 16.243118419932294 ], [ -92.83138476941096, 16.240047421242224 ], [ -92.842353779376253, 16.245186090461821 ], [ -92.869461690340799, 16.249464519821789 ], [ -92.87554627713061, 16.263982599679196 ], [ -92.858355432612768, 16.259389655471612 ], [ -92.852170888791406, 16.264073333756158 ], [ -92.853895629169415, 16.270087239148452 ], [ -92.848238599586821, 16.276778913851803 ], [ -92.849505771841621, 16.280782192496325 ], [ -92.851238951961165, 16.277987165417613 ], [ -92.854278882208874, 16.278082977980514 ], [ -92.848094427005435, 16.285012434138952 ], [ -92.849690316818567, 16.288524312627814 ], [ -92.853315778247989, 16.285586361847432 ], [ -92.854373904382328, 16.289040699721067 ], [ -92.846059190772024, 16.290440707211868 ], [ -92.866090190387027, 16.292211209876076 ], [ -92.86611531988477, 16.31627797125255 ], [ -92.84913481941642, 16.336612549535968 ], [ -92.843253170314682, 16.334547260137313 ], [ -92.832030229810769, 16.347636520734422 ], [ -92.825899199213751, 16.347697289926021 ], [ -92.819974059521797, 16.353877681108287 ], [ -92.81290076947198, 16.35144800044338 ], [ -92.813422859090622, 16.359808540492597 ], [ -92.80287257927931, 16.37082469070403 ], [ -92.804995380706927, 16.385771250751326 ], [ -92.797869415699495, 16.384085959675105 ], [ -92.791223326696837, 16.39436493269752 ], [ -92.781634123685123, 16.394968060650111 ], [ -92.771771398962557, 16.409353541201199 ], [ -92.765504089047795, 16.410044120630165 ], [ -92.747470280128496, 16.422768569866715 ], [ -92.745395820390542, 16.426271320910068 ], [ -92.757040230372695, 16.435562740003562 ], [ -92.76454557016973, 16.453661050094933 ], [ -92.760546548772325, 16.455507141218895 ], [ -92.751452140286816, 16.452122419743301 ], [ -92.748929719287545, 16.455320540052437 ], [ -92.751695018850882, 16.4574735708402 ], [ -92.750894628622106, 16.461940180804035 ], [ -92.733102378964418, 16.449133120300228 ], [ -92.727398510092669, 16.448737951023915 ], [ -92.718910889543181, 16.455761551023279 ], [ -92.724680310285692, 16.473120090413524 ], [ -92.724322179402137, 16.476994689520211 ], [ -92.719277029479002, 16.48025131085997 ], [ -92.723146818792074, 16.482991830420005 ], [ -92.708317049980323, 16.484811080465903 ], [ -92.689755478693229, 16.463192940615816 ], [ -92.690263738764614, 16.469099939753221 ], [ -92.676098629457755, 16.471454150094008 ], [ -92.687685568690753, 16.457241180808882 ], [ -92.686797518945951, 16.452878280777202 ], [ -92.668163199959238, 16.441961430690995 ], [ -92.671399678892115, 16.458307181021201 ], [ -92.629752218739739, 16.483077280132811 ], [ -92.629044170329436, 16.475689341284301 ], [ -92.625877399906116, 16.47543565022103 ], [ -92.621376909763072, 16.466492519707472 ], [ -92.625149939603276, 16.464455629878007 ], [ -92.608949829925777, 16.440151920754406 ], [ -92.648487319188206, 16.415678850079068 ], [ -92.652136219338729, 16.417080380292298 ], [ -92.652079378866077, 16.400035689862925 ], [ -92.646767829897385, 16.399843520608361 ], [ -92.621264539124724, 16.407205660010167 ], [ -92.600582149549169, 16.426729200163969 ], [ -92.580735139898152, 16.43132291960886 ], [ -92.581019799981036, 16.434529880571809 ], [ -92.576071799061197, 16.43533748091507 ], [ -92.576031818901043, 16.440134710957405 ], [ -92.571566179869038, 16.442754149664431 ], [ -92.572387489119322, 16.446483860234196 ], [ -92.5682819099721, 16.448177061137326 ], [ -92.567450949876232, 16.454107879995842 ], [ -92.580414169120061, 16.447687519926568 ], [ -92.605966658850193, 16.492432181111774 ], [ -92.598444598674888, 16.492585920843808 ], [ -92.591655539780533, 16.486312879800305 ], [ -92.575534310223844, 16.485853541004708 ], [ -92.575104178966427, 16.481110399710392 ], [ -92.569383428887477, 16.479434220614856 ], [ -92.564636059649018, 16.483071649829913 ], [ -92.563053089944361, 16.475187380130514 ], [ -92.55504013960001, 16.470528459702123 ], [ -92.556216569938613, 16.463173429898575 ], [ -92.542136509412586, 16.465553090327077 ], [ -92.544837199170033, 16.459910200522422 ], [ -92.540384079077867, 16.459787350163644 ], [ -92.542806379950676, 16.456284110059912 ], [ -92.536572719918667, 16.454695510456688 ], [ -92.504675218641182, 16.480694460408774 ], [ -92.505028649563698, 16.489188311114297 ], [ -92.493850219035451, 16.494036119661246 ] ] ] } },
{ "type": "Feature", "properties": { "code": "07090", "stateCode": "07", "municipalityCode": "090", "name": "Tapalapa" }, "geometry": { "type": "Polygon", "coordinates": [ [ [ -93.113451180242677, 17.279424910459131 ], [ -93.107231280355776, 17.265841079639973 ], [ -93.093456139571472, 17.254460779934792 ], [ -93.087677290029106, 17.238653549827962 ], [ -93.083130820386145, 17.238557459917892 ], [ -93.083058890160373, 17.236460119983185 ], [ -93.08966777013643, 17.238197689975003 ], [ -93.087038019600257, 17.229457709972049 ], [ -93.071410969554577, 17.204842310293234 ], [ -93.080582709595916, 17.182318060065235 ], [ -93.088136379775989, 17.174416220129114 ], [ -93.085026750392615, 17.170483819779818 ], [ -93.09049043044692, 17.169042569816614 ], [ -93.091702460164512, 17.171895280443987 ], [ -93.099841550404619, 17.163298280435036 ], [ -93.119999719872254, 17.152399680082215 ], [ -93.120540859991323, 17.166444480081271 ], [ -93.110164579725549, 17.170320200302754 ], [ -93.126775029796974, 17.183012780405324 ], [ -93.14852604976268, 17.183527999725015 ], [ -93.143328150377471, 17.188527050223993 ], [ -93.15745299999007, 17.190260509876417 ], [ -93.144925659783823, 17.200285090019349 ], [ -93.144097719847835, 17.196997510367378 ], [ -93.127060540261112, 17.195828660421903 ], [ -93.123182740099111, 17.210582599752481 ], [ -93.131058199690159, 17.221142139638406 ], [ -93.138278199805796, 17.241488290299813 ], [ -93.158841490112422, 17.261965050409046 ], [ -93.142210820061166, 17.273914139876219 ], [ -93.113451180242677, 17.279424910459131 ] ] ] } },
{ "type": "Feature", "properties": { "code": "07022", "stateCode": "07", "municipalityCode": "022", "name": "Chalchihuitán" }, "geometry": { "type": "Polygon", "coordinates": [ [ [ -92.579214309932397, 17.113841750011229 ], [ -92.579022510437753, 17.105617939629013 ], [ -92.562238399544256, 17.098907829994214 ], [ -92.557483090078406, 17.089407799575564 ], [ -92.543224089677821, 17.077025979904398 ], [ -92.544408399795799, 17.06505446020487 ], [ -92.550282249965178, 17.057588430018615 ], [ -92.556905889914745, 17.055173780701455 ], [ -92.559299060406076, 17.04809025008737 ], [ -92.556652320330087, 17.0304925401419 ], [ -92.550687520372506, 17.023130419704177 ], [ -92.556055780288631, 17.013375689697842 ], [ -92.557243000393456, 16.994126600176045 ], [ -92.553176620051829, 16.98970078205349 ], [ -92.55475560036102, 16.982132061506604 ], [ -92.545973979910983, 16.970529459892745 ], [ -92.556960999589236, 16.965172089992539 ], [ -92.561894690326298, 16.957967020988889 ], [ -92.600716720090745, 16.950066579666675 ], [ -92.605164830140851, 16.955347370172589 ], [ -92.617155819784259, 16.956916219832088 ], [ -92.627363780266819, 16.954088420737303 ], [ -92.639864280388849, 16.961643659749338 ], [ -92.656687719820752, 16.96194609043566 ], [ -92.654193859906002, 16.979938769895064 ], [ -92.680756879966253, 16.988360649862148 ], [ -92.711164120224268, 16.98243387978177 ], [ -92.708289000249536, 16.997237430110108 ], [ -92.681146490132889, 17.027843650101033 ], [ -92.666750800300193, 17.037664150345638 ], [ -92.663551179817418, 17.058450860315205 ], [ -92.646278120008162, 17.069974340191713 ], [ -92.623906289927532, 17.074759310294333 ], [ -92.613138939826783, 17.080225819864204 ], [ -92.579214309932397, 17.113841750011229 ] ] ] } },
{ "type": "Feature", "properties": { "code": "07073", "stateCode": "07", "municipalityCode": "073", "name": "Rayón" }, "geometry": { "type": "Polygon", "coordinates": [ [ [ -93.018782509145552, 17.238091690681717 ], [ -93.014471448744871, 17.230148630746484 ], [ -93.013921259752493, 17.236167249888521 ], [ -92.98446939872052, 17.233415121115801 ], [ -92.983623978667495, 17.228880550275299 ], [ -92.973998239584546, 17.229209261124549 ], [ -92.967972529903989, 17.225200351568088 ], [ -92.966715984543484, 17.216265472264226 ], [ -92.953014410976039, 17.20833477376204 ], [ -92.95726614351436, 17.197050704570724 ], [ -92.964751012721109, 17.197220555449025 ], [ -92.96817988945989, 17.163608280720592 ], [ -92.970055029542763, 17.16055180073495 ], [ -92.981665709844862, 17.162584860118312 ], [ -92.988908349942108, 17.146233520526735 ], [ -92.988000919528176, 17.142117540178898 ], [ -92.980054219544826, 17.141533890528184 ], [ -92.979021919039781, 17.137195021253511 ], [ -92.974558088997782, 17.138010969733227 ], [ -92.973259979068501, 17.13192517051381 ], [ -92.969204139989515, 17.130261859581413 ], [ -92.990478479725098, 17.133435029607021 ], [ -92.998978320271874, 17.143127629986527 ], [ -93.024911350353534, 17.156801510537846 ], [ -93.025738849305284, 17.165362820745731 ], [ -93.038609448646127, 17.17772805092919 ], [ -93.033514879362798, 17.176840080055509 ], [ -93.028570889857818, 17.19826162965817 ], [ -93.03477411889493, 17.201476230984252 ], [ -93.029609620097744, 17.235015309721032 ], [ -93.018782509145552, 17.238091690681717 ] ] ] } },
{ "type": "Feature", "properties": { "code": "07042", "stateCode": "07", "municipalityCode": "042", "name": "Ixhuatán" }, "geometry": { "type": "Polygon", "coordinates": [ [ [ -92.930794659798707, 17.364543079722594 ], [ -92.932849678881951, 17.346901799497726 ], [ -92.928234029666569, 17.339293109859561 ], [ -92.924369649687918, 17.338378320422269 ], [ -92.907780120246159, 17.285417290241639 ], [ -92.900498850122617, 17.273196800325465 ], [ -92.911218199944855, 17.273971180017313 ], [ -92.911320259096556, 17.268581740173033 ], [ -92.922428419322088, 17.274861630224915 ], [ -92.924417618713875, 17.259749770306239 ], [ -92.916663884157089, 17.252814166639062 ], [ -92.921701966602498, 17.245302176507035 ], [ -92.945456692537306, 17.261025691414527 ], [ -92.963768285351264, 17.287625896255186 ], [ -92.971586130963104, 17.287803060027549 ], [ -92.978264059294943, 17.273187289534658 ], [ -93.0243904594452, 17.27942327986905 ], [ -93.02689574976236, 17.267398249817152 ], [ -93.035237569522323, 17.264923649557453 ], [ -93.047027169576424, 17.269323910317688 ], [ -93.046509218695988, 17.278062199595276 ], [ -93.065805570365356, 17.281318890358527 ], [ -93.065327060182042, 17.296103340219076 ], [ -93.044594799194982, 17.314969090019574 ], [ -93.045498088598549, 17.319768120005453 ], [ -93.051833820012547, 17.325147750442635 ], [ -93.046611228961282, 17.327319679849985 ], [ -93.048126230463296, 17.330688629784742 ], [ -93.04386797943441, 17.336161349868565 ], [ -93.042538680160334, 17.330086279689571 ], [ -93.036182709211317, 17.328694849741137 ], [ -93.036533400311313, 17.325244109908112 ], [ -93.033351289377535, 17.326661490011873 ], [ -93.033205459711951, 17.322305149887654 ], [ -93.030114600427368, 17.324295650204629 ], [ -93.032000909838004, 17.327126350260095 ], [ -93.024609520328752, 17.330803429793242 ], [ -93.018266748617407, 17.326284349665286 ], [ -93.030311198757659, 17.309955150053401 ], [ -93.027808229733736, 17.308766799819491 ], [ -93.011185338955627, 17.320515550304762 ], [ -92.97721574863607, 17.300446680304482 ], [ -92.992633779280979, 17.347709580039954 ], [ -92.973713749857126, 17.346612279904274 ], [ -92.985282379003237, 17.32925142037454 ], [ -92.98061182033706, 17.322301720228129 ], [ -92.96906846001913, 17.32394046009842 ], [ -92.95116305883333, 17.319355139863884 ], [ -92.948580508647851, 17.322798879774709 ], [ -92.949775200243565, 17.341840319967268 ], [ -92.941311119831099, 17.342388140083031 ], [ -92.930794659798707, 17.364543079722594 ] ] ] } },
{ "type": "Feature", "properties": { "code": "07036", "stateCode": "07", "municipalityCode": "036", "name": "La Grandeza" }, "geometry": { "type": "Polygon", "coordinates": [ [ [ -92.216192879581428, 15.558313750072632 ], [ -92.188334169541235, 15.548392000320336 ], [ -92.185800179981669, 15.550350400292075 ], [ -92.206537679806843, 15.459898280210716 ], [ -92.250898920181868, 15.468388850319652 ], [ -92.244984710049138, 15.471551779806838 ], [ -92.237169380233794, 15.487253909596967 ], [ -92.233902690046222, 15.506775370141689 ], [ -92.239942449964659, 15.523338709712426 ], [ -92.240672579819289, 15.53712763028391 ], [ -92.250672779968042, 15.559272379699753 ], [ -92.242793980026136, 15.556843049883772 ], [ -92.216192879581428, 15.558313750072632 ] ] ] } },
{ "type": "Feature", "properties": { "code": "07121", "stateCode": "07", "municipalityCode": "121", "name": "Rincón Chamula San Pedro" }, "geometry": { "type": "Polygon", "coordinates": [ [ [ -92.963768285351264, 17.287625896255186 ], [ -92.945456692537306, 17.261025691414527 ], [ -92.923783512455159, 17.245384781602475 ], [ -92.909183791203148, 17.263965624202282 ], [ -92.885790714902711, 17.260237181205959 ], [ -92.892794903256657, 17.212253884048945 ], [ -92.906881328636061, 17.215850684234685 ], [ -92.911654655288416, 17.209439685854104 ], [ -92.8996880953366, 17.197525274603116 ], [ -92.914961080406883, 17.178046751029107 ], [ -92.910611376691719, 17.167992080008037 ], [ -92.933839261707263, 17.151809921860853 ], [ -92.946510589410678, 17.164375824022152 ], [ -92.948400366312796, 17.15900763410221 ], [ -92.966101145273669, 17.171816775633339 ], [ -92.968528798480804, 17.168430739803579 ], [ -92.964751012721109, 17.197220555449025 ], [ -92.95726614351436, 17.197050704570724 ], [ -92.953014410976039, 17.20833477376204 ], [ -92.966715984543484, 17.216265472264226 ], [ -92.967972529903989, 17.225200351568088 ], [ -92.97570990862647, 17.231550759610386 ], [ -92.96324780174433, 17.235233213850989 ], [ -92.963232710895255, 17.257294956059166 ], [ -92.970071535807023, 17.261019294333334 ], [ -92.972405176081224, 17.278477784787235 ], [ -92.971586130963104, 17.287803060027549 ], [ -92.963768285351264, 17.287625896255186 ] ] ] } },
{ "type": "Feature", "properties": { "code": "07119", "stateCode": "07", "municipalityCode": "119", "name": "Santiago el Pinar" }, "geometry": { "type": "Polygon", "coordinates": [ [ [ -92.713268309897344, 16.980499179830662 ], [ -92.712565049782256, 16.977087850086082 ], [ -92.716314179842044, 16.97449819992967 ], [ -92.712614520462679, 16.972871720037347 ], [ -92.716719749821038, 16.965675000179296 ], [ -92.70607419964152, 16.959973090119743 ], [ -92.704687920195511, 16.936028449700775 ], [ -92.721582779794886, 16.915994920317051 ], [ -92.725796720444791, 16.928582000258441 ], [ -92.730951349526961, 16.933886580421877 ], [ -92.743349280247458, 16.936561830371382 ], [ -92.742118319738793, 16.947726550158627 ], [ -92.72636002965487, 16.959510770099754 ], [ -92.737496050075407, 16.969558169852263 ], [ -92.723762799974253, 16.979092379959287 ], [ -92.723265149549064, 16.976596079948497 ], [ -92.713268309897344, 16.980499179830662 ] ] ] } },
{ "type": "Feature", "properties": { "code": "07124", "stateCode": "07", "municipalityCode": "124", "name": "Mezcalapa" }, "geometry": { "type": "Polygon", "coordinates": [ [ [ -93.526939357879755, 17.395925211232377 ], [ -93.525570913659209, 17.393126839743388 ], [ -93.517471186850287, 17.39270176700995 ], [ -93.510076506315613, 17.385767450592919 ], [ -93.501064932085626, 17.386210139517626 ], [ -93.496893727332605, 17.373754724787055 ], [ -93.492048687615579, 17.374200330241759 ], [ -93.497857819982855, 17.368813081056992 ], [ -93.495323717630896, 17.36640879041105 ], [ -93.494775758370281, 17.353831583969022 ], [ -93.495438192834058, 17.35805381967922 ], [ -93.499402322025446, 17.35872907530792 ], [ -93.500460995111581, 17.355693221080866 ], [ -93.495577689864632, 17.349837219337605 ], [ -93.498958097173016, 17.333766170792501 ], [ -93.485185258484094, 17.332155448366226 ], [ -93.486648892156296, 17.336392261840796 ], [ -93.482676483571026, 17.339220025845421 ], [ -93.473905813395461, 17.337897572501188 ], [ -93.476651285340211, 17.331199498562608 ], [ -93.457209268500506, 17.329043379755522 ], [ -93.459147458527852, 17.309931661544933 ], [ -93.449907670489324, 17.308524976572741 ], [ -93.451237628298941, 17.298645267006357 ], [ -93.438296984046133, 17.29633981489561 ], [ -93.440212732624687, 17.289645669631795 ], [ -93.461457905235022, 17.292535493908947 ], [ -93.462014781385179, 17.288035786225883 ], [ -93.499673977974908, 17.292572494424448 ], [ -93.506220938957952, 17.275756572510321 ], [ -93.497644521943528, 17.271692326145271 ], [ -93.503198061671071, 17.267042395266238 ], [ -93.47842859238267, 17.224685870514325 ], [ -93.466420576675389, 17.217782013834949 ], [ -93.463711444225254, 17.212266511894033 ], [ -93.468448692887605, 17.202467222501429 ], [ -93.491927932362557, 17.196317589619817 ], [ -93.479075555289583, 17.164797805512556 ], [ -93.462608867058876, 17.168663024047465 ], [ -93.461037103218047, 17.162710536319448 ], [ -93.463272810657188, 17.158118281620773 ], [ -93.46673755564278, 17.158095301372779 ], [ -93.466816069927432, 17.162584155229396 ], [ -93.47055284663243, 17.162497828619141 ], [ -93.470502549557793, 17.158069031872181 ], [ -93.479083530036348, 17.158043539798594 ], [ -93.478979136282163, 17.144779917871279 ], [ -93.486570953481674, 17.145107092126384 ], [ -93.482318854882081, 17.153567973931178 ], [ -93.48960631685793, 17.153516451126876 ], [ -93.489085544182245, 17.149060755722214 ], [ -93.496971083373992, 17.14906007723701 ], [ -93.510486952286371, 17.123718625672257 ], [ -93.517349614356434, 17.118692039689357 ], [ -93.546756655442763, 17.109102613081152 ], [ -93.552851462988727, 17.114448755840161 ], [ -93.554688512541844, 17.109906847014283 ], [ -93.55626926503929, 17.113273569018173 ], [ -93.560245808554754, 17.108626436098412 ], [ -93.564158572709303, 17.117946096453203 ], [ -93.58554031180752, 17.127471830386817 ], [ -93.592386627917975, 17.126307304574492 ], [ -93.592692679606998, 17.122966712476668 ], [ -93.594834732871831, 17.127066867669839 ], [ -93.59095692085728, 17.129948017252566 ], [ -93.594254785968943, 17.128627110011212 ], [ -93.600776537977964, 17.134009620456172 ], [ -93.60470922938481, 17.129797599134001 ], [ -93.605402843995165, 17.134406239998427 ], [ -93.610428540724058, 17.133732762066543 ], [ -93.60911261051875, 17.136515111534681 ], [ -93.613135553145128, 17.136519108285626 ], [ -93.612773339715972, 17.139401294928966 ], [ -93.614649474881887, 17.135799265569705 ], [ -93.615002518816794, 17.139789179630135 ], [ -93.621336600429359, 17.137062260135167 ], [ -93.619815229301693, 17.142777272009113 ], [ -93.623797452914076, 17.140899442260991 ], [ -93.629144616903901, 17.143711499874335 ], [ -93.630443102066138, 17.141052122898117 ], [ -93.62491442919827, 17.14011151607248 ], [ -93.628441349811681, 17.139703501359481 ], [ -93.626598273186531, 17.137885112571432 ], [ -93.631815209801687, 17.139518771975304 ], [ -93.632197538863764, 17.136483692724418 ], [ -93.634152958115266, 17.139347451091091 ], [ -93.631932919825118, 17.143417180479972 ], [ -93.637205515071003, 17.140017106878592 ], [ -93.659212246563015, 17.143547456428525 ], [ -93.665658910375413, 17.154173579831035 ], [ -93.687711385260272, 17.152875057116727 ], [ -93.687463295613369, 17.156135444777178 ], [ -93.689828821015169, 17.157230474006866 ], [ -93.691067857874245, 17.151602376138761 ], [ -93.695670015105065, 17.152366069144119 ], [ -93.699878929924822, 17.147699336281807 ], [ -93.699025600217681, 17.144229108241529 ], [ -93.692999226854667, 17.149305413579775 ], [ -93.691442125399178, 17.144963645239219 ], [ -93.685023808797595, 17.144203544748912 ], [ -93.693464268612288, 17.128861327624747 ], [ -93.683693205631585, 17.126060138649194 ], [ -93.693971241511932, 17.098484398130477 ], [ -93.69697094798687, 17.093345833769273 ], [ -93.71139157737106, 17.095910391109875 ], [ -93.713894321787308, 17.088311983394295 ], [ -93.729304982531445, 17.09205624579392 ], [ -93.736063089288209, 17.076275984478219 ], [ -93.753139257140845, 17.08806331371019 ], [ -93.748932168260509, 17.094724144107307 ], [ -93.76073013707078, 17.101355508167899 ], [ -93.774101703108016, 17.090283398061917 ], [ -93.81288202919967, 17.114604951954998 ], [ -93.819713597072337, 17.107230406399708 ], [ -93.821455002288999, 17.110347779145929 ], [ -93.819522189072288, 17.108280698498568 ], [ -93.817909939642419, 17.11206035185058 ], [ -93.820419730484772, 17.114851890456027 ], [ -93.820993329552721, 17.112220811891923 ], [ -93.824318037225282, 17.112157464511995 ], [ -93.82910238983024, 17.124639693300722 ], [ -93.839896711917831, 17.120468274041723 ], [ -93.867426770742384, 17.136964912862982 ], [ -93.870123279862199, 17.146647418957919 ], [ -93.862316849896985, 17.151544020270542 ], [ -93.860915770332753, 17.163741140085975 ], [ -93.843968939410345, 17.168611749200579 ], [ -93.839045220035274, 17.172946879253221 ], [ -93.827137689853132, 17.172503480762231 ], [ -93.826630169820689, 17.190494030361851 ], [ -93.820119970058755, 17.195323372925962 ], [ -93.818359568445175, 17.203475122716135 ], [ -93.803762489313641, 17.224868172535313 ], [ -93.805947579617481, 17.230221750829742 ], [ -93.801448682639531, 17.240379502756976 ], [ -93.794854261186373, 17.240897674904424 ], [ -93.791221299218407, 17.232118078049965 ], [ -93.788609504555168, 17.232327341654397 ], [ -93.772450197735694, 17.245823558744039 ], [ -93.76297648142409, 17.239344492353986 ], [ -93.736793113158598, 17.247511138707651 ], [ -93.6956689462626, 17.247230178101088 ], [ -93.689872255429194, 17.255306268800528 ], [ -93.662694364997762, 17.256276901944709 ], [ -93.664411458491344, 17.286193385205468 ], [ -93.638132333843231, 17.290948363005743 ], [ -93.607939816028761, 17.314930020678464 ], [ -93.554131722840438, 17.388198404156068 ], [ -93.547241529745563, 17.383701619066343 ], [ -93.541083430113773, 17.388199917588295 ], [ -93.539154495367995, 17.382865969795386 ], [ -93.528825622791118, 17.384664547969912 ], [ -93.531173846610073, 17.394679521102727 ], [ -93.526939357879755, 17.395925211232377 ] ] ] } },
{ "type": "Feature", "properties": { "code": "07123", "stateCode": "07", "municipalityCode": "123", "name": "Emiliano Zapata" }, "geometry": { "type": "Polygon", "coordinates": [ [ [ -92.921397997462748, 16.63883578781013 ], [ -92.903112990489362, 16.618771575228756 ], [ -92.897762478992036, 16.608188558308012 ], [ -92.898201789133864, 16.602658525961942 ], [ -92.889225561913406, 16.596658379625861 ], [ -92.886794630656837, 16.588298135648781 ], [ -92.880419130851749, 16.587741916927442 ], [ -92.874119304545189, 16.581037226002991 ], [ -92.862227393445465, 16.581513276240997 ], [ -92.858791129295426, 16.578402272846024 ], [ -92.859085808713047, 16.56721115646971 ], [ -92.841274738035878, 16.563767679889953 ], [ -92.864924618801567, 16.547509634274881 ], [ -92.858473250928753, 16.52385921712407 ], [ -92.873606032812177, 16.525428568825642 ], [ -92.892506171806815, 16.518192825241893 ], [ -92.89292320056056, 16.507764403027263 ], [ -92.885350202620089, 16.501612061018182 ], [ -92.875922368942014, 16.509690141656744 ], [ -92.851679875822541, 16.48375982415271 ], [ -92.851241970553559, 16.47996645716962 ], [ -92.858567175290602, 16.480586948453347 ], [ -92.857558534947955, 16.468870273263004 ], [ -92.849579281912241, 16.46789652111795 ], [ -92.849167266196275, 16.463746986350209 ], [ -92.834146715347913, 16.467812406045699 ], [ -92.828653037831515, 16.46508013308787 ], [ -92.832149701299386, 16.459182149341427 ], [ -92.826731884978813, 16.449602943314517 ], [ -92.817276818139206, 16.444087155570145 ], [ -92.78511179154566, 16.435886780639382 ], [ -92.791175151429002, 16.417419330616418 ], [ -92.783462043389335, 16.41313759593552 ], [ -92.785732591277707, 16.403627309284708 ], [ -92.777602515682588, 16.401119345704174 ], [ -92.781634123685123, 16.394968060650111 ], [ -92.791223326696837, 16.39436493269752 ], [ -92.797869415699495, 16.384085959675105 ], [ -92.804995380706927, 16.385771250751326 ], [ -92.807556332652752, 16.3782278846178 ], [ -92.820582680540525, 16.391635512128012 ], [ -92.831590043379094, 16.381557960142402 ], [ -92.844001201189045, 16.393512765417164 ], [ -92.846304804755462, 16.39138369559981 ], [ -92.84930548048861, 16.393490987754216 ], [ -92.854726834636708, 16.406316220167167 ], [ -92.860223831891787, 16.402881412662506 ], [ -92.865128057218087, 16.409217621094314 ], [ -92.868437718471597, 16.407063660627731 ], [ -92.873991244932398, 16.412652058260651 ], [ -92.87248935079964, 16.407802314885132 ], [ -92.877002562772859, 16.401481029030414 ], [ -92.883528606593146, 16.395777025254198 ], [ -92.887623086247388, 16.397876773491582 ], [ -92.883382809822066, 16.402276492190044 ], [ -92.893863100889135, 16.426486797480493 ], [ -92.896670257539313, 16.432174624012774 ], [ -92.901629907461199, 16.430362112324268 ], [ -92.908453691585038, 16.445809123944521 ], [ -92.902187450119058, 16.454159488646297 ], [ -92.912992076305628, 16.467257741428803 ], [ -92.906638437416589, 16.470929251412194 ], [ -92.907412995182767, 16.474880237865882 ], [ -92.91524032876481, 16.486239323557896 ], [ -92.929861104010271, 16.477783117000403 ], [ -92.934222026015334, 16.486215983470789 ], [ -92.941624003208858, 16.48330447195173 ], [ -92.947541185155089, 16.494680583001255 ], [ -92.947155268472926, 16.499451618442617 ], [ -92.936791838421669, 16.504091432686693 ], [ -92.948045632752766, 16.518934796396195 ], [ -92.94867329716854, 16.525693146120339 ], [ -92.942982208456542, 16.53221673907963 ], [ -92.950452136621365, 16.53894440750544 ], [ -92.947025915215747, 16.544999686598437 ], [ -92.952303765570377, 16.560098272026437 ], [ -92.956902595536334, 16.55644872943563 ], [ -92.958214482743287, 16.572872315526372 ], [ -92.950610086909379, 16.591560074623246 ], [ -92.931521852357875, 16.619927020563885 ], [ -92.93118471770677, 16.627640695841411 ], [ -92.921397997462748, 16.63883578781013 ] ] ] } },
{ "type": "Feature", "properties": { "code": "07067", "stateCode": "07", "municipalityCode": "067", "name": "Pantepec" }, "geometry": { "type": "Polygon", "coordinates": [ [ [ -93.065805570365313, 17.281318890358492 ], [ -93.046509218695931, 17.278062199595322 ], [ -93.047910800136009, 17.242307890100268 ], [ -93.036813229630596, 17.241338889652422 ], [ -93.029609620097787, 17.235015309721017 ], [ -93.034774118894973, 17.201476230984301 ], [ -93.028570889857846, 17.198261629658134 ], [ -93.033514879362855, 17.17684008005558 ], [ -93.038609448646156, 17.177728050929236 ], [ -93.025738849305242, 17.165362820745681 ], [ -93.024911350353563, 17.15680151053791 ], [ -92.998978320271846, 17.143127629986481 ], [ -92.990478479725041, 17.133435029607067 ], [ -92.967089779760997, 17.129264111220678 ], [ -92.968618089307697, 17.121379539864591 ], [ -92.965169349558806, 17.120926339712305 ], [ -92.974644120372005, 17.107682030142342 ], [ -92.980449680198646, 17.109174740118952 ], [ -92.981567150336758, 17.114239569708168 ], [ -92.998324799641011, 17.128654030016552 ], [ -93.014729379928781, 17.130827139566755 ], [ -93.03574545995393, 17.125161079933353 ], [ -93.031138459868401, 17.127469950135481 ], [ -93.032162319831556, 17.133848029708485 ], [ -93.037298479976016, 17.132933309927243 ], [ -93.043212139589542, 17.141192480197628 ], [ -93.04826072023198, 17.141298250300927 ], [ -93.050793720360033, 17.136428279931955 ], [ -93.054351019611161, 17.141861999609905 ], [ -93.052840150440105, 17.148822339684433 ], [ -93.055171140174025, 17.149469029732749 ], [ -93.077849149744324, 17.142068140275082 ], [ -93.088741459804126, 17.129533539642861 ], [ -93.106423709745471, 17.133216749644195 ], [ -93.111952749611319, 17.128405580293549 ], [ -93.122321709754715, 17.134456980043993 ], [ -93.115140620396133, 17.138091739999584 ], [ -93.120222780022516, 17.143303449681458 ], [ -93.119999719872254, 17.152399680082215 ], [ -93.099841550404619, 17.163298280435036 ], [ -93.091702460164512, 17.171895280443987 ], [ -93.09049043044692, 17.169042569816614 ], [ -93.085026750392615, 17.170483819779818 ], [ -93.088136379775989, 17.174416220129114 ], [ -93.080582709595916, 17.182318060065235 ], [ -93.071410969554577, 17.204842310293234 ], [ -93.087038019600257, 17.229457709972049 ], [ -93.08966777013643, 17.238197689975003 ], [ -93.083058890160373, 17.236460119983185 ], [ -93.083130820386145, 17.238557459917892 ], [ -93.087677290029106, 17.238653549827962 ], [ -93.093456139571472, 17.254460779934792 ], [ -93.107231280355776, 17.265841079639973 ], [ -93.113451180242677, 17.279424910459131 ], [ -93.102844020000717, 17.269613579963668 ], [ -93.085103490384768, 17.267003230230213 ], [ -93.068712449986791, 17.267588850063078 ], [ -93.065805570365313, 17.281318890358492 ] ] ] } },
{ "type": "Feature", "properties": { "code": "07091", "stateCode": "07", "municipalityCode": "091", "name": "Tapilula" }, "geometry": { "type": "Polygon", "coordinates": [ [ [ -92.972185078832581, 17.281169747626663 ], [ -92.970071535807023, 17.261019294333334 ], [ -92.963232710895255, 17.257294956059166 ], [ -92.96324780174433, 17.235233213850989 ], [ -92.97570990862647, 17.231550759610386 ], [ -92.973998239584546, 17.229209261124549 ], [ -92.983623978667495, 17.228880550275299 ], [ -92.98446939872052, 17.233415121115801 ], [ -93.013921259752493, 17.236167249888521 ], [ -93.014471448744871, 17.230148630746484 ], [ -93.018782509145552, 17.238091690681717 ], [ -93.031594780043633, 17.235137220396318 ], [ -93.036813229630653, 17.241338889652479 ], [ -93.047910800136037, 17.242307890100214 ], [ -93.047027169576424, 17.269323910317688 ], [ -93.035753769595885, 17.264925460164918 ], [ -93.02689574976236, 17.267398249817152 ], [ -93.0243904594452, 17.27942327986905 ], [ -92.978264059294943, 17.273187289534658 ], [ -92.972185078832581, 17.281169747626663 ] ] ] } },
{ "type": "Feature", "properties": { "code": "07114", "stateCode": "07", "municipalityCode": "114", "name": "Benemérito de las Américas" }, "geometry": { "type": "Polygon", "coordinates": [ [ [ -90.691604723211668, 16.604541001197269 ], [ -90.6761782537138, 16.590355150889902 ], [ -90.655449093842307, 16.59221054088821 ], [ -90.667651886904039, 16.587999121812583 ], [ -90.666841437824687, 16.581806451138366 ], [ -90.66135560764063, 16.577992091747142 ], [ -90.644634917658962, 16.579077221227688 ], [ -90.640340867263617, 16.586448741685501 ], [ -90.641863297152298, 16.595915091475547 ], [ -90.635179787388822, 16.592342341411207 ], [ -90.625987977431848, 16.578604291865631 ], [ -90.626159427693949, 16.57545057141612 ], [ -90.63688122691768, 16.570796371508226 ], [ -90.647077577336248, 16.560517781431081 ], [ -90.648562667605191, 16.544760151813506 ], [ -90.642609257655565, 16.534347851651361 ], [ -90.645410087183706, 16.518643481512335 ], [ -90.642086227283528, 16.514489781231454 ], [ -90.635594827680507, 16.513520851154588 ], [ -90.616583697801275, 16.521789621338325 ], [ -90.609216257618996, 16.514366461400613 ], [ -90.60562545757648, 16.503637341076018 ], [ -90.609218687741219, 16.494193711515024 ], [ -90.618591627708, 16.488638201323472 ], [ -90.633441917750034, 16.489111541115594 ], [ -90.63493260738916, 16.483490771073907 ], [ -90.631348219743984, 16.479336279558805 ], [ -90.620422630103164, 16.47717809005168 ], [ -90.613449569794781, 16.488449969744064 ], [ -90.604207879790536, 16.48733633990447 ], [ -90.594368460400545, 16.490651580085334 ], [ -90.593669599681917, 16.475345339668383 ], [ -90.586670049870776, 16.46951297989008 ], [ -90.550214910418305, 16.482121999871669 ], [ -90.544017460053283, 16.48170651030706 ], [ -90.546939119979854, 16.468055619665186 ], [ -90.527801710071486, 16.457716220373339 ], [ -90.52506391972986, 16.458674219927481 ], [ -90.523810180280492, 16.467191449584011 ], [ -90.514215770107313, 16.469896339628004 ], [ -90.500609109707952, 16.466915170131685 ], [ -90.499426340348151, 16.45749308030614 ], [ -90.495804140348085, 16.453488550369631 ], [ -90.491570419855449, 16.45404731997775 ], [ -90.485094910015604, 16.461129510134668 ], [ -90.478119979984498, 16.459826779948749 ], [ -90.47830490975295, 16.441974349894185 ], [ -90.48696561984525, 16.429331119803624 ], [ -90.484558690049383, 16.423017629767852 ], [ -90.471815600285922, 16.425035519898913 ], [ -90.458774089938856, 16.421019600171494 ], [ -90.420724219937895, 16.424896540110662 ], [ -90.416107629771375, 16.421602349959603 ], [ -90.411742150342832, 16.407434490426919 ], [ -90.407719880084187, 16.404033250382685 ], [ -90.402190979782063, 16.407049950279934 ], [ -90.397923290064767, 16.416175969940848 ], [ -90.387292260367232, 16.412002080266781 ], [ -90.389063859926281, 16.403530880366269 ], [ -90.40134631995754, 16.398633000174335 ], [ -90.401815909654815, 16.393001969954877 ], [ -90.386452060373287, 16.377938710462981 ], [ -90.37292755040653, 16.374350320021225 ], [ -90.370698119638107, 16.364675720025566 ], [ -90.374555770157244, 16.359620350283759 ], [ -90.379721980484476, 16.360027489749733 ], [ -90.388926179695275, 16.372750400174603 ], [ -90.395812030021844, 16.374511549760602 ], [ -90.409765879929651, 16.363015890286707 ], [ -90.412071509610669, 16.355704520128249 ], [ -90.409314199945115, 16.345899139882807 ], [ -90.406210910222129, 16.347727219634333 ], [ -90.407523979967095, 16.358902859979057 ], [ -90.403034370151445, 16.361056569749294 ], [ -90.399240970219722, 16.349393290084269 ], [ -90.383328599921143, 16.345211799982323 ], [ -90.381642310258826, 16.338449579687946 ], [ -90.386869280097798, 16.334248749969166 ], [ -90.397535259701684, 16.339598570175916 ], [ -90.403221890231663, 16.332146419791936 ], [ -90.410010909936815, 16.329182940070282 ], [ -90.412122800424783, 16.324676490355607 ], [ -90.408655859756593, 16.312341400230004 ], [ -90.411643719833293, 16.307236289867888 ], [ -90.438570150452975, 16.30209533996695 ], [ -90.438859890030926, 16.298023449981983 ], [ -90.431791859634842, 16.292224479602019 ], [ -90.439996310033877, 16.287152679648749 ], [ -90.440481580263977, 16.279792169828998 ], [ -90.427226569881014, 16.269597120103725 ], [ -90.422429879699905, 16.259178909593917 ], [ -90.428264779844028, 16.253893289914522 ], [ -90.438789579898639, 16.260800519717762 ], [ -90.445474780308345, 16.261524740252366 ], [ -90.45471657973421, 16.248647910384975 ], [ -90.45403453987781, 16.242753449738643 ], [ -90.450551419535344, 16.240540520118678 ], [ -90.440043940070112, 16.247574419834784 ], [ -90.438089170151471, 16.240085540022314 ], [ -90.427826860125208, 16.233195539765902 ], [ -90.428772260011598, 16.230274229908485 ], [ -90.438144029902332, 16.231682659832586 ], [ -90.451190850185583, 16.224895219904536 ], [ -90.456673310332064, 16.209505679951569 ], [ -90.451978219941608, 16.18504036961793 ], [ -90.431462260037335, 16.177648109994667 ], [ -90.426628309894355, 16.173247650299089 ], [ -90.424504999601837, 16.163184449549011 ], [ -90.435177119873899, 16.156663780390101 ], [ -90.447317830176758, 16.154105419968932 ], [ -90.450250119767929, 16.149950799914265 ], [ -90.448514860024474, 16.143797750020358 ], [ -90.430480620158207, 16.140428320091541 ], [ -90.427881139511058, 16.137121380327581 ], [ -90.429765800141382, 16.117768859823887 ], [ -90.435963399890284, 16.117234019725071 ], [ -90.451445909691103, 16.124504020053113 ], [ -90.456611570217774, 16.112148720253099 ], [ -90.453669570105717, 16.092259140444892 ], [ -90.446361630266182, 16.093352659744767 ], [ -90.433772539990301, 16.105143349592893 ], [ -90.425038399598037, 16.103667019854136 ], [ -90.425607249663955, 16.096246689818873 ], [ -90.435163179854229, 16.095992540205756 ], [ -90.445153800327347, 16.083022149871677 ], [ -90.440840889633776, 16.074194890303563 ], [ -90.791485400083985, 16.074199679635417 ], [ -90.788671289739369, 16.144575030368443 ], [ -90.77139025999098, 16.16185838008802 ], [ -90.761107250001473, 16.151859140181571 ], [ -90.747474940172836, 16.158708349788256 ], [ -90.75367460034802, 16.167187309742815 ], [ -90.714379939974705, 16.177656430077356 ], [ -90.715625709870935, 16.170345219740216 ], [ -90.702011119584924, 16.172414849963005 ], [ -90.71132654026016, 16.121240550140154 ], [ -90.665171349973406, 16.120689370448041 ], [ -90.666696350375645, 16.154158139790319 ], [ -90.651752850180969, 16.146016779581732 ], [ -90.634522230170262, 16.14168133996689 ], [ -90.612943710294331, 16.141562170001713 ], [ -90.612418800462734, 16.120580479819886 ], [ -90.577452969743305, 16.11998248987241 ], [ -90.591371310357516, 16.183505879838567 ], [ -90.610969510343935, 16.183390140069452 ], [ -90.612277399667704, 16.171300770004759 ], [ -90.624964170330003, 16.172190369580655 ], [ -90.62342965987591, 16.242879819629636 ], [ -90.556718800254544, 16.254107860381183 ], [ -90.565690740379566, 16.261746140388187 ], [ -90.558921259734731, 16.302753599619429 ], [ -90.584159850169357, 16.301550049565613 ], [ -90.583355460320831, 16.306451200397582 ], [ -90.595413819904124, 16.3162939398653 ], [ -90.609281750090275, 16.307759720337653 ], [ -90.604974849881202, 16.347444480352628 ], [ -90.628612920337062, 16.350698580193939 ], [ -90.614151079804586, 16.363826779738304 ], [ -90.662861479936353, 16.371090540366229 ], [ -90.644551769978307, 16.390914720284222 ], [ -90.640552430455315, 16.441823169764302 ], [ -90.7072968498573, 16.432701710384531 ], [ -90.712518650372104, 16.444377230160885 ], [ -90.698900249609181, 16.446456939893217 ], [ -90.694241749831491, 16.458111169553487 ], [ -90.68112811018031, 16.455257460131882 ], [ -90.675799909557526, 16.460653019961928 ], [ -90.680709030001097, 16.46723288958135 ], [ -90.697412649625875, 16.468130220073096 ], [ -90.698793289704184, 16.484483750072933 ], [ -90.706741619760166, 16.491220320250061 ], [ -90.699992549635098, 16.49568805029411 ], [ -90.680986634117346, 16.487583650803415 ], [ -90.676798893607355, 16.490775171143085 ], [ -90.685214453798864, 16.52769551120242 ], [ -90.697525783253511, 16.540722551237604 ], [ -90.69018309369504, 16.548157651037204 ], [ -90.694682633248604, 16.556634221192606 ], [ -90.694367513734647, 16.563507490760241 ], [ -90.704397653483241, 16.572840061543793 ], [ -90.693578353836301, 16.583570281206761 ], [ -90.695447383388029, 16.601029911309688 ], [ -90.691604723211668, 16.604541001197269 ] ] ] } },
{ "type": "Feature", "properties": { "code": "07069", "stateCode": "07", "municipalityCode": "069", "name": "Pijijiapan" }, "geometry": { "type": "Polygon", "coordinates": [ [ [ -93.354666289938777, 15.896193569717466 ], [ -93.355556910407088, 15.865737079819926 ], [ -93.351157449517245, 15.854862310306508 ], [ -93.343660849651869, 15.858369680004264 ], [ -93.31921711981478, 15.845580399612569 ], [ -93.306740320117015, 15.845758629675359 ], [ -93.301799220438411, 15.840251910126668 ], [ -93.289289399714079, 15.840865220258888 ], [ -93.282478479896071, 15.835849950031896 ], [ -93.274529379569572, 15.844607120397884 ], [ -93.256337720232906, 15.832971050319721 ], [ -93.246274480216684, 15.847547449729905 ], [ -93.238035599683897, 15.844356689733178 ], [ -93.232050349581499, 15.855675619641602 ], [ -93.224988249979063, 15.857861849794425 ], [ -93.206017030189983, 15.854915249844696 ], [ -93.206045630355689, 15.85127868961631 ], [ -93.184258830410684, 15.855239779919595 ], [ -93.140373749937638, 15.878741520228074 ], [ -93.123806570349416, 15.850654400398522 ], [ -93.09431336982496, 15.826629180088711 ], [ -93.093173750134895, 15.818726079775445 ], [ -93.097753679838448, 15.80878754999878 ], [ -93.095986279740615, 15.80204442007358 ], [ -93.084377920454159, 15.787890050147075 ], [ -93.092688279727483, 15.7826075399717 ], [ -93.089974119892489, 15.776553709963983 ], [ -93.10177844961747, 15.768278720067547 ], [ -93.108171080352932, 15.755733830161571 ], [ -93.061747850081147, 15.759995919770272 ], [ -93.058683970201528, 15.733669800462199 ], [ -93.043777379865261, 15.736016230261582 ], [ -93.044618660220692, 15.724234830372051 ], [ -93.022446249590772, 15.729636570000046 ], [ -93.02297106001464, 15.727504600107565 ], [ -92.995159280205243, 15.723171459842105 ], [ -92.989882919837981, 15.704687149963124 ], [ -92.98088780000181, 15.69923844976439 ], [ -92.986427089922586, 15.692910829939208 ], [ -92.963433139870716, 15.674484489808894 ], [ -92.947260170191967, 15.679527349875379 ], [ -92.938853550298248, 15.676563679936615 ], [ -92.930500909849471, 15.684205229643029 ], [ -92.927247749586599, 15.68281129039581 ], [ -92.918290940074542, 15.688023889790115 ], [ -92.914369599556423, 15.695019259740471 ], [ -92.90633173972428, 15.69283210995834 ], [ -92.898789079811138, 15.698175659850117 ], [ -92.895896890380712, 15.696141020058555 ], [ -92.895627550479162, 15.679609569598179 ], [ -92.870896570223096, 15.668231110037018 ], [ -92.866486510213235, 15.655200019816345 ], [ -92.841388080351479, 15.632383919604436 ], [ -92.869734219575051, 15.643761179642333 ], [ -92.874006369956533, 15.637185739625894 ], [ -92.928473429659718, 15.638353480289664 ], [ -92.926196340085809, 15.625470120105241 ], [ -92.927971350049916, 15.609570019964725 ], [ -92.919061509910136, 15.594785629662084 ], [ -92.919498580265255, 15.579796830448277 ], [ -92.930053340190724, 15.58576884969032 ], [ -92.930352349910365, 15.591485569938982 ], [ -92.921857350053401, 15.591540970380521 ], [ -92.956639890071997, 15.605197430288873 ], [ -92.95662200019801, 15.613632260109416 ], [ -92.971628200086911, 15.605767140240017 ], [ -92.965083939813695, 15.588890819750226 ], [ -92.968439619828871, 15.510631110326848 ], [ -92.992392290362233, 15.498831779856269 ], [ -93.009352549826602, 15.486489800392881 ], [ -93.065243400006679, 15.514272090337595 ], [ -93.109380850313201, 15.486152780274603 ], [ -93.11208531966318, 15.480307030372909 ], [ -93.107591739919712, 15.475827549799501 ], [ -93.109202800160148, 15.473122280029154 ], [ -93.100738539865034, 15.468648290103742 ], [ -93.098120749612633, 15.461994279771451 ], [ -93.087628829829185, 15.455977379683391 ], [ -93.06108077023616, 15.45026191986538 ], [ -93.082095509569385, 15.437604349994819 ], [ -93.077205480330122, 15.432580279966247 ], [ -93.087509449941891, 15.423184460331413 ], [ -93.093831950136249, 15.429686450370184 ], [ -93.123697629901983, 15.409133479559173 ], [ -93.316713659846585, 15.578205259846877 ], [ -93.514402687275378, 15.734311441937987 ], [ -93.511653030177357, 15.738460950297837 ], [ -93.505686120138606, 15.735894599957545 ], [ -93.487061620193927, 15.746469939560372 ], [ -93.49757235019888, 15.750868750271616 ], [ -93.477319249794448, 15.770157950348437 ], [ -93.466983630218579, 15.75845632019616 ], [ -93.462276969752892, 15.758843429743322 ], [ -93.460466369853705, 15.753313259951698 ], [ -93.428389449918271, 15.812234859808166 ], [ -93.416144780475577, 15.84104010970124 ], [ -93.403393220394761, 15.842680940093947 ], [ -93.395703379741974, 15.855648569640827 ], [ -93.366646980376302, 15.880770879851895 ], [ -93.361798310077774, 15.897487029782354 ], [ -93.354666289938777, 15.896193569717466 ] ] ] } },
{ "type": "Feature", "properties": { "code": "07081", "stateCode": "07", "municipalityCode": "081", "name": "Simojovel" }, "geometry": { "type": "Polygon", "coordinates": [ [ [ -92.792995580430656, 17.225925920220668 ], [ -92.789739079847763, 17.221260459873491 ], [ -92.78337125009223, 17.224623970362888 ], [ -92.734698850117127, 17.194921019925971 ], [ -92.736193679982293, 17.193109629889005 ], [ -92.726822620080142, 17.185548649873702 ], [ -92.728391220447207, 17.167810580231428 ], [ -92.725697690081518, 17.165598739971294 ], [ -92.702020150272915, 17.155500250363627 ], [ -92.681158369653872, 17.160343289940133 ], [ -92.664315369991883, 17.15070570989732 ], [ -92.664899779865763, 17.147053279609587 ], [ -92.648869850286147, 17.139308890214195 ], [ -92.643388620487983, 17.133047579710844 ], [ -92.637311229907297, 17.137067570441353 ], [ -92.641123739988203, 17.140871820400505 ], [ -92.636516769736986, 17.149154089801563 ], [ -92.628538570305835, 17.155398770165167 ], [ -92.62229705007401, 17.151932120398829 ], [ -92.59990554039976, 17.174165380227283 ], [ -92.5898102302247, 17.204304420441616 ], [ -92.530628170343888, 17.19320811983976 ], [ -92.484816800208918, 17.178650630257973 ], [ -92.473944719921803, 17.168561749994083 ], [ -92.440252940149506, 17.165650310359631 ], [ -92.434588019644536, 17.162504450100627 ], [ -92.445356820341374, 17.133221280009803 ], [ -92.48671531994566, 17.132527490392583 ], [ -92.492282059519624, 17.127874020363329 ], [ -92.497421429828677, 17.128046889753101 ], [ -92.491775139973484, 17.117123119815286 ], [ -92.494052279645558, 17.107328310163247 ], [ -92.498147689721677, 17.103527199684063 ], [ -92.500901509564741, 17.090544509846577 ], [ -92.509942549960741, 17.088541649739067 ], [ -92.508293449880256, 17.073696509598484 ], [ -92.511293520027095, 17.070208679866784 ], [ -92.517274029580889, 17.069094289724042 ], [ -92.530819449914389, 17.080458279947134 ], [ -92.52588590981324, 17.084514170113867 ], [ -92.532635569851635, 17.092985080027265 ], [ -92.528612829735664, 17.098991199793772 ], [ -92.530373770218731, 17.101994279607069 ], [ -92.526713539530206, 17.103930800177753 ], [ -92.523220170016302, 17.101847429810057 ], [ -92.519805880211578, 17.105624180143447 ], [ -92.521557370193648, 17.1316230598344 ], [ -92.5341228495232, 17.132728580139943 ], [ -92.540415280021861, 17.115463340149461 ], [ -92.54400681962737, 17.115010940068768 ], [ -92.541999080266748, 17.111744049764084 ], [ -92.544237550071742, 17.107416250453639 ], [ -92.553717629683433, 17.106546890014904 ], [ -92.547248719940995, 17.110876550194774 ], [ -92.564822939560287, 17.115969549683012 ], [ -92.564017219952021, 17.109906550039319 ], [ -92.557243600111903, 17.107758630411631 ], [ -92.557703910391567, 17.104464419658342 ], [ -92.562590619663325, 17.107564340284558 ], [ -92.565310109768774, 17.105032909704871 ], [ -92.56133217997629, 17.098431079978354 ], [ -92.579022510437753, 17.105617939629013 ], [ -92.579328739558122, 17.115593170267591 ], [ -92.613138939826783, 17.080225819864204 ], [ -92.623906289927532, 17.074759310294333 ], [ -92.663171630375231, 17.067938420447987 ], [ -92.667011289983321, 17.081890580077381 ], [ -92.678588149944318, 17.09530788984841 ], [ -92.701819149873259, 17.085281480020424 ], [ -92.722651290118776, 17.083592769966696 ], [ -92.731579170064634, 17.092006659932075 ], [ -92.736052000142053, 17.090477059706171 ], [ -92.744785649680068, 17.094736020329915 ], [ -92.750069339956497, 17.08861882016604 ], [ -92.756820549638292, 17.096194350047579 ], [ -92.75979382986489, 17.09230082996045 ], [ -92.757391548593361, 17.110074891145977 ], [ -92.7618768794202, 17.115099979734225 ], [ -92.776412599842104, 17.117777459901468 ], [ -92.757686279719834, 17.126442819598491 ], [ -92.759016119973168, 17.129518969644735 ], [ -92.771309749693472, 17.129092740060919 ], [ -92.788708460202585, 17.135520259676557 ], [ -92.777326059588319, 17.155636889992874 ], [ -92.786661619758576, 17.149124629770693 ], [ -92.792947350297155, 17.159214660194706 ], [ -92.791237199894113, 17.171937880353212 ], [ -92.776883059885819, 17.17245923041148 ], [ -92.768555680442276, 17.177681019801426 ], [ -92.775542169858809, 17.182319450325501 ], [ -92.781007750167319, 17.181408939756004 ], [ -92.777315879570338, 17.190534999626138 ], [ -92.782649569736421, 17.214603459775105 ], [ -92.797512139868189, 17.218234179541156 ], [ -92.797077219628051, 17.220731060392545 ], [ -92.793944349820137, 17.219877020025027 ], [ -92.792995580430656, 17.225925920220668 ] ] ] } },
{ "type": "Feature", "properties": { "code": "07080", "stateCode": "07", "municipalityCode": "080", "name": "Siltepec" }, "geometry": { "type": "Polygon", "coordinates": [ [ [ -92.402063349800741, 15.692339030321964 ], [ -92.359355060346459, 15.674292169820852 ], [ -92.356155570125125, 15.665552579987144 ], [ -92.330857850141967, 15.666442769931033 ], [ -92.328966020187011, 15.675705080267203 ], [ -92.313887450262669, 15.636006570212677 ], [ -92.317258460433635, 15.60249088036533 ], [ -92.322029109804845, 15.588889450410663 ], [ -92.3047132199016, 15.563190679615987 ], [ -92.27571613987601, 15.549062180068573 ], [ -92.250672779968042, 15.559272379699753 ], [ -92.240672579819289, 15.53712763028391 ], [ -92.239942449964659, 15.523338709712426 ], [ -92.234057289746175, 15.509423480285415 ], [ -92.235776519700678, 15.490962489872887 ], [ -92.248144970069433, 15.46851722986597 ], [ -92.265162179870728, 15.458299310377459 ], [ -92.275157649735718, 15.466935289836382 ], [ -92.306465980153092, 15.462667829748872 ], [ -92.315868580120465, 15.449049339846223 ], [ -92.316040519621097, 15.441549579627049 ], [ -92.322224820231767, 15.44478622028738 ], [ -92.341292970286347, 15.426449510442904 ], [ -92.387295230205396, 15.446249450150617 ], [ -92.402936350208535, 15.438559029697098 ], [ -92.42537203033703, 15.4394457103493 ], [ -92.430801599531435, 15.423069140103179 ], [ -92.484647459718275, 15.438798201087716 ], [ -92.486959800357482, 15.459366630876902 ], [ -92.495675369242448, 15.458696999650396 ], [ -92.503804267326245, 15.471146558473876 ], [ -92.473720756687925, 15.489729994950556 ], [ -92.45615806805047, 15.489687518387319 ], [ -92.460656528708867, 15.50519846503737 ], [ -92.418094557690623, 15.50612865015785 ], [ -92.416823085995077, 15.509809341353201 ], [ -92.393992724837872, 15.511877761038198 ], [ -92.380321483934878, 15.502283496722542 ], [ -92.365727321706487, 15.516453523224918 ], [ -92.364685127887796, 15.526991597741034 ], [ -92.371979611339228, 15.531332581916324 ], [ -92.363625886610919, 15.541444646985429 ], [ -92.377093141614822, 15.542474615516255 ], [ -92.382862749375903, 15.546020870033793 ], [ -92.407761290321915, 15.591424777147765 ], [ -92.409528799610257, 15.598617291416355 ], [ -92.399507813781156, 15.59857242912684 ], [ -92.421865540902175, 15.627838961845839 ], [ -92.417312404105431, 15.637313918974453 ], [ -92.406501462591635, 15.644314495046496 ], [ -92.41025640000386, 15.646951427298561 ], [ -92.405787418569744, 15.648974048877049 ], [ -92.408608339902699, 15.649253274470443 ], [ -92.409579808131937, 15.650083000286884 ], [ -92.40736514612594, 15.650944672775532 ], [ -92.408618696734507, 15.657923544077887 ], [ -92.400671819952933, 15.66189982731253 ], [ -92.390059922548375, 15.66094211171219 ], [ -92.384924151864809, 15.672072234468406 ], [ -92.392404244615662, 15.67561474166143 ], [ -92.402701305806474, 15.675254986009165 ], [ -92.429413476333252, 15.65863436328172 ], [ -92.417806820144634, 15.670664910282968 ], [ -92.417141139765832, 15.683275479976288 ], [ -92.402063349800741, 15.692339030321964 ] ] ] } },
{ "type": "Feature", "properties": { "code": "07065", "stateCode": "07", "municipalityCode": "065", "name": "Palenque" }, "geometry": { "type": "Polygon", "coordinates": [ [ [ -91.901040829678593, 17.839262400134452 ], [ -91.879338740149151, 17.826383279568173 ], [ -91.848433109574628, 17.825531660075818 ], [ -91.841888909900902, 17.816263940356773 ], [ -91.829167370296673, 17.812477910082745 ], [ -91.823572280426802, 17.796198230447658 ], [ -91.788195030430131, 17.807437059918399 ], [ -91.782221000227054, 17.791952259907866 ], [ -91.783799060446711, 17.774108080230882 ], [ -91.788594350319755, 17.756515479660667 ], [ -91.791158889688958, 17.756539029549231 ], [ -91.790161739968752, 17.74601811018827 ], [ -91.798368660164599, 17.744183479642381 ], [ -91.810325029648681, 17.751323340004515 ], [ -91.82911293955199, 17.738911540291056 ], [ -91.821207510431861, 17.731785999729677 ], [ -91.836432169885427, 17.717818661155182 ], [ -91.827456970326267, 17.708515230460446 ], [ -91.83874486034756, 17.704560579638368 ], [ -91.853181179909242, 17.691702830774496 ], [ -91.871641179992722, 17.683407490673016 ], [ -91.857737939693649, 17.645988200330521 ], [ -91.861715750004407, 17.643646750216629 ], [ -91.861155179539438, 17.637762740562515 ], [ -91.856150709708771, 17.639761890778647 ], [ -91.854953819672929, 17.635152459800938 ], [ -91.855192399568779, 17.62330751057474 ], [ -91.860106919809581, 17.623026340396368 ], [ -91.859838570037027, 17.590011970589149 ], [ -91.855825979767189, 17.589040260811274 ], [ -91.854653310126821, 17.572158000117501 ], [ -91.848229109988026, 17.572173659958526 ], [ -91.852657509551634, 17.55981176977312 ], [ -91.870743250297252, 17.550291781039185 ], [ -91.848684949524454, 17.545019480422116 ], [ -91.828946550376273, 17.533172150666346 ], [ -91.824980969931246, 17.532462150776187 ], [ -91.823139630140957, 17.539457020433701 ], [ -91.815593550135034, 17.53938875012658 ], [ -91.815334420082834, 17.533083740429699 ], [ -91.786455170264205, 17.529573139579281 ], [ -91.759886249480914, 17.532251090791885 ], [ -91.732897630436895, 17.521865600071411 ], [ -91.725105220102975, 17.513346490923119 ], [ -91.725530600443591, 17.506415820014034 ], [ -91.716960519987154, 17.497204601093912 ], [ -91.681642580459325, 17.483078919866525 ], [ -91.68213132015272, 17.469493539574927 ], [ -91.689892579664928, 17.475063379598353 ], [ -91.692093200389905, 17.467021949659692 ], [ -91.699797249846966, 17.46711104987628 ], [ -91.665205599805532, 17.461660229845307 ], [ -91.672043139561097, 17.444058819789628 ], [ -91.643326430351607, 17.430987980220749 ], [ -91.637337350128917, 17.429957179691968 ], [ -91.634887339849044, 17.436494919710363 ], [ -91.630740980452444, 17.435587539642011 ], [ -91.620207680281027, 17.431700450106909 ], [ -91.617485939566876, 17.426242490269189 ], [ -91.608948169564627, 17.425499829859934 ], [ -91.606898180101638, 17.416891379979432 ], [ -91.558793540232344, 17.400529579639933 ], [ -91.557856690253871, 17.422244150067698 ], [ -91.537244219787979, 17.419736169709832 ], [ -91.536847139510428, 17.407362680259777 ], [ -91.509935539814052, 17.39220271038602 ], [ -91.505004770286305, 17.399482450082552 ], [ -91.456495629851077, 17.375721540423509 ], [ -91.452715889731891, 17.375823170201706 ], [ -91.447176449877873, 17.382899370187509 ], [ -91.439298460389338, 17.384287370257876 ], [ -91.419832619841102, 17.374070680437935 ], [ -91.414375890269568, 17.359185509690374 ], [ -91.416775349710946, 17.345627120274564 ], [ -91.39699742030129, 17.337945060402124 ], [ -91.385044619545141, 17.32025222997418 ], [ -91.383514229697084, 17.312830549538962 ], [ -91.389549180340794, 17.299516450002134 ], [ -91.412592510271338, 17.307549000011353 ], [ -91.425529350276904, 17.301844120307067 ], [ -91.427496350347056, 17.276583619591982 ], [ -91.439758860431894, 17.250000049897181 ], [ -91.427424350043097, 17.216594829565341 ], [ -91.411222179975326, 17.206194489999742 ], [ -91.375529399815633, 17.204554829630563 ], [ -91.354747660085522, 17.190771140390332 ], [ -91.34695355033999, 17.176804430192547 ], [ -91.350307000408321, 17.16370320000798 ], [ -91.347867180464476, 17.159428709734694 ], [ -91.33971122032743, 17.158542149996833 ], [ -91.335570570125483, 17.161244169965393 ], [ -91.331238150327721, 17.176792659986642 ], [ -91.321045719902955, 17.183069180400011 ], [ -91.308983090309752, 17.179399859744308 ], [ -91.278455169650201, 17.179487050379198 ], [ -91.263991520231528, 17.167085520323848 ], [ -91.263772279784433, 17.156866290182172 ], [ -91.273067820139332, 17.137734480040848 ], [ -91.270215919913809, 17.114604289699855 ], [ -91.260409709621712, 17.102972140418387 ], [ -91.301754289968088, 17.067010309861626 ], [ -91.299384339993253, 17.077460419686147 ], [ -91.308863320163667, 17.087407949756329 ], [ -91.301720319858077, 17.089204460341769 ], [ -91.299983020229391, 17.094722740024686 ], [ -91.302345620256943, 17.100090480444845 ], [ -91.297764569944448, 17.098296710111452 ], [ -91.288811509898849, 17.10855093968976 ], [ -91.282251629725181, 17.106309350330946 ], [ -91.278778000435565, 17.108913850300262 ], [ -91.278450619561099, 17.114990679983961 ], [ -91.302234169605555, 17.122138769810572 ], [ -91.304859049692297, 17.112314339648549 ], [ -91.314935149526946, 17.107943060364587 ], [ -91.323332219771743, 17.108867429990575 ], [ -91.321282339999698, 17.12590118002996 ], [ -91.353817250203832, 17.13069932021077 ], [ -91.360930769734338, 17.09594885998316 ], [ -91.374775260304304, 17.105173199840419 ], [ -91.385940430141432, 17.074845550457727 ], [ -91.403507710472951, 17.083349709675041 ], [ -91.406280579854496, 17.10243362020767 ], [ -91.415018920030164, 17.114840310157025 ], [ -91.412357579798751, 17.126736739573971 ], [ -91.422722780309584, 17.126621260027818 ], [ -91.422632829797308, 17.129899979912967 ], [ -91.440442510370488, 17.146607720219322 ], [ -91.444590489958543, 17.136360770359005 ], [ -91.459372080224426, 17.141688510187343 ], [ -91.470860310150286, 17.162165780390517 ], [ -91.467658969840173, 17.165372680273414 ], [ -91.47876104982825, 17.174581420067287 ], [ -91.48546945026159, 17.168626690042391 ], [ -91.47762384956394, 17.163977800326453 ], [ -91.499513340026269, 17.131182769960045 ], [ -91.443988919834325, 17.104039379813589 ], [ -91.455467369975096, 17.082887969683767 ], [ -91.470740979836336, 17.095514179759036 ], [ -91.473674170178029, 17.092274550382538 ], [ -91.493790580258562, 17.104767230029843 ], [ -91.490515999763005, 17.109799000163417 ], [ -91.496068649591265, 17.114540420406588 ], [ -91.512375059594206, 17.120701880413264 ], [ -91.518678170337196, 17.115712780430254 ], [ -91.523916449699371, 17.125659400018236 ], [ -91.540924379613188, 17.111471259521821 ], [ -91.56184392017154, 17.133242999804128 ], [ -91.551568779803915, 17.165797770353183 ], [ -91.524517059679084, 17.191394450374929 ], [ -91.52968694999106, 17.198322430296102 ], [ -91.52609588031747, 17.210919920166123 ], [ -91.557452539788983, 17.213194280011795 ], [ -91.556857910182984, 17.222382450079131 ], [ -91.58608726012406, 17.224913629761815 ], [ -91.58397624956234, 17.23263480000821 ], [ -91.601099890006694, 17.224813819759838 ], [ -91.626500030220853, 17.220961850421695 ], [ -91.632427599607794, 17.206070489523107 ], [ -91.648462710040988, 17.216043620104173 ], [ -91.655163030418962, 17.211865399839741 ], [ -91.652375779759183, 17.219887290247854 ], [ -91.667888619672397, 17.229133649696799 ], [ -91.678531770307245, 17.239844149762369 ], [ -91.686986710112151, 17.238387599965563 ], [ -91.695835649907721, 17.226980549998057 ], [ -91.708419280293299, 17.222693820265999 ], [ -91.705895689557096, 17.215460539910424 ], [ -91.72085326006156, 17.211228169960709 ], [ -91.723681939321295, 17.214413370450519 ], [ -91.717614149139052, 17.221904350407598 ], [ -91.737593078733852, 17.238022520827212 ], [ -91.743125938739396, 17.248347881228852 ], [ -91.91068880004056, 17.248855119757916 ], [ -91.908000179682716, 17.253590119540508 ], [ -91.944081489704317, 17.262899910397312 ], [ -91.946879049544563, 17.247176060087192 ], [ -91.965673150128382, 17.239537660034401 ], [ -91.965828799678889, 17.235450980162266 ], [ -91.973912920465651, 17.238626949663406 ], [ -91.982960680214873, 17.233497859915023 ], [ -91.98273171970871, 17.22975908989385 ], [ -91.992710140289063, 17.237093490471555 ], [ -92.00439538001973, 17.236806059577244 ], [ -92.002808829897191, 17.2476571697099 ], [ -91.992639800276748, 17.256127690260907 ], [ -91.989313350424084, 17.250896110320216 ], [ -91.983699920193189, 17.251504050383396 ], [ -91.985295349926361, 17.256022600251452 ], [ -91.948730149854313, 17.25737682976035 ], [ -91.951031709722812, 17.300956479545849 ], [ -91.932700230041192, 17.296779829602354 ], [ -91.9242430499405, 17.32059774039968 ], [ -91.962939020031271, 17.327643829918681 ], [ -91.958200890394352, 17.346452680136235 ], [ -91.965093339737294, 17.34696825963151 ], [ -91.925379890322461, 17.382427650166601 ], [ -91.924799179932421, 17.38851349031312 ], [ -91.930411339903287, 17.387351019862784 ], [ -91.93880396973988, 17.392260940084345 ], [ -91.949605919981522, 17.380698460142167 ], [ -91.960952430040237, 17.393320519773777 ], [ -91.955607829703453, 17.397955679645669 ], [ -91.941690490164916, 17.400550570171841 ], [ -91.943985400338974, 17.403366889640825 ], [ -91.936711150138834, 17.411359550204462 ], [ -91.934543979585797, 17.430992999810275 ], [ -91.947793829585365, 17.429610979855379 ], [ -91.946519800364484, 17.443372379739078 ], [ -91.957036349616885, 17.444419659537338 ], [ -91.955907970223052, 17.454986079612805 ], [ -91.970514399962283, 17.456492090418806 ], [ -91.975520659577526, 17.446639690195436 ], [ -91.99983311987593, 17.434561280234558 ], [ -92.00141073958514, 17.438238940178703 ], [ -92.013730350212143, 17.423397950270129 ], [ -92.019947549779644, 17.428902059801146 ], [ -92.02995345959728, 17.430252849609975 ], [ -92.042445490395224, 17.428614660091483 ], [ -92.048353550025126, 17.423374850303912 ], [ -92.06139262024044, 17.423242799767038 ], [ -92.061088309680642, 17.430289090045896 ], [ -92.147917350035527, 17.499739050325598 ], [ -92.148719620116523, 17.502196619765812 ], [ -92.120362970096224, 17.529255950445805 ], [ -92.136201509604263, 17.541324719725168 ], [ -92.137453580183532, 17.536430540198708 ], [ -92.152515420308362, 17.550689480364934 ], [ -92.161166999798652, 17.542559580018494 ], [ -92.151033920398675, 17.53908527977363 ], [ -92.152144859897248, 17.536205510399444 ], [ -92.162385769959386, 17.536073450028049 ], [ -92.165386580012097, 17.531697520006929 ], [ -92.180197579567135, 17.541899220148458 ], [ -92.19824437007675, 17.562371630220497 ], [ -92.202097970128889, 17.559215219626164 ], [ -92.208058350087612, 17.566197150013078 ], [ -92.21846903015188, 17.5668402198888 ], [ -92.216068600014921, 17.583748220307225 ], [ -92.242905720010583, 17.589997619994371 ], [ -92.237192550436887, 17.597156290432356 ], [ -92.228220620197831, 17.594560820302124 ], [ -92.222463939720924, 17.601738419572982 ], [ -92.23150972033487, 17.604180120180118 ], [ -92.228470800204022, 17.607911030436878 ], [ -92.24028667989343, 17.613588740112174 ], [ -92.238063450124173, 17.61719302008208 ], [ -92.242651340375247, 17.620218419834934 ], [ -92.241537370251592, 17.626637199615491 ], [ -92.249972169652693, 17.630714400109124 ], [ -92.246619049872962, 17.636781820185185 ], [ -92.306912629949068, 17.664579109651491 ], [ -92.30617547961343, 17.65120302973898 ], [ -92.313669720322011, 17.65056554013 ], [ -92.313016820295317, 17.659499709941898 ], [ -92.317998920397386, 17.659897970361317 ], [ -92.320987719592893, 17.644516459827759 ], [ -92.330070720270584, 17.645017149915933 ], [ -92.329952230068812, 17.650895249846155 ], [ -92.349202089879597, 17.656391549544885 ], [ -92.349897030102767, 17.702784719852776 ], [ -92.340129219820369, 17.703757980056896 ], [ -92.337347260153507, 17.71208963014643 ], [ -92.329559309724701, 17.710712859614866 ], [ -92.328089970140908, 17.713730029878437 ], [ -92.315278119765921, 17.709671059535985 ], [ -92.31331591959308, 17.704511819835322 ], [ -92.308671539604433, 17.706284779597169 ], [ -92.29480095015866, 17.69992941980377 ], [ -92.288681540061503, 17.702667339982 ], [ -92.27462289028928, 17.692258050100971 ], [ -92.226059830125891, 17.748778260090166 ], [ -92.19449939974217, 17.776641179591181 ], [ -92.188487150389278, 17.768134630338647 ], [ -92.171950180206878, 17.786567850389943 ], [ -92.152454019783306, 17.77906556961555 ], [ -92.150777719770844, 17.750781259788244 ], [ -92.171747260294993, 17.757522449730349 ], [ -92.175003850147462, 17.755590260041135 ], [ -92.174447089770666, 17.758091449881086 ], [ -92.186359229579736, 17.763198739736666 ], [ -92.183311540136856, 17.757989490041989 ], [ -92.185557139743381, 17.744408309909641 ], [ -92.183322079826354, 17.732327540126782 ], [ -92.174136419978055, 17.729259320332226 ], [ -92.17394588973616, 17.732558980314771 ], [ -92.151312060004599, 17.723822939576241 ], [ -92.146550660206913, 17.718822429798653 ], [ -92.141150459572586, 17.71975274973515 ], [ -92.13184028955888, 17.741950219904972 ], [ -92.113607980428938, 17.74121888034864 ], [ -92.122138079710027, 17.721397259717637 ], [ -92.112716090211038, 17.723099310151841 ], [ -92.112989740274841, 17.709352510157608 ], [ -92.131982489742498, 17.709696430201099 ], [ -92.132085710443519, 17.698156680243194 ], [ -92.09174848981263, 17.697025629867412 ], [ -92.093912859885975, 17.686576260221194 ], [ -92.076616489595153, 17.686692079631221 ], [ -92.078639060209554, 17.679398139838202 ], [ -92.068265950410719, 17.67656807971284 ], [ -92.07198625020655, 17.67245632005023 ], [ -92.068431680154546, 17.660332369646621 ], [ -92.07938448018102, 17.645113570207531 ], [ -92.081308029551664, 17.63495922991396 ], [ -92.078894909571744, 17.623346750148691 ], [ -92.084750830051618, 17.61903414026861 ], [ -92.086058430326815, 17.614005979801867 ], [ -92.071654919928193, 17.613365579874543 ], [ -92.062282850152982, 17.60163426034725 ], [ -92.059951939759372, 17.603313919567206 ], [ -92.040950230339618, 17.595729539817526 ], [ -92.041077049636797, 17.592800140115859 ], [ -92.017231739546276, 17.612470510170862 ], [ -92.018425970041989, 17.630792169883069 ], [ -92.028621740368337, 17.630758289598695 ], [ -92.028825919720759, 17.638835060338682 ], [ -92.022349679704078, 17.638924819589629 ], [ -92.022445649950555, 17.65105811964148 ], [ -92.026597800331956, 17.65563638045105 ], [ -92.011958480169596, 17.668261429798832 ], [ -92.004170350070012, 17.658406829877062 ], [ -92.000058169977436, 17.661080090173797 ], [ -91.977012430365818, 17.636227510093143 ], [ -91.973185820384003, 17.643302220150058 ], [ -91.959168350392019, 17.651641139887822 ], [ -91.961460399932619, 17.654078890436683 ], [ -91.94067124992759, 17.671862170309407 ], [ -91.958694650264633, 17.69818138017148 ], [ -91.951398340227584, 17.702316890453893 ], [ -91.952369910191834, 17.734825139724265 ], [ -91.937878139776473, 17.722669260166999 ], [ -91.930998120331736, 17.72307642987861 ], [ -91.930314750379253, 17.726121259929588 ], [ -91.934095890234573, 17.74268552033039 ], [ -91.942360349862497, 17.747366000093667 ], [ -91.933557200052334, 17.750781820254673 ], [ -91.937486599994131, 17.759680029895442 ], [ -91.944178940261509, 17.757542290343846 ], [ -91.94053192024208, 17.766253379603608 ], [ -91.945746520021885, 17.768540140124067 ], [ -91.938286079852119, 17.770067909841988 ], [ -91.928900660329731, 17.766929090189663 ], [ -91.92384037998012, 17.770049690445667 ], [ -91.932032459757139, 17.780020779586344 ], [ -91.923603800107045, 17.787610150006575 ], [ -91.937741939713277, 17.805307279605405 ], [ -91.932084400063744, 17.813092319937077 ], [ -91.920848660216308, 17.813005370153043 ], [ -91.910141400002814, 17.817918649609524 ], [ -91.912091879898398, 17.821553280003432 ], [ -91.921119940431751, 17.821962079824601 ], [ -91.921906600388013, 17.83211420019321 ], [ -91.901040829678593, 17.839262400134452 ] ] ] } },
{ "type": "Feature", "properties": { "code": "07077", "stateCode": "07", "municipalityCode": "077", "name": "Salto de Agua" }, "geometry": { "type": "Polygon", "coordinates": [ [ [ -92.306912629949068, 17.664579109651491 ], [ -92.246619049872962, 17.636781820185185 ], [ -92.249972169652693, 17.630714400109124 ], [ -92.241537370251592, 17.626637199615491 ], [ -92.242651340375247, 17.620218419834934 ], [ -92.238063450124173, 17.61719302008208 ], [ -92.24028667989343, 17.613588740112174 ], [ -92.228470800204022, 17.607911030436878 ], [ -92.23150972033487, 17.604180120180118 ], [ -92.222463939720924, 17.601738419572982 ], [ -92.228220620197831, 17.594560820302124 ], [ -92.237192550436887, 17.597156290432356 ], [ -92.242905720010583, 17.589997619994371 ], [ -92.216068600014921, 17.583748220307225 ], [ -92.21846903015188, 17.5668402198888 ], [ -92.208058350087612, 17.566197150013078 ], [ -92.202097970128889, 17.559215219626164 ], [ -92.19824437007675, 17.562371630220497 ], [ -92.180197579567135, 17.541899220148458 ], [ -92.165386580012097, 17.531697520006929 ], [ -92.162385769959386, 17.536073450028049 ], [ -92.152144859897248, 17.536205510399444 ], [ -92.151033920398675, 17.53908527977363 ], [ -92.161166999798652, 17.542559580018494 ], [ -92.152515420308362, 17.550689480364934 ], [ -92.137453580183532, 17.536430540198708 ], [ -92.136201509604263, 17.541324719725168 ], [ -92.120362970096224, 17.529255950445805 ], [ -92.148719620116523, 17.502196619765812 ], [ -92.147917350035527, 17.499739050325598 ], [ -92.061088309680642, 17.430289090045896 ], [ -92.06139262024044, 17.423242799767038 ], [ -92.048353550025126, 17.423374850303912 ], [ -92.042445490395224, 17.428614660091483 ], [ -92.02995345959728, 17.430252849609975 ], [ -92.019947549779644, 17.428902059801146 ], [ -92.013730350212143, 17.423397950270129 ], [ -92.00141073958514, 17.438238940178703 ], [ -91.99983311987593, 17.434561280234558 ], [ -91.975520659577526, 17.446639690195436 ], [ -91.970514399962283, 17.456492090418806 ], [ -91.955907970223052, 17.454986079612805 ], [ -91.957036349616885, 17.444419659537338 ], [ -91.946519800364484, 17.443372379739078 ], [ -91.947793829585365, 17.429610979855379 ], [ -91.934543979585797, 17.430992999810275 ], [ -91.936711150138834, 17.411359550204462 ], [ -91.943985400338974, 17.403366889640825 ], [ -91.941690490164916, 17.400550570171841 ], [ -91.955607829703453, 17.397955679645669 ], [ -91.960952430040237, 17.393320519773777 ], [ -91.949605919981522, 17.380698460142167 ], [ -91.93880396973988, 17.392260940084345 ], [ -91.930411339903287, 17.387351019862784 ], [ -91.924799179932421, 17.38851349031312 ], [ -91.927038110022835, 17.380568380384332 ], [ -91.965093339737294, 17.34696825963151 ], [ -91.958200890394352, 17.346452680136235 ], [ -91.962939020031271, 17.327643829918681 ], [ -91.9242430499405, 17.32059774039968 ], [ -91.932700230041192, 17.296779829602354 ], [ -91.951031709722812, 17.300956479545849 ], [ -91.948730149854313, 17.25737682976035 ], [ -91.985295349926361, 17.256022600251452 ], [ -91.983699920193189, 17.251504050383396 ], [ -91.989313350424084, 17.250896110320216 ], [ -91.992639800276748, 17.256127690260907 ], [ -92.002808829897191, 17.2476571697099 ], [ -92.00439538001973, 17.236806059577244 ], [ -91.992710140289063, 17.237093490471555 ], [ -91.98273171970871, 17.22975908989385 ], [ -91.982960680214873, 17.233497859915023 ], [ -91.973912920465651, 17.238626949663406 ], [ -91.965828799678889, 17.235450980162266 ], [ -91.965673150128382, 17.239537660034401 ], [ -91.946879049544563, 17.247176060087192 ], [ -91.944081489704317, 17.262899910397312 ], [ -91.933184349828323, 17.261028030386253 ], [ -91.908000179682716, 17.253590119540508 ], [ -91.916919369209339, 17.238674820758884 ], [ -91.913202599001067, 17.226268171197347 ], [ -91.894639678900816, 17.227359220754927 ], [ -91.888819199339878, 17.213579680610707 ], [ -91.961580718564875, 17.216327250423678 ], [ -91.964318108533277, 17.207128631093571 ], [ -91.972089659093541, 17.205843151142414 ], [ -91.995462779463793, 17.216438460572427 ], [ -91.996662459300708, 17.231221230743877 ], [ -92.013952258934793, 17.23397426044032 ], [ -92.032783557692909, 17.222796559962831 ], [ -92.058697745720494, 17.258125690911747 ], [ -92.074887713193462, 17.262833313824856 ], [ -92.116313350392687, 17.305435089966334 ], [ -92.139655320078788, 17.282641659645339 ], [ -92.14399654992998, 17.284989120107237 ], [ -92.162675569657779, 17.303688800237076 ], [ -92.164685770001, 17.32125458001001 ], [ -92.156145370022514, 17.328728689976714 ], [ -92.202737419555035, 17.348906859666194 ], [ -92.204774769556749, 17.343226719681027 ], [ -92.212516449737763, 17.353748800126709 ], [ -92.223247019631629, 17.359060910277258 ], [ -92.217632720158363, 17.368438279757591 ], [ -92.224453019955959, 17.369155910369866 ], [ -92.221130419650237, 17.372041680193934 ], [ -92.230653770093681, 17.381309259704473 ], [ -92.249659599879308, 17.362191030420899 ], [ -92.252782139940081, 17.365086280164576 ], [ -92.256133510223123, 17.361920619695589 ], [ -92.259288379964474, 17.365270419871798 ], [ -92.268448219936076, 17.358560179710217 ], [ -92.274984720418473, 17.365700150460071 ], [ -92.294438249784335, 17.366462109883607 ], [ -92.301417349617594, 17.359868369637873 ], [ -92.309791230033582, 17.368887949802964 ], [ -92.312044199835583, 17.366738520324859 ], [ -92.344053109855949, 17.399398149756937 ], [ -92.34751359984439, 17.395188399568614 ], [ -92.34394716969345, 17.391236399660745 ], [ -92.348540419907849, 17.389645489975543 ], [ -92.353368119673974, 17.393852449693672 ], [ -92.368065599959294, 17.389993719636735 ], [ -92.37388562989787, 17.391443980391234 ], [ -92.374253849851897, 17.396069080016872 ], [ -92.378007090373771, 17.395322819610929 ], [ -92.380344479508963, 17.406421950410312 ], [ -92.387757420129191, 17.404191909749304 ], [ -92.386386719936141, 17.398442979992151 ], [ -92.395885770372587, 17.396830309687804 ], [ -92.402662649687784, 17.424020600243953 ], [ -92.393199429835235, 17.427028549641872 ], [ -92.394224320304957, 17.431419779812117 ], [ -92.382770180220859, 17.433943580373771 ], [ -92.388127570042386, 17.456108650215448 ], [ -92.371248229852611, 17.459848879944879 ], [ -92.354453350180208, 17.448084259981357 ], [ -92.35029609021538, 17.441340539970447 ], [ -92.331356379646479, 17.458426850269923 ], [ -92.334057029602945, 17.470578599702183 ], [ -92.360312680186169, 17.485946370183907 ], [ -92.361180420000082, 17.489862999871828 ], [ -92.375944579863614, 17.48690041974924 ], [ -92.375405350262923, 17.493977219777538 ], [ -92.38245602033102, 17.501266320077267 ], [ -92.381930999691491, 17.50456204960831 ], [ -92.390769199636452, 17.505997580365118 ], [ -92.390047149787748, 17.523265229603407 ], [ -92.42209064987037, 17.507565019696926 ], [ -92.446586340299191, 17.514398490378184 ], [ -92.480845489699306, 17.518848859817762 ], [ -92.488921570334838, 17.524916279828169 ], [ -92.489000250207809, 17.531034019979611 ], [ -92.485497489985832, 17.531889119868485 ], [ -92.479452750060048, 17.57491468963331 ], [ -92.465653539700014, 17.576980120158876 ], [ -92.456224399882217, 17.573024279926742 ], [ -92.445049879809844, 17.57433220013192 ], [ -92.436775649586309, 17.570096879996242 ], [ -92.408219580005877, 17.580620059939147 ], [ -92.402078599981991, 17.578040110165489 ], [ -92.400858139969429, 17.586032549963203 ], [ -92.350673709638372, 17.617934060279371 ], [ -92.351195430333561, 17.624739430293388 ], [ -92.358028939811746, 17.636295999910594 ], [ -92.354772019912275, 17.654289109817725 ], [ -92.349202089879597, 17.656391549544885 ], [ -92.33340116956208, 17.652295710106205 ], [ -92.329952230068812, 17.650895249846155 ], [ -92.330070720270584, 17.645017149915933 ], [ -92.320987719592893, 17.644516459827759 ], [ -92.317998920397386, 17.659897970361317 ], [ -92.313016820295317, 17.659499709941898 ], [ -92.313669720322011, 17.65056554013 ], [ -92.310428569879448, 17.649983089993505 ], [ -92.30617547961343, 17.65120302973898 ], [ -92.306912629949068, 17.664579109651491 ] ] ] } },
{ "type": "Feature", "properties": { "code": "07086", "stateCode": "07", "municipalityCode": "086", "name": "Suchiapa" }, "geometry": { "type": "Polygon", "coordinates": [ [ [ -93.089560849959085, 16.69484279993063 ], [ -93.073652079958407, 16.685749599771142 ], [ -93.057072949255527, 16.663554089577584 ], [ -93.072432859304712, 16.656872620760719 ], [ -93.063392249878291, 16.646922829548632 ], [ -93.070695249735635, 16.646017050061925 ], [ -93.075990858729313, 16.63679082092429 ], [ -93.073692549433673, 16.634856680782214 ], [ -93.059717948649308, 16.639380250416334 ], [ -93.057911110339617, 16.626906310656643 ], [ -93.048113548973461, 16.623029890107887 ], [ -93.047337219231522, 16.617986661002615 ], [ -93.041878649498315, 16.614311820027982 ], [ -93.043769830069181, 16.604740859906354 ], [ -93.049450029673707, 16.601208770845439 ], [ -93.049154539612474, 16.604057660276368 ], [ -93.055778948611518, 16.602497919877621 ], [ -93.060808319676184, 16.585543489759736 ], [ -93.061264739133136, 16.56517165036292 ], [ -93.058631629463804, 16.564744950046077 ], [ -93.061573219386375, 16.559552801188598 ], [ -93.059121520170962, 16.553829031223483 ], [ -93.061455348609542, 16.547894920075176 ], [ -93.053197800023611, 16.539325521125413 ], [ -93.063844059402328, 16.526617860955099 ], [ -93.072316459449326, 16.53747922086664 ], [ -93.076586319478594, 16.519907651264244 ], [ -93.075351309816156, 16.506855110177277 ], [ -93.101017849334923, 16.500839020055789 ], [ -93.109401749753289, 16.495615429796899 ], [ -93.114235339991055, 16.500839020151812 ], [ -93.168840140128538, 16.522608780157093 ], [ -93.170116200327797, 16.517125090207376 ], [ -93.168043310072832, 16.517117340135339 ], [ -93.171468940215476, 16.512302479674482 ], [ -93.167808980122928, 16.507584419915208 ], [ -93.17117256965291, 16.503827029716575 ], [ -93.187120349591495, 16.507760059976814 ], [ -93.190305489863235, 16.503435459952978 ], [ -93.191660570155165, 16.508096149703892 ], [ -93.195141939945287, 16.506604779836234 ], [ -93.194478890033324, 16.509391289765052 ], [ -93.198252090363553, 16.506898599691191 ], [ -93.197619020436576, 16.509119720143342 ], [ -93.221676880232039, 16.512554620328999 ], [ -93.230768519820813, 16.518536599704031 ], [ -93.234829949820821, 16.528723339729069 ], [ -93.217642720355059, 16.550016199972823 ], [ -93.229234369659437, 16.556187749592969 ], [ -93.228787249874188, 16.563044171044517 ], [ -93.22459102965172, 16.562149261142814 ], [ -93.222938169135773, 16.566083680157107 ], [ -93.22768734905101, 16.569487651221042 ], [ -93.22243111868336, 16.569269769839536 ], [ -93.200091078727382, 16.581612290238496 ], [ -93.194059319280711, 16.598222180248428 ], [ -93.187326549044798, 16.598576460161304 ], [ -93.186826179625868, 16.606431339635058 ], [ -93.235919428832176, 16.663592310890557 ], [ -93.240976080443801, 16.676574479685094 ], [ -93.233580780381871, 16.673329890321227 ], [ -93.221102780201576, 16.678847180296778 ], [ -93.211627950277588, 16.670313029712769 ], [ -93.215968119872684, 16.660201260229513 ], [ -93.200889450059975, 16.650702200127022 ], [ -93.193996860056828, 16.657681179984053 ], [ -93.190459179921021, 16.655278850354566 ], [ -93.191760880194352, 16.652926830111952 ], [ -93.18075991022971, 16.647537720203474 ], [ -93.17974045954719, 16.657694050186464 ], [ -93.159043830337325, 16.645164819676783 ], [ -93.156427140038886, 16.652737229727759 ], [ -93.150048770024569, 16.657512450285044 ], [ -93.158935399895597, 16.669790680348527 ], [ -93.148785750102547, 16.67401700043127 ], [ -93.144617059900256, 16.674194690444526 ], [ -93.143072250345043, 16.665760139741618 ], [ -93.137952459993613, 16.659148060373401 ], [ -93.126834110008318, 16.669272620312189 ], [ -93.105129340065744, 16.658805800005997 ], [ -93.094729579590094, 16.65751661984201 ], [ -93.088970399933586, 16.665884709818467 ], [ -93.074076520308012, 16.675049859975871 ], [ -93.078210719710512, 16.67388311991764 ], [ -93.085125999817251, 16.678698539572924 ], [ -93.089560849959085, 16.69484279993063 ] ] ] } },
{ "type": "Feature", "properties": { "code": "07010", "stateCode": "07", "municipalityCode": "010", "name": "Bejucal de Ocampo" }, "geometry": { "type": "Polygon", "coordinates": [ [ [ -92.185800179981669, 15.550350400292075 ], [ -92.146206659605468, 15.521031049714166 ], [ -92.139872860298468, 15.527434449808053 ], [ -92.135855630118655, 15.522957460335775 ], [ -92.132011259556933, 15.523776000302274 ], [ -92.12156248022346, 15.536576460341776 ], [ -92.11300276964198, 15.526242119908446 ], [ -92.116373430118912, 15.499762859869207 ], [ -92.121480019685251, 15.488190050421489 ], [ -92.11640662028573, 15.472378749704481 ], [ -92.118489370041246, 15.468453969699178 ], [ -92.134070309624178, 15.470472879755382 ], [ -92.135141420416772, 15.46233513979913 ], [ -92.147079460270703, 15.446869179694296 ], [ -92.151156480071052, 15.425919519642315 ], [ -92.161738580365622, 15.449261509656358 ], [ -92.207376429689873, 15.455856349795326 ], [ -92.193776050218446, 15.521446769767895 ], [ -92.185800179981669, 15.550350400292075 ] ] ] } },
{ "type": "Feature", "properties": { "code": "07011", "stateCode": "07", "municipalityCode": "011", "name": "Bella Vista" }, "geometry": { "type": "Polygon", "coordinates": [ [ [ -92.236514949580254, 15.697870030118015 ], [ -92.224310250425461, 15.695808909822608 ], [ -92.20248383018307, 15.673695750351817 ], [ -92.197980569571698, 15.673631570338848 ], [ -92.184767089868231, 15.663429679631705 ], [ -92.188022680367283, 15.657237890293464 ], [ -92.178550749729737, 15.646882799936648 ], [ -92.167657550277752, 15.647212339951997 ], [ -92.171105479739495, 15.64041457953306 ], [ -92.15218742978368, 15.636973149543342 ], [ -92.147638489698409, 15.628947690273328 ], [ -92.149634720087406, 15.619363719870766 ], [ -92.145858879729786, 15.615717250037665 ], [ -92.152369340142954, 15.609042490429047 ], [ -92.160627340359383, 15.59019796986434 ], [ -92.160216550106711, 15.583463749578138 ], [ -92.19705655001971, 15.587696979721033 ], [ -92.200025309890705, 15.568133539834012 ], [ -92.181995819958615, 15.554550480136777 ], [ -92.188334169541235, 15.548392000320336 ], [ -92.216192879581428, 15.558313750072632 ], [ -92.242793980026136, 15.556843049883772 ], [ -92.250672779968042, 15.559272379699753 ], [ -92.27571613987601, 15.549062180068573 ], [ -92.3047132199016, 15.563190679615987 ], [ -92.322029109804845, 15.588889450410663 ], [ -92.317258460433635, 15.60249088036533 ], [ -92.313887450262669, 15.636006570212677 ], [ -92.323326449750851, 15.659263059688664 ], [ -92.318158879711746, 15.660558149713138 ], [ -92.308632310279421, 15.679661659636723 ], [ -92.307606080108641, 15.676631049771025 ], [ -92.283705519879263, 15.683880030027442 ], [ -92.279355169627223, 15.679858860052544 ], [ -92.280868850245099, 15.676828719885611 ], [ -92.26024030954666, 15.662340050145156 ], [ -92.259935739614534, 15.678627429615963 ], [ -92.243747629693914, 15.695410830243743 ], [ -92.236514949580254, 15.697870030118015 ] ] ] } },
{ "type": "Feature", "properties": { "code": "07024", "stateCode": "07", "municipalityCode": "024", "name": "Chanal" }, "geometry": { "type": "Polygon", "coordinates": [ [ [ -92.056686649746538, 16.699202119602891 ], [ -92.048724020207842, 16.701026200380102 ], [ -92.045382829808432, 16.693895740305699 ], [ -92.037400369924001, 16.694554309573519 ], [ -92.019185379780239, 16.688205060380948 ], [ -92.04285028040988, 16.662973850002093 ], [ -92.064427120246904, 16.658604169767393 ], [ -92.098350000436568, 16.669223199842794 ], [ -92.115864630288158, 16.666970049618438 ], [ -92.144934979844962, 16.643949650094342 ], [ -92.153202229816273, 16.632004259867799 ], [ -92.151692650312413, 16.606568320453228 ], [ -92.146807339838745, 16.593837880336892 ], [ -92.153449830341572, 16.56733883022568 ], [ -92.15173164991721, 16.548049979887708 ], [ -92.170951720038587, 16.497504400105527 ], [ -92.17866148034139, 16.493405380152002 ], [ -92.215289169936923, 16.495534279953297 ], [ -92.272799180295195, 16.517784649874621 ], [ -92.268400060389084, 16.528184079968025 ], [ -92.285994490384496, 16.557924289816174 ], [ -92.319738489869977, 16.569197600215126 ], [ -92.324741259980073, 16.56714640032828 ], [ -92.329818679643324, 16.54445066026377 ], [ -92.334465688981908, 16.5524800601195 ], [ -92.340831680303936, 16.579753259871083 ], [ -92.358756079844383, 16.59878238025026 ], [ -92.387602599804339, 16.617378310188045 ], [ -92.375190200079004, 16.617195319988824 ], [ -92.36837271019651, 16.634593690413819 ], [ -92.325606029652604, 16.634831600224246 ], [ -92.278798860010866, 16.629016380047378 ], [ -92.277812979525692, 16.668229030136146 ], [ -92.268555309975341, 16.691881339903851 ], [ -92.271714119564379, 16.695224079962475 ], [ -92.303226579659878, 16.699733709872085 ], [ -92.307242430326127, 16.715991139595719 ], [ -92.288191520258763, 16.708440969670594 ], [ -92.259906198788741, 16.703405379997303 ], [ -92.254305949849936, 16.688390549874189 ], [ -92.220725619148112, 16.689304050735274 ], [ -92.220455799710948, 16.697075800904255 ], [ -92.177499599626003, 16.696064199890717 ], [ -92.17654577992711, 16.698631450152753 ], [ -92.171234169705173, 16.697109969854512 ], [ -92.1654957698196, 16.700300919713893 ], [ -92.158125829587476, 16.697968490063371 ], [ -92.153839000202652, 16.700403380383431 ], [ -92.145268650381325, 16.692129249771611 ], [ -92.141360780218179, 16.692363339620044 ], [ -92.142065909885602, 16.697980450093205 ], [ -92.138010049843643, 16.700266480262563 ], [ -92.1315595100926, 16.693752340297486 ], [ -92.074277090133904, 16.699417179602097 ], [ -92.068660620378552, 16.70479681975716 ], [ -92.056686649746538, 16.699202119602891 ] ] ] } },
{ "type": "Feature", "properties": { "code": "07028", "stateCode": "07", "municipalityCode": "028", "name": "Chiapilla" }, "geometry": { "type": "Polygon", "coordinates": [ [ [ -92.705271259905629, 16.602560650248819 ], [ -92.706996280314272, 16.58676751027258 ], [ -92.677219229858025, 16.577817540397543 ], [ -92.695403310468166, 16.558907029949545 ], [ -92.69357991029527, 16.550344110249149 ], [ -92.698282830356774, 16.546417550198338 ], [ -92.694287109677887, 16.534975180008271 ], [ -92.695781720056686, 16.524303829947463 ], [ -92.689078180385167, 16.512799939674174 ], [ -92.719262350124794, 16.521210859671388 ], [ -92.72678905985201, 16.526914220336007 ], [ -92.738869709626726, 16.526176630055538 ], [ -92.735724779980032, 16.530891090416105 ], [ -92.744588340312049, 16.53172296976253 ], [ -92.748860768942308, 16.540760949761271 ], [ -92.759152249328494, 16.53837550962238 ], [ -92.764984749057433, 16.528455551138332 ], [ -92.783014419892808, 16.532383030361309 ], [ -92.783985250021175, 16.541591950172212 ], [ -92.777729518951134, 16.546287749527316 ], [ -92.776180748640101, 16.553386119526596 ], [ -92.7688582589536, 16.56162414008303 ], [ -92.766860088688574, 16.557662450613769 ], [ -92.760134539861681, 16.559450049913188 ], [ -92.759183909728193, 16.555027450851981 ], [ -92.750845949301777, 16.557532289546629 ], [ -92.745472120056846, 16.564478920935258 ], [ -92.748503829972734, 16.56829980118858 ], [ -92.74393359912392, 16.589639580522647 ], [ -92.723117770292561, 16.581719059623538 ], [ -92.705271259905629, 16.602560650248819 ] ] ] } },
{ "type": "Feature", "properties": { "code": "07122", "stateCode": "07", "municipalityCode": "122", "name": "El Parral" }, "geometry": { "type": "Polygon", "coordinates": [ [ [ -93.038101167487383, 16.441221230560608 ], [ -93.028908347775939, 16.429511875959378 ], [ -93.020437912546512, 16.433465260869692 ], [ -92.960118180169786, 16.424834059822981 ], [ -92.941394406509772, 16.402811660013636 ], [ -92.893810756695146, 16.369306469558815 ], [ -92.907215635380538, 16.345506044136023 ], [ -92.895006796423203, 16.341930415919869 ], [ -92.895067182546939, 16.304315162167622 ], [ -92.887144974043807, 16.304497361083278 ], [ -92.889292062994187, 16.295783129712877 ], [ -92.882663720486434, 16.292233114487036 ], [ -92.846183299719186, 16.290832560465791 ], [ -92.84792630526141, 16.289298352373603 ], [ -92.850368154595969, 16.290089941198385 ], [ -92.851368675378481, 16.288552067767505 ], [ -92.853384687068399, 16.289640299512708 ], [ -92.854373904382328, 16.289040699721067 ], [ -92.853315778247989, 16.285586361847432 ], [ -92.849690316818567, 16.288524312627814 ], [ -92.848094427005435, 16.285012434138952 ], [ -92.854278882208874, 16.278082977980514 ], [ -92.849505771841621, 16.280782192496325 ], [ -92.848238599586821, 16.276778913851803 ], [ -92.853895629169415, 16.270087239148452 ], [ -92.852170888791406, 16.264073333756158 ], [ -92.858355432612768, 16.259389655471612 ], [ -92.875419360277874, 16.26408659556467 ], [ -92.874622674441056, 16.258375800037406 ], [ -92.87888293471805, 16.260095703866856 ], [ -92.885678379453026, 16.255228876143441 ], [ -92.890432027670172, 16.257198359879816 ], [ -92.898827268515845, 16.25406474041036 ], [ -92.907864814218215, 16.258582817897885 ], [ -92.909803897381437, 16.253762077616187 ], [ -92.911771364354664, 16.259095522404685 ], [ -92.91660467023803, 16.259894942219535 ], [ -92.915882590057436, 16.253515827516644 ], [ -92.908211122569341, 16.247792263838964 ], [ -92.913284315406543, 16.248041324013926 ], [ -92.923214613044735, 16.256152451836655 ], [ -92.924347989835425, 16.249521454211106 ], [ -92.918934888855716, 16.246309453130316 ], [ -92.925542278703247, 16.247999192633721 ], [ -92.92034401505056, 16.240713072069248 ], [ -92.931725234462931, 16.244544347442158 ], [ -92.931721398720043, 16.255655867601874 ], [ -92.936838343032349, 16.253147073714914 ], [ -92.937135210962467, 16.258085619798575 ], [ -92.940206358669414, 16.253353824547144 ], [ -92.944871817827178, 16.260327978627625 ], [ -92.946876224214535, 16.258353109377936 ], [ -92.949944777199434, 16.262963077994382 ], [ -92.956553335340942, 16.263087990781685 ], [ -92.9527593730093, 16.260412185404398 ], [ -92.956043050109969, 16.257079440826871 ], [ -92.948326554201373, 16.255513853182439 ], [ -92.944320708801214, 16.249134004577598 ], [ -92.949799277595346, 16.249277865438724 ], [ -92.94946485884077, 16.244742723972909 ], [ -92.942282855299823, 16.247526719094047 ], [ -92.933896556392654, 16.23838935388407 ], [ -92.954190881500239, 16.244558085044545 ], [ -92.947594626445877, 16.238202549689145 ], [ -92.949404300911667, 16.233292816801637 ], [ -92.975108405528289, 16.241081065010047 ], [ -92.968868488060664, 16.249188020102491 ], [ -92.971975545401065, 16.246087800915706 ], [ -92.980413221559616, 16.252517496650018 ], [ -92.985578771890957, 16.252130249831286 ], [ -92.990398156819239, 16.255610989055356 ], [ -92.989181563187302, 16.261685018962471 ], [ -93.003107720751615, 16.270508567569973 ], [ -93.008182494836575, 16.256160575598905 ], [ -93.015315513061253, 16.259775470386536 ], [ -93.024438509339632, 16.258535619978705 ], [ -93.016242365893234, 16.27641749625332 ], [ -93.018280223380714, 16.278973350236615 ], [ -93.024970374844614, 16.26456083612759 ], [ -93.032714367891828, 16.262815847338238 ], [ -93.039963485177779, 16.265940529285171 ], [ -93.034633376004123, 16.271369637933784 ], [ -93.044021864055281, 16.282081948066665 ], [ -93.050662383277114, 16.270574786920378 ], [ -93.055552288859843, 16.270139884953601 ], [ -93.062158946212051, 16.28403832620355 ], [ -93.056877800579542, 16.283902953866889 ], [ -93.058639807254508, 16.28776000094711 ], [ -93.054837923980173, 16.295555720610331 ], [ -93.059499925012048, 16.289233660419782 ], [ -93.063610660904359, 16.294133506779332 ], [ -93.067387599251163, 16.285571855457597 ], [ -93.071081757845718, 16.285774203108247 ], [ -93.071274737844234, 16.294081349103482 ], [ -93.078769771153063, 16.297750222047014 ], [ -93.081787259994854, 16.319416328087577 ], [ -93.079563925849484, 16.318150193485366 ], [ -93.084287097898141, 16.330322694663511 ], [ -93.092523771713431, 16.333806859510116 ], [ -93.078570111303819, 16.361927524219965 ], [ -93.102737051768386, 16.37414373082909 ], [ -93.101682565252631, 16.387922784023043 ], [ -93.083831012430593, 16.410504864258947 ], [ -93.068823299059602, 16.418023008540473 ], [ -93.061210362498898, 16.428184534667455 ], [ -93.049620461403649, 16.432574871968004 ], [ -93.044365468631938, 16.440436688341705 ], [ -93.038101167487383, 16.441221230560608 ] ] ] } },
{ "type": "Feature", "properties": { "code": "07001", "stateCode": "07", "municipalityCode": "001", "name": "Acacoyagua" }, "geometry": { "type": "Polygon", "coordinates": [ [ [ -92.55698545979611, 15.486915850837253 ], [ -92.552266200357565, 15.475198020223289 ], [ -92.57071679902343, 15.479626050007955 ], [ -92.571495119775065, 15.46845088056642 ], [ -92.565824980461059, 15.45433497984056 ], [ -92.606652289233395, 15.454764370354223 ], [ -92.627534488942288, 15.425829319539092 ], [ -92.633513279132075, 15.411108689727936 ], [ -92.630328878844225, 15.404298889920828 ], [ -92.614124320209569, 15.404425880951775 ], [ -92.639769819521362, 15.356352421123708 ], [ -92.640059969640603, 15.359107950537867 ], [ -92.645675519957734, 15.360358630928628 ], [ -92.640325719560934, 15.375008050836447 ], [ -92.647189849547772, 15.377590489794548 ], [ -92.651041879301943, 15.372962859925478 ], [ -92.654937969115196, 15.362234819525487 ], [ -92.649284739091812, 15.352453820451755 ], [ -92.661526259388964, 15.348224201079619 ], [ -92.652750339332798, 15.332417510068419 ], [ -92.688874819281764, 15.318830280364336 ], [ -92.699240798858924, 15.326417680795156 ], [ -92.704818979860548, 15.322509860287335 ], [ -92.713167020299963, 15.327574709974693 ], [ -92.717612621049568, 15.320526649059127 ], [ -92.724803179901372, 15.319642250404963 ], [ -92.732194079685172, 15.323504000575793 ], [ -92.734007849675535, 15.341752911255579 ], [ -92.744566318662748, 15.337746850438393 ], [ -92.747039258747492, 15.353565519962116 ], [ -92.748887509513352, 15.351779630029046 ], [ -92.754802860288862, 15.365131230610912 ], [ -92.752684970295022, 15.377887109707853 ], [ -92.767792908695185, 15.386373879596414 ], [ -92.753337829964408, 15.384491819791943 ], [ -92.751924968960324, 15.397854219508087 ], [ -92.764966030428496, 15.397758379700869 ], [ -92.755446650264105, 15.420279481260156 ], [ -92.768463570310715, 15.421984520721917 ], [ -92.77380659991438, 15.411657230179921 ], [ -92.776215649268579, 15.414513941075093 ], [ -92.77023142978193, 15.427213650049659 ], [ -92.748687778638867, 15.428826890007253 ], [ -92.753839229718892, 15.434886080850227 ], [ -92.756916938887869, 15.429979089657579 ], [ -92.760630198683728, 15.43313737965064 ], [ -92.768984049980716, 15.432800719591182 ], [ -92.765260150107693, 15.445244801078799 ], [ -92.75655316996162, 15.458431029576211 ], [ -92.746862950113538, 15.46068631081536 ], [ -92.744228449002122, 15.457141339601778 ], [ -92.746468908870128, 15.454678340575413 ], [ -92.743828970311142, 15.455149490458933 ], [ -92.734526119120574, 15.460010091020294 ], [ -92.730914460249139, 15.467786860352305 ], [ -92.720799048661036, 15.465723920948985 ], [ -92.717606548933816, 15.475434820326242 ], [ -92.657980268216534, 15.490598267771658 ], [ -92.647943621773649, 15.487579115779649 ], [ -92.55698545979611, 15.486915850837253 ] ] ] } },
{ "type": "Feature", "properties": { "code": "07002", "stateCode": "07", "municipalityCode": "002", "name": "Acala" }, "geometry": { "type": "Polygon", "coordinates": [ [ [ -92.825822220216025, 16.672628919911855 ], [ -92.808656178884775, 16.661682219759349 ], [ -92.798833319532847, 16.661333341067703 ], [ -92.784056629762574, 16.654920279749199 ], [ -92.787462509667066, 16.644910951075353 ], [ -92.772769279925598, 16.631667570022991 ], [ -92.767898568854235, 16.619162769571552 ], [ -92.7699259697104, 16.61632634096097 ], [ -92.765464650313291, 16.612192719836511 ], [ -92.759255849714989, 16.591270720252862 ], [ -92.755693050432512, 16.589416169805599 ], [ -92.748892889484083, 16.592702369707499 ], [ -92.751439860082272, 16.602426620417866 ], [ -92.747623879397864, 16.604628179801662 ], [ -92.748975340119955, 16.607506419681524 ], [ -92.748704319855406, 16.613729860529151 ], [ -92.728201459556487, 16.600025541058784 ], [ -92.726734768886416, 16.596104570961497 ], [ -92.7376964589197, 16.597773019638581 ], [ -92.738444230202703, 16.590783580954444 ], [ -92.735200420241881, 16.586048059579664 ], [ -92.74393359912392, 16.589639580522647 ], [ -92.748503829972734, 16.56829980118858 ], [ -92.744986919951671, 16.565343090526444 ], [ -92.750845949301777, 16.557532289546629 ], [ -92.759183909728193, 16.555027450851981 ], [ -92.760134539861681, 16.559450049913188 ], [ -92.766860088688574, 16.557662450613769 ], [ -92.7688582589536, 16.56162414008303 ], [ -92.776180748640101, 16.553386119526596 ], [ -92.777729518951134, 16.546287749527316 ], [ -92.784284779193442, 16.540911651136451 ], [ -92.782473089136801, 16.531859980098925 ], [ -92.770602050208893, 16.528076110879464 ], [ -92.764045309954909, 16.528857340078368 ], [ -92.754481279457124, 16.541238831097385 ], [ -92.746501908622207, 16.53933805090201 ], [ -92.745370690149727, 16.528906399697117 ], [ -92.751601119929134, 16.524074001234055 ], [ -92.764600018826613, 16.521034460327066 ], [ -92.766307719316089, 16.516578231108824 ], [ -92.75168274992744, 16.507287981009249 ], [ -92.755886108722393, 16.498868681001024 ], [ -92.754510319195049, 16.495201230581067 ], [ -92.738840848664978, 16.49120257006911 ], [ -92.728784599278399, 16.480435710061933 ], [ -92.732283769551756, 16.476235480806153 ], [ -92.742561168771175, 16.479431340884965 ], [ -92.744890110046413, 16.477524170872467 ], [ -92.752219080016843, 16.459478350081653 ], [ -92.748929719287545, 16.455320540052437 ], [ -92.751452140286816, 16.452122419743301 ], [ -92.760546548772325, 16.455507141218895 ], [ -92.76454557016973, 16.453661050094933 ], [ -92.757040230372695, 16.435562740003562 ], [ -92.745417180002121, 16.425847831304548 ], [ -92.765504089047795, 16.410044120630165 ], [ -92.771771398962557, 16.409353541201199 ], [ -92.777602515682588, 16.401119345704174 ], [ -92.785732591277707, 16.403627309284708 ], [ -92.783462043389335, 16.41313759593552 ], [ -92.791175151429002, 16.417419330616418 ], [ -92.78511179154566, 16.435886780639382 ], [ -92.817276818139206, 16.444087155570145 ], [ -92.826731884978813, 16.449602943314517 ], [ -92.832149701299386, 16.459182149341427 ], [ -92.828653037831515, 16.46508013308787 ], [ -92.834146715347913, 16.467812406045699 ], [ -92.849167266196275, 16.463746986350209 ], [ -92.849579281912241, 16.46789652111795 ], [ -92.857558534947955, 16.468870273263004 ], [ -92.858567175290602, 16.480586948453347 ], [ -92.851241970553559, 16.47996645716962 ], [ -92.851679875822541, 16.48375982415271 ], [ -92.875922368942014, 16.509690141656744 ], [ -92.885350202620089, 16.501612061018182 ], [ -92.89292320056056, 16.507764403027263 ], [ -92.892506171806815, 16.518192825241893 ], [ -92.873606032812177, 16.525428568825642 ], [ -92.858473250928753, 16.52385921712407 ], [ -92.864924618801567, 16.547509634274881 ], [ -92.841274738035878, 16.563767679889953 ], [ -92.859085808713047, 16.56721115646971 ], [ -92.858791129295426, 16.578402272846024 ], [ -92.862227393445465, 16.581513276240997 ], [ -92.874119304545189, 16.581037226002991 ], [ -92.880419130851749, 16.587741916927442 ], [ -92.886794630656837, 16.588298135648781 ], [ -92.889225561913406, 16.596658379625861 ], [ -92.898201789133864, 16.602658525961942 ], [ -92.897762478992036, 16.608188558308012 ], [ -92.903112990489362, 16.618771575228756 ], [ -92.913570585009225, 16.626167964400498 ], [ -92.921397997462748, 16.63883578781013 ], [ -92.906655630360063, 16.648347720765866 ], [ -92.84568654036228, 16.651526089753141 ], [ -92.843441059695778, 16.659069550772113 ], [ -92.832976049360838, 16.667230599958511 ], [ -92.830856340201692, 16.665193090860729 ], [ -92.825822220216025, 16.672628919911855 ] ] ] } },
{ "type": "Feature", "properties": { "code": "07003", "stateCode": "07", "municipalityCode": "003", "name": "Acapetahua" }, "geometry": { "type": "Polygon", "coordinates": [ [ [ -92.755446650264105, 15.420279481260156 ], [ -92.764966030428496, 15.397758379700869 ], [ -92.751924968960324, 15.397854219508087 ], [ -92.753337829964408, 15.384491819791943 ], [ -92.767792908695185, 15.386373879596414 ], [ -92.752684970295022, 15.377887109707853 ], [ -92.754802860288862, 15.365131230610912 ], [ -92.748887509513352, 15.351779630029046 ], [ -92.747039258747492, 15.353565519962116 ], [ -92.744566318662748, 15.337746850438393 ], [ -92.734007849675535, 15.341752911255579 ], [ -92.732194079685172, 15.323504000575793 ], [ -92.724803179901372, 15.319642250404963 ], [ -92.717612621049568, 15.320526649059127 ], [ -92.723631139050411, 15.31078529091165 ], [ -92.736077289609497, 15.306938519872228 ], [ -92.736863750145986, 15.303936430588461 ], [ -92.72462242899519, 15.295858120009614 ], [ -92.714773488705077, 15.303090280927668 ], [ -92.72182275013003, 15.307970620225372 ], [ -92.719716308638525, 15.311936110910043 ], [ -92.709301688584333, 15.30174442100607 ], [ -92.706603749280674, 15.30700074033507 ], [ -92.700114918923347, 15.301887860765996 ], [ -92.69268202869624, 15.301111510102093 ], [ -92.687787199296778, 15.304918350604959 ], [ -92.681243749625324, 15.30470161972594 ], [ -92.671886109788446, 15.293131950486755 ], [ -92.683285918917534, 15.28180671111066 ], [ -92.680617630129149, 15.27871743001489 ], [ -92.671840830079034, 15.276907721228326 ], [ -92.661628169404992, 15.285975490570371 ], [ -92.626944449662361, 15.260092111043399 ], [ -92.633975349846764, 15.253503060690999 ], [ -92.637378799375398, 15.242529180466752 ], [ -92.643406509479831, 15.245184351187493 ], [ -92.646619349919035, 15.242361480198889 ], [ -92.639020910067046, 15.23658269093762 ], [ -92.650374018849774, 15.22477779947849 ], [ -92.639091150430957, 15.210863860086711 ], [ -92.646509349874776, 15.213514310320576 ], [ -92.650328310289225, 15.200486249831496 ], [ -92.662751769889041, 15.202639800117812 ], [ -92.676723490393343, 15.176550950333537 ], [ -92.688482709872204, 15.169509630373209 ], [ -92.690678350023362, 15.165074379565489 ], [ -92.696676940193811, 15.165551249935174 ], [ -92.70262046032866, 15.156813750344364 ], [ -92.711197709832561, 15.156326459760034 ], [ -92.715869000412724, 15.155014459846507 ], [ -92.71685639959297, 15.154045749919103 ], [ -92.710474550255697, 15.151329829797326 ], [ -92.716074419621819, 15.144598149831255 ], [ -92.710540779769246, 15.140779280120269 ], [ -92.72172680029216, 15.127874719911933 ], [ -92.741384509637186, 15.151419489832859 ], [ -92.758402320468477, 15.133082479685976 ], [ -92.753408430114249, 15.129214710387705 ], [ -92.756915089863213, 15.121362399683029 ], [ -92.755663549996726, 15.112281579808027 ], [ -92.765164569917829, 15.113917510322649 ], [ -92.717775489811828, 15.028577539850009 ], [ -92.712359049995044, 15.023684850275295 ], [ -92.71496171004074, 15.022742370004218 ], [ -92.726307320377174, 15.031985709838013 ], [ -92.732634229979553, 15.030831350058016 ], [ -92.851364940771958, 15.149898843135835 ], [ -92.853977709650607, 15.158786600064811 ], [ -92.858933944422063, 15.158854333335132 ], [ -92.880003349623905, 15.183001280284218 ], [ -92.931040837898308, 15.231167227726115 ], [ -92.923193320141849, 15.246794620417305 ], [ -92.902788829615815, 15.234630890384793 ], [ -92.888043280037422, 15.221259949979117 ], [ -92.884591060177428, 15.222605089598826 ], [ -92.910772460415814, 15.248935740366223 ], [ -92.900253030430264, 15.248663149804086 ], [ -92.901888019831574, 15.247025479608338 ], [ -92.888482289544996, 15.232260490137442 ], [ -92.89375771965895, 15.248643820262526 ], [ -92.885406579815211, 15.250791570246637 ], [ -92.89287898041826, 15.253842619824502 ], [ -92.894687339989488, 15.258693050181707 ], [ -92.892062260156948, 15.260503289768499 ], [ -92.884747550471928, 15.252571079754176 ], [ -92.878309000384334, 15.258725680464634 ], [ -92.88573724955873, 15.265997060075044 ], [ -92.881257259848596, 15.270435379780551 ], [ -92.871735999736657, 15.261623139631517 ], [ -92.855291909887441, 15.282347089982084 ], [ -92.85242295035971, 15.282095400181644 ], [ -92.840043579848896, 15.322219119644993 ], [ -92.810116340118668, 15.346359910360441 ], [ -92.802820860175814, 15.393579689574704 ], [ -92.814773000229536, 15.399619620175407 ], [ -92.811986950275525, 15.40353232020856 ], [ -92.785378650006521, 15.389286149872264 ], [ -92.774682030292169, 15.400431340344008 ], [ -92.77380659991438, 15.411657230179921 ], [ -92.768463570310715, 15.421984520721917 ], [ -92.755446650264105, 15.420279481260156 ] ] ] } },
{ "type": "Feature", "properties": { "code": "07004", "stateCode": "07", "municipalityCode": "004", "name": "Altamirano" }, "geometry": { "type": "Polygon", "coordinates": [ [ [ -92.029797519863365, 16.851193550088308 ], [ -91.999403739835273, 16.839240519845493 ], [ -92.005847890017378, 16.827734739639077 ], [ -92.011432449627634, 16.825799690384073 ], [ -92.011869740150644, 16.821028089627916 ], [ -92.00344991960246, 16.810512199868718 ], [ -91.980930220110466, 16.804008550429312 ], [ -91.97925036960622, 16.815326200199586 ], [ -91.973654510412118, 16.813378169580233 ], [ -91.959283140170726, 16.815930749836507 ], [ -91.943245280253208, 16.812974689865055 ], [ -91.938315170035722, 16.809163570273558 ], [ -91.931950430353979, 16.81939234030618 ], [ -91.934004110241233, 16.810055509979207 ], [ -91.919609599580795, 16.802828939946895 ], [ -91.911991550202259, 16.804245170189805 ], [ -91.911989679921206, 16.800182080168973 ], [ -91.906380879643862, 16.797522859819761 ], [ -91.905394770457406, 16.781559829980804 ], [ -91.901490719955248, 16.780780090209465 ], [ -91.905141600161997, 16.761387520338467 ], [ -91.894222970377015, 16.757800569837336 ], [ -91.895222549968878, 16.750829769641328 ], [ -91.799309019774455, 16.743449939735353 ], [ -91.796990350172933, 16.747180819688609 ], [ -91.789264680001963, 16.746104169690891 ], [ -91.782375940443998, 16.751797520321496 ], [ -91.768067999697223, 16.751069179679035 ], [ -91.779089600233021, 16.702396120113814 ], [ -91.748561540155265, 16.681001620057813 ], [ -91.733266109858889, 16.675948179822111 ], [ -91.705339289693171, 16.651937219918203 ], [ -91.685029649667996, 16.647951710186771 ], [ -91.684834259992016, 16.636990879582928 ], [ -91.665627279923342, 16.623140860035775 ], [ -91.652457349778359, 16.619918710162139 ], [ -91.651446629676428, 16.615250949935085 ], [ -91.622931370427708, 16.613880459757286 ], [ -91.61895108989053, 16.601062649999399 ], [ -91.602083579630246, 16.619697140400334 ], [ -91.598961279645351, 16.618757720117738 ], [ -91.601355890289298, 16.596888120197654 ], [ -91.58874102996964, 16.59792079987043 ], [ -91.570945349618, 16.605604260282956 ], [ -91.551865600094843, 16.572862919767193 ], [ -91.587240650395628, 16.559979650249868 ], [ -91.618119399584444, 16.566480770315469 ], [ -91.604822850486215, 16.553390059642361 ], [ -91.617159460425995, 16.524106340241133 ], [ -91.653053019997458, 16.536222820083857 ], [ -91.660828420303758, 16.545217940402203 ], [ -91.65909893968005, 16.549002630277187 ], [ -91.666840199712226, 16.55303899990912 ], [ -91.674145850102676, 16.578682349694155 ], [ -91.696317999794132, 16.567876020275342 ], [ -91.687591090373289, 16.552060849628113 ], [ -91.700157740357298, 16.534745169839887 ], [ -91.697281059907695, 16.525284949916667 ], [ -91.709960510049712, 16.516095509910578 ], [ -91.728052399795999, 16.510398109987001 ], [ -91.737185799877054, 16.509457490229664 ], [ -91.7436967202988, 16.513317980162725 ], [ -91.746199659710342, 16.499278080275356 ], [ -91.760295490070604, 16.499957619696257 ], [ -91.764795049873513, 16.493875289556907 ], [ -91.769164049995709, 16.495177339944711 ], [ -91.774070230146236, 16.508407769786817 ], [ -91.784615620104276, 16.512996919682109 ], [ -91.766063949819156, 16.530131030006913 ], [ -91.788257939789673, 16.552117169784836 ], [ -91.823195420093413, 16.554321120159525 ], [ -91.828054089898629, 16.549384950203926 ], [ -91.81935401993654, 16.551665890299248 ], [ -91.829623549572318, 16.53634848020679 ], [ -91.858445620102671, 16.566722290051196 ], [ -91.919902659772006, 16.54909817962044 ], [ -91.923938019816177, 16.600295230166111 ], [ -91.93935714993259, 16.598867509982696 ], [ -91.937795649764723, 16.596319830256974 ], [ -92.000384139934965, 16.593678049916274 ], [ -92.019571710021921, 16.661144659550324 ], [ -92.0250029502877, 16.656916919927461 ], [ -92.032959479821187, 16.67403311955492 ], [ -92.019185379780239, 16.688205060380948 ], [ -92.037400369924001, 16.694554309573519 ], [ -92.045382829808432, 16.693895740305699 ], [ -92.048724020207842, 16.701026200380102 ], [ -92.056686649746538, 16.699202119602891 ], [ -92.095213629623487, 16.717083060026599 ], [ -92.132222629936649, 16.747959380123838 ], [ -92.100198450062791, 16.75873734960043 ], [ -92.10156895015308, 16.760849690003916 ], [ -92.05924058031475, 16.778911030468947 ], [ -92.059789739941834, 16.795794749761903 ], [ -92.050407050360604, 16.800462969581094 ], [ -92.053739820046687, 16.821031970245222 ], [ -92.038639110199057, 16.825753630432541 ], [ -92.039007549676938, 16.8512120603094 ], [ -92.03161602006098, 16.848815659882192 ], [ -92.029797519863365, 16.851193550088308 ] ] ] } },
{ "type": "Feature", "properties": { "code": "07005", "stateCode": "07", "municipalityCode": "005", "name": "Amatán" }, "geometry": { "type": "Polygon", "coordinates": [ [ [ -92.885936740039597, 17.510225579741586 ], [ -92.859808750264818, 17.500281550374559 ], [ -92.855689490196141, 17.478965940242603 ], [ -92.84987592032121, 17.468978139960534 ], [ -92.83568141990753, 17.47515288023364 ], [ -92.833902000228292, 17.482187649920416 ], [ -92.83062628032269, 17.479604220037739 ], [ -92.826908889863887, 17.453627199677143 ], [ -92.822255720101396, 17.45220163013806 ], [ -92.820078169581322, 17.431430230125898 ], [ -92.825824749775478, 17.423784220284229 ], [ -92.856191019849973, 17.418876220175484 ], [ -92.854264460462332, 17.411197630013955 ], [ -92.82921631978661, 17.396300489979957 ], [ -92.829399600455289, 17.40859934003625 ], [ -92.806277309602081, 17.410562139620964 ], [ -92.785794709851444, 17.417527290017915 ], [ -92.790794229730224, 17.404985140176972 ], [ -92.767290380150683, 17.3834044196478 ], [ -92.770663309891063, 17.360396319749363 ], [ -92.758737419712901, 17.35819777987216 ], [ -92.758328600000027, 17.349113140298719 ], [ -92.749769059571236, 17.337953950218765 ], [ -92.75657590978841, 17.32934942043526 ], [ -92.752269060199652, 17.31021805045248 ], [ -92.762983370321876, 17.316836199671609 ], [ -92.758346109953081, 17.31781230974978 ], [ -92.767121739528577, 17.331213140357072 ], [ -92.76921927974189, 17.319360049996327 ], [ -92.796688540267738, 17.311281660156542 ], [ -92.780394910086144, 17.297714779615735 ], [ -92.787056400416859, 17.293892620344391 ], [ -92.784942219737729, 17.290209800080191 ], [ -92.788993119936464, 17.282960519711267 ], [ -92.796869600132013, 17.286815690149986 ], [ -92.807778999523507, 17.278405650109093 ], [ -92.809164660129269, 17.281502119967762 ], [ -92.825861060425197, 17.284035279970968 ], [ -92.832761229730067, 17.292496979982168 ], [ -92.832205539889259, 17.267684910110226 ], [ -92.860841450402475, 17.276491060444688 ], [ -92.852940289617749, 17.277988120302734 ], [ -92.8641257398818, 17.291522799882973 ], [ -92.876592630102579, 17.299615279695523 ], [ -92.866677370277984, 17.301296970239246 ], [ -92.8762342800282, 17.315940079556352 ], [ -92.917777319902029, 17.31596996958681 ], [ -92.924369649687875, 17.338378320422315 ], [ -92.928234029666513, 17.339293109859561 ], [ -92.932849678881922, 17.34690179949769 ], [ -92.929486429663783, 17.389571920088965 ], [ -92.934636080328502, 17.406157620428836 ], [ -92.92678461982797, 17.408723680026206 ], [ -92.924227979597958, 17.405937220339897 ], [ -92.913483969859683, 17.413710520045196 ], [ -92.923393139772244, 17.425123710025343 ], [ -92.926963949775384, 17.422292459557873 ], [ -92.931648659652723, 17.428089150042034 ], [ -92.93404852001936, 17.439305119672017 ], [ -92.950231969573167, 17.444139719837178 ], [ -92.938310540125855, 17.460137710019918 ], [ -92.934611510300243, 17.479723970452941 ], [ -92.920613449543907, 17.502679000278807 ], [ -92.912937540468661, 17.498213059814095 ], [ -92.907291910379868, 17.505202741178071 ], [ -92.898062049933358, 17.503001689630622 ], [ -92.885936740039597, 17.510225579741586 ] ] ] } },
{ "type": "Feature", "properties": { "code": "07006", "stateCode": "07", "municipalityCode": "006", "name": "Amatenango de la Frontera" }, "geometry": { "type": "Polygon", "coordinates": [ [ [ -92.009035140214024, 15.644595939987264 ], [ -91.990074909990895, 15.635763779970945 ], [ -92.128726769832184, 15.399904600108885 ], [ -92.141413020009324, 15.403768139981461 ], [ -92.150180309972583, 15.415570489569198 ], [ -92.144955519599719, 15.418849630337265 ], [ -92.151156480071052, 15.425919519642315 ], [ -92.149553199752646, 15.437598340137617 ], [ -92.147079460270703, 15.446869179694296 ], [ -92.135141420416772, 15.46233513979913 ], [ -92.134070309624178, 15.470472879755382 ], [ -92.118489370041246, 15.468453969699178 ], [ -92.11640662028573, 15.472378749704481 ], [ -92.121480019685251, 15.488190050421489 ], [ -92.116373430118912, 15.499762859869207 ], [ -92.11300276964198, 15.526242119908446 ], [ -92.12156248022346, 15.536576460341776 ], [ -92.132011259556933, 15.523776000302274 ], [ -92.135855630118655, 15.522957460335775 ], [ -92.139872860298468, 15.527434449808053 ], [ -92.146206659605468, 15.521031049714166 ], [ -92.185800179981669, 15.550350400292075 ], [ -92.181995819958615, 15.554550480136777 ], [ -92.200025309890705, 15.568133539834012 ], [ -92.19705655001971, 15.587696979721033 ], [ -92.160216550106711, 15.583463749578138 ], [ -92.160627340359383, 15.59019796986434 ], [ -92.152369340142954, 15.609042490429047 ], [ -92.145858879729786, 15.615717250037665 ], [ -92.149634720087406, 15.619363719870766 ], [ -92.148593630272273, 15.626647580398998 ], [ -92.103895690175847, 15.628588860100447 ], [ -92.094842939748858, 15.645943919548241 ], [ -92.08811666028943, 15.642292910462242 ], [ -92.041510289691445, 15.644424540320129 ], [ -92.04298885958417, 15.638674859564636 ], [ -92.030610179577081, 15.63517495003069 ], [ -92.016705120391819, 15.63879632034606 ], [ -92.009035140214024, 15.644595939987264 ] ] ] } },
{ "type": "Feature", "properties": { "code": "07007", "stateCode": "07", "municipalityCode": "007", "name": "Amatenango del Valle" }, "geometry": { "type": "Polygon", "coordinates": [ [ [ -92.435226598853248, 16.586711419918036 ], [ -92.372939999968025, 16.570140889870594 ], [ -92.376136319317553, 16.570712720090203 ], [ -92.385518799455127, 16.552306089733744 ], [ -92.368273478656519, 16.551739110005201 ], [ -92.360688319005234, 16.544453110155288 ], [ -92.347543449138641, 16.538902370221688 ], [ -92.343717199140329, 16.539785819533854 ], [ -92.354929829543792, 16.55084582977624 ], [ -92.339810540322929, 16.578042229917095 ], [ -92.334465688981908, 16.5524800601195 ], [ -92.329818679643324, 16.54445066026377 ], [ -92.329645848716524, 16.528532030063943 ], [ -92.353172150346751, 16.513378060190131 ], [ -92.349170319297485, 16.509018109810466 ], [ -92.339412938618992, 16.509713079687689 ], [ -92.338810878958213, 16.513820319523489 ], [ -92.329843518999681, 16.514060459635598 ], [ -92.322549109302614, 16.506072289890962 ], [ -92.315824599253105, 16.504480549574534 ], [ -92.311676108989005, 16.494329949820095 ], [ -92.3197351989281, 16.485566320290687 ], [ -92.308147309262495, 16.472605780063343 ], [ -92.312411979432625, 16.464818020023902 ], [ -92.347593050176684, 16.448088599750683 ], [ -92.350512919337945, 16.477451820648522 ], [ -92.413290138913339, 16.488753319727493 ], [ -92.429864248651242, 16.479467770137816 ], [ -92.430026798683244, 16.469099599591971 ], [ -92.434936798923516, 16.466467880722821 ], [ -92.436172909164, 16.471317631084016 ], [ -92.445893028808328, 16.462607820626879 ], [ -92.454880649379547, 16.460848089908698 ], [ -92.464039288997284, 16.447268860554569 ], [ -92.470713739396302, 16.445475201019836 ], [ -92.485373829320039, 16.460776260352702 ], [ -92.487570449332026, 16.459588289869441 ], [ -92.489491908981606, 16.468494820059888 ], [ -92.477776218686429, 16.482666710250733 ], [ -92.458886919147005, 16.476205090106557 ], [ -92.456693059082497, 16.485931649752558 ], [ -92.459617949333619, 16.494851290116451 ], [ -92.44922010945767, 16.508240850210456 ], [ -92.453301088961609, 16.517505480200231 ], [ -92.446925938822389, 16.527718289890743 ], [ -92.451305719138375, 16.529248509773925 ], [ -92.44825094923219, 16.533608940148341 ], [ -92.455623708853111, 16.539150630168621 ], [ -92.450569429120065, 16.545231879500342 ], [ -92.453163618790555, 16.546916030349156 ], [ -92.451261459353546, 16.554035880032846 ], [ -92.435226598853248, 16.586711419918036 ] ] ] } },
{ "type": "Feature", "properties": { "code": "07029", "stateCode": "07", "municipalityCode": "029", "name": "Chicoasén" }, "geometry": { "type": "Polygon", "coordinates": [ [ [ -93.114399890407853, 17.054796970040435 ], [ -93.109887339642768, 17.045871339834829 ], [ -93.088178200262774, 17.048635080264457 ], [ -93.082055740247142, 17.041672249914281 ], [ -93.067809079881428, 17.039262110032098 ], [ -93.064195549546369, 17.002454689929309 ], [ -93.069437030345256, 17.000509969790354 ], [ -93.05897071951847, 16.994750400177317 ], [ -93.056702350250788, 16.98184834039359 ], [ -93.060654200273177, 16.978927290097534 ], [ -93.040782660384323, 16.959422019930614 ], [ -93.054061170053046, 16.959538919938147 ], [ -93.057811460175046, 16.953221370389194 ], [ -93.055037310061664, 16.947483940377477 ], [ -93.065449020191849, 16.949563350352431 ], [ -93.066311050378772, 16.941751220003574 ], [ -93.074036880061499, 16.937827350064431 ], [ -93.08286825988371, 16.954470600152483 ], [ -93.093042430092666, 16.955489509975507 ], [ -93.09600044985541, 16.945293220348603 ], [ -93.105848019858144, 16.955711909641199 ], [ -93.100957150018161, 16.941884259628107 ], [ -93.104025319820735, 16.935025460044727 ], [ -93.108991579891722, 16.936603939896511 ], [ -93.112401570264538, 16.941871630207824 ], [ -93.111885720210751, 16.948036940318069 ], [ -93.131821659931489, 16.952113510420656 ], [ -93.176644799887313, 16.975533550197326 ], [ -93.164813850078659, 16.98258037992731 ], [ -93.164523630039696, 16.985651340009362 ], [ -93.17825689036178, 16.99264444962169 ], [ -93.184837279919137, 17.002748259868252 ], [ -93.171636059855587, 17.01394802968964 ], [ -93.169266309847828, 17.011429170226521 ], [ -93.14923846027294, 17.022099090021346 ], [ -93.151636150299396, 17.026438570045034 ], [ -93.148807950072012, 17.025772519629381 ], [ -93.142532950218992, 17.032624719957305 ], [ -93.147767290163685, 17.040873800313339 ], [ -93.135450429791192, 17.045100419607326 ], [ -93.135082340394263, 17.049282429978543 ], [ -93.138128860325992, 17.048932229874602 ], [ -93.139109999838354, 17.052582250060713 ], [ -93.133353029522794, 17.053218140402546 ], [ -93.132065120404945, 17.049808479706414 ], [ -93.114399890407853, 17.054796970040435 ] ] ] } },
{ "type": "Feature", "properties": { "code": "07012", "stateCode": "07", "municipalityCode": "012", "name": "Berriozábal" }, "geometry": { "type": "Polygon", "coordinates": [ [ [ -93.361157620144752, 17.026523651253552 ], [ -93.329364379807544, 17.019928490993887 ], [ -93.333061379858862, 17.016717380479523 ], [ -93.330216308861083, 17.015847859702593 ], [ -93.328061679920978, 17.019967980310955 ], [ -93.314158289245754, 17.010976570336474 ], [ -93.306235549904684, 17.011342050314383 ], [ -93.307887199194312, 16.993559780970106 ], [ -93.303629019968568, 16.988207229823953 ], [ -93.310697320398759, 16.983262170947345 ], [ -93.305137218997004, 16.981694199830574 ], [ -93.299515999350632, 16.98707534982751 ], [ -93.295013999078989, 16.975580260344611 ], [ -93.288433968896953, 16.972605400946158 ], [ -93.288459940057805, 16.938188890784918 ], [ -93.291031019646653, 16.932425579562278 ], [ -93.300469169672411, 16.934245450640635 ], [ -93.302775430258507, 16.917238971206963 ], [ -93.308781939777347, 16.910369940132341 ], [ -93.299372449524427, 16.90497525000481 ], [ -93.293622028647746, 16.89563725070256 ], [ -93.274173479569512, 16.886583120919958 ], [ -93.264834289669849, 16.848478632295205 ], [ -93.272820250766387, 16.844296353653263 ], [ -93.270120890000015, 16.837602124099906 ], [ -93.226680080018667, 16.818019526744276 ], [ -93.20855936999115, 16.805084229975435 ], [ -93.213148318914577, 16.788821059741007 ], [ -93.204692660424868, 16.784813570425502 ], [ -93.205224369996756, 16.781653580183381 ], [ -93.208252399107238, 16.783979919957158 ], [ -93.208874478911724, 16.780090920924952 ], [ -93.214095369761324, 16.780311511025591 ], [ -93.221118979165524, 16.7863716210211 ], [ -93.220441979014879, 16.771914281221171 ], [ -93.236031430071563, 16.76507733972117 ], [ -93.241671849775599, 16.756841950410834 ], [ -93.242735419348421, 16.746904049594129 ], [ -93.247357829265397, 16.746210920272095 ], [ -93.24958902038972, 16.738897150959964 ], [ -93.255866029983522, 16.738899091247411 ], [ -93.253803578850082, 16.730879459638988 ], [ -93.272566118875076, 16.735050019581749 ], [ -93.270048948846394, 16.730914230963627 ], [ -93.275134918583746, 16.717053051204285 ], [ -93.318276419500549, 16.72827799974662 ], [ -93.316961459070086, 16.744914260253822 ], [ -93.311538800419697, 16.748901619936586 ], [ -93.312049969942365, 16.751308250040946 ], [ -93.314428079303696, 16.74740146071516 ], [ -93.318485829275062, 16.748883769629856 ], [ -93.32345264910154, 16.75815660044179 ], [ -93.314364088653917, 16.765928620354259 ], [ -93.313974649881558, 16.778977599800864 ], [ -93.311792060144654, 16.77770916961483 ], [ -93.309876750335263, 16.782595571028974 ], [ -93.321334509988787, 16.793727781176269 ], [ -93.326345660269382, 16.796435570465761 ], [ -93.363084949059058, 16.792188480865462 ], [ -93.36853471004089, 16.787970200357847 ], [ -93.375708320208531, 16.793602980697223 ], [ -93.377116658931627, 16.796429510635047 ], [ -93.373838778653294, 16.79766945112889 ], [ -93.369049948953673, 16.813605311069924 ], [ -93.390662919835378, 16.84868760039269 ], [ -93.390142950422842, 16.852074050442479 ], [ -93.398298519963831, 16.862189480854131 ], [ -93.405433399362437, 16.862728629936868 ], [ -93.399719199354976, 16.896988079799076 ], [ -93.414685019531035, 16.896860060397408 ], [ -93.414567079385733, 16.886223680345061 ], [ -93.422984379951714, 16.885960420277272 ], [ -93.430676108815035, 16.892035079642383 ], [ -93.430705649808374, 16.901916950018045 ], [ -93.394392430153033, 16.904506061124639 ], [ -93.388311489865842, 16.901681891227266 ], [ -93.388063708592213, 16.906151049987688 ], [ -93.374741169892346, 16.913824290578095 ], [ -93.381742538683881, 16.924319450425088 ], [ -93.3708454194269, 16.932826720411715 ], [ -93.372939319642995, 16.942361820536167 ], [ -93.377985289922577, 16.947927310414773 ], [ -93.371920768541941, 16.952332741145501 ], [ -93.380501649776264, 16.964979320599728 ], [ -93.394098979298903, 16.967264660453591 ], [ -93.398634799463494, 16.978294659723922 ], [ -93.396363370332523, 16.981192721109274 ], [ -93.388430860099334, 16.981757090229156 ], [ -93.386031199421794, 16.989705280078443 ], [ -93.372791599261788, 16.986797250633167 ], [ -93.369208859869687, 17.016212599597473 ], [ -93.378915420416988, 17.016284180554052 ], [ -93.379134109307344, 17.019750290519777 ], [ -93.368534779331256, 17.023876000679902 ], [ -93.366941598581178, 17.021922980693045 ], [ -93.364017229084482, 17.022074631143362 ], [ -93.367263538767077, 17.023876419863615 ], [ -93.361839518775255, 17.02305987992187 ], [ -93.361157620144752, 17.026523651253552 ] ] ] } },
{ "type": "Feature", "properties": { "code": "07013", "stateCode": "07", "municipalityCode": "013", "name": "Bochil" }, "geometry": { "type": "Polygon", "coordinates": [ [ [ -93.04826072023198, 17.141298250300927 ], [ -93.037298479976016, 17.132933309927243 ], [ -93.032162319831556, 17.133848029708485 ], [ -93.031138459868401, 17.127469950135481 ], [ -93.03574545995393, 17.125161079933353 ], [ -93.014729379928781, 17.130827139566755 ], [ -92.998324799641011, 17.128654030016552 ], [ -92.976492380021554, 17.107757450005721 ], [ -92.965169349558806, 17.120926339712305 ], [ -92.961810250279797, 17.119869350824516 ], [ -92.96091488945261, 17.126380230485839 ], [ -92.941192260296845, 17.115835449999476 ], [ -92.951766089899621, 17.104799720554354 ], [ -92.963128168724651, 17.10297035120659 ], [ -92.965850149513514, 17.093752920696051 ], [ -92.969011338568166, 17.092306280341656 ], [ -92.965177568772745, 17.085743851159268 ], [ -92.98829822974804, 17.078977950539937 ], [ -92.989403229603056, 17.063139250597963 ], [ -92.993727179169269, 17.059217319580895 ], [ -92.941235710088378, 17.042595770132102 ], [ -92.953911370297291, 17.058536051368325 ], [ -92.947486169710629, 17.077677019848057 ], [ -92.944906178901491, 17.080393370937383 ], [ -92.942669488642935, 17.078887820175385 ], [ -92.940377678612521, 17.083375350284619 ], [ -92.94280174934859, 17.086023350918381 ], [ -92.937725479966275, 17.089760219783884 ], [ -92.937185170330068, 17.095779420368096 ], [ -92.929555888692903, 17.100026110350399 ], [ -92.927616510123187, 17.091697980756482 ], [ -92.930769110454719, 17.061412229906374 ], [ -92.928338909705502, 17.05961502001005 ], [ -92.93228380004274, 17.055107909954007 ], [ -92.925566049667253, 17.044436090225297 ], [ -92.908951600384739, 17.035212481216018 ], [ -92.910792619852174, 17.028979290758993 ], [ -92.90355997017862, 17.026657911130545 ], [ -92.902209739266809, 17.033314941061807 ], [ -92.880280278788319, 17.039997021011015 ], [ -92.876615479615509, 17.037919910157676 ], [ -92.864227370347848, 17.056602570051471 ], [ -92.855872479156488, 17.049325000066418 ], [ -92.862347449992214, 17.029410340818544 ], [ -92.852092479494686, 17.024593019887352 ], [ -92.857833800368311, 17.02091694106176 ], [ -92.85278369003214, 17.01409392071319 ], [ -92.841020750371925, 17.017634051106828 ], [ -92.839361488644073, 17.01431751122341 ], [ -92.834816719862175, 17.0157128907741 ], [ -92.829611149691431, 17.006717939763362 ], [ -92.819240880090462, 17.014590600040776 ], [ -92.819380219819408, 17.007666450145138 ], [ -92.813856509681159, 17.007082939624674 ], [ -92.818871399780718, 16.998111319992727 ], [ -92.825236770315456, 16.998260090419855 ], [ -92.837405089669645, 16.992308019760205 ], [ -92.838926650233347, 16.984791680161855 ], [ -92.845408119706008, 16.983435490053182 ], [ -92.844645119526916, 16.978659200386389 ], [ -92.849427850361451, 16.974153140356265 ], [ -92.849707289704014, 16.970389180419009 ], [ -92.844644369730929, 16.969921449902188 ], [ -92.837790570128263, 16.961331660287318 ], [ -92.847889690150382, 16.934084309666645 ], [ -92.867468199923252, 16.916874030258189 ], [ -92.900870999809811, 16.906006740083633 ], [ -92.909535280212836, 16.907303620089532 ], [ -92.916133429634314, 16.904045830161344 ], [ -92.91879996963587, 16.907998050289919 ], [ -92.923746660054562, 16.904244430131072 ], [ -92.932188549711469, 16.909778140376158 ], [ -92.933142319555557, 16.906924599905437 ], [ -92.93850125010033, 16.907051320315027 ], [ -92.943425340440143, 16.92344557995963 ], [ -92.947521999834976, 16.928880620214464 ], [ -92.954406719661492, 16.929019830051786 ], [ -92.944131769930792, 16.942763179848374 ], [ -92.959081770158051, 16.952784220359078 ], [ -93.008770620304915, 16.970083540001582 ], [ -93.03089144975327, 16.969326350017074 ], [ -93.056352220380774, 16.978929750080571 ], [ -93.05897071951847, 16.994750400177317 ], [ -93.069437030345256, 17.000509969790354 ], [ -93.064195549546369, 17.002454689929309 ], [ -93.067809079881428, 17.039262110032098 ], [ -93.082055740247142, 17.041672249914281 ], [ -93.094116119740818, 17.055758689826238 ], [ -93.066858659717994, 17.068602149625825 ], [ -93.070363539906978, 17.08112314970904 ], [ -93.046208090316142, 17.091158290133428 ], [ -93.050078659708618, 17.101646149611845 ], [ -93.046346140271211, 17.115303029648665 ], [ -93.036931520093376, 17.115358150109802 ], [ -93.050793720360033, 17.136428279931955 ], [ -93.04826072023198, 17.141298250300927 ] ] ] } },
{ "type": "Feature", "properties": { "code": "07014", "stateCode": "07", "municipalityCode": "014", "name": "El Bosque" }, "geometry": { "type": "Polygon", "coordinates": [ [ [ -92.678588149944318, 17.09530788984841 ], [ -92.667011289983321, 17.081890580077381 ], [ -92.663171630375231, 17.067938420447987 ], [ -92.646278120008162, 17.069974340191713 ], [ -92.663551179817418, 17.058450860315205 ], [ -92.666750800300193, 17.037664150345638 ], [ -92.681146490132889, 17.027843650101033 ], [ -92.708289000249536, 16.997237430110108 ], [ -92.711164120224268, 16.98243387978177 ], [ -92.715457850272443, 16.987057380416285 ], [ -92.724375850081302, 16.986241770093031 ], [ -92.723870289806214, 16.988735659917285 ], [ -92.735128369724123, 16.984414820280545 ], [ -92.743373820432041, 16.955810779776254 ], [ -92.760027080406644, 16.953825339957373 ], [ -92.77172971970802, 16.972255119752973 ], [ -92.762987689755491, 16.976221739722249 ], [ -92.760936490332014, 16.982674280425826 ], [ -92.767908349812458, 16.988690880425555 ], [ -92.778800050221861, 16.986327939588243 ], [ -92.779340350400759, 16.97769046020812 ], [ -92.785334019988142, 16.965006799820515 ], [ -92.791282510224661, 16.966143449943576 ], [ -92.804359979921173, 16.98487962983636 ], [ -92.815642089840836, 16.985684940274272 ], [ -92.808810769573711, 16.990820709539296 ], [ -92.81976527971436, 16.996135000011659 ], [ -92.813856509681159, 17.007082939624674 ], [ -92.819380219819408, 17.007666450145138 ], [ -92.819568019592111, 17.013363399997889 ], [ -92.809707029705095, 17.02207231967407 ], [ -92.816860769026647, 17.04451018030294 ], [ -92.825498549968472, 17.049731290266145 ], [ -92.82400997035036, 17.052079281297157 ], [ -92.806979310172295, 17.053460139619517 ], [ -92.799733849908151, 17.046742540832213 ], [ -92.79110834904381, 17.048965420735605 ], [ -92.784727798598354, 17.046680711179793 ], [ -92.762268290217975, 17.080917980438414 ], [ -92.76383185898554, 17.08899372041822 ], [ -92.760889799627364, 17.095183119828711 ], [ -92.75979382986489, 17.09230082996045 ], [ -92.755279949714918, 17.095543290330973 ], [ -92.750069339956497, 17.08861882016604 ], [ -92.744785649680068, 17.094736020329915 ], [ -92.736052000142053, 17.090477059706171 ], [ -92.731033289814789, 17.091857380203493 ], [ -92.722651290118776, 17.083592769966696 ], [ -92.701819149873259, 17.085281480020424 ], [ -92.678588149944318, 17.09530788984841 ] ] ] } },
{ "type": "Feature", "properties": { "code": "07015", "stateCode": "07", "municipalityCode": "015", "name": "Cacahoatán" }, "geometry": { "type": "Polygon", "coordinates": [ [ [ -92.162864720289008, 15.201158719953787 ], [ -92.107895230278032, 15.131948980030817 ], [ -92.108512339905488, 15.1091919800953 ], [ -92.111172030445928, 15.090937399864394 ], [ -92.118173079755039, 15.085927449651466 ], [ -92.113135880442698, 15.085528829880802 ], [ -92.114238029801299, 15.083768689568606 ], [ -92.125826680289123, 15.067005679977079 ], [ -92.131707889782774, 15.064873710174924 ], [ -92.136475939978411, 15.068324200372631 ], [ -92.1448643797073, 15.05231401958447 ], [ -92.138490850467008, 15.032898879701728 ], [ -92.130407430265606, 15.024114309779995 ], [ -92.130849380119301, 15.013197289899287 ], [ -92.134379260299355, 15.005066980246182 ], [ -92.13923737044027, 15.00251101969611 ], [ -92.139438250457459, 14.99456951974034 ], [ -92.168582889203748, 14.981835200775517 ], [ -92.17791194959355, 14.984173400314825 ], [ -92.176802908949668, 14.97888695127746 ], [ -92.180519718689169, 14.974109719487789 ], [ -92.184002489773832, 14.976577020037833 ], [ -92.182601779907742, 14.991883749575017 ], [ -92.188054710282103, 14.993086681018573 ], [ -92.189453169582563, 14.999968650333221 ], [ -92.186034679971627, 15.027685660416417 ], [ -92.223972230266256, 15.032515000340261 ], [ -92.226854089689112, 15.040962721053205 ], [ -92.218906150097212, 15.0568053697782 ], [ -92.220748580384608, 15.062425110170178 ], [ -92.214817459849101, 15.076750711127323 ], [ -92.216568540263779, 15.078895220061304 ], [ -92.214506259851134, 15.078202380646529 ], [ -92.213306969995813, 15.085625289673835 ], [ -92.210871249873136, 15.08590868035018 ], [ -92.213409339791383, 15.088308220008015 ], [ -92.202333200024256, 15.110430540015058 ], [ -92.204950709905404, 15.116045250713306 ], [ -92.203888460388114, 15.129293200796251 ], [ -92.197433030048643, 15.137240510698152 ], [ -92.192923029705227, 15.137078510283102 ], [ -92.184767380210204, 15.143851289817491 ], [ -92.183753549487136, 15.153407400850956 ], [ -92.176494030102347, 15.16336766111371 ], [ -92.18218682978744, 15.16790288104646 ], [ -92.178931419759166, 15.183471229910696 ], [ -92.170893570027388, 15.188027550526799 ], [ -92.162864720289008, 15.201158719953787 ] ] ] } },
{ "type": "Feature", "properties": { "code": "07016", "stateCode": "07", "municipalityCode": "016", "name": "Catazajá" }, "geometry": { "type": "Polygon", "coordinates": [ [ [ -91.995671089842986, 17.942589969690744 ], [ -91.985155250071301, 17.920389059905258 ], [ -91.978452570276971, 17.913688650238761 ], [ -91.969930970405954, 17.910395259843614 ], [ -91.944986179754437, 17.910259509953594 ], [ -91.93959785010037, 17.906293060436045 ], [ -91.939434179983252, 17.901114950060865 ], [ -91.956832769721515, 17.879929910329484 ], [ -91.957081569902343, 17.870640260213339 ], [ -91.950574710447256, 17.864188050015027 ], [ -91.941411169588363, 17.863301490091615 ], [ -91.928061340040969, 17.870822509721574 ], [ -91.923905569637398, 17.882385200104121 ], [ -91.925496830027143, 17.891934170281381 ], [ -91.918127689976288, 17.899519650420391 ], [ -91.902966820177525, 17.896034230462714 ], [ -91.89416148027567, 17.887500260187846 ], [ -91.870689309689126, 17.890780720081512 ], [ -91.849686290168663, 17.882864600332347 ], [ -91.835405569682536, 17.886592819543917 ], [ -91.814140150270632, 17.900567890146014 ], [ -91.809271979915863, 17.896849149789787 ], [ -91.804368740006836, 17.868866449845928 ], [ -91.797966800187254, 17.862131050128198 ], [ -91.781872939396749, 17.854288221220731 ], [ -91.779532550271611, 17.849633980448967 ], [ -91.791812200212277, 17.830620519747534 ], [ -91.788195030430131, 17.807437059918399 ], [ -91.820293749584451, 17.796284539985916 ], [ -91.823572280426802, 17.796198230447658 ], [ -91.829167370296673, 17.812477910082745 ], [ -91.841888909900902, 17.816263940356773 ], [ -91.848433109574628, 17.825531660075818 ], [ -91.879338740149151, 17.826383279568173 ], [ -91.901040829678593, 17.839262400134452 ], [ -91.921906600388013, 17.83211420019321 ], [ -91.921119940431751, 17.821962079824601 ], [ -91.912091879898398, 17.821553280003432 ], [ -91.909517969783124, 17.818620539784003 ], [ -91.920848660216308, 17.813005370153043 ], [ -91.932696420222328, 17.812809020096179 ], [ -91.937892939618692, 17.804278139738138 ], [ -91.923702459988021, 17.788125659899517 ], [ -91.932032459757139, 17.780020779586344 ], [ -91.92384037998012, 17.770049690445667 ], [ -91.928900660329731, 17.766929090189663 ], [ -91.938286079852119, 17.770067909841988 ], [ -91.945746520021885, 17.768540140124067 ], [ -91.94053192024208, 17.766253379603608 ], [ -91.944178940261509, 17.757542290343846 ], [ -91.937486599994131, 17.759680029895442 ], [ -91.933557200052334, 17.750781820254673 ], [ -91.942360349862497, 17.747366000093667 ], [ -91.934095890234573, 17.74268552033039 ], [ -91.930998120331736, 17.72307642987861 ], [ -91.937878139776473, 17.722669260166999 ], [ -91.952369910191834, 17.734825139724265 ], [ -91.951398340227584, 17.702316890453893 ], [ -91.958694650264633, 17.69818138017148 ], [ -91.94067124992759, 17.671862170309407 ], [ -91.961460399932619, 17.654078890436683 ], [ -91.959168350392019, 17.651641139887822 ], [ -91.973185820384003, 17.643302220150058 ], [ -91.977012430365818, 17.636227510093143 ], [ -92.000058169977436, 17.661080090173797 ], [ -92.004170350070012, 17.658406829877062 ], [ -92.011958480169596, 17.668261429798832 ], [ -92.026597800331956, 17.65563638045105 ], [ -92.022445649950555, 17.65105811964148 ], [ -92.022349679704078, 17.638924819589629 ], [ -92.028825919720759, 17.638835060338682 ], [ -92.028621740368337, 17.630758289598695 ], [ -92.018425970041989, 17.630792169883069 ], [ -92.017231739546276, 17.612470510170862 ], [ -92.041077049636797, 17.592800140115859 ], [ -92.040950230339618, 17.595729539817526 ], [ -92.059951939759372, 17.603313919567206 ], [ -92.062282850152982, 17.60163426034725 ], [ -92.071654919928193, 17.613365579874543 ], [ -92.086058430326815, 17.614005979801867 ], [ -92.084750830051618, 17.61903414026861 ], [ -92.078894909571744, 17.623346750148691 ], [ -92.081308029551664, 17.63495922991396 ], [ -92.07938448018102, 17.645113570207531 ], [ -92.068431680154546, 17.660332369646621 ], [ -92.07198625020655, 17.67245632005023 ], [ -92.068265950410719, 17.67656807971284 ], [ -92.078639060209554, 17.679398139838202 ], [ -92.076616489595153, 17.686692079631221 ], [ -92.093912859885975, 17.686576260221194 ], [ -92.09174848981263, 17.697025629867412 ], [ -92.132085710443519, 17.698156680243194 ], [ -92.131982489742498, 17.709696430201099 ], [ -92.112989740274841, 17.709352510157608 ], [ -92.112716090211038, 17.723099310151841 ], [ -92.122138079710027, 17.721397259717637 ], [ -92.113607980428938, 17.74121888034864 ], [ -92.13184028955888, 17.741950219904972 ], [ -92.141150459572586, 17.71975274973515 ], [ -92.146550660206913, 17.718822429798653 ], [ -92.151312060004599, 17.723822939576241 ], [ -92.17394588973616, 17.732558980314771 ], [ -92.174136419978055, 17.729259320332226 ], [ -92.183322079826354, 17.732327540126782 ], [ -92.185557139743381, 17.744408309909641 ], [ -92.183311540136856, 17.757989490041989 ], [ -92.186359229579736, 17.763198739736666 ], [ -92.174447089770666, 17.758091449881086 ], [ -92.175003850147462, 17.755590260041135 ], [ -92.171747260294993, 17.757522449730349 ], [ -92.150777719770844, 17.750781259788244 ], [ -92.151708170478372, 17.764568879696679 ], [ -92.130825419760328, 17.766080350225128 ], [ -92.135971889722086, 17.779012310131712 ], [ -92.127138079654316, 17.785898379635007 ], [ -92.146582769549454, 17.814676000140366 ], [ -92.120481630125042, 17.795972690321811 ], [ -92.105535180282786, 17.812938720314161 ], [ -92.104601309574448, 17.827626020280505 ], [ -92.099398260112835, 17.834633569785833 ], [ -92.106462890018122, 17.838127050027555 ], [ -92.102033350384048, 17.850880169854367 ], [ -92.090497629803281, 17.850727780274948 ], [ -92.090468820002144, 17.856599490241326 ], [ -92.056308220360265, 17.846754449605605 ], [ -92.049407080053285, 17.85477203025966 ], [ -92.052457980339284, 17.867246109691255 ], [ -92.06054175019203, 17.871871679707336 ], [ -92.067307690468411, 17.870352919702889 ], [ -92.071797050177835, 17.877673649756691 ], [ -92.067073229612518, 17.876405769928922 ], [ -92.02969893999807, 17.889143940308085 ], [ -92.019707909858496, 17.887823920194737 ], [ -92.019249659848853, 17.895472079980816 ], [ -92.015546629548211, 17.897501119738752 ], [ -92.003355060087898, 17.890518180364101 ], [ -91.991289740136793, 17.919612309710146 ], [ -91.999887890044732, 17.943344650441059 ], [ -91.995671089842986, 17.942589969690744 ] ] ] } },
{ "type": "Feature", "properties": { "code": "07019", "stateCode": "07", "municipalityCode": "019", "name": "Comitán de Domínguez" }, "geometry": { "type": "Polygon", "coordinates": [ [ [ -92.319738489869977, 16.569197600215126 ], [ -92.285994490384496, 16.557924289816174 ], [ -92.282304910133277, 16.552995740415735 ], [ -92.274850170043408, 16.535443369725041 ], [ -92.268400060389084, 16.528184079968025 ], [ -92.272799180295195, 16.517784649874621 ], [ -92.215289169936923, 16.495534279953297 ], [ -92.176183630400232, 16.493495969786931 ], [ -92.182720279753582, 16.452271480202526 ], [ -92.157950089813099, 16.453747860377806 ], [ -92.159033920033139, 16.422784290029512 ], [ -92.155281769868381, 16.41611735033268 ], [ -92.175619569886251, 16.412281450310665 ], [ -92.16827824997344, 16.402005490190518 ], [ -92.154276569572545, 16.407525829537597 ], [ -92.153501799832355, 16.413163430341317 ], [ -92.132497339755744, 16.410788279810454 ], [ -92.131817319734523, 16.425214820170893 ], [ -92.116874290366852, 16.421730739758875 ], [ -92.119377690130221, 16.395772980324612 ], [ -92.113825630158686, 16.389792080449865 ], [ -92.107439259845279, 16.39548072038161 ], [ -92.105810679623076, 16.393149080349527 ], [ -92.092588980068214, 16.396379399829122 ], [ -92.086833000239977, 16.39095581971328 ], [ -92.087506749792922, 16.387288019889628 ], [ -92.078488489996616, 16.381675249584777 ], [ -92.083149549964148, 16.378283339973994 ], [ -92.082737459850065, 16.370775119887497 ], [ -92.064285630117453, 16.367879180424026 ], [ -92.062386520311094, 16.363741980442445 ], [ -92.065999949973516, 16.362784600281433 ], [ -92.051550430237654, 16.353319720041423 ], [ -92.051683169823548, 16.346004799751235 ], [ -92.058211709760457, 16.34282191979705 ], [ -92.054429950033366, 16.336756619743237 ], [ -92.045041750270912, 16.332060229662908 ], [ -92.024455369767836, 16.341091880131188 ], [ -92.035643909546025, 16.330082369940421 ], [ -92.044254260416054, 16.326201800256456 ], [ -92.045116510245776, 16.322749169609892 ], [ -92.048507690166517, 16.324140320165174 ], [ -92.061148140298556, 16.29669774015067 ], [ -92.056645680026293, 16.292555279619531 ], [ -92.045163379556911, 16.298145259660018 ], [ -92.048298290281494, 16.294641629714562 ], [ -92.028727539647988, 16.288940480263033 ], [ -92.024044540154975, 16.282422290175717 ], [ -92.034451249647773, 16.273365140386254 ], [ -92.033438020141276, 16.2624042202523 ], [ -92.051177250463468, 16.250120889916229 ], [ -92.042281050433985, 16.240749220378092 ], [ -92.04519985998671, 16.237414550032426 ], [ -92.016928310126488, 16.206964079837363 ], [ -92.017615630284396, 16.200806850219514 ], [ -92.001115629849266, 16.197655320404323 ], [ -91.997793089822039, 16.191569829596848 ], [ -92.002615540226472, 16.181791149640638 ], [ -91.999194720384935, 16.179850819899322 ], [ -91.996681599712403, 16.165950889746622 ], [ -92.001058230170514, 16.171413050174674 ], [ -92.004988049653633, 16.170438250070951 ], [ -92.015383690448317, 16.177465460198178 ], [ -92.02252154011552, 16.177674319561923 ], [ -92.025900650052392, 16.164762659804943 ], [ -92.050572369836289, 16.165513259606282 ], [ -92.045936050102213, 16.159647219883539 ], [ -92.082164829810722, 16.157193289721604 ], [ -92.07713767978214, 16.141498379870917 ], [ -92.080936020013766, 16.140012630379882 ], [ -92.084379549837905, 16.12910062993048 ], [ -92.087262109799937, 16.129585050264417 ], [ -92.094235200185764, 16.101373319978503 ], [ -92.100547319633662, 16.092062260382949 ], [ -92.09569552028772, 16.089930320066465 ], [ -92.085855220435775, 16.074368769880053 ], [ -92.091219910190716, 16.065761089612028 ], [ -92.108912969886916, 16.057134280123162 ], [ -92.142426830110651, 16.078483739579205 ], [ -92.165512340202383, 16.049481709886205 ], [ -92.175429149896189, 16.04943997002681 ], [ -92.175317860137994, 16.038654339840502 ], [ -92.178250000089605, 16.036155680063779 ], [ -92.168349260371485, 16.029361480301926 ], [ -92.169743340043212, 16.02236851960059 ], [ -92.175022739791515, 16.022973119678472 ], [ -92.177800769752224, 16.014005659612899 ], [ -92.188678020419928, 16.013685490034817 ], [ -92.197927969621503, 16.017819629681266 ], [ -92.206896199572668, 16.014360630041139 ], [ -92.206838080379526, 16.016554800336685 ], [ -92.244997090059613, 16.015568569978662 ], [ -92.249964380407619, 16.065585259945127 ], [ -92.240398710121269, 16.070840820115546 ], [ -92.229894319632052, 16.067547490372615 ], [ -92.21616249039576, 16.07922202985414 ], [ -92.216191519862377, 16.086073120318456 ], [ -92.233417720340313, 16.091219800235194 ], [ -92.229355619965176, 16.098635580016666 ], [ -92.193323850269664, 16.098003030020088 ], [ -92.191775879799096, 16.095523690380247 ], [ -92.182447860344624, 16.103492860039026 ], [ -92.182443969562897, 16.113999739589506 ], [ -92.160801940021599, 16.131120739665072 ], [ -92.152318799864432, 16.14339429022133 ], [ -92.156875800239931, 16.151502320031497 ], [ -92.157377000126587, 16.160448509950541 ], [ -92.142891510225368, 16.167809740236738 ], [ -92.139039509690775, 16.174902290277188 ], [ -92.152714250022441, 16.180433109697532 ], [ -92.148853370435603, 16.186241429702893 ], [ -92.160454650334657, 16.203604889615139 ], [ -92.157769350284383, 16.20421601981711 ], [ -92.161906539748443, 16.212555400259415 ], [ -92.177368830161655, 16.197563179934207 ], [ -92.181325379961947, 16.203298370087463 ], [ -92.189198399960375, 16.204124259960288 ], [ -92.191650259568121, 16.212016249810837 ], [ -92.197946519992811, 16.21522853999759 ], [ -92.203579419844303, 16.224360940216606 ], [ -92.191049180293788, 16.230053480291186 ], [ -92.195097510023501, 16.23816489012151 ], [ -92.20944974954007, 16.22854664992515 ], [ -92.226651940111807, 16.247051250396638 ], [ -92.248514289759285, 16.251783340027309 ], [ -92.258059680401502, 16.25882522997847 ], [ -92.27764305983537, 16.262464719662614 ], [ -92.278342619868738, 16.265935150069947 ], [ -92.275225999860012, 16.266635979720263 ], [ -92.279424570108617, 16.270249420401136 ], [ -92.288272889636431, 16.269607259771409 ], [ -92.28847015040806, 16.239178430140136 ], [ -92.307223000129838, 16.225815520339019 ], [ -92.310365059545376, 16.238142599945956 ], [ -92.309436119627009, 16.252036629743245 ], [ -92.300957890106204, 16.259311580038798 ], [ -92.31029360036446, 16.276691769733301 ], [ -92.314135949576567, 16.28137842031126 ], [ -92.319080540334241, 16.28149172036288 ], [ -92.308836659693355, 16.299706229650056 ], [ -92.310630999722633, 16.302284339547981 ], [ -92.294273349798729, 16.301766180015449 ], [ -92.29343296960306, 16.303884769621096 ], [ -92.28954133970376, 16.301067969869596 ], [ -92.274843020162308, 16.304925419576499 ], [ -92.279668709782683, 16.31240098034117 ], [ -92.288377949837212, 16.310716080294942 ], [ -92.292346539905694, 16.31424613975096 ], [ -92.287812920174247, 16.322614489903177 ], [ -92.306640480356478, 16.351651690413885 ], [ -92.314648950006998, 16.358641550192019 ], [ -92.309541449950004, 16.369049689958906 ], [ -92.300719520252954, 16.377112280301532 ], [ -92.292518430261609, 16.376899229902648 ], [ -92.298582139906628, 16.390997310000785 ], [ -92.294464770444122, 16.388192319987272 ], [ -92.288024230359568, 16.393604089733206 ], [ -92.29475346031245, 16.397314459926324 ], [ -92.296019450261269, 16.392548710361481 ], [ -92.30119745006381, 16.393711540346608 ], [ -92.30349497039181, 16.385179460068024 ], [ -92.320547720177629, 16.375471580208568 ], [ -92.315197029980922, 16.41271208961269 ], [ -92.310160180427786, 16.413964679602444 ], [ -92.297109950016065, 16.431367720139495 ], [ -92.320669260387746, 16.458807950110561 ], [ -92.312411979432625, 16.464818020023902 ], [ -92.308147309262495, 16.472605780063343 ], [ -92.3197351989281, 16.485566320290687 ], [ -92.311463509387778, 16.495681979975025 ], [ -92.315824599253105, 16.504480549574534 ], [ -92.322549109302614, 16.506072289890962 ], [ -92.329843518999681, 16.514060459635598 ], [ -92.338810878958213, 16.513820319523489 ], [ -92.339412938618992, 16.509713079687689 ], [ -92.349170319297485, 16.509018109810466 ], [ -92.353172150346751, 16.513378060190131 ], [ -92.329645848716524, 16.528532030063943 ], [ -92.329225260193112, 16.549676850413274 ], [ -92.324741259980073, 16.56714640032828 ], [ -92.319738489869977, 16.569197600215126 ] ] ] } },
{ "type": "Feature", "properties": { "code": "07020", "stateCode": "07", "municipalityCode": "020", "name": "La Concordia" }, "geometry": { "type": "Polygon", "coordinates": [ [ [ -92.872002350249602, 16.255676661084749 ], [ -92.869461690340799, 16.249464519821789 ], [ -92.842353779376253, 16.245186090461821 ], [ -92.83138476941096, 16.240047421242224 ], [ -92.813231059814456, 16.243118419932294 ], [ -92.811264339737647, 16.238800951088486 ], [ -92.799755198855479, 16.242700660298777 ], [ -92.799575109354848, 16.238653539941556 ], [ -92.794622310097836, 16.238300861216679 ], [ -92.783372849235064, 16.222986060035648 ], [ -92.784397918730448, 16.212415320528155 ], [ -92.794780938615077, 16.211326850325317 ], [ -92.791536720413816, 16.206365490748091 ], [ -92.783626309259475, 16.207211051041973 ], [ -92.774170679893388, 16.203114170691091 ], [ -92.77899608865458, 16.20444212033814 ], [ -92.780157378801533, 16.201762311233701 ], [ -92.766070029953653, 16.187813650161484 ], [ -92.761309799267906, 16.18829062096151 ], [ -92.763398199080385, 16.191657859947945 ], [ -92.7544079494985, 16.190385979702281 ], [ -92.752240289797925, 16.184351141289497 ], [ -92.747856029077212, 16.194191620010731 ], [ -92.738096769034286, 16.196596680319001 ], [ -92.735489309742121, 16.202921460982729 ], [ -92.73204630927286, 16.199922030155971 ], [ -92.72294322991111, 16.211628569952463 ], [ -92.712198819885458, 16.211835490734472 ], [ -92.706380419065724, 16.205094490242406 ], [ -92.704623028900343, 16.197476429548807 ], [ -92.697856148763805, 16.197439400059878 ], [ -92.687880309007284, 16.190137019579918 ], [ -92.678666049924942, 16.188894090122872 ], [ -92.672923169622436, 16.182473400649254 ], [ -92.662797339634864, 16.179063200985365 ], [ -92.658681738997032, 16.173288460025038 ], [ -92.6459012792631, 16.171335940435259 ], [ -92.623640750173649, 16.158602940777385 ], [ -92.619665750323421, 16.15938806128209 ], [ -92.606261178665378, 16.148395650901247 ], [ -92.5990258186647, 16.148552550067162 ], [ -92.576660319552715, 16.1230164895223 ], [ -92.564247119399326, 16.135097060838049 ], [ -92.533605490023376, 16.144351570622934 ], [ -92.481549720085525, 16.143008219822892 ], [ -92.481932969847193, 16.134352400256944 ], [ -92.504701230087463, 16.133464459667934 ], [ -92.510011720459346, 16.125259510088529 ], [ -92.523019709791143, 16.127344919667674 ], [ -92.527360509949162, 16.119951889725641 ], [ -92.533075219716281, 16.120505800221103 ], [ -92.558450819831464, 16.110717629829761 ], [ -92.552085449922998, 16.097773019967875 ], [ -92.543986829677337, 16.091190340106596 ], [ -92.53783428983003, 16.075940310388365 ], [ -92.523553570169597, 16.064417629846041 ], [ -92.506933450326301, 16.060336420080841 ], [ -92.502462600383069, 16.055734919863777 ], [ -92.487255289602061, 16.05077462999774 ], [ -92.481242249584128, 16.041623060264435 ], [ -92.468516720159272, 16.038406259983891 ], [ -92.468659770289904, 16.035461340022035 ], [ -92.456226720313836, 16.035941860342803 ], [ -92.453673910068588, 16.041466489771913 ], [ -92.447282230220878, 16.034456920429761 ], [ -92.432097709937949, 16.028955220077375 ], [ -92.427952279593924, 16.015505109647457 ], [ -92.421872980147867, 16.018530919648558 ], [ -92.41882234991003, 16.011419280286695 ], [ -92.416303950308119, 16.014163289710464 ], [ -92.408821540014316, 16.007132920442938 ], [ -92.405141579999281, 16.011640249842646 ], [ -92.393636479674015, 16.005956079762566 ], [ -92.382571149646466, 16.009242089892332 ], [ -92.381682310125456, 16.005025229617033 ], [ -92.363623059624445, 16.001223080091236 ], [ -92.352362569582894, 15.989367089722027 ], [ -92.344819509898102, 15.996790750037555 ], [ -92.340826510042433, 15.993315320092329 ], [ -92.344697879849193, 15.991383049952594 ], [ -92.341359630039875, 15.989182250107451 ], [ -92.342640049975074, 15.987002249817603 ], [ -92.336188919560186, 15.991186459772409 ], [ -92.32936234970019, 15.989344719998313 ], [ -92.330696709546615, 15.981093319886769 ], [ -92.325701180406526, 15.977771479946634 ], [ -92.327943400423422, 15.975131150430178 ], [ -92.325031109699324, 15.96882430999762 ], [ -92.332545320369789, 15.963506920217512 ], [ -92.298221679874757, 15.970293879959133 ], [ -92.295508450224787, 15.965264080193478 ], [ -92.305060850258172, 15.957365939675086 ], [ -92.306425710134391, 15.962216720305463 ], [ -92.327589150210343, 15.960394219704053 ], [ -92.335230920200274, 15.954361380078176 ], [ -92.33802585975468, 15.94709774037282 ], [ -92.343771340354039, 15.946651950360271 ], [ -92.364519319859639, 15.925544230216868 ], [ -92.390654980272856, 15.879156800033124 ], [ -92.390247169826765, 15.87610275026686 ], [ -92.372364770007309, 15.867294779910141 ], [ -92.38807290964283, 15.834846080247278 ], [ -92.47553502004051, 15.891929620265023 ], [ -92.477338139709104, 15.90212382955081 ], [ -92.474814280433037, 15.90426654006796 ], [ -92.480583219828077, 15.905897709749397 ], [ -92.482080419576846, 15.898545909929823 ], [ -92.488578230281433, 15.896294260159465 ], [ -92.525330690356, 15.928874079602409 ], [ -92.53336555029054, 15.921286179661813 ], [ -92.547065060047103, 15.890318719851924 ], [ -92.559188879741868, 15.886675979676992 ], [ -92.587130460184525, 15.88892648974527 ], [ -92.598634489770561, 15.871711340034203 ], [ -92.615208890434744, 15.859144460221589 ], [ -92.62124550964478, 15.887757350018537 ], [ -92.636173580440357, 15.882484490347059 ], [ -92.650380429647541, 15.897779980345547 ], [ -92.650907710361309, 15.906254250375488 ], [ -92.66118830972492, 15.917030249838643 ], [ -92.668348739723115, 15.916606280145443 ], [ -92.669992140342728, 15.906552850031884 ], [ -92.694062459782387, 15.898177540373176 ], [ -92.696766920144199, 15.892180739578389 ], [ -92.710449029818818, 15.890933580057817 ], [ -92.724005320281307, 15.885359090064341 ], [ -92.733672950119256, 15.873722140561604 ], [ -92.733473199556386, 15.869109920209365 ], [ -92.741800079699132, 15.86713670963511 ], [ -92.751420690337952, 15.856943259922179 ], [ -92.775844850230499, 15.857899020438422 ], [ -92.799415030326429, 15.841961419840867 ], [ -92.80912085014252, 15.828844309767621 ], [ -92.78422028966159, 15.824295489893334 ], [ -92.818004020046246, 15.791845430096286 ], [ -92.813997029807567, 15.78224795035449 ], [ -92.822394229937458, 15.783216000270762 ], [ -92.827189629597726, 15.774237450022808 ], [ -92.825863769625244, 15.763941889999968 ], [ -92.829706709797364, 15.755351150043101 ], [ -92.818960339850491, 15.752877369634682 ], [ -92.816225450092489, 15.745526459685898 ], [ -92.801777739547049, 15.730056749830231 ], [ -92.806552260342855, 15.71890098011489 ], [ -92.817428079878752, 15.72933962973163 ], [ -92.830296819994416, 15.71470486034066 ], [ -92.826151080239825, 15.707764939672117 ], [ -92.81502435017542, 15.714804089709959 ], [ -92.806154919706941, 15.714615340039867 ], [ -92.829638569979394, 15.666786449867365 ], [ -92.835871179651477, 15.669059379919183 ], [ -92.844589889683277, 15.66446585960469 ], [ -92.862777050217105, 15.671357220403584 ], [ -92.887421319927981, 15.674328799857093 ], [ -92.895849949595558, 15.680009539533835 ], [ -92.895896890380712, 15.696141020058555 ], [ -92.898789079811138, 15.698175659850117 ], [ -92.90633173972428, 15.69283210995834 ], [ -92.914369599556423, 15.695019259740471 ], [ -92.918290940074542, 15.688023889790115 ], [ -92.927247749586599, 15.68281129039581 ], [ -92.930500909849471, 15.684205229643029 ], [ -92.938853550298248, 15.676563679936615 ], [ -92.947260170191967, 15.679527349875379 ], [ -92.963433139870716, 15.674484489808894 ], [ -92.986427089922586, 15.692910829939208 ], [ -92.98088780000181, 15.69923844976439 ], [ -92.989882919837981, 15.704687149963124 ], [ -92.995159280205243, 15.723171459842105 ], [ -93.02297106001464, 15.727504600107565 ], [ -93.022446249590772, 15.729636570000046 ], [ -93.044618660220692, 15.724234830372051 ], [ -93.043777379865261, 15.736016230261582 ], [ -93.058683970201528, 15.733669800462199 ], [ -93.061747850081147, 15.759995919770272 ], [ -93.108342619873198, 15.755898230435484 ], [ -93.097610369925249, 15.772974200115319 ], [ -93.089974119892489, 15.776553709963983 ], [ -93.092688279727483, 15.7826075399717 ], [ -93.084377920454159, 15.787890050147075 ], [ -93.095986279740615, 15.80204442007358 ], [ -93.097753679838448, 15.80878754999878 ], [ -93.093173750134895, 15.818726079775445 ], [ -93.094610919770403, 15.827548419623902 ], [ -93.101086260425276, 15.829947540001863 ], [ -93.121649380086097, 15.848307419823096 ], [ -93.129593340061419, 15.860517580329908 ], [ -93.115952370261738, 15.854967780415103 ], [ -93.10743349016127, 15.860484449983787 ], [ -93.108936980011492, 15.865603660262012 ], [ -93.104392170336595, 15.868624940099126 ], [ -93.096118549664126, 15.868114020110498 ], [ -93.08981793958543, 15.87542650996574 ], [ -93.07787857009103, 15.871805259625907 ], [ -93.086725779571864, 15.881084310261178 ], [ -93.078483919809585, 15.881644520069761 ], [ -93.092338289736503, 15.893879139880157 ], [ -93.090186019845049, 15.899268289902899 ], [ -93.094984620227052, 15.899431079825856 ], [ -93.08461151004181, 15.905576569686362 ], [ -93.094639649587037, 15.916459340386551 ], [ -93.08841188979288, 15.921354310290722 ], [ -93.09016640021099, 15.927805109946707 ], [ -93.087727689580319, 15.930389110097639 ], [ -93.083100829586698, 15.929325659975902 ], [ -93.077594170072715, 15.932800830275703 ], [ -93.073774720371162, 15.944698279855778 ], [ -93.052336509975817, 15.939246569781504 ], [ -93.050665679569505, 15.945131050048534 ], [ -93.039804109951362, 15.945526920164488 ], [ -93.035315150319121, 15.955321979759704 ], [ -93.024259229859794, 15.951482849764982 ], [ -93.032665619782449, 15.947084859653465 ], [ -93.024478649637217, 15.944132579617532 ], [ -93.0155790604407, 15.947173749584469 ], [ -93.008397660146898, 15.966661149819402 ], [ -93.009681580100988, 15.977644720178414 ], [ -93.005792720187344, 15.98075800044036 ], [ -93.000095230029359, 15.975758649916308 ], [ -92.988766750031445, 15.984063980249658 ], [ -92.993067060206101, 15.989772510452729 ], [ -92.988547339803802, 15.997064250251723 ], [ -92.990449719568389, 15.998284819726868 ], [ -92.982339460026026, 16.004364140300595 ], [ -92.985400059883801, 16.019834199779503 ], [ -92.975830459980671, 16.028706649626965 ], [ -92.974426780360872, 16.034486780231362 ], [ -92.969026139571568, 16.033448579942473 ], [ -92.963502549701033, 16.037648539644294 ], [ -92.965368319676486, 16.051659260193635 ], [ -92.951905080439687, 16.06674336962892 ], [ -92.95408917956091, 16.067698370195536 ], [ -92.952366030176833, 16.070924800373003 ], [ -92.944680660302978, 16.07369118005133 ], [ -92.94103454952932, 16.083232290224643 ], [ -92.936092420225577, 16.086013950329715 ], [ -92.933900849748639, 16.095385939544883 ], [ -92.91706632023751, 16.124734889859958 ], [ -92.920955230201372, 16.140107819929334 ], [ -92.90942315033314, 16.147627510031057 ], [ -92.90823138002375, 16.153976380252523 ], [ -92.89837273985934, 16.164568150072338 ], [ -92.874383000033191, 16.223483570048597 ], [ -92.870734650176104, 16.22377797988425 ], [ -92.870718219715371, 16.219533000006244 ], [ -92.868642550128357, 16.222571800159375 ], [ -92.867619540039669, 16.219125619733216 ], [ -92.86809591026234, 16.224594319667794 ], [ -92.862607939565578, 16.219530260092323 ], [ -92.860073060146377, 16.220121779761826 ], [ -92.862182679763734, 16.223645199720746 ], [ -92.858535620326336, 16.222104249723461 ], [ -92.858015750259497, 16.225955659885322 ], [ -92.865769079606068, 16.231744249959771 ], [ -92.865062319906727, 16.234853149689709 ], [ -92.886197679901557, 16.247452580267559 ], [ -92.881634119962456, 16.249218510207342 ], [ -92.88034404998568, 16.253369489866817 ], [ -92.872858279542697, 16.252325949888746 ], [ -92.872002350249602, 16.255676661084749 ] ] ] } },
{ "type": "Feature", "properties": { "code": "07021", "stateCode": "07", "municipalityCode": "021", "name": "Copainalá" }, "geometry": { "type": "Polygon", "coordinates": [ [ [ -93.243827250286415, 17.22206664960547 ], [ -93.222602679878108, 17.214863260293562 ], [ -93.21924834029808, 17.199626230325112 ], [ -93.225536289804907, 17.199647119969281 ], [ -93.21470003028206, 17.182341520158797 ], [ -93.215320249780106, 17.186276059994576 ], [ -93.206452230427445, 17.184748349665789 ], [ -93.198361749603862, 17.189077520138955 ], [ -93.196319919765031, 17.194948709877604 ], [ -93.191420220240587, 17.188623800007246 ], [ -93.193769090350386, 17.185581309887869 ], [ -93.191959799581099, 17.177421089887154 ], [ -93.197608860426968, 17.172252340182755 ], [ -93.197718770433156, 17.164465319756101 ], [ -93.209261290070344, 17.136067289889347 ], [ -93.179974980325198, 17.118004860458576 ], [ -93.166460260442761, 17.10282782998182 ], [ -93.167690939782418, 17.097240459812912 ], [ -93.163327229843205, 17.09942585026236 ], [ -93.142969909607146, 17.09551964992378 ], [ -93.157825340037775, 17.084671310021289 ], [ -93.148060739750065, 17.076230859599235 ], [ -93.146373879775666, 17.080089970032859 ], [ -93.139620509593598, 17.077825459530384 ], [ -93.148516970285968, 17.067947680086959 ], [ -93.148308649622038, 17.061196509989689 ], [ -93.140468379798392, 17.062847969992394 ], [ -93.136080339847481, 17.052606080426862 ], [ -93.139109999838354, 17.052582250060713 ], [ -93.138128860325992, 17.048932229874602 ], [ -93.135082340394263, 17.049282429978543 ], [ -93.135450429791192, 17.045100419607326 ], [ -93.147767290163685, 17.040873800313339 ], [ -93.142532950218992, 17.032624719957305 ], [ -93.148807950072012, 17.025772519629381 ], [ -93.151636150299396, 17.026438570045034 ], [ -93.14923846027294, 17.022099090021346 ], [ -93.169266309847828, 17.011429170226521 ], [ -93.171636059855587, 17.01394802968964 ], [ -93.184837279919137, 17.002748259868252 ], [ -93.201476850249932, 17.028894769608808 ], [ -93.20751425958349, 17.031275770169334 ], [ -93.222240939766436, 17.03006900014875 ], [ -93.266358419570054, 17.016235619829114 ], [ -93.277682970316079, 17.005967319676341 ], [ -93.286886620396672, 17.002777539647713 ], [ -93.297222079989709, 17.011427429549308 ], [ -93.314158289245754, 17.010976570336474 ], [ -93.328061679920978, 17.019967980310955 ], [ -93.330216308861083, 17.015847859702593 ], [ -93.333061379858862, 17.016717380479523 ], [ -93.329364379807544, 17.019928490993887 ], [ -93.349005859072989, 17.026381459857635 ], [ -93.361157620144752, 17.026523651253552 ], [ -93.361839518775255, 17.02305987992187 ], [ -93.366983818645224, 17.02423643048661 ], [ -93.365186399228676, 17.021718169831676 ], [ -93.372016920022844, 17.023007709696699 ], [ -93.373706849976045, 17.033200030037655 ], [ -93.367386349710088, 17.046395979901977 ], [ -93.372115369676678, 17.0537061202782 ], [ -93.376986000003157, 17.054375620362343 ], [ -93.374828169882605, 17.064840199850732 ], [ -93.380338030135306, 17.067459800104288 ], [ -93.378780909579959, 17.077066179740424 ], [ -93.368900540121786, 17.079080179556271 ], [ -93.36419914957122, 17.085374689816582 ], [ -93.349417520153253, 17.079569570023335 ], [ -93.345618170110072, 17.089520909764563 ], [ -93.321392449583328, 17.095375150205694 ], [ -93.3142244001763, 17.115472089840903 ], [ -93.311533379844121, 17.117037889718933 ], [ -93.308793370332424, 17.114068750151027 ], [ -93.30502285032054, 17.116806460015045 ], [ -93.309754319549654, 17.124010880125592 ], [ -93.296591290142402, 17.131938829946026 ], [ -93.294900259790509, 17.137529480192345 ], [ -93.298599509936764, 17.138369229919935 ], [ -93.296017489640803, 17.146175380103401 ], [ -93.298720859751555, 17.153275149892135 ], [ -93.293746549905848, 17.158594819793933 ], [ -93.288884829612286, 17.158405110242757 ], [ -93.288855820011946, 17.17129768005794 ], [ -93.293998179827909, 17.171572570152343 ], [ -93.292979260174533, 17.177596829717395 ], [ -93.278124310192638, 17.191948229829688 ], [ -93.290637079734765, 17.202375310173373 ], [ -93.287299769859345, 17.203911089833323 ], [ -93.292065690342554, 17.203621570459092 ], [ -93.299991969981377, 17.210265859783071 ], [ -93.30021123004407, 17.21524802994157 ], [ -93.296280030269614, 17.219457910427383 ], [ -93.286126539834541, 17.221389909609353 ], [ -93.277252509864539, 17.209209779950367 ], [ -93.266181490228803, 17.214648179664355 ], [ -93.262719649792857, 17.220352030299058 ], [ -93.264334979719649, 17.224059320096821 ], [ -93.250295169582103, 17.222109649832991 ], [ -93.250462820265085, 17.228398259575286 ], [ -93.246232799750928, 17.228533169711433 ], [ -93.243827250286415, 17.22206664960547 ] ] ] } },
{ "type": "Feature", "properties": { "code": "07033", "stateCode": "07", "municipalityCode": "033", "name": "Francisco León" }, "geometry": { "type": "Polygon", "coordinates": [ [ [ -93.226035739907289, 17.35286166022173 ], [ -93.230096320453697, 17.348269659680152 ], [ -93.220477980017179, 17.332936370338917 ], [ -93.215809319894177, 17.33162393986473 ], [ -93.198685400147028, 17.293762259743158 ], [ -93.185520880326365, 17.275717509969503 ], [ -93.185676949905016, 17.27156669020302 ], [ -93.192399030448385, 17.269733030196313 ], [ -93.192939279640825, 17.264855489528525 ], [ -93.19107521989379, 17.262817910324081 ], [ -93.182811149549707, 17.271936380203609 ], [ -93.178505149776214, 17.26651982020277 ], [ -93.192452080436112, 17.260592539713397 ], [ -93.188420180203153, 17.252121689600344 ], [ -93.180413200267992, 17.246942569588107 ], [ -93.209396539779576, 17.231789150222227 ], [ -93.222602679878108, 17.214863260293562 ], [ -93.243827250286415, 17.22206664960547 ], [ -93.246232799750928, 17.228533169711433 ], [ -93.244539080095507, 17.240037940010353 ], [ -93.247310830146105, 17.244712510193555 ], [ -93.262221850112979, 17.240622780079203 ], [ -93.270243970260765, 17.227624110157773 ], [ -93.275510799946431, 17.229041199557823 ], [ -93.283645709947137, 17.221308750033987 ], [ -93.286750710147047, 17.230246879997349 ], [ -93.29634264967784, 17.231796260291414 ], [ -93.292010030244853, 17.245940549848061 ], [ -93.283130550402745, 17.244701880411501 ], [ -93.28198757973901, 17.247230429575918 ], [ -93.282095879839744, 17.262951519830914 ], [ -93.288259139765373, 17.270352290027169 ], [ -93.298007109678323, 17.263099829920254 ], [ -93.301101939949817, 17.263100369818286 ], [ -93.299087249896317, 17.265474680314522 ], [ -93.337269169643747, 17.269629170116552 ], [ -93.349417980280307, 17.265744200120988 ], [ -93.356922829573492, 17.268081749722441 ], [ -93.366543849971762, 17.265209719800065 ], [ -93.380614980343509, 17.269530339591853 ], [ -93.384197420308368, 17.318756830338092 ], [ -93.345378138671251, 17.331475599688449 ], [ -93.333760060237168, 17.331415601312578 ], [ -93.320349830160851, 17.351837450352033 ], [ -93.271578880151878, 17.352561651365789 ], [ -93.264999850071263, 17.359965890615051 ], [ -93.242002019937587, 17.367766579544863 ], [ -93.226035739907289, 17.35286166022173 ] ] ] } },
{ "type": "Feature", "properties": { "code": "07053", "stateCode": "07", "municipalityCode": "053", "name": "Mazapa de Madero" }, "geometry": { "type": "Polygon", "coordinates": [ [ [ -92.203283689804451, 15.455121450399131 ], [ -92.161738580365622, 15.449261509656358 ], [ -92.153962290049492, 15.428392460215427 ], [ -92.144955519599719, 15.418849630337265 ], [ -92.150180309972583, 15.415570489569198 ], [ -92.144981180114371, 15.407211230059568 ], [ -92.128726769832184, 15.399904600108885 ], [ -92.210034379740819, 15.261158909687389 ], [ -92.217254200373688, 15.262301949680563 ], [ -92.228818519674817, 15.275153579963801 ], [ -92.235752889939974, 15.306188020287847 ], [ -92.233804800375637, 15.314325399779097 ], [ -92.223197550021908, 15.314380090077989 ], [ -92.222625309861755, 15.293418879924346 ], [ -92.218197970077568, 15.294573799759352 ], [ -92.2134444502625, 15.29853589011438 ], [ -92.214695150078924, 15.313719249941428 ], [ -92.205851430040028, 15.312835379994551 ], [ -92.185381819545313, 15.329269030362505 ], [ -92.191429119876275, 15.342844119953769 ], [ -92.212872569917124, 15.349656260271139 ], [ -92.216430570064858, 15.36940616984308 ], [ -92.213182369986086, 15.36891405033643 ], [ -92.212689659877981, 15.373513859691084 ], [ -92.222230479959521, 15.378794879800093 ], [ -92.22131794034415, 15.391691120236112 ], [ -92.215414049956252, 15.395759400080754 ], [ -92.203283689804451, 15.455121450399131 ] ] ] } },
{ "type": "Feature", "properties": { "code": "07025", "stateCode": "07", "municipalityCode": "025", "name": "Chapultenango" }, "geometry": { "type": "Polygon", "coordinates": [ [ [ -93.204832259692708, 17.409358060062374 ], [ -93.191160079877179, 17.408028769588739 ], [ -93.188292180379989, 17.397418060029906 ], [ -93.169926489647551, 17.397394089624303 ], [ -93.151912379661937, 17.392621149800878 ], [ -93.154273709970681, 17.384881489771363 ], [ -93.156287909541973, 17.385761180022172 ], [ -93.152444740071203, 17.375245740053899 ], [ -93.139685680283179, 17.375585340170115 ], [ -93.137224849696523, 17.372837349982415 ], [ -93.138850880220929, 17.364780690052243 ], [ -93.130319340430503, 17.361563220442118 ], [ -93.099161259915519, 17.35820004976722 ], [ -93.098153120410487, 17.36649885999481 ], [ -93.086326310000942, 17.36675311000392 ], [ -93.082763490221879, 17.364103429724665 ], [ -93.08277032026578, 17.372034080237263 ], [ -93.080513739950064, 17.375423090065429 ], [ -93.078430479681899, 17.369820970416217 ], [ -93.08168657038631, 17.366662850268323 ], [ -93.077193310249953, 17.364514379780921 ], [ -93.073077939551027, 17.368557489685749 ], [ -93.059647120479838, 17.370517279596612 ], [ -93.060592889799551, 17.374505629819833 ], [ -93.049778620128777, 17.379921580231986 ], [ -93.043837539729523, 17.370383230179232 ], [ -93.053021459596692, 17.33465587959935 ], [ -93.049839600299023, 17.328324999849386 ], [ -93.047556770246601, 17.329677950375423 ], [ -93.04661122896124, 17.327319679849968 ], [ -93.051833820012575, 17.32514775044265 ], [ -93.045498088598592, 17.319768120005417 ], [ -93.044594799195025, 17.314969090019623 ], [ -93.065327060182085, 17.296103340219123 ], [ -93.068712449986791, 17.267588850063078 ], [ -93.098028819888398, 17.267923680197889 ], [ -93.105267419790962, 17.271576059913421 ], [ -93.109625860396932, 17.278142480014804 ], [ -93.117138750310346, 17.280616369905388 ], [ -93.142210820061166, 17.273914139876219 ], [ -93.158841490112422, 17.261965050409046 ], [ -93.16215005041191, 17.265115739969165 ], [ -93.175489949912119, 17.26478454981044 ], [ -93.182811149549707, 17.271936380203609 ], [ -93.191840709854645, 17.262978749891477 ], [ -93.192399030448385, 17.269733030196313 ], [ -93.185676949905016, 17.27156669020302 ], [ -93.185520880326365, 17.275717509969503 ], [ -93.198685400147028, 17.293762259743158 ], [ -93.216023429575571, 17.33367121963477 ], [ -93.195615919895076, 17.344206059572009 ], [ -93.186356350459604, 17.343194569969697 ], [ -93.179208180147768, 17.336333220401112 ], [ -93.174230150308787, 17.343317059915012 ], [ -93.177219880341482, 17.344302920352099 ], [ -93.177207820345373, 17.350447430366088 ], [ -93.171821150289091, 17.349203780106325 ], [ -93.171364050386458, 17.355433779635252 ], [ -93.175543979687518, 17.356723890008443 ], [ -93.175300949626859, 17.362178340283823 ], [ -93.199571339808074, 17.366166140283543 ], [ -93.199777420214588, 17.385647429681548 ], [ -93.207649739734762, 17.38188339963683 ], [ -93.210170000273052, 17.391691540385576 ], [ -93.207982570368443, 17.404523349983663 ], [ -93.204832259692708, 17.409358060062374 ] ] ] } },
{ "type": "Feature", "properties": { "code": "07026", "stateCode": "07", "municipalityCode": "026", "name": "Chenalhó" }, "geometry": { "type": "Polygon", "coordinates": [ [ [ -92.543408630286805, 17.07238420034221 ], [ -92.513892750385693, 17.059205680924858 ], [ -92.501311579957104, 17.049234510166311 ], [ -92.51442733961494, 17.029289651077445 ], [ -92.503556020377033, 17.030602451224162 ], [ -92.507471599891289, 17.016883570133672 ], [ -92.516237980470109, 17.015883689862523 ], [ -92.507859649793389, 17.00365792001444 ], [ -92.496662200003627, 17.002954030867404 ], [ -92.49834078000238, 16.995492090072609 ], [ -92.493318000132334, 16.96863971056295 ], [ -92.447433169626521, 16.977029820668406 ], [ -92.438320059594645, 16.98517980014455 ], [ -92.458237310034193, 16.962621001993657 ], [ -92.453760540401944, 16.945941450101365 ], [ -92.437190620096715, 16.92838150993472 ], [ -92.464953149839388, 16.934205059784528 ], [ -92.480414939697283, 16.928510921046442 ], [ -92.485213259933985, 16.930878200028538 ], [ -92.491620749787458, 16.922135249933355 ], [ -92.493960819570773, 16.908824180402327 ], [ -92.49859502006656, 16.903211460530613 ], [ -92.516404829823529, 16.898690489752582 ], [ -92.516971679719262, 16.888358890242682 ], [ -92.526649629626675, 16.900493289951903 ], [ -92.541192550018351, 16.892341311271924 ], [ -92.56295270996192, 16.894385689774023 ], [ -92.569085690015712, 16.901044490246367 ], [ -92.57898326030174, 16.892936420397707 ], [ -92.579315780457421, 16.888389049808598 ], [ -92.593030690427995, 16.882939199844181 ], [ -92.591231349845245, 16.879891770070941 ], [ -92.602371829591931, 16.870725969763029 ], [ -92.610008649955773, 16.870698769893075 ], [ -92.624481749612713, 16.880355380837727 ], [ -92.63236674996088, 16.881705770594735 ], [ -92.635727279639468, 16.876893569718927 ], [ -92.642675339663825, 16.875580149574155 ], [ -92.666535599823106, 16.882245309812681 ], [ -92.66578617997699, 16.889324629966747 ], [ -92.672271890211888, 16.882162420219309 ], [ -92.666744650394591, 16.901905720111117 ], [ -92.657246620409978, 16.907592139720322 ], [ -92.651718280355112, 16.923150849746154 ], [ -92.654733659632441, 16.92870914035452 ], [ -92.660639289566859, 16.920243651316703 ], [ -92.676550649669764, 16.923011890567018 ], [ -92.695730230368241, 16.934502031019193 ], [ -92.700203020184759, 16.954412861189233 ], [ -92.69394301949535, 16.97288631078564 ], [ -92.709888049570239, 16.982270090393509 ], [ -92.680756879966253, 16.988360649862148 ], [ -92.654193859906002, 16.979938769895064 ], [ -92.656687719820752, 16.96194609043566 ], [ -92.639864280388849, 16.961643659749338 ], [ -92.627363780266819, 16.954088420737303 ], [ -92.617155819784259, 16.956916219832088 ], [ -92.605164830140851, 16.955347370172589 ], [ -92.600716720090745, 16.950066579666675 ], [ -92.561894690326298, 16.957967020988889 ], [ -92.556960999589236, 16.965172089992539 ], [ -92.545847550252489, 16.970787910438531 ], [ -92.55475560036102, 16.982132061506604 ], [ -92.553176620051829, 16.98970078205349 ], [ -92.557243000393456, 16.994126600176045 ], [ -92.556055780288631, 17.013375689697842 ], [ -92.550687520372506, 17.023130419704177 ], [ -92.556652320330087, 17.0304925401419 ], [ -92.559299060406076, 17.04809025008737 ], [ -92.556905889914745, 17.055173780701455 ], [ -92.546866250055302, 17.060727939584989 ], [ -92.543408630286805, 17.07238420034221 ] ] ] } },
{ "type": "Feature", "properties": { "code": "07027", "stateCode": "07", "municipalityCode": "027", "name": "Chiapa de Corzo" }, "geometry": { "type": "Polygon", "coordinates": [ [ [ -92.989891779613657, 16.909334430812844 ], [ -92.941016148911885, 16.88264174952177 ], [ -92.935103519945059, 16.875417050184975 ], [ -92.942393879542422, 16.879428649698458 ], [ -92.958320339028234, 16.868341850382244 ], [ -92.950549179188414, 16.862673050530855 ], [ -92.950704289252855, 16.858951969578008 ], [ -92.965055028941677, 16.868877571111415 ], [ -92.966777568804147, 16.86606902126465 ], [ -92.970589050332862, 16.869022680575306 ], [ -92.980918598991707, 16.863114800023407 ], [ -92.972954369452609, 16.855701370075341 ], [ -92.975673259528492, 16.854817580990023 ], [ -92.974293648930725, 16.850761720111151 ], [ -92.96665048971002, 16.848286200554494 ], [ -92.965189048917736, 16.84233660003024 ], [ -92.961116109284063, 16.840597971203259 ], [ -92.973118079681797, 16.83665129073686 ], [ -92.976256120141414, 16.82615694966282 ], [ -92.986209708896482, 16.826581711013951 ], [ -92.979702909742926, 16.802949221220267 ], [ -93.005436779600444, 16.793919060109012 ], [ -93.012122720285888, 16.798850479664619 ], [ -93.016067029622349, 16.775656970812161 ], [ -93.006339979592781, 16.779188179987617 ], [ -93.005509479141381, 16.776481880639071 ], [ -93.020620459489663, 16.771517520721122 ], [ -93.018628879247188, 16.766735120239844 ], [ -93.012903948663023, 16.76343797985475 ], [ -93.010823980240147, 16.76681865970567 ], [ -92.99765610939437, 16.77131087968943 ], [ -92.994738918838877, 16.773390651277314 ], [ -92.995908779255458, 16.782153089774955 ], [ -92.986752890169356, 16.784755001234849 ], [ -92.985132170092669, 16.773265170003953 ], [ -92.990372579921399, 16.767622121063859 ], [ -92.988508650104123, 16.765294259872185 ], [ -92.976085490130558, 16.761758049722157 ], [ -92.975479250411325, 16.768135059978018 ], [ -92.963119089622253, 16.762693740670539 ], [ -92.955063708734656, 16.765095779594652 ], [ -92.939565689341634, 16.759427090195643 ], [ -92.934396218915168, 16.753910621207769 ], [ -92.913933569567263, 16.749457679993927 ], [ -92.908285280100586, 16.742487519876878 ], [ -92.896774079082491, 16.738609490887935 ], [ -92.910417688843324, 16.717328520763974 ], [ -92.902441849387429, 16.714029310082864 ], [ -92.888395320356096, 16.734120229968767 ], [ -92.883236940224762, 16.732230090876158 ], [ -92.889010119086606, 16.714093569570043 ], [ -92.882379770268912, 16.713798720734562 ], [ -92.878524569025473, 16.719003770726342 ], [ -92.87041044924392, 16.719016520595115 ], [ -92.866636058940486, 16.704566289747095 ], [ -92.872366420373268, 16.69564342122715 ], [ -92.879954060190286, 16.703218800142832 ], [ -92.883944998945822, 16.696956450234907 ], [ -92.863997770088019, 16.684633109564555 ], [ -92.859573229798187, 16.685441569756449 ], [ -92.86780647983224, 16.666378419720175 ], [ -92.849438849425127, 16.66314820098648 ], [ -92.841566879095382, 16.666972170458898 ], [ -92.84568654036228, 16.651526089753141 ], [ -92.906655630360063, 16.648347720765866 ], [ -92.919900909126994, 16.641738349503076 ], [ -92.922249478985179, 16.635325406836568 ], [ -92.93118471770677, 16.627640695841411 ], [ -92.931521852357875, 16.619927020563885 ], [ -92.950610086909379, 16.591560074623246 ], [ -92.958214482743287, 16.572872315526372 ], [ -92.956902595536334, 16.55644872943563 ], [ -92.952303765570377, 16.560098272026437 ], [ -92.947025915215747, 16.544999686598437 ], [ -92.950452136621365, 16.53894440750544 ], [ -92.942982208456542, 16.53221673907963 ], [ -92.94867329716854, 16.525693146120339 ], [ -92.948045632752766, 16.518934796396195 ], [ -92.936791838421669, 16.504091432686693 ], [ -92.947155268472926, 16.499451618442617 ], [ -92.947541185155089, 16.494680583001255 ], [ -92.941624003208858, 16.48330447195173 ], [ -92.934222026015334, 16.486215983470789 ], [ -92.929861104010271, 16.477783117000403 ], [ -92.91524032876481, 16.486239323557896 ], [ -92.907412995182767, 16.474880237865882 ], [ -92.906638437416589, 16.470929251412194 ], [ -92.912992076305628, 16.467257741428803 ], [ -92.902187450119058, 16.454159488646297 ], [ -92.908453691585038, 16.445809123944521 ], [ -92.901629907461199, 16.430362112324268 ], [ -92.896670257539313, 16.432174624012774 ], [ -92.883382809822066, 16.402276492190044 ], [ -92.888835151221713, 16.39929515203632 ], [ -92.88199029515846, 16.396663702723583 ], [ -92.87248935079964, 16.407802314885132 ], [ -92.873991244932398, 16.412652058260651 ], [ -92.868437718471597, 16.407063660627731 ], [ -92.865128057218087, 16.409217621094314 ], [ -92.860223831891787, 16.402881412662506 ], [ -92.854726834636708, 16.406316220167167 ], [ -92.84930548048861, 16.393490987754216 ], [ -92.846304804755462, 16.39138369559981 ], [ -92.844001201189045, 16.393512765417164 ], [ -92.831590043379094, 16.381557960142402 ], [ -92.820582680540525, 16.391635512128012 ], [ -92.807556332652752, 16.3782278846178 ], [ -92.804957317540769, 16.381103943355082 ], [ -92.802899570333594, 16.378274551156835 ], [ -92.80287257927931, 16.37082469070403 ], [ -92.814230858784526, 16.357899259651532 ], [ -92.81290076947198, 16.35144800044338 ], [ -92.819974059521797, 16.353877681108287 ], [ -92.825899199213751, 16.347697289926021 ], [ -92.832030229810769, 16.347636520734422 ], [ -92.843253170314682, 16.334547260137313 ], [ -92.84913481941642, 16.336612549535968 ], [ -92.86611531988477, 16.31627797125255 ], [ -92.866090190387027, 16.292211209876076 ], [ -92.888374503673717, 16.294454532772043 ], [ -92.887144974043807, 16.304497361083278 ], [ -92.895067182546939, 16.304315162167622 ], [ -92.895006796423203, 16.341930415919869 ], [ -92.907215635380538, 16.345506044136023 ], [ -92.893810756695146, 16.369306469558815 ], [ -92.941394406509772, 16.402811660013636 ], [ -92.960118180169786, 16.424834059822981 ], [ -93.020437912546512, 16.433465260869692 ], [ -93.028908347775939, 16.429511875959378 ], [ -93.029872648008407, 16.433908194509684 ], [ -93.039671853387361, 16.441519991125006 ], [ -93.044365468631938, 16.440436688341705 ], [ -93.049620461403649, 16.432574871968004 ], [ -93.061210362498898, 16.428184534667455 ], [ -93.068823299059602, 16.418023008540473 ], [ -93.083831012430593, 16.410504864258947 ], [ -93.092759721953698, 16.399644137867323 ], [ -93.099459139767021, 16.403734770346389 ], [ -93.091700490001855, 16.422633479984277 ], [ -93.079953890156119, 16.43721217063807 ], [ -93.054697549898208, 16.456515231062191 ], [ -93.048019940162433, 16.470543400383271 ], [ -93.061032229691392, 16.465570120207843 ], [ -93.061393659634803, 16.477735049636244 ], [ -93.058387688803251, 16.484741710185048 ], [ -93.079924799242463, 16.487270000596308 ], [ -93.091937979927309, 16.496186580926949 ], [ -93.100178890349994, 16.492685401064591 ], [ -93.105397249846675, 16.496412310305161 ], [ -93.101017849334923, 16.500839020055789 ], [ -93.075351309816156, 16.506855110177277 ], [ -93.076586319478594, 16.519907651264244 ], [ -93.072316459449326, 16.53747922086664 ], [ -93.063844059402328, 16.526617860955099 ], [ -93.053197800023611, 16.539325521125413 ], [ -93.061455348609542, 16.547894920075176 ], [ -93.059121520170962, 16.553829031223483 ], [ -93.061573219386375, 16.559552801188598 ], [ -93.058631629463804, 16.564744950046077 ], [ -93.061264739133136, 16.56517165036292 ], [ -93.060808319676184, 16.585543489759736 ], [ -93.055778948611518, 16.602497919877621 ], [ -93.049154539612474, 16.604057660276368 ], [ -93.049450029673707, 16.601208770845439 ], [ -93.043769830069181, 16.604740859906354 ], [ -93.041878649498315, 16.614311820027982 ], [ -93.047337219231522, 16.617986661002615 ], [ -93.048113548973461, 16.623029890107887 ], [ -93.057911110339617, 16.626906310656643 ], [ -93.059717948649308, 16.639380250416334 ], [ -93.073692549433673, 16.634856680782214 ], [ -93.075990858729313, 16.63679082092429 ], [ -93.070695249735635, 16.646017050061925 ], [ -93.063392249878291, 16.646922829548632 ], [ -93.072432859304712, 16.656872620760719 ], [ -93.057072949255527, 16.663554089577584 ], [ -93.065422449796074, 16.674669480129886 ], [ -93.065021769838694, 16.681045139607079 ], [ -93.045471379244887, 16.665321539677791 ], [ -93.033908279592652, 16.677619819937945 ], [ -93.03791285948455, 16.701089030250614 ], [ -93.047604999960626, 16.711535920220577 ], [ -93.034231120328272, 16.72182895083462 ], [ -93.035290002243073, 16.7261871240419 ], [ -93.040813445171864, 16.731777526637362 ], [ -93.040381909678473, 16.729629562210636 ], [ -93.044575750202924, 16.730249510374573 ], [ -93.047428080103046, 16.735176059981512 ], [ -93.044938889432629, 16.736761629705896 ], [ -93.058241049979955, 16.752063171055429 ], [ -93.037501888857477, 16.751591221161629 ], [ -93.070205170074601, 16.7931902206338 ], [ -93.065341878626825, 16.809526800562061 ], [ -93.064272948785373, 16.834761770857032 ], [ -93.067884880266391, 16.838171570835875 ], [ -93.083993949936072, 16.838891720440291 ], [ -93.076199450318882, 16.843806090200076 ], [ -93.067788828665314, 16.843882721076337 ], [ -93.062967859236977, 16.839796940665984 ], [ -93.056261119445765, 16.844377650411666 ], [ -93.050917419758051, 16.838821889876872 ], [ -93.045646310338782, 16.847173420543704 ], [ -93.037640568544901, 16.844353221249737 ], [ -93.036061549713324, 16.847160340477238 ], [ -93.039282969476787, 16.850191770200183 ], [ -93.032765369160572, 16.849384029858939 ], [ -93.020329579247758, 16.870803971185826 ], [ -93.029220318847379, 16.87078006026529 ], [ -93.03510245917812, 16.863456369813079 ], [ -93.054012689875776, 16.874883049979658 ], [ -93.056181719926371, 16.883321340954236 ], [ -93.042120879854068, 16.887382690650153 ], [ -93.033558219679122, 16.885712800399176 ], [ -93.034605508743937, 16.870180420881194 ], [ -93.029970800208616, 16.880767740043641 ], [ -93.03036102972996, 16.889177650657892 ], [ -93.051721550105029, 16.890971030453976 ], [ -93.05082253917584, 16.89539983096066 ], [ -93.061742679249349, 16.895970519788467 ], [ -93.059475228937913, 16.909764081191003 ], [ -93.037821680313584, 16.906459340308047 ], [ -93.03722921880788, 16.896148231107134 ], [ -93.022882508831614, 16.88983248072811 ], [ -92.989891779613657, 16.909334430812844 ] ] ] } },
{ "type": "Feature", "properties": { "code": "07030", "stateCode": "07", "municipalityCode": "030", "name": "Chicomuselo" }, "geometry": { "type": "Polygon", "coordinates": [ [ [ -92.320890780263412, 15.948351649691142 ], [ -92.316995459928194, 15.941917380258834 ], [ -92.314244940208695, 15.944747939583578 ], [ -92.308221939966643, 15.935771110382852 ], [ -92.302297020224927, 15.937934250037229 ], [ -92.305586029980333, 15.943496050426045 ], [ -92.298246889785347, 15.945725859925085 ], [ -92.302759599946185, 15.934159720098098 ], [ -92.285333170349404, 15.921565780070447 ], [ -92.268730879538538, 15.932931770008288 ], [ -92.259340620220428, 15.924256750371589 ], [ -92.250112660350808, 15.931055200092938 ], [ -92.246224709538907, 15.925904750175357 ], [ -92.241264450266144, 15.930292249976739 ], [ -92.240446940372266, 15.926380599698019 ], [ -92.235797999860836, 15.927554620376597 ], [ -92.23049892018777, 15.924437679592021 ], [ -92.230766830104017, 15.929605350002356 ], [ -92.227663769859916, 15.931733539930304 ], [ -92.217173139617188, 15.923916519752595 ], [ -92.213476109846127, 15.927772999763974 ], [ -92.207794090443343, 15.928058289866632 ], [ -92.201113740145573, 15.920608880015804 ], [ -92.188582379731969, 15.921542750306111 ], [ -92.18803060005942, 15.911892169886759 ], [ -92.183888480157933, 15.909779339583023 ], [ -92.184149739860715, 15.906330480208347 ], [ -92.190348569955717, 15.904358719614017 ], [ -92.183204770267992, 15.901687940310484 ], [ -92.186351420478658, 15.898993429748957 ], [ -92.182962349938819, 15.894291399630543 ], [ -92.184734079857748, 15.880325999848171 ], [ -92.193920680300778, 15.876080419754096 ], [ -92.198816770196643, 15.864062059951021 ], [ -92.194796579995128, 15.859892309981383 ], [ -92.20057213960618, 15.856756380094442 ], [ -92.198598889822676, 15.846955740169841 ], [ -92.194083200364673, 15.844554920065399 ], [ -92.195066769923173, 15.83553409022983 ], [ -92.201928770288532, 15.831321949687165 ], [ -92.20322965978599, 15.822100860329407 ], [ -92.208294649742001, 15.81870471034626 ], [ -92.213682460043188, 15.808081709608931 ], [ -92.212173149908438, 15.803911780275188 ], [ -92.224058999838576, 15.801711480194456 ], [ -92.226065629975992, 15.792061979597475 ], [ -92.239248520339629, 15.79205211957256 ], [ -92.241680890081099, 15.781894570362434 ], [ -92.248186999950036, 15.774951619981877 ], [ -92.245099540259972, 15.770576399869347 ], [ -92.240935249644423, 15.77211077998728 ], [ -92.22885440040055, 15.76510312018927 ], [ -92.235968850103774, 15.754717919768773 ], [ -92.236307850340808, 15.759072690072262 ], [ -92.239490770124732, 15.750980540394059 ], [ -92.233132170350046, 15.739586830343709 ], [ -92.229042420304879, 15.716156690311681 ], [ -92.22120177991016, 15.715334600112365 ], [ -92.225750350197416, 15.695923600063747 ], [ -92.238084170389541, 15.698183570201326 ], [ -92.243939709587764, 15.695240419980177 ], [ -92.259935739614534, 15.678627429615963 ], [ -92.26024030954666, 15.662340050145156 ], [ -92.280868850245099, 15.676828719885611 ], [ -92.279355169627223, 15.679858860052544 ], [ -92.284120489605669, 15.683946599759311 ], [ -92.307606080108641, 15.676631049771025 ], [ -92.308632310279421, 15.679661659636723 ], [ -92.318158879711746, 15.660558149713138 ], [ -92.32188405034313, 15.659417170114207 ], [ -92.328966020187011, 15.675705080267203 ], [ -92.330857850141967, 15.666442769931033 ], [ -92.356155570125125, 15.665552579987144 ], [ -92.359355060346459, 15.674292169820852 ], [ -92.403636910283339, 15.693058720231884 ], [ -92.417141139765832, 15.683275479976288 ], [ -92.417806820144634, 15.670664910282968 ], [ -92.431685941898948, 15.656278602483685 ], [ -92.444234910264058, 15.654023940241979 ], [ -92.453676179734686, 15.662392349709211 ], [ -92.464762308865815, 15.662730591109025 ], [ -92.466918635816228, 15.659936432222283 ], [ -92.464644519961965, 15.656062110259109 ], [ -92.481427280140124, 15.637608169690877 ], [ -92.514249940137319, 15.658037690224877 ], [ -92.524687850352535, 15.667192420146565 ], [ -92.521001879548521, 15.67028156995724 ], [ -92.529774169877186, 15.673679019619049 ], [ -92.530890889790399, 15.679412000389572 ], [ -92.510995200168324, 15.69535177034107 ], [ -92.524027289763183, 15.695731739885947 ], [ -92.515913309666843, 15.699776199651842 ], [ -92.491740110260935, 15.699684710227711 ], [ -92.493327710122585, 15.706409769881155 ], [ -92.522563420397191, 15.707259690418059 ], [ -92.513356420183982, 15.745723350427207 ], [ -92.517109479911355, 15.745771109590969 ], [ -92.52033246025367, 15.741354139670152 ], [ -92.52683389032488, 15.745809780149933 ], [ -92.532378249856961, 15.744074750113059 ], [ -92.535724430191038, 15.746621690023543 ], [ -92.538667180477105, 15.743949399606603 ], [ -92.546391090311829, 15.757407650157036 ], [ -92.572390119650237, 15.76436502965111 ], [ -92.56903134023608, 15.775724480455953 ], [ -92.572269290330496, 15.778489309625304 ], [ -92.574473829618071, 15.769240889802337 ], [ -92.593623950347705, 15.761912919882786 ], [ -92.610455110335593, 15.77997314976553 ], [ -92.608887770207545, 15.789501819769654 ], [ -92.616383820432716, 15.800175919684699 ], [ -92.60890878028242, 15.808524880204153 ], [ -92.609386220436988, 15.825868859932235 ], [ -92.60416531009605, 15.829851970263459 ], [ -92.615208890434744, 15.859144460221589 ], [ -92.598634489770561, 15.871711340034203 ], [ -92.587130460184525, 15.88892648974527 ], [ -92.559188879741868, 15.886675979676992 ], [ -92.547065060047103, 15.890318719851924 ], [ -92.53336555029054, 15.921286179661813 ], [ -92.525330690356, 15.928874079602409 ], [ -92.488578230281433, 15.896294260159465 ], [ -92.482080419576846, 15.898545909929823 ], [ -92.480583219828077, 15.905897709749397 ], [ -92.474814280433037, 15.90426654006796 ], [ -92.477338139709104, 15.90212382955081 ], [ -92.47553502004051, 15.891929620265023 ], [ -92.38807290964283, 15.834846080247278 ], [ -92.372364770007309, 15.867294779910141 ], [ -92.390247169826765, 15.87610275026686 ], [ -92.390654980272856, 15.879156800033124 ], [ -92.364736890151505, 15.925178020268721 ], [ -92.343771340354039, 15.946651950360271 ], [ -92.333900879986032, 15.938728369795287 ], [ -92.320890780263412, 15.948351649691142 ] ] ] } },
{ "type": "Feature", "properties": { "code": "07031", "stateCode": "07", "municipalityCode": "031", "name": "Chilón" }, "geometry": { "type": "Polygon", "coordinates": [ [ [ -92.088408740292479, 17.277294570355796 ], [ -92.074887713193462, 17.262833313824856 ], [ -92.058697745720494, 17.258125690911747 ], [ -92.032783557692909, 17.222796559962831 ], [ -92.013952258934793, 17.23397426044032 ], [ -91.996662459300708, 17.231221230743877 ], [ -91.995462779463793, 17.216438460572427 ], [ -91.972089659093541, 17.205843151142414 ], [ -91.964318108533277, 17.207128631093571 ], [ -91.961580718564875, 17.216327250423678 ], [ -91.888819199339878, 17.213579680610707 ], [ -91.894639678900816, 17.227359220754927 ], [ -91.913202599001067, 17.226268171197347 ], [ -91.916919369209339, 17.238674820758884 ], [ -91.91068880004056, 17.248855119757916 ], [ -91.743125938739396, 17.248347881228852 ], [ -91.737593078733852, 17.238022520827212 ], [ -91.717614149139052, 17.221904350407598 ], [ -91.723681939321295, 17.214413370450519 ], [ -91.721020338727286, 17.210942061102326 ], [ -91.728527459344349, 17.210183780750782 ], [ -91.734592318704813, 17.205163260564927 ], [ -91.725556748893098, 17.187297600522172 ], [ -91.725652169316959, 17.181451141086534 ], [ -91.735427619026609, 17.160231850398905 ], [ -91.726927148638296, 17.167622540518593 ], [ -91.718165888684837, 17.164646120874266 ], [ -91.719029978546999, 17.169875220885348 ], [ -91.711961569421561, 17.165858691317982 ], [ -91.705692049056907, 17.171740080389014 ], [ -91.699447739001542, 17.168511860593821 ], [ -91.692302658562099, 17.170203510700809 ], [ -91.685368289905426, 17.186584619814116 ], [ -91.677388738542945, 17.186066080965894 ], [ -91.674582419579934, 17.19143947983596 ], [ -91.686283138592444, 17.201956380705681 ], [ -91.664259319391363, 17.197128280668213 ], [ -91.653466149322455, 17.207214580770067 ], [ -91.649404978901018, 17.204059421031658 ], [ -91.647873918575996, 17.172270370862051 ], [ -91.680244058605993, 17.170742430863626 ], [ -91.679390288571895, 17.158687231115564 ], [ -91.682281548706243, 17.15054486117738 ], [ -91.69243873907169, 17.146130030675074 ], [ -91.698120319076438, 17.135677400412401 ], [ -91.717002139679423, 17.137248020162975 ], [ -91.738903119226663, 17.148261061084408 ], [ -91.745559908733782, 17.144526081243445 ], [ -91.751418708573112, 17.138192110486113 ], [ -91.753194968651329, 17.124319400370286 ], [ -91.700478109414647, 17.104174081020282 ], [ -91.704327888706757, 17.094558980791838 ], [ -91.713861999010433, 17.093512371272013 ], [ -91.721560488560627, 17.097676630905223 ], [ -91.737045909436119, 17.099731170932845 ], [ -91.74369990915396, 17.107151860521405 ], [ -91.753111678808921, 17.089496850452417 ], [ -91.761388539055588, 17.087970920666891 ], [ -91.781489519301445, 17.044345510820591 ], [ -91.787342619756075, 17.043052881098532 ], [ -91.793091418647194, 17.035157431117021 ], [ -91.803685338892052, 17.037850490784379 ], [ -91.879656888968597, 16.996913801234971 ], [ -91.919599679481664, 16.999389399722673 ], [ -91.917105979437878, 17.006640540482962 ], [ -91.920838279336877, 17.007120320521327 ], [ -91.938911579007481, 17.005259180615198 ], [ -91.954189829194448, 16.987636770735225 ], [ -91.972338048876182, 16.984536861198443 ], [ -92.056559419328323, 16.980078650644177 ], [ -92.070872179410159, 16.987644661152867 ], [ -92.076238149314321, 16.974231021087128 ], [ -92.106274829389832, 16.973838820428462 ], [ -92.127516688973074, 16.961757340554062 ], [ -92.154668798685762, 16.970705260531457 ], [ -92.155739889161751, 16.980548950761364 ], [ -92.17403325869499, 16.990961710893551 ], [ -92.181215048782434, 16.988607221268431 ], [ -92.185244448985458, 16.998203000674181 ], [ -92.194466458857107, 16.994859181139137 ], [ -92.205137939108212, 16.999028650583433 ], [ -92.210567679092264, 16.992247371101538 ], [ -92.206179449340055, 16.987551830836548 ], [ -92.206358519440442, 16.981978750582957 ], [ -92.224455719411893, 16.947353401004239 ], [ -92.259877089795452, 16.946330579897083 ], [ -92.268244089543614, 16.93673283104507 ], [ -92.273543659234306, 16.943400881116496 ], [ -92.294923819250542, 16.945635520945633 ], [ -92.293739908963659, 16.951900110425303 ], [ -92.296188828916428, 16.953265381088624 ], [ -92.304294548617094, 16.950602430550159 ], [ -92.303960828808854, 16.953778260746876 ], [ -92.309495139336235, 16.955139550951877 ], [ -92.322707199377305, 16.949166600635941 ], [ -92.349748288761759, 16.954136200489536 ], [ -92.350547739423391, 16.963268881212919 ], [ -92.344342628983313, 16.962426311273354 ], [ -92.341198428577712, 16.965510970513584 ], [ -92.341446029438458, 16.983243491131745 ], [ -92.345917919263059, 16.988994251158317 ], [ -92.313738168872092, 16.995449800410007 ], [ -92.312307278853112, 17.004685780879825 ], [ -92.292426278840693, 17.010212540640349 ], [ -92.28257634924276, 17.01865298127332 ], [ -92.293229939203258, 17.041364850401042 ], [ -92.280292878657988, 17.060376170785826 ], [ -92.289956909406229, 17.067072691249013 ], [ -92.307724489543901, 17.06476331044615 ], [ -92.31346462909589, 17.067625800703119 ], [ -92.314905858671253, 17.073859740829487 ], [ -92.325012628951868, 17.079464800958473 ], [ -92.341982908577606, 17.075446950812243 ], [ -92.350052249432807, 17.068508751262307 ], [ -92.352849828987303, 17.071397420827349 ], [ -92.345952398631809, 17.078166950689504 ], [ -92.348606578885082, 17.081882220946763 ], [ -92.351539178984311, 17.079576600846188 ], [ -92.359916629071719, 17.088924691069316 ], [ -92.366103379008919, 17.08479194101109 ], [ -92.368281938583721, 17.087749510859091 ], [ -92.372110108943261, 17.085183091073219 ], [ -92.369958108849659, 17.082217650451714 ], [ -92.388848058725131, 17.069244770442829 ], [ -92.391531750004404, 17.072579999976096 ], [ -92.380747338714158, 17.096414180410456 ], [ -92.384384078779178, 17.116579651163466 ], [ -92.402340948900729, 17.132394950560013 ], [ -92.37052294891096, 17.154963691261305 ], [ -92.368068748823774, 17.152591461239261 ], [ -92.371813628676563, 17.143457401077896 ], [ -92.369367119161325, 17.140226150549868 ], [ -92.360201968587816, 17.154073321176401 ], [ -92.338994769055802, 17.132915461134754 ], [ -92.341587308718431, 17.132012821140425 ], [ -92.340417678547794, 17.128397970844297 ], [ -92.335128428697786, 17.121835880633633 ], [ -92.331478459390638, 17.127686750535258 ], [ -92.327921678960436, 17.127040691083515 ], [ -92.32947519852074, 17.132110860999525 ], [ -92.317938688803309, 17.133018951164658 ], [ -92.304382419117346, 17.147264180644726 ], [ -92.297669889238065, 17.148848800512194 ], [ -92.298403289356187, 17.151635491068447 ], [ -92.295014219391774, 17.151797060952148 ], [ -92.297468828735376, 17.152720510964617 ], [ -92.287480489099465, 17.163059020812884 ], [ -92.274474059404753, 17.156807631007798 ], [ -92.264934538909742, 17.163554250408247 ], [ -92.268569509240592, 17.164839850919588 ], [ -92.258291089044505, 17.184065480759784 ], [ -92.247492748727737, 17.186714260843843 ], [ -92.216834619077858, 17.162998601251644 ], [ -92.207730978643184, 17.17120657077901 ], [ -92.228714399284911, 17.195786050869987 ], [ -92.191314818671927, 17.237413880861467 ], [ -92.183176939084944, 17.234205181272834 ], [ -92.162387749333348, 17.212439120566316 ], [ -92.155131879233736, 17.210254340468268 ], [ -92.123556229104807, 17.24123415103978 ], [ -92.125199829159143, 17.250805710450855 ], [ -92.117875249116295, 17.251715660594357 ], [ -92.117896888812353, 17.256858721003642 ], [ -92.108562799437166, 17.256824950862004 ], [ -92.088408740292479, 17.277294570355796 ] ] ] } },
{ "type": "Feature", "properties": { "code": "07055", "stateCode": "07", "municipalityCode": "055", "name": "Metapa" }, "geometry": { "type": "Polygon", "coordinates": [ [ [ -92.200905259007342, 14.853182120360817 ], [ -92.196956428894779, 14.846613481222281 ], [ -92.194648490211819, 14.851333231021032 ], [ -92.181519419256219, 14.847380969934193 ], [ -92.184834089783678, 14.828264250373627 ], [ -92.17707448984082, 14.815785860381592 ], [ -92.177994109891983, 14.805024379794204 ], [ -92.181054660382017, 14.801104850185421 ], [ -92.18954405908697, 14.80935572017238 ], [ -92.193754060137366, 14.796713970379683 ], [ -92.203857349926011, 14.797476050192374 ], [ -92.210243429943958, 14.790878350308217 ], [ -92.213637480428403, 14.791934720241143 ], [ -92.212707879843293, 14.795744280248442 ], [ -92.218722398615654, 14.797738820318806 ], [ -92.217442890119642, 14.803885249788502 ], [ -92.223810379367151, 14.809920200107973 ], [ -92.222000029843542, 14.817121909664412 ], [ -92.237175308921991, 14.825203649651819 ], [ -92.230478630112202, 14.831017521079609 ], [ -92.226056109940018, 14.828922860539508 ], [ -92.227541679131122, 14.82483282025334 ], [ -92.220137620410298, 14.822094630614068 ], [ -92.215090349485493, 14.833663230605413 ], [ -92.209925319281695, 14.832305260984338 ], [ -92.210708109688952, 14.841261830182134 ], [ -92.20489305871412, 14.851749940200706 ], [ -92.200905259007342, 14.853182120360817 ] ] ] } },
{ "type": "Feature", "properties": { "code": "07023", "stateCode": "07", "municipalityCode": "023", "name": "Chamula" }, "geometry": { "type": "Polygon", "coordinates": [ [ [ -92.69054909014929, 16.895909229789073 ], [ -92.687470180140636, 16.889713450409527 ], [ -92.672271890211888, 16.882162420219309 ], [ -92.66578617997699, 16.889324629966747 ], [ -92.666535599823106, 16.882245309812681 ], [ -92.642675339663825, 16.875580149574155 ], [ -92.635727279639468, 16.876893569718927 ], [ -92.639040479732458, 16.862086519617201 ], [ -92.636800089576738, 16.859572619616976 ], [ -92.630151489707714, 16.861067000204709 ], [ -92.627429088828833, 16.857313491124163 ], [ -92.6301239096112, 16.87667498005526 ], [ -92.627311580212364, 16.876962629710611 ], [ -92.621971349670233, 16.876457889976301 ], [ -92.609822920209965, 16.866277430122526 ], [ -92.568291399653063, 16.85424528007843 ], [ -92.53713448032876, 16.851814519792498 ], [ -92.543494109555681, 16.83736315032273 ], [ -92.540952450186168, 16.808816520359503 ], [ -92.546722180299298, 16.793781520059014 ], [ -92.536723770221286, 16.776543119658829 ], [ -92.535138780151826, 16.753412460359556 ], [ -92.526835279645937, 16.748366149992513 ], [ -92.533606630039586, 16.738813280446898 ], [ -92.539230450064352, 16.740517630257806 ], [ -92.547014620371201, 16.736187570407601 ], [ -92.580192199595317, 16.749544369656768 ], [ -92.583756969962465, 16.765453660265493 ], [ -92.598029180315592, 16.789772320208652 ], [ -92.617103679627164, 16.770236710375865 ], [ -92.618627180483855, 16.764560549651577 ], [ -92.629061540097538, 16.760176750198028 ], [ -92.631714199556185, 16.764961050154749 ], [ -92.641252229910066, 16.763671290422923 ], [ -92.646314200229142, 16.769455250194504 ], [ -92.665977400372924, 16.766070680216135 ], [ -92.66995833873186, 16.760303480406765 ], [ -92.67842567987222, 16.764153459887886 ], [ -92.680452200185471, 16.761076860605368 ], [ -92.694301999782283, 16.762282350324192 ], [ -92.734410000149836, 16.77365857033508 ], [ -92.740467939779663, 16.772813250113138 ], [ -92.746394720087025, 16.781015619930329 ], [ -92.759751779728035, 16.775837740091092 ], [ -92.790107429932547, 16.780736349922289 ], [ -92.811558719585804, 16.77467980010918 ], [ -92.814572510431276, 16.779989369978857 ], [ -92.825499379675264, 16.783707459816977 ], [ -92.818388970331554, 16.789156419893459 ], [ -92.827925860430625, 16.792335060223198 ], [ -92.812683119856629, 16.810675569790163 ], [ -92.812297029718238, 16.820338829787605 ], [ -92.816351519684417, 16.824534549949625 ], [ -92.81247408004721, 16.830988709861064 ], [ -92.815361489822862, 16.842740909630596 ], [ -92.820626829820185, 16.847892690150122 ], [ -92.824297419613472, 16.838682970140983 ], [ -92.831149230423918, 16.851130319676379 ], [ -92.820645570367475, 16.879210050225304 ], [ -92.856456629708333, 16.879087460163639 ], [ -92.856228109866166, 16.890310710221762 ], [ -92.825792980283651, 16.890145339634458 ], [ -92.816018489831876, 16.891264619635677 ], [ -92.814450250084533, 16.894632109573759 ], [ -92.778581980461382, 16.86569584972008 ], [ -92.771107750252384, 16.863049980084451 ], [ -92.765380799868339, 16.866760279617168 ], [ -92.763717120341184, 16.860167769855963 ], [ -92.754058309656884, 16.857581199728973 ], [ -92.745778920333393, 16.867068230090194 ], [ -92.739071919959315, 16.857940599799463 ], [ -92.72202343037155, 16.868077259583028 ], [ -92.706026180404294, 16.870422600404936 ], [ -92.69681148011135, 16.877268060427163 ], [ -92.69461494977682, 16.885573889615227 ], [ -92.698823539766536, 16.89354983004139 ], [ -92.697488319662085, 16.896622750197185 ], [ -92.69054909014929, 16.895909229789073 ] ] ] } },
{ "type": "Feature", "properties": { "code": "07034", "stateCode": "07", "municipalityCode": "034", "name": "Frontera Comalapa" }, "geometry": { "type": "Polygon", "coordinates": [ [ [ -92.161121490046895, 15.937939680447446 ], [ -92.148674369991241, 15.927735110234075 ], [ -92.125405260222124, 15.921594549803446 ], [ -92.118060620348359, 15.91378341980292 ], [ -92.11866445011043, 15.902188120236746 ], [ -92.112423800022796, 15.898485819683229 ], [ -92.107191629822481, 15.899702969859744 ], [ -92.094820650192034, 15.883124320044416 ], [ -92.078560460050497, 15.884105449575779 ], [ -92.068610380011435, 15.866283289918137 ], [ -92.051214520370024, 15.861980480146119 ], [ -92.051294800223886, 15.851993170118664 ], [ -92.041761720201563, 15.852325600456478 ], [ -92.030562150309976, 15.846611520011795 ], [ -92.023105749755828, 15.848719060055782 ], [ -92.01965868964632, 15.843095369692358 ], [ -92.013126119602347, 15.849365710127678 ], [ -92.014192820042496, 15.84074215032115 ], [ -92.000810449963382, 15.847242259624803 ], [ -91.995950479656585, 15.842734620108345 ], [ -91.988822149734403, 15.845059509877125 ], [ -91.987507369968824, 15.849684649949221 ], [ -91.978929180327313, 15.846907149730582 ], [ -91.967095849572274, 15.849873520376105 ], [ -91.95009267997186, 15.828895110105643 ], [ -91.953014380410238, 15.825438580180172 ], [ -91.951532519670479, 15.820645029838731 ], [ -91.947797510435862, 15.822511319731328 ], [ -91.943208180264946, 15.81870984974371 ], [ -91.938727109654721, 15.819660540274985 ], [ -91.933067350460149, 15.811561279906977 ], [ -91.916638429903216, 15.805099750041359 ], [ -91.919740110407758, 15.796559890359354 ], [ -91.914855169785838, 15.794413350166181 ], [ -91.915559180296313, 15.782948780028498 ], [ -91.919908280246901, 15.779342119832172 ], [ -91.930150480129853, 15.778191999748064 ], [ -91.935793829984917, 15.763954970036009 ], [ -91.931767450017134, 15.75519874041383 ], [ -91.925702349641952, 15.755851510409089 ], [ -91.92188045032438, 15.751523620265669 ], [ -91.990074909990895, 15.635763779970945 ], [ -92.009159819962292, 15.644645139882305 ], [ -92.016705120391819, 15.63879632034606 ], [ -92.030610179577081, 15.63517495003069 ], [ -92.04298885958417, 15.638674859564636 ], [ -92.041510289691445, 15.644424540320129 ], [ -92.08811666028943, 15.642292910462242 ], [ -92.094842939748858, 15.645943919548241 ], [ -92.103895690175847, 15.628588860100447 ], [ -92.148593630272273, 15.626647580398998 ], [ -92.15218742978368, 15.636973149543342 ], [ -92.171105479739495, 15.64041457953306 ], [ -92.167657550277752, 15.647212339951997 ], [ -92.178550749729737, 15.646882799936648 ], [ -92.188022680367283, 15.657237890293464 ], [ -92.184767089868231, 15.663429679631705 ], [ -92.197980569571698, 15.673631570338848 ], [ -92.20248383018307, 15.673695750351817 ], [ -92.225750350197416, 15.695923600063747 ], [ -92.22120177991016, 15.715334600112365 ], [ -92.229042420304879, 15.716156690311681 ], [ -92.233132170350046, 15.739586830343709 ], [ -92.239490770124732, 15.750980540394059 ], [ -92.236307850340808, 15.759072690072262 ], [ -92.235968850103774, 15.754717919768773 ], [ -92.22885440040055, 15.76510312018927 ], [ -92.240935249644423, 15.77211077998728 ], [ -92.245099540259972, 15.770576399869347 ], [ -92.248186999950036, 15.774951619981877 ], [ -92.241680890081099, 15.781894570362434 ], [ -92.239248520339629, 15.79205211957256 ], [ -92.226065629975992, 15.792061979597475 ], [ -92.224058999838576, 15.801711480194456 ], [ -92.212173149908438, 15.803911780275188 ], [ -92.213682460043188, 15.808081709608931 ], [ -92.208294649742001, 15.81870471034626 ], [ -92.20322965978599, 15.822100860329407 ], [ -92.201928770288532, 15.831321949687165 ], [ -92.195066769923173, 15.83553409022983 ], [ -92.194083200364673, 15.844554920065399 ], [ -92.198598889822676, 15.846955740169841 ], [ -92.20057213960618, 15.856756380094442 ], [ -92.194796579995128, 15.859892309981383 ], [ -92.198816770196643, 15.864062059951021 ], [ -92.193920680300778, 15.876080419754096 ], [ -92.184734079857748, 15.880325999848171 ], [ -92.182962349938819, 15.894291399630543 ], [ -92.186212620375514, 15.899820879684849 ], [ -92.174605630097233, 15.907992909591789 ], [ -92.177092450312784, 15.907830120424974 ], [ -92.176658709769441, 15.916473999552684 ], [ -92.180028750020952, 15.92220542958335 ], [ -92.174743250311892, 15.926789890062345 ], [ -92.159024019747022, 15.917928430243974 ], [ -92.158423619588334, 15.921957979648171 ], [ -92.170631829691587, 15.933789860390945 ], [ -92.161121490046895, 15.937939680447446 ] ] ] } },
{ "type": "Feature", "properties": { "code": "07075", "stateCode": "07", "municipalityCode": "075", "name": "Las Rosas" }, "geometry": { "type": "Polygon", "coordinates": [ [ [ -92.320963780304808, 16.46078937030126 ], [ -92.297109950016065, 16.431367720139495 ], [ -92.310160180427786, 16.413964679602444 ], [ -92.315197029980922, 16.41271208961269 ], [ -92.320547720177629, 16.375471580208568 ], [ -92.30349497039181, 16.385179460068024 ], [ -92.30119745006381, 16.393711540346608 ], [ -92.296019450261269, 16.392548710361481 ], [ -92.29475346031245, 16.397314459926324 ], [ -92.288024230359568, 16.393604089733206 ], [ -92.294464770444122, 16.388192319987272 ], [ -92.298582139906628, 16.390997310000785 ], [ -92.292518430261609, 16.376899229902648 ], [ -92.300719520252954, 16.377112280301532 ], [ -92.309541449950004, 16.369049689958906 ], [ -92.314648950006998, 16.358641550192019 ], [ -92.306640480356478, 16.351651690413885 ], [ -92.287812920174247, 16.322614489903177 ], [ -92.292346539905694, 16.31424613975096 ], [ -92.288377949837212, 16.310716080294942 ], [ -92.279668709782683, 16.31240098034117 ], [ -92.274843020162308, 16.304925419576499 ], [ -92.28954133970376, 16.301067969869596 ], [ -92.29343296960306, 16.303884769621096 ], [ -92.294273349798729, 16.301766180015449 ], [ -92.310438279631981, 16.302522919775232 ], [ -92.308836659693355, 16.299706229650056 ], [ -92.319080540334241, 16.28149172036288 ], [ -92.333689280056035, 16.277154490184408 ], [ -92.349561620271842, 16.281174150340608 ], [ -92.356007719758679, 16.276996400212589 ], [ -92.36062462021448, 16.302039619813609 ], [ -92.364316429779635, 16.302020780103945 ], [ -92.371693980171784, 16.278891949665176 ], [ -92.376871739890092, 16.275010370258276 ], [ -92.384546618610628, 16.279459520194283 ], [ -92.390853819597737, 16.275641180659207 ], [ -92.400380490233445, 16.281002090204588 ], [ -92.393790168968593, 16.290584350603865 ], [ -92.381638820003417, 16.290583970818499 ], [ -92.385521369632329, 16.292684600418347 ], [ -92.384946150290659, 16.308500341151394 ], [ -92.402705399631387, 16.297794880890233 ], [ -92.410010279657328, 16.309424380975681 ], [ -92.407797489310653, 16.312354779657738 ], [ -92.413115449501419, 16.323478849575942 ], [ -92.423180148948859, 16.331891520565144 ], [ -92.426264088654207, 16.329082089655074 ], [ -92.432447369829873, 16.332577880255059 ], [ -92.430912848964851, 16.336145251082556 ], [ -92.438715319208555, 16.336241861160001 ], [ -92.44004467992518, 16.329236450823998 ], [ -92.453491429618097, 16.327069429904551 ], [ -92.454760769975408, 16.332627139705782 ], [ -92.446287678706781, 16.339387079568809 ], [ -92.448902118744513, 16.343039740776387 ], [ -92.43855202949095, 16.35419017072741 ], [ -92.440799449661327, 16.365521710110134 ], [ -92.448697800234655, 16.369206140208568 ], [ -92.446954030321123, 16.379466660396734 ], [ -92.443044940158202, 16.380757820358021 ], [ -92.441330859862603, 16.38289285068069 ], [ -92.443780179876228, 16.38510531976501 ], [ -92.424936889966759, 16.406584450486577 ], [ -92.428439509320768, 16.425526489591181 ], [ -92.419231939904932, 16.417964139597071 ], [ -92.410652339772682, 16.418996280632555 ], [ -92.406046520409745, 16.438149750664795 ], [ -92.407681709580032, 16.45033063020783 ], [ -92.398690969848786, 16.460123881166307 ], [ -92.389725778657535, 16.462512260480665 ], [ -92.386129000310007, 16.440754399806405 ], [ -92.370468279078679, 16.437230089835925 ], [ -92.363215149486095, 16.431669340718042 ], [ -92.344671259244933, 16.439178149726505 ], [ -92.347593050176684, 16.448088599750683 ], [ -92.320963780304808, 16.46078937030126 ] ] ] } },
{ "type": "Feature", "properties": { "code": "07076", "stateCode": "07", "municipalityCode": "076", "name": "Sabanilla" }, "geometry": { "type": "Polygon", "coordinates": [ [ [ -92.665795860230858, 17.456846750177114 ], [ -92.659408279552281, 17.444284739791172 ], [ -92.64867229010008, 17.436081200222908 ], [ -92.635631319632068, 17.445519890232262 ], [ -92.630051920358937, 17.446259349961831 ], [ -92.618929659806, 17.424469110343772 ], [ -92.607098520203039, 17.423141950339261 ], [ -92.599867419758951, 17.412742380179768 ], [ -92.591086370419092, 17.388517120475619 ], [ -92.586896250462559, 17.361123689750343 ], [ -92.600746230212962, 17.358786800194842 ], [ -92.610688569978905, 17.347659769938918 ], [ -92.593150660205197, 17.330661229967671 ], [ -92.582471260192136, 17.309970510173724 ], [ -92.557090279897409, 17.295305829947534 ], [ -92.558931339910046, 17.310034710205638 ], [ -92.544595180057598, 17.310977749732867 ], [ -92.539460079698642, 17.292947420221047 ], [ -92.542593880024484, 17.288103049682139 ], [ -92.537609650057064, 17.291436740213225 ], [ -92.533766859721183, 17.286394369706521 ], [ -92.524511949634345, 17.282543019710392 ], [ -92.519873950147357, 17.273899649617213 ], [ -92.511410680107133, 17.271830369856151 ], [ -92.514269770403942, 17.263185739967987 ], [ -92.514921320210462, 17.222643770232942 ], [ -92.530628170343888, 17.19320811983976 ], [ -92.5898102302247, 17.204304420441616 ], [ -92.593871879777581, 17.242261849586484 ], [ -92.585062150050874, 17.24816314002312 ], [ -92.586546400326782, 17.255840920050534 ], [ -92.576127570040939, 17.269270599687605 ], [ -92.593116029743584, 17.269630830350781 ], [ -92.607517319835821, 17.258923339734029 ], [ -92.611259249824499, 17.264102970205148 ], [ -92.619200120351948, 17.256943550279058 ], [ -92.625329659850138, 17.266340889784857 ], [ -92.621170170486323, 17.270372319629505 ], [ -92.626118200193659, 17.280250429716045 ], [ -92.635300950362534, 17.275850199840217 ], [ -92.656019859759382, 17.299032120292431 ], [ -92.648085200167316, 17.302539249761132 ], [ -92.652416000284219, 17.306573320075664 ], [ -92.648324569559406, 17.315147310167237 ], [ -92.653401620449472, 17.310764509603633 ], [ -92.661258429627637, 17.310418079713649 ], [ -92.662813660437195, 17.315359480285931 ], [ -92.669409399727911, 17.316339999653646 ], [ -92.687593310360199, 17.335353370139746 ], [ -92.696379770214762, 17.330948149823524 ], [ -92.709747879804524, 17.329677199987668 ], [ -92.719191000451929, 17.335881429795066 ], [ -92.723529450002673, 17.348448480107653 ], [ -92.735568890061671, 17.347134140268277 ], [ -92.729508340219041, 17.348128510142914 ], [ -92.708519340089325, 17.363407540437134 ], [ -92.67770274028419, 17.37998862032147 ], [ -92.678038939870362, 17.401271970002117 ], [ -92.675912459626659, 17.412609220290346 ], [ -92.667905370364821, 17.425954830004471 ], [ -92.668185150438433, 17.456694570050679 ], [ -92.665795860230858, 17.456846750177114 ] ] ] } },
{ "type": "Feature", "properties": { "code": "07038", "stateCode": "07", "municipalityCode": "038", "name": "Huixtán" }, "geometry": { "type": "Polygon", "coordinates": [ [ [ -92.472191029771693, 16.77946939988345 ], [ -92.461077110244872, 16.777039680227517 ], [ -92.456414879923244, 16.771714549895258 ], [ -92.456193600097194, 16.764882250404774 ], [ -92.449575199794296, 16.761155250329029 ], [ -92.406887000381644, 16.769858339986389 ], [ -92.400585939748026, 16.762114249969468 ], [ -92.395702850343838, 16.748306429604845 ], [ -92.383453259941987, 16.748215430346455 ], [ -92.375714459925831, 16.755401400368406 ], [ -92.378220780120813, 16.750449509755338 ], [ -92.37126485965851, 16.752067320005811 ], [ -92.336033999621947, 16.745680910240065 ], [ -92.307242430326127, 16.715991139595719 ], [ -92.303226579659878, 16.699733709872085 ], [ -92.270275970414644, 16.694316709979468 ], [ -92.268382880191766, 16.688946350235074 ], [ -92.277988890367496, 16.667008170357768 ], [ -92.278798860010866, 16.629016380047378 ], [ -92.325606029652604, 16.634831600224246 ], [ -92.36837271019651, 16.634593690413819 ], [ -92.375190200079004, 16.617195319988824 ], [ -92.387602599804339, 16.617378310188045 ], [ -92.361822539877494, 16.600471849611619 ], [ -92.375289919828944, 16.586978739933262 ], [ -92.426065519629546, 16.636426260205766 ], [ -92.424222380390773, 16.62825822966008 ], [ -92.437654140201417, 16.625097799826047 ], [ -92.438417849599929, 16.619511280212546 ], [ -92.474119619941305, 16.62621028992967 ], [ -92.469002599995463, 16.641992550183527 ], [ -92.449882950373521, 16.64389689041581 ], [ -92.437323370370223, 16.639445979762208 ], [ -92.440101319670191, 16.645549180293493 ], [ -92.437550620383831, 16.651153229743578 ], [ -92.433227949957711, 16.651991880147541 ], [ -92.416152819838175, 16.645018910401248 ], [ -92.41272039963826, 16.647731770047336 ], [ -92.417658489829819, 16.652051120432048 ], [ -92.418412119965637, 16.660920569985326 ], [ -92.434646919782821, 16.671549849601124 ], [ -92.434588799910841, 16.665207650074077 ], [ -92.445940229644265, 16.669988780116238 ], [ -92.451690119661166, 16.668617980198526 ], [ -92.446871249600093, 16.678363260295107 ], [ -92.470410289957798, 16.674553570019935 ], [ -92.485043890448324, 16.67600768010033 ], [ -92.49296438045981, 16.672680850046749 ], [ -92.493015940190944, 16.67850543031599 ], [ -92.515332339642413, 16.678245630098004 ], [ -92.516734829883958, 16.696525739844411 ], [ -92.507864459612776, 16.697354089578333 ], [ -92.511641450360088, 16.698519489669945 ], [ -92.516311510410119, 16.707394060316144 ], [ -92.511682019758737, 16.730732179896744 ], [ -92.514892820243091, 16.741648120018052 ], [ -92.510689229885912, 16.749526249676954 ], [ -92.516780049664206, 16.753731000004514 ], [ -92.516121830147, 16.76361374985451 ], [ -92.511367370259848, 16.768630860232427 ], [ -92.491213649593249, 16.77291353961315 ], [ -92.492452910475819, 16.774755799623144 ], [ -92.486477480094365, 16.77888351026478 ], [ -92.48137151007019, 16.773985970277689 ], [ -92.472191029771693, 16.77946939988345 ] ] ] } },
{ "type": "Feature", "properties": { "code": "07039", "stateCode": "07", "municipalityCode": "039", "name": "Huitiupán" }, "geometry": { "type": "Polygon", "coordinates": [ [ [ -92.723734949636452, 17.348572599603656 ], [ -92.719191000451929, 17.335881429795066 ], [ -92.709747879804524, 17.329677199987668 ], [ -92.696379770214762, 17.330948149823524 ], [ -92.687593310360199, 17.335353370139746 ], [ -92.669409399727911, 17.316339999653646 ], [ -92.662813660437195, 17.315359480285931 ], [ -92.661258429627637, 17.310418079713649 ], [ -92.653401620449472, 17.310764509603633 ], [ -92.648324569559406, 17.315147310167237 ], [ -92.652416000284219, 17.306573320075664 ], [ -92.648085200167316, 17.302539249761132 ], [ -92.656019859759382, 17.299032120292431 ], [ -92.635300950362534, 17.275850199840217 ], [ -92.626118200193659, 17.280250429716045 ], [ -92.621170170486323, 17.270372319629505 ], [ -92.625329659850138, 17.266340889784857 ], [ -92.619200120351948, 17.256943550279058 ], [ -92.611259249824499, 17.264102970205148 ], [ -92.607517319835821, 17.258923339734029 ], [ -92.593116029743584, 17.269630830350781 ], [ -92.576127570040939, 17.269270599687605 ], [ -92.586546400326782, 17.255840920050534 ], [ -92.585062150050874, 17.24816314002312 ], [ -92.593871879777581, 17.242261849586484 ], [ -92.5898102302247, 17.204304420441616 ], [ -92.59990554039976, 17.174165380227283 ], [ -92.62229705007401, 17.151932120398829 ], [ -92.628538570305835, 17.155398770165167 ], [ -92.636516769736986, 17.149154089801563 ], [ -92.641123739988203, 17.140871820400505 ], [ -92.637311229907297, 17.137067570441353 ], [ -92.641432199730204, 17.132832660360918 ], [ -92.681158369653872, 17.160343289940133 ], [ -92.702020150272915, 17.155500250363627 ], [ -92.725697690081518, 17.165598739971294 ], [ -92.728391220447207, 17.167810580231428 ], [ -92.726822620080142, 17.185548649873702 ], [ -92.736193679982293, 17.193109629889005 ], [ -92.734698850117127, 17.194921019925971 ], [ -92.797669230325695, 17.233015750331422 ], [ -92.802281550429868, 17.232722879765262 ], [ -92.803560710162557, 17.23646565996566 ], [ -92.810654110375012, 17.23645577008039 ], [ -92.814107430339391, 17.246444199751888 ], [ -92.809197150034862, 17.24596908004553 ], [ -92.812177580293394, 17.262812429784265 ], [ -92.816062740217674, 17.263867920165207 ], [ -92.812722950097665, 17.267531380311169 ], [ -92.813832549592007, 17.280525120391012 ], [ -92.809164660129269, 17.281502119967762 ], [ -92.807778999523507, 17.278405650109093 ], [ -92.796869600132013, 17.286815690149986 ], [ -92.788993119936464, 17.282960519711267 ], [ -92.784942219737729, 17.290209800080191 ], [ -92.787056400416859, 17.293892620344391 ], [ -92.780394910086144, 17.297714779615735 ], [ -92.796688540267738, 17.311281660156542 ], [ -92.76921927974189, 17.319360049996327 ], [ -92.766126490128755, 17.331352880093426 ], [ -92.766686600247382, 17.328302719737778 ], [ -92.759061749962427, 17.320097179684858 ], [ -92.762014199892079, 17.320128939765887 ], [ -92.758346109953081, 17.31781230974978 ], [ -92.762983370321876, 17.316836199671609 ], [ -92.752269060199652, 17.31021805045248 ], [ -92.75657590978841, 17.32934942043526 ], [ -92.749769059571236, 17.337953950218765 ], [ -92.75357008997841, 17.343401220287404 ], [ -92.723734949636452, 17.348572599603656 ] ] ] } },
{ "type": "Feature", "properties": { "code": "07040", "stateCode": "07", "municipalityCode": "040", "name": "Huixtla" }, "geometry": { "type": "Polygon", "coordinates": [ [ [ -92.451266049578379, 15.292578219559463 ], [ -92.449090369865345, 15.287117339778961 ], [ -92.430571420247091, 15.286341309950821 ], [ -92.425346149537518, 15.275018630253696 ], [ -92.443138340384067, 15.267122510240705 ], [ -92.450421679619424, 15.259557309582657 ], [ -92.437585029716985, 15.24916264974544 ], [ -92.455076150252324, 15.244622819879849 ], [ -92.468254049941734, 15.228963570404177 ], [ -92.450906800272236, 15.227168349985522 ], [ -92.450899400274224, 15.196336750081453 ], [ -92.423264829559642, 15.194958000396245 ], [ -92.42128705022283, 15.192123859763853 ], [ -92.415126819689974, 15.193910059712499 ], [ -92.414787919639608, 15.189553289955796 ], [ -92.421423419554145, 15.185255319938621 ], [ -92.41590641960758, 15.184050349571512 ], [ -92.418060250279439, 15.177517459972414 ], [ -92.428361169893364, 15.169590520356092 ], [ -92.433502380236916, 15.171835800074279 ], [ -92.444881090246554, 15.162190120240972 ], [ -92.444316539551181, 15.154066029944815 ], [ -92.451927479595895, 15.146369659593573 ], [ -92.471287650360921, 15.109726140092086 ], [ -92.462425940221038, 15.101079919937211 ], [ -92.482620509875773, 15.0861923502815 ], [ -92.483687770220314, 15.08208402035296 ], [ -92.479009480464924, 15.074911309736491 ], [ -92.487267030132472, 15.069627649704346 ], [ -92.471453630340406, 15.062699430007653 ], [ -92.477453449808351, 15.049453679973233 ], [ -92.496125940226548, 15.054565350161058 ], [ -92.506942740024414, 15.037236049888046 ], [ -92.513954110361368, 15.039033400109204 ], [ -92.539750220096465, 15.020789379578531 ], [ -92.556174250411658, 15.001418310385727 ], [ -92.566500650194001, 14.995100709760017 ], [ -92.568509919716433, 14.988060079796433 ], [ -92.572894769966467, 14.988615319908449 ], [ -92.60373520027207, 14.956705830243003 ], [ -92.603494310059702, 14.951578460215368 ], [ -92.637352429746102, 14.952937340082237 ], [ -92.645615109646641, 14.96219602972864 ], [ -92.651752140357559, 14.955815690112333 ], [ -92.665520950283494, 14.97045153962782 ], [ -92.667492449805408, 14.968091859775955 ], [ -92.673748050105274, 14.975205370100529 ], [ -92.676050079603044, 14.973148309760688 ], [ -92.732634229979553, 15.030831350058016 ], [ -92.726307320377174, 15.031985709838013 ], [ -92.717500880097688, 15.023264200351466 ], [ -92.71038945958054, 15.021453170352702 ], [ -92.709937549929094, 15.023801339687544 ], [ -92.705955659723472, 15.01486684968431 ], [ -92.703321740168377, 15.01646278018222 ], [ -92.700115179694762, 15.01321651000619 ], [ -92.699652369856508, 15.019599250155514 ], [ -92.691736629972553, 15.019701000286739 ], [ -92.686484220260709, 15.014626200041446 ], [ -92.689344369712728, 15.010480459587191 ], [ -92.68040482984118, 15.00126337005781 ], [ -92.674651019914307, 15.005545539711168 ], [ -92.680385050360087, 15.010420549886524 ], [ -92.679006109903142, 15.021664540317772 ], [ -92.673508139625937, 15.018256479961551 ], [ -92.66593170998955, 15.020235739756469 ], [ -92.665847019524747, 15.044863290228221 ], [ -92.660849279783406, 15.048620279681831 ], [ -92.645526289803911, 15.046618969681864 ], [ -92.615587650224086, 15.052651649656461 ], [ -92.614838090140168, 15.067476919921804 ], [ -92.623742459750545, 15.067266970053506 ], [ -92.618001549885122, 15.074183580061302 ], [ -92.610548909917938, 15.069547000199746 ], [ -92.605578710388187, 15.073721649655415 ], [ -92.611388950133289, 15.077727170283085 ], [ -92.606369970038571, 15.086511309673254 ], [ -92.614035780310743, 15.09061154005291 ], [ -92.611676619576656, 15.097801139828695 ], [ -92.615252000003679, 15.09910093986689 ], [ -92.614129780116187, 15.103472549703094 ], [ -92.610614120000676, 15.102858250422537 ], [ -92.607509350374215, 15.10668809029506 ], [ -92.606438690179843, 15.119335089821945 ], [ -92.584349140384589, 15.118453709754617 ], [ -92.583717570201685, 15.12336764964043 ], [ -92.54849852008455, 15.115285349705886 ], [ -92.527249319605815, 15.146346090274657 ], [ -92.524963059999223, 15.144681449864009 ], [ -92.516057940057166, 15.15750018005556 ], [ -92.532221370130316, 15.158050490239921 ], [ -92.539972029843511, 15.163730779862108 ], [ -92.54351671984837, 15.174349400429607 ], [ -92.52017505960859, 15.189426910341428 ], [ -92.515262369896035, 15.222393259867378 ], [ -92.516030770227601, 15.224730179596069 ], [ -92.521878580272585, 15.22382524981623 ], [ -92.521776659717872, 15.228405579766852 ], [ -92.514227709520114, 15.235402060364049 ], [ -92.515108740335535, 15.240333800359023 ], [ -92.497484860329649, 15.244705970309205 ], [ -92.50982679961777, 15.254094979745574 ], [ -92.49826873967173, 15.261432820304941 ], [ -92.485332319587698, 15.256584600339101 ], [ -92.47725899961253, 15.262048419556848 ], [ -92.468770600216899, 15.25632901989159 ], [ -92.462583679153113, 15.259638661203825 ], [ -92.465959219554591, 15.265880291041448 ], [ -92.472237918942298, 15.264094280483818 ], [ -92.478646629411301, 15.26700926022286 ], [ -92.477129799859583, 15.268743250284714 ], [ -92.486283780117944, 15.27927864989487 ], [ -92.483081548909951, 15.283232179696327 ], [ -92.476122029885673, 15.280254739730895 ], [ -92.472691109916653, 15.28632913999062 ], [ -92.463728940193306, 15.285826450886114 ], [ -92.451266049578379, 15.292578219559463 ] ] ] } },
{ "type": "Feature", "properties": { "code": "07041", "stateCode": "07", "municipalityCode": "041", "name": "La Independencia" }, "geometry": { "type": "Polygon", "coordinates": [ [ [ -91.965426979697583, 16.30565594037359 ], [ -91.95968718041064, 16.298816969759276 ], [ -91.967052770254057, 16.294748259838848 ], [ -91.961854999744844, 16.284684290326144 ], [ -91.958289769569916, 16.26196351017574 ], [ -91.923888710080746, 16.267029180452379 ], [ -91.917752369812376, 16.266216889928433 ], [ -91.91100366031975, 16.257472659924826 ], [ -91.900122309950518, 16.269179000013271 ], [ -91.891770060041154, 16.262340969590099 ], [ -91.871438340271212, 16.261208150048997 ], [ -91.856825570204293, 16.255068599808578 ], [ -91.85964081956152, 16.246181450339254 ], [ -91.84926151008203, 16.237149719816458 ], [ -91.85302775024573, 16.227193620416895 ], [ -91.841578080334969, 16.227743779802783 ], [ -91.830443339958421, 16.223099710319921 ], [ -91.816719110204559, 16.236420340002336 ], [ -91.820005939992342, 16.239357120159781 ], [ -91.818503830149425, 16.242243430115852 ], [ -91.782521749726968, 16.210524290123221 ], [ -91.767646649861987, 16.217815449900836 ], [ -91.765578199836185, 16.212261890115421 ], [ -91.750665740112794, 16.222180509883675 ], [ -91.745607339963115, 16.222175550064215 ], [ -91.741148539872711, 16.239904550135915 ], [ -91.737837340181002, 16.240381319878711 ], [ -91.739918950117328, 16.2437300199052 ], [ -91.729353980275221, 16.250034139812328 ], [ -91.741483369770819, 16.25727382002357 ], [ -91.730373520219615, 16.266812199846711 ], [ -91.706411149893839, 16.265495199709232 ], [ -91.682130520457719, 16.276540279620285 ], [ -91.680018459665476, 16.273470020303144 ], [ -91.68956445968891, 16.267749520281182 ], [ -91.675087249850094, 16.261882280132227 ], [ -91.669978260363337, 16.252667800152345 ], [ -91.666724909815073, 16.252710489760016 ], [ -91.666489110025566, 16.255466050222374 ], [ -91.659308220172463, 16.252997980127038 ], [ -91.657712380300467, 16.256749029669685 ], [ -91.648834650062355, 16.260446710209571 ], [ -91.643082570217601, 16.253596720457946 ], [ -91.631222649866558, 16.252912860061198 ], [ -91.63110118027933, 16.237938879573051 ], [ -91.620190719806814, 16.217240290272709 ], [ -91.633063769836198, 16.217175890172228 ], [ -91.633224829945632, 16.214301599590581 ], [ -91.607130200189616, 16.214212680076489 ], [ -91.606022250017261, 16.203611280224013 ], [ -91.596095490103338, 16.211643380064086 ], [ -91.562223059857203, 16.186604659575245 ], [ -91.555905550278894, 16.20126574021927 ], [ -91.549961799827699, 16.197912379979872 ], [ -91.55618414047558, 16.186518149657839 ], [ -91.544841320103643, 16.179152420061214 ], [ -91.541520999578935, 16.178977740086243 ], [ -91.543822250169882, 16.182235090202582 ], [ -91.540893520234121, 16.183481260053433 ], [ -91.521304199933482, 16.170943750323239 ], [ -91.51684631024456, 16.172961740423268 ], [ -91.515486029677774, 16.167444119535361 ], [ -91.507638420415958, 16.163940690160214 ], [ -91.499975690394322, 16.150310059868215 ], [ -91.518177479605015, 16.142510799658353 ], [ -91.515272850030968, 16.140720740180711 ], [ -91.522252380289885, 16.134001030421164 ], [ -91.527230649699106, 16.142491749752111 ], [ -91.520835149912628, 16.14433815043505 ], [ -91.555399249691121, 16.169775399936871 ], [ -91.557017519922624, 16.166950169769322 ], [ -91.553722830187809, 16.159769799714979 ], [ -91.581299399611027, 16.15936222015581 ], [ -91.603263110123933, 16.134684200328522 ], [ -91.61392602015566, 16.137864119957328 ], [ -91.621515319890449, 16.150486340360722 ], [ -91.623616289933992, 16.149772259790002 ], [ -91.618360659850197, 16.135360779713942 ], [ -91.621507710017326, 16.136081919632861 ], [ -91.623974139603916, 16.130492310093913 ], [ -91.633080940057411, 16.141389689923226 ], [ -91.6423101200198, 16.132275079827956 ], [ -91.636397080321018, 16.12325758037942 ], [ -91.649795660109675, 16.121692050367777 ], [ -91.655960689769358, 16.123495509851072 ], [ -91.662052149988298, 16.142817889750045 ], [ -91.675138230219531, 16.141196659992438 ], [ -91.681447680271347, 16.158581799726321 ], [ -91.683896419893216, 16.158928479618009 ], [ -91.682003880199645, 16.152016540008443 ], [ -91.693309709595198, 16.149661719964392 ], [ -91.695456110293136, 16.14530172002712 ], [ -91.706390169848646, 16.147664229563507 ], [ -91.711458319768553, 16.141546250271418 ], [ -91.720484370000065, 16.143640749997481 ], [ -91.729099049727722, 16.132160140051955 ], [ -91.742992570127171, 16.135090599738714 ], [ -91.739696340386161, 16.124578049608644 ], [ -91.766559489955256, 16.154394909991886 ], [ -91.789926370031125, 16.165005800284273 ], [ -91.800800580358242, 16.174517049915874 ], [ -91.810517579999967, 16.169748170059346 ], [ -91.813092630330218, 16.158578449932826 ], [ -91.823975920126188, 16.161394370232522 ], [ -91.816442540218276, 16.189361379797504 ], [ -91.80683447982571, 16.187487340278064 ], [ -91.80268832013715, 16.192820320298928 ], [ -91.83225731958342, 16.206968950260425 ], [ -91.840435909706088, 16.189307370145617 ], [ -91.852188690018608, 16.185073649710265 ], [ -91.848228370055338, 16.177982849772349 ], [ -91.862689520364327, 16.169728539953933 ], [ -91.856353139646657, 16.159150520049977 ], [ -91.850626169559831, 16.156019380402423 ], [ -91.857136420393672, 16.153918400146484 ], [ -91.86317978015154, 16.156872710164102 ], [ -91.877829050461472, 16.172932090046494 ], [ -91.882987849757015, 16.185836110337888 ], [ -91.891891060165307, 16.178767149587284 ], [ -91.891136580406936, 16.169371120128332 ], [ -91.880667110039212, 16.162946000128116 ], [ -91.871012599903494, 16.149633339555638 ], [ -91.881290319695836, 16.140254850142504 ], [ -91.893892629661124, 16.153337459589345 ], [ -91.895915510381712, 16.167780549941746 ], [ -91.91341264953985, 16.167681480384108 ], [ -91.914501629960981, 16.164627830100677 ], [ -91.933538449895835, 16.167493109695162 ], [ -91.934292180279698, 16.159779680182567 ], [ -91.967252219902917, 16.163845820155245 ], [ -91.966360659882156, 16.170482829686396 ], [ -91.969632829674083, 16.172778450193483 ], [ -91.981753149566103, 16.163790220369638 ], [ -91.993279860400762, 16.164276170450101 ], [ -91.996681599712403, 16.165950889746622 ], [ -92.000193179955929, 16.18236081988157 ], [ -92.002615540226472, 16.181791149640638 ], [ -91.997793089822039, 16.191569829596848 ], [ -92.001115629849266, 16.197655320404323 ], [ -92.017615630284396, 16.200806850219514 ], [ -92.016928310126488, 16.206964079837363 ], [ -92.04519985998671, 16.237414550032426 ], [ -92.042281050433985, 16.240749220378092 ], [ -92.051177250463468, 16.250120889916229 ], [ -92.033438020141276, 16.2624042202523 ], [ -92.034451249647773, 16.273365140386254 ], [ -92.024044540154975, 16.282422290175717 ], [ -92.013662169935444, 16.268041050116118 ], [ -92.014695030315693, 16.277085749722033 ], [ -91.986305060085002, 16.284622629951265 ], [ -91.979187849773439, 16.294241180237279 ], [ -91.979820119847005, 16.298772679586548 ], [ -91.965426979697583, 16.30565594037359 ] ] ] } },
{ "type": "Feature", "properties": { "code": "07043", "stateCode": "07", "municipalityCode": "043", "name": "Ixtacomitán" }, "geometry": { "type": "Polygon", "coordinates": [ [ [ -93.073818309557737, 17.495607479717396 ], [ -93.056352049986401, 17.491181000231773 ], [ -93.047405919601161, 17.492262180411082 ], [ -93.044802089949229, 17.486700450132808 ], [ -93.038062800437032, 17.485647249749448 ], [ -93.041528569891696, 17.477934219931278 ], [ -93.059469909645884, 17.473554290242713 ], [ -93.060310599550689, 17.470089580182286 ], [ -93.047786969855878, 17.460506859750328 ], [ -93.050290220155944, 17.455941510420526 ], [ -93.049482320087264, 17.443081339965545 ], [ -93.045603719522447, 17.441050170320104 ], [ -93.04611852028205, 17.4358695796086 ], [ -93.050436779972031, 17.436117370216312 ], [ -93.054564739548567, 17.422496739851233 ], [ -93.051888479710342, 17.421046939675108 ], [ -93.055462910191977, 17.419122489703664 ], [ -93.050650950005746, 17.416437310020768 ], [ -93.072898779940388, 17.40386294030543 ], [ -93.069912320251774, 17.395812029767029 ], [ -93.058871150061236, 17.397894509886058 ], [ -93.054810220350205, 17.393048819713371 ], [ -93.047304629932327, 17.393882419735004 ], [ -93.046641400462732, 17.386685939586783 ], [ -93.0618000896891, 17.378924879910752 ], [ -93.058528050412676, 17.375133399797253 ], [ -93.059647120479838, 17.370517279596612 ], [ -93.073077939551027, 17.368557489685749 ], [ -93.077193310249953, 17.364514379780921 ], [ -93.08168657038631, 17.366662850268323 ], [ -93.078430479681899, 17.369820970416217 ], [ -93.081125970070232, 17.373046350008639 ], [ -93.079275029854443, 17.375946139892115 ], [ -93.08277032026578, 17.372034080237263 ], [ -93.082763490221879, 17.364103429724665 ], [ -93.086326310000942, 17.36675311000392 ], [ -93.098153120410487, 17.36649885999481 ], [ -93.099161259915519, 17.35820004976722 ], [ -93.138632850478814, 17.36455668978325 ], [ -93.137224849696523, 17.372837349982415 ], [ -93.139685680283179, 17.375585340170115 ], [ -93.152444740071203, 17.375245740053899 ], [ -93.156287909541973, 17.385761180022172 ], [ -93.154273709970681, 17.384881489771363 ], [ -93.151912379661937, 17.392621149800878 ], [ -93.169692780149035, 17.397356879831957 ], [ -93.173842180142657, 17.402811819766629 ], [ -93.169298399753444, 17.415376750044796 ], [ -93.160214939787394, 17.419251450390647 ], [ -93.154943289877124, 17.425352140265264 ], [ -93.139569000048041, 17.428495259824881 ], [ -93.132340200399284, 17.438003169599124 ], [ -93.131218139558712, 17.447070260122491 ], [ -93.120113720092732, 17.455059489675175 ], [ -93.12084913971529, 17.464304349605751 ], [ -93.108265909977902, 17.474564089568283 ], [ -93.101388170150216, 17.475789420169043 ], [ -93.101946799550419, 17.485369200242125 ], [ -93.095603380151857, 17.486433350223805 ], [ -93.087026180335798, 17.479311660241368 ], [ -93.086520630294856, 17.491738799900823 ], [ -93.077391120035514, 17.491903919906157 ], [ -93.077705399727407, 17.483203569577402 ], [ -93.073803119582081, 17.485129480249743 ], [ -93.073818309557737, 17.495607479717396 ] ] ] } },
{ "type": "Feature", "properties": { "code": "07044", "stateCode": "07", "municipalityCode": "044", "name": "Ixtapa" }, "geometry": { "type": "Polygon", "coordinates": [ [ [ -92.851344049645604, 16.93070649013935 ], [ -92.839862510366586, 16.920228690412479 ], [ -92.842564579892056, 16.913391290046274 ], [ -92.830404649540839, 16.911429290423449 ], [ -92.814450250084533, 16.894632109573759 ], [ -92.816018489831876, 16.891264619635677 ], [ -92.825792980283651, 16.890145339634458 ], [ -92.856228109866166, 16.890310710221762 ], [ -92.856456629708333, 16.879087460163639 ], [ -92.820645570367475, 16.879210050225304 ], [ -92.831149230423918, 16.851130319676379 ], [ -92.824297419613472, 16.838682970140983 ], [ -92.820626829820185, 16.847892690150122 ], [ -92.815361489822862, 16.842740909630596 ], [ -92.81247408004721, 16.830988709861064 ], [ -92.816351519684417, 16.824534549949625 ], [ -92.812297029718238, 16.820338829787605 ], [ -92.812683119856629, 16.810675569790163 ], [ -92.827925860430625, 16.792335060223198 ], [ -92.818388970331554, 16.789156419893459 ], [ -92.825499379675264, 16.783707459816977 ], [ -92.811072520435516, 16.776225649646044 ], [ -92.816463220092189, 16.770769769645781 ], [ -92.824388370031159, 16.77046655000062 ], [ -92.8336504897363, 16.772520199689737 ], [ -92.838315029979483, 16.77806713978736 ], [ -92.845691940172003, 16.777837249999404 ], [ -92.848845659623606, 16.763774320039722 ], [ -92.860897460451156, 16.749652370155509 ], [ -92.87134401998, 16.742533800433513 ], [ -92.880996419550499, 16.743271750141727 ], [ -92.864927110208384, 16.731521620144651 ], [ -92.867454489850317, 16.726215280270246 ], [ -92.861454220225525, 16.721873230188699 ], [ -92.861123950327027, 16.71650280020566 ], [ -92.850734949697525, 16.711460259766657 ], [ -92.863997770088019, 16.684633109564555 ], [ -92.883944998945822, 16.696956450234907 ], [ -92.879954060190286, 16.703218800142832 ], [ -92.872366420373268, 16.69564342122715 ], [ -92.866636058940486, 16.704566289747095 ], [ -92.87041044924392, 16.719016520595115 ], [ -92.878524569025473, 16.719003770726342 ], [ -92.882379770268912, 16.713798720734562 ], [ -92.889010119086606, 16.714093569570043 ], [ -92.883236940224762, 16.732230090876158 ], [ -92.888395320356096, 16.734120229968767 ], [ -92.902441849387429, 16.714029310082864 ], [ -92.910417688843324, 16.717328520763974 ], [ -92.896774079082491, 16.738609490887935 ], [ -92.908285280100586, 16.742487519876878 ], [ -92.913933569567263, 16.749457679993927 ], [ -92.934396218915168, 16.753910621207769 ], [ -92.939565689341634, 16.759427090195643 ], [ -92.955063708734656, 16.765095779594652 ], [ -92.963119089622253, 16.762693740670539 ], [ -92.975479250411325, 16.768135059978018 ], [ -92.976085490130558, 16.761758049722157 ], [ -92.988508650104123, 16.765294259872185 ], [ -92.990372579921399, 16.767622121063859 ], [ -92.985132170092669, 16.773265170003953 ], [ -92.986752890169356, 16.784755001234849 ], [ -92.995908779255458, 16.782153089774955 ], [ -92.994738918838877, 16.773390651277314 ], [ -93.012903948663023, 16.76343797985475 ], [ -93.020620459489663, 16.771517520721122 ], [ -93.005509479141381, 16.776481880639071 ], [ -93.006339979592781, 16.779188179987617 ], [ -93.016067029622349, 16.775656970812161 ], [ -93.012122720285888, 16.798850479664619 ], [ -93.005436779600444, 16.793919060109012 ], [ -92.979702909742926, 16.802949221220267 ], [ -92.986209708896482, 16.826581711013951 ], [ -92.976256120141414, 16.82615694966282 ], [ -92.973118079681797, 16.83665129073686 ], [ -92.961116109284063, 16.840597971203259 ], [ -92.965189048917736, 16.84233660003024 ], [ -92.96665048971002, 16.848286200554494 ], [ -92.974293648930725, 16.850761720111151 ], [ -92.975673259528492, 16.854817580990023 ], [ -92.972954369452609, 16.855701370075341 ], [ -92.980918598991707, 16.863114800023407 ], [ -92.970589050332862, 16.869022680575306 ], [ -92.966777568804147, 16.86606902126465 ], [ -92.965055028941677, 16.868877571111415 ], [ -92.950704289252855, 16.858951969578008 ], [ -92.950549179188414, 16.862673050530855 ], [ -92.958320339028234, 16.868341850382244 ], [ -92.942393879542422, 16.879428649698458 ], [ -92.922096709829916, 16.869555479875473 ], [ -92.914273290484999, 16.875548259704857 ], [ -92.913127319878569, 16.873634970302327 ], [ -92.895743110120364, 16.885656579972515 ], [ -92.901819709937755, 16.886846290397845 ], [ -92.90752654024719, 16.892640579684294 ], [ -92.900870999809811, 16.906006740083633 ], [ -92.867468199923252, 16.916874030258189 ], [ -92.851344049645604, 16.93070649013935 ] ] ] } },
{ "type": "Feature", "properties": { "code": "07045", "stateCode": "07", "municipalityCode": "045", "name": "Ixtapangajoya" }, "geometry": { "type": "Polygon", "coordinates": [ [ [ -93.004232510319369, 17.555184880353469 ], [ -92.988340480316111, 17.550005949604291 ], [ -92.988370600408203, 17.541352229740468 ], [ -92.97978621997234, 17.536131430349634 ], [ -92.99264832043886, 17.53001571999928 ], [ -92.982996690389783, 17.518913919593945 ], [ -92.98487341976319, 17.511307859579468 ], [ -92.978659150472396, 17.512591029750713 ], [ -92.975064580013623, 17.518638740402672 ], [ -92.968042119792727, 17.517972719971098 ], [ -92.958067519750088, 17.491974229747502 ], [ -92.948119830210103, 17.482743019705524 ], [ -92.944658489835689, 17.483311480309826 ], [ -92.939359519765006, 17.502349030402677 ], [ -92.920613449543907, 17.502679000278807 ], [ -92.934611510300243, 17.479723970452941 ], [ -92.938310540125855, 17.460137710019918 ], [ -92.950231969573167, 17.444139719837178 ], [ -92.93404852001936, 17.439305119672017 ], [ -92.931648659652723, 17.428089150042034 ], [ -92.926963949775384, 17.422292459557873 ], [ -92.923393139772244, 17.425123710025343 ], [ -92.913483969859683, 17.413710520045196 ], [ -92.924227979597958, 17.405937220339897 ], [ -92.92678461982797, 17.408723680026206 ], [ -92.934636080328502, 17.406157620428836 ], [ -92.929486429663783, 17.389571920088965 ], [ -92.931306510137247, 17.370590340414022 ], [ -92.942410820277985, 17.367924910015226 ], [ -92.948265969642236, 17.371248599794487 ], [ -92.949344169617405, 17.366742450070301 ], [ -92.9515124595614, 17.373604830226675 ], [ -92.957540570075182, 17.376454309679289 ], [ -92.946112800310161, 17.384616169849153 ], [ -92.948531520234567, 17.386882219779672 ], [ -92.946270879612982, 17.401419740377584 ], [ -92.95384562005286, 17.401699650042566 ], [ -92.970781289857086, 17.417612150250825 ], [ -92.98947468005818, 17.446124629855646 ], [ -92.995966939517942, 17.445019320403464 ], [ -92.996265969867864, 17.451871449710687 ], [ -93.01808915010497, 17.455323380224435 ], [ -93.029775550140144, 17.489841460092265 ], [ -93.031644320179836, 17.483694910087941 ], [ -93.039995879697798, 17.479116060412196 ], [ -93.038739519600981, 17.486349799936303 ], [ -93.043939780378153, 17.486293849707781 ], [ -93.044941860116637, 17.491437459614779 ], [ -93.053887509683776, 17.493161119592177 ], [ -93.051898220395103, 17.497642569814062 ], [ -93.027445510438355, 17.495197950234466 ], [ -93.030315279899938, 17.502730170330917 ], [ -93.027883950194436, 17.514617679678185 ], [ -93.017036849850683, 17.521768379889782 ], [ -93.017269179868038, 17.533682460344867 ], [ -93.012323509787933, 17.529964829616898 ], [ -93.004669059888784, 17.531332429725072 ], [ -93.002398309520913, 17.54018342025045 ], [ -93.004232510319369, 17.555184880353469 ] ] ] } },
{ "type": "Feature", "properties": { "code": "07046", "stateCode": "07", "municipalityCode": "046", "name": "Jiquipilas" }, "geometry": { "type": "Polygon", "coordinates": [ [ [ -93.550878460014914, 16.852334309798195 ], [ -93.544912349256805, 16.850175549646274 ], [ -93.543777319795453, 16.8440140310271 ], [ -93.539677549998117, 16.841510750618475 ], [ -93.541272309301903, 16.831351650710072 ], [ -93.53250198029501, 16.834117419593145 ], [ -93.529260948588117, 16.827783250507046 ], [ -93.532913179947499, 16.820759849854959 ], [ -93.529116749868123, 16.819114861174871 ], [ -93.528505429258914, 16.808591940762792 ], [ -93.539491489490018, 16.801798909646973 ], [ -93.537354798793544, 16.796757380952943 ], [ -93.540220149255916, 16.794968400872893 ], [ -93.542001630406105, 16.778576619781322 ], [ -93.525187030026643, 16.762086420160301 ], [ -93.529836539791091, 16.747694019725024 ], [ -93.528372338673776, 16.741973001166329 ], [ -93.532260649262355, 16.741773969675954 ], [ -93.531212849030638, 16.738174710138932 ], [ -93.537884569603094, 16.72780879962675 ], [ -93.544773450192906, 16.728298860747461 ], [ -93.54557817036175, 16.724287649837375 ], [ -93.541784079760603, 16.726636819789821 ], [ -93.543298079713111, 16.715558970755854 ], [ -93.549787118816027, 16.707026149869922 ], [ -93.557887949607604, 16.702853480495097 ], [ -93.560568399324779, 16.688953380134013 ], [ -93.563764969325334, 16.686635139569521 ], [ -93.550384509776578, 16.679026181125877 ], [ -93.549477059219853, 16.673694940811856 ], [ -93.528307140166461, 16.670818349872615 ], [ -93.528995089704651, 16.655916460991143 ], [ -93.534729510115, 16.653221430321473 ], [ -93.534447140439752, 16.646514519626326 ], [ -93.525860150221078, 16.650793091282662 ], [ -93.522794800088235, 16.645220220122887 ], [ -93.514517449519929, 16.640471120139274 ], [ -93.518965078876818, 16.63374765987065 ], [ -93.515082909958409, 16.62870363125089 ], [ -93.512386628774124, 16.630476739941454 ], [ -93.482537310122069, 16.605212140342491 ], [ -93.490888650386339, 16.589472430595109 ], [ -93.490476478981435, 16.576782940945144 ], [ -93.494863578649685, 16.57673015069658 ], [ -93.4914990193964, 16.572090030916289 ], [ -93.49603473882901, 16.561488999600648 ], [ -93.487194688953451, 16.559295660481375 ], [ -93.49439627919962, 16.542347431151505 ], [ -93.51716462953118, 16.53089643097546 ], [ -93.525308368688727, 16.532337000576817 ], [ -93.51796497996564, 16.521561049622203 ], [ -93.520620690398317, 16.488232859999179 ], [ -93.526986179313923, 16.496111370914274 ], [ -93.525921460066129, 16.46961629004878 ], [ -93.510926339671286, 16.462195020055123 ], [ -93.512723620180964, 16.447422380351277 ], [ -93.54033950962166, 16.435485060014418 ], [ -93.546445229568775, 16.437615280071697 ], [ -93.547423199870408, 16.430898229608083 ], [ -93.548498149961702, 16.437829339547132 ], [ -93.562615490257144, 16.438584169871604 ], [ -93.559225259656998, 16.432570819727957 ], [ -93.575838650397785, 16.434848029738049 ], [ -93.555688519774364, 16.401138820202707 ], [ -93.567897179612061, 16.402205289557195 ], [ -93.57282242955057, 16.398062629959046 ], [ -93.596370050364058, 16.40453397033707 ], [ -93.609618689564257, 16.397765170059564 ], [ -93.615940800028028, 16.372073569613733 ], [ -93.636557379763602, 16.366677619641013 ], [ -93.646782139599907, 16.350184770266416 ], [ -93.649194659859276, 16.342599799865432 ], [ -93.64368587988703, 16.340034540160996 ], [ -93.64920154966714, 16.33524856971848 ], [ -93.64956931959729, 16.306860860020326 ], [ -93.673861940144604, 16.324434029695944 ], [ -93.681677059607367, 16.312869260007147 ], [ -93.686566279975736, 16.312337080366465 ], [ -93.684637430105994, 16.307088540102452 ], [ -93.689568049632697, 16.296602879688585 ], [ -93.693018999633139, 16.296560859543057 ], [ -93.707817580026173, 16.312767720294936 ], [ -93.719648430176278, 16.307440619794971 ], [ -93.736756520029473, 16.314558020075179 ], [ -93.747456350289355, 16.314528079701425 ], [ -93.751885120148359, 16.327118599634257 ], [ -93.78273791991937, 16.337555769560886 ], [ -93.792418140423436, 16.344576369961654 ], [ -93.814568289688907, 16.34363685008444 ], [ -93.82054197971928, 16.345805279822681 ], [ -93.817404140219011, 16.350804279597252 ], [ -93.827697599727145, 16.33471051984791 ], [ -93.835233489637815, 16.330742230410213 ], [ -93.832323350344112, 16.32680993965629 ], [ -93.844585309762806, 16.321549309980774 ], [ -93.85251405029932, 16.327471650074852 ], [ -93.845950400212345, 16.33138957020838 ], [ -93.86661526005382, 16.344316000181998 ], [ -93.899395949887818, 16.34843115002359 ], [ -93.896473570110743, 16.351842769929064 ], [ -93.904569889843657, 16.351793980429527 ], [ -93.903585939952393, 16.355491109733446 ], [ -93.929034819783539, 16.356201939770052 ], [ -93.926699779978776, 16.361515779762282 ], [ -93.946478259958766, 16.368689429922711 ], [ -93.944876778622557, 16.374002019986115 ], [ -93.936620429012393, 16.369331779630706 ], [ -93.920925679349367, 16.377369260502942 ], [ -93.926182739300444, 16.392093880827463 ], [ -93.939322889756781, 16.398071450654449 ], [ -93.924736689699202, 16.400860280073807 ], [ -93.92357436919923, 16.406492820197098 ], [ -93.937290229481476, 16.410187750061684 ], [ -93.935896690361545, 16.418453280659275 ], [ -93.93882790889802, 16.418546230666127 ], [ -93.931023679180456, 16.442341340389756 ], [ -93.888286279039761, 16.44339215077046 ], [ -93.870585769109255, 16.459619149594207 ], [ -93.873802198622528, 16.473238179899923 ], [ -93.860234490454985, 16.486922060051278 ], [ -93.856101909905618, 16.48375456988963 ], [ -93.845920019753379, 16.485887429898458 ], [ -93.833648379136832, 16.475357690561445 ], [ -93.807572618905766, 16.499671710692706 ], [ -93.758123939351563, 16.503983551003735 ], [ -93.745580769508265, 16.529609950752466 ], [ -93.75316802976856, 16.547375140999542 ], [ -93.744500179735724, 16.565237429735667 ], [ -93.741405399450827, 16.569549200449291 ], [ -93.736148289592776, 16.566845059819677 ], [ -93.73520099911542, 16.571724370166148 ], [ -93.71715491973346, 16.567707350036883 ], [ -93.713764628929965, 16.598691019548728 ], [ -93.705785199177186, 16.603893259962543 ], [ -93.707337969330055, 16.605925980471834 ], [ -93.700995719162989, 16.622920550848733 ], [ -93.695122879335642, 16.620678619711224 ], [ -93.697672748869579, 16.646633950390722 ], [ -93.690003830191571, 16.660232950311716 ], [ -93.686952318711363, 16.690957280799168 ], [ -93.668739379465478, 16.687728679902477 ], [ -93.680380620263236, 16.69601189075988 ], [ -93.669611799282293, 16.69645628073183 ], [ -93.669377169854982, 16.705501921124323 ], [ -93.671518649539664, 16.705989850786747 ], [ -93.666782229179631, 16.708832540664027 ], [ -93.659922030458276, 16.739572370046393 ], [ -93.642889520180731, 16.750825451010257 ], [ -93.646342219089135, 16.768941320081701 ], [ -93.645386139444099, 16.793076690396113 ], [ -93.633707250207237, 16.79777609028314 ], [ -93.589914780400591, 16.801083170156495 ], [ -93.588433519592726, 16.809107620060306 ], [ -93.582542598885254, 16.814495400857041 ], [ -93.582476890309678, 16.818794879734714 ], [ -93.58784877031556, 16.819855320271369 ], [ -93.5553252002899, 16.846831951069703 ], [ -93.558435449568108, 16.849113880862415 ], [ -93.561902688915168, 16.845292490819862 ], [ -93.563905139014096, 16.850532061262331 ], [ -93.550878460014914, 16.852334309798195 ] ] ] } },
{ "type": "Feature", "properties": { "code": "07048", "stateCode": "07", "municipalityCode": "048", "name": "Juárez" }, "geometry": { "type": "Polygon", "coordinates": [ [ [ -93.094089880192342, 17.841171750295345 ], [ -93.043126309052369, 17.842577310431682 ], [ -93.04445006016266, 17.840596399979084 ], [ -93.04130617025919, 17.838287619962962 ], [ -93.04027648967454, 17.840934480226771 ], [ -93.025436279606538, 17.825418449897672 ], [ -93.027258880420845, 17.820324570283415 ], [ -93.016413748811573, 17.808134201268125 ], [ -93.019550370370752, 17.803124550228109 ], [ -93.015735259403613, 17.798099030421021 ], [ -93.012247050374043, 17.798490770214705 ], [ -93.01401378014026, 17.794940420390233 ], [ -93.01195831959771, 17.794284739989926 ], [ -93.018702999799075, 17.790708119734596 ], [ -93.015912060239657, 17.785347139871469 ], [ -93.026627939991286, 17.776448020448175 ], [ -93.027800509860214, 17.771644949742974 ], [ -93.037226180049203, 17.768989180211822 ], [ -93.036590430059093, 17.76635411957793 ], [ -93.039861139799214, 17.769926429847423 ], [ -93.042638279706836, 17.768411509674369 ], [ -93.04437054032654, 17.760484709975426 ], [ -93.047767139817893, 17.758352770346207 ], [ -93.046869169865616, 17.748432120028387 ], [ -93.054339709903104, 17.742171109970439 ], [ -93.054120109781024, 17.729314979727818 ], [ -93.0577321395523, 17.720186050388531 ], [ -93.053471740379763, 17.718781799656455 ], [ -93.053843169891366, 17.711415999608558 ], [ -93.044367980005674, 17.71338794956316 ], [ -93.043031890052433, 17.704218910079444 ], [ -93.038309629726172, 17.706587219635278 ], [ -93.0408046900356, 17.693562310187552 ], [ -93.037146260097089, 17.693669079690192 ], [ -93.038054620100198, 17.688004110313138 ], [ -93.039118430043601, 17.691963000099054 ], [ -93.041805519859025, 17.687329479819223 ], [ -93.066962830436722, 17.671659339622217 ], [ -93.061137459797081, 17.671898090134771 ], [ -93.059846510019725, 17.664880919933715 ], [ -93.065024780264224, 17.667018939962606 ], [ -93.06536407958653, 17.66381973968679 ], [ -93.069020279592337, 17.663617139905455 ], [ -93.070721649665614, 17.666169399734741 ], [ -93.074436579976151, 17.660986799749306 ], [ -93.094341059812493, 17.609224119734844 ], [ -93.08535623019894, 17.607207570028383 ], [ -93.084579430179659, 17.610190319890837 ], [ -93.079782889690421, 17.610072860207033 ], [ -93.077210880086412, 17.572983029746517 ], [ -93.094703399575494, 17.585433249579818 ], [ -93.101283620229069, 17.574864719611195 ], [ -93.108804690404199, 17.583424540267977 ], [ -93.118822689576163, 17.583232679669543 ], [ -93.119771140095381, 17.587909540019194 ], [ -93.123668979661716, 17.588668859598705 ], [ -93.124817280469031, 17.581020079882006 ], [ -93.13102635022527, 17.581413080081784 ], [ -93.137801970269578, 17.587089110041475 ], [ -93.137568939925998, 17.58365888018248 ], [ -93.141959459695798, 17.581101179613007 ], [ -93.149526220156631, 17.580370149867285 ], [ -93.162503459943778, 17.589180090060427 ], [ -93.163284489901187, 17.579372820080927 ], [ -93.166274550324744, 17.580458509975326 ], [ -93.169619890043919, 17.576283059658891 ], [ -93.166266569937477, 17.571716820159345 ], [ -93.174748950387126, 17.563460379680034 ], [ -93.178609019965691, 17.564581379887031 ], [ -93.178567770110789, 17.56109925971764 ], [ -93.207005320282036, 17.562777489750182 ], [ -93.212758889893877, 17.566627949812826 ], [ -93.218409750382691, 17.578011349577583 ], [ -93.211100889873052, 17.587027140039446 ], [ -93.213428030170363, 17.589064029937337 ], [ -93.2167909095635, 17.585128220108512 ], [ -93.224532180081511, 17.597249079959546 ], [ -93.229226740424835, 17.595510619805765 ], [ -93.238484660251103, 17.598423819868579 ], [ -93.246209889642401, 17.592396080127081 ], [ -93.230961490425628, 17.58394712005072 ], [ -93.234084620206289, 17.567712400310519 ], [ -93.238771000011397, 17.568126519903693 ], [ -93.243177220142258, 17.560278799865536 ], [ -93.255338620387903, 17.555505659582753 ], [ -93.26126299995471, 17.571348979963759 ], [ -93.269701969825974, 17.567610450322341 ], [ -93.271350319761424, 17.572202710147725 ], [ -93.275611049607917, 17.573629509828248 ], [ -93.26820754987628, 17.581873510006062 ], [ -93.27320325039689, 17.578899679756795 ], [ -93.277897339813336, 17.580901400181027 ], [ -93.281508630391144, 17.588135749901205 ], [ -93.280015909842831, 17.600456430322989 ], [ -93.288828910450277, 17.598049780251635 ], [ -93.28744594014114, 17.608437459762289 ], [ -93.307201600115874, 17.599846860239662 ], [ -93.322453939876539, 17.615666630180506 ], [ -93.327692280325806, 17.616217740034685 ], [ -93.318178219528377, 17.642354460113868 ], [ -93.332468019565411, 17.662972920255378 ], [ -93.348411149745104, 17.668796259539551 ], [ -93.36048682004926, 17.665116250161141 ], [ -93.353784570149742, 17.6810747499167 ], [ -93.356722169708021, 17.687150739762355 ], [ -93.353229830021746, 17.696750380446034 ], [ -93.355792540173724, 17.699766449970134 ], [ -93.352928259715867, 17.705849120074785 ], [ -93.356467750389143, 17.710623460097796 ], [ -93.354302350316033, 17.712882179565955 ], [ -93.360054479807062, 17.72246665028187 ], [ -93.363974419928468, 17.723490519976068 ], [ -93.362551849597878, 17.728687980108113 ], [ -93.368097919543885, 17.727599380271013 ], [ -93.369505379761691, 17.733006059716121 ], [ -93.37394657027437, 17.732994770126961 ], [ -93.369794850469603, 17.737236719606315 ], [ -93.382317580342203, 17.749875739587587 ], [ -93.390408859631449, 17.771753080883126 ], [ -93.388676419501493, 17.776932690721271 ], [ -93.385642119715257, 17.777177490087649 ], [ -93.38426345964622, 17.773021370995217 ], [ -93.380617679578208, 17.77435438095706 ], [ -93.375419950088016, 17.766798019757967 ], [ -93.35163972002006, 17.763996540283763 ], [ -93.33342817046433, 17.818364320097807 ], [ -93.314325649907431, 17.81293055026498 ], [ -93.320221049988803, 17.796009949760524 ], [ -93.311173879664352, 17.793190939638102 ], [ -93.311241940057016, 17.78873517003699 ], [ -93.305246339672607, 17.781806980112201 ], [ -93.273943579606424, 17.772140059702306 ], [ -93.263414379989356, 17.806307570198651 ], [ -93.249206379909026, 17.810977549784912 ], [ -93.249031310111249, 17.805292199616943 ], [ -93.253350740017666, 17.80156315040777 ], [ -93.252674109715329, 17.795390350423315 ], [ -93.243463570399399, 17.79102306018105 ], [ -93.244361289813142, 17.786550340159422 ], [ -93.193718349551858, 17.771382450299154 ], [ -93.187862819523531, 17.778122250105163 ], [ -93.180705630052728, 17.775606339734317 ], [ -93.179041200117013, 17.779906749841508 ], [ -93.182587179702722, 17.781024659690669 ], [ -93.179730630202798, 17.786384020387707 ], [ -93.173939490168465, 17.784209180273592 ], [ -93.170454490420468, 17.777473170258489 ], [ -93.164975539882448, 17.779976509794587 ], [ -93.146888429648342, 17.77752196957638 ], [ -93.150377059724448, 17.763064340392106 ], [ -93.135834109628178, 17.752180770134292 ], [ -93.131253429664454, 17.787883599852112 ], [ -93.133451090066686, 17.791526290156678 ], [ -93.123558139738847, 17.79675297003946 ], [ -93.105340739849922, 17.791750060319764 ], [ -93.10214477996908, 17.813241829970085 ], [ -93.116101830307841, 17.821323919701811 ], [ -93.101645459757052, 17.845828339957968 ], [ -93.094089880192342, 17.841171750295345 ] ] ] } },
{ "type": "Feature", "properties": { "code": "07052", "stateCode": "07", "municipalityCode": "052", "name": "Las Margaritas" }, "geometry": { "type": "Polygon", "coordinates": [ [ [ -92.0250029502877, 16.656916919927461 ], [ -92.019571710021921, 16.661144659550324 ], [ -92.000384139934965, 16.593678049916274 ], [ -91.937795649764723, 16.596319830256974 ], [ -91.93935714993259, 16.598867509982696 ], [ -91.923938019816177, 16.600295230166111 ], [ -91.919902659772006, 16.54909817962044 ], [ -91.858445620102671, 16.566722290051196 ], [ -91.829623549572318, 16.53634848020679 ], [ -91.81935401993654, 16.551665890299248 ], [ -91.828054089898629, 16.549384950203926 ], [ -91.823195420093413, 16.554321120159525 ], [ -91.788257939789673, 16.552117169784836 ], [ -91.766063949819156, 16.530131030006913 ], [ -91.784615620104276, 16.512996919682109 ], [ -91.774070230146236, 16.508407769786817 ], [ -91.766933710191253, 16.494045460270915 ], [ -91.760295490070604, 16.499957619696257 ], [ -91.746199659710342, 16.499278080275356 ], [ -91.7436967202988, 16.513317980162725 ], [ -91.737185799877054, 16.509457490229664 ], [ -91.728052399795999, 16.510398109987001 ], [ -91.709960510049712, 16.516095509910578 ], [ -91.697281059907695, 16.525284949916667 ], [ -91.700157740357298, 16.534745169839887 ], [ -91.687591090373289, 16.552060849628113 ], [ -91.696317999794132, 16.567876020275342 ], [ -91.674145850102676, 16.578682349694155 ], [ -91.666840199712226, 16.55303899990912 ], [ -91.65909893968005, 16.549002630277187 ], [ -91.660828420303758, 16.545217940402203 ], [ -91.653053019997458, 16.536222820083857 ], [ -91.617159460425995, 16.524106340241133 ], [ -91.610326450404131, 16.540148950407719 ], [ -91.603464369803319, 16.534114350154535 ], [ -91.593912820066905, 16.539491739858256 ], [ -91.590050219673145, 16.537780460288566 ], [ -91.585461550011644, 16.531448220028405 ], [ -91.58361757009942, 16.514625779675953 ], [ -91.578283249828161, 16.510177180208732 ], [ -91.584879519620955, 16.496846370063491 ], [ -91.578018980167542, 16.487220150333375 ], [ -91.533958179837398, 16.51234794960779 ], [ -91.507090230297322, 16.496729419923327 ], [ -91.49732850994306, 16.504296450117838 ], [ -91.494292969761148, 16.503069059948086 ], [ -91.489266969719722, 16.509669049589206 ], [ -91.486462309600086, 16.513658420245275 ], [ -91.490839089988711, 16.522007319891859 ], [ -91.486676000160045, 16.525566550410229 ], [ -91.479938429747151, 16.524743740153291 ], [ -91.472291510015268, 16.516312459790431 ], [ -91.461463429953682, 16.516490770191975 ], [ -91.453847149626142, 16.512549720414761 ], [ -91.451627340402695, 16.506591280013335 ], [ -91.442159509876618, 16.502127200287308 ], [ -91.433081710178854, 16.488135140263292 ], [ -91.445457119769983, 16.462378599796935 ], [ -91.420911819796729, 16.443207179607796 ], [ -91.435870690394694, 16.423539570015816 ], [ -91.421111400076057, 16.403784370300912 ], [ -91.41153151031989, 16.409114429972629 ], [ -91.401087260085134, 16.394540909643091 ], [ -91.396823059976654, 16.397242569624446 ], [ -91.389079320439393, 16.387327399738666 ], [ -91.362479219602619, 16.403197510291985 ], [ -91.34217377026151, 16.402660259718495 ], [ -91.33998617006975, 16.40706784977608 ], [ -91.336078119856992, 16.406881449656762 ], [ -91.341052290087106, 16.389758090428053 ], [ -91.335360580195811, 16.38474905983329 ], [ -91.343866549793887, 16.379927450245216 ], [ -91.330669769632991, 16.380963090300984 ], [ -91.337591089754142, 16.372574909957077 ], [ -91.330341479892766, 16.373232970423604 ], [ -91.327170980404333, 16.369692219619733 ], [ -91.331894849902028, 16.341511279850025 ], [ -91.329158540036133, 16.336847630148846 ], [ -91.341686339682937, 16.33246666034298 ], [ -91.333382259614439, 16.326961600206463 ], [ -91.331052120190648, 16.327933019721069 ], [ -91.332176650407007, 16.333261860332559 ], [ -91.329027539949109, 16.332899059973922 ], [ -91.325242279681305, 16.328051420422117 ], [ -91.32754598036955, 16.322000399714931 ], [ -91.3213427097254, 16.325016199669982 ], [ -91.319003080132646, 16.31968106044965 ], [ -91.306360650362407, 16.316208289996744 ], [ -91.300159550273676, 16.318118230372875 ], [ -91.302428019840121, 16.31352771016774 ], [ -91.311874570313009, 16.31327468987336 ], [ -91.35730540043842, 16.290128600265781 ], [ -91.37300693955946, 16.244870620129642 ], [ -91.39004701995286, 16.259553430430529 ], [ -91.387468289938511, 16.252472619546118 ], [ -91.390035540120593, 16.245975980138269 ], [ -91.385430369711585, 16.230689769991553 ], [ -91.390775400237374, 16.227996720455163 ], [ -91.379396819641869, 16.208503379960497 ], [ -91.3683611701762, 16.200514309687978 ], [ -91.350175349605848, 16.204096149648759 ], [ -91.34071333960118, 16.202620919982827 ], [ -91.3418966503733, 16.196020139787013 ], [ -91.346444889738223, 16.194285110071867 ], [ -91.350334660068285, 16.186338379560073 ], [ -91.340420520087434, 16.167762800320837 ], [ -91.355584550110592, 16.147447630259531 ], [ -91.339911280350904, 16.125517280373757 ], [ -91.34590152024812, 16.123803430100587 ], [ -91.339770749883684, 16.115092999630605 ], [ -91.327669430123038, 16.120447370426955 ], [ -91.309271550451001, 16.108745149749772 ], [ -91.310709430310226, 16.107203379664806 ], [ -91.304792180315175, 16.107754140230995 ], [ -91.296660599635089, 16.074359250277574 ], [ -91.381782860115138, 16.074349339725924 ], [ -91.384613769625389, 16.07947833982865 ], [ -91.38962117005417, 16.080426089644842 ], [ -91.407855250001404, 16.106956090082505 ], [ -91.399762169898608, 16.115313819719105 ], [ -91.414217580017549, 16.116379660386492 ], [ -91.4165584204315, 16.113969739713781 ], [ -91.423396999945339, 16.117514429661025 ], [ -91.429322910045855, 16.111454229985693 ], [ -91.437067689925854, 16.113405339981504 ], [ -91.447070450415183, 16.108452309649412 ], [ -91.442949849819371, 16.09612027979998 ], [ -91.476014370019527, 16.095908379696255 ], [ -91.476145720078932, 16.10992071964229 ], [ -91.480981320424846, 16.117352169749005 ], [ -91.493935940070386, 16.11800965015545 ], [ -91.495881550303437, 16.128782379808058 ], [ -91.504419889546952, 16.131936400204197 ], [ -91.501198059648999, 16.137062950272011 ], [ -91.518177479605015, 16.142510799658353 ], [ -91.499975690394322, 16.150310059868215 ], [ -91.507638420415958, 16.163940690160214 ], [ -91.515486029677774, 16.167444119535361 ], [ -91.51684631024456, 16.172961740423268 ], [ -91.521304199933482, 16.170943750323239 ], [ -91.540893520234121, 16.183481260053433 ], [ -91.543822250169882, 16.182235090202582 ], [ -91.541520999578935, 16.178977740086243 ], [ -91.544841320103643, 16.179152420061214 ], [ -91.55618414047558, 16.186518149657839 ], [ -91.549961799827699, 16.197912379979872 ], [ -91.555905550278894, 16.20126574021927 ], [ -91.562223059857203, 16.186604659575245 ], [ -91.596095490103338, 16.211643380064086 ], [ -91.606022250017261, 16.203611280224013 ], [ -91.607130200189616, 16.214212680076489 ], [ -91.633224829945632, 16.214301599590581 ], [ -91.633063769836198, 16.217175890172228 ], [ -91.620190719806814, 16.217240290272709 ], [ -91.63110118027933, 16.237938879573051 ], [ -91.631222649866558, 16.252912860061198 ], [ -91.643082570217601, 16.253596720457946 ], [ -91.648834650062355, 16.260446710209571 ], [ -91.657712380300467, 16.256749029669685 ], [ -91.659308220172463, 16.252997980127038 ], [ -91.666489110025566, 16.255466050222374 ], [ -91.666724909815073, 16.252710489760016 ], [ -91.669978260363337, 16.252667800152345 ], [ -91.675087249850094, 16.261882280132227 ], [ -91.68956445968891, 16.267749520281182 ], [ -91.680018459665476, 16.273470020303144 ], [ -91.682130520457719, 16.276540279620285 ], [ -91.706411149893839, 16.265495199709232 ], [ -91.730373520219615, 16.266812199846711 ], [ -91.741483369770819, 16.25727382002357 ], [ -91.729353980275221, 16.250034139812328 ], [ -91.739918950117328, 16.2437300199052 ], [ -91.737837340181002, 16.240381319878711 ], [ -91.741148539872711, 16.239904550135915 ], [ -91.745607339963115, 16.222175550064215 ], [ -91.750665740112794, 16.222180509883675 ], [ -91.765578199836185, 16.212261890115421 ], [ -91.767646649861987, 16.217815449900836 ], [ -91.782521749726968, 16.210524290123221 ], [ -91.818503830149425, 16.242243430115852 ], [ -91.820005939992342, 16.239357120159781 ], [ -91.816719110204559, 16.236420340002336 ], [ -91.830443339958421, 16.223099710319921 ], [ -91.841578080334969, 16.227743779802783 ], [ -91.85302775024573, 16.227193620416895 ], [ -91.84926151008203, 16.237149719816458 ], [ -91.85964081956152, 16.246181450339254 ], [ -91.856825570204293, 16.255068599808578 ], [ -91.871438340271212, 16.261208150048997 ], [ -91.891770060041154, 16.262340969590099 ], [ -91.900122309950518, 16.269179000013271 ], [ -91.91100366031975, 16.257472659924826 ], [ -91.917752369812376, 16.266216889928433 ], [ -91.923888710080746, 16.267029180452379 ], [ -91.958289769569916, 16.26196351017574 ], [ -91.961854999744844, 16.284684290326144 ], [ -91.967052770254057, 16.294748259838848 ], [ -91.95968718041064, 16.298816969759276 ], [ -91.965426979697583, 16.30565594037359 ], [ -91.979820119847005, 16.298772679586548 ], [ -91.979187849773439, 16.294241180237279 ], [ -91.986305060085002, 16.284622629951265 ], [ -92.014695030315693, 16.277085749722033 ], [ -92.013662169935444, 16.268041050116118 ], [ -92.028727539647988, 16.288940480263033 ], [ -92.048298290281494, 16.294641629714562 ], [ -92.045163379556911, 16.298145259660018 ], [ -92.05756951003687, 16.293042909693643 ], [ -92.061148140298556, 16.29669774015067 ], [ -92.048507690166517, 16.324140320165174 ], [ -92.045116510245776, 16.322749169609892 ], [ -92.044254260416054, 16.326201800256456 ], [ -92.035643909546025, 16.330082369940421 ], [ -92.024455369767836, 16.341091880131188 ], [ -92.045041750270912, 16.332060229662908 ], [ -92.054429950033366, 16.336756619743237 ], [ -92.058211709760457, 16.34282191979705 ], [ -92.051683169823548, 16.346004799751235 ], [ -92.051550430237654, 16.353319720041423 ], [ -92.065999949973516, 16.362784600281433 ], [ -92.062386520311094, 16.363741980442445 ], [ -92.064285630117453, 16.367879180424026 ], [ -92.082737459850065, 16.370775119887497 ], [ -92.083149549964148, 16.378283339973994 ], [ -92.078488489996616, 16.381675249584777 ], [ -92.087506749792922, 16.387288019889628 ], [ -92.086833000239977, 16.39095581971328 ], [ -92.092588980068214, 16.396379399829122 ], [ -92.105810679623076, 16.393149080349527 ], [ -92.107439259845279, 16.39548072038161 ], [ -92.113825630158686, 16.389792080449865 ], [ -92.119377690130221, 16.395772980324612 ], [ -92.116874290366852, 16.421730739758875 ], [ -92.131817319734523, 16.425214820170893 ], [ -92.132497339755744, 16.410788279810454 ], [ -92.153501799832355, 16.413163430341317 ], [ -92.154276569572545, 16.407525829537597 ], [ -92.16827824997344, 16.402005490190518 ], [ -92.175619569886251, 16.412281450310665 ], [ -92.155281769868381, 16.41611735033268 ], [ -92.159033920033139, 16.422784290029512 ], [ -92.157950089813099, 16.453747860377806 ], [ -92.182670689851406, 16.453003749686857 ], [ -92.176183630400232, 16.493495969786931 ], [ -92.17866148034139, 16.493405380152002 ], [ -92.170951720038587, 16.497504400105527 ], [ -92.15173164991721, 16.548049979887708 ], [ -92.153449830341572, 16.56733883022568 ], [ -92.146807339838745, 16.593837880336892 ], [ -92.151692650312413, 16.606568320453228 ], [ -92.153202229816273, 16.632004259867799 ], [ -92.144934979844962, 16.643949650094342 ], [ -92.121111109709076, 16.664663949824408 ], [ -92.104168919538111, 16.668803770118046 ], [ -92.064427120246904, 16.658604169767393 ], [ -92.04285028040988, 16.662973850002093 ], [ -92.032959479821187, 16.67403311955492 ], [ -92.0250029502877, 16.656916919927461 ] ] ] } },
{ "type": "Feature", "properties": { "code": "07056", "stateCode": "07", "municipalityCode": "056", "name": "Mitontic" }, "geometry": { "type": "Polygon", "coordinates": [ [ [ -92.526649629626675, 16.900493289951903 ], [ -92.515978180044826, 16.887090569617442 ], [ -92.519557250324468, 16.876872749721258 ], [ -92.525182420348543, 16.87125049032063 ], [ -92.523037600017219, 16.861392279761784 ], [ -92.530468740141885, 16.859975879764487 ], [ -92.53713448032876, 16.851814519792498 ], [ -92.568291399653063, 16.85424528007843 ], [ -92.60135057953066, 16.863781030189767 ], [ -92.615494710290889, 16.869727550334531 ], [ -92.621971349670233, 16.876457889976301 ], [ -92.6301239096112, 16.87667498005526 ], [ -92.627744287033792, 16.857004630403516 ], [ -92.630151489707714, 16.861067000204709 ], [ -92.635223919876395, 16.859249279632312 ], [ -92.639040479732458, 16.862086519617201 ], [ -92.637029320206238, 16.875507850404691 ], [ -92.63236674996088, 16.881705770594735 ], [ -92.624481749612713, 16.880355380837727 ], [ -92.610008649955773, 16.870698769893075 ], [ -92.602371829591931, 16.870725969763029 ], [ -92.591231349845245, 16.879891770070941 ], [ -92.593030690427995, 16.882939199844181 ], [ -92.579315780457421, 16.888389049808598 ], [ -92.57898326030174, 16.892936420397707 ], [ -92.569085690015712, 16.901044490246367 ], [ -92.56295270996192, 16.894385689774023 ], [ -92.541192550018351, 16.892341311271924 ], [ -92.526649629626675, 16.900493289951903 ] ] ] } },
{ "type": "Feature", "properties": { "code": "07054", "stateCode": "07", "municipalityCode": "054", "name": "Mazatán" }, "geometry": { "type": "Polygon", "coordinates": [ [ [ -92.55989589010774, 15.00020714971305 ], [ -92.556732819883834, 14.992265829924991 ], [ -92.563454279815204, 14.956052459715513 ], [ -92.539308819680613, 14.954276430090374 ], [ -92.536257970329785, 14.961207090328191 ], [ -92.529219880249116, 14.96435308035368 ], [ -92.512254260260249, 14.95927839976947 ], [ -92.510564890178472, 14.950419340441693 ], [ -92.506216449873065, 14.947979370342383 ], [ -92.503674550046753, 14.949427110241565 ], [ -92.504884799892324, 14.956619229812716 ], [ -92.498583969987067, 14.965306770068736 ], [ -92.494667050415856, 14.965994830060207 ], [ -92.486121579898352, 14.94965905975482 ], [ -92.479238400023306, 14.957280309788148 ], [ -92.477475890323348, 14.956020430090245 ], [ -92.478825879622804, 14.951385280247749 ], [ -92.467906260194837, 14.932299280046394 ], [ -92.435876689973725, 14.959471600179125 ], [ -92.426442089550179, 14.949543950075157 ], [ -92.416184889950429, 14.923167201134424 ], [ -92.399381349492884, 14.912052150716301 ], [ -92.388065480019407, 14.908893920396475 ], [ -92.385691710082256, 14.86792960135168 ], [ -92.397909739561939, 14.854716950452834 ], [ -92.398605690210545, 14.835123230219562 ], [ -92.385563339993979, 14.809858570861099 ], [ -92.391699449863609, 14.805530980303514 ], [ -92.396097849864873, 14.810812819956544 ], [ -92.416975940064376, 14.800057311151857 ], [ -92.410328119732426, 14.792396310815922 ], [ -92.421465600292166, 14.783776139869479 ], [ -92.432758420019042, 14.783693200043102 ], [ -92.425924940359025, 14.780446259624059 ], [ -92.434998549997786, 14.778785940408348 ], [ -92.439133480394887, 14.760821450272704 ], [ -92.446711260253068, 14.760986540068036 ], [ -92.455303579795554, 14.75514332132868 ], [ -92.462000690155548, 14.761318881079729 ], [ -92.466397089715613, 14.757554780412802 ], [ -92.515898050120015, 14.805035690094494 ], [ -92.676050079603044, 14.973148309760688 ], [ -92.673748050105274, 14.975205370100529 ], [ -92.667492449805408, 14.968091859775955 ], [ -92.665520950283494, 14.97045153962782 ], [ -92.651752140357559, 14.955815690112333 ], [ -92.645615109646641, 14.96219602972864 ], [ -92.637352429746102, 14.952937340082237 ], [ -92.603494310059702, 14.951578460215368 ], [ -92.60373520027207, 14.956705830243003 ], [ -92.572894769966467, 14.988615319908449 ], [ -92.568509919716433, 14.988060079796433 ], [ -92.566500650194001, 14.995100709760017 ], [ -92.55989589010774, 15.00020714971305 ] ] ] } },
{ "type": "Feature", "properties": { "code": "07072", "stateCode": "07", "municipalityCode": "072", "name": "Pueblo Nuevo Solistahuacán" }, "geometry": { "type": "Polygon", "coordinates": [ [ [ -92.876234280028243, 17.315940079556398 ], [ -92.866677370277955, 17.301296970239299 ], [ -92.876592630102607, 17.299615279695558 ], [ -92.864125739881757, 17.291522799883001 ], [ -92.85294028961772, 17.277988120302734 ], [ -92.860841450402432, 17.276491060444705 ], [ -92.854113659831128, 17.273240429918317 ], [ -92.832205539889301, 17.267684910110205 ], [ -92.832761229730025, 17.292496979982115 ], [ -92.82586106042524, 17.284035279970936 ], [ -92.813832549591979, 17.280525120390958 ], [ -92.812722950097708, 17.26753138031123 ], [ -92.816062740217632, 17.263867920165296 ], [ -92.812177580293351, 17.262812429784265 ], [ -92.809197150034905, 17.245969080045548 ], [ -92.814107430339419, 17.246444199751839 ], [ -92.810654110375069, 17.236455770080404 ], [ -92.803560710162529, 17.236465659965603 ], [ -92.802281550429825, 17.232722879765308 ], [ -92.797669230325653, 17.23301575033145 ], [ -92.786907769660374, 17.224531489739078 ], [ -92.78973907984772, 17.22126045987352 ], [ -92.792995580430627, 17.225925920220615 ], [ -92.793944349820094, 17.219877020025077 ], [ -92.797077219628093, 17.220731060392545 ], [ -92.797512139868147, 17.21823417954117 ], [ -92.782649569736463, 17.214603459775155 ], [ -92.777315879570367, 17.190534999626188 ], [ -92.781007750167305, 17.181408939755951 ], [ -92.789181149970815, 17.183919919863996 ], [ -92.792314819737882, 17.187458719904882 ], [ -92.784385400236914, 17.191410350407835 ], [ -92.793048089961871, 17.201278140338804 ], [ -92.791242539950957, 17.203862060118826 ], [ -92.806324939811915, 17.2055651802849 ], [ -92.806114119799588, 17.202279519577516 ], [ -92.799026720116359, 17.202002230194505 ], [ -92.804703910422944, 17.196558309674923 ], [ -92.803563780018564, 17.193548369731932 ], [ -92.812690689786095, 17.18568922015077 ], [ -92.811502420256033, 17.181311339641606 ], [ -92.824559310407977, 17.162412509882319 ], [ -92.830793600429388, 17.164443599858284 ], [ -92.831877050256438, 17.162395540440119 ], [ -92.826455520125762, 17.161410350379672 ], [ -92.825484019903769, 17.153863820051566 ], [ -92.847052599679671, 17.156746320116291 ], [ -92.838449349657864, 17.151264479740284 ], [ -92.830868459548682, 17.151859489832482 ], [ -92.846044618780056, 17.142491140482168 ], [ -92.863333918840112, 17.139011820518039 ], [ -92.872929460361846, 17.140400291222939 ], [ -92.876104780278325, 17.148786880807254 ], [ -92.883323320048433, 17.14572419982284 ], [ -92.895516618670129, 17.146779680625553 ], [ -92.899232888828422, 17.13601077034583 ], [ -92.910985250377848, 17.134634781258065 ], [ -92.939727308705926, 17.145191520507947 ], [ -92.938585569873325, 17.156336261018193 ], [ -92.94314987782731, 17.162273607166007 ], [ -92.933839261707263, 17.151809921860853 ], [ -92.910611376691719, 17.167992080008037 ], [ -92.914961080406883, 17.178046751029107 ], [ -92.8996880953366, 17.197525274603116 ], [ -92.911654655288416, 17.209439685854104 ], [ -92.906881328636061, 17.215850684234685 ], [ -92.892794903256657, 17.212253884048945 ], [ -92.886626380250149, 17.24703122573445 ], [ -92.885790714902711, 17.260237181205959 ], [ -92.909183791203148, 17.263965624202282 ], [ -92.916663884157089, 17.252814166639062 ], [ -92.924417618713875, 17.259749770306239 ], [ -92.922428419322088, 17.274861630224915 ], [ -92.911320259096556, 17.268581740173033 ], [ -92.911218199944855, 17.273971180017313 ], [ -92.900498850122617, 17.273196800325465 ], [ -92.907780120246159, 17.285417290241639 ], [ -92.917777319902086, 17.315969969586842 ], [ -92.876234280028243, 17.315940079556398 ] ] ] } },
{ "type": "Feature", "properties": { "code": "07111", "stateCode": "07", "municipalityCode": "111", "name": "Zinacantán" }, "geometry": { "type": "Polygon", "coordinates": [ [ [ -92.746341909976437, 16.780914642195672 ], [ -92.740467939779663, 16.772813250113138 ], [ -92.700218399726708, 16.765585260364865 ], [ -92.692035599624731, 16.762827999557114 ], [ -92.69257614973202, 16.755989580268078 ], [ -92.683160850418489, 16.754041629636205 ], [ -92.688607049606276, 16.744569749590926 ], [ -92.720280619902212, 16.722618909798637 ], [ -92.713516539671986, 16.72118814020347 ], [ -92.71990122008954, 16.714686879823109 ], [ -92.707698829571981, 16.696335939589687 ], [ -92.709989919786224, 16.688353050311871 ], [ -92.713737769587524, 16.688371549804035 ], [ -92.715901249725491, 16.677154340117184 ], [ -92.708694449974473, 16.672777779548397 ], [ -92.70908334029572, 16.667694450446611 ], [ -92.721581860461356, 16.643480030043222 ], [ -92.747212520257037, 16.666956770157199 ], [ -92.773267940101761, 16.677846079912872 ], [ -92.793878630420636, 16.670657280105946 ], [ -92.802780980302146, 16.676449230087385 ], [ -92.807016340216308, 16.675355519576026 ], [ -92.814019539930598, 16.686580550115146 ], [ -92.821747429866662, 16.680333259912626 ], [ -92.830856340201692, 16.665193090860729 ], [ -92.832976049360838, 16.667230599958511 ], [ -92.843441059695778, 16.659069550772113 ], [ -92.841566879095382, 16.666972170458898 ], [ -92.849438849425127, 16.66314820098648 ], [ -92.86780647983224, 16.666378419720175 ], [ -92.859573229798187, 16.685441569756449 ], [ -92.862475139618127, 16.686682060345667 ], [ -92.850734949697525, 16.711460259766657 ], [ -92.861123950327027, 16.71650280020566 ], [ -92.861454220225525, 16.721873230188699 ], [ -92.867454489850317, 16.726215280270246 ], [ -92.864927110208384, 16.731521620144651 ], [ -92.881118919781173, 16.743058309652266 ], [ -92.87134401998, 16.742533800433513 ], [ -92.860897460451156, 16.749652370155509 ], [ -92.848845659623606, 16.763774320039722 ], [ -92.847568150440438, 16.776807449893219 ], [ -92.838315029979483, 16.77806713978736 ], [ -92.8336504897363, 16.772520199689737 ], [ -92.816463220092189, 16.770769769645781 ], [ -92.790107429932547, 16.780736349922289 ], [ -92.759751779728035, 16.775837740091092 ], [ -92.746341909976437, 16.780914642195672 ] ] ] } },
{ "type": "Feature", "properties": { "code": "07110", "stateCode": "07", "municipalityCode": "110", "name": "San Lucas" }, "geometry": { "type": "Polygon", "coordinates": [ [ [ -92.813700860296066, 16.686463089668898 ], [ -92.807016340216308, 16.675355519576026 ], [ -92.802780980302146, 16.676449230087385 ], [ -92.793878630420636, 16.670657280105946 ], [ -92.773267940101761, 16.677846079912872 ], [ -92.747212520257037, 16.666956770157199 ], [ -92.721581860461356, 16.643480030043222 ], [ -92.712638889897661, 16.660305549905818 ], [ -92.704121480247792, 16.649960279880613 ], [ -92.710851880259668, 16.644323969906065 ], [ -92.712791850037391, 16.628099199901044 ], [ -92.705955179795666, 16.624944879716164 ], [ -92.709975629853318, 16.616570779758444 ], [ -92.688965570398878, 16.625786249863005 ], [ -92.665102229587006, 16.624208290270371 ], [ -92.661438549686608, 16.609115540300522 ], [ -92.640220829809536, 16.602751220118847 ], [ -92.647069880416538, 16.591078029796318 ], [ -92.631553999713248, 16.581859179835391 ], [ -92.616402510185665, 16.578478860080917 ], [ -92.641487289767156, 16.569190089722877 ], [ -92.677219229858025, 16.577817540397543 ], [ -92.706996280314272, 16.58676751027258 ], [ -92.705157539959387, 16.603420659850538 ], [ -92.723117770292561, 16.581719059623538 ], [ -92.735200420241881, 16.586048059579664 ], [ -92.738444230202703, 16.590783580954444 ], [ -92.7376964589197, 16.597773019638581 ], [ -92.726919948692995, 16.595522379613023 ], [ -92.728038089413062, 16.599867660858074 ], [ -92.748704319855406, 16.613729860529151 ], [ -92.747623879397864, 16.604628179801662 ], [ -92.751439860082272, 16.602426620417866 ], [ -92.748892889484083, 16.592702369707499 ], [ -92.755693050432512, 16.589416169805599 ], [ -92.759255849714989, 16.591270720252862 ], [ -92.765464650313291, 16.612192719836511 ], [ -92.7699259697104, 16.61632634096097 ], [ -92.767898568854235, 16.619162769571552 ], [ -92.772769279925598, 16.631667570022991 ], [ -92.787462509667066, 16.644910951075353 ], [ -92.784056629762574, 16.654920279749199 ], [ -92.798833319532847, 16.661333341067703 ], [ -92.808656178884775, 16.661682219759349 ], [ -92.825822220216025, 16.672628919911855 ], [ -92.821747429866662, 16.680333259912626 ], [ -92.813700860296066, 16.686463089668898 ] ] ] } },
{ "type": "Feature", "properties": { "code": "07051", "stateCode": "07", "municipalityCode": "051", "name": "Mapastepec" }, "geometry": { "type": "Polygon", "coordinates": [ [ [ -92.872953449705065, 15.672799080404936 ], [ -92.844589889683277, 15.66446585960469 ], [ -92.835871179651477, 15.669059379919183 ], [ -92.826234430476489, 15.664588979770414 ], [ -92.824322089978864, 15.666491230176701 ], [ -92.8174913396292, 15.658884059854236 ], [ -92.794425199624541, 15.654571689962401 ], [ -92.787818279998291, 15.643868060056276 ], [ -92.78229515018657, 15.641740449645823 ], [ -92.766632780226203, 15.647393830074156 ], [ -92.768310940359811, 15.636161259983732 ], [ -92.762816830261571, 15.631353599900415 ], [ -92.763825740162304, 15.614951520176339 ], [ -92.738476030169863, 15.616377719700578 ], [ -92.699894769832483, 15.601890080227788 ], [ -92.666749850426356, 15.614340519747369 ], [ -92.659811079677922, 15.610421909747682 ], [ -92.672599544191712, 15.606495422571555 ], [ -92.689215801966611, 15.547897905810354 ], [ -92.699760631944969, 15.500883249611883 ], [ -92.692000497933208, 15.482742224468172 ], [ -92.717606548933816, 15.475434820326242 ], [ -92.720799048661036, 15.465723920948985 ], [ -92.730914460249139, 15.467786860352305 ], [ -92.734526119120574, 15.460010091020294 ], [ -92.743828970311142, 15.455149490458933 ], [ -92.746468908870128, 15.454678340575413 ], [ -92.744228449002122, 15.457141339601778 ], [ -92.746862950113538, 15.46068631081536 ], [ -92.757246489242576, 15.457853140648691 ], [ -92.768984049980716, 15.432800719591182 ], [ -92.760630198683728, 15.43313737965064 ], [ -92.756916938887869, 15.429979089657579 ], [ -92.753839229718892, 15.434886080850227 ], [ -92.748687778638867, 15.428826890007253 ], [ -92.770770799162037, 15.426770540019948 ], [ -92.776235049566552, 15.414774140234087 ], [ -92.773766920201425, 15.412674750655782 ], [ -92.774682030292169, 15.400431340344008 ], [ -92.785378650006521, 15.389286149872264 ], [ -92.811986950275525, 15.40353232020856 ], [ -92.814773000229536, 15.399619620175407 ], [ -92.802820860175814, 15.393579689574704 ], [ -92.810116340118668, 15.346359910360441 ], [ -92.840043579848896, 15.322219119644993 ], [ -92.85242295035971, 15.282095400181644 ], [ -92.855291909887441, 15.282347089982084 ], [ -92.871735999736657, 15.261623139631517 ], [ -92.881257259848596, 15.270435379780551 ], [ -92.88573724955873, 15.265997060075044 ], [ -92.878309000384334, 15.258725680464634 ], [ -92.884747550471928, 15.252571079754176 ], [ -92.892062260156948, 15.260503289768499 ], [ -92.894687339989488, 15.258693050181707 ], [ -92.89287898041826, 15.253842619824502 ], [ -92.885406579815211, 15.250791570246637 ], [ -92.89375771965895, 15.248643820262526 ], [ -92.888482289544996, 15.232260490137442 ], [ -92.901888019831574, 15.247025479608338 ], [ -92.900253030430264, 15.248663149804086 ], [ -92.910772460415814, 15.248935740366223 ], [ -92.884591060177428, 15.222605089598826 ], [ -92.887038370320255, 15.221011660263903 ], [ -92.923193320141849, 15.246794620417305 ], [ -92.931040837898308, 15.231167227726115 ], [ -93.123697629901983, 15.409133479559173 ], [ -93.093831950136249, 15.429686450370184 ], [ -93.087509449941891, 15.423184460331413 ], [ -93.077205480330122, 15.432580279966247 ], [ -93.082095509569385, 15.437604349994819 ], [ -93.06108077023616, 15.45026191986538 ], [ -93.087628829829185, 15.455977379683391 ], [ -93.098120749612633, 15.461994279771451 ], [ -93.100738539865034, 15.468648290103742 ], [ -93.109202800160148, 15.473122280029154 ], [ -93.107591739919712, 15.475827549799501 ], [ -93.11208531966318, 15.480307030372909 ], [ -93.109380850313201, 15.486152780274603 ], [ -93.065243400006679, 15.514272090337595 ], [ -93.009352549826602, 15.486489800392881 ], [ -92.992392290362233, 15.498831779856269 ], [ -92.968439619828871, 15.510631110326848 ], [ -92.965083939813695, 15.588890819750226 ], [ -92.971628200086911, 15.605767140240017 ], [ -92.95662200019801, 15.613632260109416 ], [ -92.956639890071997, 15.605197430288873 ], [ -92.921857350053401, 15.591540970380521 ], [ -92.930352349910365, 15.591485569938982 ], [ -92.930053340190724, 15.58576884969032 ], [ -92.919498580265255, 15.579796830448277 ], [ -92.919061509910136, 15.594785629662084 ], [ -92.927971350049916, 15.609570019964725 ], [ -92.926196340085809, 15.625470120105241 ], [ -92.928473429659718, 15.638353480289664 ], [ -92.874006369956533, 15.637185739625894 ], [ -92.869734219575051, 15.643761179642333 ], [ -92.841388080351479, 15.632383919604436 ], [ -92.866486510213235, 15.655200019816345 ], [ -92.869988060308799, 15.667339829620976 ], [ -92.877967549933743, 15.671725289852622 ], [ -92.872953449705065, 15.672799080404936 ] ] ] } },
{ "type": "Feature", "properties": { "code": "07050", "stateCode": "07", "municipalityCode": "050", "name": "La Libertad" }, "geometry": { "type": "Polygon", "coordinates": [ [ [ -91.820876970356252, 17.731263740556365 ], [ -91.81843395021302, 17.727432229875468 ], [ -91.786515879941859, 17.719025680030136 ], [ -91.780531689908656, 17.707819479854969 ], [ -91.775956169968268, 17.709158321179022 ], [ -91.77660258015851, 17.715431681367928 ], [ -91.767852620325783, 17.70311545072795 ], [ -91.753914779945092, 17.705347320715571 ], [ -91.748243969646936, 17.700177019608233 ], [ -91.738806229898046, 17.710808650112956 ], [ -91.738552120481955, 17.706884969842395 ], [ -91.741383520396923, 17.7057740296632 ], [ -91.737932179927952, 17.705393149743799 ], [ -91.733294000337693, 17.696580341295505 ], [ -91.724763540491239, 17.69206388963627 ], [ -91.719212920429001, 17.693270679772393 ], [ -91.719857419979931, 17.697509230237305 ], [ -91.717545419741512, 17.698409230187835 ], [ -91.718473449974866, 17.694768250022058 ], [ -91.714640830394018, 17.695014050260209 ], [ -91.717077489765757, 17.687746509951499 ], [ -91.708231750465458, 17.688130059667962 ], [ -91.704035769778997, 17.69222509007604 ], [ -91.701037679972572, 17.68967965002868 ], [ -91.700957979701599, 17.678939780644342 ], [ -91.696698780102864, 17.679606680079054 ], [ -91.699141889939057, 17.682760341217378 ], [ -91.693711229572941, 17.685001201148015 ], [ -91.683021109978114, 17.675574250085223 ], [ -91.681377259647178, 17.670133719718972 ], [ -91.672992490371385, 17.683472429981144 ], [ -91.665822539514707, 17.683518551289442 ], [ -91.66573245005732, 17.679997849583142 ], [ -91.658544119888219, 17.674809631238876 ], [ -91.654743510089162, 17.676157119912784 ], [ -91.659007580026355, 17.665935230034151 ], [ -91.664339289588526, 17.666660629919257 ], [ -91.660391510132982, 17.665524399715409 ], [ -91.663607459593464, 17.662154830025198 ], [ -91.660579220149813, 17.660280750293062 ], [ -91.663247280108493, 17.65804046011861 ], [ -91.658658779826823, 17.656454709951682 ], [ -91.659764489837713, 17.649194769595219 ], [ -91.656495089709011, 17.649533229790855 ], [ -91.654054570069647, 17.645229430787964 ], [ -91.655263709614999, 17.643004200641485 ], [ -91.656733180103004, 17.645631199716174 ], [ -91.658787599639311, 17.639707980941289 ], [ -91.655949689902428, 17.641929179865759 ], [ -91.652811260158856, 17.638570740090767 ], [ -91.656175400092835, 17.636016481334998 ], [ -91.654449569980272, 17.633962000573071 ], [ -91.658081120099041, 17.634539340076202 ], [ -91.654904949549305, 17.630548200320906 ], [ -91.659898580003713, 17.630447461196866 ], [ -91.657036880293106, 17.625432320642961 ], [ -91.644567490422105, 17.621924550655329 ], [ -91.646742370059584, 17.617901461136739 ], [ -91.652193679589615, 17.619759170824491 ], [ -91.650790600352977, 17.617257480854153 ], [ -91.656995600321068, 17.615336660046992 ], [ -91.656796220011472, 17.612203980553165 ], [ -91.65948196980159, 17.61363377021728 ], [ -91.663563200057538, 17.612167139718117 ], [ -91.656947309645233, 17.603994799667952 ], [ -91.65285296986896, 17.603213019644006 ], [ -91.653084889611506, 17.598665281312957 ], [ -91.647688519565449, 17.594177280617068 ], [ -91.644620749928094, 17.595703800941212 ], [ -91.647080109813189, 17.592402969660771 ], [ -91.644333349700034, 17.591453311326607 ], [ -91.647147769663079, 17.590191310138721 ], [ -91.638827400216982, 17.581469430064949 ], [ -91.641031080233972, 17.558014029629646 ], [ -91.63476969005238, 17.550501431035414 ], [ -91.637912459677523, 17.547092549532817 ], [ -91.635780049580148, 17.547421950497554 ], [ -91.63569105006529, 17.542700780226653 ], [ -91.639189199991563, 17.541593540114135 ], [ -91.634287739625378, 17.5346242612633 ], [ -91.640050119831869, 17.533131290917758 ], [ -91.639189200146916, 17.529610879979213 ], [ -91.642491120196453, 17.52901665045647 ], [ -91.641821310385922, 17.518922030362223 ], [ -91.649077169901389, 17.517772740776891 ], [ -91.646599889765881, 17.509141541301407 ], [ -91.649945710224472, 17.505785050541807 ], [ -91.647157910017157, 17.504556540380367 ], [ -91.652443889944834, 17.500405709626563 ], [ -91.650224920076482, 17.495374979822088 ], [ -91.654652909945156, 17.496388110932369 ], [ -91.652217489664949, 17.492193510718458 ], [ -91.657159999780575, 17.49125111974195 ], [ -91.657688029841182, 17.486655060405877 ], [ -91.661026849594009, 17.487372860280782 ], [ -91.662816769722198, 17.479816740052538 ], [ -91.666857599699, 17.482120600549514 ], [ -91.670208949781895, 17.476400320287908 ], [ -91.672638000237214, 17.47814187963715 ], [ -91.670913999539678, 17.474498461275367 ], [ -91.674671079565243, 17.474033660170083 ], [ -91.67435309016534, 17.471644800167901 ], [ -91.676788619946464, 17.475882429967822 ], [ -91.68213132015272, 17.469493539574927 ], [ -91.681642580459325, 17.483078919866525 ], [ -91.716223520345778, 17.496686939786663 ], [ -91.725530600443591, 17.506415820014034 ], [ -91.725105220102975, 17.513346490923119 ], [ -91.728173939690379, 17.517554650150331 ], [ -91.750405199998994, 17.529824199815117 ], [ -91.760980089919613, 17.532356290284859 ], [ -91.788733599985363, 17.529646111080282 ], [ -91.815334420082834, 17.533083740429699 ], [ -91.815593550135034, 17.53938875012658 ], [ -91.823139630140957, 17.539457020433701 ], [ -91.824980969931246, 17.532462150776187 ], [ -91.848684949524454, 17.545019480422116 ], [ -91.870743250297252, 17.550291781039185 ], [ -91.852657509551634, 17.55981176977312 ], [ -91.848229109988026, 17.572173659958526 ], [ -91.854653310126821, 17.572158000117501 ], [ -91.855825979767189, 17.589040260811274 ], [ -91.859838570037027, 17.590011970589149 ], [ -91.860106919809581, 17.623026340396368 ], [ -91.855192399568779, 17.62330751057474 ], [ -91.854953819672929, 17.635152459800938 ], [ -91.856150709708771, 17.639761890778647 ], [ -91.861155179539438, 17.637762740562515 ], [ -91.861715750004407, 17.643646750216629 ], [ -91.857737939693649, 17.645988200330521 ], [ -91.871641179992722, 17.683407490673016 ], [ -91.853181179909242, 17.691702830774496 ], [ -91.83874486034756, 17.704560579638368 ], [ -91.827456970326267, 17.708515230460446 ], [ -91.836432169885427, 17.717818661155182 ], [ -91.820876970356252, 17.731263740556365 ] ] ] } },
{ "type": "Feature", "properties": { "code": "07049", "stateCode": "07", "municipalityCode": "049", "name": "Larráinzar" }, "geometry": { "type": "Polygon", "coordinates": [ [ [ -92.821825640137789, 16.998894966336181 ], [ -92.808810769573711, 16.990820709539296 ], [ -92.815642089840836, 16.985684940274272 ], [ -92.804359979921173, 16.98487962983636 ], [ -92.791282510224661, 16.966143449943576 ], [ -92.785334019988142, 16.965006799820515 ], [ -92.779340350400759, 16.97769046020812 ], [ -92.778800050221861, 16.986327939588243 ], [ -92.767908349812458, 16.988690880425555 ], [ -92.760936490332014, 16.982674280425826 ], [ -92.762987689755491, 16.976221739722249 ], [ -92.77172971970802, 16.972255119752973 ], [ -92.760027080406644, 16.953825339957373 ], [ -92.742686180004071, 16.956461280231611 ], [ -92.735128369724123, 16.984414820280545 ], [ -92.723870289806214, 16.988735659917285 ], [ -92.724375850081302, 16.986241770093031 ], [ -92.715457850272443, 16.987057380416285 ], [ -92.709888049570239, 16.982270090393509 ], [ -92.714252939919149, 16.972510170122952 ], [ -92.716314179842044, 16.97449819992967 ], [ -92.712046620279594, 16.978632690331953 ], [ -92.714196689982131, 16.980869150366441 ], [ -92.723265149549064, 16.976596079948497 ], [ -92.723762799974253, 16.979092379959287 ], [ -92.737496050075407, 16.969558169852263 ], [ -92.72636002965487, 16.959510770099754 ], [ -92.742118319738793, 16.947726550158627 ], [ -92.743349280247458, 16.936561830371382 ], [ -92.730951349526961, 16.933886580421877 ], [ -92.725796720444791, 16.928582000258441 ], [ -92.717370230261622, 16.906792170138768 ], [ -92.695195630207138, 16.905264770055364 ], [ -92.691507089550427, 16.897856420201141 ], [ -92.698823539766536, 16.89354983004139 ], [ -92.69461494977682, 16.885573889615227 ], [ -92.69681148011135, 16.877268060427163 ], [ -92.706026180404294, 16.870422600404936 ], [ -92.72202343037155, 16.868077259583028 ], [ -92.739071919959315, 16.857940599799463 ], [ -92.745778920333393, 16.867068230090194 ], [ -92.754058309656884, 16.857581199728973 ], [ -92.763717120341184, 16.860167769855963 ], [ -92.765380799868339, 16.866760279617168 ], [ -92.771107750252384, 16.863049980084451 ], [ -92.778581980461382, 16.86569584972008 ], [ -92.802279249682726, 16.882809799835336 ], [ -92.830404649540839, 16.911429290423449 ], [ -92.842564579892056, 16.913391290046274 ], [ -92.839862510366586, 16.920228690412479 ], [ -92.851344049645604, 16.93070649013935 ], [ -92.837790570128263, 16.961331660287318 ], [ -92.844644369730929, 16.969921449902188 ], [ -92.849707289704014, 16.970389180419009 ], [ -92.849427850361451, 16.974153140356265 ], [ -92.844645119526916, 16.978659200386389 ], [ -92.845408119706008, 16.983435490053182 ], [ -92.838926650233347, 16.984791680161855 ], [ -92.837405089669645, 16.992308019760205 ], [ -92.821825640137789, 16.998894966336181 ] ] ] } },
{ "type": "Feature", "properties": { "code": "07096", "stateCode": "07", "municipalityCode": "096", "name": "Tila" }, "geometry": { "type": "Polygon", "coordinates": [ [ [ -92.479472110044213, 17.574831620124396 ], [ -92.485497489985832, 17.531889119868485 ], [ -92.489000250207809, 17.531034019979611 ], [ -92.488921570334838, 17.524916279828169 ], [ -92.480845489699306, 17.518848859817762 ], [ -92.446586340299191, 17.514398490378184 ], [ -92.42209064987037, 17.507565019696926 ], [ -92.390047149787748, 17.523265229603407 ], [ -92.390769199636452, 17.505997580365118 ], [ -92.381930999691491, 17.50456204960831 ], [ -92.38245602033102, 17.501266320077267 ], [ -92.375405350262923, 17.493977219777538 ], [ -92.375944579863614, 17.48690041974924 ], [ -92.361180420000082, 17.489862999871828 ], [ -92.360312680186169, 17.485946370183907 ], [ -92.334057029602945, 17.470578599702183 ], [ -92.331356379646479, 17.458426850269923 ], [ -92.35029609021538, 17.441340539970447 ], [ -92.354453350180208, 17.448084259981357 ], [ -92.371248229852611, 17.459848879944879 ], [ -92.388127570042386, 17.456108650215448 ], [ -92.382770180220859, 17.433943580373771 ], [ -92.394224320304957, 17.431419779812117 ], [ -92.393199429835235, 17.427028549641872 ], [ -92.402662649687784, 17.424020600243953 ], [ -92.392245320048744, 17.382341659660337 ], [ -92.402570449696952, 17.381028599917244 ], [ -92.403193179939635, 17.368115649610186 ], [ -92.398938110148464, 17.362018620388632 ], [ -92.401947979676194, 17.300708860265029 ], [ -92.376334740132663, 17.298066740197424 ], [ -92.379106739632832, 17.253840339644054 ], [ -92.363308350329078, 17.219092540296369 ], [ -92.37325162965206, 17.212929489619011 ], [ -92.380944540348509, 17.198881719592396 ], [ -92.3916559697129, 17.200994770357003 ], [ -92.395588630190701, 17.195140660069427 ], [ -92.403446950304485, 17.197471399971629 ], [ -92.402434599735869, 17.194940249557003 ], [ -92.410868919831159, 17.193029369846855 ], [ -92.417776490284012, 17.196821020117 ], [ -92.430557199684117, 17.183890969626336 ], [ -92.429800119807254, 17.178382219742598 ], [ -92.43896715030732, 17.18257385982734 ], [ -92.443211739695201, 17.178226479698466 ], [ -92.434584859611704, 17.17008500010731 ], [ -92.440252940149506, 17.165650310359631 ], [ -92.473944719921803, 17.168561749994083 ], [ -92.484816800208918, 17.178650630257973 ], [ -92.530628170343888, 17.19320811983976 ], [ -92.514921320210462, 17.222643770232942 ], [ -92.514269770403942, 17.263185739967987 ], [ -92.511410680107133, 17.271830369856151 ], [ -92.519873950147357, 17.273899649617213 ], [ -92.524511949634345, 17.282543019710392 ], [ -92.533766859721183, 17.286394369706521 ], [ -92.537609650057064, 17.291436740213225 ], [ -92.542593880024484, 17.288103049682139 ], [ -92.539460079698642, 17.292947420221047 ], [ -92.544595180057598, 17.310977749732867 ], [ -92.558931339910046, 17.310034710205638 ], [ -92.557090279897409, 17.295305829947534 ], [ -92.582471260192136, 17.309970510173724 ], [ -92.593150660205197, 17.330661229967671 ], [ -92.610688569978905, 17.347659769938918 ], [ -92.600746230212962, 17.358786800194842 ], [ -92.586896250462559, 17.361123689750343 ], [ -92.591086370419092, 17.388517120475619 ], [ -92.599867419758951, 17.412742380179768 ], [ -92.607098520203039, 17.423141950339261 ], [ -92.618929659806, 17.424469110343772 ], [ -92.630051920358937, 17.446259349961831 ], [ -92.635631319632068, 17.445519890232262 ], [ -92.64867229010008, 17.436081200222908 ], [ -92.659271880127008, 17.444618830132647 ], [ -92.65453248997936, 17.455662600366704 ], [ -92.648865860242338, 17.460699419977956 ], [ -92.624338030236984, 17.465863399907683 ], [ -92.605825139854318, 17.477375740256836 ], [ -92.594063660317715, 17.49295222963563 ], [ -92.599901430003982, 17.500800019847897 ], [ -92.592343019670523, 17.509617250195916 ], [ -92.596989689862838, 17.520359649782101 ], [ -92.571410919798936, 17.54960862015291 ], [ -92.559942600221589, 17.544794430237722 ], [ -92.557880569828285, 17.540232779606409 ], [ -92.530073420161244, 17.549998420427375 ], [ -92.519984889553839, 17.573049769947069 ], [ -92.479472110044213, 17.574831620124396 ] ] ] } },
{ "type": "Feature", "properties": { "code": "07097", "stateCode": "07", "municipalityCode": "097", "name": "Tonalá" }, "geometry": { "type": "Polygon", "coordinates": [ [ [ -93.748314619710555, 16.22586998038777 ], [ -93.706746370199141, 16.204564479915295 ], [ -93.653288770045066, 16.207887120402724 ], [ -93.613800289594352, 16.202325539929578 ], [ -93.606690550438287, 16.169936420367911 ], [ -93.607611800072135, 16.157606780336337 ], [ -93.596622429787217, 16.12034719967393 ], [ -93.597450800075663, 16.111928350363744 ], [ -93.600553890149456, 16.10997388019117 ], [ -93.598402909547872, 16.102251230374868 ], [ -93.572033540287165, 16.054471259729276 ], [ -93.591384249830753, 16.03846557006484 ], [ -93.573457399793057, 16.005260770432244 ], [ -93.57075377988825, 16.005391229957219 ], [ -93.57771074977731, 15.993869219559004 ], [ -93.571848850311213, 15.990225569894591 ], [ -93.575095110125702, 15.986001910279731 ], [ -93.567138920125728, 15.983695629961325 ], [ -93.562511490251609, 15.988494150023287 ], [ -93.565477620444454, 15.990700509649075 ], [ -93.551707339915708, 15.996527019964139 ], [ -93.554965249982317, 16.011142459594755 ], [ -93.540680139893396, 16.019763030059043 ], [ -93.530884279919349, 16.009665880215817 ], [ -93.532916720321282, 15.999844540219799 ], [ -93.480909489931776, 15.988861579729868 ], [ -93.477853280003387, 15.966749749971248 ], [ -93.441227820330852, 15.97270344985294 ], [ -93.412641319820239, 15.95319790982485 ], [ -93.384384510410797, 15.911910060215789 ], [ -93.369252539950551, 15.91165757006001 ], [ -93.348839570033803, 15.906479779864233 ], [ -93.333437429575511, 15.895345780406075 ], [ -93.33271433983721, 15.881303309625448 ], [ -93.321565199692841, 15.869443059864929 ], [ -93.321356279559311, 15.863210480226243 ], [ -93.312039880324036, 15.85159892023923 ], [ -93.30724512008743, 15.853397109780369 ], [ -93.299266200111958, 15.847910720289885 ], [ -93.30337243002603, 15.841692889630796 ], [ -93.305175680419396, 15.84524965967389 ], [ -93.31921711981478, 15.845580399612569 ], [ -93.343660849651869, 15.858369680004264 ], [ -93.351157449517245, 15.854862310306508 ], [ -93.355556910407088, 15.865737079819926 ], [ -93.354666289938777, 15.896193569717466 ], [ -93.361798310077774, 15.897487029782354 ], [ -93.366646980376302, 15.880770879851895 ], [ -93.395703379741974, 15.855648569640827 ], [ -93.405444660298642, 15.840854820096578 ], [ -93.416144780475577, 15.84104010970124 ], [ -93.428389449918271, 15.812234859808166 ], [ -93.460466369853705, 15.753313259951698 ], [ -93.462276969752892, 15.758843429743322 ], [ -93.466983630218579, 15.75845632019616 ], [ -93.477319249794448, 15.770157950348437 ], [ -93.49757235019888, 15.750868750271616 ], [ -93.487061620193927, 15.746469939560372 ], [ -93.505686120138606, 15.735894599957545 ], [ -93.511653030177357, 15.738460950297837 ], [ -93.514402687275378, 15.734311441937987 ], [ -93.697663799921997, 15.864029919706839 ], [ -93.808007858915374, 15.930850051284326 ], [ -93.906780630107221, 15.979407919746539 ], [ -93.917104891375033, 15.982899955847479 ], [ -93.941232890030179, 15.983006740423198 ], [ -93.949236041283115, 15.987878651472059 ], [ -93.955117651660416, 15.987821786527087 ], [ -93.95715015035681, 15.984601969815408 ], [ -94.03600810971443, 16.022094720227749 ], [ -94.100787650216517, 16.139015279563708 ], [ -94.090399620381746, 16.135321619972792 ], [ -94.086022230386959, 16.12459741961095 ], [ -94.078577449767153, 16.120295520379763 ], [ -94.06738848043716, 16.117185569784294 ], [ -94.06210634970482, 16.12207783037649 ], [ -94.061832320317265, 16.119261249908231 ], [ -94.058254150087379, 16.120844020300432 ], [ -94.055881879668476, 16.11823293969799 ], [ -94.05443103030899, 16.121370510326287 ], [ -94.05527414995872, 16.118020449821138 ], [ -94.049539829691, 16.118260860415251 ], [ -94.051755140343005, 16.116114449938621 ], [ -94.049474320295616, 16.116691860274621 ], [ -94.048120569775932, 16.112380370305367 ], [ -94.043666320215934, 16.112651030211424 ], [ -94.037817920363722, 16.107553780131475 ], [ -94.010661679716065, 16.108181920224489 ], [ -94.007505399809958, 16.111801280058522 ], [ -94.008300180270069, 16.108527380438215 ], [ -94.003046520360414, 16.101789220411945 ], [ -93.982164310006866, 16.093669079859463 ], [ -93.972315509726073, 16.09677782039164 ], [ -93.956961370042748, 16.091826119599055 ], [ -93.940758420147887, 16.094591250381335 ], [ -93.913003230237734, 16.085649709764507 ], [ -93.899879919769518, 16.08464031010633 ], [ -93.900263120314122, 16.093417630086201 ], [ -93.915685619915777, 16.090991280067382 ], [ -93.919058180241862, 16.096035850052544 ], [ -93.913491999770756, 16.125476970125312 ], [ -93.902059199767876, 16.136473429654981 ], [ -93.893637319615095, 16.171697619831264 ], [ -93.880723019616582, 16.167617550135944 ], [ -93.882084120022654, 16.176157629822871 ], [ -93.858038769981945, 16.195063180370834 ], [ -93.838356029785714, 16.203762379579981 ], [ -93.832811910353996, 16.197455950396435 ], [ -93.804334219791528, 16.21232469034096 ], [ -93.79911771958426, 16.206079279945147 ], [ -93.801685430022459, 16.195368260244109 ], [ -93.782005580035943, 16.194184059763884 ], [ -93.780700569781445, 16.202021480260232 ], [ -93.770140350257719, 16.2026535199353 ], [ -93.767932080205995, 16.208538629970608 ], [ -93.770986550273918, 16.230261540192547 ], [ -93.748314619710555, 16.22586998038777 ] ] ] } },
{ "type": "Feature", "properties": { "code": "07099", "stateCode": "07", "municipalityCode": "099", "name": "La Trinitaria" }, "geometry": { "type": "Polygon", "coordinates": [ [ [ -91.83225731958342, 16.206968950260425 ], [ -91.80268832013715, 16.192820320298928 ], [ -91.80683447982571, 16.187487340278064 ], [ -91.816442540218276, 16.189361379797504 ], [ -91.823975920126188, 16.161394370232522 ], [ -91.813092630330218, 16.158578449932826 ], [ -91.810517579999967, 16.169748170059346 ], [ -91.800800580358242, 16.174517049915874 ], [ -91.789926370031125, 16.165005800284273 ], [ -91.766559489955256, 16.154394909991886 ], [ -91.739696340386161, 16.124578049608644 ], [ -91.742992570127171, 16.135090599738714 ], [ -91.729099049727722, 16.132160140051955 ], [ -91.720484370000065, 16.143640749997481 ], [ -91.711458319768553, 16.141546250271418 ], [ -91.706390169848646, 16.147664229563507 ], [ -91.695456110293136, 16.14530172002712 ], [ -91.693309709595198, 16.149661719964392 ], [ -91.682003880199645, 16.152016540008443 ], [ -91.683896419893216, 16.158928479618009 ], [ -91.681447680271347, 16.158581799726321 ], [ -91.675138230219531, 16.141196659992438 ], [ -91.662052149988298, 16.142817889750045 ], [ -91.655960689769358, 16.123495509851072 ], [ -91.636397080321018, 16.12325758037942 ], [ -91.6423101200198, 16.132275079827956 ], [ -91.634893950108093, 16.140211969838372 ], [ -91.633080940057411, 16.141389689923226 ], [ -91.623974139603916, 16.130492310093913 ], [ -91.621507710017326, 16.136081919632861 ], [ -91.618360659850197, 16.135360779713942 ], [ -91.623616289933992, 16.149772259790002 ], [ -91.621515319890449, 16.150486340360722 ], [ -91.61392602015566, 16.137864119957328 ], [ -91.603263110123933, 16.134684200328522 ], [ -91.581299399611027, 16.15936222015581 ], [ -91.553722830187809, 16.159769799714979 ], [ -91.557017519922624, 16.166950169769322 ], [ -91.555399249691121, 16.169775399936871 ], [ -91.520835149912628, 16.14433815043505 ], [ -91.527230649699106, 16.142491749752111 ], [ -91.522252380289885, 16.134001030421164 ], [ -91.515272850030968, 16.140720740180711 ], [ -91.501198059648999, 16.137062950272011 ], [ -91.504419889546952, 16.131936400204197 ], [ -91.495881550303437, 16.128782379808058 ], [ -91.493935940070386, 16.11800965015545 ], [ -91.480981320424846, 16.117352169749005 ], [ -91.476145720078932, 16.10992071964229 ], [ -91.476014370019527, 16.095908379696255 ], [ -91.442949849819371, 16.09612027979998 ], [ -91.447070450415183, 16.108452309649412 ], [ -91.437067689925854, 16.113405339981504 ], [ -91.429322910045855, 16.111454229985693 ], [ -91.423396999945339, 16.117514429661025 ], [ -91.4165584204315, 16.113969739713781 ], [ -91.414217580017549, 16.116379660386492 ], [ -91.399762169898608, 16.115313819719105 ], [ -91.407855250001404, 16.106956090082505 ], [ -91.38962117005417, 16.080426089644842 ], [ -91.384613769625389, 16.07947833982865 ], [ -91.381782860115138, 16.074349339725924 ], [ -91.731384150078682, 16.074020369710929 ], [ -91.92188045032438, 15.751523620265669 ], [ -91.925702349641952, 15.755851510409089 ], [ -91.931767450017134, 15.75519874041383 ], [ -91.935805580139061, 15.763826320383718 ], [ -91.930150480129853, 15.778191999748064 ], [ -91.919908280246901, 15.779342119832172 ], [ -91.915559180296313, 15.782948780028498 ], [ -91.914855169785838, 15.794413350166181 ], [ -91.919740110407758, 15.796559890359354 ], [ -91.917336579683067, 15.805793579595452 ], [ -91.933067350460149, 15.811561279906977 ], [ -91.938727109654721, 15.819660540274985 ], [ -91.943208180264946, 15.81870984974371 ], [ -91.947797510435862, 15.822511319731328 ], [ -91.951532519670479, 15.820645029838731 ], [ -91.953014380410238, 15.825438580180172 ], [ -91.95009267997186, 15.828895110105643 ], [ -91.967095849572274, 15.849873520376105 ], [ -91.978929180327313, 15.846907149730582 ], [ -91.987507369968824, 15.849684649949221 ], [ -91.988822149734403, 15.845059509877125 ], [ -91.995950479656585, 15.842734620108345 ], [ -92.000810449963382, 15.847242259624803 ], [ -92.014192820042496, 15.84074215032115 ], [ -92.013126119602347, 15.849365710127678 ], [ -92.01965868964632, 15.843095369692358 ], [ -92.023105749755828, 15.848719060055782 ], [ -92.030562150309976, 15.846611520011795 ], [ -92.041761720201563, 15.852325600456478 ], [ -92.051294800223886, 15.851993170118664 ], [ -92.051214520370024, 15.861980480146119 ], [ -92.068610380011435, 15.866283289918137 ], [ -92.078560460050497, 15.884105449575779 ], [ -92.094820650192034, 15.883124320044416 ], [ -92.107191629822481, 15.899702969859744 ], [ -92.112423800022796, 15.898485819683229 ], [ -92.11866445011043, 15.902188120236746 ], [ -92.118060620348359, 15.91378341980292 ], [ -92.125405260222124, 15.921594549803446 ], [ -92.148674369991241, 15.927735110234075 ], [ -92.161121490046895, 15.937939680447446 ], [ -92.175485180116269, 15.931951139688088 ], [ -92.177748249983694, 15.939717650094705 ], [ -92.187049770277454, 15.942238690220728 ], [ -92.189165579974869, 15.947664460145784 ], [ -92.177142710132927, 15.953218999812254 ], [ -92.181763479697096, 15.969976319777222 ], [ -92.198946539695072, 15.964661139948497 ], [ -92.202058149710282, 15.97414751957556 ], [ -92.195211050397432, 15.98109782998598 ], [ -92.205642250480935, 15.992443819670646 ], [ -92.187507940279104, 16.008437110171847 ], [ -92.197601820211432, 16.005032279821755 ], [ -92.199416249920503, 16.001264450263143 ], [ -92.200897800042, 16.00474680031628 ], [ -92.206884350206522, 16.001198150253479 ], [ -92.206896199572668, 16.014360630041139 ], [ -92.197927969621503, 16.017819629681266 ], [ -92.188678020419928, 16.013685490034817 ], [ -92.177800769752224, 16.014005659612899 ], [ -92.175022739791515, 16.022973119678472 ], [ -92.169743340043212, 16.02236851960059 ], [ -92.168349260371485, 16.029361480301926 ], [ -92.178250000089605, 16.036155680063779 ], [ -92.175317860137994, 16.038654339840502 ], [ -92.175429149896189, 16.04943997002681 ], [ -92.165512340202383, 16.049481709886205 ], [ -92.142426830110651, 16.078483739579205 ], [ -92.108912969886916, 16.057134280123162 ], [ -92.091219910190716, 16.065761089612028 ], [ -92.085855220435775, 16.074368769880053 ], [ -92.09569552028772, 16.089930320066465 ], [ -92.100547319633662, 16.092062260382949 ], [ -92.094235200185764, 16.101373319978503 ], [ -92.087262109799937, 16.129585050264417 ], [ -92.084379549837905, 16.12910062993048 ], [ -92.080936020013766, 16.140012630379882 ], [ -92.07713767978214, 16.141498379870917 ], [ -92.082164829810722, 16.157193289721604 ], [ -92.045936050102213, 16.159647219883539 ], [ -92.050572369836289, 16.165513259606282 ], [ -92.025900650052392, 16.164762659804943 ], [ -92.02252154011552, 16.177674319561923 ], [ -92.015383690448317, 16.177465460198178 ], [ -92.011616399538482, 16.173175120110425 ], [ -92.001058230170514, 16.171413050174674 ], [ -91.996681599712403, 16.165950889746622 ], [ -91.986460909956662, 16.163210690098726 ], [ -91.969632829674083, 16.172778450193483 ], [ -91.966360659882156, 16.170482829686396 ], [ -91.967252219902917, 16.163845820155245 ], [ -91.934292180279698, 16.159779680182567 ], [ -91.933538449895835, 16.167493109695162 ], [ -91.914501629960981, 16.164627830100677 ], [ -91.91341264953985, 16.167681480384108 ], [ -91.895915510381712, 16.167780549941746 ], [ -91.893892629661124, 16.153337459589345 ], [ -91.881290319695836, 16.140254850142504 ], [ -91.871012599903494, 16.149633339555638 ], [ -91.880667110039212, 16.162946000128116 ], [ -91.891136580406936, 16.169371120128332 ], [ -91.891891060165307, 16.178767149587284 ], [ -91.882987849757015, 16.185836110337888 ], [ -91.877829050461472, 16.172932090046494 ], [ -91.86317978015154, 16.156872710164102 ], [ -91.857136420393672, 16.153918400146484 ], [ -91.850626169559831, 16.156019380402423 ], [ -91.856353139646657, 16.159150520049977 ], [ -91.862689520364327, 16.169728539953933 ], [ -91.848228370055338, 16.177982849772349 ], [ -91.851047509993492, 16.186950289752261 ], [ -91.840435909706088, 16.189307370145617 ], [ -91.83225731958342, 16.206968950260425 ] ] ] } },
{ "type": "Feature", "properties": { "code": "07058", "stateCode": "07", "municipalityCode": "058", "name": "Nicolás Ruíz" }, "geometry": { "type": "Polygon", "coordinates": [ [ [ -92.595425289581797, 16.473929579827892 ], [ -92.580414169120061, 16.447687519926568 ], [ -92.567175880256116, 16.453882059865144 ], [ -92.5682819099721, 16.448177061137326 ], [ -92.572387489119322, 16.446483860234196 ], [ -92.571566179869038, 16.442754149664431 ], [ -92.576031818901043, 16.440134710957405 ], [ -92.576071799061197, 16.43533748091507 ], [ -92.580021459055814, 16.435709029867379 ], [ -92.580504938848691, 16.431498450841293 ], [ -92.586951059628959, 16.427851599535103 ], [ -92.60072307951765, 16.426651880663893 ], [ -92.621264539124724, 16.407205660010167 ], [ -92.641912659329591, 16.400145510023414 ], [ -92.652079378866077, 16.400035689862925 ], [ -92.652136219338729, 16.417080380292298 ], [ -92.648487319188206, 16.415678850079068 ], [ -92.608949829925777, 16.440151920754406 ], [ -92.625149939603276, 16.464455629878007 ], [ -92.621376909763072, 16.466492519707472 ], [ -92.62479012037933, 16.4732751495842 ], [ -92.595425289581797, 16.473929579827892 ] ] ] } },
{ "type": "Feature", "properties": { "code": "07060", "stateCode": "07", "municipalityCode": "060", "name": "Ocotepec" }, "geometry": { "type": "Polygon", "coordinates": [ [ [ -93.177085689610664, 17.265817829750624 ], [ -93.16215005041191, 17.265115739969165 ], [ -93.138278199805796, 17.241488290299813 ], [ -93.131058199690159, 17.221142139638406 ], [ -93.123484919732022, 17.211835620113863 ], [ -93.126667619688391, 17.196646149729183 ], [ -93.144097719847835, 17.196997510367378 ], [ -93.144925659783823, 17.200285090019349 ], [ -93.15745299999007, 17.190260509876417 ], [ -93.192877219782119, 17.191601370093831 ], [ -93.196319919765031, 17.194948709877604 ], [ -93.198361749603862, 17.189077520138955 ], [ -93.206452230427445, 17.184748349665789 ], [ -93.215320249780106, 17.186276059994576 ], [ -93.21470003028206, 17.182341520158797 ], [ -93.225536289804907, 17.199647119969281 ], [ -93.21924834029808, 17.199626230325112 ], [ -93.223323949864408, 17.214004630043053 ], [ -93.209396539779576, 17.231789150222227 ], [ -93.180413200267992, 17.246942569588107 ], [ -93.188420180203153, 17.252121689600344 ], [ -93.192452080436112, 17.260592539713397 ], [ -93.177085689610664, 17.265817829750624 ] ] ] } },
{ "type": "Feature", "properties": { "code": "07070", "stateCode": "07", "municipalityCode": "070", "name": "El Porvenir" }, "geometry": { "type": "Polygon", "coordinates": [ [ [ -92.250898920181868, 15.468388850319652 ], [ -92.206537679806843, 15.459898280210716 ], [ -92.207376429689873, 15.455856349795326 ], [ -92.203767459909486, 15.45520831035436 ], [ -92.214531890116604, 15.402498049767997 ], [ -92.226027489651557, 15.397129060360571 ], [ -92.233006910183249, 15.398148570377009 ], [ -92.235717779937559, 15.390059460298961 ], [ -92.248588489709888, 15.392590689735766 ], [ -92.286314460331496, 15.409982569670641 ], [ -92.313763219641999, 15.411682219871464 ], [ -92.341292970286347, 15.426449510442904 ], [ -92.322224820231767, 15.44478622028738 ], [ -92.316040519621097, 15.441549579627049 ], [ -92.315868580120465, 15.449049339846223 ], [ -92.306465980153092, 15.462667829748872 ], [ -92.275157649735718, 15.466935289836382 ], [ -92.265162179870728, 15.458299310377459 ], [ -92.250898920181868, 15.468388850319652 ] ] ] } },
{ "type": "Feature", "properties": { "code": "07063", "stateCode": "07", "municipalityCode": "063", "name": "Osumacinta" }, "geometry": { "type": "Polygon", "coordinates": [ [ [ -93.093042430092666, 16.955489509975507 ], [ -93.08286825988371, 16.954470600152483 ], [ -93.074036880061499, 16.937827350064431 ], [ -93.066311050378772, 16.941751220003574 ], [ -93.045438229692806, 16.931525380411607 ], [ -93.047164279726815, 16.921050399581986 ], [ -93.024932799669557, 16.892060520203856 ], [ -93.03722921880788, 16.896148231107134 ], [ -93.037821680313584, 16.906459340308047 ], [ -93.059475228937913, 16.909764081191003 ], [ -93.061742679249349, 16.895970519788467 ], [ -93.05082253917584, 16.89539983096066 ], [ -93.051721550105029, 16.890971030453976 ], [ -93.03036102972996, 16.889177650657892 ], [ -93.029970800208616, 16.880767740043641 ], [ -93.034605508743937, 16.870180420881194 ], [ -93.033558219679122, 16.885712800399176 ], [ -93.042120879854068, 16.887382690650153 ], [ -93.056181719926371, 16.883321340954236 ], [ -93.054012689875776, 16.874883049979658 ], [ -93.03510245917812, 16.863456369813079 ], [ -93.029220318847379, 16.87078006026529 ], [ -93.020329579247758, 16.870803971185826 ], [ -93.032765369160572, 16.849384029858939 ], [ -93.039282969476787, 16.850191770200183 ], [ -93.036061549713324, 16.847160340477238 ], [ -93.037640568544901, 16.844353221249737 ], [ -93.045646310338782, 16.847173420543704 ], [ -93.050917419758051, 16.838821889876872 ], [ -93.056261119445765, 16.844377650411666 ], [ -93.062967859236977, 16.839796940665984 ], [ -93.071146878687472, 16.844238981013326 ], [ -93.090449679951845, 16.836600180088173 ], [ -93.092200979856145, 16.844727509566489 ], [ -93.108936289986616, 16.844852940377564 ], [ -93.112537850386531, 16.856371230442708 ], [ -93.107367120374022, 16.878381659674424 ], [ -93.109190090264462, 16.884310549953096 ], [ -93.122411599880522, 16.89664109018555 ], [ -93.134470349888701, 16.900453079827088 ], [ -93.134599370216037, 16.90607513990274 ], [ -93.140826310423066, 16.909324519925057 ], [ -93.135073259589987, 16.910381860314544 ], [ -93.134876289738642, 16.918140319940306 ], [ -93.14087693992677, 16.928724290327228 ], [ -93.149190289625992, 16.934725690143075 ], [ -93.149771249788003, 16.943977969659066 ], [ -93.144129910153325, 16.94649450960285 ], [ -93.140847310400645, 16.942443369697727 ], [ -93.125921829862776, 16.94415954013882 ], [ -93.1249002799496, 16.941585910175572 ], [ -93.1198790199672, 16.941811999890916 ], [ -93.123721340095258, 16.939202680017893 ], [ -93.121919450414111, 16.936568179829894 ], [ -93.118002169798856, 16.940455060107876 ], [ -93.123685740017351, 16.933218980198742 ], [ -93.126561739831445, 16.915931169752231 ], [ -93.124188909966492, 16.914379949639375 ], [ -93.114615599655764, 16.929416229947506 ], [ -93.105771309669578, 16.929472259536173 ], [ -93.100949090017622, 16.942400249944324 ], [ -93.105848019858144, 16.955711909641199 ], [ -93.09600044985541, 16.945293220348603 ], [ -93.093042430092666, 16.955489509975507 ] ] ] } },
{ "type": "Feature", "properties": { "code": "07057", "stateCode": "07", "municipalityCode": "057", "name": "Motozintla" }, "geometry": { "type": "Polygon", "coordinates": [ [ [ -92.387295230205396, 15.446249450150617 ], [ -92.313763219641999, 15.411682219871464 ], [ -92.286314460331496, 15.409982569670641 ], [ -92.238085619699177, 15.389568399782013 ], [ -92.233006910183249, 15.398148570377009 ], [ -92.226027489651557, 15.397129060360571 ], [ -92.214531890116604, 15.402498049767997 ], [ -92.215617230354709, 15.395024969832598 ], [ -92.22131794034415, 15.391691120236112 ], [ -92.22243131978081, 15.380943310281571 ], [ -92.219666689725116, 15.375920680369306 ], [ -92.212689659877981, 15.373513859691084 ], [ -92.213182369986086, 15.36891405033643 ], [ -92.216430570064858, 15.36940616984308 ], [ -92.212872569917124, 15.349656260271139 ], [ -92.191429119876275, 15.342844119953769 ], [ -92.18549830983217, 15.329860919958815 ], [ -92.191019120190447, 15.322487539891366 ], [ -92.205851430040028, 15.312835379994551 ], [ -92.214695150078924, 15.313719249941428 ], [ -92.2134444502625, 15.29853589011438 ], [ -92.218197970077568, 15.294573799759352 ], [ -92.222625309861755, 15.293418879924346 ], [ -92.223197550021908, 15.314380090077989 ], [ -92.233804800375637, 15.314325399779097 ], [ -92.235754860469044, 15.305640519886923 ], [ -92.228818519674817, 15.275153579963801 ], [ -92.217254200373688, 15.262301949680563 ], [ -92.210034379740819, 15.261158909687389 ], [ -92.18398821981333, 15.227639480949284 ], [ -92.193191569869626, 15.227810350789516 ], [ -92.194439950019856, 15.22401546062488 ], [ -92.202344780237425, 15.220580260542015 ], [ -92.205109940341018, 15.212266660964572 ], [ -92.222678879626486, 15.203944650201578 ], [ -92.246610719601804, 15.212334620290209 ], [ -92.250283110018373, 15.205821519780852 ], [ -92.234436489559698, 15.198860251239774 ], [ -92.243409290219802, 15.189104170278899 ], [ -92.252268080289397, 15.187822401290541 ], [ -92.259382030249114, 15.182596940404842 ], [ -92.26780344994441, 15.183840861011383 ], [ -92.271204029647876, 15.173819720676937 ], [ -92.276783169876921, 15.177103971179116 ], [ -92.284042579884172, 15.164138030333163 ], [ -92.286462909655512, 15.163817460604509 ], [ -92.289559279807762, 15.184688000573384 ], [ -92.294066709886351, 15.184112290174159 ], [ -92.292811849826222, 15.197645749669702 ], [ -92.26723485965627, 15.19483534963363 ], [ -92.27620328990902, 15.218939201204179 ], [ -92.304864289792107, 15.233692311168056 ], [ -92.305847660405306, 15.228787949641942 ], [ -92.326978680199034, 15.235514149862388 ], [ -92.333493379763269, 15.201682831275557 ], [ -92.351848140032132, 15.210236230359554 ], [ -92.361441709519056, 15.207524170245218 ], [ -92.360849420439777, 15.20108408971385 ], [ -92.366474629722362, 15.199438199998516 ], [ -92.366107399772091, 15.195611739824077 ], [ -92.370307799671707, 15.192258289733074 ], [ -92.370322429577953, 15.203879290085636 ], [ -92.379633680335601, 15.217817950355748 ], [ -92.381263259827719, 15.216098980102824 ], [ -92.382727969604389, 15.220436769779578 ], [ -92.393583489645394, 15.220603089930833 ], [ -92.40813962025635, 15.234859020141212 ], [ -92.411339919575738, 15.231313940412383 ], [ -92.408267540049479, 15.226800880436494 ], [ -92.411617859969255, 15.224003080168686 ], [ -92.41962414967962, 15.224803079843126 ], [ -92.415541940041905, 15.231125429920588 ], [ -92.421260080006093, 15.233738029751514 ], [ -92.425765860204791, 15.225908550109784 ], [ -92.468254049941734, 15.228963570404177 ], [ -92.455076150252324, 15.244622819879849 ], [ -92.437585029716985, 15.24916264974544 ], [ -92.450421679619424, 15.259557309582657 ], [ -92.443138340384067, 15.267122510240705 ], [ -92.425346149537518, 15.275018630253696 ], [ -92.430571420247091, 15.286341309950821 ], [ -92.449090369865345, 15.287117339778961 ], [ -92.452410660064857, 15.2927879797563 ], [ -92.455673260092439, 15.289964680048183 ], [ -92.455087079756765, 15.298459120266703 ], [ -92.462366569534169, 15.301497799856364 ], [ -92.459354709011421, 15.328746430114196 ], [ -92.481053709320349, 15.331737680739945 ], [ -92.481704199404618, 15.33920356972631 ], [ -92.47144587958438, 15.344445020886043 ], [ -92.471067890045276, 15.336984721081706 ], [ -92.465036120048225, 15.336957571129895 ], [ -92.463548539992019, 15.347926311176451 ], [ -92.454676399595854, 15.356760750665956 ], [ -92.454654350287015, 15.361316049764147 ], [ -92.43665050991406, 15.3620120498818 ], [ -92.444294229741757, 15.365823910227737 ], [ -92.4438183386996, 15.378567320686708 ], [ -92.436508888892021, 15.383811550455793 ], [ -92.437753450034933, 15.386898200169261 ], [ -92.433754460160188, 15.386899691228486 ], [ -92.433844000268934, 15.408142740618995 ], [ -92.42537203033703, 15.4394457103493 ], [ -92.402936350208535, 15.438559029697098 ], [ -92.387295230205396, 15.446249450150617 ] ] ] } },
{ "type": "Feature", "properties": { "code": "07101", "stateCode": "07", "municipalityCode": "101", "name": "Tuxtla Gutiérrez" }, "geometry": { "type": "Polygon", "coordinates": [ [ [ -93.091998829953596, 16.843789350348622 ], [ -93.090449679951845, 16.836600180088173 ], [ -93.080986319757855, 16.840948489659016 ], [ -93.083993949936072, 16.838891720440291 ], [ -93.067884880266391, 16.838171570835875 ], [ -93.064272948785373, 16.834761770857032 ], [ -93.065341878626825, 16.809526800562061 ], [ -93.070310179132107, 16.793585320774675 ], [ -93.037501888857477, 16.751591221161629 ], [ -93.058241049979955, 16.752063171055429 ], [ -93.044938889432629, 16.736761629705896 ], [ -93.047428080103046, 16.735176059981512 ], [ -93.044575750202924, 16.730249510374573 ], [ -93.040381909678473, 16.729629562210636 ], [ -93.040813445171864, 16.731777526637362 ], [ -93.035290002243073, 16.7261871240419 ], [ -93.034231120328272, 16.72182895083462 ], [ -93.047604999960626, 16.711535920220577 ], [ -93.03791285948455, 16.701089030250614 ], [ -93.033908279592652, 16.677619819937945 ], [ -93.045471379244887, 16.665321539677791 ], [ -93.054476659817269, 16.670197780053261 ], [ -93.057420570204599, 16.67739451111715 ], [ -93.065021769838694, 16.681045139607079 ], [ -93.065422449796074, 16.674669480129886 ], [ -93.073652079958407, 16.685749599771142 ], [ -93.089560849959085, 16.69484279993063 ], [ -93.085125999817251, 16.678698539572924 ], [ -93.078210719710512, 16.67388311991764 ], [ -93.074076520308012, 16.675049859975871 ], [ -93.088970399933586, 16.665884709818467 ], [ -93.095562969753189, 16.657092880331387 ], [ -93.126834110008318, 16.669272620312189 ], [ -93.137952459993613, 16.659148060373401 ], [ -93.143072250345043, 16.665760139741618 ], [ -93.144617059900256, 16.674194690444526 ], [ -93.147641650382837, 16.674213059711889 ], [ -93.158935399895597, 16.669790680348527 ], [ -93.150048770024569, 16.657512450285044 ], [ -93.156427140038886, 16.652737229727759 ], [ -93.159043830337325, 16.645164819676783 ], [ -93.17974045954719, 16.657694050186464 ], [ -93.18075991022971, 16.647537720203474 ], [ -93.191760880194352, 16.652926830111952 ], [ -93.190459179921021, 16.655278850354566 ], [ -93.193996860056828, 16.657681179984053 ], [ -93.200889450059975, 16.650702200127022 ], [ -93.215968119872684, 16.660201260229513 ], [ -93.211627950277588, 16.670313029712769 ], [ -93.221102780201576, 16.678847180296778 ], [ -93.233580780381871, 16.673329890321227 ], [ -93.231137029552201, 16.690431891240472 ], [ -93.244259849773897, 16.698709510989811 ], [ -93.240610829705318, 16.719744430994869 ], [ -93.247620049319451, 16.721116949909675 ], [ -93.244699549930729, 16.730901940989337 ], [ -93.237927029891921, 16.730256599818659 ], [ -93.225128028693121, 16.744406819850681 ], [ -93.242701938952322, 16.747004481134223 ], [ -93.241671849775599, 16.756841950410834 ], [ -93.236031430071563, 16.76507733972117 ], [ -93.220441979014879, 16.771914281221171 ], [ -93.221118979165524, 16.7863716210211 ], [ -93.214095369761324, 16.780311511025591 ], [ -93.208874478911724, 16.780090920924952 ], [ -93.208252399107238, 16.783979919957158 ], [ -93.204449079458442, 16.782758801052271 ], [ -93.213148318914577, 16.788821059741007 ], [ -93.20855936999115, 16.805084229975435 ], [ -93.20363994988638, 16.800937740442237 ], [ -93.191583620260303, 16.804150479919112 ], [ -93.179599180022592, 16.795731280098948 ], [ -93.164143660360338, 16.801147170260784 ], [ -93.163868200414441, 16.809234880454561 ], [ -93.140215599790054, 16.805857449947545 ], [ -93.13655725001648, 16.809332569644152 ], [ -93.141477220296508, 16.825520519974308 ], [ -93.137211880179095, 16.844297970277591 ], [ -93.091998829953596, 16.843789350348622 ] ] ] } },
{ "type": "Feature", "properties": { "code": "07102", "stateCode": "07", "municipalityCode": "102", "name": "Tuxtla Chico" }, "geometry": { "type": "Polygon", "coordinates": [ [ [ -92.183164910062914, 14.993062480069836 ], [ -92.184002489773832, 14.976577020037833 ], [ -92.180519718689169, 14.974109719487789 ], [ -92.176802908949668, 14.97888695127746 ], [ -92.17791194959355, 14.984173400314825 ], [ -92.168582889203748, 14.981835200775517 ], [ -92.158433170153046, 14.984788369811762 ], [ -92.155019430378701, 14.989306140784878 ], [ -92.148491248927101, 14.989185170999862 ], [ -92.151013200080286, 14.98447283079922 ], [ -92.144774050049449, 14.974947090253659 ], [ -92.148336599655892, 14.948456880762812 ], [ -92.143278419934774, 14.939837170946259 ], [ -92.14119704962603, 14.922598770485422 ], [ -92.144694968697351, 14.909503711031547 ], [ -92.136216308953763, 14.891649570666177 ], [ -92.14201222947905, 14.884534650523959 ], [ -92.146562779393875, 14.870205420148865 ], [ -92.165881419596062, 14.860252950010812 ], [ -92.1717419397703, 14.860192659963392 ], [ -92.176097350297738, 14.850946199933693 ], [ -92.181519419256219, 14.847380969934193 ], [ -92.194648490211819, 14.851333231021032 ], [ -92.196956428894779, 14.846613481222281 ], [ -92.200905259007342, 14.853182120360817 ], [ -92.20489305871412, 14.851749940200706 ], [ -92.210708109688952, 14.841261830182134 ], [ -92.209925319281695, 14.832305260984338 ], [ -92.215090349485493, 14.833663230605413 ], [ -92.220137620410298, 14.822094630614068 ], [ -92.227541679131122, 14.82483282025334 ], [ -92.226056109940018, 14.828922860539508 ], [ -92.234570278728228, 14.829548879512247 ], [ -92.237175308921991, 14.825203649651819 ], [ -92.222000029843542, 14.817121909664412 ], [ -92.224035650044897, 14.804193491330185 ], [ -92.229686218771917, 14.798769950666053 ], [ -92.22553160016075, 14.795557800897564 ], [ -92.22769880038372, 14.792881620579932 ], [ -92.224419448614427, 14.784820980503273 ], [ -92.225783738801326, 14.780107881011595 ], [ -92.229215459800912, 14.783085340932578 ], [ -92.23224450999831, 14.780924400603011 ], [ -92.235841540166604, 14.771758939880529 ], [ -92.23202051954803, 14.768511140490116 ], [ -92.240462859042182, 14.758675061136664 ], [ -92.243169709295302, 14.759342680067771 ], [ -92.248848550113763, 14.762664061131975 ], [ -92.243094819179817, 14.769175659542976 ], [ -92.242737709431495, 14.784286050224178 ], [ -92.248016979484547, 14.784856779521663 ], [ -92.248862309208292, 14.777485569898397 ], [ -92.264893578922766, 14.779775799715543 ], [ -92.258528429130095, 14.785040429944999 ], [ -92.253364058748147, 14.782640970519312 ], [ -92.250919290350026, 14.784972181145381 ], [ -92.253219478613332, 14.790713740701401 ], [ -92.258812028782387, 14.792201739870922 ], [ -92.257110678701963, 14.79474357055742 ], [ -92.254056049109948, 14.793109570177926 ], [ -92.256800998610132, 14.801706261227819 ], [ -92.253962339305815, 14.805952741009271 ], [ -92.258696028653162, 14.809289290984404 ], [ -92.256638089846518, 14.81227120017058 ], [ -92.259054979026388, 14.814092430753638 ], [ -92.255880950114644, 14.816162380334829 ], [ -92.259308648863879, 14.817934020647337 ], [ -92.255880350175772, 14.819957250719595 ], [ -92.260042538764992, 14.826975230947602 ], [ -92.251452630277697, 14.841885939783834 ], [ -92.253696920185419, 14.848141050374107 ], [ -92.252902249105233, 14.860731949882426 ], [ -92.249082058910091, 14.865114140014299 ], [ -92.249327279319289, 14.877054980879475 ], [ -92.240988829881346, 14.884366180116869 ], [ -92.240329248757305, 14.892810450656027 ], [ -92.234056880310703, 14.899379291603852 ], [ -92.235462509336983, 14.905784091177757 ], [ -92.228950519646148, 14.917096060976357 ], [ -92.226501738940399, 14.935152350540948 ], [ -92.21944057916609, 14.936328181269511 ], [ -92.218843429858424, 14.940074940503644 ], [ -92.226185369733727, 14.942000600561238 ], [ -92.222288379825741, 14.944199520545373 ], [ -92.221026228610015, 14.95717648092791 ], [ -92.217177569384958, 14.956079350763474 ], [ -92.213953419043193, 14.962070279645012 ], [ -92.20264438006312, 14.961037420959926 ], [ -92.198384779772056, 14.9661090305715 ], [ -92.200799259291145, 14.973573121113118 ], [ -92.206678619788875, 14.974525940584815 ], [ -92.209703149706741, 14.978500680701764 ], [ -92.207915619893186, 14.992006480238299 ], [ -92.201197519331473, 14.994935110541885 ], [ -92.190397089729771, 14.991147980839619 ], [ -92.183164910062914, 14.993062480069836 ] ] ] } },
{ "type": "Feature", "properties": { "code": "07103", "stateCode": "07", "municipalityCode": "103", "name": "Tuzantán" }, "geometry": { "type": "Polygon", "coordinates": [ [ [ -92.406630089684043, 15.233360910383334 ], [ -92.393583489645394, 15.220603089930833 ], [ -92.382727969604389, 15.220436769779578 ], [ -92.381263259827719, 15.216098980102824 ], [ -92.379633680335601, 15.217817950355748 ], [ -92.370322429577953, 15.203879290085636 ], [ -92.370477569797217, 15.192330029633522 ], [ -92.366107399772091, 15.195611739824077 ], [ -92.366474629722362, 15.199438199998516 ], [ -92.360849420439777, 15.20108408971385 ], [ -92.361441709519056, 15.207524170245218 ], [ -92.351848140032132, 15.210236230359554 ], [ -92.333924629863745, 15.201801180206983 ], [ -92.33407390966363, 15.189337751304052 ], [ -92.343536000403205, 15.176466690469947 ], [ -92.351896450192442, 15.170589549773265 ], [ -92.350669550191199, 15.163009119787619 ], [ -92.361962349647342, 15.156958579645584 ], [ -92.361619849970893, 15.160725919597747 ], [ -92.367969140106268, 15.153241541340165 ], [ -92.383196769771757, 15.144166621324359 ], [ -92.357735289505626, 15.142567970569521 ], [ -92.365039319646257, 15.130483919707956 ], [ -92.370125379635454, 15.131120419577664 ], [ -92.373561309937116, 15.109324621189669 ], [ -92.367613260198937, 15.109561490100713 ], [ -92.376187369973337, 15.103771910191364 ], [ -92.377015280074815, 15.098223570288495 ], [ -92.377065149915225, 15.090840230336642 ], [ -92.372624180066495, 15.0925581997693 ], [ -92.371605080160407, 15.09806320038253 ], [ -92.364267569647041, 15.097073650288946 ], [ -92.366133719694545, 15.081764859880812 ], [ -92.381820920020232, 15.084105619559566 ], [ -92.382007179986985, 15.073750350044053 ], [ -92.397501059764124, 15.075187260182489 ], [ -92.408048090144987, 15.066297779876994 ], [ -92.414395230319258, 15.076431200118586 ], [ -92.4385322898151, 15.046966419815311 ], [ -92.440564019933944, 15.050881139585989 ], [ -92.445662769586932, 15.051273449974236 ], [ -92.442890940219556, 15.054276750209844 ], [ -92.452145659994258, 15.056211490188325 ], [ -92.454856890333431, 15.054690919898183 ], [ -92.451682679950764, 15.052153029580962 ], [ -92.452919520131147, 15.048155979559011 ], [ -92.465358350001026, 15.061221149675751 ], [ -92.487267030132472, 15.069627649704346 ], [ -92.479009480464924, 15.074911309736491 ], [ -92.483687770220314, 15.08208402035296 ], [ -92.482423849623672, 15.086616379982621 ], [ -92.462425940221038, 15.101079919937211 ], [ -92.471287650360921, 15.109726140092086 ], [ -92.451927479595895, 15.146369659593573 ], [ -92.444316539551181, 15.154066029944815 ], [ -92.444881090246554, 15.162190120240972 ], [ -92.433502380236916, 15.171835800074279 ], [ -92.428361169893364, 15.169590520356092 ], [ -92.418060250279439, 15.177517459972414 ], [ -92.41590641960758, 15.184050349571512 ], [ -92.421423419554145, 15.185255319938621 ], [ -92.414657479822694, 15.190814970291248 ], [ -92.415126819689974, 15.193910059712499 ], [ -92.42128705022283, 15.192123859763853 ], [ -92.423264829559642, 15.194958000396245 ], [ -92.450899400274224, 15.196336750081453 ], [ -92.451746600097067, 15.227977220381225 ], [ -92.425765860204791, 15.225908550109784 ], [ -92.421260080006093, 15.233738029751514 ], [ -92.415541940041905, 15.231125429920588 ], [ -92.41962414967962, 15.224803079843126 ], [ -92.411617859969255, 15.224003080168686 ], [ -92.407864880214916, 15.228894980386166 ], [ -92.411339919575738, 15.231313940412383 ], [ -92.406630089684043, 15.233360910383334 ] ] ] } },
{ "type": "Feature", "properties": { "code": "07104", "stateCode": "07", "municipalityCode": "104", "name": "Tzimol" }, "geometry": { "type": "Polygon", "coordinates": [ [ [ -92.28112096153535, 16.270598579473553 ], [ -92.275309229705002, 16.266934969962026 ], [ -92.278342619868738, 16.265935150069947 ], [ -92.27764305983537, 16.262464719662614 ], [ -92.258059680401502, 16.25882522997847 ], [ -92.248514289759285, 16.251783340027309 ], [ -92.226651940111807, 16.247051250396638 ], [ -92.20944974954007, 16.22854664992515 ], [ -92.195097510023501, 16.23816489012151 ], [ -92.191049180293788, 16.230053480291186 ], [ -92.203579419844303, 16.224360940216606 ], [ -92.197946519992811, 16.21522853999759 ], [ -92.191650259568121, 16.212016249810837 ], [ -92.189198399960375, 16.204124259960288 ], [ -92.181325379961947, 16.203298370087463 ], [ -92.177368830161655, 16.197563179934207 ], [ -92.161906539748443, 16.212555400259415 ], [ -92.157769350284383, 16.20421601981711 ], [ -92.160454650334657, 16.203604889615139 ], [ -92.148853370435603, 16.186241429702893 ], [ -92.152714250022441, 16.180433109697532 ], [ -92.139039509690775, 16.174902290277188 ], [ -92.142891510225368, 16.167809740236738 ], [ -92.157377000126587, 16.160448509950541 ], [ -92.156875800239931, 16.151502320031497 ], [ -92.152318799864432, 16.14339429022133 ], [ -92.160801940021599, 16.131120739665072 ], [ -92.182443969562897, 16.113999739589506 ], [ -92.182447860344624, 16.103492860039026 ], [ -92.191775879799096, 16.095523690380247 ], [ -92.193323850269664, 16.098003030020088 ], [ -92.229355619965176, 16.098635580016666 ], [ -92.233417720340313, 16.091219800235194 ], [ -92.216191519862377, 16.086073120318456 ], [ -92.21616249039576, 16.07922202985414 ], [ -92.229894319632052, 16.067547490372615 ], [ -92.240398710121269, 16.070840820115546 ], [ -92.249964380407619, 16.065585259945127 ], [ -92.244997090059613, 16.015568569978662 ], [ -92.206838080379526, 16.016554800336685 ], [ -92.206884350206522, 16.001198150253479 ], [ -92.200897800042, 16.00474680031628 ], [ -92.199416249920503, 16.001264450263143 ], [ -92.197601820211432, 16.005032279821755 ], [ -92.187507940279104, 16.008437110171847 ], [ -92.205642250480935, 15.992443819670646 ], [ -92.195211050397432, 15.98109782998598 ], [ -92.202058149710282, 15.97414751957556 ], [ -92.198946539695072, 15.964661139948497 ], [ -92.181763479697096, 15.969976319777222 ], [ -92.177542289940021, 15.961152780178304 ], [ -92.177142710132927, 15.953218999812254 ], [ -92.189165579974869, 15.947664460145784 ], [ -92.19666154951733, 15.954096430351576 ], [ -92.226269140065554, 15.965125950108657 ], [ -92.224306319745196, 15.987867489912476 ], [ -92.221088939887707, 15.98858391955215 ], [ -92.236718340355779, 15.998899520219425 ], [ -92.242620980462036, 15.973781149853963 ], [ -92.26583345964103, 15.984112169883334 ], [ -92.271828079896451, 15.988284460107202 ], [ -92.275539550035262, 15.996136180406024 ], [ -92.287458509781871, 15.999570370060129 ], [ -92.291216710089955, 16.004668569717172 ], [ -92.283382749903907, 16.0099234797671 ], [ -92.285366849839107, 16.014114380282781 ], [ -92.294700800220582, 16.012990030199013 ], [ -92.293851110327864, 16.009553350471617 ], [ -92.297538770302367, 16.007943570018362 ], [ -92.302030429593756, 16.009691619848596 ], [ -92.31779568998688, 16.021272219865441 ], [ -92.327564780022982, 16.033152890408029 ], [ -92.323995349847806, 16.035923459763776 ], [ -92.322203510354015, 16.053075519875858 ], [ -92.332430450276561, 16.062094569732245 ], [ -92.323259229600609, 16.06691362017807 ], [ -92.331357490435934, 16.072124520312112 ], [ -92.32722007972616, 16.076914940305851 ], [ -92.330677569803072, 16.078444289648107 ], [ -92.312517019762993, 16.098319109853506 ], [ -92.31792328043602, 16.105480310291178 ], [ -92.315889140335301, 16.111223710065133 ], [ -92.308575230061336, 16.108877969700458 ], [ -92.291087450053141, 16.11030388039557 ], [ -92.28185747988158, 16.114890459694735 ], [ -92.274538020069528, 16.123938599848103 ], [ -92.303337110059772, 16.145220059562632 ], [ -92.332189279541154, 16.148530710046998 ], [ -92.333002079857422, 16.152571419867645 ], [ -92.32142274963131, 16.163788249979607 ], [ -92.335104050039973, 16.176217569774664 ], [ -92.324628950151904, 16.173592219613582 ], [ -92.316861940481814, 16.182948909782663 ], [ -92.308798459717934, 16.186655170076826 ], [ -92.286395048866666, 16.184770451218551 ], [ -92.283906399569034, 16.19648498040582 ], [ -92.277185479604185, 16.198753049743061 ], [ -92.307223000129838, 16.225815520339019 ], [ -92.28847015040806, 16.239178430140136 ], [ -92.288272889636431, 16.269607259771409 ], [ -92.28112096153535, 16.270598579473553 ] ] ] } },
{ "type": "Feature", "properties": { "code": "07079", "stateCode": "07", "municipalityCode": "079", "name": "San Fernando" }, "geometry": { "type": "Polygon", "coordinates": [ [ [ -93.206683370384283, 17.030296709754722 ], [ -93.198187169974432, 17.02554858025217 ], [ -93.180622740382944, 16.995067090429934 ], [ -93.164523630039696, 16.985651340009362 ], [ -93.164813850078659, 16.98258037992731 ], [ -93.176644799887313, 16.975533550197326 ], [ -93.131821659931489, 16.952113510420656 ], [ -93.111885720210751, 16.948036940318069 ], [ -93.112401570264538, 16.941871630207824 ], [ -93.104025319820735, 16.935025460044727 ], [ -93.105771309669578, 16.929472259536173 ], [ -93.114615599655764, 16.929416229947506 ], [ -93.124902619791698, 16.914261090390159 ], [ -93.123556350171114, 16.933758580006248 ], [ -93.118002169798856, 16.940455060107876 ], [ -93.121919450414111, 16.936568179829894 ], [ -93.123721340095258, 16.939202680017893 ], [ -93.1198790199672, 16.941811999890916 ], [ -93.1249002799496, 16.941585910175572 ], [ -93.125921829862776, 16.94415954013882 ], [ -93.140847310400645, 16.942443369697727 ], [ -93.144129910153325, 16.94649450960285 ], [ -93.149771249788003, 16.943977969659066 ], [ -93.149190289625992, 16.934725690143075 ], [ -93.14087693992677, 16.928724290327228 ], [ -93.134876289738642, 16.918140319940306 ], [ -93.135073259589987, 16.910381860314544 ], [ -93.140826310423066, 16.909324519925057 ], [ -93.134599370216037, 16.90607513990274 ], [ -93.134470349888701, 16.900453079827088 ], [ -93.122411599880522, 16.89664109018555 ], [ -93.107468879790972, 16.880733379980139 ], [ -93.112537850386531, 16.856371230442708 ], [ -93.108936289986616, 16.844852940377564 ], [ -93.137211880179095, 16.844297970277591 ], [ -93.141477220296508, 16.825520519974308 ], [ -93.13655725001648, 16.809332569644152 ], [ -93.140215599790054, 16.805857449947545 ], [ -93.163868200414441, 16.809234880454561 ], [ -93.164143660360338, 16.801147170260784 ], [ -93.179599180022592, 16.795731280098948 ], [ -93.191583620260303, 16.804150479919112 ], [ -93.20363994988638, 16.800937740442237 ], [ -93.226680080018667, 16.818019526744276 ], [ -93.270120890000015, 16.837602124099906 ], [ -93.272820250766387, 16.844296353653263 ], [ -93.264834289669849, 16.848478632295205 ], [ -93.274173479569512, 16.886583120919958 ], [ -93.293622028647746, 16.89563725070256 ], [ -93.299372449524427, 16.90497525000481 ], [ -93.308781939777347, 16.910369940132341 ], [ -93.302775430258507, 16.917238971206963 ], [ -93.300469169672411, 16.934245450640635 ], [ -93.291031019646653, 16.932425579562278 ], [ -93.288459940057805, 16.938188890784918 ], [ -93.288433968896953, 16.972605400946158 ], [ -93.295013999078989, 16.975580260344611 ], [ -93.299515999350632, 16.98707534982751 ], [ -93.305137218997004, 16.981694199830574 ], [ -93.310697320398759, 16.983262170947345 ], [ -93.303629019968568, 16.988207229823953 ], [ -93.307887199194312, 16.993559780970106 ], [ -93.306235549904684, 17.011342050314383 ], [ -93.297222079989709, 17.011427429549308 ], [ -93.288969580180392, 17.003108379804786 ], [ -93.284104309764672, 17.002932819610518 ], [ -93.266358419570054, 17.016235619829114 ], [ -93.229011950025637, 17.028682769615845 ], [ -93.206683370384283, 17.030296709754722 ] ] ] } },
{ "type": "Feature", "properties": { "code": "07120", "stateCode": "07", "municipalityCode": "120", "name": "Capitán Luis Ángel Vidal" }, "geometry": { "type": "Polygon", "coordinates": [ [ [ -92.623890657017711, 15.629374061634504 ], [ -92.598896675422182, 15.625117639607375 ], [ -92.593527077571139, 15.621677513195584 ], [ -92.56296718359377, 15.618547481129323 ], [ -92.541885888736331, 15.601150212596592 ], [ -92.552498233841746, 15.570274654571454 ], [ -92.550900054387526, 15.542307470301948 ], [ -92.534074963410362, 15.52912147786831 ], [ -92.539182865345012, 15.510639830997297 ], [ -92.5330389996181, 15.500086450175679 ], [ -92.510900181628173, 15.482012187134819 ], [ -92.533195974010582, 15.487182176653439 ], [ -92.647943621773649, 15.487579115779649 ], [ -92.657980268216534, 15.490598267771658 ], [ -92.692000497933208, 15.482742224468172 ], [ -92.699760631944969, 15.500883249611883 ], [ -92.672599544191712, 15.606495422571555 ], [ -92.6629753201901, 15.609047860052122 ], [ -92.652944382355273, 15.606741719392378 ], [ -92.643649157572071, 15.620992429538237 ], [ -92.637168976660135, 15.621143373441518 ], [ -92.623890657017711, 15.629374061634504 ] ] ] } },
{ "type": "Feature", "properties": { "code": "07107", "stateCode": "07", "municipalityCode": "107", "name": "Villa Corzo" }, "geometry": { "type": "Polygon", "coordinates": [ [ [ -93.054837923980173, 16.295555720610331 ], [ -93.058639807254508, 16.28776000094711 ], [ -93.056877800579542, 16.283902953866889 ], [ -93.062158946212051, 16.28403832620355 ], [ -93.055552288859843, 16.270139884953601 ], [ -93.050662383277114, 16.270574786920378 ], [ -93.044021864055281, 16.282081948066665 ], [ -93.034633376004123, 16.271369637933784 ], [ -93.039963485177779, 16.265940529285171 ], [ -93.032714367891828, 16.262815847338238 ], [ -93.024970374844614, 16.26456083612759 ], [ -93.018280223380714, 16.278973350236615 ], [ -93.016242365893234, 16.27641749625332 ], [ -93.024438509339632, 16.258535619978705 ], [ -93.015315513061253, 16.259775470386536 ], [ -93.008182494836575, 16.256160575598905 ], [ -93.003107720751615, 16.270508567569973 ], [ -92.989181563187302, 16.261685018962471 ], [ -92.990398156819239, 16.255610989055356 ], [ -92.985578771890957, 16.252130249831286 ], [ -92.980413221559616, 16.252517496650018 ], [ -92.971975545401065, 16.246087800915706 ], [ -92.968868488060664, 16.249188020102491 ], [ -92.975108405528289, 16.241081065010047 ], [ -92.949404300911667, 16.233292816801637 ], [ -92.947594626445877, 16.238202549689145 ], [ -92.954190881500239, 16.244558085044545 ], [ -92.933896556392654, 16.23838935388407 ], [ -92.942282855299823, 16.247526719094047 ], [ -92.94946485884077, 16.244742723972909 ], [ -92.949799277595346, 16.249277865438724 ], [ -92.944320708801214, 16.249134004577598 ], [ -92.948326554201373, 16.255513853182439 ], [ -92.956043050109969, 16.257079440826871 ], [ -92.9527593730093, 16.260412185404398 ], [ -92.956553335340942, 16.263087990781685 ], [ -92.949944777199434, 16.262963077994382 ], [ -92.946876224214535, 16.258353109377936 ], [ -92.944871817827178, 16.260327978627625 ], [ -92.940206358669414, 16.253353824547144 ], [ -92.937135210962467, 16.258085619798575 ], [ -92.936838343032349, 16.253147073714914 ], [ -92.931721398720043, 16.255655867601874 ], [ -92.931725234462931, 16.244544347442158 ], [ -92.92034401505056, 16.240713072069248 ], [ -92.925542278703247, 16.247999192633721 ], [ -92.918934888855716, 16.246309453130316 ], [ -92.924347989835425, 16.249521454211106 ], [ -92.923214613044735, 16.256152451836655 ], [ -92.913284315406543, 16.248041324013926 ], [ -92.908211122569341, 16.247792263838964 ], [ -92.915882590057436, 16.253515827516644 ], [ -92.91660467023803, 16.259894942219535 ], [ -92.911771364354664, 16.259095522404685 ], [ -92.909803897381437, 16.253762077616187 ], [ -92.907864814218215, 16.258582817897885 ], [ -92.898827268515845, 16.25406474041036 ], [ -92.890432027670172, 16.257198359879816 ], [ -92.885678379453026, 16.255228876143441 ], [ -92.877621416941594, 16.260141816207547 ], [ -92.87200222029638, 16.255885400267513 ], [ -92.872858279542697, 16.252325949888746 ], [ -92.88034404998568, 16.253369489866817 ], [ -92.881634119962456, 16.249218510207342 ], [ -92.886197679901557, 16.247452580267559 ], [ -92.865062319906727, 16.234853149689709 ], [ -92.865769079606068, 16.231744249959771 ], [ -92.857804089849267, 16.22475453996698 ], [ -92.859246200354548, 16.221882259727462 ], [ -92.862278749922766, 16.22355257963391 ], [ -92.860764979952691, 16.219121250081059 ], [ -92.867807890424686, 16.224612690343815 ], [ -92.867619540039669, 16.219125619733216 ], [ -92.868642550128357, 16.222571800159375 ], [ -92.870718219715371, 16.219533000006244 ], [ -92.870734650176104, 16.22377797988425 ], [ -92.874383000033191, 16.223483570048597 ], [ -92.89837273985934, 16.164568150072338 ], [ -92.90823138002375, 16.153976380252523 ], [ -92.90942315033314, 16.147627510031057 ], [ -92.917727309726175, 16.144280429651939 ], [ -92.921781320017985, 16.138402880050254 ], [ -92.91706632023751, 16.124734889859958 ], [ -92.933900849748639, 16.095385939544883 ], [ -92.936092420225577, 16.086013950329715 ], [ -92.94103454952932, 16.083232290224643 ], [ -92.944680660302978, 16.07369118005133 ], [ -92.952366030176833, 16.070924800373003 ], [ -92.95408917956091, 16.067698370195536 ], [ -92.951905080439687, 16.06674336962892 ], [ -92.965368319676486, 16.051659260193635 ], [ -92.963502549701033, 16.037648539644294 ], [ -92.969026139571568, 16.033448579942473 ], [ -92.974426780360872, 16.034486780231362 ], [ -92.975830459980671, 16.028706649626965 ], [ -92.984694460013912, 16.021351020419679 ], [ -92.982339460026026, 16.004364140300595 ], [ -92.990449719568389, 15.998284819726868 ], [ -92.988547339803802, 15.997064250251723 ], [ -92.993067060206101, 15.989772510452729 ], [ -92.988766750031445, 15.984063980249658 ], [ -93.000095230029359, 15.975758649916308 ], [ -93.005792720187344, 15.98075800044036 ], [ -93.009681580100988, 15.977644720178414 ], [ -93.008397660146898, 15.966661149819402 ], [ -93.0155790604407, 15.947173749584469 ], [ -93.024478649637217, 15.944132579617532 ], [ -93.032665619782449, 15.947084859653465 ], [ -93.024259229859794, 15.951482849764982 ], [ -93.035315150319121, 15.955321979759704 ], [ -93.039804109951362, 15.945526920164488 ], [ -93.050665679569505, 15.945131050048534 ], [ -93.052336509975817, 15.939246569781504 ], [ -93.073774720371162, 15.944698279855778 ], [ -93.077784860427499, 15.932551749946001 ], [ -93.090056050041539, 15.928132430450827 ], [ -93.08841188979288, 15.921354310290722 ], [ -93.094639649587037, 15.916459340386551 ], [ -93.08461151004181, 15.905576569686362 ], [ -93.094984620227052, 15.899431079825856 ], [ -93.090186019845049, 15.899268289902899 ], [ -93.092338289736503, 15.893879139880157 ], [ -93.078483919809585, 15.881644520069761 ], [ -93.086725779571864, 15.881084310261178 ], [ -93.078719749995699, 15.87548159980094 ], [ -93.078115379786709, 15.871520970141807 ], [ -93.08981793958543, 15.87542650996574 ], [ -93.096118549664126, 15.868114020110498 ], [ -93.104392170336595, 15.868624940099126 ], [ -93.108936980011492, 15.865603660262012 ], [ -93.10743349016127, 15.860484449983787 ], [ -93.117366679685645, 15.854913339674665 ], [ -93.129593340061419, 15.860517580329908 ], [ -93.140373749937638, 15.878741520228074 ], [ -93.184258830410684, 15.855239779919595 ], [ -93.206045630355689, 15.85127868961631 ], [ -93.206017030189983, 15.854915249844696 ], [ -93.224988249979063, 15.857861849794425 ], [ -93.232050349581499, 15.855675619641602 ], [ -93.238035599683897, 15.844356689733178 ], [ -93.246274480216684, 15.847547449729905 ], [ -93.256337720232906, 15.832971050319721 ], [ -93.274529379569572, 15.844607120397884 ], [ -93.282478479896071, 15.835849950031896 ], [ -93.289289399714079, 15.840865220258888 ], [ -93.301579259796625, 15.840182309681202 ], [ -93.300502399889325, 15.849826689606285 ], [ -93.30724512008743, 15.853397109780369 ], [ -93.31255443008375, 15.851973800388874 ], [ -93.321947110210289, 15.864080750028014 ], [ -93.322402460257237, 15.870713349716526 ], [ -93.331798979941567, 15.879254289708241 ], [ -93.333437429575511, 15.895345780406075 ], [ -93.348839570033803, 15.906479779864233 ], [ -93.369252539950551, 15.91165757006001 ], [ -93.384384510410797, 15.911910060215789 ], [ -93.412641319820239, 15.95319790982485 ], [ -93.441227820330852, 15.97270344985294 ], [ -93.477853280003387, 15.966749749971248 ], [ -93.480909489931776, 15.988861579729868 ], [ -93.532916720321282, 15.999844540219799 ], [ -93.530884279919349, 16.009665880215817 ], [ -93.540680139893396, 16.019763030059043 ], [ -93.554965249982317, 16.011142459594755 ], [ -93.551707339915708, 15.996527019964139 ], [ -93.565477620444454, 15.990700509649075 ], [ -93.562511490251609, 15.988494150023287 ], [ -93.567138920125728, 15.983695629961325 ], [ -93.575095110125702, 15.986001910279731 ], [ -93.571848850311213, 15.990225569894591 ], [ -93.57771074977731, 15.993869219559004 ], [ -93.57075377988825, 16.005391229957219 ], [ -93.573457399793057, 16.005260770432244 ], [ -93.591384249830753, 16.03846557006484 ], [ -93.572033540287165, 16.054471259729276 ], [ -93.598402909547872, 16.102251230374868 ], [ -93.600553890149456, 16.10997388019117 ], [ -93.597450800075663, 16.111928350363744 ], [ -93.596622429787217, 16.12034719967393 ], [ -93.607611800072135, 16.157606780336337 ], [ -93.606690550438287, 16.169936420367911 ], [ -93.613800289594352, 16.202325539929578 ], [ -93.584563660008868, 16.199096150448799 ], [ -93.566543370344789, 16.193597460446686 ], [ -93.560665090101608, 16.186171459602015 ], [ -93.553715199914265, 16.189681940224617 ], [ -93.540459379641476, 16.185634920194325 ], [ -93.538921849737463, 16.198009680356986 ], [ -93.536056430226736, 16.197640340189505 ], [ -93.502146199557814, 16.179613820198693 ], [ -93.496720550325662, 16.181871460282395 ], [ -93.49308379977218, 16.188598490372808 ], [ -93.487600250147594, 16.181854280281939 ], [ -93.47321034959927, 16.180760479831552 ], [ -93.47303746039826, 16.176842250306201 ], [ -93.448840379569788, 16.170088770346432 ], [ -93.443749920428701, 16.170449249648776 ], [ -93.44146945040157, 16.177580999594902 ], [ -93.435746780183862, 16.166976659677673 ], [ -93.4144224904027, 16.164247419921868 ], [ -93.404452379896028, 16.169662309794116 ], [ -93.413589079668085, 16.201472230272689 ], [ -93.422427319740407, 16.213182830141957 ], [ -93.408130399557649, 16.228012380236645 ], [ -93.393374689794157, 16.209650679978825 ], [ -93.374159799547073, 16.205017109800529 ], [ -93.37864372032459, 16.19649665975389 ], [ -93.373853079676593, 16.193236510209413 ], [ -93.358354480053606, 16.194984800054844 ], [ -93.355305850111478, 16.199811199619823 ], [ -93.348338450407994, 16.197193429577155 ], [ -93.337960879906205, 16.207939290130117 ], [ -93.335355710324009, 16.20774561966952 ], [ -93.33630263003846, 16.202917679756546 ], [ -93.331794179803012, 16.195953119572071 ], [ -93.327568819671583, 16.196813909865824 ], [ -93.324095740284591, 16.193255739751667 ], [ -93.322950630411626, 16.203666519997494 ], [ -93.329118510189858, 16.207226570177909 ], [ -93.331494890187571, 16.212808049773543 ], [ -93.315624579781911, 16.216540380072448 ], [ -93.3115946299489, 16.210716249995283 ], [ -93.306210109980384, 16.212168969985694 ], [ -93.306343120106789, 16.204849400340073 ], [ -93.298550250111887, 16.207985659594232 ], [ -93.299273890377819, 16.217005460154837 ], [ -93.293489620302083, 16.222598149709899 ], [ -93.294574690190743, 16.210158350095632 ], [ -93.28414191039839, 16.215598859995719 ], [ -93.269113020086351, 16.214190200359617 ], [ -93.269273109921187, 16.220099350441011 ], [ -93.266597339585687, 16.221784720234609 ], [ -93.260813059861363, 16.219469830314143 ], [ -93.255551199882163, 16.193900770075093 ], [ -93.249034720029911, 16.197006059656015 ], [ -93.251206119929435, 16.20706568038478 ], [ -93.245241319970788, 16.209801540442466 ], [ -93.249050179642936, 16.218942829987849 ], [ -93.238336680038742, 16.214760689652717 ], [ -93.225817430384723, 16.224478570093456 ], [ -93.225383659591373, 16.235884139736829 ], [ -93.221750950303516, 16.239786550169605 ], [ -93.201376179823953, 16.242666969662967 ], [ -93.201594920427226, 16.239162599658666 ], [ -93.196861220067078, 16.237042110446431 ], [ -93.194592769772797, 16.240960740256806 ], [ -93.200161249584013, 16.247285090098185 ], [ -93.206991650088099, 16.243085630158035 ], [ -93.218264950351497, 16.245410650184869 ], [ -93.218188510147584, 16.255440180207721 ], [ -93.208106079978222, 16.27063502961353 ], [ -93.200059349642743, 16.26789688981453 ], [ -93.184519509795066, 16.270310350050771 ], [ -93.165306019636617, 16.277922619711536 ], [ -93.133867709937931, 16.274619449831942 ], [ -93.124760769823439, 16.276578249649742 ], [ -93.102134720342704, 16.262012080181698 ], [ -93.10207724999853, 16.259276030105113 ], [ -93.08475911034229, 16.264269620337952 ], [ -93.078612940096306, 16.2698845997236 ], [ -93.075299660162045, 16.268264920250182 ], [ -93.054837923980173, 16.295555720610331 ] ] ] } },
{ "type": "Feature", "properties": { "code": "07108", "stateCode": "07", "municipalityCode": "108", "name": "Villaflores" }, "geometry": { "type": "Polygon", "coordinates": [ [ [ -93.272050260293909, 16.584737750959846 ], [ -93.252964779151597, 16.584634450370206 ], [ -93.255633918870657, 16.567434650935382 ], [ -93.24747955024057, 16.555719850563605 ], [ -93.241710769470401, 16.566798259614092 ], [ -93.217642720355059, 16.550016199972823 ], [ -93.234829949820821, 16.528723339729069 ], [ -93.230768519820813, 16.518536599704031 ], [ -93.221676880232039, 16.512554620328999 ], [ -93.197619020436576, 16.509119720143342 ], [ -93.198252090363553, 16.506898599691191 ], [ -93.194478890033324, 16.509391289765052 ], [ -93.195141939945287, 16.506604779836234 ], [ -93.191660570155165, 16.508096149703892 ], [ -93.190305489863235, 16.503435459952978 ], [ -93.187120349591495, 16.507760059976814 ], [ -93.17117256965291, 16.503827029716575 ], [ -93.167808980122928, 16.507584419915208 ], [ -93.171468940215476, 16.512302479674482 ], [ -93.168043310072832, 16.517117340135339 ], [ -93.170116200327797, 16.517125090207376 ], [ -93.168840140128538, 16.522608780157093 ], [ -93.114235339991055, 16.500839020151812 ], [ -93.109401749753289, 16.495615429796899 ], [ -93.100178890349994, 16.492685401064591 ], [ -93.091937979927309, 16.496186580926949 ], [ -93.079924799242463, 16.487270000596308 ], [ -93.058387688803251, 16.484741710185048 ], [ -93.061393659634803, 16.477735049636244 ], [ -93.061032229691392, 16.465570120207843 ], [ -93.048019940162433, 16.470543400383271 ], [ -93.054697549898208, 16.456515231062191 ], [ -93.079953890156119, 16.43721217063807 ], [ -93.091700490001855, 16.422633479984277 ], [ -93.099459139767021, 16.403734770346389 ], [ -93.092759721953698, 16.399644137867323 ], [ -93.101682565252631, 16.387922784023043 ], [ -93.102737051768386, 16.37414373082909 ], [ -93.078570111303819, 16.361927524219965 ], [ -93.092523771713431, 16.333806859510116 ], [ -93.084287097898141, 16.330322694663511 ], [ -93.082631009409255, 16.326539758007019 ], [ -93.078769771153063, 16.297750222047014 ], [ -93.071274737844234, 16.294081349103482 ], [ -93.071081757845718, 16.285774203108247 ], [ -93.067387599251163, 16.285571855457597 ], [ -93.063610660904359, 16.294133506779332 ], [ -93.059499925012048, 16.289233660419782 ], [ -93.075299660162045, 16.268264920250182 ], [ -93.078612940096306, 16.2698845997236 ], [ -93.08475911034229, 16.264269620337952 ], [ -93.10207724999853, 16.259276030105113 ], [ -93.102134720342704, 16.262012080181698 ], [ -93.124760769823439, 16.276578249649742 ], [ -93.133867709937931, 16.274619449831942 ], [ -93.165306019636617, 16.277922619711536 ], [ -93.184519509795066, 16.270310350050771 ], [ -93.200059349642743, 16.26789688981453 ], [ -93.208106079978222, 16.27063502961353 ], [ -93.218188510147584, 16.255440180207721 ], [ -93.218264950351497, 16.245410650184869 ], [ -93.206991650088099, 16.243085630158035 ], [ -93.200161249584013, 16.247285090098185 ], [ -93.194592769772797, 16.240960740256806 ], [ -93.196861220067078, 16.237042110446431 ], [ -93.201594920427226, 16.239162599658666 ], [ -93.201376179823953, 16.242666969662967 ], [ -93.221750950303516, 16.239786550169605 ], [ -93.225383659591373, 16.235884139736829 ], [ -93.225817430384723, 16.224478570093456 ], [ -93.238336680038742, 16.214760689652717 ], [ -93.249050179642936, 16.218942829987849 ], [ -93.245241319970788, 16.209801540442466 ], [ -93.251206119929435, 16.20706568038478 ], [ -93.249034720029911, 16.197006059656015 ], [ -93.255551199882163, 16.193900770075093 ], [ -93.260813059861363, 16.219469830314143 ], [ -93.266597339585687, 16.221784720234609 ], [ -93.269273109921187, 16.220099350441011 ], [ -93.269113020086351, 16.214190200359617 ], [ -93.28414191039839, 16.215598859995719 ], [ -93.294574690190743, 16.210158350095632 ], [ -93.293489620302083, 16.222598149709899 ], [ -93.299273890377819, 16.217005460154837 ], [ -93.298550250111887, 16.207985659594232 ], [ -93.306343120106789, 16.204849400340073 ], [ -93.306210109980384, 16.212168969985694 ], [ -93.3115946299489, 16.210716249995283 ], [ -93.315624579781911, 16.216540380072448 ], [ -93.331494890187571, 16.212808049773543 ], [ -93.329118510189858, 16.207226570177909 ], [ -93.322950630411626, 16.203666519997494 ], [ -93.324095740284591, 16.193255739751667 ], [ -93.327568819671583, 16.196813909865824 ], [ -93.331794179803012, 16.195953119572071 ], [ -93.33630263003846, 16.202917679756546 ], [ -93.335355710324009, 16.20774561966952 ], [ -93.337960879906205, 16.207939290130117 ], [ -93.348338450407994, 16.197193429577155 ], [ -93.355305850111478, 16.199811199619823 ], [ -93.358354480053606, 16.194984800054844 ], [ -93.373853079676593, 16.193236510209413 ], [ -93.37864372032459, 16.19649665975389 ], [ -93.374159799547073, 16.205017109800529 ], [ -93.393374689794157, 16.209650679978825 ], [ -93.408130399557649, 16.228012380236645 ], [ -93.422427319740407, 16.213182830141957 ], [ -93.413589079668085, 16.201472230272689 ], [ -93.404452379896028, 16.169662309794116 ], [ -93.4144224904027, 16.164247419921868 ], [ -93.435746780183862, 16.166976659677673 ], [ -93.44146945040157, 16.177580999594902 ], [ -93.443749920428701, 16.170449249648776 ], [ -93.448840379569788, 16.170088770346432 ], [ -93.47303746039826, 16.176842250306201 ], [ -93.47321034959927, 16.180760479831552 ], [ -93.487600250147594, 16.181854280281939 ], [ -93.49308379977218, 16.188598490372808 ], [ -93.496720550325662, 16.181871460282395 ], [ -93.502146199557814, 16.179613820198693 ], [ -93.536056430226736, 16.197640340189505 ], [ -93.538921849737463, 16.198009680356986 ], [ -93.540459379641476, 16.185634920194325 ], [ -93.553715199914265, 16.189681940224617 ], [ -93.560665090101608, 16.186171459602015 ], [ -93.566543370344789, 16.193597460446686 ], [ -93.584563660008868, 16.199096150448799 ], [ -93.653288770045066, 16.207887120402724 ], [ -93.706746370199141, 16.204564479915295 ], [ -93.741627620198159, 16.224574220182141 ], [ -93.770986550273918, 16.230261540192547 ], [ -93.741420339693732, 16.258518550388832 ], [ -93.721787450386387, 16.288581199834187 ], [ -93.723220830136242, 16.295039979560929 ], [ -93.728003369818452, 16.297815149611225 ], [ -93.740664280008914, 16.297990089658096 ], [ -93.743084179987775, 16.309549740008141 ], [ -93.747456350289355, 16.314528079701425 ], [ -93.736756520029473, 16.314558020075179 ], [ -93.719648430176278, 16.307440619794971 ], [ -93.707817580026173, 16.312767720294936 ], [ -93.693018999633139, 16.296560859543057 ], [ -93.689568049632697, 16.296602879688585 ], [ -93.684637430105994, 16.307088540102452 ], [ -93.686566279975736, 16.312337080366465 ], [ -93.681677059607367, 16.312869260007147 ], [ -93.673861940144604, 16.324434029695944 ], [ -93.64956931959729, 16.306860860020326 ], [ -93.64920154966714, 16.33524856971848 ], [ -93.64368587988703, 16.340034540160996 ], [ -93.649194659859276, 16.342599799865432 ], [ -93.646782139599907, 16.350184770266416 ], [ -93.636557379763602, 16.366677619641013 ], [ -93.615940800028028, 16.372073569613733 ], [ -93.609618689564257, 16.397765170059564 ], [ -93.596370050364058, 16.40453397033707 ], [ -93.57282242955057, 16.398062629959046 ], [ -93.567897179612061, 16.402205289557195 ], [ -93.555688519774364, 16.401138820202707 ], [ -93.575838650397785, 16.434848029738049 ], [ -93.559225259656998, 16.432570819727957 ], [ -93.562615490257144, 16.438584169871604 ], [ -93.548498149961702, 16.437829339547132 ], [ -93.547423199870408, 16.430898229608083 ], [ -93.546445229568775, 16.437615280071697 ], [ -93.54033950962166, 16.435485060014418 ], [ -93.512723620180964, 16.447422380351277 ], [ -93.510926339671286, 16.462195020055123 ], [ -93.499731999309645, 16.462456479664151 ], [ -93.499774020311762, 16.453043940021779 ], [ -93.497411490351183, 16.452133750338817 ], [ -93.489225818987677, 16.459889970981845 ], [ -93.47301142997442, 16.451055230997039 ], [ -93.473046819135817, 16.431822919699385 ], [ -93.467138309619955, 16.428925279877291 ], [ -93.463929949206189, 16.435669709625419 ], [ -93.458961459489956, 16.437469709594534 ], [ -93.465098479898415, 16.452121480836656 ], [ -93.463210418878006, 16.453278601124179 ], [ -93.468660739513567, 16.474184171293597 ], [ -93.45834516937272, 16.476171249581473 ], [ -93.449970029578424, 16.484038800423807 ], [ -93.432801749025103, 16.488945971258737 ], [ -93.425259220204453, 16.495908229828739 ], [ -93.394271979737738, 16.50077332009775 ], [ -93.323685370021295, 16.493639910078407 ], [ -93.29215211994277, 16.502698920718363 ], [ -93.290465319466435, 16.498169740220696 ], [ -93.280484448641701, 16.511514180010398 ], [ -93.281927150193027, 16.518595321095702 ], [ -93.278355079114931, 16.517565821008063 ], [ -93.297357829726451, 16.574988719737433 ], [ -93.290890580363353, 16.574576139664078 ], [ -93.272050260293909, 16.584737750959846 ] ] ] } },
{ "type": "Feature", "properties": { "code": "07109", "stateCode": "07", "municipalityCode": "109", "name": "Yajalón" }, "geometry": { "type": "Polygon", "coordinates": [ [ [ -92.231239049629821, 17.254765029934404 ], [ -92.213533260466804, 17.238787109925997 ], [ -92.203472770117628, 17.222453630148816 ], [ -92.228714399284911, 17.195786050869987 ], [ -92.207730978643184, 17.17120657077901 ], [ -92.216834619077858, 17.162998601251644 ], [ -92.247492748727737, 17.186714260843843 ], [ -92.258291089044505, 17.184065480759784 ], [ -92.268569509240592, 17.164839850919588 ], [ -92.264934538909742, 17.163554250408247 ], [ -92.274474059404753, 17.156807631007798 ], [ -92.287480489099465, 17.163059020812884 ], [ -92.297468828735376, 17.152720510964617 ], [ -92.295014219391774, 17.151797060952148 ], [ -92.298403289356187, 17.151635491068447 ], [ -92.297669889238065, 17.148848800512194 ], [ -92.304382419117346, 17.147264180644726 ], [ -92.317938688803309, 17.133018951164658 ], [ -92.32947519852074, 17.132110860999525 ], [ -92.327921678960436, 17.127040691083515 ], [ -92.331478459390638, 17.127686750535258 ], [ -92.336793088916977, 17.121392290553771 ], [ -92.341587308718431, 17.132012821140425 ], [ -92.338994769055802, 17.132915461134754 ], [ -92.360201968587816, 17.154073321176401 ], [ -92.369367119161325, 17.140226150549868 ], [ -92.371813628676563, 17.143457401077896 ], [ -92.368068748823774, 17.152591461239261 ], [ -92.37052294891096, 17.154963691261305 ], [ -92.402340948900729, 17.132394950560013 ], [ -92.384384078779178, 17.116579651163466 ], [ -92.38393868012875, 17.099917660292185 ], [ -92.402962310164597, 17.106068289811724 ], [ -92.445356820341374, 17.133221280009803 ], [ -92.434588019644536, 17.162504450100627 ], [ -92.440252940149506, 17.165650310359631 ], [ -92.434584859611704, 17.17008500010731 ], [ -92.443211739695201, 17.178226479698466 ], [ -92.43896715030732, 17.18257385982734 ], [ -92.429800119807254, 17.178382219742598 ], [ -92.430557199684117, 17.183890969626336 ], [ -92.417776490284012, 17.196821020117 ], [ -92.410868919831159, 17.193029369846855 ], [ -92.402434599735869, 17.194940249557003 ], [ -92.403446950304485, 17.197471399971629 ], [ -92.395588630190701, 17.195140660069427 ], [ -92.3916559697129, 17.200994770357003 ], [ -92.380944540348509, 17.198881719592396 ], [ -92.37325162965206, 17.212929489619011 ], [ -92.363308350329078, 17.219092540296369 ], [ -92.351341569549362, 17.20947869025311 ], [ -92.344474880136872, 17.212601659789534 ], [ -92.339327489811637, 17.217841659826185 ], [ -92.339550110222149, 17.223909680451893 ], [ -92.323618550193373, 17.226348179942526 ], [ -92.328408399891387, 17.23978494040465 ], [ -92.322667350152486, 17.254930769728091 ], [ -92.30326694979999, 17.251929090246996 ], [ -92.300944289591769, 17.2472687403435 ], [ -92.285070829888497, 17.254157630015406 ], [ -92.260400660022498, 17.2281507396637 ], [ -92.231239049629821, 17.254765029934404 ] ] ] } },
{ "type": "Feature", "properties": { "code": "07085", "stateCode": "07", "municipalityCode": "085", "name": "Soyaló" }, "geometry": { "type": "Polygon", "coordinates": [ [ [ -93.057367320474228, 16.98135941983379 ], [ -93.03089144975327, 16.969326350017074 ], [ -93.008770620304915, 16.970083540001582 ], [ -92.959081770158051, 16.952784220359078 ], [ -92.944131769930792, 16.942763179848374 ], [ -92.954406719661492, 16.929019830051786 ], [ -92.947521999834976, 16.928880620214464 ], [ -92.943425340440143, 16.92344557995963 ], [ -92.939777580306767, 16.907597490381107 ], [ -92.933142319555557, 16.906924599905437 ], [ -92.931999019747835, 16.909771019731821 ], [ -92.92284444958301, 16.904159490168652 ], [ -92.91879996963587, 16.907998050289919 ], [ -92.916133429634314, 16.904045830161344 ], [ -92.909535280212836, 16.907303620089532 ], [ -92.900870999809811, 16.906006740083633 ], [ -92.90752654024719, 16.892640579684294 ], [ -92.901819709937755, 16.886846290397845 ], [ -92.895743110120364, 16.885656579972515 ], [ -92.922096709829916, 16.869555479875473 ], [ -92.9913852290032, 16.910329750968028 ], [ -93.022882508831614, 16.88983248072811 ], [ -93.047164279726815, 16.921050399581986 ], [ -93.045438229692806, 16.931525380411607 ], [ -93.066311050378772, 16.941751220003574 ], [ -93.065449020191849, 16.949563350352431 ], [ -93.055037310061664, 16.947483940377477 ], [ -93.057811460175046, 16.953221370389194 ], [ -93.054061170053046, 16.959538919938147 ], [ -93.040782660384323, 16.959422019930614 ], [ -93.060654200273177, 16.978927290097534 ], [ -93.057367320474228, 16.98135941983379 ] ] ] } },
{ "type": "Feature", "properties": { "code": "07088", "stateCode": "07", "municipalityCode": "088", "name": "Sunuapa" }, "geometry": { "type": "Polygon", "coordinates": [ [ [ -93.250702829814003, 17.544298549697292 ], [ -93.240614170212254, 17.538121780148725 ], [ -93.23427421976551, 17.53875222006355 ], [ -93.232911420059608, 17.526948739875174 ], [ -93.229455999758727, 17.524830199765773 ], [ -93.234184650324863, 17.518441380078212 ], [ -93.23038652018802, 17.50816685009471 ], [ -93.219240349634148, 17.506117939572 ], [ -93.200886120225249, 17.491005429994438 ], [ -93.194952050100426, 17.479710510249308 ], [ -93.1997078296789, 17.474030630432392 ], [ -93.212232370304861, 17.468753770403865 ], [ -93.216564829609723, 17.451400749671329 ], [ -93.223480059783995, 17.454294080049948 ], [ -93.231869250162035, 17.450410519913603 ], [ -93.242597430038828, 17.442466369707631 ], [ -93.254575600036176, 17.423719309944342 ], [ -93.259658488557676, 17.421156981235889 ], [ -93.264128139802921, 17.425709429870508 ], [ -93.260816138972558, 17.452356521204997 ], [ -93.27159956870662, 17.459780149516707 ], [ -93.285111850236603, 17.462685369758081 ], [ -93.290017119155323, 17.495549830776827 ], [ -93.310035000009407, 17.500173510231441 ], [ -93.314570349950088, 17.50681231997638 ], [ -93.30919271022303, 17.505709370082148 ], [ -93.306982709680938, 17.510340910360203 ], [ -93.299538420107282, 17.509779550360808 ], [ -93.297067520417571, 17.517810200414676 ], [ -93.289509419937616, 17.512380920327644 ], [ -93.28489854956922, 17.523892550176804 ], [ -93.278136570035571, 17.528006720447948 ], [ -93.268252720020286, 17.527338450093101 ], [ -93.267025939760288, 17.529460739973452 ], [ -93.272584460192363, 17.531135540063595 ], [ -93.270708549564034, 17.537803890404966 ], [ -93.250702829814003, 17.544298549697292 ] ] ] } },
{ "type": "Feature", "properties": { "code": "07093", "stateCode": "07", "municipalityCode": "093", "name": "Tenejapa" }, "geometry": { "type": "Polygon", "coordinates": [ [ [ -92.464953149839388, 16.934205059784528 ], [ -92.438688980398268, 16.928595349963437 ], [ -92.444642339921828, 16.909944370071326 ], [ -92.443616030471304, 16.898532059648936 ], [ -92.432488969924691, 16.885130169956689 ], [ -92.435446710055984, 16.87722814011541 ], [ -92.450929550357728, 16.867751480375954 ], [ -92.450882309619587, 16.86324404962037 ], [ -92.456515279671208, 16.856625940132769 ], [ -92.452697459477548, 16.840549511221251 ], [ -92.443954000122076, 16.836441371300985 ], [ -92.445691399931263, 16.823371199605766 ], [ -92.440082540390961, 16.817721150371067 ], [ -92.43855607954778, 16.820016139842529 ], [ -92.426070320330368, 16.819585249877008 ], [ -92.367573200262768, 16.810302919662259 ], [ -92.377958890106925, 16.779479650286103 ], [ -92.412973880290295, 16.767534180176511 ], [ -92.449575199794296, 16.761155250329029 ], [ -92.456193600097194, 16.764882250404774 ], [ -92.456414879923244, 16.771714549895258 ], [ -92.461077110244872, 16.777039680227517 ], [ -92.472191029771693, 16.77946939988345 ], [ -92.48137151007019, 16.773985970277689 ], [ -92.486477480094365, 16.77888351026478 ], [ -92.492452910475819, 16.774755799623144 ], [ -92.491213649593249, 16.77291353961315 ], [ -92.512017940245073, 16.768592049832339 ], [ -92.51323842981401, 16.774279370367179 ], [ -92.536181539669514, 16.77579879980431 ], [ -92.546703859669094, 16.793332290245399 ], [ -92.540952450186168, 16.808816520359503 ], [ -92.543494109555681, 16.83736315032273 ], [ -92.534334860112168, 16.857260879590534 ], [ -92.523037600017219, 16.861392279761784 ], [ -92.525182420348543, 16.87125049032063 ], [ -92.517307520386822, 16.882494480119057 ], [ -92.516404829823529, 16.898690489752582 ], [ -92.49859502006656, 16.903211460530613 ], [ -92.485213259933985, 16.930878200028538 ], [ -92.480414939697283, 16.928510921046442 ], [ -92.464953149839388, 16.934205059784528 ] ] ] } },
{ "type": "Feature", "properties": { "code": "07098", "stateCode": "07", "municipalityCode": "098", "name": "Totolapa" }, "geometry": { "type": "Polygon", "coordinates": [ [ [ -92.603204169895719, 16.576643880161569 ], [ -92.595651769908898, 16.552894940263815 ], [ -92.588209379832847, 16.548650629948089 ], [ -92.58084805987879, 16.549325599828087 ], [ -92.581541619784275, 16.545618280331176 ], [ -92.577659000350295, 16.543766580400924 ], [ -92.577401919777841, 16.53941322004134 ], [ -92.583101249978753, 16.535201599899967 ], [ -92.577169380334766, 16.5316110601639 ], [ -92.584434860130528, 16.525397999886781 ], [ -92.575428199511933, 16.51375462035961 ], [ -92.576463780303172, 16.502106820058131 ], [ -92.588157830131976, 16.501887090223498 ], [ -92.579792350413655, 16.494896220359937 ], [ -92.576639419933869, 16.486099750003707 ], [ -92.591655539780533, 16.486312879800305 ], [ -92.598444598674888, 16.492585920843808 ], [ -92.605966658850193, 16.492432181111774 ], [ -92.595425289581797, 16.473929579827892 ], [ -92.62479012037933, 16.4732751495842 ], [ -92.629044170329436, 16.475689341284301 ], [ -92.629752218739739, 16.483077280132811 ], [ -92.671399678892115, 16.458307181021201 ], [ -92.668163199959238, 16.441961430690995 ], [ -92.686797518945951, 16.452878280777202 ], [ -92.687685568690753, 16.457241180808882 ], [ -92.676098629457755, 16.471454150094008 ], [ -92.690263738764614, 16.469099939753221 ], [ -92.689755478693229, 16.463192940615816 ], [ -92.708317049980323, 16.484811080465903 ], [ -92.723146818792074, 16.482991830420005 ], [ -92.719277029479002, 16.48025131085997 ], [ -92.724439580305841, 16.476739830190585 ], [ -92.723308709176607, 16.46384397037848 ], [ -92.718379449964161, 16.456467080746251 ], [ -92.727398510092669, 16.448737951023915 ], [ -92.733102378964418, 16.449133120300228 ], [ -92.750894628622106, 16.461940180804035 ], [ -92.743609629323018, 16.479040260802929 ], [ -92.732283769551756, 16.476235480806153 ], [ -92.728784599278399, 16.480435710061933 ], [ -92.738840848664978, 16.49120257006911 ], [ -92.754510319195049, 16.495201230581067 ], [ -92.755886108722393, 16.498868681001024 ], [ -92.751405309358802, 16.506707400330065 ], [ -92.765108909114034, 16.51487407960607 ], [ -92.764600018826613, 16.521034460327066 ], [ -92.751601119929134, 16.524074001234055 ], [ -92.744588340312049, 16.53172296976253 ], [ -92.736309710190028, 16.531268049627524 ], [ -92.738869709626726, 16.526176630055538 ], [ -92.72678905985201, 16.526914220336007 ], [ -92.719262350124794, 16.521210859671388 ], [ -92.689078180385167, 16.512799939674174 ], [ -92.695781720056686, 16.524303829947463 ], [ -92.694287109677887, 16.534975180008271 ], [ -92.698282830356774, 16.546417550198338 ], [ -92.69357991029527, 16.550344110249149 ], [ -92.695403310468166, 16.558907029949545 ], [ -92.677219229858025, 16.577817540397543 ], [ -92.641487289767156, 16.569190089722877 ], [ -92.611031950406698, 16.581309679774488 ], [ -92.603204169895719, 16.576643880161569 ] ] ] } },
{ "type": "Feature", "properties": { "code": "07100", "stateCode": "07", "municipalityCode": "100", "name": "Tumbalá" }, "geometry": { "type": "Polygon", "coordinates": [ [ [ -92.380344479508963, 17.406421950410312 ], [ -92.378007090373771, 17.395322819610929 ], [ -92.374253849851897, 17.396069080016872 ], [ -92.37388562989787, 17.391443980391234 ], [ -92.368065599959294, 17.389993719636735 ], [ -92.353368119673974, 17.393852449693672 ], [ -92.348540419907849, 17.389645489975543 ], [ -92.34394716969345, 17.391236399660745 ], [ -92.34751359984439, 17.395188399568614 ], [ -92.344053109855949, 17.399398149756937 ], [ -92.312044199835583, 17.366738520324859 ], [ -92.309791230033582, 17.368887949802964 ], [ -92.301417349617594, 17.359868369637873 ], [ -92.294438249784335, 17.366462109883607 ], [ -92.274984720418473, 17.365700150460071 ], [ -92.268448219936076, 17.358560179710217 ], [ -92.259288379964474, 17.365270419871798 ], [ -92.256133510223123, 17.361920619695589 ], [ -92.252782139940081, 17.365086280164576 ], [ -92.249659599879308, 17.362191030420899 ], [ -92.230653770093681, 17.381309259704473 ], [ -92.221130419650237, 17.372041680193934 ], [ -92.224453019955959, 17.369155910369866 ], [ -92.217632720158363, 17.368438279757591 ], [ -92.223247019631629, 17.359060910277258 ], [ -92.212516449737763, 17.353748800126709 ], [ -92.204774769556749, 17.343226719681027 ], [ -92.202737419555035, 17.348906859666194 ], [ -92.156145370022514, 17.328728689976714 ], [ -92.164685770001, 17.32125458001001 ], [ -92.162675569657779, 17.303688800237076 ], [ -92.14399654992998, 17.284989120107237 ], [ -92.139655320078788, 17.282641659645339 ], [ -92.116313350392687, 17.305435089966334 ], [ -92.088408740292479, 17.277294570355796 ], [ -92.108562799437166, 17.256824950862004 ], [ -92.117896888812353, 17.256858721003642 ], [ -92.117875249116295, 17.251715660594357 ], [ -92.125199829159143, 17.250805710450855 ], [ -92.123556229104807, 17.24123415103978 ], [ -92.155131879233736, 17.210254340468268 ], [ -92.162387749333348, 17.212439120566316 ], [ -92.187944678872825, 17.23714214057124 ], [ -92.191314818671927, 17.237413880861467 ], [ -92.203472770117628, 17.222453630148816 ], [ -92.213533260466804, 17.238787109925997 ], [ -92.231777280217855, 17.255299630365062 ], [ -92.260400660022498, 17.2281507396637 ], [ -92.285070829888497, 17.254157630015406 ], [ -92.300944289591769, 17.2472687403435 ], [ -92.30326694979999, 17.251929090246996 ], [ -92.322667350152486, 17.254930769728091 ], [ -92.328408399891387, 17.23978494040465 ], [ -92.323618550193373, 17.226348179942526 ], [ -92.330565520324257, 17.223336550218541 ], [ -92.338841660097685, 17.22434902993832 ], [ -92.339327489811637, 17.217841659826185 ], [ -92.351341569549362, 17.20947869025311 ], [ -92.362315829730349, 17.216841599780143 ], [ -92.379106739632832, 17.253840339644054 ], [ -92.376334740132663, 17.298066740197424 ], [ -92.401947979676194, 17.300708860265029 ], [ -92.398938110148464, 17.362018620388632 ], [ -92.403193179939635, 17.368115649610186 ], [ -92.402570449696952, 17.381028599917244 ], [ -92.392245320048744, 17.382341659660337 ], [ -92.395885770372587, 17.396830309687804 ], [ -92.386386719936141, 17.398442979992151 ], [ -92.387757420129191, 17.404191909749304 ], [ -92.380344479508963, 17.406421950410312 ] ] ] } },
{ "type": "Feature", "properties": { "code": "07105", "stateCode": "07", "municipalityCode": "105", "name": "Unión Juárez" }, "geometry": { "type": "Polygon", "coordinates": [ [ [ -92.107895230278032, 15.131948980030817 ], [ -92.059197220348011, 15.070333650358231 ], [ -92.063712059632252, 15.069865279797147 ], [ -92.073159550111001, 15.061510820143386 ], [ -92.068354479685055, 15.05535715023872 ], [ -92.070196019648435, 15.046781109787728 ], [ -92.072687850287849, 15.044216950044985 ], [ -92.077924059845657, 15.045881480189784 ], [ -92.080253910400899, 15.028473029877439 ], [ -92.085665819943799, 15.020728860044256 ], [ -92.097302659690143, 15.015078890329525 ], [ -92.099355229593399, 15.009554890220917 ], [ -92.117117309704184, 15.015308080282178 ], [ -92.11955682030046, 15.011538139870549 ], [ -92.124502539812809, 15.015227080005099 ], [ -92.130849380119301, 15.013197289899287 ], [ -92.131183879665315, 15.027615740281478 ], [ -92.138490850467008, 15.032898879701728 ], [ -92.14175415001975, 15.048530200028877 ], [ -92.145037150223743, 15.051377849992821 ], [ -92.136475939978411, 15.068324200372631 ], [ -92.131707889782774, 15.064873710174924 ], [ -92.125826680289123, 15.067005679977079 ], [ -92.113135880442698, 15.085528829880802 ], [ -92.118173079755039, 15.085927449651466 ], [ -92.110567850467149, 15.09348236969069 ], [ -92.107895230278032, 15.131948980030817 ] ] ] } },
{ "type": "Feature", "properties": { "code": "07112", "stateCode": "07", "municipalityCode": "112", "name": "San Juan Cancuc" }, "geometry": { "type": "Polygon", "coordinates": [ [ [ -92.403954059677417, 17.009962479828832 ], [ -92.380898109636632, 16.999869910122936 ], [ -92.3698681703234, 17.001577679692584 ], [ -92.362971060175767, 16.999243860335643 ], [ -92.359723179736307, 17.002851180274352 ], [ -92.341446029438458, 16.983243491131745 ], [ -92.341486719319548, 16.964528660532764 ], [ -92.350547739423391, 16.963268881212919 ], [ -92.349997738704829, 16.954350920528579 ], [ -92.30994788971185, 16.948769950100953 ], [ -92.314026149592493, 16.93799914005815 ], [ -92.327471479860804, 16.932915969920092 ], [ -92.337383620256702, 16.933697169978242 ], [ -92.343466150271951, 16.92564277968799 ], [ -92.342876820334624, 16.917174720101642 ], [ -92.352522459596983, 16.900312580203479 ], [ -92.33670866040795, 16.89688529035427 ], [ -92.338700820408448, 16.885865350247286 ], [ -92.356312419606013, 16.857828340100092 ], [ -92.362719119963458, 16.8545236599414 ], [ -92.386950479645591, 16.851337109525222 ], [ -92.42168397042775, 16.857768520450485 ], [ -92.437428890356827, 16.863594459648763 ], [ -92.434423429947032, 16.866155080198421 ], [ -92.4455990496064, 16.86906453964847 ], [ -92.435446710055984, 16.87722814011541 ], [ -92.432488969924691, 16.885130169956689 ], [ -92.443616030471304, 16.898532059648936 ], [ -92.444642339921828, 16.909944370071326 ], [ -92.437190620096715, 16.92838150993472 ], [ -92.453760540401944, 16.945941450101365 ], [ -92.458237310034193, 16.962621001993657 ], [ -92.422684829911901, 16.99959357020618 ], [ -92.403954059677417, 17.009962479828832 ] ] ] } },
{ "type": "Feature", "properties": { "code": "07087", "stateCode": "07", "municipalityCode": "087", "name": "Suchiate" }, "geometry": { "type": "Polygon", "coordinates": [ [ [ -92.166545028860824, 14.731983630239528 ], [ -92.155535090263896, 14.730922480103168 ], [ -92.147494710086946, 14.719034540014672 ], [ -92.14895017008125, 14.705401050266476 ], [ -92.142998179658022, 14.69115922989592 ], [ -92.147051430271176, 14.679440259945915 ], [ -92.145873919751494, 14.66284946032841 ], [ -92.150133689666575, 14.655908179875851 ], [ -92.160438029649399, 14.650717219873837 ], [ -92.159098939869651, 14.641925309877442 ], [ -92.16826491007204, 14.640584570267206 ], [ -92.177054380225897, 14.626225629750895 ], [ -92.181219819824321, 14.61446225024528 ], [ -92.174444050228232, 14.61161926001178 ], [ -92.181841119903297, 14.591067480218342 ], [ -92.182476349738636, 14.57832947970245 ], [ -92.198249309958342, 14.564286720115478 ], [ -92.204306859588428, 14.564271849962632 ], [ -92.208094649988936, 14.559187690308931 ], [ -92.215260419952443, 14.556898350438438 ], [ -92.216541200191202, 14.5431482902603 ], [ -92.220071249851827, 14.535926860356835 ], [ -92.226751940439186, 14.53209836976643 ], [ -92.319622115327647, 14.618337910931409 ], [ -92.314584369659187, 14.630681450290924 ], [ -92.311752420276051, 14.629716050633339 ], [ -92.310155339700302, 14.636005119903754 ], [ -92.305029779901346, 14.638660569760297 ], [ -92.306621550434869, 14.642889880102505 ], [ -92.302057550111428, 14.6455735997456 ], [ -92.299301800069586, 14.656510690631869 ], [ -92.295063139845084, 14.655819350611283 ], [ -92.293690350334629, 14.661183950515063 ], [ -92.289909279769617, 14.661578969563084 ], [ -92.295508080106956, 14.66564514010463 ], [ -92.289120659646571, 14.668357819793187 ], [ -92.290218600481779, 14.678364799636045 ], [ -92.282762180094892, 14.682524230120761 ], [ -92.284784779765488, 14.688374309644232 ], [ -92.281212460138889, 14.696665679559326 ], [ -92.275052629572656, 14.704326259539631 ], [ -92.271652079825088, 14.702757260142294 ], [ -92.271427580346739, 14.708306509710892 ], [ -92.267499089911979, 14.709995659969902 ], [ -92.270308570072075, 14.718447950822561 ], [ -92.268125939814738, 14.720790249692989 ], [ -92.264579539597221, 14.716374280305462 ], [ -92.255840949763112, 14.716731449633167 ], [ -92.248494350366911, 14.699172350103991 ], [ -92.222871679989225, 14.696589369859087 ], [ -92.20229846006265, 14.713075940349338 ], [ -92.180914980064884, 14.710689480401445 ], [ -92.179135710015331, 14.72312761963612 ], [ -92.166545028860824, 14.731983630239528 ] ] ] } },
{ "type": "Feature", "properties": { "code": "07113", "stateCode": "07", "municipalityCode": "113", "name": "Aldama" }, "geometry": { "type": "Polygon", "coordinates": [ [ [ -92.69394301949535, 16.97288631078564 ], [ -92.699866450231497, 16.959249491247402 ], [ -92.696619570371013, 16.935489320166393 ], [ -92.676550649669764, 16.923011890567018 ], [ -92.660639289566859, 16.920243651316703 ], [ -92.654733659632441, 16.92870914035452 ], [ -92.651718280355112, 16.923150849746154 ], [ -92.657246620409978, 16.907592139720322 ], [ -92.666744650394591, 16.901905720111117 ], [ -92.671882509618683, 16.883996150088677 ], [ -92.687470180140636, 16.889713450409527 ], [ -92.695195630207138, 16.905264770055364 ], [ -92.717370230261622, 16.906792170138768 ], [ -92.721582779794886, 16.915994920317051 ], [ -92.704687920195511, 16.936028449700775 ], [ -92.70607419964152, 16.959973090119743 ], [ -92.716719749821038, 16.965675000179296 ], [ -92.708953850107775, 16.980510459786856 ], [ -92.69394301949535, 16.97288631078564 ] ] ] } },
{ "type": "Feature", "properties": { "code": "07115", "stateCode": "07", "municipalityCode": "115", "name": "Maravilla Tenejapa" }, "geometry": { "type": "Polygon", "coordinates": [ [ [ -91.130767829882458, 16.339119179948 ], [ -91.135380619643882, 16.327280580116049 ], [ -91.15214921992289, 16.303018920043421 ], [ -91.171970349761352, 16.319130479758456 ], [ -91.173101150381527, 16.29886666037385 ], [ -91.179907919961963, 16.273121910244491 ], [ -91.180739059716956, 16.266714619723043 ], [ -91.14970425008174, 16.262514910415412 ], [ -91.164561259778083, 16.220424459720626 ], [ -91.11603452007661, 16.172541350324725 ], [ -91.162588829853917, 16.127001820136428 ], [ -91.165848260031467, 16.074296220345264 ], [ -91.296660599635089, 16.074359250277574 ], [ -91.304792180315175, 16.107754140230995 ], [ -91.310709430310226, 16.107203379664806 ], [ -91.309271550451001, 16.108745149749772 ], [ -91.327669430123038, 16.120447370426955 ], [ -91.339770749883684, 16.115092999630605 ], [ -91.34590152024812, 16.123803430100587 ], [ -91.339911280350904, 16.125517280373757 ], [ -91.355584550110592, 16.147447630259531 ], [ -91.340420520087434, 16.167762800320837 ], [ -91.350334660068285, 16.186338379560073 ], [ -91.346444889738223, 16.194285110071867 ], [ -91.3418966503733, 16.196020139787013 ], [ -91.34071333960118, 16.202620919982827 ], [ -91.350175349605848, 16.204096149648759 ], [ -91.3683611701762, 16.200514309687978 ], [ -91.379396819641869, 16.208503379960497 ], [ -91.390775400237374, 16.227996720455163 ], [ -91.385430369711585, 16.230689769991553 ], [ -91.390035540120593, 16.245975980138269 ], [ -91.387468289938511, 16.252472619546118 ], [ -91.39004701995286, 16.259553430430529 ], [ -91.37300693955946, 16.244870620129642 ], [ -91.35730540043842, 16.290128600265781 ], [ -91.311874570313009, 16.31327468987336 ], [ -91.302257650021915, 16.314412879716123 ], [ -91.306288309703291, 16.303816030272007 ], [ -91.302067369814239, 16.288637349948043 ], [ -91.29134651036297, 16.282358179644316 ], [ -91.283038150155406, 16.302337849996096 ], [ -91.275728399730667, 16.296790169823744 ], [ -91.280804350092609, 16.275470419663218 ], [ -91.277336490265967, 16.268613250418429 ], [ -91.272990890172409, 16.272090540361425 ], [ -91.254191479861547, 16.266091820116216 ], [ -91.248708520055828, 16.267184649564268 ], [ -91.240107370406022, 16.259006250243658 ], [ -91.238858849820971, 16.295768200157653 ], [ -91.230544770277604, 16.30672265031297 ], [ -91.234345830178995, 16.328052449662483 ], [ -91.233319509644261, 16.344173629929678 ], [ -91.225093819888158, 16.335680170317602 ], [ -91.205807850399651, 16.330295000263416 ], [ -91.206827629589498, 16.32827364964891 ], [ -91.200302520045142, 16.325411829754607 ], [ -91.201328119903351, 16.322729719981798 ], [ -91.198018980368545, 16.320438510470254 ], [ -91.180279169654028, 16.327250709865204 ], [ -91.164458510086391, 16.352936980244351 ], [ -91.130767829882458, 16.339119179948 ] ] ] } },
{ "type": "Feature", "properties": { "code": "07117", "stateCode": "07", "municipalityCode": "117", "name": "Montecristo de Guerrero" }, "geometry": { "type": "Polygon", "coordinates": [ [ [ -92.572590320289763, 15.753618260047137 ], [ -92.570310429863994, 15.750317219642525 ], [ -92.576084430484286, 15.733273349630823 ], [ -92.580809819644571, 15.731603479541937 ], [ -92.577248450281289, 15.68972142041741 ], [ -92.594836119808804, 15.670286650238529 ], [ -92.589195479977235, 15.657312880205426 ], [ -92.615356820215126, 15.642947199632205 ], [ -92.617140229927216, 15.637379200021531 ], [ -92.613568029515974, 15.63338529032352 ], [ -92.630546830011554, 15.633656290320181 ], [ -92.650502379576665, 15.621192380078039 ], [ -92.651320109797297, 15.616501320431039 ], [ -92.664681450433164, 15.6124835201033 ], [ -92.666749850426356, 15.614340519747369 ], [ -92.699894769832483, 15.601890080227788 ], [ -92.738476030169863, 15.616377719700578 ], [ -92.763825740162304, 15.614951520176339 ], [ -92.761432739925823, 15.662065999612309 ], [ -92.766342050345315, 15.670160030324292 ], [ -92.746540339614285, 15.670250119779073 ], [ -92.745483580091587, 15.675772519559724 ], [ -92.73474922040468, 15.675951429787059 ], [ -92.735095150041488, 15.679023200256765 ], [ -92.724678769812144, 15.679010219543176 ], [ -92.716059769916882, 15.683037089635832 ], [ -92.708589749961661, 15.71043129033095 ], [ -92.691245889596274, 15.710176909904835 ], [ -92.691196059570942, 15.694919800036697 ], [ -92.687568460437163, 15.694536939984136 ], [ -92.676082279851101, 15.722853429799182 ], [ -92.666750830017591, 15.72480240009893 ], [ -92.659307019627306, 15.730479570254762 ], [ -92.633423660324524, 15.733463779613112 ], [ -92.618185570133292, 15.742235800317538 ], [ -92.608536780435742, 15.743470279838638 ], [ -92.610394780230223, 15.745296709948061 ], [ -92.597374090356581, 15.744705620017907 ], [ -92.583626979889303, 15.74778075012547 ], [ -92.581298450287733, 15.752870079711141 ], [ -92.572590320289763, 15.753618260047137 ] ] ] } },
{ "type": "Feature", "properties": { "code": "07118", "stateCode": "07", "municipalityCode": "118", "name": "San Andrés Duraznal" }, "geometry": { "type": "Polygon", "coordinates": [ [ [ -92.794146356807346, 17.205509802015715 ], [ -92.784385400236872, 17.1914103504078 ], [ -92.792314819737911, 17.187458719904882 ], [ -92.789181149970759, 17.183919919864046 ], [ -92.775542169858809, 17.182319450325501 ], [ -92.768555680442276, 17.177681019801426 ], [ -92.776883059885819, 17.17245923041148 ], [ -92.791237199894113, 17.171937880353212 ], [ -92.792947350297155, 17.159214660194706 ], [ -92.786661619758576, 17.149124629770693 ], [ -92.777326059588319, 17.155636889992874 ], [ -92.788708460202585, 17.135520259676557 ], [ -92.771309749693472, 17.129092740060919 ], [ -92.759016119973168, 17.129518969644735 ], [ -92.757686279719834, 17.126442819598491 ], [ -92.776412599842104, 17.117777459901468 ], [ -92.804887519228359, 17.12223095086248 ], [ -92.805689049171505, 17.127423201048337 ], [ -92.811646938789906, 17.128477939851091 ], [ -92.811475340273972, 17.122959951173907 ], [ -92.823776798752448, 17.12692185092925 ], [ -92.82840626039652, 17.122596250612794 ], [ -92.839853980448666, 17.146176549806995 ], [ -92.83086845954864, 17.151859489832454 ], [ -92.838449349657907, 17.151264479740284 ], [ -92.847052599679699, 17.156746320116333 ], [ -92.825484019903712, 17.153863820051622 ], [ -92.826455520125805, 17.161410350379722 ], [ -92.831877050256466, 17.162395540440166 ], [ -92.830793600429416, 17.164443599858338 ], [ -92.824559310407921, 17.162412509882284 ], [ -92.811502420255991, 17.181311339641546 ], [ -92.812690689786038, 17.185689220150753 ], [ -92.803563780018521, 17.193548369731879 ], [ -92.804703910422973, 17.196558309674888 ], [ -92.799026720116402, 17.202002230194552 ], [ -92.806114119799616, 17.202279519577608 ], [ -92.806324939811944, 17.205565180284953 ], [ -92.794146356807346, 17.205509802015715 ] ] ] } },
{ "type": "Feature", "properties": { "code": "07047", "stateCode": "07", "municipalityCode": "047", "name": "Jitotol" }, "geometry": { "type": "Polygon", "coordinates": [ [ [ -92.966101145273669, 17.171816775633339 ], [ -92.948400366312796, 17.15900763410221 ], [ -92.946510589410678, 17.164375824022152 ], [ -92.940291779755256, 17.160205539908628 ], [ -92.939727308705926, 17.145191520507947 ], [ -92.916823998878286, 17.136084850288977 ], [ -92.899841369302422, 17.135541850985707 ], [ -92.895516618670129, 17.146779680625553 ], [ -92.883323320048433, 17.14572419982284 ], [ -92.876104780278325, 17.148786880807254 ], [ -92.872929460361846, 17.140400291222939 ], [ -92.863333918840112, 17.139011820518039 ], [ -92.839845889251421, 17.146229749677737 ], [ -92.828406260396505, 17.122596250612744 ], [ -92.823776798752419, 17.126921850929232 ], [ -92.81147534027393, 17.122959951173961 ], [ -92.811646938789863, 17.128477939851045 ], [ -92.805689049171562, 17.12742320104838 ], [ -92.80488751922833, 17.122230950862427 ], [ -92.761876879420157, 17.115099979734246 ], [ -92.757124278681928, 17.10615426017262 ], [ -92.760308778559974, 17.092151490686582 ], [ -92.763831858985569, 17.088993720418266 ], [ -92.762268290217932, 17.080917980438365 ], [ -92.784727798598396, 17.046680711179857 ], [ -92.791108349043853, 17.048965420735616 ], [ -92.799733849908108, 17.046742540832266 ], [ -92.806979310172252, 17.053460139619556 ], [ -92.824009970350403, 17.052079281297196 ], [ -92.82549854996843, 17.049731290266159 ], [ -92.816860769026704, 17.044510180302957 ], [ -92.809707029705066, 17.022072319674038 ], [ -92.829611149691402, 17.006717939763409 ], [ -92.834816719862218, 17.015712890774164 ], [ -92.839361488644059, 17.014317511223357 ], [ -92.841020750371882, 17.017634051106782 ], [ -92.852783690032183, 17.014093920713247 ], [ -92.857833800368354, 17.020916941061706 ], [ -92.852092479494644, 17.024593019887394 ], [ -92.862347449992257, 17.029410340818497 ], [ -92.85587247915646, 17.049325000066354 ], [ -92.864227370347805, 17.056602570051517 ], [ -92.876615479615467, 17.037919910157605 ], [ -92.880280278788277, 17.039997021011057 ], [ -92.90220973926678, 17.033314941061857 ], [ -92.903559970178577, 17.026657911130489 ], [ -92.910792619852131, 17.028979290759018 ], [ -92.908951600384697, 17.035212481215986 ], [ -92.92556604966731, 17.044436090225311 ], [ -92.932283800042697, 17.055107909954025 ], [ -92.92833890970546, 17.059615020010067 ], [ -92.930769110454776, 17.061412229906313 ], [ -92.927616510123144, 17.091697980756432 ], [ -92.92955588869286, 17.100026110350345 ], [ -92.93718517033011, 17.095779420368132 ], [ -92.937725479966332, 17.089760219783848 ], [ -92.942801749348632, 17.086023350918392 ], [ -92.940377678612577, 17.083375350284633 ], [ -92.942669488642892, 17.078887820175325 ], [ -92.944906178901519, 17.080393370937426 ], [ -92.947486169710672, 17.077677019848089 ], [ -92.953911370297249, 17.058536051368325 ], [ -92.941235710088421, 17.042595770132163 ], [ -92.987152249747126, 17.055709799950755 ], [ -92.994452680159895, 17.06083205957972 ], [ -92.989403229603013, 17.06313925059801 ], [ -92.988298229748011, 17.078977950539972 ], [ -92.965177568772702, 17.085743851159297 ], [ -92.969011338568208, 17.092306280341671 ], [ -92.965850149513471, 17.093752920696062 ], [ -92.963128168724637, 17.102970351206569 ], [ -92.951766089899579, 17.104799720554304 ], [ -92.941192260296887, 17.115835449999519 ], [ -92.960914889452653, 17.126380230485822 ], [ -92.961810250279839, 17.119869350824562 ], [ -92.968618089307654, 17.121379539864652 ], [ -92.967089779761025, 17.12926411122071 ], [ -92.973259979068501, 17.13192517051381 ], [ -92.974558088997782, 17.138010969733227 ], [ -92.979021919039781, 17.137195021253511 ], [ -92.980054219544826, 17.141533890528184 ], [ -92.988000919528176, 17.142117540178898 ], [ -92.988908349942108, 17.146233520526735 ], [ -92.981665709844862, 17.162584860118312 ], [ -92.970055029542763, 17.16055180073495 ], [ -92.966101145273669, 17.171816775633339 ] ] ] } },
{ "type": "Feature", "properties": { "code": "07092", "stateCode": "07", "municipalityCode": "092", "name": "Tecpatán" }, "geometry": { "type": "Polygon", "coordinates": [ [ [ -93.428279999893661, 17.32687348028762 ], [ -93.413526380357411, 17.316360661228678 ], [ -93.40624882974501, 17.319750650010455 ], [ -93.404244418823851, 17.303090939565337 ], [ -93.382872659773994, 17.297480169654317 ], [ -93.380614980343509, 17.269530339591853 ], [ -93.376203710214071, 17.267588139770329 ], [ -93.349417980280307, 17.265744200120988 ], [ -93.337269169643747, 17.269629170116552 ], [ -93.299087249896317, 17.265474680314522 ], [ -93.301101939949817, 17.263100369818286 ], [ -93.298007109678323, 17.263099829920254 ], [ -93.288259139765373, 17.270352290027169 ], [ -93.282095879839744, 17.262951519830914 ], [ -93.28198757973901, 17.247230429575918 ], [ -93.283130550402745, 17.244701880411501 ], [ -93.292010030244853, 17.245940549848061 ], [ -93.29634264967784, 17.231796260291414 ], [ -93.286750710147047, 17.230246879997349 ], [ -93.283645709947137, 17.221308750033987 ], [ -93.275510799946431, 17.229041199557823 ], [ -93.270243970260765, 17.227624110157773 ], [ -93.262221850112979, 17.240622780079203 ], [ -93.247310830146105, 17.244712510193555 ], [ -93.244539080095507, 17.240037940010353 ], [ -93.246232799750928, 17.228533169711433 ], [ -93.250462820265085, 17.228398259575286 ], [ -93.250295169582103, 17.222109649832991 ], [ -93.264334979719649, 17.224059320096821 ], [ -93.262719649792857, 17.220352030299058 ], [ -93.266181490228803, 17.214648179664355 ], [ -93.274216940445655, 17.209715880052286 ], [ -93.277252509864539, 17.209209779950367 ], [ -93.286126539834541, 17.221389909609353 ], [ -93.296280030269614, 17.219457910427383 ], [ -93.30021123004407, 17.21524802994157 ], [ -93.299991969981377, 17.210265859783071 ], [ -93.292065690342554, 17.203621570459092 ], [ -93.287299769859345, 17.203911089833323 ], [ -93.290637079734765, 17.202375310173373 ], [ -93.278124310192638, 17.191948229829688 ], [ -93.292979260174533, 17.177596829717395 ], [ -93.293998179827909, 17.171572570152343 ], [ -93.288855820011946, 17.17129768005794 ], [ -93.288884829612286, 17.158405110242757 ], [ -93.293746549905848, 17.158594819793933 ], [ -93.298720859751555, 17.153275149892135 ], [ -93.296017489640803, 17.146175380103401 ], [ -93.298599509936764, 17.138369229919935 ], [ -93.294900259790509, 17.137529480192345 ], [ -93.296591290142402, 17.131938829946026 ], [ -93.309754319549654, 17.124010880125592 ], [ -93.30502285032054, 17.116806460015045 ], [ -93.308793370332424, 17.114068750151027 ], [ -93.311533379844121, 17.117037889718933 ], [ -93.3142244001763, 17.115472089840903 ], [ -93.321392449583328, 17.095375150205694 ], [ -93.345618170110072, 17.089520909764563 ], [ -93.349417520153253, 17.079569570023335 ], [ -93.36419914957122, 17.085374689816582 ], [ -93.368900540121786, 17.079080179556271 ], [ -93.378780909579959, 17.077066179740424 ], [ -93.380338030135306, 17.067459800104288 ], [ -93.374828169882605, 17.064840199850732 ], [ -93.376986000003157, 17.054375620362343 ], [ -93.372115369676678, 17.0537061202782 ], [ -93.367386349710088, 17.046395979901977 ], [ -93.373706849976045, 17.033200030037655 ], [ -93.372016920022844, 17.023007709696699 ], [ -93.379134109307344, 17.019750290519777 ], [ -93.378915420416988, 17.016284180554052 ], [ -93.369208859869687, 17.016212599597473 ], [ -93.372791599261788, 16.986797250633167 ], [ -93.407350090170709, 16.994980181044138 ], [ -93.415720089793311, 17.014144781123623 ], [ -93.41274489010182, 17.014062479638461 ], [ -93.413679080215516, 17.016723400053806 ], [ -93.407984510278695, 17.02338986039452 ], [ -93.408038678986202, 17.017864230131032 ], [ -93.397881199074121, 17.020506229791501 ], [ -93.398655879380399, 17.028125580061246 ], [ -93.406938230149649, 17.032908380755313 ], [ -93.411645509864158, 17.028971750448694 ], [ -93.414606169559448, 17.02995614120475 ], [ -93.414513518831981, 17.03361297961154 ], [ -93.419455488856883, 17.029643600386713 ], [ -93.430808140206608, 17.032495250770275 ], [ -93.424883718958242, 17.038557319667738 ], [ -93.423657428955565, 17.045186200042174 ], [ -93.453712059289089, 17.062754229722451 ], [ -93.474903379753897, 17.092989580140518 ], [ -93.489870549824829, 17.100586280601494 ], [ -93.510486952286371, 17.123718625672257 ], [ -93.496971083373992, 17.14906007723701 ], [ -93.489085544182245, 17.149060755722214 ], [ -93.48960631685793, 17.153516451126876 ], [ -93.482318854882081, 17.153567973931178 ], [ -93.486570953481674, 17.145107092126384 ], [ -93.478979136282163, 17.144779917871279 ], [ -93.479083530036348, 17.158043539798594 ], [ -93.470502549557793, 17.158069031872181 ], [ -93.47055284663243, 17.162497828619141 ], [ -93.466816069927432, 17.162584155229396 ], [ -93.46673755564278, 17.158095301372779 ], [ -93.463272810657188, 17.158118281620773 ], [ -93.461037103218047, 17.162710536319448 ], [ -93.462608867058876, 17.168663024047465 ], [ -93.479075555289583, 17.164797805512556 ], [ -93.491927932362557, 17.196317589619817 ], [ -93.468448692887605, 17.202467222501429 ], [ -93.463711444225254, 17.212266511894033 ], [ -93.466420576675389, 17.217782013834949 ], [ -93.47842859238267, 17.224685870514325 ], [ -93.503198061671071, 17.267042395266238 ], [ -93.497644521943528, 17.271692326145271 ], [ -93.506220938957952, 17.275756572510321 ], [ -93.499673977974908, 17.292572494424448 ], [ -93.462014781385179, 17.288035786225883 ], [ -93.461457905235022, 17.292535493908947 ], [ -93.440212732624687, 17.289645669631795 ], [ -93.438296984046133, 17.29633981489561 ], [ -93.433328249542797, 17.295855550485111 ], [ -93.428279999893661, 17.32687348028762 ] ] ] } },
{ "type": "Feature", "properties": { "code": "07018", "stateCode": "07", "municipalityCode": "018", "name": "Coapilla" }, "geometry": { "type": "Polygon", "coordinates": [ [ [ -93.143328150377471, 17.188527050223993 ], [ -93.14852604976268, 17.183527999725015 ], [ -93.126775029796974, 17.183012780405324 ], [ -93.110164579725549, 17.170320200302754 ], [ -93.120540859991323, 17.166444480081271 ], [ -93.120222780022516, 17.143303449681458 ], [ -93.115140620396133, 17.138091739999584 ], [ -93.122321709754715, 17.134456980043993 ], [ -93.111952749611319, 17.128405580293549 ], [ -93.106423709745471, 17.133216749644195 ], [ -93.088741459804126, 17.129533539642861 ], [ -93.077849149744324, 17.142068140275082 ], [ -93.055171140174025, 17.149469029732749 ], [ -93.052840150440105, 17.148822339684433 ], [ -93.054351019611161, 17.141861999609905 ], [ -93.036931520093376, 17.115358150109802 ], [ -93.046346140271211, 17.115303029648665 ], [ -93.050078659708618, 17.101646149611845 ], [ -93.046208090316142, 17.091158290133428 ], [ -93.070363539906978, 17.08112314970904 ], [ -93.066858659717994, 17.068602149625825 ], [ -93.092894820270871, 17.057811139730525 ], [ -93.093913510368708, 17.054175340243347 ], [ -93.088178200262774, 17.048635080264457 ], [ -93.091372649781249, 17.047207769715609 ], [ -93.109887339642768, 17.045871339834829 ], [ -93.114399890407853, 17.054796970040435 ], [ -93.132065120404945, 17.049808479706414 ], [ -93.133353029522794, 17.053218140402546 ], [ -93.137957250180563, 17.053146080126702 ], [ -93.140468379798392, 17.062847969992394 ], [ -93.14706202025171, 17.059991719700893 ], [ -93.148516970285968, 17.067947680086959 ], [ -93.139620509593598, 17.077825459530384 ], [ -93.146373879775666, 17.080089970032859 ], [ -93.148060739750065, 17.076230859599235 ], [ -93.157825340037775, 17.084671310021289 ], [ -93.142969909607146, 17.09551964992378 ], [ -93.163327229843205, 17.09942585026236 ], [ -93.167690939782418, 17.097240459812912 ], [ -93.166460260442761, 17.10282782998182 ], [ -93.179974980325198, 17.118004860458576 ], [ -93.209261290070344, 17.136067289889347 ], [ -93.197718770433156, 17.164465319756101 ], [ -93.197608860426968, 17.172252340182755 ], [ -93.191959799581099, 17.177421089887154 ], [ -93.192877219782119, 17.191601370093831 ], [ -93.152848740142673, 17.191318119753429 ], [ -93.143328150377471, 17.188527050223993 ] ] ] } },
{ "type": "Feature", "properties": { "code": "07059", "stateCode": "07", "municipalityCode": "059", "name": "Ocosingo" }, "geometry": { "type": "Polygon", "coordinates": [ [ [ -91.675619919576278, 17.239366519631652 ], [ -91.667888619672397, 17.229133649696799 ], [ -91.652375779759183, 17.219887290247854 ], [ -91.655163030418962, 17.211865399839741 ], [ -91.648462710040988, 17.216043620104173 ], [ -91.632427599607794, 17.206070489523107 ], [ -91.626500030220853, 17.220961850421695 ], [ -91.601099890006694, 17.224813819759838 ], [ -91.58397624956234, 17.23263480000821 ], [ -91.58608726012406, 17.224913629761815 ], [ -91.556857910182984, 17.222382450079131 ], [ -91.557452539788983, 17.213194280011795 ], [ -91.52609588031747, 17.210919920166123 ], [ -91.52968694999106, 17.198322430296102 ], [ -91.524517059679084, 17.191394450374929 ], [ -91.551568779803915, 17.165797770353183 ], [ -91.56184392017154, 17.133242999804128 ], [ -91.56019926016954, 17.129301030167223 ], [ -91.540924379613188, 17.111471259521821 ], [ -91.523916449699371, 17.125659400018236 ], [ -91.518678170337196, 17.115712780430254 ], [ -91.512375059594206, 17.120701880413264 ], [ -91.496068649591265, 17.114540420406588 ], [ -91.490515999763005, 17.109799000163417 ], [ -91.493790580258562, 17.104767230029843 ], [ -91.473674170178029, 17.092274550382538 ], [ -91.470740979836336, 17.095514179759036 ], [ -91.455467369975096, 17.082887969683767 ], [ -91.443988919834325, 17.104039379813589 ], [ -91.499513340026269, 17.131182769960045 ], [ -91.47762384956394, 17.163977800326453 ], [ -91.48546945026159, 17.168626690042391 ], [ -91.47876104982825, 17.174581420067287 ], [ -91.467658969840173, 17.165372680273414 ], [ -91.470860310150286, 17.162165780390517 ], [ -91.459372080224426, 17.141688510187343 ], [ -91.444590489958543, 17.136360770359005 ], [ -91.440442510370488, 17.146607720219322 ], [ -91.422632829797308, 17.129899979912967 ], [ -91.422722780309584, 17.126621260027818 ], [ -91.412357579798751, 17.126736739573971 ], [ -91.415018920030164, 17.114840310157025 ], [ -91.406280579854496, 17.10243362020767 ], [ -91.403507710472951, 17.083349709675041 ], [ -91.385940430141432, 17.074845550457727 ], [ -91.374775260304304, 17.105173199840419 ], [ -91.360930769734338, 17.09594885998316 ], [ -91.353817250203832, 17.13069932021077 ], [ -91.321282339999698, 17.12590118002996 ], [ -91.323332219771743, 17.108867429990575 ], [ -91.314935149526946, 17.107943060364587 ], [ -91.304859049692297, 17.112314339648549 ], [ -91.302234169605555, 17.122138769810572 ], [ -91.278450619561099, 17.114990679983961 ], [ -91.278778000435565, 17.108913850300262 ], [ -91.282251629725181, 17.106309350330946 ], [ -91.288811509898849, 17.10855093968976 ], [ -91.297764569944448, 17.098296710111452 ], [ -91.302345620256943, 17.100090480444845 ], [ -91.299983020229391, 17.094722740024686 ], [ -91.301720319858077, 17.089204460341769 ], [ -91.308863320163667, 17.087407949756329 ], [ -91.299384339993253, 17.077460419686147 ], [ -91.301754289968088, 17.067010309861626 ], [ -91.260409709621712, 17.102972140418387 ], [ -91.233368660452427, 17.100274510223102 ], [ -91.222538689749442, 17.088581449936189 ], [ -91.217088309924492, 17.075977090333446 ], [ -91.21706807967908, 17.065014719883461 ], [ -91.210307000329905, 17.053078140265885 ], [ -91.189849310386478, 17.034845149792549 ], [ -91.175735060359358, 17.016081820157133 ], [ -91.154402999935002, 17.004870049990075 ], [ -91.130943510350036, 17.006567880098938 ], [ -91.121605969970375, 17.002182710228791 ], [ -91.120049690105333, 16.977528340088568 ], [ -91.104409089651085, 16.970200649711952 ], [ -91.093201919542452, 16.951819479889977 ], [ -91.079817550136895, 16.943510260188997 ], [ -91.064480060335484, 16.925129749891571 ], [ -91.074044310219278, 16.913635659646303 ], [ -91.065627320042239, 16.902858250384931 ], [ -91.00711226014181, 16.886183509804454 ], [ -90.993873690252627, 16.877057889611798 ], [ -90.987831490164041, 16.863084949699779 ], [ -90.98229054997384, 16.865767430225961 ], [ -90.980502849934368, 16.872680459947187 ], [ -90.98634462027529, 16.891720939847577 ], [ -90.98506308969003, 16.897954079553809 ], [ -90.976075569767104, 16.902899029732954 ], [ -90.965009340182291, 16.901500019844981 ], [ -90.957303110219428, 16.896579799834182 ], [ -90.95450922001578, 16.884474170272068 ], [ -90.957696769597362, 16.878622690279432 ], [ -90.972130770232269, 16.870959090089034 ], [ -90.974054780116347, 16.863626459668392 ], [ -90.967929199576801, 16.860367600278462 ], [ -90.950046890221401, 16.865403739603313 ], [ -90.93363880038045, 16.859326490399837 ], [ -90.933888749591574, 16.842321090053169 ], [ -90.926056650384979, 16.83317075044577 ], [ -90.921765119760778, 16.821935380053482 ], [ -90.916211090002463, 16.82048239974246 ], [ -90.891992979666995, 16.8252475203128 ], [ -90.87771254020312, 16.823786220336427 ], [ -90.861305150410558, 16.811649080407651 ], [ -90.855640580348904, 16.79876059961579 ], [ -90.848784479754784, 16.796534879627007 ], [ -90.803696689749003, 16.798520259902983 ], [ -90.802809380407027, 16.776234509753785 ], [ -90.759879550383559, 16.761177880308807 ], [ -90.756845120427556, 16.751060939915497 ], [ -90.71062254957053, 16.72336651985141 ], [ -90.70739156972212, 16.716089019902586 ], [ -90.708375029948712, 16.703677199924165 ], [ -90.680632580350263, 16.687043459711813 ], [ -90.675948229793832, 16.660561490223611 ], [ -90.657339889669487, 16.638644510079278 ], [ -90.661984519577729, 16.627965880048873 ], [ -90.653357889868673, 16.594503050218158 ], [ -90.6761782537138, 16.590355150889902 ], [ -90.691604723211668, 16.604541001197269 ], [ -90.694718493238199, 16.602764121231726 ], [ -90.693578353836301, 16.583570281206761 ], [ -90.704397653483241, 16.572840061543793 ], [ -90.694367513734647, 16.563507490760241 ], [ -90.694682633248604, 16.556634221192606 ], [ -90.69018309369504, 16.548157651037204 ], [ -90.697525783253511, 16.540722551237604 ], [ -90.685214453798864, 16.52769551120242 ], [ -90.676798893607355, 16.490775171143085 ], [ -90.680986634117346, 16.487583650803415 ], [ -90.699992549635098, 16.49568805029411 ], [ -90.70678065971596, 16.491598030404706 ], [ -90.698793289704184, 16.484483750072933 ], [ -90.697846320158234, 16.468585249987861 ], [ -90.680709030001097, 16.46723288958135 ], [ -90.676519380027926, 16.463564770314171 ], [ -90.676376890438291, 16.458635200238703 ], [ -90.68112811018031, 16.455257460131882 ], [ -90.693444399997276, 16.458453290127522 ], [ -90.698900249609181, 16.446456939893217 ], [ -90.714161489866811, 16.443058060170813 ], [ -90.7170148897914, 16.435940459884133 ], [ -90.713684600407106, 16.419699579805574 ], [ -90.722584110014537, 16.413911720261179 ], [ -90.725848400075321, 16.416622860332605 ], [ -90.724126879763631, 16.424271679731845 ], [ -90.73088188031852, 16.437050820101259 ], [ -90.71932954998681, 16.449995739915156 ], [ -90.72519709010696, 16.457081000419524 ], [ -90.725034170483255, 16.462516399661812 ], [ -90.721964709603995, 16.464887540299102 ], [ -90.714224460078952, 16.463714539841305 ], [ -90.71194568981349, 16.467393109623359 ], [ -90.716546820249448, 16.473009860005078 ], [ -90.724668830376118, 16.471818880190789 ], [ -90.730276889956627, 16.468127319771561 ], [ -90.734676510501714, 16.455803139593637 ], [ -90.752733249968159, 16.436936880398825 ], [ -90.75526510987865, 16.426257740341185 ], [ -90.773862710318653, 16.418665680175316 ], [ -90.772551949885525, 16.407922249672232 ], [ -90.755509219552991, 16.39573371982226 ], [ -90.757828279838648, 16.390602769725849 ], [ -90.770605800326877, 16.388813690434063 ], [ -90.772165549907683, 16.378744050044553 ], [ -90.766024620393935, 16.374683779768436 ], [ -90.753708799956343, 16.374881289946995 ], [ -90.749411060140176, 16.370984710043075 ], [ -90.763539149912916, 16.359560319718973 ], [ -90.752276650409328, 16.344801979851404 ], [ -90.754986399718121, 16.33868114017115 ], [ -90.761840999862898, 16.338346979698137 ], [ -90.769534059821282, 16.345485059581428 ], [ -90.778243249979894, 16.346349720392407 ], [ -90.792320050306174, 16.337372350439342 ], [ -90.806556509943761, 16.342605489675801 ], [ -90.829920379964875, 16.332285340083246 ], [ -90.856802199867204, 16.336620820066404 ], [ -90.859558859990386, 16.314818019807177 ], [ -90.8729698903566, 16.308816419758841 ], [ -90.874723540169853, 16.298495719995767 ], [ -90.866537860297768, 16.263963140104668 ], [ -90.858739829569288, 16.250097779565674 ], [ -90.84759111980479, 16.244768450421809 ], [ -90.846751490342754, 16.240811079649401 ], [ -90.850487370220804, 16.237973619686862 ], [ -90.866767980226555, 16.242150850308651 ], [ -90.870128679719684, 16.236198980307528 ], [ -90.845667720069699, 16.229812919720828 ], [ -90.843362110033979, 16.222218250232284 ], [ -90.85281062997008, 16.214566020376601 ], [ -90.865635200139806, 16.214464749626497 ], [ -90.877338939555003, 16.199694580321101 ], [ -90.887543079680512, 16.201415380267584 ], [ -90.891103119867097, 16.213577219691558 ], [ -90.895858939616545, 16.216232369809013 ], [ -90.908907889564347, 16.201014510060862 ], [ -90.907182889618653, 16.197438690167814 ], [ -90.890083749834773, 16.197781769543237 ], [ -90.885178949855899, 16.195203660390149 ], [ -90.881005889757816, 16.18732882003161 ], [ -90.882855799968269, 16.178302260414316 ], [ -90.89930937007847, 16.157203369723618 ], [ -90.905007940123653, 16.142862659677913 ], [ -90.921475819771899, 16.130748750222903 ], [ -90.930401830393151, 16.113750059593837 ], [ -90.958596879888731, 16.10031234962203 ], [ -90.955478400418031, 16.098411399617497 ], [ -90.956825309888771, 16.094928139874341 ], [ -90.950668120464925, 16.080977939920853 ], [ -90.94372466012986, 16.080675709767782 ], [ -90.945050800145353, 16.076951170379779 ], [ -90.952407629556873, 16.078351230095084 ], [ -90.959943420411463, 16.07696971019309 ], [ -90.961187720398556, 16.074048860459996 ], [ -91.165848260031467, 16.074296220345264 ], [ -91.162588829853917, 16.127001820136428 ], [ -91.11603452007661, 16.172541350324725 ], [ -91.164561259778083, 16.220424459720626 ], [ -91.14970425008174, 16.262514910415412 ], [ -91.180739059716956, 16.266714619723043 ], [ -91.179907919961963, 16.273121910244491 ], [ -91.173101150381527, 16.29886666037385 ], [ -91.171970349761352, 16.319130479758456 ], [ -91.15214921992289, 16.303018920043421 ], [ -91.135380619643882, 16.327280580116049 ], [ -91.130767829882458, 16.339119179948 ], [ -91.164458510086391, 16.352936980244351 ], [ -91.180279169654028, 16.327250709865204 ], [ -91.198018980368545, 16.320438510470254 ], [ -91.201328119903351, 16.322729719981798 ], [ -91.200302520045142, 16.325411829754607 ], [ -91.206827629589498, 16.32827364964891 ], [ -91.205807850399651, 16.330295000263416 ], [ -91.225093819888158, 16.335680170317602 ], [ -91.233319509644261, 16.344173629929678 ], [ -91.234345830178995, 16.328052449662483 ], [ -91.230544770277604, 16.30672265031297 ], [ -91.238858849820971, 16.295768200157653 ], [ -91.240107370406022, 16.259006250243658 ], [ -91.248708520055828, 16.267184649564268 ], [ -91.254191479861547, 16.266091820116216 ], [ -91.272990890172409, 16.272090540361425 ], [ -91.277336490265967, 16.268613250418429 ], [ -91.280804350092609, 16.275470419663218 ], [ -91.275728399730667, 16.296790169823744 ], [ -91.283038150155406, 16.302337849996096 ], [ -91.29134651036297, 16.282358179644316 ], [ -91.302067369814239, 16.288637349948043 ], [ -91.306246489692612, 16.303127710392797 ], [ -91.300159550273676, 16.318118230372875 ], [ -91.306360650362407, 16.316208289996744 ], [ -91.319003080132646, 16.31968106044965 ], [ -91.3213427097254, 16.325016199669982 ], [ -91.32754598036955, 16.322000399714931 ], [ -91.325242279681305, 16.328051420422117 ], [ -91.329027539949109, 16.332899059973922 ], [ -91.332176650407007, 16.333261860332559 ], [ -91.331052120190648, 16.327933019721069 ], [ -91.333382259614439, 16.326961600206463 ], [ -91.341686339682937, 16.33246666034298 ], [ -91.329158540036133, 16.336847630148846 ], [ -91.331894849902028, 16.341511279850025 ], [ -91.327170980404333, 16.369692219619733 ], [ -91.330341479892766, 16.373232970423604 ], [ -91.337591089754142, 16.372574909957077 ], [ -91.330669769632991, 16.380963090300984 ], [ -91.343866549793887, 16.379927450245216 ], [ -91.335360580195811, 16.38474905983329 ], [ -91.341052290087106, 16.389758090428053 ], [ -91.335958520216465, 16.406787600092738 ], [ -91.33998617006975, 16.40706784977608 ], [ -91.34217377026151, 16.402660259718495 ], [ -91.362479219602619, 16.403197510291985 ], [ -91.389079320439393, 16.387327399738666 ], [ -91.396823059976654, 16.397242569624446 ], [ -91.401087260085134, 16.394540909643091 ], [ -91.41153151031989, 16.409114429972629 ], [ -91.421111400076057, 16.403784370300912 ], [ -91.435870690394694, 16.423539570015816 ], [ -91.420911819796729, 16.443207179607796 ], [ -91.445457119769983, 16.462378599796935 ], [ -91.433081710178854, 16.488135140263292 ], [ -91.435858740307637, 16.493918549725112 ], [ -91.442505909911148, 16.502458859765298 ], [ -91.451627340402695, 16.506591280013335 ], [ -91.455216889972093, 16.513560479604177 ], [ -91.472291510015268, 16.516312459790431 ], [ -91.481690829771281, 16.525523310158757 ], [ -91.490839089988711, 16.522007319891859 ], [ -91.486462309600086, 16.513658420245275 ], [ -91.494292969761148, 16.503069059948086 ], [ -91.49732850994306, 16.504296450117838 ], [ -91.507090230297322, 16.496729419923327 ], [ -91.533958179837398, 16.51234794960779 ], [ -91.578018980167542, 16.487220150333375 ], [ -91.584879519620955, 16.496846370063491 ], [ -91.578203950031238, 16.50925703016626 ], [ -91.58361757009942, 16.514625779675953 ], [ -91.585461550011644, 16.531448220028405 ], [ -91.592090429649744, 16.539332910191185 ], [ -91.603464369803319, 16.534114350154535 ], [ -91.610326450404131, 16.540148950407719 ], [ -91.604822850486215, 16.553390059642361 ], [ -91.618119399584444, 16.566480770315469 ], [ -91.587240650395628, 16.559979650249868 ], [ -91.551865600094843, 16.572862919767193 ], [ -91.570945349618, 16.605604260282956 ], [ -91.58874102996964, 16.59792079987043 ], [ -91.601355890289298, 16.596888120197654 ], [ -91.598961279645351, 16.618757720117738 ], [ -91.602083579630246, 16.619697140400334 ], [ -91.61895108989053, 16.601062649999399 ], [ -91.622931370427708, 16.613880459757286 ], [ -91.651446629676428, 16.615250949935085 ], [ -91.652457349778359, 16.619918710162139 ], [ -91.665627279923342, 16.623140860035775 ], [ -91.684834259992016, 16.636990879582928 ], [ -91.685029649667996, 16.647951710186771 ], [ -91.705339289693171, 16.651937219918203 ], [ -91.733266109858889, 16.675948179822111 ], [ -91.748561540155265, 16.681001620057813 ], [ -91.779089600233021, 16.702396120113814 ], [ -91.768067999697223, 16.751069179679035 ], [ -91.782375940443998, 16.751797520321496 ], [ -91.789264680001963, 16.746104169690891 ], [ -91.796990350172933, 16.747180819688609 ], [ -91.799309019774455, 16.743449939735353 ], [ -91.895222549968878, 16.750829769641328 ], [ -91.894222970377015, 16.757800569837336 ], [ -91.905141600161997, 16.761387520338467 ], [ -91.901490719955248, 16.780780090209465 ], [ -91.905394770457406, 16.781559829980804 ], [ -91.906380879643862, 16.797522859819761 ], [ -91.911989679921206, 16.800182080168973 ], [ -91.911991550202259, 16.804245170189805 ], [ -91.919609599580795, 16.802828939946895 ], [ -91.934004110241233, 16.810055509979207 ], [ -91.931950430353979, 16.81939234030618 ], [ -91.938315170035722, 16.809163570273558 ], [ -91.943245280253208, 16.812974689865055 ], [ -91.959283140170726, 16.815930749836507 ], [ -91.973654510412118, 16.813378169580233 ], [ -91.97925036960622, 16.815326200199586 ], [ -91.980930220110466, 16.804008550429312 ], [ -92.00344991960246, 16.810512199868718 ], [ -92.011869740150644, 16.821028089627916 ], [ -92.011432449627634, 16.825799690384073 ], [ -92.005847890017378, 16.827734739639077 ], [ -91.999403739835273, 16.839240519845493 ], [ -92.030186549757772, 16.851690309742644 ], [ -92.03161602006098, 16.848815659882192 ], [ -92.039007549676938, 16.8512120603094 ], [ -92.038639110199057, 16.825753630432541 ], [ -92.053739820046687, 16.821031970245222 ], [ -92.050407050360604, 16.800462969581094 ], [ -92.059789739941834, 16.795794749761903 ], [ -92.05924058031475, 16.778911030468947 ], [ -92.10156895015308, 16.760849690003916 ], [ -92.100198450062791, 16.75873734960043 ], [ -92.132222629936649, 16.747959380123838 ], [ -92.133481860167592, 16.753379090115434 ], [ -92.130067680271793, 16.754164059689352 ], [ -92.13338357971233, 16.7679687099082 ], [ -92.148988250136611, 16.774183909652443 ], [ -92.147798830095311, 16.779103519920426 ], [ -92.155703689901245, 16.784933719993241 ], [ -92.167768050157932, 16.771963720333627 ], [ -92.179757380150477, 16.777039139760113 ], [ -92.172762030225527, 16.785842419670768 ], [ -92.166803910251758, 16.787089179841669 ], [ -92.174538510039824, 16.793357710787209 ], [ -92.192205919695596, 16.794667169946891 ], [ -92.193135379945858, 16.78498054057188 ], [ -92.200344250204495, 16.788681950599788 ], [ -92.242744309262051, 16.794819059858387 ], [ -92.233846310114615, 16.80533943083131 ], [ -92.237300019015763, 16.823387820493849 ], [ -92.251399949840561, 16.829892259600584 ], [ -92.258349999519808, 16.8441623502179 ], [ -92.276315739723017, 16.866604720158911 ], [ -92.303436449554141, 16.884901509665216 ], [ -92.301411779870236, 16.890448350316593 ], [ -92.293487260173606, 16.894704340072543 ], [ -92.296783289753606, 16.900757480083197 ], [ -92.31493988972197, 16.905685570035974 ], [ -92.352522459596983, 16.900312580203479 ], [ -92.34302955028933, 16.916798659866298 ], [ -92.344106120237498, 16.923831719636588 ], [ -92.339417970488569, 16.932236379725975 ], [ -92.327471479860804, 16.932915969920092 ], [ -92.313474170144019, 16.938507679970247 ], [ -92.30994788971185, 16.948769950100953 ], [ -92.321188030334795, 16.949561800215307 ], [ -92.316802089140495, 16.953453370965992 ], [ -92.308881418624409, 16.955196481127572 ], [ -92.303960828808854, 16.953778260746876 ], [ -92.304294548617094, 16.950602430550159 ], [ -92.295085418736093, 16.953025600885777 ], [ -92.294923819250542, 16.945635520945633 ], [ -92.273543659234306, 16.943400881116496 ], [ -92.268244089543614, 16.93673283104507 ], [ -92.259877089795452, 16.946330579897083 ], [ -92.224455719411893, 16.947353401004239 ], [ -92.206358519440442, 16.981978750582957 ], [ -92.206179449340055, 16.987551830836548 ], [ -92.210567679092264, 16.992247371101538 ], [ -92.205137939108212, 16.999028650583433 ], [ -92.194466458857107, 16.994859181139137 ], [ -92.185244448985458, 16.998203000674181 ], [ -92.181215048782434, 16.988607221268431 ], [ -92.17403325869499, 16.990961710893551 ], [ -92.155739889161751, 16.980548950761364 ], [ -92.154668798685762, 16.970705260531457 ], [ -92.127516688973074, 16.961757340554062 ], [ -92.106274829389832, 16.973838820428462 ], [ -92.076238149314321, 16.974231021087128 ], [ -92.070872179410159, 16.987644661152867 ], [ -92.056559419328323, 16.980078650644177 ], [ -91.972338048876182, 16.984536861198443 ], [ -91.954189829194448, 16.987636770735225 ], [ -91.938911579007481, 17.005259180615198 ], [ -91.920838279336877, 17.007120320521327 ], [ -91.917105979437878, 17.006640540482962 ], [ -91.919599679481664, 16.999389399722673 ], [ -91.879656888968597, 16.996913801234971 ], [ -91.803685338892052, 17.037850490784379 ], [ -91.793091418647194, 17.035157431117021 ], [ -91.787342619756075, 17.043052881098532 ], [ -91.781489519301445, 17.044345510820591 ], [ -91.761388539055588, 17.087970920666891 ], [ -91.753111678808921, 17.089496850452417 ], [ -91.74369990915396, 17.107151860521405 ], [ -91.737045909436119, 17.099731170932845 ], [ -91.721560488560627, 17.097676630905223 ], [ -91.713861999010433, 17.093512371272013 ], [ -91.703291259040199, 17.096047030713805 ], [ -91.700478109414647, 17.104174081020282 ], [ -91.753194968651329, 17.124319400370286 ], [ -91.751418708573112, 17.138192110486113 ], [ -91.745559908733782, 17.144526081243445 ], [ -91.738903119226663, 17.148261061084408 ], [ -91.717002139679423, 17.137248020162975 ], [ -91.698120319076438, 17.135677400412401 ], [ -91.69243873907169, 17.146130030675074 ], [ -91.682281548706243, 17.15054486117738 ], [ -91.679390288571895, 17.158687231115564 ], [ -91.680244058605993, 17.170742430863626 ], [ -91.647873918575996, 17.172270370862051 ], [ -91.649404978901018, 17.204059421031658 ], [ -91.653466149322455, 17.207214580770067 ], [ -91.664259319391363, 17.197128280668213 ], [ -91.686283138592444, 17.201956380705681 ], [ -91.674582419579934, 17.19143947983596 ], [ -91.677388738542945, 17.186066080965894 ], [ -91.685368289905426, 17.186584619814116 ], [ -91.692302658562099, 17.170203510700809 ], [ -91.699447739001542, 17.168511860593821 ], [ -91.705692049056907, 17.171740080389014 ], [ -91.711961569421561, 17.165858691317982 ], [ -91.719029978546999, 17.169875220885348 ], [ -91.718165888684837, 17.164646120874266 ], [ -91.726927148638296, 17.167622540518593 ], [ -91.735427619026609, 17.160231850398905 ], [ -91.725652169316959, 17.181451141086534 ], [ -91.725556748893098, 17.187297600522172 ], [ -91.734592318704813, 17.205163260564927 ], [ -91.728527459344349, 17.210183780750782 ], [ -91.706791749848435, 17.2148952302902 ], [ -91.708055600414895, 17.222983050202235 ], [ -91.695835649907721, 17.226980549998057 ], [ -91.686986710112151, 17.238387599965563 ], [ -91.675619919576278, 17.239366519631652 ] ] ] } },
{ "type": "Feature", "properties": { "code": "07061", "stateCode": "07", "municipalityCode": "061", "name": "Ocozocoautla de Espinosa" }, "geometry": { "type": "Polygon", "coordinates": [ [ [ -93.689386054145189, 17.157138795743101 ], [ -93.687711385260272, 17.152875057116727 ], [ -93.665658910375413, 17.154173579831035 ], [ -93.659212246563015, 17.143547456428525 ], [ -93.637205515071003, 17.140017106878592 ], [ -93.631932919825118, 17.143417180479972 ], [ -93.634152958115266, 17.139347451091091 ], [ -93.632197538863764, 17.136483692724418 ], [ -93.631815209801687, 17.139518771975304 ], [ -93.626598273186531, 17.137885112571432 ], [ -93.628441349811681, 17.139703501359481 ], [ -93.62491442919827, 17.14011151607248 ], [ -93.630443102066138, 17.141052122898117 ], [ -93.629144616903901, 17.143711499874335 ], [ -93.623797452914076, 17.140899442260991 ], [ -93.619815229301693, 17.142777272009113 ], [ -93.621336600429359, 17.137062260135167 ], [ -93.615002518816794, 17.139789179630135 ], [ -93.614649474881887, 17.135799265569705 ], [ -93.614249244860432, 17.138770702731659 ], [ -93.612773339715972, 17.139401294928966 ], [ -93.613135553145128, 17.136519108285626 ], [ -93.60911261051875, 17.136515111534681 ], [ -93.610428540724058, 17.133732762066543 ], [ -93.605402843995165, 17.134406239998427 ], [ -93.60470922938481, 17.129797599134001 ], [ -93.600776537977964, 17.134009620456172 ], [ -93.594254785968943, 17.128627110011212 ], [ -93.59095692085728, 17.129948017252566 ], [ -93.594834732871831, 17.127066867669839 ], [ -93.592692679606998, 17.122966712476668 ], [ -93.592386627917975, 17.126307304574492 ], [ -93.58554031180752, 17.127471830386817 ], [ -93.564158572709303, 17.117946096453203 ], [ -93.560245808554754, 17.108626436098412 ], [ -93.55626926503929, 17.113273569018173 ], [ -93.554688512541844, 17.109906847014283 ], [ -93.552851462988727, 17.114448755840161 ], [ -93.549739078320727, 17.109117578748627 ], [ -93.535753456861187, 17.112350777594962 ], [ -93.510486952286371, 17.123718625672257 ], [ -93.489870549824829, 17.100586280601494 ], [ -93.474903379753897, 17.092989580140518 ], [ -93.453712059289089, 17.062754229722451 ], [ -93.423657428955565, 17.045186200042174 ], [ -93.424883718958242, 17.038557319667738 ], [ -93.430808140206608, 17.032495250770275 ], [ -93.419455488856883, 17.029643600386713 ], [ -93.414513518831981, 17.03361297961154 ], [ -93.414606169559448, 17.02995614120475 ], [ -93.411645509864158, 17.028971750448694 ], [ -93.406938230149649, 17.032908380755313 ], [ -93.401419598631875, 17.031460570940503 ], [ -93.397881199074121, 17.020506229791501 ], [ -93.408038678986202, 17.017864230131032 ], [ -93.407984510278695, 17.02338986039452 ], [ -93.415671579512221, 17.010457200241021 ], [ -93.407350090170709, 16.994980181044138 ], [ -93.386031199421794, 16.989705280078443 ], [ -93.388430860099334, 16.981757090229156 ], [ -93.397952539255186, 16.979257860436444 ], [ -93.398510419590437, 16.973024280713439 ], [ -93.394098979298903, 16.967264660453591 ], [ -93.380501649776264, 16.964979320599728 ], [ -93.371920768541941, 16.952332741145501 ], [ -93.377985289922577, 16.947927310414773 ], [ -93.372939319642995, 16.942361820536167 ], [ -93.3708454194269, 16.932826720411715 ], [ -93.381742538683881, 16.924319450425088 ], [ -93.374741169892346, 16.913824290578095 ], [ -93.388063708592213, 16.906151049987688 ], [ -93.388311489865842, 16.901681891227266 ], [ -93.394392430153033, 16.904506061124639 ], [ -93.430705649808374, 16.901916950018045 ], [ -93.430676108815035, 16.892035079642383 ], [ -93.422984379951714, 16.885960420277272 ], [ -93.414567079385733, 16.886223680345061 ], [ -93.414685019531035, 16.896860060397408 ], [ -93.399719199354976, 16.896988079799076 ], [ -93.405433399362437, 16.862728629936868 ], [ -93.398298519963831, 16.862189480854131 ], [ -93.390142950422842, 16.852074050442479 ], [ -93.390662919835378, 16.84868760039269 ], [ -93.369049948953673, 16.813605311069924 ], [ -93.373838778653294, 16.79766945112889 ], [ -93.377116658931627, 16.796429510635047 ], [ -93.375708320208531, 16.793602980697223 ], [ -93.36853471004089, 16.787970200357847 ], [ -93.363084949059058, 16.792188480865462 ], [ -93.326345660269382, 16.796435570465761 ], [ -93.319010229987398, 16.79163833956795 ], [ -93.309876750335263, 16.782595571028974 ], [ -93.311792060144654, 16.77770916961483 ], [ -93.313974649881558, 16.778977599800864 ], [ -93.314364088653917, 16.765928620354259 ], [ -93.32345264910154, 16.75815660044179 ], [ -93.318485829275062, 16.748883769629856 ], [ -93.314428079303696, 16.74740146071516 ], [ -93.312049969942365, 16.751308250040946 ], [ -93.311538800419697, 16.748901619936586 ], [ -93.316961459070086, 16.744914260253822 ], [ -93.318276419500549, 16.72827799974662 ], [ -93.295220748726308, 16.720229170122195 ], [ -93.275134918583746, 16.717053051204285 ], [ -93.270048948846394, 16.730914230963627 ], [ -93.272566118875076, 16.735050019581749 ], [ -93.255326399246371, 16.729974599510697 ], [ -93.255866029983522, 16.738899091247411 ], [ -93.24958902038972, 16.738897150959964 ], [ -93.246646628681134, 16.746632450720757 ], [ -93.225128028693121, 16.744406819850681 ], [ -93.237927029891921, 16.730256599818659 ], [ -93.244699549930729, 16.730901940989337 ], [ -93.247620049319451, 16.721116949909675 ], [ -93.240610829705318, 16.719744430994869 ], [ -93.244259849773897, 16.698709510989811 ], [ -93.231137029552201, 16.690431891240472 ], [ -93.233580780381871, 16.673329890321227 ], [ -93.240976080443801, 16.676574479685094 ], [ -93.235919428832176, 16.663592310890557 ], [ -93.186826179625868, 16.606431339635058 ], [ -93.187326549044798, 16.598576460161304 ], [ -93.194059319280711, 16.598222180248428 ], [ -93.200091078727382, 16.581612290238496 ], [ -93.22243111868336, 16.569269769839536 ], [ -93.22768734905101, 16.569487651221042 ], [ -93.222938169135773, 16.566083680157107 ], [ -93.22459102965172, 16.562149261142814 ], [ -93.228787249874188, 16.563044171044517 ], [ -93.229234369659437, 16.556187749592969 ], [ -93.241710769470401, 16.566798259614092 ], [ -93.24747955024057, 16.555719850563605 ], [ -93.255633918870657, 16.567434650935382 ], [ -93.252964779151597, 16.584634450370206 ], [ -93.272050260293909, 16.584737750959846 ], [ -93.290890580363353, 16.574576139664078 ], [ -93.297357829726451, 16.574988719737433 ], [ -93.278355079114931, 16.517565821008063 ], [ -93.281927150193027, 16.518595321095702 ], [ -93.280484448641701, 16.511514180010398 ], [ -93.290465319466435, 16.498169740220696 ], [ -93.29215211994277, 16.502698920718363 ], [ -93.323685370021295, 16.493639910078407 ], [ -93.394271979737738, 16.50077332009775 ], [ -93.425259220204453, 16.495908229828739 ], [ -93.432801749025103, 16.488945971258737 ], [ -93.449970029578424, 16.484038800423807 ], [ -93.45834516937272, 16.476171249581473 ], [ -93.468660739513567, 16.474184171293597 ], [ -93.463210418878006, 16.453278601124179 ], [ -93.465098479898415, 16.452121480836656 ], [ -93.458961459489956, 16.437469709594534 ], [ -93.463929949206189, 16.435669709625419 ], [ -93.467138309619955, 16.428925279877291 ], [ -93.473046819135817, 16.431822919699385 ], [ -93.474080139035607, 16.45187731110104 ], [ -93.489225818987677, 16.459889970981845 ], [ -93.497411490351183, 16.452133750338817 ], [ -93.499774020311762, 16.453043940021779 ], [ -93.499731999309645, 16.462456479664151 ], [ -93.510926339671286, 16.462195020055123 ], [ -93.525921460066129, 16.46961629004878 ], [ -93.526986179313923, 16.496111370914274 ], [ -93.520620690398317, 16.488232859999179 ], [ -93.51796497996564, 16.521561049622203 ], [ -93.525308368688727, 16.532337000576817 ], [ -93.51716462953118, 16.53089643097546 ], [ -93.49439627919962, 16.542347431151505 ], [ -93.487194688953451, 16.559295660481375 ], [ -93.49603473882901, 16.561488999600648 ], [ -93.4914990193964, 16.572090030916289 ], [ -93.494863578649685, 16.57673015069658 ], [ -93.490476478981435, 16.576782940945144 ], [ -93.490888650386339, 16.589472430595109 ], [ -93.482537310122069, 16.605212140342491 ], [ -93.512386628774124, 16.630476739941454 ], [ -93.515082909958409, 16.62870363125089 ], [ -93.518965078876818, 16.63374765987065 ], [ -93.514517449519929, 16.640471120139274 ], [ -93.522794800088235, 16.645220220122887 ], [ -93.525860150221078, 16.650793091282662 ], [ -93.534447140439752, 16.646514519626326 ], [ -93.534729510115, 16.653221430321473 ], [ -93.528995089704651, 16.655916460991143 ], [ -93.528307140166461, 16.670818349872615 ], [ -93.549477059219853, 16.673694940811856 ], [ -93.550384509776578, 16.679026181125877 ], [ -93.563764969325334, 16.686635139569521 ], [ -93.560568399324779, 16.688953380134013 ], [ -93.557887949607604, 16.702853480495097 ], [ -93.549787118816027, 16.707026149869922 ], [ -93.543298079713111, 16.715558970755854 ], [ -93.541784079760603, 16.726636819789821 ], [ -93.54557817036175, 16.724287649837375 ], [ -93.544773450192906, 16.728298860747461 ], [ -93.537884569603094, 16.72780879962675 ], [ -93.531212849030638, 16.738174710138932 ], [ -93.532260649262355, 16.741773969675954 ], [ -93.528372338673776, 16.741973001166329 ], [ -93.529836539791091, 16.747694019725024 ], [ -93.525261139961728, 16.762449940870628 ], [ -93.530748659720274, 16.764899289664356 ], [ -93.542001630406105, 16.778576619781322 ], [ -93.540220149255916, 16.794968400872893 ], [ -93.537354798793544, 16.796757380952943 ], [ -93.539491489490018, 16.801798909646973 ], [ -93.52841191889199, 16.808967569917737 ], [ -93.529116749868123, 16.819114861174871 ], [ -93.532913179947499, 16.820759849854959 ], [ -93.529122229507777, 16.826933660813804 ], [ -93.531475579530635, 16.83323836960583 ], [ -93.541009599687058, 16.831093020904682 ], [ -93.53949032009065, 16.840606351180163 ], [ -93.543777319795453, 16.8440140310271 ], [ -93.544912349256805, 16.850175549646274 ], [ -93.551567749940219, 16.852382150437524 ], [ -93.561979659051914, 16.850177520870218 ], [ -93.566207089031479, 16.853281600615315 ], [ -93.569881108991666, 16.861613120040275 ], [ -93.574138369857536, 16.861749660085685 ], [ -93.579059970367666, 16.869142289586396 ], [ -93.585272828771096, 16.869777600439974 ], [ -93.598353910244356, 16.891006080967522 ], [ -93.604868968868431, 16.892350079883183 ], [ -93.607024028991958, 16.897180290619755 ], [ -93.635071600184489, 16.907391140197518 ], [ -93.637341089205037, 16.904311689770992 ], [ -93.641672520405223, 16.905699260640439 ], [ -93.642148579823356, 16.89991818052107 ], [ -93.646561618993701, 16.910956491074913 ], [ -93.651126489685112, 16.906530861100986 ], [ -93.654296290278154, 16.908323601109927 ], [ -93.656770718630085, 16.918039650995368 ], [ -93.654603259569868, 16.922069000761081 ], [ -93.660726479329156, 16.92837882955601 ], [ -93.665339919293899, 16.92448070979054 ], [ -93.671631198805585, 16.933890570562355 ], [ -93.673520508989853, 16.927693230689975 ], [ -93.677700119853938, 16.937029460259321 ], [ -93.6884245100578, 16.930343509937337 ], [ -93.691659079666636, 16.932445829553181 ], [ -93.697443630385393, 16.929206000898116 ], [ -93.696844940179645, 16.935411780785014 ], [ -93.700223059455709, 16.935974450314376 ], [ -93.704651889088041, 16.945326650886194 ], [ -93.715279739083925, 16.941076490082875 ], [ -93.71479881872591, 16.949666719859724 ], [ -93.724671770367593, 16.952134350448134 ], [ -93.732157719199947, 16.940121260964389 ], [ -93.73657536986029, 16.952729450199463 ], [ -93.743615478570348, 16.956384520867289 ], [ -93.74384107985729, 16.965001630106496 ], [ -93.747564138915067, 16.966647740746719 ], [ -93.746343380215194, 16.970955140763699 ], [ -93.752980018786943, 16.979770659715975 ], [ -93.754685879448644, 16.981240999868223 ], [ -93.758564369649406, 16.977098349952474 ], [ -93.766060569983878, 16.98101217083541 ], [ -93.759695340355677, 16.988788019664973 ], [ -93.768849690266961, 16.998464289693974 ], [ -93.773432800187848, 17.009457180770248 ], [ -93.783616770096586, 17.014290140888011 ], [ -93.787366748736289, 17.021614340488181 ], [ -93.796757750036591, 17.025687399723655 ], [ -93.805487659904827, 17.024463490353693 ], [ -93.815546679283429, 17.037066690958451 ], [ -93.827438250223139, 17.043677829687702 ], [ -93.835979908580143, 17.053300171248654 ], [ -93.858322048880453, 17.06232469098396 ], [ -93.866114059388394, 17.061951650143541 ], [ -93.861837539991029, 17.108516460776784 ], [ -93.853817228723116, 17.106566310295811 ], [ -93.842155479684081, 17.117447850155752 ], [ -93.835752180262546, 17.115193880767908 ], [ -93.832364889023353, 17.119679149619447 ], [ -93.839702284320751, 17.12083203528962 ], [ -93.82910238983024, 17.124639693300722 ], [ -93.824318037225282, 17.112157464511995 ], [ -93.820419730484772, 17.114851890456027 ], [ -93.817909939642419, 17.11206035185058 ], [ -93.819522189072288, 17.108280698498568 ], [ -93.821455002288999, 17.110347779145929 ], [ -93.819713597072337, 17.107230406399708 ], [ -93.81288202919967, 17.114604951954998 ], [ -93.774101703108016, 17.090283398061917 ], [ -93.76073013707078, 17.101355508167899 ], [ -93.748932168260509, 17.094724144107307 ], [ -93.753139257140845, 17.08806331371019 ], [ -93.736063089288209, 17.076275984478219 ], [ -93.729304982531445, 17.09205624579392 ], [ -93.713894321787308, 17.088311983394295 ], [ -93.71139157737106, 17.095910391109875 ], [ -93.69697094798687, 17.093345833769273 ], [ -93.683693205631585, 17.126060138649194 ], [ -93.693464268612288, 17.128861327624747 ], [ -93.685023808797595, 17.144203544748912 ], [ -93.691442125399178, 17.144963645239219 ], [ -93.692999226854667, 17.149305413579775 ], [ -93.699025600217681, 17.144229108241529 ], [ -93.699878929924822, 17.147699336281807 ], [ -93.695670015105065, 17.152366069144119 ], [ -93.691067857874245, 17.151602376138761 ], [ -93.689386054145189, 17.157138795743101 ] ] ] } },
{ "type": "Feature", "properties": { "code": "07064", "stateCode": "07", "municipalityCode": "064", "name": "Oxchuc" }, "geometry": { "type": "Polygon", "coordinates": [ [ [ -92.313729660333436, 16.905534019832043 ], [ -92.296783289753606, 16.900757480083197 ], [ -92.293487260173606, 16.894704340072543 ], [ -92.301411779870236, 16.890448350316593 ], [ -92.303436449554141, 16.884901509665216 ], [ -92.276315739723017, 16.866604720158911 ], [ -92.258349999519808, 16.8441623502179 ], [ -92.251399949840561, 16.829892259600584 ], [ -92.237300019015763, 16.823387820493849 ], [ -92.233846310114615, 16.80533943083131 ], [ -92.242744309262051, 16.794819059858387 ], [ -92.200344250204495, 16.788681950599788 ], [ -92.193135379945858, 16.78498054057188 ], [ -92.192205919695596, 16.794667169946891 ], [ -92.177941628930654, 16.79445023076952 ], [ -92.167104429482023, 16.789368720426456 ], [ -92.167116489612283, 16.786604910508348 ], [ -92.172762030225527, 16.785842419670768 ], [ -92.173988939771448, 16.781706429631022 ], [ -92.180045340425139, 16.779027050175067 ], [ -92.169620030099153, 16.771971520399472 ], [ -92.155703689901245, 16.784933719993241 ], [ -92.147798830095311, 16.779103519920426 ], [ -92.148988250136611, 16.774183909652443 ], [ -92.13338357971233, 16.7679687099082 ], [ -92.130069749942933, 16.753707310401609 ], [ -92.133573280084292, 16.752837079918944 ], [ -92.126921459589823, 16.742569369574888 ], [ -92.10562868989102, 16.723252750073634 ], [ -92.068660620378552, 16.70479681975716 ], [ -92.074277090133904, 16.699417179602097 ], [ -92.120540289924122, 16.693847259938526 ], [ -92.1315595100926, 16.693752340297486 ], [ -92.138010049843643, 16.700266480262563 ], [ -92.142065909885602, 16.697980450093205 ], [ -92.141360780218179, 16.692363339620044 ], [ -92.145268650381325, 16.692129249771611 ], [ -92.153839000202652, 16.700403380383431 ], [ -92.158125829587476, 16.697968490063371 ], [ -92.1654957698196, 16.700300919713893 ], [ -92.171234169705173, 16.697109969854512 ], [ -92.17654577992711, 16.698631450152753 ], [ -92.177499599626003, 16.696064199890717 ], [ -92.220455799710948, 16.697075800904255 ], [ -92.220725619148112, 16.689304050735274 ], [ -92.254305949849936, 16.688390549874189 ], [ -92.259906198788741, 16.703405379997303 ], [ -92.288191520258763, 16.708440969670594 ], [ -92.307242430326127, 16.715991139595719 ], [ -92.336033999621947, 16.745680910240065 ], [ -92.37126485965851, 16.752067320005811 ], [ -92.378220780120813, 16.750449509755338 ], [ -92.375714459925831, 16.755401400368406 ], [ -92.383453259941987, 16.748215430346455 ], [ -92.395702850343838, 16.748306429604845 ], [ -92.400585939748026, 16.762114249969468 ], [ -92.408113709756563, 16.769921310390046 ], [ -92.377958890106925, 16.779479650286103 ], [ -92.367573200262768, 16.810302919662259 ], [ -92.426070320330368, 16.819585249877008 ], [ -92.43855607954778, 16.820016139842529 ], [ -92.440082540390961, 16.817721150371067 ], [ -92.445691399931263, 16.823371199605766 ], [ -92.443970939849137, 16.836478150670388 ], [ -92.452697459477548, 16.840549511221251 ], [ -92.456157318819322, 16.852422510382688 ], [ -92.450929550357728, 16.867751480375954 ], [ -92.4455990496064, 16.86906453964847 ], [ -92.434423429947032, 16.866155080198421 ], [ -92.437428890356827, 16.863594459648763 ], [ -92.42168397042775, 16.857768520450485 ], [ -92.386950479645591, 16.851337109525222 ], [ -92.362719119963458, 16.8545236599414 ], [ -92.356312419606013, 16.857828340100092 ], [ -92.338700820408448, 16.885865350247286 ], [ -92.33670866040795, 16.89688529035427 ], [ -92.352078169830705, 16.900607289735749 ], [ -92.313729660333436, 16.905534019832043 ] ] ] } },
{ "type": "Feature", "properties": { "code": "07066", "stateCode": "07", "municipalityCode": "066", "name": "Pantelhó" }, "geometry": { "type": "Polygon", "coordinates": [ [ [ -92.445356820341374, 17.133221280009803 ], [ -92.402962310164597, 17.106068289811724 ], [ -92.383199150074702, 17.100187089569893 ], [ -92.380747338714158, 17.096414180410456 ], [ -92.391531750004404, 17.072579999976096 ], [ -92.409756950307482, 17.059740489601282 ], [ -92.407759749580109, 17.047824200292986 ], [ -92.404443310162662, 17.046245750216588 ], [ -92.399842950041474, 17.034294820156223 ], [ -92.418380970369284, 17.026842800195762 ], [ -92.407978380244501, 17.010017939957162 ], [ -92.447433169626521, 16.977029820668406 ], [ -92.493318000132334, 16.96863971056295 ], [ -92.49834078000238, 16.995492090072609 ], [ -92.496662200003627, 17.002954030867404 ], [ -92.507859649793389, 17.00365792001444 ], [ -92.516237980470109, 17.015883689862523 ], [ -92.507471599891289, 17.016883570133672 ], [ -92.503556020377033, 17.030602451224162 ], [ -92.51442733961494, 17.029289651077445 ], [ -92.501311579957104, 17.049234510166311 ], [ -92.513892750385693, 17.059205680924858 ], [ -92.543707920029348, 17.072460950356227 ], [ -92.543337750096114, 17.077319349665125 ], [ -92.561864400124577, 17.096067910189308 ], [ -92.56162509018634, 17.102619979596813 ], [ -92.565310109768774, 17.105032909704871 ], [ -92.562590619663325, 17.107564340284558 ], [ -92.557703910391567, 17.104464419658342 ], [ -92.557243600111903, 17.107758630411631 ], [ -92.564017219952021, 17.109906550039319 ], [ -92.564822939560287, 17.115969549683012 ], [ -92.547248719940995, 17.110876550194774 ], [ -92.553717629683433, 17.106546890014904 ], [ -92.544237550071742, 17.107416250453639 ], [ -92.541999080266748, 17.111744049764084 ], [ -92.54400681962737, 17.115010940068768 ], [ -92.540415280021861, 17.115463340149461 ], [ -92.5341228495232, 17.132728580139943 ], [ -92.521557370193648, 17.1316230598344 ], [ -92.519805880211578, 17.105624180143447 ], [ -92.523220170016302, 17.101847429810057 ], [ -92.530132520450977, 17.10232816984016 ], [ -92.528612829735664, 17.098991199793772 ], [ -92.532635569851635, 17.092985080027265 ], [ -92.526136420402565, 17.086685349755662 ], [ -92.530860649538766, 17.081686719902699 ], [ -92.528912549697623, 17.077551570082424 ], [ -92.515132199648662, 17.068790120426936 ], [ -92.508293449880256, 17.073696509598484 ], [ -92.509942549960741, 17.088541649739067 ], [ -92.500901509564741, 17.090544509846577 ], [ -92.498147689721677, 17.103527199684063 ], [ -92.494052279645558, 17.107328310163247 ], [ -92.491775139973484, 17.117123119815286 ], [ -92.497421429828677, 17.128046889753101 ], [ -92.492282059519624, 17.127874020363329 ], [ -92.48671531994566, 17.132527490392583 ], [ -92.445356820341374, 17.133221280009803 ] ] ] } },
{ "type": "Feature", "properties": { "code": "07071", "stateCode": "07", "municipalityCode": "071", "name": "Villa Comaltitlán" }, "geometry": { "type": "Polygon", "coordinates": [ [ [ -92.567055419014295, 15.340435970200684 ], [ -92.557139740013582, 15.325657420416185 ], [ -92.508740339712375, 15.321274950129919 ], [ -92.510632319199175, 15.306734080018501 ], [ -92.517376419452361, 15.305016370944077 ], [ -92.522542028894918, 15.308177649646666 ], [ -92.524426658787817, 15.305494860321549 ], [ -92.524688599943332, 15.293155029770297 ], [ -92.528575770325858, 15.286989580636668 ], [ -92.500028520184983, 15.285329820134198 ], [ -92.497344480032297, 15.276868821012529 ], [ -92.490232799889228, 15.274568349607522 ], [ -92.47725899961253, 15.262048419556848 ], [ -92.485332319587698, 15.256584600339101 ], [ -92.49826873967173, 15.261432820304941 ], [ -92.50982679961777, 15.254094979745574 ], [ -92.497484860329649, 15.244705970309205 ], [ -92.515108740335535, 15.240333800359023 ], [ -92.514227709520114, 15.235402060364049 ], [ -92.521776659717872, 15.228405579766852 ], [ -92.521878580272585, 15.22382524981623 ], [ -92.516030770227601, 15.224730179596069 ], [ -92.515262369896035, 15.222393259867378 ], [ -92.52017505960859, 15.189426910341428 ], [ -92.54351671984837, 15.174349400429607 ], [ -92.539972029843511, 15.163730779862108 ], [ -92.532221370130316, 15.158050490239921 ], [ -92.516057940057166, 15.15750018005556 ], [ -92.524963059999223, 15.144681449864009 ], [ -92.527249319605815, 15.146346090274657 ], [ -92.54849852008455, 15.115285349705886 ], [ -92.583717570201685, 15.12336764964043 ], [ -92.584349140384589, 15.118453709754617 ], [ -92.60589634027879, 15.119872000412977 ], [ -92.607509350374215, 15.10668809029506 ], [ -92.610614120000676, 15.102858250422537 ], [ -92.614129780116187, 15.103472549703094 ], [ -92.615252000003679, 15.09910093986689 ], [ -92.611676619576656, 15.097801139828695 ], [ -92.614035780310743, 15.09061154005291 ], [ -92.606369970038571, 15.086511309673254 ], [ -92.611388950133289, 15.077727170283085 ], [ -92.605578710388187, 15.073721649655415 ], [ -92.610548909917938, 15.069547000199746 ], [ -92.618001549885122, 15.074183580061302 ], [ -92.623742459750545, 15.067266970053506 ], [ -92.614838090140168, 15.067476919921804 ], [ -92.615587650224086, 15.052651649656461 ], [ -92.645526289803911, 15.046618969681864 ], [ -92.660849279783406, 15.048620279681831 ], [ -92.665847019524747, 15.044863290228221 ], [ -92.66593170998955, 15.020235739756469 ], [ -92.673508139625937, 15.018256479961551 ], [ -92.679006109903142, 15.021664540317772 ], [ -92.680385050360087, 15.010420549886524 ], [ -92.674651019914307, 15.005545539711168 ], [ -92.680700580164014, 15.001356260089262 ], [ -92.689344369712728, 15.010480459587191 ], [ -92.686484220260709, 15.014626200041446 ], [ -92.691736629972553, 15.019701000286739 ], [ -92.699652369856508, 15.019599250155514 ], [ -92.700115179694762, 15.01321651000619 ], [ -92.703321740168377, 15.01646278018222 ], [ -92.705955659723472, 15.01486684968431 ], [ -92.709937549929094, 15.023801339687544 ], [ -92.71038945958054, 15.021453170352702 ], [ -92.717775489811828, 15.028577539850009 ], [ -92.765164569917829, 15.113917510322649 ], [ -92.755812200255306, 15.111898109621595 ], [ -92.756915089863213, 15.121362399683029 ], [ -92.753408430114249, 15.129214710387705 ], [ -92.758402320468477, 15.133082479685976 ], [ -92.741384509637186, 15.151419489832859 ], [ -92.72172680029216, 15.127874719911933 ], [ -92.710540779769246, 15.140779280120269 ], [ -92.716074419621819, 15.144598149831255 ], [ -92.710474550255697, 15.151329829797326 ], [ -92.71685639959297, 15.154045749919103 ], [ -92.70262046032866, 15.156813750344364 ], [ -92.696676940193811, 15.165551249935174 ], [ -92.690678350023362, 15.165074379565489 ], [ -92.688482709872204, 15.169509630373209 ], [ -92.680560170187107, 15.173139649771974 ], [ -92.662751769889041, 15.202639800117812 ], [ -92.650328310289225, 15.200486249831496 ], [ -92.646509349874776, 15.213514310320576 ], [ -92.639091150430957, 15.210863860086711 ], [ -92.641495569787907, 15.21514262983316 ], [ -92.637823339124864, 15.222213940494859 ], [ -92.634875629182318, 15.223358141068678 ], [ -92.617520429178256, 15.214777319898667 ], [ -92.606871149832159, 15.233266921189511 ], [ -92.609360798972062, 15.23266135101982 ], [ -92.610941850039367, 15.236937750260935 ], [ -92.615443430146343, 15.235601550438282 ], [ -92.613927659832441, 15.241767980865477 ], [ -92.592675248979859, 15.250537090425215 ], [ -92.596529738985183, 15.258770451159618 ], [ -92.585836600360778, 15.259423740810746 ], [ -92.590435599424396, 15.273143541105064 ], [ -92.587175919020197, 15.300774819700157 ], [ -92.578963569553608, 15.298272739595275 ], [ -92.576908648700339, 15.303989230846163 ], [ -92.603341769470447, 15.305894879999435 ], [ -92.59699594960469, 15.313804749747723 ], [ -92.596604889004453, 15.321563569524352 ], [ -92.586285939311423, 15.33254700012515 ], [ -92.567055419014295, 15.340435970200684 ] ] ] } },
{ "type": "Feature", "properties": { "code": "07078", "stateCode": "07", "municipalityCode": "078", "name": "San Cristóbal de las Casas" }, "geometry": { "type": "MultiPolygon", "coordinates": [ [ [ [ -92.339810540322972, 16.578042229917145 ], [ -92.354929829543821, 16.55084582977624 ], [ -92.343717199140357, 16.5397858195339 ], [ -92.360688319005277, 16.544453110155331 ], [ -92.368273478656548, 16.551739110005251 ], [ -92.385518799455156, 16.552306089733758 ], [ -92.376136319317595, 16.570712720090238 ], [ -92.372939999968068, 16.57014088987064 ], [ -92.375289919828973, 16.586978739933315 ], [ -92.361822539877537, 16.60047184961164 ], [ -92.339810540322972, 16.578042229917145 ] ] ], [ [ [ -92.581370229781484, 16.758404510310456 ], [ -92.580192199595345, 16.749544369656768 ], [ -92.559534739566004, 16.740576249800629 ], [ -92.547014620371229, 16.736187570407655 ], [ -92.53923045006438, 16.740517630257841 ], [ -92.533606630039614, 16.738813280446923 ], [ -92.526835279645965, 16.748366149992531 ], [ -92.535138780151854, 16.753412460359584 ], [ -92.536723770221329, 16.776543119658829 ], [ -92.513238429814024, 16.774279370367235 ], [ -92.511367370259876, 16.768630860232463 ], [ -92.516121830147029, 16.763613749854549 ], [ -92.517021259698794, 16.754525999549994 ], [ -92.510689229885941, 16.749526249676975 ], [ -92.514892820243119, 16.74164812001807 ], [ -92.511682019758766, 16.730732179896805 ], [ -92.516311510410148, 16.707394060316179 ], [ -92.511641450360116, 16.698519489669973 ], [ -92.50786445961279, 16.697354089578347 ], [ -92.516734829883987, 16.696525739844425 ], [ -92.515332339642441, 16.67824563009804 ], [ -92.493015940190972, 16.678505430316044 ], [ -92.492964380459838, 16.672680850046806 ], [ -92.485043890448338, 16.676007680100387 ], [ -92.470410289957826, 16.674553570019985 ], [ -92.446871249600122, 16.678363260295139 ], [ -92.451690119661194, 16.668617980198562 ], [ -92.445940229644293, 16.66998878011626 ], [ -92.43458879991087, 16.665207650074123 ], [ -92.43464691978285, 16.671549849601142 ], [ -92.418412119965652, 16.66092056998535 ], [ -92.417658489829833, 16.65205112043213 ], [ -92.412995199723625, 16.647166829671907 ], [ -92.416152819838203, 16.645018910401287 ], [ -92.433424290172567, 16.651969880047421 ], [ -92.43755062038386, 16.651153229743628 ], [ -92.440101319670219, 16.645549180293514 ], [ -92.437323370370251, 16.639445979762243 ], [ -92.449882950373549, 16.643896890415839 ], [ -92.469002599995491, 16.641992550183577 ], [ -92.472426230426294, 16.638522170467468 ], [ -92.496963479744039, 16.63248497994385 ], [ -92.504668339598069, 16.637275230303381 ], [ -92.517297519552216, 16.637232110102193 ], [ -92.514843180268883, 16.649013970073788 ], [ -92.52750017040006, 16.649141539785454 ], [ -92.523920289713786, 16.637832050098293 ], [ -92.528963739941901, 16.63614702044061 ], [ -92.523836890049566, 16.627864090071842 ], [ -92.534812830304645, 16.627886630208806 ], [ -92.540010909569631, 16.616786509840335 ], [ -92.59667217993065, 16.643571890020823 ], [ -92.596603419707534, 16.635724620372422 ], [ -92.591349400376984, 16.634246940002363 ], [ -92.582855949567005, 16.6238378296826 ], [ -92.589433920387577, 16.614566720062392 ], [ -92.594978909518062, 16.620949880397927 ], [ -92.602882999580672, 16.605640340286506 ], [ -92.582974479768708, 16.59623729008408 ], [ -92.576268260074499, 16.577430970015911 ], [ -92.586650539648744, 16.579215829716627 ], [ -92.593100429894506, 16.590759749630035 ], [ -92.616402510185694, 16.578478860080967 ], [ -92.631553999713276, 16.581859179835448 ], [ -92.647069880416566, 16.591078029796371 ], [ -92.640220829809564, 16.602751220118893 ], [ -92.661438549686636, 16.60911554030055 ], [ -92.665102229587021, 16.624208290270406 ], [ -92.688965570398906, 16.625786249863051 ], [ -92.709975629853346, 16.61657077975849 ], [ -92.705955179795694, 16.6249448797162 ], [ -92.712791850037419, 16.628099199901104 ], [ -92.71085188025971, 16.644323969906122 ], [ -92.704121480247835, 16.649960279880634 ], [ -92.712638889897676, 16.660305549905853 ], [ -92.708694449974487, 16.672777779548415 ], [ -92.715901249725505, 16.677154340117241 ], [ -92.713737769587553, 16.688371549804049 ], [ -92.709867719751756, 16.688542090434794 ], [ -92.707725399967131, 16.697776029754976 ], [ -92.71744112005824, 16.707843739713923 ], [ -92.719901220089568, 16.714686879823155 ], [ -92.713516539672014, 16.721188140203505 ], [ -92.72028061990224, 16.722618909798683 ], [ -92.688607049606304, 16.744569749590955 ], [ -92.683160850418531, 16.754041629636241 ], [ -92.692576149732048, 16.755989580268093 ], [ -92.692035599624774, 16.76282799955716 ], [ -92.680452200185485, 16.761076860605435 ], [ -92.678425679872248, 16.764153459887925 ], [ -92.669958338731902, 16.760303480406783 ], [ -92.665977400372952, 16.766070680216178 ], [ -92.64631420022917, 16.769455250194522 ], [ -92.64125222991008, 16.76367129042297 ], [ -92.631714199556214, 16.764961050154767 ], [ -92.629061540097567, 16.760176750198045 ], [ -92.625050800034899, 16.761119450105156 ], [ -92.618627180483884, 16.764560549651616 ], [ -92.617103679627192, 16.770236710375926 ], [ -92.598029180315621, 16.789772320208666 ], [ -92.581370229781484, 16.758404510310456 ] ] ] ] } },
{ "type": "Feature", "properties": { "code": "07032", "stateCode": "07", "municipalityCode": "032", "name": "Escuintla" }, "geometry": { "type": "Polygon", "coordinates": [ [ [ -92.510900181628173, 15.482012187134819 ], [ -92.495675369242448, 15.458696999650396 ], [ -92.486959800357482, 15.459366630876902 ], [ -92.484647459718275, 15.438798201087716 ], [ -92.429122489835152, 15.423108479704927 ], [ -92.433844000268934, 15.408142740618995 ], [ -92.433754460160188, 15.386899691228486 ], [ -92.437753450034933, 15.386898200169261 ], [ -92.436508888892021, 15.383811550455793 ], [ -92.4438183386996, 15.378567320686708 ], [ -92.444294229741757, 15.365823910227737 ], [ -92.43665050991406, 15.3620120498818 ], [ -92.454654350287015, 15.361316049764147 ], [ -92.454676399595854, 15.356760750665956 ], [ -92.463548539992019, 15.347926311176451 ], [ -92.465036120048225, 15.336957571129895 ], [ -92.471067890045276, 15.336984721081706 ], [ -92.47144587958438, 15.344445020886043 ], [ -92.481704199404618, 15.33920356972631 ], [ -92.481053709320349, 15.331737680739945 ], [ -92.459354709011421, 15.328746430114196 ], [ -92.462366569534169, 15.301497799856364 ], [ -92.455087079756765, 15.298459120266703 ], [ -92.455673260092439, 15.289964680048183 ], [ -92.463728940193306, 15.285826450886114 ], [ -92.472691109916653, 15.28632913999062 ], [ -92.476122029885673, 15.280254739730895 ], [ -92.483081548909951, 15.283232179696327 ], [ -92.486283780117944, 15.27927864989487 ], [ -92.477129799859583, 15.268743250284714 ], [ -92.478646629411301, 15.26700926022286 ], [ -92.472237918942298, 15.264094280483818 ], [ -92.465959219554591, 15.265880291041448 ], [ -92.462583679153113, 15.259638661203825 ], [ -92.468770600216899, 15.25632901989159 ], [ -92.479223139095183, 15.263166511067876 ], [ -92.490232799889228, 15.274568349607522 ], [ -92.497344480032297, 15.276868821012529 ], [ -92.500028520184983, 15.285329820134198 ], [ -92.528276059973706, 15.286538979937154 ], [ -92.528766620392261, 15.289862549732282 ], [ -92.524688599943332, 15.293155029770297 ], [ -92.524426658787817, 15.305494860321549 ], [ -92.522542028894918, 15.308177649646666 ], [ -92.517376419452361, 15.305016370944077 ], [ -92.510632319199175, 15.306734080018501 ], [ -92.508740339712375, 15.321274950129919 ], [ -92.557139740013582, 15.325657420416185 ], [ -92.56732321989513, 15.34072518032138 ], [ -92.586285939311423, 15.33254700012515 ], [ -92.596604889004453, 15.321563569524352 ], [ -92.59699594960469, 15.313804749747723 ], [ -92.603341769470447, 15.305894879999435 ], [ -92.576908648700339, 15.303989230846163 ], [ -92.578963569553608, 15.298272739595275 ], [ -92.587175919020197, 15.300774819700157 ], [ -92.590435599424396, 15.273143541105064 ], [ -92.585836600360778, 15.259423740810746 ], [ -92.596529738985183, 15.258770451159618 ], [ -92.592675248979859, 15.250537090425215 ], [ -92.613927659832441, 15.241767980865477 ], [ -92.615443430146343, 15.235601550438282 ], [ -92.610941850039367, 15.236937750260935 ], [ -92.609360798972062, 15.23266135101982 ], [ -92.606871149832159, 15.233266921189511 ], [ -92.617520429178256, 15.214777319898667 ], [ -92.634875629182318, 15.223358141068678 ], [ -92.641495569787907, 15.21514262983316 ], [ -92.650374018849774, 15.22477779947849 ], [ -92.639020910067046, 15.23658269093762 ], [ -92.646619349919035, 15.242361480198889 ], [ -92.643406509479831, 15.245184351187493 ], [ -92.637378799375398, 15.242529180466752 ], [ -92.633975349846764, 15.253503060690999 ], [ -92.626944449662361, 15.260092111043399 ], [ -92.661628169404992, 15.285975490570371 ], [ -92.671840830079034, 15.276907721228326 ], [ -92.680617630129149, 15.27871743001489 ], [ -92.683285918917534, 15.28180671111066 ], [ -92.671886109788446, 15.293131950486755 ], [ -92.681243749625324, 15.30470161972594 ], [ -92.687787199296778, 15.304918350604959 ], [ -92.69268202869624, 15.301111510102093 ], [ -92.700114918923347, 15.301887860765996 ], [ -92.706603749280674, 15.30700074033507 ], [ -92.709301688584333, 15.30174442100607 ], [ -92.719716308638525, 15.311936110910043 ], [ -92.72182275013003, 15.307970620225372 ], [ -92.714773488705077, 15.303090280927668 ], [ -92.72462242899519, 15.295858120009614 ], [ -92.737136649649898, 15.305194351136732 ], [ -92.723284689050956, 15.311107351081864 ], [ -92.713167020299963, 15.327574709974693 ], [ -92.704818979860548, 15.322509860287335 ], [ -92.699240798858924, 15.326417680795156 ], [ -92.688874819281764, 15.318830280364336 ], [ -92.652750339332798, 15.332417510068419 ], [ -92.661526259388964, 15.348224201079619 ], [ -92.649284739091812, 15.352453820451755 ], [ -92.654937969115196, 15.362234819525487 ], [ -92.647189849547772, 15.377590489794548 ], [ -92.640325719560934, 15.375008050836447 ], [ -92.645675519957734, 15.360358630928628 ], [ -92.640059969640603, 15.359107950537867 ], [ -92.639769819521362, 15.356352421123708 ], [ -92.629891889184606, 15.377532480180626 ], [ -92.627325139969201, 15.376310050836157 ], [ -92.614124320209569, 15.404425880951775 ], [ -92.630328878844225, 15.404298889920828 ], [ -92.633513279132075, 15.411108689727936 ], [ -92.627534488942288, 15.425829319539092 ], [ -92.606652289233395, 15.454764370354223 ], [ -92.565824980461059, 15.45433497984056 ], [ -92.571495119775065, 15.46845088056642 ], [ -92.57071679902343, 15.479626050007955 ], [ -92.552266200357565, 15.475198020223289 ], [ -92.557454832571395, 15.487327043790307 ], [ -92.533195974010582, 15.487182176653439 ], [ -92.510900181628173, 15.482012187134819 ] ] ] } },
{ "type": "Feature", "properties": { "code": "07125", "stateCode": "07", "municipalityCode": "125", "name": "Honduras de la Sierra" }, "geometry": { "type": "Polygon", "coordinates": [ [ [ -92.395008945256279, 15.675907466624661 ], [ -92.385227503043225, 15.672440970800485 ], [ -92.385552273752637, 15.666724111741377 ], [ -92.390059922548375, 15.66094211171219 ], [ -92.400671819952933, 15.66189982731253 ], [ -92.408618696734507, 15.657923544077887 ], [ -92.40736514612594, 15.650944672775532 ], [ -92.409579808131937, 15.650083000286884 ], [ -92.405787418569744, 15.648974048877049 ], [ -92.41025640000386, 15.646951427298561 ], [ -92.406501462591635, 15.644314495046496 ], [ -92.417312404105431, 15.637313918974453 ], [ -92.421865540902175, 15.627838961845839 ], [ -92.399507813781156, 15.59857242912684 ], [ -92.409528799610257, 15.598617291416355 ], [ -92.407761290321915, 15.591424777147765 ], [ -92.382862749375903, 15.546020870033793 ], [ -92.377093141614822, 15.542474615516255 ], [ -92.363625886610919, 15.541444646985429 ], [ -92.371979611339228, 15.531332581916324 ], [ -92.364685127887796, 15.526991597741034 ], [ -92.365727321706487, 15.516453523224918 ], [ -92.380321483934878, 15.502283496722542 ], [ -92.393992724837872, 15.511877761038198 ], [ -92.416823085995077, 15.509809341353201 ], [ -92.418094557690623, 15.50612865015785 ], [ -92.460656528708867, 15.50519846503737 ], [ -92.45615806805047, 15.489687518387319 ], [ -92.473720756687925, 15.489729994950556 ], [ -92.503804387293172, 15.471146490431524 ], [ -92.510835976919736, 15.482659614003463 ], [ -92.5330389996181, 15.500086450175679 ], [ -92.539182865345012, 15.510639830997297 ], [ -92.534074963410362, 15.52912147786831 ], [ -92.550900054387526, 15.542307470301948 ], [ -92.552498233841746, 15.570274654571454 ], [ -92.541885888736331, 15.601150212596592 ], [ -92.538757919976518, 15.600102221097194 ], [ -92.526890850325159, 15.615370180137504 ], [ -92.520659859673557, 15.614716689923764 ], [ -92.521079430267676, 15.621069090226444 ], [ -92.511409740302838, 15.624571379587325 ], [ -92.512395088179019, 15.62935052412786 ], [ -92.497616461622613, 15.644383738869195 ], [ -92.494627490250664, 15.645565350435291 ], [ -92.481427280140124, 15.637608169690877 ], [ -92.464644519961965, 15.656062110259109 ], [ -92.466918635816228, 15.659936432222283 ], [ -92.464762308865815, 15.662730591109025 ], [ -92.453676179734686, 15.662392349709211 ], [ -92.444234910264058, 15.654023940241979 ], [ -92.431685941898948, 15.656278602483685 ], [ -92.408400814456982, 15.673473016656148 ], [ -92.395008945256279, 15.675907466624661 ] ] ] } },
{ "type": "Feature", "properties": { "code": "07035", "stateCode": "07", "municipalityCode": "035", "name": "Frontera Hidalgo" }, "geometry": { "type": "Polygon", "coordinates": [ [ [ -92.189540796941827, 14.809355326230834 ], [ -92.181054660382017, 14.801104850185421 ], [ -92.177994109891983, 14.805024379794204 ], [ -92.160725849649296, 14.773496539603453 ], [ -92.161855419605359, 14.762024779683736 ], [ -92.171133320190862, 14.757604309983906 ], [ -92.17180670962756, 14.752745169553471 ], [ -92.169930600433872, 14.743749660386245 ], [ -92.157837249438785, 14.736367060281466 ], [ -92.155535090263896, 14.730922480103168 ], [ -92.169461739694952, 14.732289249751252 ], [ -92.179135710015331, 14.72312761963612 ], [ -92.180914980064884, 14.710689480401445 ], [ -92.20229846006265, 14.713075940349338 ], [ -92.222871679989225, 14.696589369859087 ], [ -92.248494350366911, 14.699172350103991 ], [ -92.255840949763112, 14.716731449633167 ], [ -92.264579539597221, 14.716374280305462 ], [ -92.268125939814738, 14.720790249692989 ], [ -92.264704490374385, 14.726687380428793 ], [ -92.265798919657115, 14.731358679790537 ], [ -92.262145370432549, 14.734261820292851 ], [ -92.265775320249816, 14.73702689016563 ], [ -92.260769629550907, 14.746578290344099 ], [ -92.264083058732595, 14.749656939677827 ], [ -92.266905379935707, 14.748051980261829 ], [ -92.264850050017273, 14.751340420555742 ], [ -92.261718550286673, 14.750778260443584 ], [ -92.26133648961337, 14.756921600515687 ], [ -92.264343650058336, 14.757066420349018 ], [ -92.259887510364848, 14.760529430328889 ], [ -92.264808290405469, 14.765487120405313 ], [ -92.260768740112198, 14.76912138006662 ], [ -92.264161740087431, 14.775832000708911 ], [ -92.262042599841294, 14.778342369897592 ], [ -92.248862309208292, 14.777485569898397 ], [ -92.248016979484547, 14.784856779521663 ], [ -92.242737709431495, 14.784286050224178 ], [ -92.243094819179817, 14.769175659542976 ], [ -92.248848550113763, 14.762664061131975 ], [ -92.240462859042182, 14.758675061136664 ], [ -92.23202051954803, 14.768511140490116 ], [ -92.235841540166604, 14.771758939880529 ], [ -92.23224450999831, 14.780924400603011 ], [ -92.229215459800912, 14.783085340932578 ], [ -92.225512369276188, 14.780567219859337 ], [ -92.2244554503541, 14.788709859624921 ], [ -92.22769880038372, 14.792881620579932 ], [ -92.22553160016075, 14.795557800897564 ], [ -92.229686218771917, 14.798769950666053 ], [ -92.225884309530599, 14.805086119725535 ], [ -92.219546538667259, 14.808052260107116 ], [ -92.217085650253566, 14.802831230309064 ], [ -92.218722398615654, 14.797738820318806 ], [ -92.212707879843293, 14.795744280248442 ], [ -92.213637480428403, 14.791934720241143 ], [ -92.210243429943958, 14.790878350308217 ], [ -92.203857349926011, 14.797476050192374 ], [ -92.193754060137366, 14.796713970379683 ], [ -92.189540796941827, 14.809355326230834 ] ] ] } },
{ "type": "Feature", "properties": { "code": "07062", "stateCode": "07", "municipalityCode": "062", "name": "Ostuacán" }, "geometry": { "type": "Polygon", "coordinates": [ [ [ -93.41630888010657, 17.598046050196164 ], [ -93.408009779615966, 17.576259290034272 ], [ -93.394420378564348, 17.563926581086029 ], [ -93.383674848586693, 17.563915600252564 ], [ -93.383490909311888, 17.555695880251132 ], [ -93.366186719864814, 17.537873859722048 ], [ -93.36833245948506, 17.530978540768633 ], [ -93.361351150153496, 17.528688619774034 ], [ -93.360984029754093, 17.522250971195021 ], [ -93.365958909217824, 17.525138861115988 ], [ -93.369814219979403, 17.518226650539884 ], [ -93.375290429875236, 17.520303051026016 ], [ -93.379206949098574, 17.514050489631177 ], [ -93.371330349789787, 17.509915139941217 ], [ -93.371893309783871, 17.501203740040637 ], [ -93.332253678690023, 17.500790519563221 ], [ -93.327945688928722, 17.506024020574699 ], [ -93.322332579660824, 17.501605429637944 ], [ -93.314570349950088, 17.50681231997638 ], [ -93.310035000009407, 17.500173510231441 ], [ -93.290017119155323, 17.495549830776827 ], [ -93.286419878761762, 17.464066540861303 ], [ -93.27159956870662, 17.459780149516707 ], [ -93.260816138972558, 17.452356521204997 ], [ -93.264128139802921, 17.425709429870508 ], [ -93.259658488557676, 17.421156981235889 ], [ -93.254575600036176, 17.423719309944342 ], [ -93.25755765036854, 17.406449480643321 ], [ -93.249941369134234, 17.406725220534248 ], [ -93.248896680051374, 17.366133309561373 ], [ -93.264999850071263, 17.359965890615051 ], [ -93.271578880151878, 17.352561651365789 ], [ -93.296806089349587, 17.353742230903855 ], [ -93.322535578964363, 17.350758570216001 ], [ -93.333760060237168, 17.331415601312578 ], [ -93.345378138671251, 17.331475599688449 ], [ -93.384197420308368, 17.318756830338092 ], [ -93.382804859288839, 17.297907880679606 ], [ -93.386419379851318, 17.296651290347548 ], [ -93.392160949953066, 17.301467630943812 ], [ -93.404244418823851, 17.303090939565337 ], [ -93.40624882974501, 17.319750650010455 ], [ -93.413526380357411, 17.316360661228678 ], [ -93.428279999893661, 17.32687348028762 ], [ -93.433878628730611, 17.295662459593807 ], [ -93.451237628298941, 17.298645267006357 ], [ -93.449907670489324, 17.308524976572741 ], [ -93.459147458527852, 17.309931661544933 ], [ -93.457209268500506, 17.329043379755522 ], [ -93.476651285340211, 17.331199498562608 ], [ -93.473905813395461, 17.337897572501188 ], [ -93.482676483571026, 17.339220025845421 ], [ -93.486648892156296, 17.336392261840796 ], [ -93.485185258484094, 17.332155448366226 ], [ -93.498958097173016, 17.333766170792501 ], [ -93.495577689864632, 17.349837219337605 ], [ -93.500460995111581, 17.355693221080866 ], [ -93.499402322025446, 17.35872907530792 ], [ -93.495438192834058, 17.35805381967922 ], [ -93.494775758370281, 17.353831583969022 ], [ -93.495323717630896, 17.36640879041105 ], [ -93.497857819982855, 17.368813081056992 ], [ -93.492048687615579, 17.374200330241759 ], [ -93.496893727332605, 17.373754724787055 ], [ -93.501064932085626, 17.386210139517626 ], [ -93.510076506315613, 17.385767450592919 ], [ -93.517471186850287, 17.39270176700995 ], [ -93.525570913659209, 17.393126839743388 ], [ -93.526911137377184, 17.396602550961322 ], [ -93.531173846610073, 17.394679521102727 ], [ -93.528825622791118, 17.384664547969912 ], [ -93.539154495367995, 17.382865969795386 ], [ -93.541083430113773, 17.388199917588295 ], [ -93.547241529745563, 17.383701619066343 ], [ -93.554131722840438, 17.388198404156068 ], [ -93.511011550370483, 17.448369371165452 ], [ -93.51163298029519, 17.459543850584765 ], [ -93.506933509956895, 17.469724569757251 ], [ -93.509883120413249, 17.473730280796001 ], [ -93.506041419906509, 17.477491200888199 ], [ -93.514901859066924, 17.490237691055942 ], [ -93.509166829882005, 17.490481050616697 ], [ -93.508589019070783, 17.496086580826727 ], [ -93.50501539989753, 17.495421320092781 ], [ -93.507558199555902, 17.501404050911415 ], [ -93.502521279746489, 17.499522580062077 ], [ -93.498806919162092, 17.522249460637873 ], [ -93.495616828613223, 17.522728970211606 ], [ -93.485081509564452, 17.548481570068112 ], [ -93.472975249938372, 17.553493679591227 ], [ -93.458649538772804, 17.54561418003572 ], [ -93.452398909901817, 17.545980689833609 ], [ -93.446355540347653, 17.585465980932856 ], [ -93.424962858756217, 17.587951020142075 ], [ -93.42048990868166, 17.590047941185521 ], [ -93.41630888010657, 17.598046050196164 ] ] ] } },
{ "type": "Feature", "properties": { "code": "07037", "stateCode": "07", "municipalityCode": "037", "name": "Huehuetán" }, "geometry": { "type": "Polygon", "coordinates": [ [ [ -92.376187369973337, 15.103771910191364 ], [ -92.364868169642179, 15.109910349862854 ], [ -92.36511925958051, 15.106740280963944 ], [ -92.332924419796996, 15.104599600651369 ], [ -92.333101079917014, 15.088016939735535 ], [ -92.324802629887358, 15.087926880306869 ], [ -92.325217219715995, 15.081401080706396 ], [ -92.317712380229054, 15.076786679601232 ], [ -92.320171400330835, 15.072594430266477 ], [ -92.323636079773692, 15.072604799633 ], [ -92.327224539780389, 15.052387119906848 ], [ -92.338229250058063, 15.055528260003182 ], [ -92.340045249959005, 15.058087940380965 ], [ -92.337145859616513, 15.061724379713507 ], [ -92.343493910067195, 15.064879880349082 ], [ -92.343151229702059, 15.04701411101918 ], [ -92.339600830221528, 15.046505371165876 ], [ -92.339193230065476, 15.042920260603955 ], [ -92.352700370465641, 15.039437179764771 ], [ -92.364992920272584, 15.044650780110945 ], [ -92.365872550218157, 15.036982800262118 ], [ -92.375120539728456, 15.038039319557708 ], [ -92.375814049854753, 15.032513290676285 ], [ -92.364054109600644, 15.031171029669798 ], [ -92.359909619487183, 15.035855060880898 ], [ -92.35437123032051, 15.035230489818824 ], [ -92.348845279945493, 15.039421770594448 ], [ -92.332476720391085, 15.035892510862398 ], [ -92.332937910103695, 15.029664381145645 ], [ -92.336063709797372, 15.027493449815386 ], [ -92.322910319884201, 15.026003279814756 ], [ -92.322524709643773, 15.029007981161543 ], [ -92.315309029812141, 15.014764350312419 ], [ -92.319993780180951, 15.005901031262701 ], [ -92.31259425988118, 15.00082734994667 ], [ -92.312872080109955, 14.997201661142388 ], [ -92.306488479900153, 14.996742619609243 ], [ -92.30145388037046, 14.990984920655135 ], [ -92.301770799852719, 14.982979260014494 ], [ -92.314015769733061, 14.979534251127175 ], [ -92.307154860011906, 14.973481369836554 ], [ -92.31692737998651, 14.96743840045011 ], [ -92.316579200235353, 14.963053970179173 ], [ -92.325063449881526, 14.965101080254335 ], [ -92.333046340053016, 14.959735490237177 ], [ -92.346742850071394, 14.963559711330117 ], [ -92.348575919908257, 14.955466120302026 ], [ -92.363077939539181, 14.957690170676686 ], [ -92.363704890041021, 14.94783129044272 ], [ -92.371628019884923, 14.94419163076909 ], [ -92.37394085981893, 14.9502113511532 ], [ -92.380072880182723, 14.949002820562221 ], [ -92.376328180343592, 14.952568379803056 ], [ -92.379541308639588, 14.954891738885726 ], [ -92.38682776908496, 14.948991351845532 ], [ -92.386710620130543, 14.944344860287266 ], [ -92.397785950025039, 14.943445319782594 ], [ -92.405099689901476, 14.944218911083535 ], [ -92.40423994000534, 14.951982719863452 ], [ -92.414795120261402, 14.952536351283324 ], [ -92.413075370290414, 14.95681997126565 ], [ -92.415690780146946, 14.961576710506218 ], [ -92.430327449524896, 14.953364750399476 ], [ -92.435876689973725, 14.959471600179125 ], [ -92.467906260194837, 14.932299280046394 ], [ -92.478825879622804, 14.951385280247749 ], [ -92.477475890323348, 14.956020430090245 ], [ -92.479238400023306, 14.957280309788148 ], [ -92.486121579898352, 14.94965905975482 ], [ -92.494667050415856, 14.965994830060207 ], [ -92.498583969987067, 14.965306770068736 ], [ -92.504884799892324, 14.956619229812716 ], [ -92.503674550046753, 14.949427110241565 ], [ -92.506216449873065, 14.947979370342383 ], [ -92.510564890178472, 14.950419340441693 ], [ -92.512254260260249, 14.95927839976947 ], [ -92.529219880249116, 14.96435308035368 ], [ -92.536257970329785, 14.961207090328191 ], [ -92.539308819680613, 14.954276430090374 ], [ -92.563454279815204, 14.956052459715513 ], [ -92.556732819883834, 14.992265829924991 ], [ -92.559935060352103, 15.000248349608755 ], [ -92.539750220096465, 15.020789379578531 ], [ -92.513954110361368, 15.039033400109204 ], [ -92.506942740024414, 15.037236049888046 ], [ -92.496125940226548, 15.054565350161058 ], [ -92.477453449808351, 15.049453679973233 ], [ -92.471453630340406, 15.062699430007653 ], [ -92.465358350001026, 15.061221149675751 ], [ -92.452919520131147, 15.048155979559011 ], [ -92.451682679950764, 15.052153029580962 ], [ -92.454856890333431, 15.054690919898183 ], [ -92.452145659994258, 15.056211490188325 ], [ -92.442890940219556, 15.054276750209844 ], [ -92.445662769586932, 15.051273449974236 ], [ -92.440564019933944, 15.050881139585989 ], [ -92.4385322898151, 15.046966419815311 ], [ -92.414395230319258, 15.076431200118586 ], [ -92.408048090144987, 15.066297779876994 ], [ -92.397501059764124, 15.075187260182489 ], [ -92.382007179986985, 15.073750350044053 ], [ -92.381820920020232, 15.084105619559566 ], [ -92.366133719694545, 15.081764859880812 ], [ -92.36477688972991, 15.097517890390421 ], [ -92.371605080160407, 15.09806320038253 ], [ -92.372624180066495, 15.0925581997693 ], [ -92.37793781959715, 15.091131920248349 ], [ -92.376187369973337, 15.103771910191364 ] ] ] } },
{ "type": "Feature", "properties": { "code": "07068", "stateCode": "07", "municipalityCode": "068", "name": "Pichucalco" }, "geometry": { "type": "Polygon", "coordinates": [ [ [ -93.041888200034151, 17.686882600033233 ], [ -93.0379030498394, 17.680657079792301 ], [ -93.041815970319732, 17.680677919680246 ], [ -93.04040145002385, 17.674681050243752 ], [ -93.044429919557686, 17.673406249607609 ], [ -93.040769689662113, 17.667358480171458 ], [ -93.045143999754174, 17.66709537972373 ], [ -93.044149089595933, 17.620045950132205 ], [ -93.040525339946996, 17.609828150306903 ], [ -93.031574350407851, 17.599366290391853 ], [ -93.016874509883579, 17.59312274018944 ], [ -93.010753879827533, 17.58059718005925 ], [ -93.004432540271992, 17.57949540015796 ], [ -93.007693979746051, 17.561331319718324 ], [ -93.002398309520913, 17.54018342025045 ], [ -93.004669059888784, 17.531332429725072 ], [ -93.012323509787933, 17.529964829616898 ], [ -93.017269179868038, 17.533682460344867 ], [ -93.017036849850683, 17.521768379889782 ], [ -93.027883950194436, 17.514617679678185 ], [ -93.030315279899938, 17.502730170330917 ], [ -93.027445510438355, 17.495197950234466 ], [ -93.051898220395103, 17.497642569814062 ], [ -93.055044480425693, 17.491037569948038 ], [ -93.073615279816977, 17.495753570284133 ], [ -93.073803119582081, 17.485129480249743 ], [ -93.077705399727407, 17.483203569577402 ], [ -93.077391120035514, 17.491903919906157 ], [ -93.086520630294856, 17.491738799900823 ], [ -93.087069630394708, 17.47930447989668 ], [ -93.095603380151857, 17.486433350223805 ], [ -93.101946799550419, 17.485369200242125 ], [ -93.101388170150216, 17.475789420169043 ], [ -93.108265909977902, 17.474564089568283 ], [ -93.12084913971529, 17.464304349605751 ], [ -93.120113720092732, 17.455059489675175 ], [ -93.131218139558712, 17.447070260122491 ], [ -93.132340200399284, 17.438003169599124 ], [ -93.139569000048041, 17.428495259824881 ], [ -93.154943289877124, 17.425352140265264 ], [ -93.160214939787394, 17.419251450390647 ], [ -93.169298399753444, 17.415376750044796 ], [ -93.173842180142657, 17.402811819766629 ], [ -93.170676420034724, 17.396664029884608 ], [ -93.188292180379989, 17.397418060029906 ], [ -93.191160079877179, 17.408028769588739 ], [ -93.204832259692708, 17.409358060062374 ], [ -93.210170000273052, 17.391691540385576 ], [ -93.207649739734762, 17.38188339963683 ], [ -93.199777420214588, 17.385647429681548 ], [ -93.199571339808074, 17.366166140283543 ], [ -93.175300949626859, 17.362178340283823 ], [ -93.175543979687518, 17.356723890008443 ], [ -93.171364050386458, 17.355433779635252 ], [ -93.171821150289091, 17.349203780106325 ], [ -93.177207820345373, 17.350447430366088 ], [ -93.177219880341482, 17.344302920352099 ], [ -93.174230150308787, 17.343317059915012 ], [ -93.179208180147768, 17.336333220401112 ], [ -93.186356350459604, 17.343194569969697 ], [ -93.195615919895076, 17.344206059572009 ], [ -93.218390580103801, 17.331827380371596 ], [ -93.230096320453697, 17.348269659680152 ], [ -93.226035739907289, 17.35286166022173 ], [ -93.242002019937587, 17.367766579544863 ], [ -93.248896680051374, 17.366133309561373 ], [ -93.249941369134234, 17.406725220534248 ], [ -93.257623570265935, 17.408171200500121 ], [ -93.25512645935305, 17.422592920110844 ], [ -93.242597430038828, 17.442466369707631 ], [ -93.22399961995427, 17.454244939657329 ], [ -93.216564829609723, 17.451400749671329 ], [ -93.212232370304861, 17.468753770403865 ], [ -93.195259550070546, 17.478031139986204 ], [ -93.200886120225249, 17.491005429994438 ], [ -93.219240349634148, 17.506117939572 ], [ -93.23038652018802, 17.50816685009471 ], [ -93.234184650324863, 17.518441380078212 ], [ -93.229455999758727, 17.524830199765773 ], [ -93.232911420059608, 17.526948739875174 ], [ -93.232712059540418, 17.536866340391253 ], [ -93.240614170212254, 17.538121780148725 ], [ -93.251882020121286, 17.54541118030561 ], [ -93.272754660129806, 17.536082339971252 ], [ -93.272299279917831, 17.530384750264435 ], [ -93.267025939760288, 17.529460739973452 ], [ -93.268252720020286, 17.527338450093101 ], [ -93.278136570035571, 17.528006720447948 ], [ -93.28489854956922, 17.523892550176804 ], [ -93.289509419937616, 17.512380920327644 ], [ -93.297067520417571, 17.517810200414676 ], [ -93.299538420107282, 17.509779550360808 ], [ -93.306982709680938, 17.510340910360203 ], [ -93.30919271022303, 17.505709370082148 ], [ -93.316666969103053, 17.506571051082481 ], [ -93.318149309086991, 17.502052480127698 ], [ -93.327945688928722, 17.506024020574699 ], [ -93.332253678690023, 17.500790519563221 ], [ -93.371893309783871, 17.501203740040637 ], [ -93.371330349789787, 17.509915139941217 ], [ -93.379206949098574, 17.514050489631177 ], [ -93.375290429875236, 17.520303051026016 ], [ -93.369814219979403, 17.518226650539884 ], [ -93.365958909217824, 17.525138861115988 ], [ -93.360984029754093, 17.522250971195021 ], [ -93.360131718728468, 17.525334310294635 ], [ -93.361351150153496, 17.528688619774034 ], [ -93.36833245948506, 17.530978540768633 ], [ -93.366186719864814, 17.537873859722048 ], [ -93.383490909311888, 17.555695880251132 ], [ -93.383674848586693, 17.563915600252564 ], [ -93.394420378564348, 17.563926581086029 ], [ -93.408009779615966, 17.576259290034272 ], [ -93.41630888010657, 17.598046050196164 ], [ -93.411079920118837, 17.616757479819803 ], [ -93.396586199878826, 17.629594419953776 ], [ -93.384968289563602, 17.634176109560787 ], [ -93.384788719983064, 17.644377939796758 ], [ -93.356277769967576, 17.648037450293995 ], [ -93.36048682004926, 17.665116250161141 ], [ -93.348411149745104, 17.668796259539551 ], [ -93.328651580170558, 17.660561450166099 ], [ -93.318178219528377, 17.642354460113868 ], [ -93.327692280325806, 17.616217740034685 ], [ -93.322453939876539, 17.615666630180506 ], [ -93.307201600115874, 17.599846860239662 ], [ -93.28744594014114, 17.608437459762289 ], [ -93.288828910450277, 17.598049780251635 ], [ -93.280015909842831, 17.600456430322989 ], [ -93.281508630391144, 17.588135749901205 ], [ -93.277897339813336, 17.580901400181027 ], [ -93.27320325039689, 17.578899679756795 ], [ -93.26820754987628, 17.581873510006062 ], [ -93.275611049607917, 17.573629509828248 ], [ -93.271350319761424, 17.572202710147725 ], [ -93.269701969825974, 17.567610450322341 ], [ -93.26126299995471, 17.571348979963759 ], [ -93.255338620387903, 17.555505659582753 ], [ -93.243177220142258, 17.560278799865536 ], [ -93.238771000011397, 17.568126519903693 ], [ -93.234084620206289, 17.567712400310519 ], [ -93.230961490425628, 17.58394712005072 ], [ -93.246209889642401, 17.592396080127081 ], [ -93.238484660251103, 17.598423819868579 ], [ -93.229226740424835, 17.595510619805765 ], [ -93.224532180081511, 17.597249079959546 ], [ -93.2167909095635, 17.585128220108512 ], [ -93.213428030170363, 17.589064029937337 ], [ -93.211100889873052, 17.587027140039446 ], [ -93.218409750382691, 17.578011349577583 ], [ -93.212758889893877, 17.566627949812826 ], [ -93.207005320282036, 17.562777489750182 ], [ -93.178567770110789, 17.56109925971764 ], [ -93.178609019965691, 17.564581379887031 ], [ -93.174748950387126, 17.563460379680034 ], [ -93.166266569937477, 17.571716820159345 ], [ -93.169619890043919, 17.576283059658891 ], [ -93.166274550324744, 17.580458509975326 ], [ -93.163284489901187, 17.579372820080927 ], [ -93.162503459943778, 17.589180090060427 ], [ -93.149526220156631, 17.580370149867285 ], [ -93.141959459695798, 17.581101179613007 ], [ -93.137568939925998, 17.58365888018248 ], [ -93.137801970269578, 17.587089110041475 ], [ -93.13102635022527, 17.581413080081784 ], [ -93.124817280469031, 17.581020079882006 ], [ -93.123668979661716, 17.588668859598705 ], [ -93.119771140095381, 17.587909540019194 ], [ -93.118822689576163, 17.583232679669543 ], [ -93.108804690404199, 17.583424540267977 ], [ -93.101283620229069, 17.574864719611195 ], [ -93.094703399575494, 17.585433249579818 ], [ -93.077649539759861, 17.572687050166021 ], [ -93.075629309860318, 17.578292850322438 ], [ -93.079782889690421, 17.610072860207033 ], [ -93.084579430179659, 17.610190319890837 ], [ -93.08535623019894, 17.607207570028383 ], [ -93.094341059812493, 17.609224119734844 ], [ -93.074436579976151, 17.660986799749306 ], [ -93.070721649665614, 17.666169399734741 ], [ -93.069020279592337, 17.663617139905455 ], [ -93.06536407958653, 17.66381973968679 ], [ -93.065024780264224, 17.667018939962606 ], [ -93.059846510019725, 17.664880919933715 ], [ -93.061137459797081, 17.671898090134771 ], [ -93.066962830436722, 17.671659339622217 ], [ -93.041888200034151, 17.686882600033233 ] ] ] } },
{ "type": "Feature", "properties": { "code": "07074", "stateCode": "07", "municipalityCode": "074", "name": "Reforma" }, "geometry": { "type": "Polygon", "coordinates": [ [ [ -93.278322023441277, 17.98528309459558 ], [ -93.256714910187284, 17.963043181076301 ], [ -93.245309429667699, 17.960090139552559 ], [ -93.240920979597561, 17.950094689753033 ], [ -93.229979520243077, 17.949044830064064 ], [ -93.207358770230272, 17.960637939926919 ], [ -93.200743399869623, 17.95637143044199 ], [ -93.192001579532217, 17.956135720321424 ], [ -93.183143890190593, 17.940309050244203 ], [ -93.145078028588841, 17.932352969883507 ], [ -93.145982079370569, 17.919926659788963 ], [ -93.136932779567857, 17.918358940015597 ], [ -93.129128889840473, 17.90785238011825 ], [ -93.104975028741919, 17.907419321844433 ], [ -93.090729750296845, 17.896907199725206 ], [ -93.091959289731079, 17.886575879667184 ], [ -93.114254250171243, 17.875379539720473 ], [ -93.1236259796501, 17.874450379848444 ], [ -93.123608260017207, 17.867770919902924 ], [ -93.131800320066034, 17.852316419797884 ], [ -93.116101830307841, 17.821323919701811 ], [ -93.10214477996908, 17.813241829970085 ], [ -93.105340739849922, 17.791750060319764 ], [ -93.123558139738847, 17.79675297003946 ], [ -93.133451090066686, 17.791526290156678 ], [ -93.131253429664454, 17.787883599852112 ], [ -93.135834109628178, 17.752180770134292 ], [ -93.150377059724448, 17.763064340392106 ], [ -93.146888429648342, 17.77752196957638 ], [ -93.164975539882448, 17.779976509794587 ], [ -93.170454490420468, 17.777473170258489 ], [ -93.173939490168465, 17.784209180273592 ], [ -93.179730630202798, 17.786384020387707 ], [ -93.182587179702722, 17.781024659690669 ], [ -93.179041200117013, 17.779906749841508 ], [ -93.180705630052728, 17.775606339734317 ], [ -93.187862819523531, 17.778122250105163 ], [ -93.193718349551858, 17.771382450299154 ], [ -93.244361289813142, 17.786550340159422 ], [ -93.243463570399399, 17.79102306018105 ], [ -93.252674109715329, 17.795390350423315 ], [ -93.253350740017666, 17.80156315040777 ], [ -93.249031310111249, 17.805292199616943 ], [ -93.249206379909026, 17.810977549784912 ], [ -93.263414379989356, 17.806307570198651 ], [ -93.273943579606424, 17.772140059702306 ], [ -93.305246339672607, 17.781806980112201 ], [ -93.311241940057016, 17.78873517003699 ], [ -93.311173879664352, 17.793190939638102 ], [ -93.320221049988803, 17.796009949760524 ], [ -93.314325649907431, 17.81293055026498 ], [ -93.33342817046433, 17.818364320097807 ], [ -93.343111879756464, 17.787516679800415 ], [ -93.358503080015922, 17.788396320449156 ], [ -93.364418709706129, 17.779084320380345 ], [ -93.380504050266069, 17.781728381188703 ], [ -93.376408780362851, 17.795852341121432 ], [ -93.370485969911584, 17.794037430102495 ], [ -93.36550025958968, 17.799555651169392 ], [ -93.366610950188033, 17.802923320250404 ], [ -93.352092480377351, 17.795423460438013 ], [ -93.340585980023846, 17.798120549719783 ], [ -93.349310769690348, 17.81542759978803 ], [ -93.339493689789677, 17.835674120383661 ], [ -93.340952909853257, 17.843235030129119 ], [ -93.335273519889512, 17.846208829690671 ], [ -93.3342951100161, 17.851698890437735 ], [ -93.349712720323481, 17.867962799823434 ], [ -93.35058276965151, 17.876066029746053 ], [ -93.341261919561504, 17.903143970235366 ], [ -93.336022450148135, 17.904986550179746 ], [ -93.340766740433082, 17.923640230456137 ], [ -93.339939650048507, 17.93285233981133 ], [ -93.336153380255624, 17.936648859915099 ], [ -93.325267030148325, 17.927942739564045 ], [ -93.298009690060127, 17.938581780303291 ], [ -93.295361020301456, 17.94178891009064 ], [ -93.298380600070772, 17.947861740357489 ], [ -93.283007619583032, 17.967499379699767 ], [ -93.281418510227795, 17.982359290330713 ], [ -93.278322023441277, 17.98528309459558 ] ] ] } },
{ "type": "Feature", "properties": { "code": "07082", "stateCode": "07", "municipalityCode": "082", "name": "Sitalá" }, "geometry": { "type": "Polygon", "coordinates": [ [ [ -92.359315319292222, 17.088267460533451 ], [ -92.351539178984311, 17.079576600846188 ], [ -92.348606578885082, 17.081882220946763 ], [ -92.345952398631809, 17.078166950689504 ], [ -92.352849828987303, 17.071397420827349 ], [ -92.350052249432807, 17.068508751262307 ], [ -92.341982908577606, 17.075446950812243 ], [ -92.325012628951868, 17.079464800958473 ], [ -92.314905858671253, 17.073859740829487 ], [ -92.31346462909589, 17.067625800703119 ], [ -92.307724489543901, 17.06476331044615 ], [ -92.289956909406229, 17.067072691249013 ], [ -92.280292878657988, 17.060376170785826 ], [ -92.293229939203258, 17.041364850401042 ], [ -92.28257634924276, 17.01865298127332 ], [ -92.292426278840693, 17.010212540640349 ], [ -92.312307278853112, 17.004685780879825 ], [ -92.313738168872092, 16.995449800410007 ], [ -92.327109278674783, 16.994590290602964 ], [ -92.342377778655546, 16.988037880766719 ], [ -92.349478710364366, 16.990255710120085 ], [ -92.351292059878375, 16.996166400188716 ], [ -92.359723179736307, 17.002851180274352 ], [ -92.362971060175767, 16.999243860335643 ], [ -92.3698681703234, 17.001577679692584 ], [ -92.380898109636632, 16.999869910122936 ], [ -92.407978380244501, 17.010017939957162 ], [ -92.418380970369284, 17.026842800195762 ], [ -92.399842950041474, 17.034294820156223 ], [ -92.404443310162662, 17.046245750216588 ], [ -92.407759749580109, 17.047824200292986 ], [ -92.409472259937147, 17.060553090035121 ], [ -92.40278882969352, 17.062785119696201 ], [ -92.393630770071738, 17.072890799589651 ], [ -92.388848058725131, 17.069244770442829 ], [ -92.369958108849659, 17.082217650451714 ], [ -92.372110108943261, 17.085183091073219 ], [ -92.368281938583721, 17.087749510859091 ], [ -92.366103379008919, 17.08479194101109 ], [ -92.359315319292222, 17.088267460533451 ] ] ] } },
{ "type": "Feature", "properties": { "code": "07083", "stateCode": "07", "municipalityCode": "083", "name": "Socoltenango" }, "geometry": { "type": "Polygon", "coordinates": [ [ [ -92.360435940034549, 16.299581420046987 ], [ -92.356007719758679, 16.276996400212589 ], [ -92.349561620271842, 16.281174150340608 ], [ -92.333689280056035, 16.277154490184408 ], [ -92.314135949576567, 16.28137842031126 ], [ -92.300957890106204, 16.259311580038798 ], [ -92.310673060087538, 16.248874570377406 ], [ -92.307223000129838, 16.225815520339019 ], [ -92.277185479604185, 16.198753049743061 ], [ -92.283906399569034, 16.19648498040582 ], [ -92.286395048866666, 16.184770451218551 ], [ -92.308798459717934, 16.186655170076826 ], [ -92.316861940481814, 16.182948909782663 ], [ -92.324628950151904, 16.173592219613582 ], [ -92.335104050039973, 16.176217569774664 ], [ -92.32142274963131, 16.163788249979607 ], [ -92.333002079857422, 16.152571419867645 ], [ -92.332189279541154, 16.148530710046998 ], [ -92.303337110059772, 16.145220059562632 ], [ -92.274538020069528, 16.123938599848103 ], [ -92.28185747988158, 16.114890459694735 ], [ -92.291087450053141, 16.11030388039557 ], [ -92.308575230061336, 16.108877969700458 ], [ -92.315889140335301, 16.111223710065133 ], [ -92.31792328043602, 16.105480310291178 ], [ -92.312517019762993, 16.098319109853506 ], [ -92.330677569803072, 16.078444289648107 ], [ -92.32722007972616, 16.076914940305851 ], [ -92.331357490435934, 16.072124520312112 ], [ -92.323259229600609, 16.06691362017807 ], [ -92.332430450276561, 16.062094569732245 ], [ -92.322203510354015, 16.053075519875858 ], [ -92.323995349847806, 16.035923459763776 ], [ -92.327088509789476, 16.031610150078031 ], [ -92.302030429593756, 16.009691619848596 ], [ -92.297538770302367, 16.007943570018362 ], [ -92.293851110327864, 16.009553350471617 ], [ -92.294700800220582, 16.012990030199013 ], [ -92.285366849839107, 16.014114380282781 ], [ -92.283382749903907, 16.0099234797671 ], [ -92.291216710089955, 16.004668569717172 ], [ -92.287458509781871, 15.999570370060129 ], [ -92.275539550035262, 15.996136180406024 ], [ -92.271828079896451, 15.988284460107202 ], [ -92.247402449944872, 15.975382859733052 ], [ -92.242620980462036, 15.973781149853963 ], [ -92.237018220344993, 15.999084110203409 ], [ -92.221088939887707, 15.98858391955215 ], [ -92.224306319745196, 15.987867489912476 ], [ -92.226269140065554, 15.965125950108657 ], [ -92.19666154951733, 15.954096430351576 ], [ -92.187396710122997, 15.947396029753046 ], [ -92.187049770277454, 15.942238690220728 ], [ -92.177748249983694, 15.939717650094705 ], [ -92.175485180116269, 15.931951139688088 ], [ -92.169395180246994, 15.933367430205323 ], [ -92.158423619588334, 15.921957979648171 ], [ -92.159304179724103, 15.91790505009223 ], [ -92.174911539868461, 15.926799909969782 ], [ -92.180028750020952, 15.92220542958335 ], [ -92.176658709769441, 15.916473999552684 ], [ -92.177092450312784, 15.907830120424974 ], [ -92.174605630097233, 15.907992909591789 ], [ -92.18187837014581, 15.901619690314359 ], [ -92.190337019691214, 15.904117080132146 ], [ -92.183727679613298, 15.908199050420732 ], [ -92.18803060005942, 15.911892169886759 ], [ -92.188188619774948, 15.921168419953748 ], [ -92.201113740145573, 15.920608880015804 ], [ -92.207794090443343, 15.928058289866632 ], [ -92.213476109846127, 15.927772999763974 ], [ -92.217173139617188, 15.923916519752595 ], [ -92.228419830403638, 15.931703320041281 ], [ -92.23049892018777, 15.924437679592021 ], [ -92.235797999860836, 15.927554620376597 ], [ -92.240446940372266, 15.926380599698019 ], [ -92.241264450266144, 15.930292249976739 ], [ -92.246224709538907, 15.925904750175357 ], [ -92.250112660350808, 15.931055200092938 ], [ -92.259340620220428, 15.924256750371589 ], [ -92.268730879538538, 15.932931770008288 ], [ -92.285333170349404, 15.921565780070447 ], [ -92.302759599946185, 15.934159720098098 ], [ -92.298246889785347, 15.945725859925085 ], [ -92.305586029980333, 15.943496050426045 ], [ -92.302297020224927, 15.937934250037229 ], [ -92.308221939966643, 15.935771110382852 ], [ -92.321680519807046, 15.949477149934969 ], [ -92.333900879986032, 15.938728369795287 ], [ -92.341430539986746, 15.945522909908258 ], [ -92.335230920200274, 15.954361380078176 ], [ -92.327101849995657, 15.960469520448452 ], [ -92.306425710134391, 15.962216720305463 ], [ -92.305060850258172, 15.957365939675086 ], [ -92.295508450224787, 15.965264080193478 ], [ -92.298221679874757, 15.970293879959133 ], [ -92.308316710264364, 15.966992600436798 ], [ -92.317786890357553, 15.968231400048232 ], [ -92.320938430258067, 15.964020059974191 ], [ -92.323882020108897, 15.965738000419647 ], [ -92.330574340214284, 15.962618430092238 ], [ -92.332545320369789, 15.963506920217512 ], [ -92.325031109699324, 15.96882430999762 ], [ -92.327943400423422, 15.975131150430178 ], [ -92.325701180406526, 15.977771479946634 ], [ -92.330696709546615, 15.981093319886769 ], [ -92.32936234970019, 15.989344719998313 ], [ -92.336188919560186, 15.991186459772409 ], [ -92.342640049975074, 15.987002249817603 ], [ -92.341359630039875, 15.989182250107451 ], [ -92.344697879849193, 15.991383049952594 ], [ -92.340826510042433, 15.993315320092329 ], [ -92.344819509898102, 15.996790750037555 ], [ -92.352362569582894, 15.989367089722027 ], [ -92.363623059624445, 16.001223080091236 ], [ -92.381682310125456, 16.005025229617033 ], [ -92.382571149646466, 16.009242089892332 ], [ -92.393636479674015, 16.005956079762566 ], [ -92.405141579999281, 16.011640249842646 ], [ -92.408821540014316, 16.007132920442938 ], [ -92.416303950308119, 16.014163289710464 ], [ -92.41882234991003, 16.011419280286695 ], [ -92.421872980147867, 16.018530919648558 ], [ -92.427952279593924, 16.015505109647457 ], [ -92.432097709937949, 16.028955220077375 ], [ -92.447282230220878, 16.034456920429761 ], [ -92.454277749838568, 16.041701689846015 ], [ -92.455550910058093, 16.036241970438958 ], [ -92.466089280052572, 16.034877880339195 ], [ -92.468516720159272, 16.038406259983891 ], [ -92.478707430091816, 16.039894140065815 ], [ -92.487255289602061, 16.05077462999774 ], [ -92.502462600383069, 16.055734919863777 ], [ -92.506933450326301, 16.060336420080841 ], [ -92.523553570169597, 16.064417629846041 ], [ -92.53783428983003, 16.075940310388365 ], [ -92.544978619683803, 16.092814679891902 ], [ -92.558657620043746, 16.107013150382084 ], [ -92.558450819831464, 16.110717629829761 ], [ -92.533075219716281, 16.120505800221103 ], [ -92.527360509949162, 16.119951889725641 ], [ -92.523019709791143, 16.127344919667674 ], [ -92.510011720459346, 16.125259510088529 ], [ -92.504701230087463, 16.133464459667934 ], [ -92.481932969847193, 16.134352400256944 ], [ -92.480620460349584, 16.172820430538927 ], [ -92.471250460329031, 16.160967599731773 ], [ -92.468978170040273, 16.160424520157516 ], [ -92.471219740333396, 16.164027680110443 ], [ -92.462501478826553, 16.165551260915297 ], [ -92.468509458683229, 16.178583230213572 ], [ -92.470928849083506, 16.211092769547278 ], [ -92.459113979200453, 16.209243460041868 ], [ -92.451093180220738, 16.211409090321556 ], [ -92.429251149102413, 16.240431491178629 ], [ -92.42730373867839, 16.238764910663701 ], [ -92.412913799107955, 16.263794520244186 ], [ -92.401411140194455, 16.259595279620537 ], [ -92.407024050254662, 16.250852311260463 ], [ -92.401237708794909, 16.254994631202344 ], [ -92.400010379712285, 16.249510680972037 ], [ -92.39223737945899, 16.250852339906441 ], [ -92.39182765930309, 16.259848780185813 ], [ -92.394126490120911, 16.260918090054368 ], [ -92.371693980171784, 16.278891949665176 ], [ -92.364316429779635, 16.302020780103945 ], [ -92.360435940034549, 16.299581420046987 ] ] ] } },
{ "type": "Feature", "properties": { "code": "07084", "stateCode": "07", "municipalityCode": "084", "name": "Solosuchiapa" }, "geometry": { "type": "Polygon", "coordinates": [ [ [ -93.029524703933177, 17.489576975388541 ], [ -93.01808915010497, 17.455323380224435 ], [ -92.996265969867864, 17.451871449710687 ], [ -92.995966939517942, 17.445019320403464 ], [ -92.98947468005818, 17.446124629855646 ], [ -92.970781289857086, 17.417612150250825 ], [ -92.95384562005286, 17.401699650042566 ], [ -92.946270879612982, 17.401419740377584 ], [ -92.948531520234567, 17.386882219779672 ], [ -92.946112800310161, 17.384616169849153 ], [ -92.957481170196957, 17.376212820361832 ], [ -92.9515124595614, 17.373604830226675 ], [ -92.949344169617405, 17.366742450070301 ], [ -92.948265969642236, 17.371248599794487 ], [ -92.942410820277985, 17.367924910015226 ], [ -92.929562339545214, 17.371519050175898 ], [ -92.936285719220621, 17.348398000280508 ], [ -92.941311119831127, 17.342388140083077 ], [ -92.949775200243593, 17.341840319967321 ], [ -92.948580508647893, 17.322798879774744 ], [ -92.951163058833274, 17.31935513986387 ], [ -92.969068460019074, 17.323940460098477 ], [ -92.980611820337103, 17.322301720228175 ], [ -92.985282379003209, 17.3292514203746 ], [ -92.973713749857154, 17.346612279904324 ], [ -92.992633779280936, 17.347709580040004 ], [ -92.977215748636013, 17.300446680304528 ], [ -93.011185338955571, 17.320515550304716 ], [ -93.027808229733779, 17.308766799819491 ], [ -93.030311198757701, 17.309955150053451 ], [ -93.018154829603944, 17.325916490246716 ], [ -93.02460952032871, 17.330803429793242 ], [ -93.032000909837961, 17.327126350260141 ], [ -93.030114600427339, 17.324295650204601 ], [ -93.033205459711994, 17.322305149887654 ], [ -93.033351289377563, 17.326661490011919 ], [ -93.036533400311271, 17.325244109908063 ], [ -93.036182709211346, 17.328694849741193 ], [ -93.042538680160376, 17.330086279689542 ], [ -93.043400049439398, 17.336348679755144 ], [ -93.049839600299023, 17.328324999849386 ], [ -93.053021459596692, 17.33465587959935 ], [ -93.043837539729523, 17.370383230179232 ], [ -93.049778620128777, 17.379921580231986 ], [ -93.058528050412676, 17.375133399797253 ], [ -93.0618000896891, 17.378924879910752 ], [ -93.046641400462732, 17.386685939586783 ], [ -93.047304629932327, 17.393882419735004 ], [ -93.054810220350205, 17.393048819713371 ], [ -93.058871150061236, 17.397894509886058 ], [ -93.069912320251774, 17.395812029767029 ], [ -93.072898779940388, 17.40386294030543 ], [ -93.050650950005746, 17.416437310020768 ], [ -93.055462910191977, 17.419122489703664 ], [ -93.051888479710342, 17.421046939675108 ], [ -93.054564739548567, 17.422496739851233 ], [ -93.053621139574005, 17.430358829606927 ], [ -93.050436779972031, 17.436117370216312 ], [ -93.04611852028205, 17.4358695796086 ], [ -93.045603719522447, 17.441050170320104 ], [ -93.049482320087264, 17.443081339965545 ], [ -93.047857200200482, 17.460843200126121 ], [ -93.059784140067677, 17.468979769682672 ], [ -93.059715349976429, 17.473318770142878 ], [ -93.041528569891696, 17.477934219931278 ], [ -93.031644320179836, 17.483694910087941 ], [ -93.029524703933177, 17.489576975388541 ] ] ] } },
{ "type": "Feature", "properties": { "code": "07089", "stateCode": "07", "municipalityCode": "089", "name": "Tapachula" }, "geometry": { "type": "Polygon", "coordinates": [ [ [ -92.18254886036938, 15.225849049821864 ], [ -92.162864720289008, 15.201158719953787 ], [ -92.170893570027388, 15.188027550526799 ], [ -92.178931419759166, 15.183471229910696 ], [ -92.18218682978744, 15.16790288104646 ], [ -92.176494030102347, 15.16336766111371 ], [ -92.183753549487136, 15.153407400850956 ], [ -92.184767380210204, 15.143851289817491 ], [ -92.192923029705227, 15.137078510283102 ], [ -92.197433030048643, 15.137240510698152 ], [ -92.203888460388114, 15.129293200796251 ], [ -92.204950709905404, 15.116045250713306 ], [ -92.202333200024256, 15.110430540015058 ], [ -92.213409339791383, 15.088308220008015 ], [ -92.210871249873136, 15.08590868035018 ], [ -92.213306969995813, 15.085625289673835 ], [ -92.214506259851134, 15.078202380646529 ], [ -92.216568540263779, 15.078895220061304 ], [ -92.214817459849101, 15.076750711127323 ], [ -92.220748580384608, 15.062425110170178 ], [ -92.218906150097212, 15.0568053697782 ], [ -92.226854089689112, 15.040962721053205 ], [ -92.223972230266256, 15.032515000340261 ], [ -92.186034679971627, 15.027685660416417 ], [ -92.188054710282103, 14.993086681018573 ], [ -92.190397089729771, 14.991147980839619 ], [ -92.201197519331473, 14.994935110541885 ], [ -92.207915619893186, 14.992006480238299 ], [ -92.209703149706741, 14.978500680701764 ], [ -92.206678619788875, 14.974525940584815 ], [ -92.200799259291145, 14.973573121113118 ], [ -92.198384779772056, 14.9661090305715 ], [ -92.20264438006312, 14.961037420959926 ], [ -92.213953419043193, 14.962070279645012 ], [ -92.217177569384958, 14.956079350763474 ], [ -92.221026228610015, 14.95717648092791 ], [ -92.222288379825741, 14.944199520545373 ], [ -92.226246179662681, 14.94422232122149 ], [ -92.218843429858424, 14.940074940503644 ], [ -92.21944057916609, 14.936328181269511 ], [ -92.226501738940399, 14.935152350540948 ], [ -92.228950519646148, 14.917096060976357 ], [ -92.235462509336983, 14.905784091177757 ], [ -92.234056880310703, 14.899379291603852 ], [ -92.240329248757305, 14.892810450656027 ], [ -92.240988829881346, 14.884366180116869 ], [ -92.249327279319289, 14.877054980879475 ], [ -92.249082058910091, 14.865114140014299 ], [ -92.252902249105233, 14.860731949882426 ], [ -92.253696920185419, 14.848141050374107 ], [ -92.251452630277697, 14.841885939783834 ], [ -92.260004088761008, 14.828475369481545 ], [ -92.256293599321552, 14.823466179531954 ], [ -92.258450428623235, 14.820433170600563 ], [ -92.255880350175772, 14.819957250719595 ], [ -92.259308648863879, 14.817934020647337 ], [ -92.255880950114644, 14.816162380334829 ], [ -92.259054979026388, 14.814092430753638 ], [ -92.256638089846518, 14.81227120017058 ], [ -92.258696028653162, 14.809289290984404 ], [ -92.253962339305815, 14.805952741009271 ], [ -92.256800998610132, 14.801706261227819 ], [ -92.254056049109948, 14.793109570177926 ], [ -92.257110678701963, 14.79474357055742 ], [ -92.258812028782387, 14.792201739870922 ], [ -92.253219478613332, 14.790713740701401 ], [ -92.250919290350026, 14.784972181145381 ], [ -92.253364058748147, 14.782640970519312 ], [ -92.258528429130095, 14.785040429944999 ], [ -92.260976848832414, 14.780897081111497 ], [ -92.264822600045449, 14.780668680573386 ], [ -92.260768740112198, 14.76912138006662 ], [ -92.264808290405469, 14.765487120405313 ], [ -92.259836859526715, 14.76158235040732 ], [ -92.264343650058336, 14.757066420349018 ], [ -92.26133648961337, 14.756921600515687 ], [ -92.261718550286673, 14.750778260443584 ], [ -92.266900689649617, 14.749453970227069 ], [ -92.260769629550907, 14.746578290344099 ], [ -92.265853170225938, 14.736740570222725 ], [ -92.262145370432549, 14.734261820292851 ], [ -92.265798919657115, 14.731358679790537 ], [ -92.264760850099179, 14.726439121051822 ], [ -92.270308570072075, 14.718447950822561 ], [ -92.267499089911979, 14.709995659969902 ], [ -92.284018800329335, 14.691911320279305 ], [ -92.282762180094892, 14.682524230120761 ], [ -92.290218600481779, 14.678364799636045 ], [ -92.289120659646571, 14.668357819793187 ], [ -92.295657579776474, 14.665156259819486 ], [ -92.289909279769617, 14.661578969563084 ], [ -92.293690350334629, 14.661183950515063 ], [ -92.295063139845084, 14.655819350611283 ], [ -92.299301800069586, 14.656510690631869 ], [ -92.302057550111428, 14.6455735997456 ], [ -92.306621550434869, 14.642889880102505 ], [ -92.305029779901346, 14.638660569760297 ], [ -92.310155339700302, 14.636005119903754 ], [ -92.311752420276051, 14.629716050633339 ], [ -92.314584369659187, 14.630681450290924 ], [ -92.319622115327647, 14.618337910931409 ], [ -92.389954011262034, 14.679736239605131 ], [ -92.411467907345937, 14.694813695155158 ], [ -92.415535640322176, 14.692790562200596 ], [ -92.410891174926448, 14.695358227137358 ], [ -92.408982909915039, 14.703016919943629 ], [ -92.4301320131826, 14.72140536621481 ], [ -92.432918138756591, 14.728754190723189 ], [ -92.466363169825726, 14.757524910209915 ], [ -92.462000690155548, 14.761318881079729 ], [ -92.455303579795554, 14.75514332132868 ], [ -92.446711260253068, 14.760986540068036 ], [ -92.439133480394887, 14.760821450272704 ], [ -92.434998549997786, 14.778785940408348 ], [ -92.425924940359025, 14.780446259624059 ], [ -92.432758420019042, 14.783693200043102 ], [ -92.421465600292166, 14.783776139869479 ], [ -92.410328119732426, 14.792396310815922 ], [ -92.416975940064376, 14.800057311151857 ], [ -92.396097849864873, 14.810812819956544 ], [ -92.391699449863609, 14.805530980303514 ], [ -92.385563339993979, 14.809858570861099 ], [ -92.398605690210545, 14.835123230219562 ], [ -92.397909739561939, 14.854716950452834 ], [ -92.385691710082256, 14.86792960135168 ], [ -92.387497549561417, 14.907386250751973 ], [ -92.416184889950429, 14.923167201134424 ], [ -92.430327449524896, 14.953364750399476 ], [ -92.415690780146946, 14.961576710506218 ], [ -92.413075370290414, 14.95681997126565 ], [ -92.414795120261402, 14.952536351283324 ], [ -92.40423994000534, 14.951982719863452 ], [ -92.405099689901476, 14.944218911083535 ], [ -92.386710620130543, 14.944344860287266 ], [ -92.38682776908496, 14.948991351845532 ], [ -92.379541308639588, 14.954891738885726 ], [ -92.376328180343592, 14.952568379803056 ], [ -92.380072880182723, 14.949002820562221 ], [ -92.37394085981893, 14.9502113511532 ], [ -92.371628019884923, 14.94419163076909 ], [ -92.363704890041021, 14.94783129044272 ], [ -92.363077939539181, 14.957690170676686 ], [ -92.348575919908257, 14.955466120302026 ], [ -92.346742850071394, 14.963559711330117 ], [ -92.333046340053016, 14.959735490237177 ], [ -92.325063449881526, 14.965101080254335 ], [ -92.316579200235353, 14.963053970179173 ], [ -92.31692737998651, 14.96743840045011 ], [ -92.307154860011906, 14.973481369836554 ], [ -92.314015769733061, 14.979534251127175 ], [ -92.312329490020517, 14.981857570581411 ], [ -92.301770799852719, 14.982979260014494 ], [ -92.302711599890287, 14.994188911224528 ], [ -92.312872080109955, 14.997201661142388 ], [ -92.31259425988118, 15.00082734994667 ], [ -92.319993780180951, 15.005901031262701 ], [ -92.315309029812141, 15.014764350312419 ], [ -92.322524709643773, 15.029007981161543 ], [ -92.322910319884201, 15.026003279814756 ], [ -92.336063709797372, 15.027493449815386 ], [ -92.332937910103695, 15.029664381145645 ], [ -92.332476720391085, 15.035892510862398 ], [ -92.348845279945493, 15.039421770594448 ], [ -92.35437123032051, 15.035230489818824 ], [ -92.359909619487183, 15.035855060880898 ], [ -92.364054109600644, 15.031171029669798 ], [ -92.375814049854753, 15.032513290676285 ], [ -92.375120539728456, 15.038039319557708 ], [ -92.365872550218157, 15.036982800262118 ], [ -92.364992920272584, 15.044650780110945 ], [ -92.352700370465641, 15.039437179764771 ], [ -92.339193230065476, 15.042920260603955 ], [ -92.339600830221528, 15.046505371165876 ], [ -92.343151229702059, 15.04701411101918 ], [ -92.343493910067195, 15.064879880349082 ], [ -92.337145859616513, 15.061724379713507 ], [ -92.340045249959005, 15.058087940380965 ], [ -92.338229250058063, 15.055528260003182 ], [ -92.327224539780389, 15.052387119906848 ], [ -92.323636079773692, 15.072604799633 ], [ -92.317828739535514, 15.075219120810397 ], [ -92.321068460295379, 15.08115218115044 ], [ -92.325217219715995, 15.081401080706396 ], [ -92.324802629887358, 15.087926880306869 ], [ -92.333101079917014, 15.088016939735535 ], [ -92.332924419796996, 15.104599600651369 ], [ -92.373561309937116, 15.109324621189669 ], [ -92.370125379635454, 15.131120419577664 ], [ -92.365039319646257, 15.130483919707956 ], [ -92.357735289505626, 15.142567970569521 ], [ -92.383196769771757, 15.144166621324359 ], [ -92.367969140106268, 15.153241541340165 ], [ -92.361619849970893, 15.160725919597747 ], [ -92.361962349647342, 15.156958579645584 ], [ -92.350669550191199, 15.163009119787619 ], [ -92.351896450192442, 15.170589549773265 ], [ -92.334648940245842, 15.187809600135699 ], [ -92.334892479673243, 15.204150709551811 ], [ -92.33201462962478, 15.214169149840904 ], [ -92.329279660141239, 15.214584799923157 ], [ -92.326978680199034, 15.235514149862388 ], [ -92.305847660405306, 15.228787949641942 ], [ -92.304864289792107, 15.233692311168056 ], [ -92.27620328990902, 15.218939201204179 ], [ -92.26723485965627, 15.19483534963363 ], [ -92.292811849826222, 15.197645749669702 ], [ -92.294066709886351, 15.184112290174159 ], [ -92.289559279807762, 15.184688000573384 ], [ -92.286462909655512, 15.163817460604509 ], [ -92.276783169876921, 15.177103971179116 ], [ -92.271204029647876, 15.173819720676937 ], [ -92.26780344994441, 15.183840861011383 ], [ -92.259382030249114, 15.182596940404842 ], [ -92.252268080289397, 15.187822401290541 ], [ -92.243409290219802, 15.189104170278899 ], [ -92.234436489559698, 15.198860251239774 ], [ -92.250283110018373, 15.205821519780852 ], [ -92.246610719601804, 15.212334620290209 ], [ -92.222678879626486, 15.203944650201578 ], [ -92.205109940341018, 15.212266660964572 ], [ -92.202344780237425, 15.220580260542015 ], [ -92.194439950019856, 15.22401546062488 ], [ -92.193191569869626, 15.227810350789516 ], [ -92.18254886036938, 15.225849049821864 ] ] ] } },
{ "type": "Feature", "properties": { "code": "07008", "stateCode": "07", "municipalityCode": "008", "name": "Ángel Albino Corzo" }, "geometry": { "type": "Polygon", "coordinates": [ [ [ -92.66074985978878, 15.916369140321059 ], [ -92.650907710361309, 15.906254250375488 ], [ -92.650380429647541, 15.897779980345547 ], [ -92.636173580440357, 15.882484490347059 ], [ -92.62124550964478, 15.887757350018537 ], [ -92.615208890434744, 15.859144460221589 ], [ -92.60416531009605, 15.829851970263459 ], [ -92.609386220436988, 15.825868859932235 ], [ -92.60890878028242, 15.808524880204153 ], [ -92.616383820432716, 15.800175919684699 ], [ -92.608887770207545, 15.789501819769654 ], [ -92.610455110335593, 15.77997314976553 ], [ -92.601911780322993, 15.769172350113619 ], [ -92.593623950347705, 15.761912919882786 ], [ -92.574473829618071, 15.769240889802337 ], [ -92.572269290330496, 15.778489309625304 ], [ -92.56903134023608, 15.775724480455953 ], [ -92.572390119650237, 15.76436502965111 ], [ -92.546391090311829, 15.757407650157036 ], [ -92.538667180477105, 15.743949399606603 ], [ -92.535724430191038, 15.746621690023543 ], [ -92.532378249856961, 15.744074750113059 ], [ -92.52683389032488, 15.745809780149933 ], [ -92.52033246025367, 15.741354139670152 ], [ -92.513938580351208, 15.74612838016051 ], [ -92.522563420397191, 15.707259690418059 ], [ -92.493327710122585, 15.706409769881155 ], [ -92.491740110260935, 15.699684710227711 ], [ -92.515913309666843, 15.699776199651842 ], [ -92.524027289763183, 15.695731739885947 ], [ -92.510995200168324, 15.69535177034107 ], [ -92.530890889790399, 15.679412000389572 ], [ -92.529774169877186, 15.673679019619049 ], [ -92.521001879548521, 15.67028156995724 ], [ -92.524687850352535, 15.667192420146565 ], [ -92.494627490250664, 15.645565350435291 ], [ -92.511087640773582, 15.631053463706747 ], [ -92.511409740302838, 15.624571379587325 ], [ -92.521079430267676, 15.621069090226444 ], [ -92.520659859673557, 15.614716689923764 ], [ -92.525790980388877, 15.615929709716477 ], [ -92.534117749894165, 15.609207980007126 ], [ -92.538757919976518, 15.600102221097194 ], [ -92.56296718359377, 15.618547481129323 ], [ -92.593527077571139, 15.621677513195584 ], [ -92.598896675422182, 15.625117639607375 ], [ -92.62518036260019, 15.62957054909741 ], [ -92.637168976660135, 15.621143373441518 ], [ -92.643649157572071, 15.620992429538237 ], [ -92.652944382355273, 15.606741719392378 ], [ -92.661515232566273, 15.607168877994079 ], [ -92.6629753201901, 15.609047860052122 ], [ -92.659811079677922, 15.610421909747682 ], [ -92.664681450433164, 15.6124835201033 ], [ -92.651320109797297, 15.616501320431039 ], [ -92.650502379576665, 15.621192380078039 ], [ -92.630546830011554, 15.633656290320181 ], [ -92.614114349643359, 15.633040350035149 ], [ -92.617140229927216, 15.637379200021531 ], [ -92.615356820215126, 15.642947199632205 ], [ -92.589195479977235, 15.657312880205426 ], [ -92.594836119808804, 15.670286650238529 ], [ -92.577248450281289, 15.68972142041741 ], [ -92.580809819644571, 15.731603479541937 ], [ -92.576084430484286, 15.733273349630823 ], [ -92.570510970388611, 15.74923515010928 ], [ -92.574202179549815, 15.754011629857581 ], [ -92.581298450287733, 15.752870079711141 ], [ -92.583626979889303, 15.74778075012547 ], [ -92.599417619524132, 15.744303940404503 ], [ -92.610394780230223, 15.745296709948061 ], [ -92.608536780435742, 15.743470279838638 ], [ -92.618185570133292, 15.742235800317538 ], [ -92.633423660324524, 15.733463779613112 ], [ -92.659307019627306, 15.730479570254762 ], [ -92.666750830017591, 15.72480240009893 ], [ -92.676082279851101, 15.722853429799182 ], [ -92.687568460437163, 15.694536939984136 ], [ -92.691196059570942, 15.694919800036697 ], [ -92.691245889596274, 15.710176909904835 ], [ -92.708589749961661, 15.71043129033095 ], [ -92.716059769916882, 15.683037089635832 ], [ -92.724678769812144, 15.679010219543176 ], [ -92.735095150041488, 15.679023200256765 ], [ -92.73474922040468, 15.675951429787059 ], [ -92.745483580091587, 15.675772519559724 ], [ -92.746540339614285, 15.670250119779073 ], [ -92.766342050345315, 15.670160030324292 ], [ -92.761432739925823, 15.662065999612309 ], [ -92.762816830261571, 15.631353599900415 ], [ -92.768310940359811, 15.636161259983732 ], [ -92.766632780226203, 15.647393830074156 ], [ -92.78229515018657, 15.641740449645823 ], [ -92.787818279998291, 15.643868060056276 ], [ -92.794816680067143, 15.654781710188121 ], [ -92.817369120232598, 15.658837630201106 ], [ -92.824322089978864, 15.666491230176701 ], [ -92.826234430476489, 15.664588979770414 ], [ -92.829638569979394, 15.666786449867365 ], [ -92.806154919706941, 15.714615340039867 ], [ -92.81502435017542, 15.714804089709959 ], [ -92.826151080239825, 15.707764939672117 ], [ -92.830296819994416, 15.71470486034066 ], [ -92.817428079878752, 15.72933962973163 ], [ -92.806552260342855, 15.71890098011489 ], [ -92.801777739547049, 15.730056749830231 ], [ -92.816225450092489, 15.745526459685898 ], [ -92.818960339850491, 15.752877369634682 ], [ -92.829706709797364, 15.755351150043101 ], [ -92.825863769625244, 15.763941889999968 ], [ -92.827189629597726, 15.774237450022808 ], [ -92.822394229937458, 15.783216000270762 ], [ -92.813997029807567, 15.78224795035449 ], [ -92.818004020046246, 15.791845430096286 ], [ -92.78422028966159, 15.824295489893334 ], [ -92.80912085014252, 15.828844309767621 ], [ -92.799415030326429, 15.841961419840867 ], [ -92.775844850230499, 15.857899020438422 ], [ -92.751420690337952, 15.856943259922179 ], [ -92.741800079699132, 15.86713670963511 ], [ -92.733473199556386, 15.869109920209365 ], [ -92.733672950119256, 15.873722140561604 ], [ -92.724005320281307, 15.885359090064341 ], [ -92.710449029818818, 15.890933580057817 ], [ -92.696401889708923, 15.892343690148119 ], [ -92.694062459782387, 15.898177540373176 ], [ -92.669992140342728, 15.906552850031884 ], [ -92.668348739723115, 15.916606280145443 ], [ -92.66074985978878, 15.916369140321059 ] ] ] } },
{ "type": "Feature", "properties": { "code": "07009", "stateCode": "07", "municipalityCode": "009", "name": "Arriaga" }, "geometry": { "type": "Polygon", "coordinates": [ [ [ -94.070249349844033, 16.425619229837071 ], [ -94.058666119111749, 16.419272519939391 ], [ -94.054188310276871, 16.400587821282087 ], [ -94.03417379942077, 16.405547080534156 ], [ -94.030310739969181, 16.39992651063892 ], [ -94.020548768579403, 16.401723690756022 ], [ -94.018996460312806, 16.392812139949758 ], [ -94.015685659392489, 16.398157109901245 ], [ -94.006614690143849, 16.393062600528886 ], [ -94.013929219226313, 16.381294579827024 ], [ -93.985488029387099, 16.366093510791295 ], [ -93.983107319548253, 16.368959690547399 ], [ -93.984972478580403, 16.376161950571756 ], [ -93.975712919850309, 16.378372199914597 ], [ -93.977272319122008, 16.372256349948451 ], [ -93.9615593190927, 16.367172311021889 ], [ -93.958924880266679, 16.370376540512368 ], [ -93.946478259958766, 16.368689429922711 ], [ -93.926699779978776, 16.361515779762282 ], [ -93.929034819783539, 16.356201939770052 ], [ -93.903585939952393, 16.355491109733446 ], [ -93.904569889843657, 16.351793980429527 ], [ -93.896473570110743, 16.351842769929064 ], [ -93.899395949887818, 16.34843115002359 ], [ -93.86661526005382, 16.344316000181998 ], [ -93.845950400212345, 16.33138957020838 ], [ -93.85251405029932, 16.327471650074852 ], [ -93.844585309762806, 16.321549309980774 ], [ -93.832323350344112, 16.32680993965629 ], [ -93.835233489637815, 16.330742230410213 ], [ -93.827697599727145, 16.33471051984791 ], [ -93.817404140219011, 16.350804279597252 ], [ -93.82054197971928, 16.345805279822681 ], [ -93.814568289688907, 16.34363685008444 ], [ -93.792418140423436, 16.344576369961654 ], [ -93.78273791991937, 16.337555769560886 ], [ -93.751885120148359, 16.327118599634257 ], [ -93.740664280008914, 16.297990089658096 ], [ -93.723220830136242, 16.295039979560929 ], [ -93.721787450386387, 16.288581199834187 ], [ -93.741420339693732, 16.258518550388832 ], [ -93.770986550273918, 16.230261540192547 ], [ -93.767932080205995, 16.208538629970608 ], [ -93.770140350257719, 16.2026535199353 ], [ -93.780700569781445, 16.202021480260232 ], [ -93.782005580035943, 16.194184059763884 ], [ -93.801685430022459, 16.195368260244109 ], [ -93.79911771958426, 16.206079279945147 ], [ -93.804334219791528, 16.21232469034096 ], [ -93.832811910353996, 16.197455950396435 ], [ -93.838356029785714, 16.203762379579981 ], [ -93.858038769981945, 16.195063180370834 ], [ -93.882084120022654, 16.176157629822871 ], [ -93.880723019616582, 16.167617550135944 ], [ -93.893637319615095, 16.171697619831264 ], [ -93.902059199767876, 16.136473429654981 ], [ -93.913491999770756, 16.125476970125312 ], [ -93.919058180241862, 16.096035850052544 ], [ -93.915685619915777, 16.090991280067382 ], [ -93.900263120314122, 16.093417630086201 ], [ -93.899879919769518, 16.08464031010633 ], [ -93.913003230237734, 16.085649709764507 ], [ -93.940758420147887, 16.094591250381335 ], [ -93.956961370042748, 16.091826119599055 ], [ -93.972315509726073, 16.09677782039164 ], [ -93.982164310006866, 16.093669079859463 ], [ -94.003046520360414, 16.101789220411945 ], [ -94.008300180270069, 16.108527380438215 ], [ -94.007050889577158, 16.111580649923685 ], [ -94.007505399809958, 16.111801280058522 ], [ -94.013696179889777, 16.107760180152187 ], [ -94.038235889606838, 16.107672079754575 ], [ -94.043666320215934, 16.112651030211424 ], [ -94.048120569775932, 16.112380370305367 ], [ -94.049474320295616, 16.116691860274621 ], [ -94.051755140343005, 16.116114449938621 ], [ -94.051178629682411, 16.117280889798945 ], [ -94.050371629643379, 16.11715810954151 ], [ -94.049539829691, 16.118260860415251 ], [ -94.05527414995872, 16.118020449821138 ], [ -94.054348449876954, 16.119803820230651 ], [ -94.05443103030899, 16.121370510326287 ], [ -94.055881879668476, 16.11823293969799 ], [ -94.058254150087379, 16.120844020300432 ], [ -94.061832320317265, 16.119261249908231 ], [ -94.061505880053517, 16.120804260041822 ], [ -94.06210634970482, 16.12207783037649 ], [ -94.06738848043716, 16.117185569784294 ], [ -94.078577449767153, 16.120295520379763 ], [ -94.086022230386959, 16.12459741961095 ], [ -94.090399620381746, 16.135321619972792 ], [ -94.100787650216517, 16.139015279563708 ], [ -94.102763690100005, 16.1425159195826 ], [ -94.109567599615659, 16.17910124969427 ], [ -94.048626999563538, 16.216039630064873 ], [ -94.035195550456791, 16.239553679740332 ], [ -94.035138979962326, 16.248278920134013 ], [ -94.043534370370224, 16.255686920338313 ], [ -94.032960999901618, 16.275944969985083 ], [ -94.050664849719993, 16.329713919689674 ], [ -94.102480059851757, 16.407527539849795 ], [ -94.070249349844033, 16.425619229837071 ] ] ] } },
{ "type": "Feature", "properties": { "code": "07017", "stateCode": "07", "municipalityCode": "017", "name": "Cintalapa de Figueroa" }, "geometry": { "type": "Polygon", "coordinates": [ [ [ -93.867147130136999, 17.136789178250961 ], [ -93.844763335499024, 17.122719678326686 ], [ -93.832364889023353, 17.119679149619447 ], [ -93.835752180262546, 17.115193880767908 ], [ -93.842155479684081, 17.117447850155752 ], [ -93.853817228723116, 17.106566310295811 ], [ -93.861837539991029, 17.108516460776784 ], [ -93.866114059388394, 17.061951650143541 ], [ -93.858322048880453, 17.06232469098396 ], [ -93.835979908580143, 17.053300171248654 ], [ -93.827438250223139, 17.043677829687702 ], [ -93.815546679283429, 17.037066690958451 ], [ -93.805487659904827, 17.024463490353693 ], [ -93.796757750036591, 17.025687399723655 ], [ -93.787366748736289, 17.021614340488181 ], [ -93.783616770096586, 17.014290140888011 ], [ -93.773432800187848, 17.009457180770248 ], [ -93.768849690266961, 16.998464289693974 ], [ -93.759695340355677, 16.988788019664973 ], [ -93.766060569983878, 16.98101217083541 ], [ -93.758564369649406, 16.977098349952474 ], [ -93.754685879448644, 16.981240999868223 ], [ -93.752980018786943, 16.979770659715975 ], [ -93.746343380215194, 16.970955140763699 ], [ -93.747564138915067, 16.966647740746719 ], [ -93.74384107985729, 16.965001630106496 ], [ -93.743615478570348, 16.956384520867289 ], [ -93.73657536986029, 16.952729450199463 ], [ -93.732157719199947, 16.940121260964389 ], [ -93.725276539720468, 16.952188940989309 ], [ -93.71479881872591, 16.949666719859724 ], [ -93.715279739083925, 16.941076490082875 ], [ -93.704651889088041, 16.945326650886194 ], [ -93.700223059455709, 16.935974450314376 ], [ -93.696844940179645, 16.935411780785014 ], [ -93.697443630385393, 16.929206000898116 ], [ -93.691659079666636, 16.932445829553181 ], [ -93.6884245100578, 16.930343509937337 ], [ -93.677080619469919, 16.936989690632064 ], [ -93.674422709672825, 16.928231720622581 ], [ -93.671631198805585, 16.933890570562355 ], [ -93.665339919293899, 16.92448070979054 ], [ -93.661311739330088, 16.928625979661629 ], [ -93.654833879810866, 16.922545620108206 ], [ -93.656770718630085, 16.918039650995368 ], [ -93.654296290278154, 16.908323601109927 ], [ -93.651126489685112, 16.906530861100986 ], [ -93.646561618993701, 16.910956491074913 ], [ -93.642148579823356, 16.89991818052107 ], [ -93.641672520405223, 16.905699260640439 ], [ -93.637341089205037, 16.904311689770992 ], [ -93.635071600184489, 16.907391140197518 ], [ -93.607024028991958, 16.897180290619755 ], [ -93.604868968868431, 16.892350079883183 ], [ -93.598353910244356, 16.891006080967522 ], [ -93.585272828771096, 16.869777600439974 ], [ -93.579059970367666, 16.869142289586396 ], [ -93.574138369857536, 16.861749660085685 ], [ -93.569881108991666, 16.861613120040275 ], [ -93.563223749318652, 16.851034420101747 ], [ -93.564525829472416, 16.848975800107574 ], [ -93.561902688915168, 16.845292490819862 ], [ -93.558982860060965, 16.848940650909682 ], [ -93.555087879867997, 16.847787081327514 ], [ -93.580762768776083, 16.823198480296082 ], [ -93.58784877031556, 16.819855320271369 ], [ -93.582476890309678, 16.818794879734714 ], [ -93.582542598885254, 16.814495400857041 ], [ -93.588433519592726, 16.809107620060306 ], [ -93.589914780400591, 16.801083170156495 ], [ -93.633707250207237, 16.79777609028314 ], [ -93.645386139444099, 16.793076690396113 ], [ -93.646342219089135, 16.768941320081701 ], [ -93.642889520180731, 16.750825451010257 ], [ -93.659922030458276, 16.739572370046393 ], [ -93.666782229179631, 16.708832540664027 ], [ -93.671518649539664, 16.705989850786747 ], [ -93.669377169854982, 16.705501921124323 ], [ -93.669611799282293, 16.69645628073183 ], [ -93.680380620263236, 16.69601189075988 ], [ -93.668739379465478, 16.687728679902477 ], [ -93.686952318711363, 16.690957280799168 ], [ -93.690003830191571, 16.660232950311716 ], [ -93.697672748869579, 16.646633950390722 ], [ -93.695122879335642, 16.620678619711224 ], [ -93.700995719162989, 16.622920550848733 ], [ -93.707337969330055, 16.605925980471834 ], [ -93.705785199177186, 16.603893259962543 ], [ -93.713764628929965, 16.598691019548728 ], [ -93.71715491973346, 16.567707350036883 ], [ -93.73520099911542, 16.571724370166148 ], [ -93.736148289592776, 16.566845059819677 ], [ -93.741405399450827, 16.569549200449291 ], [ -93.744500179735724, 16.565237429735667 ], [ -93.75316802976856, 16.547375140999542 ], [ -93.745580769508265, 16.529609950752466 ], [ -93.758123939351563, 16.503983551003735 ], [ -93.807572618905766, 16.499671710692706 ], [ -93.833648379136832, 16.475357690561445 ], [ -93.845920019753379, 16.485887429898458 ], [ -93.856101909905618, 16.48375456988963 ], [ -93.860234490454985, 16.486922060051278 ], [ -93.873802198622528, 16.473238179899923 ], [ -93.870585769109255, 16.459619149594207 ], [ -93.888286279039761, 16.44339215077046 ], [ -93.931023679180456, 16.442341340389756 ], [ -93.93882790889802, 16.418546230666127 ], [ -93.935896690361545, 16.418453280659275 ], [ -93.937290229481476, 16.410187750061684 ], [ -93.92357436919923, 16.406492820197098 ], [ -93.924736689699202, 16.400860280073807 ], [ -93.939322889756781, 16.398071450654449 ], [ -93.926182739300444, 16.392093880827463 ], [ -93.920925679349367, 16.377369260502942 ], [ -93.936620429012393, 16.369331779630706 ], [ -93.944876778622557, 16.374002019986115 ], [ -93.946478259958766, 16.368689429922711 ], [ -93.958924880266679, 16.370376540512368 ], [ -93.9615593190927, 16.367172311021889 ], [ -93.977272319122008, 16.372256349948451 ], [ -93.975712919850309, 16.378372199914597 ], [ -93.981760289277076, 16.377362369829179 ], [ -93.985066568645919, 16.375900879923492 ], [ -93.983107319548253, 16.368959690547399 ], [ -93.985488029387099, 16.366093510791295 ], [ -94.013929219226313, 16.381294579827024 ], [ -94.006614690143849, 16.393062600528886 ], [ -94.015685659392489, 16.398157109901245 ], [ -94.018996460312806, 16.392812139949758 ], [ -94.020548768579403, 16.401723690756022 ], [ -94.030310739969181, 16.39992651063892 ], [ -94.03417379942077, 16.405547080534156 ], [ -94.054188310276871, 16.400587821282087 ], [ -94.058666119111749, 16.419272519939391 ], [ -94.070249349844033, 16.425619229837071 ], [ -94.102480059851757, 16.407527539849795 ], [ -94.139156000009294, 16.461786430469022 ], [ -93.867147130136999, 17.136789178250961 ] ] ] } },
{ "type": "Feature", "properties": { "code": "07116", "stateCode": "07", "municipalityCode": "116", "name": "Marqués de Comillas" }, "geometry": { "type": "Polygon", "coordinates": [ [ [ -90.716546820249448, 16.473009860005078 ], [ -90.712135740249352, 16.466082139628668 ], [ -90.725034170483255, 16.462516399661812 ], [ -90.72519709010696, 16.457081000419524 ], [ -90.71932954998681, 16.449995739915156 ], [ -90.73088188031852, 16.437050820101259 ], [ -90.724126879763631, 16.424271679731845 ], [ -90.725447889735463, 16.415636020197621 ], [ -90.719503799625087, 16.414024630094122 ], [ -90.713684600407106, 16.419699579805574 ], [ -90.7170148897914, 16.435940459884133 ], [ -90.712518650372104, 16.444377230160885 ], [ -90.7072968498573, 16.432701710384531 ], [ -90.640552430455315, 16.441823169764302 ], [ -90.644551769978307, 16.390914720284222 ], [ -90.662861479936353, 16.371090540366229 ], [ -90.614151079804586, 16.363826779738304 ], [ -90.628612920337062, 16.350698580193939 ], [ -90.604974849881202, 16.347444480352628 ], [ -90.609281750090275, 16.307759720337653 ], [ -90.595413819904124, 16.3162939398653 ], [ -90.583355460320831, 16.306451200397582 ], [ -90.584159850169357, 16.301550049565613 ], [ -90.558921259734731, 16.302753599619429 ], [ -90.565690740379566, 16.261746140388187 ], [ -90.556718800254544, 16.254107860381183 ], [ -90.62342965987591, 16.242879819629636 ], [ -90.624964170330003, 16.172190369580655 ], [ -90.612277399667704, 16.171300770004759 ], [ -90.610969510343935, 16.183390140069452 ], [ -90.591371310357516, 16.183505879838567 ], [ -90.577452969743305, 16.11998248987241 ], [ -90.612418800462734, 16.120580479819886 ], [ -90.612943710294331, 16.141562170001713 ], [ -90.634522230170262, 16.14168133996689 ], [ -90.651752850180969, 16.146016779581732 ], [ -90.666696350375645, 16.154158139790319 ], [ -90.665171349973406, 16.120689370448041 ], [ -90.71132654026016, 16.121240550140154 ], [ -90.702011119584924, 16.172414849963005 ], [ -90.715625709870935, 16.170345219740216 ], [ -90.714379939974705, 16.177656430077356 ], [ -90.75367460034802, 16.167187309742815 ], [ -90.747474940172836, 16.158708349788256 ], [ -90.761107250001473, 16.151859140181571 ], [ -90.77139025999098, 16.16185838008802 ], [ -90.788671289739369, 16.144575030368443 ], [ -90.791485400083985, 16.074199679635417 ], [ -90.961187720398556, 16.074048860459996 ], [ -90.959943420411463, 16.07696971019309 ], [ -90.952407629556873, 16.078351230095084 ], [ -90.945050800145353, 16.076951170379779 ], [ -90.94372466012986, 16.080675709767782 ], [ -90.950668120464925, 16.080977939920853 ], [ -90.956825309888771, 16.094928139874341 ], [ -90.955478400418031, 16.098411399617497 ], [ -90.958596879888731, 16.10031234962203 ], [ -90.930401830393151, 16.113750059593837 ], [ -90.921475819771899, 16.130748750222903 ], [ -90.905007940123653, 16.142862659677913 ], [ -90.89930937007847, 16.157203369723618 ], [ -90.883541620470623, 16.176647459600812 ], [ -90.881005889757816, 16.18732882003161 ], [ -90.885178949855899, 16.195203660390149 ], [ -90.909014939549394, 16.197954320363422 ], [ -90.90040921992869, 16.212952629954248 ], [ -90.892530709625873, 16.215086310082235 ], [ -90.887543079680512, 16.201415380267584 ], [ -90.877338939555003, 16.199694580321101 ], [ -90.865635200139806, 16.214464749626497 ], [ -90.85281062997008, 16.214566020376601 ], [ -90.843362110033979, 16.222218250232284 ], [ -90.845667720069699, 16.229812919720828 ], [ -90.870128679719684, 16.236198980307528 ], [ -90.866767980226555, 16.242150850308651 ], [ -90.850487370220804, 16.237973619686862 ], [ -90.846751490342754, 16.240811079649401 ], [ -90.84759111980479, 16.244768450421809 ], [ -90.858739829569288, 16.250097779565674 ], [ -90.866537860297768, 16.263963140104668 ], [ -90.874723540169853, 16.298495719995767 ], [ -90.8729698903566, 16.308816419758841 ], [ -90.859558859990386, 16.314818019807177 ], [ -90.856802199867204, 16.336620820066404 ], [ -90.829920379964875, 16.332285340083246 ], [ -90.806556509943761, 16.342605489675801 ], [ -90.792320050306174, 16.337372350439342 ], [ -90.778243249979894, 16.346349720392407 ], [ -90.769534059821282, 16.345485059581428 ], [ -90.761840999862898, 16.338346979698137 ], [ -90.753557660457972, 16.339836819762791 ], [ -90.752276650409328, 16.344801979851404 ], [ -90.763539149912916, 16.359560319718973 ], [ -90.749411060140176, 16.370984710043075 ], [ -90.753708799956343, 16.374881289946995 ], [ -90.768825420036364, 16.375556260237207 ], [ -90.773070170257569, 16.381673459846279 ], [ -90.769603289737404, 16.389759320286291 ], [ -90.757828279838648, 16.390602769725849 ], [ -90.755817540151426, 16.397031549818912 ], [ -90.772551949885525, 16.407922249672232 ], [ -90.773862710318653, 16.418665680175316 ], [ -90.756380570207753, 16.42511213987358 ], [ -90.752733249968159, 16.436936880398825 ], [ -90.734676510501714, 16.455803139593637 ], [ -90.730276889956627, 16.468127319771561 ], [ -90.716546820249448, 16.473009860005078 ] ] ] } },
{ "type": "Feature", "properties": { "code": "07094", "stateCode": "07", "municipalityCode": "094", "name": "Teopisca" }, "geometry": { "type": "Polygon", "coordinates": [ [ [ -92.527673539816647, 16.648953770261869 ], [ -92.514843180268869, 16.649013970073771 ], [ -92.517297519552173, 16.637232110102158 ], [ -92.504668339598041, 16.637275230303324 ], [ -92.496963479744011, 16.632484979943822 ], [ -92.472042860433618, 16.638669119842181 ], [ -92.474119619941305, 16.62621028992967 ], [ -92.438417849599929, 16.619511280212546 ], [ -92.437654140201417, 16.625097799826047 ], [ -92.424222380390773, 16.62825822966008 ], [ -92.426065519629546, 16.636426260205766 ], [ -92.375289919828944, 16.586978739933262 ], [ -92.372939999968025, 16.570140889870594 ], [ -92.435982919175657, 16.586910649638121 ], [ -92.451261459353546, 16.554035880032846 ], [ -92.453163618790555, 16.546916030349156 ], [ -92.450569429120065, 16.545231879500342 ], [ -92.455623708853111, 16.539150630168621 ], [ -92.44825094923219, 16.533608940148341 ], [ -92.451305719138375, 16.529248509773925 ], [ -92.446925938822389, 16.527718289890743 ], [ -92.453301088961609, 16.517505480200231 ], [ -92.44922010945767, 16.508240850210456 ], [ -92.459617949333619, 16.494851290116451 ], [ -92.456693059082497, 16.485931649752558 ], [ -92.458886919147005, 16.476205090106557 ], [ -92.491162920422568, 16.487729309726294 ], [ -92.494360970116063, 16.495234801299731 ], [ -92.505028649563698, 16.489188311114297 ], [ -92.504675218641182, 16.480694460408774 ], [ -92.536572719918667, 16.454695510456688 ], [ -92.540771628619041, 16.454967690805702 ], [ -92.542806379950676, 16.456284110059912 ], [ -92.539658349649713, 16.459295979822461 ], [ -92.544837199170033, 16.459910200522422 ], [ -92.542136509412586, 16.465553090327077 ], [ -92.556216569938613, 16.463173429898575 ], [ -92.55504013960001, 16.470528459702123 ], [ -92.563053089944361, 16.475187380130514 ], [ -92.562741748733103, 16.481648169906819 ], [ -92.575104178966427, 16.481110399710392 ], [ -92.579792350413655, 16.494896220359937 ], [ -92.588041720403396, 16.500840510131084 ], [ -92.576463780303172, 16.502106820058131 ], [ -92.575428199511933, 16.51375462035961 ], [ -92.584434860130528, 16.525397999886781 ], [ -92.577169380334766, 16.5316110601639 ], [ -92.583101249978753, 16.535201599899967 ], [ -92.577401919777841, 16.53941322004134 ], [ -92.577659000350295, 16.543766580400924 ], [ -92.581541619784275, 16.545618280331176 ], [ -92.58084805987879, 16.549325599828087 ], [ -92.588209379832847, 16.548650629948089 ], [ -92.595651769908898, 16.552894940263815 ], [ -92.603204169895719, 16.576643880161569 ], [ -92.611031950406698, 16.581309679774488 ], [ -92.593100429894477, 16.590759749629985 ], [ -92.586650539648716, 16.579215829716574 ], [ -92.574858460147496, 16.578838680314544 ], [ -92.58297447976868, 16.596237290084012 ], [ -92.602882999580643, 16.605640340286453 ], [ -92.594978909518034, 16.62094988039787 ], [ -92.589433920387549, 16.614566720062374 ], [ -92.582855949566977, 16.62383782968254 ], [ -92.591349400376956, 16.634246940002303 ], [ -92.596603419707506, 16.635724620372404 ], [ -92.596672179930636, 16.643571890020784 ], [ -92.540010909569602, 16.616786509840335 ], [ -92.534812830304617, 16.627886630208756 ], [ -92.523836890049537, 16.627864090071824 ], [ -92.528963739941872, 16.636147020440561 ], [ -92.523920289713757, 16.63783205009824 ], [ -92.527673539816647, 16.648953770261869 ] ] ] } }
]
}
