{"type":"FeatureCollection","features":[{"type":"Feature","properties":{"code":"08037","stateCode":"08","municipalityCode":"037","name":"Juárez"},"geometry":{"type":"Polygon","coordinates":[[[-106.86768,31.78384],[-106.52852,31.78382],[-106.5225,31.77515],[-106.51267,31.76941],[-106.50999,31.76149],[-106.48973,31.74848],[-106.4732,31.75048],[-106.46631,31.75989],[-106.45205,31.76462],[-106.43641,31.75564],[-106.4168,31.75156],[-106.37995,31.73106],[-106.37207,31.7126],[-106.34941,31.6964],[-106.33397,31.66283],[-106.30317,31.62231],[-106.30251,31.61082],[-106.28852,31.58723],[-106.28041,31.56229],[-106.24719,31.54281],[-106.23634,31.51319],[-106.22384,31.50011],[-106.2196,31.48155],[-106.20813,31.46758],[-106.18329,31.45818],[-106.18106,31.45487],[-106.20968,31.43331],[-106.22229,31.41649],[-106.23487,31.41016],[-106.25954,31.43393],[-106.28099,31.37121],[-106.27012,31.37064],[-106.26651,31.32271],[-106.25518,31.32308],[-106.25501,31.31764],[-106.26613,31.31816],[-106.26358,31.27306],[-106.28038,31.27201],[-106.28041,31.25398],[-106.27174,31.24522],[-106.26462,31.25459],[-106.26426,31.17659],[-106.3103,31.15371],[-106.36693,31.18715],[-106.37399,31.15471],[-106.39683,31.15905],[-106.39077,31.1876],[-106.50742,31.18733],[-106.50149,31.15255],[-106.58958,31.15141],[-106.60701,31.15529],[-106.61469,31.15199],[-106.62972,31.15853],[-106.63534,31.16605],[-106.64775,31.17291],[-106.65903,31.17429],[-106.6864,31.16496],[-106.7456,31.16028],[-106.74578,31.13793],[-106.77696,31.1251],[-106.82129,31.11996],[-106.82669,31.1233],[-106.81997,31.14197],[-106.82188,31.14559],[-106.83593,31.1517],[-106.86327,31.18599],[-106.88118,31.22542],[-106.88218,31.23411],[-106.9225,31.23692],[-106.95163,31.3359],[-106.84685,31.37179],[-106.84846,31.40124],[-106.74176,31.40034],[-106.7417,31.40806],[-106.70549,31.42072],[-106.68883,31.43204],[-106.72129,31.4547],[-106.70865,31.46664],[-106.73982,31.47926],[-106.75004,31.49594],[-106.75074,31.49966],[-106.74154,31.50331],[-106.74978,31.50417],[-106.74901,31.60341],[-106.75426,31.60341],[-106.75425,31.60668],[-106.80016,31.60521],[-106.83478,31.61759],[-106.86008,31.62264],[-106.87746,31.62241],[-106.83154,31.6746],[-106.8308,31.67964],[-106.83282,31.68652],[-106.83639,31.68781],[-106.84578,31.74139],[-106.85818,31.74628],[-106.86315,31.7556],[-106.86062,31.76311],[-106.86768,31.78384]]]}},{"type":"Feature","properties":{"code":"08021","stateCode":"08","municipalityCode":"021","name":"Delicias"},"geometry":{"type":"Polygon","coordinates":[[[-105.38372,28.27736],[-105.37765,28.26975],[-105.37162,28.26854],[-105.36987,28.25697],[-105.35672,28.25605],[-105.35165,28.2512],[-105.35781,28.24531],[-105.3521,28.23643],[-105.3618,28.23639],[-105.36152,28.06918],[-105.36878,28.06645],[-105.3743,28.07185],[-105.38088,28.06933],[-105.38358,28.07999],[-105.39608,28.08137],[-105.40274,28.06647],[-105.42029,28.04767],[-105.42911,28.05613],[-105.47348,28.05583],[-105.47377,28.03487],[-105.48746,28.03483],[-105.4921,28.03794],[-105.49348,28.02745],[-105.51571,28.01142],[-105.51671,28.01936],[-105.53743,28.01118],[-105.55284,28.01258],[-105.55586,28.00717],[-105.56218,28.00643],[-105.59779,27.96818],[-105.68238,28.05674],[-105.66177,28.06048],[-105.65348,28.07729],[-105.65717,28.08517],[-105.64124,28.10399],[-105.63835,28.10229],[-105.60398,28.1277],[-105.61233,28.11312],[-105.60579,28.11594],[-105.60758,28.10962],[-105.57992,28.12286],[-105.57724,28.12117],[-105.57351,28.12431],[-105.57857,28.12807],[-105.55514,28.13805],[-105.55521,28.14229],[-105.54086,28.1494],[-105.53211,28.16405],[-105.53396,28.17339],[-105.52736,28.17976],[-105.49413,28.18383],[-105.50275,28.23726],[-105.49977,28.23931],[-105.47891,28.23613],[-105.47811,28.24136],[-105.46953,28.23703],[-105.46585,28.24213],[-105.46318,28.24058],[-105.46354,28.24743],[-105.45105,28.26252],[-105.43326,28.25975],[-105.43326,28.26333],[-105.40769,28.26341],[-105.40765,28.27026],[-105.40037,28.26853],[-105.39563,28.27122],[-105.39373,28.27726],[-105.38372,28.27736]]]}},{"type":"Feature","properties":{"code":"08019","stateCode":"08","municipalityCode":"019","name":"Chihuahua"},"geometry":{"type":"Polygon","coordinates":[[[-106.231,29.78273],[-106.20039,29.76872],[-106.10341,29.74378],[-106.10353,29.74718],[-105.92896,29.75767],[-105.93642,29.74451],[-105.94711,29.69808],[-105.94611,29.68423],[-105.92915,29.67136],[-105.98941,29.55889],[-105.9894,29.41113],[-106.06175,29.41138],[-106.0619,29.37921],[-106.06723,29.36811],[-106.06146,29.35274],[-106.05334,29.3533],[-106.05062,29.34879],[-106.05735,29.32777],[-106.04641,29.31718],[-106.03785,29.27714],[-106.04335,29.21614],[-106.03384,29.2066],[-106.02676,29.20464],[-106.03629,29.19846],[-106.03837,29.18674],[-106.04477,29.1808],[-106.04345,29.17016],[-106.03664,29.16185],[-106.03719,29.15193],[-106.05094,29.15272],[-106.05666,29.15047],[-106.06029,29.14387],[-106.06874,29.14306],[-106.09937,29.15629],[-106.11575,29.1581],[-106.12359,29.15258],[-106.12394,29.13138],[-106.22327,29.1316],[-106.22308,29.11288],[-106.2157,29.1128],[-106.21535,29.06828],[-106.20422,29.06828],[-106.20465,29.05484],[-106.18632,29.05489],[-106.18627,29.04005],[-106.17261,29.01829],[-106.19102,29.02096],[-106.19968,29.02665],[-106.20774,29.02743],[-106.19668,29.01506],[-106.20812,29.01487],[-106.16688,28.93057],[-106.14596,28.92779],[-106.13353,28.92167],[-106.12353,28.92168],[-106.12709,28.9146],[-106.12439,28.91141],[-106.12489,28.90322],[-106.1134,28.88709],[-106.11126,28.88778],[-106.09745,28.85696],[-106.10439,28.85296],[-106.08496,28.81736],[-106.08888,28.79795],[-105.96363,28.73151],[-105.90041,28.72776],[-105.91729,28.65942],[-105.93446,28.66278],[-105.9284,28.68251],[-105.95076,28.64842],[-105.96301,28.6454],[-105.95649,28.63042],[-105.95891,28.61758],[-105.9467,28.61542],[-105.93687,28.58552],[-105.94204,28.58803],[-105.94076,28.58033],[-105.96245,28.58529],[-105.98105,28.55045],[-105.95276,28.55626],[-105.94942,28.54484],[-105.93414,28.52326],[-105.89746,28.50487],[-105.89305,28.51135],[-105.88964,28.50634],[-105.87838,28.50498],[-105.86312,28.51656],[-105.85523,28.50956],[-105.85372,28.50335],[-105.83695,28.50601],[-105.83229,28.50973],[-105.82396,28.50648],[-105.79769,28.52294],[-105.81893,28.4989],[-105.83402,28.47207],[-105.80903,28.46311],[-105.77459,28.45908],[-105.73484,28.46059],[-105.72824,28.45293],[-105.72784,28.43873],[-105.72646,28.43639],[-105.72031,28.43729],[-105.71038,28.41213],[-105.70281,28.342],[-105.72676,28.34565],[-105.73418,28.37948],[-105.73898,28.37615],[-105.74126,28.34843],[-105.75678,28.35042],[-105.75559,28.34485],[-105.76027,28.34137],[-105.7617,28.32722],[-105.75561,28.31651],[-105.75798,28.30944],[-105.75397,28.30277],[-105.76171,28.29127],[-105.76737,28.28963],[-105.77999,28.2977],[-105.82125,28.29174],[-105.83505,28.28742],[-105.82731,28.27288],[-105.83262,28.27364],[-105.83614,28.26995],[-105.86193,28.27661],[-105.89448,28.27897],[-105.91003,28.25441],[-105.92051,28.25899],[-105.93111,28.23359],[-105.92888,28.22519],[-105.9401,28.20666],[-105.97647,28.20194],[-105.97448,28.1365],[-106.02821,28.14411],[-106.04224,28.1491],[-106.06801,28.14536],[-106.11467,28.13396],[-106.18332,28.12375],[-106.19401,28.11244],[-106.21183,28.1142],[-106.22003,28.10824],[-106.22625,28.10815],[-106.2338,28.09867],[-106.2432,28.09585],[-106.25307,28.10166],[-106.26073,28.11209],[-106.28272,28.12515],[-106.29393,28.13651],[-106.29776,28.13619],[-106.29972,28.14301],[-106.25633,28.16126],[-106.25907,28.17585],[-106.25007,28.22311],[-106.25816,28.23147],[-106.247,28.23618],[-106.24169,28.235],[-106.24545,28.23033],[-106.23748,28.21897],[-106.24057,28.21123],[-106.23947,28.20959],[-106.23489,28.21601],[-106.22552,28.2189],[-106.22629,28.2218],[-106.21471,28.22142],[-106.21829,28.25593],[-106.22329,28.26559],[-106.21582,28.27873],[-106.20954,28.33584],[-106.20285,28.34016],[-106.23049,28.36675],[-106.2472,28.36936],[-106.21759,28.3939],[-106.23164,28.41611],[-106.24096,28.42229],[-106.24664,28.42456],[-106.26665,28.41412],[-106.2849,28.4162],[-106.29968,28.43106],[-106.3068,28.4591],[-106.29564,28.4761],[-106.3078,28.48443],[-106.30942,28.49079],[-106.31403,28.49099],[-106.31577,28.49893],[-106.31015,28.5023],[-106.30764,28.5126],[-106.31534,28.51862],[-106.32866,28.51566],[-106.33318,28.52961],[-106.33229,28.53949],[-106.32766,28.53766],[-106.32491,28.55017],[-106.2945,28.56041],[-106.30234,28.56731],[-106.31874,28.59289],[-106.32551,28.59447],[-106.33475,28.60295],[-106.33938,28.60292],[-106.34248,28.60782],[-106.35147,28.60644],[-106.35098,28.61105],[-106.36217,28.61717],[-106.3656,28.62501],[-106.37786,28.63525],[-106.38546,28.6476],[-106.40166,28.65646],[-106.4102,28.67017],[-106.41276,28.68388],[-106.41704,28.68991],[-106.42812,28.69502],[-106.43025,28.7052],[-106.43688,28.71],[-106.43715,28.7133],[-106.42803,28.71293],[-106.42326,28.71776],[-106.41182,28.71447],[-106.41129,28.72365],[-106.427,28.73254],[-106.42452,28.73844],[-106.45293,28.74328],[-106.46051,28.76783],[-106.47353,28.77755],[-106.52291,28.76591],[-106.57919,28.7578],[-106.59834,28.78343],[-106.59506,28.86277],[-106.60494,29.04207],[-106.5946,29.03866],[-106.59751,29.05038],[-106.61305,29.05454],[-106.61418,29.07117],[-106.62191,29.08396],[-106.59878,29.12351],[-106.59279,29.13042],[-106.58425,29.13036],[-106.55683,29.16172],[-106.53992,29.27234],[-106.58695,29.27719],[-106.5831,29.32576],[-106.57135,29.35741],[-106.59586,29.35831],[-106.60164,29.37766],[-106.59333,29.383],[-106.59725,29.40024],[-106.58805,29.40777],[-106.58414,29.42203],[-106.58892,29.43568],[-106.58896,29.45441],[-106.58672,29.45576],[-106.58927,29.46002],[-106.58551,29.46336],[-106.58556,29.46823],[-106.55733,29.47017],[-106.55848,29.53863],[-106.51113,29.54733],[-106.48352,29.56356],[-106.48208,29.56717],[-106.59381,29.66426],[-106.59425,29.74278],[-106.51247,29.73961],[-106.51331,29.72479],[-106.5168,29.71741],[-106.50738,29.71223],[-106.52073,29.70332],[-106.52072,29.69829],[-106.5115,29.69886],[-106.5054,29.68416],[-106.49443,29.67508],[-106.48694,29.67465],[-106.48472,29.6786],[-106.48696,29.68463],[-106.50547,29.704],[-106.46512,29.72673],[-106.47402,29.73537],[-106.46771,29.73962],[-106.37594,29.73959],[-106.3663,29.71269],[-106.26718,29.71256],[-106.2875,29.74197],[-106.30586,29.75034],[-106.2923,29.76932],[-106.27661,29.76432],[-106.27773,29.77203],[-106.26968,29.77699],[-106.25516,29.7773],[-106.24484,29.78486],[-106.231,29.78273]]]}},{"type":"Feature","properties":{"code":"08001","stateCode":"08","municipalityCode":"001","name":"Ahumada"},"geometry":{"type":"Polygon","coordinates":[[[-106.50742,31.18733],[-106.39077,31.1876],[-106.39683,31.15905],[-106.37399,31.15471],[-106.36693,31.18715],[-106.30491,31.15125],[-106.29852,31.09088],[-106.2903,31.09282],[-106.27496,31.08754],[-106.28295,31.06292],[-106.27933,31.04723],[-106.27276,31.03752],[-106.25309,31.03407],[-106.25174,31.0313],[-106.23218,31.02554],[-106.21345,31.02632],[-106.19343,31.01885],[-106.19354,31.01163],[-106.18491,31.00835],[-106.19365,31.00507],[-106.17833,31.00045],[-106.19433,30.99868],[-106.19368,30.95294],[-106.13326,30.95639],[-106.13245,30.98519],[-106.09119,30.98512],[-106.09157,30.92924],[-106.08531,30.92278],[-106.07503,30.89896],[-106.07209,30.89592],[-106.03681,30.90651],[-106.03003,30.90502],[-106.02887,30.89674],[-106.05435,30.89634],[-106.05361,30.81975],[-105.88098,30.81962],[-105.88197,30.84238],[-105.8768,30.84667],[-105.81968,30.84655],[-105.79678,30.83574],[-105.76662,30.81157],[-105.76258,30.80559],[-105.76556,30.7992],[-105.76328,30.7942],[-105.74123,30.78681],[-105.70993,30.77046],[-105.72833,30.65669],[-105.71471,30.65506],[-105.68484,30.64196],[-105.68592,30.50516],[-105.61682,30.50506],[-105.59652,30.49725],[-105.59341,30.47077],[-105.60448,30.43491],[-105.59806,30.41728],[-105.60718,30.39318],[-105.57518,30.36888],[-105.56367,30.32467],[-105.58822,30.32935],[-105.62482,30.33109],[-105.62506,30.31172],[-105.65358,30.31167],[-105.65374,30.30324],[-105.6922,30.28171],[-105.68708,30.27177],[-105.67394,30.26118],[-105.68087,30.23912],[-105.62533,30.23882],[-105.62548,30.18814],[-105.68713,30.21903],[-105.69259,30.20728],[-105.69848,30.2059],[-105.70884,30.19514],[-105.70556,30.19036],[-105.72566,30.17594],[-105.74507,30.16588],[-105.76569,30.16383],[-105.78352,30.14613],[-105.82807,30.12575],[-105.8592,30.09851],[-105.87381,30.08161],[-105.89709,30.06403],[-105.90535,30.04988],[-105.90096,30.02951],[-105.77258,30.02834],[-105.76795,29.88198],[-105.80975,29.88176],[-105.80571,29.78318],[-105.87955,29.7775],[-105.81796,29.74735],[-105.82706,29.70107],[-105.8557,29.69325],[-105.86813,29.69578],[-105.87292,29.69377],[-105.88179,29.69601],[-105.88833,29.70932],[-105.89736,29.70719],[-105.90905,29.70095],[-105.9099,29.66623],[-105.92915,29.67136],[-105.94611,29.68423],[-105.94438,29.71738],[-105.93642,29.74451],[-105.92896,29.75767],[-106.10353,29.74718],[-106.10341,29.74378],[-106.20039,29.76872],[-106.231,29.78273],[-106.24484,29.78486],[-106.25516,29.7773],[-106.26223,29.77881],[-106.27475,29.77417],[-106.27773,29.77203],[-106.27661,29.76432],[-106.2923,29.76932],[-106.30586,29.75034],[-106.2875,29.74197],[-106.26718,29.71256],[-106.3663,29.71269],[-106.37594,29.73959],[-106.46771,29.73962],[-106.47402,29.73537],[-106.46512,29.72673],[-106.50547,29.704],[-106.48696,29.68463],[-106.48589,29.67517],[-106.49311,29.67495],[-106.5054,29.68416],[-106.5115,29.69886],[-106.52072,29.69829],[-106.52073,29.70332],[-106.50738,29.71223],[-106.5168,29.71741],[-106.51331,29.72479],[-106.51247,29.73961],[-106.59425,29.74278],[-106.59391,29.69412],[-106.64985,29.70201],[-106.6503,29.7703],[-106.63161,29.76601],[-106.61751,29.77845],[-106.62018,29.78715],[-106.64348,29.81083],[-106.65544,29.8467],[-106.64557,29.87657],[-106.6843,29.87994],[-106.73634,29.8976],[-106.73582,29.90581],[-106.7412,29.9072],[-106.74233,29.914],[-106.74634,29.91526],[-106.74462,29.9194],[-106.75248,29.92184],[-106.75066,29.92609],[-106.7585,29.92833],[-106.75111,29.93549],[-106.75493,29.93669],[-106.75139,29.94553],[-106.75534,29.94677],[-106.75241,29.96503],[-106.77066,29.99544],[-106.78629,30.00829],[-106.78958,30.02733],[-106.76313,30.09179],[-106.79305,30.08641],[-106.79597,30.10807],[-106.77153,30.11033],[-106.77353,30.15093],[-106.75794,30.15409],[-106.74395,30.21079],[-106.87986,30.24622],[-106.87399,30.25825],[-106.92258,30.26175],[-106.92084,30.28071],[-106.9332,30.29108],[-106.94779,30.29435],[-106.95683,30.30912],[-106.96547,30.31535],[-106.97682,30.31519],[-106.99188,30.30289],[-107.01693,30.32351],[-107.04382,30.33482],[-107.07573,30.29717],[-107.09425,30.30966],[-107.1216,30.27615],[-107.16508,30.27926],[-107.11304,30.33975],[-107.19847,30.40095],[-107.05961,30.55821],[-107.13219,30.55587],[-107.13273,30.56176],[-107.12061,30.57022],[-107.11718,30.58702],[-107.10794,30.59852],[-107.09289,30.58983],[-107.09526,30.61718],[-107.08475,30.62676],[-107.06964,30.63305],[-107.14618,30.71225],[-107.08606,30.71326],[-107.06519,30.724],[-107.05759,30.73473],[-107.06045,30.75641],[-107.05138,30.76178],[-107.04824,30.7673],[-107.05239,30.79871],[-107.06067,30.80567],[-107.02938,30.80559],[-107.03674,30.86225],[-107.09931,30.86377],[-107.08593,30.87198],[-107.10087,30.88288],[-107.09344,30.9053],[-107.0797,30.9121],[-107.0722,30.93341],[-107.07369,30.95526],[-107.04664,30.9541],[-107.04562,31.02193],[-107.04135,31.02186],[-107.04039,31.0548],[-107.04515,31.05909],[-107.04492,31.08611],[-106.89486,31.08537],[-106.89482,31.15208],[-106.86066,31.14592],[-106.82129,31.11996],[-106.77696,31.1251],[-106.74578,31.13793],[-106.74523,31.16039],[-106.6864,31.16496],[-106.65903,31.17429],[-106.64775,31.17291],[-106.63534,31.16605],[-106.62972,31.15853],[-106.61469,31.15199],[-106.60756,31.15529],[-106.58958,31.15141],[-106.50149,31.15255],[-106.50742,31.18733]]]}},{"type":"Feature","properties":{"code":"08006","stateCode":"08","municipalityCode":"006","name":"Bachíniva"},"geometry":{"type":"Polygon","coordinates":[[[-107.32235,29.08064],[-107.26217,29.07113],[-107.27381,29.04717],[-107.26848,29.04519],[-107.26653,29.03327],[-107.2583,29.01826],[-107.25206,29.01425],[-107.23014,29.01127],[-107.2152,28.99759],[-107.20271,28.97756],[-107.20334,28.97371],[-107.19941,28.97133],[-107.2024,28.95037],[-107.19649,28.94895],[-107.19641,28.93481],[-107.189,28.93399],[-107.1899,28.92927],[-107.1817,28.92324],[-107.18094,28.91597],[-107.16232,28.91053],[-107.15043,28.90252],[-107.14471,28.90297],[-107.13476,28.88483],[-107.12379,28.87566],[-107.11479,28.87297],[-107.11283,28.84643],[-107.10896,28.84492],[-107.1128,28.83729],[-107.10895,28.83577],[-107.10742,28.82917],[-107.11433,28.81541],[-107.13317,28.81534],[-107.13867,28.80773],[-107.18709,28.80561],[-107.19218,28.79113],[-107.18871,28.78356],[-107.17829,28.78305],[-107.16188,28.75742],[-107.16666,28.74004],[-107.17879,28.74332],[-107.18053,28.73727],[-107.20577,28.70776],[-107.19531,28.70458],[-107.19566,28.69685],[-107.20443,28.67761],[-107.21942,28.67089],[-107.21656,28.66307],[-107.22163,28.63432],[-107.25792,28.62516],[-107.26829,28.64488],[-107.28072,28.64619],[-107.28104,28.64963],[-107.27038,28.64818],[-107.26886,28.65035],[-107.2804,28.66125],[-107.28364,28.66924],[-107.30101,28.67401],[-107.31002,28.68075],[-107.31086,28.67522],[-107.32514,28.67585],[-107.3113,28.71264],[-107.3218,28.72024],[-107.33583,28.71202],[-107.34373,28.71644],[-107.35589,28.71347],[-107.36124,28.71544],[-107.36498,28.72177],[-107.37871,28.7296],[-107.37459,28.73384],[-107.37482,28.74567],[-107.3836,28.75257],[-107.38969,28.76328],[-107.40224,28.76664],[-107.4107,28.76414],[-107.41828,28.76581],[-107.44801,28.79162],[-107.44305,28.79851],[-107.43175,28.79926],[-107.43198,28.8105],[-107.44098,28.82062],[-107.42442,28.8308],[-107.43357,28.84432],[-107.43133,28.84866],[-107.43389,28.86089],[-107.4468,28.88232],[-107.44755,28.88693],[-107.44159,28.88148],[-107.43996,28.88599],[-107.44861,28.91244],[-107.42005,28.91476],[-107.42818,28.94688],[-107.45731,28.94671],[-107.45755,28.97472],[-107.4349,28.97522],[-107.43095,28.99881],[-107.41284,28.9992],[-107.40051,29.00275],[-107.39813,29.00683],[-107.39419,29.00602],[-107.39091,28.99966],[-107.36471,28.99969],[-107.34426,28.99464],[-107.34009,29.01323],[-107.346,29.0144],[-107.34485,29.01761],[-107.33591,29.01626],[-107.33618,29.024],[-107.34883,29.03668],[-107.35699,29.05036],[-107.35645,29.06024],[-107.33243,29.0565],[-107.32235,29.08064]]]}},{"type":"Feature","properties":{"code":"08052","stateCode":"08","municipalityCode":"052","name":"Ojinaga"},"geometry":{"type":"Polygon","coordinates":[[[-104.97968,30.50718],[-104.95826,30.47869],[-104.93399,30.46752],[-104.86863,30.47264],[-104.86588,30.46646],[-104.86981,30.45773],[-104.86447,30.44991],[-104.86799,30.44111],[-104.85829,30.43735],[-104.86148,30.42644],[-104.85219,30.41895],[-104.84784,30.42068],[-104.84796,30.41392],[-104.85741,30.40828],[-104.85429,30.40041],[-104.85916,30.3904],[-104.83728,30.37387],[-104.81657,30.37512],[-104.81937,30.36796],[-104.81153,30.36668],[-104.8111,30.36166],[-104.81473,30.35319],[-104.82213,30.34994],[-104.80998,30.34109],[-104.81128,30.33265],[-104.79757,30.3305],[-104.7918,30.32583],[-104.78805,30.31751],[-104.77707,30.31027],[-104.77904,30.30331],[-104.76533,30.30612],[-104.76691,30.30367],[-104.76143,30.30101],[-104.75809,30.28268],[-104.76319,30.27458],[-104.75776,30.27141],[-104.75756,30.27418],[-104.75102,30.27155],[-104.74809,30.2742],[-104.7519,30.26385],[-104.75024,30.26169],[-104.73698,30.25594],[-104.73714,30.26148],[-104.73333,30.26112],[-104.71378,30.2385],[-104.70619,30.23413],[-104.71103,30.2232],[-104.7026,30.21286],[-104.70476,30.20786],[-104.70016,30.20452],[-104.69679,30.19146],[-104.68734,30.18002],[-104.68626,30.17292],[-104.68938,30.15459],[-104.68667,30.15207],[-104.68989,30.14923],[-104.68537,30.14427],[-104.68945,30.13757],[-104.69645,30.13468],[-104.69536,30.11834],[-104.69052,30.11759],[-104.69143,30.11132],[-104.68554,30.10897],[-104.68726,30.10568],[-104.69108,30.10861],[-104.69431,30.10168],[-104.68901,30.09524],[-104.68499,30.09926],[-104.6865,30.09108],[-104.68995,30.08861],[-104.68509,30.0854],[-104.6907,30.07759],[-104.68681,30.07656],[-104.68829,30.07362],[-104.69343,30.07357],[-104.69086,30.07049],[-104.69728,30.06508],[-104.70371,30.0643],[-104.7022,30.0596],[-104.70659,30.05058],[-104.6951,30.03782],[-104.70077,30.03575],[-104.7033,30.02266],[-104.68984,30.01496],[-104.69405,30.00278],[-104.68989,30.00288],[-104.68719,29.99614],[-104.69493,29.99256],[-104.68561,29.99026],[-104.68845,29.98081],[-104.69349,29.97583],[-104.6885,29.97378],[-104.68103,29.97759],[-104.68012,29.97461],[-104.68556,29.97104],[-104.68205,29.96929],[-104.68501,29.9566],[-104.67348,29.95601],[-104.67416,29.95131],[-104.6783,29.95172],[-104.68044,29.94683],[-104.67814,29.93923],[-104.68192,29.94016],[-104.68274,29.93531],[-104.67924,29.93241],[-104.68316,29.93171],[-104.68295,29.92917],[-104.67869,29.92655],[-104.67695,29.91307],[-104.66563,29.90942],[-104.66553,29.90161],[-104.66254,29.90132],[-104.66242,29.90523],[-104.65566,29.906],[-104.65518,29.90279],[-104.65887,29.90089],[-104.65803,29.89047],[-104.65071,29.89134],[-104.65218,29.88825],[-104.64635,29.88361],[-104.6458,29.87829],[-104.63293,29.87001],[-104.62994,29.85355],[-104.62164,29.84956],[-104.62371,29.84244],[-104.61903,29.84222],[-104.61566,29.84643],[-104.6094,29.83944],[-104.62036,29.83096],[-104.60858,29.82783],[-104.60999,29.81897],[-104.60096,29.81586],[-104.59382,29.80506],[-104.59181,29.80814],[-104.59381,29.80916],[-104.59115,29.80946],[-104.58601,29.80204],[-104.59056,29.79906],[-104.5898,29.79606],[-104.58127,29.79459],[-104.57873,29.78259],[-104.57072,29.77835],[-104.56535,29.77013],[-104.56834,29.76629],[-104.56394,29.76151],[-104.56968,29.7567],[-104.56971,29.75247],[-104.54971,29.7414],[-104.56044,29.73608],[-104.55598,29.73517],[-104.55633,29.73187],[-104.5495,29.73103],[-104.55248,29.72314],[-104.54952,29.72],[-104.55237,29.71734],[-104.54497,29.71653],[-104.54734,29.71453],[-104.5436,29.70399],[-104.54573,29.69912],[-104.53084,29.6905],[-104.54416,29.6807],[-104.53565,29.67349],[-104.53617,29.66725],[-104.53092,29.67077],[-104.52617,29.66798],[-104.52499,29.65957],[-104.5166,29.6524],[-104.51722,29.64736],[-104.50999,29.64448],[-104.51586,29.64101],[-104.51287,29.63737],[-104.50723,29.63259],[-104.50618,29.63773],[-104.49675,29.63937],[-104.49631,29.63519],[-104.48744,29.6338],[-104.48586,29.62869],[-104.47635,29.62833],[-104.474,29.61864],[-104.46558,29.61831],[-104.46666,29.6097],[-104.45635,29.60846],[-104.39898,29.573],[-104.39321,29.55351],[-104.38421,29.55386],[-104.38492,29.54299],[-104.37335,29.54415],[-104.36022,29.53586],[-104.35615,29.54119],[-104.35236,29.53677],[-104.35314,29.52867],[-104.33981,29.52723],[-104.33538,29.5198],[-104.32178,29.52228],[-104.31854,29.53174],[-104.31341,29.53176],[-104.31109,29.52363],[-104.29513,29.52388],[-104.29206,29.51977],[-104.26364,29.51416],[-104.26031,29.50667],[-104.25406,29.5065],[-104.23682,29.49715],[-104.23075,29.47912],[-104.21288,29.48509],[-104.20882,29.48067],[-104.21333,29.46156],[-104.21751,29.45612],[-104.19551,29.4414],[-104.1934,29.43527],[-104.18221,29.42722],[-104.18035,29.41285],[-104.16779,29.40288],[-104.16857,29.39712],[-104.16567,29.39362],[-104.15338,29.39326],[-104.15055,29.38696],[-104.14451,29.38776],[-104.14299,29.38058],[-104.13612,29.38481],[-104.12941,29.37985],[-104.12422,29.3812],[-104.11951,29.37073],[-104.10781,29.37357],[-104.09848,29.36623],[-104.09815,29.36158],[-104.09108,29.35963],[-104.09127,29.35347],[-104.08308,29.34658],[-104.07292,29.34619],[-104.05594,29.33688],[-104.05444,29.32998],[-104.03789,29.31991],[-103.97046,29.29684],[-103.97337,29.24011],[-103.97874,29.23729],[-104.11925,29.29501],[-104.13325,29.26919],[-104.14769,29.27897],[-104.15732,29.26057],[-104.20631,29.27355],[-104.23495,29.2755],[-104.29874,29.26705],[-104.29061,29.2447],[-104.27852,29.22386],[-104.27009,29.21706],[-104.26335,29.20264],[-104.26602,29.17832],[-104.24613,29.17718],[-104.24729,29.15492],[-104.20658,29.15313],[-104.20733,29.13019],[-104.21587,29.13078],[-104.2155,29.12428],[-104.17324,29.12252],[-104.15329,29.09406],[-104.17579,29.08169],[-104.15939,29.087],[-104.14044,29.06698],[-104.14336,29.05828],[-104.15773,29.0473],[-104.1389,29.00994],[-104.17272,29.01153],[-104.17792,29.005],[-104.15204,28.98723],[-104.12894,28.96532],[-104.14826,28.94701],[-104.1191,28.9177],[-104.14903,28.88752],[-104.17499,28.91385],[-104.18288,28.88537],[-104.15552,28.8551],[-104.18081,28.84005],[-104.1644,28.82688],[-104.18702,28.7937],[-104.18906,28.77504],[-104.2182,28.77855],[-104.22241,28.76061],[-104.22001,28.76082],[-104.21972,28.75605],[-104.2273,28.74028],[-104.24245,28.7453],[-104.25647,28.71655],[-104.21873,28.71849],[-104.24227,28.6544],[-104.26077,28.64846],[-104.2433,28.635],[-104.29306,28.58346],[-104.3273,28.61732],[-104.34841,28.59559],[-104.38755,28.6249],[-104.41964,28.63143],[-104.37094,28.68485],[-104.39441,28.69165],[-104.41772,28.6892],[-104.41732,28.69671],[-104.4372,28.70389],[-104.43727,28.73266],[-104.46471,28.73234],[-104.46544,28.75324],[-104.50536,28.75354],[-104.51647,28.76666],[-104.55782,28.75022],[-104.56006,28.75322],[-104.61723,28.7265],[-104.61741,28.7557],[-104.63924,28.74558],[-104.66092,28.73898],[-104.67021,28.73942],[-104.67218,28.73534],[-104.6854,28.76879],[-104.66218,28.77648],[-104.72817,28.84995],[-104.79161,28.93194],[-104.81858,28.96217],[-104.78256,28.96412],[-104.76672,29.0234],[-104.61826,29.14032],[-104.61339,29.19354],[-104.53663,29.19408],[-104.58298,29.25384],[-104.60045,29.26579],[-104.55137,29.28757],[-104.54347,29.29503],[-104.55951,29.30551],[-104.60636,29.35688],[-104.64836,29.37219],[-104.67425,29.38694],[-104.69141,29.36008],[-104.73717,29.43527],[-104.76926,29.46086],[-104.80164,29.49282],[-104.7894,29.52304],[-104.79702,29.71346],[-104.86207,29.72557],[-104.85936,29.72794],[-104.86192,29.73289],[-104.86871,29.73433],[-104.87534,29.74704],[-104.89814,29.7659],[-104.84317,29.79372],[-104.83478,29.81647],[-104.82708,29.88352],[-104.85367,29.88434],[-104.85006,29.88975],[-104.86014,29.9133],[-104.88528,29.92819],[-104.88089,29.93605],[-104.87378,29.93116],[-104.86628,29.9438],[-104.86439,29.95188],[-104.86716,29.9637],[-104.86138,29.96965],[-104.85789,29.97256],[-104.83602,29.96926],[-104.82821,29.99507],[-104.86317,30.00747],[-104.87743,30.05338],[-104.866,30.0644],[-104.87941,30.08402],[-104.87772,30.09457],[-104.88411,30.09953],[-104.88609,30.10602],[-104.88278,30.10789],[-104.87871,30.1279],[-104.87661,30.12746],[-104.8885,30.13708],[-104.89911,30.13733],[-104.89022,30.14295],[-104.8788,30.16377],[-104.87673,30.17484],[-104.90377,30.17323],[-104.91188,30.22886],[-104.92612,30.25869],[-104.93035,30.25799],[-104.92804,30.26231],[-104.93875,30.2844],[-104.87634,30.38101],[-104.95298,30.38289],[-105.02601,30.5078],[-104.97968,30.50718]]]}},{"type":"Feature","properties":{"code":"08020","stateCode":"08","municipalityCode":"020","name":"Chínipas"},"geometry":{"type":"Polygon","coordinates":[[[-108.51643,27.77881],[-108.51009,27.77666],[-108.49994,27.75772],[-108.47589,27.77549],[-108.44749,27.7746],[-108.43276,27.7837],[-108.41768,27.76045],[-108.42337,27.75543],[-108.42001,27.7542],[-108.41822,27.75755],[-108.4093,27.75969],[-108.39677,27.7555],[-108.39211,27.74109],[-108.39326,27.73505],[-108.38495,27.72252],[-108.38499,27.71667],[-108.3774,27.71726],[-108.36876,27.70169],[-108.38149,27.68119],[-108.32926,27.71107],[-108.32153,27.73648],[-108.33174,27.74656],[-108.29186,27.74004],[-108.28461,27.72048],[-108.26844,27.69384],[-108.29152,27.64165],[-108.37204,27.55753],[-108.44185,27.58373],[-108.44608,27.57694],[-108.45165,27.57572],[-108.4531,27.56935],[-108.46261,27.56898],[-108.45761,27.55677],[-108.46889,27.54038],[-108.46748,27.53462],[-108.47885,27.52598],[-108.47723,27.52295],[-108.47219,27.52362],[-108.47376,27.51647],[-108.46748,27.50631],[-108.46702,27.48996],[-108.47111,27.48195],[-108.46591,27.47992],[-108.46388,27.46704],[-108.46043,27.46299],[-108.4529,27.46379],[-108.44806,27.45689],[-108.45364,27.44765],[-108.44825,27.43301],[-108.41098,27.41082],[-108.4066,27.40132],[-108.39699,27.40455],[-108.38808,27.40055],[-108.37414,27.41529],[-108.36413,27.41798],[-108.36067,27.41101],[-108.36515,27.39912],[-108.36151,27.38503],[-108.3518,27.37571],[-108.35748,27.37075],[-108.35288,27.36148],[-108.3619,27.34164],[-108.34221,27.31184],[-108.33983,27.30225],[-108.34189,27.29861],[-108.33847,27.29485],[-108.34223,27.2929],[-108.34048,27.28868],[-108.34418,27.28814],[-108.34542,27.28416],[-108.35235,27.28612],[-108.3545,27.28089],[-108.3618,27.27708],[-108.36195,27.27009],[-108.36659,27.26954],[-108.36217,27.26707],[-108.36557,27.2677],[-108.36582,27.26134],[-108.3769,27.2596],[-108.38407,27.25199],[-108.38245,27.24844],[-108.38765,27.24814],[-108.38999,27.23383],[-108.39561,27.22874],[-108.40834,27.22494],[-108.41748,27.23214],[-108.42826,27.23016],[-108.43824,27.23853],[-108.44657,27.23634],[-108.44406,27.23401],[-108.45086,27.21574],[-108.46143,27.21604],[-108.46617,27.22015],[-108.47062,27.21711],[-108.46596,27.20854],[-108.46819,27.19886],[-108.47819,27.1949],[-108.48478,27.18235],[-108.47811,27.17504],[-108.47735,27.16877],[-108.48047,27.16308],[-108.48915,27.1617],[-108.49338,27.14866],[-108.49487,27.13541],[-108.49016,27.12915],[-108.49509,27.11048],[-108.47417,27.09136],[-108.47162,27.08082],[-108.47717,27.07153],[-108.47284,27.06178],[-108.47651,27.0558],[-108.46445,27.05114],[-108.47094,27.03666],[-108.47043,27.03075],[-108.47585,27.04],[-108.48576,27.0375],[-108.48704,27.03253],[-108.49173,27.03138],[-108.48599,27.02883],[-108.48364,27.01851],[-108.4973,27.01341],[-108.50157,27.0084],[-108.50087,27.00444],[-108.50444,27.00718],[-108.50625,27.0029],[-108.50176,26.99666],[-108.50419,26.99243],[-108.50249,26.98736],[-108.55176,26.99715],[-108.57225,27.01266],[-108.56254,27.04602],[-108.60228,27.03694],[-108.60619,27.06359],[-108.59696,27.0769],[-108.60073,27.11897],[-108.61143,27.15414],[-108.62242,27.15689],[-108.64432,27.17881],[-108.65322,27.17605],[-108.64752,27.1867],[-108.64934,27.1912],[-108.65334,27.18998],[-108.66258,27.21954],[-108.65809,27.23165],[-108.66438,27.2394],[-108.64734,27.25698],[-108.62559,27.28925],[-108.59105,27.31808],[-108.62913,27.38292],[-108.62774,27.41057],[-108.63342,27.42814],[-108.66165,27.46474],[-108.65302,27.46903],[-108.65578,27.47731],[-108.65241,27.53703],[-108.65528,27.5438],[-108.71281,27.56625],[-108.72296,27.58815],[-108.73985,27.59995],[-108.72519,27.63636],[-108.7182,27.62984],[-108.70375,27.62902],[-108.69419,27.63338],[-108.68776,27.63167],[-108.66842,27.63982],[-108.66241,27.65074],[-108.65204,27.64743],[-108.6445,27.64961],[-108.67243,27.67619],[-108.63366,27.71002],[-108.63515,27.71831],[-108.63138,27.72151],[-108.62758,27.72051],[-108.626,27.72719],[-108.63188,27.74706],[-108.63897,27.74759],[-108.65544,27.76241],[-108.64563,27.76737],[-108.63744,27.75972],[-108.63805,27.76823],[-108.62976,27.78022],[-108.61538,27.78407],[-108.60876,27.78901],[-108.60715,27.79549],[-108.52949,27.80285],[-108.51643,27.77881]]]}},{"type":"Feature","properties":{"code":"08041","stateCode":"08","municipalityCode":"041","name":"Maguarichi"},"geometry":{"type":"Polygon","coordinates":[[[-107.97802,28.04737],[-107.96985,28.04723],[-107.95965,28.04079],[-107.9512,28.04589],[-107.92776,28.03528],[-107.9055,28.0155],[-107.90319,28.0106],[-107.90523,28.00419],[-107.89397,28.00701],[-107.88485,28.00007],[-107.88073,28.00284],[-107.87095,27.99337],[-107.87308,27.9889],[-107.87125,27.98387],[-107.86589,27.98197],[-107.86717,27.97656],[-107.85749,27.9737],[-107.86213,27.97051],[-107.85857,27.96451],[-107.86112,27.95398],[-107.85452,27.94331],[-107.84331,27.9395],[-107.83741,27.92237],[-107.83949,27.91066],[-107.83599,27.90332],[-107.84309,27.88493],[-107.84009,27.88321],[-107.84075,27.87417],[-107.85182,27.85239],[-107.84797,27.84837],[-107.84873,27.84277],[-107.84292,27.83101],[-107.84516,27.82744],[-107.84223,27.81805],[-107.84449,27.81565],[-107.83409,27.79296],[-107.83244,27.76965],[-107.84628,27.75152],[-107.84769,27.7552],[-107.85582,27.74783],[-107.85448,27.72583],[-107.86077,27.72686],[-107.8612,27.71962],[-107.86601,27.71229],[-107.86717,27.69954],[-107.87255,27.6914],[-107.86946,27.68277],[-107.8808,27.6856],[-107.89629,27.67399],[-107.89051,27.64369],[-107.89529,27.63403],[-107.90784,27.637],[-107.91178,27.64844],[-107.92359,27.65388],[-107.93419,27.64701],[-107.9321,27.64337],[-107.94014,27.63245],[-107.94807,27.64255],[-107.95575,27.64507],[-107.96084,27.64292],[-107.96747,27.64806],[-107.97319,27.64831],[-107.97178,27.63501],[-107.95868,27.62354],[-107.95793,27.60874],[-107.96754,27.60654],[-107.97104,27.59102],[-107.97276,27.59643],[-107.98347,27.59689],[-107.98559,27.60343],[-107.99269,27.60912],[-107.99973,27.60751],[-108.01171,27.6164],[-108.02437,27.61101],[-108.02781,27.60641],[-108.03133,27.61631],[-108.03307,27.61447],[-108.03814,27.6192],[-108.03577,27.62674],[-108.06513,27.63464],[-108.07172,27.64626],[-108.07942,27.64806],[-108.07526,27.67345],[-108.0937,27.70554],[-108.08903,27.71616],[-108.09595,27.72256],[-108.05186,27.74186],[-108.02652,27.73883],[-108.03129,27.74654],[-108.03765,27.74738],[-108.0474,27.76723],[-108.06212,27.76915],[-108.07493,27.78275],[-108.07498,27.79139],[-108.07028,27.79605],[-108.07424,27.805],[-108.07477,27.81992],[-108.09417,27.83936],[-108.09568,27.85651],[-108.12114,27.8901],[-108.11941,27.90522],[-108.11141,27.91347],[-108.11306,27.92143],[-108.10189,27.93857],[-108.11521,27.95823],[-108.09188,27.96383],[-108.08827,27.99787],[-108.08535,28.00283],[-108.07637,28.00474],[-108.05898,28.02599],[-108.05132,28.02806],[-108.04308,28.03685],[-108.03288,28.03738],[-108.02915,28.04287],[-108.02166,28.04253],[-108.01817,28.03816],[-108.0161,28.04042],[-107.97692,28.0424],[-107.97802,28.04737]]]}},{"type":"Feature","properties":{"code":"08055","stateCode":"08","municipalityCode":"055","name":"Rosales"},"geometry":{"type":"Polygon","coordinates":[[[-105.6126,28.60695],[-105.60454,28.59315],[-105.57351,28.57568],[-105.5707,28.56889],[-105.5591,28.56317],[-105.55979,28.56692],[-105.55503,28.56771],[-105.54052,28.56155],[-105.53805,28.55776],[-105.53495,28.56007],[-105.52814,28.55932],[-105.52814,28.55652],[-105.51685,28.55653],[-105.51164,28.54681],[-105.5047,28.54851],[-105.4902,28.54382],[-105.50045,28.50678],[-105.49508,28.50508],[-105.49506,28.49486],[-105.48659,28.48912],[-105.49485,28.49226],[-105.51251,28.47825],[-105.54453,28.47312],[-105.54758,28.46393],[-105.55613,28.46086],[-105.5612,28.45154],[-105.57937,28.44414],[-105.57825,28.44002],[-105.58594,28.43521],[-105.58892,28.42859],[-105.61382,28.43231],[-105.61869,28.42438],[-105.62298,28.42636],[-105.62802,28.41988],[-105.63427,28.42094],[-105.64842,28.41415],[-105.64863,28.4094],[-105.65666,28.40876],[-105.63691,28.39206],[-105.64187,28.38734],[-105.62934,28.35994],[-105.58924,28.32165],[-105.58403,28.31065],[-105.58499,28.30166],[-105.57031,28.2863],[-105.57017,28.28206],[-105.56916,28.28563],[-105.56579,28.28566],[-105.56583,28.28167],[-105.55357,28.28063],[-105.52384,28.27064],[-105.50901,28.25555],[-105.51533,28.24841],[-105.50074,28.2335],[-105.49413,28.18383],[-105.52736,28.17976],[-105.53396,28.17339],[-105.53211,28.16405],[-105.54086,28.1494],[-105.55521,28.14229],[-105.55514,28.13805],[-105.57857,28.12807],[-105.57351,28.12431],[-105.57724,28.12117],[-105.57992,28.12286],[-105.60758,28.10962],[-105.60579,28.11594],[-105.61233,28.11312],[-105.60398,28.1277],[-105.63835,28.10229],[-105.64124,28.10399],[-105.65717,28.08517],[-105.65348,28.07729],[-105.66177,28.06048],[-105.68284,28.05574],[-105.64081,28.01259],[-105.67058,27.99518],[-105.69292,27.99467],[-105.71929,27.98693],[-105.72448,27.98097],[-105.73002,27.98268],[-105.7592,27.93535],[-105.77372,27.92584],[-105.78267,27.91205],[-105.7905,27.9079],[-105.81803,27.87906],[-105.82582,27.87988],[-105.83385,27.88355],[-105.84268,27.89936],[-105.84916,27.90148],[-105.86337,27.89915],[-105.87175,27.90754],[-105.876,27.93263],[-105.8839,27.93767],[-105.89353,27.93701],[-105.89541,27.9455],[-105.91371,27.93868],[-105.93071,27.94283],[-105.94179,27.96324],[-105.97372,27.9849],[-105.97764,28.00344],[-105.9892,28.01302],[-105.97935,28.01483],[-105.97903,28.01856],[-105.97237,28.01806],[-105.96254,28.02446],[-105.97245,28.02645],[-105.99603,28.08664],[-106.00782,28.10087],[-106.01387,28.0997],[-106.02302,28.0868],[-106.04483,28.09603],[-106.04978,28.10178],[-106.0578,28.10008],[-106.0659,28.10484],[-106.07007,28.10125],[-106.07017,28.11466],[-106.08187,28.11616],[-106.09007,28.11372],[-106.09544,28.12221],[-106.06801,28.14536],[-106.04224,28.1491],[-106.02821,28.14411],[-105.97448,28.1365],[-105.97647,28.20194],[-105.9401,28.20666],[-105.92888,28.22519],[-105.93111,28.23359],[-105.92027,28.25936],[-105.91003,28.25441],[-105.89448,28.27897],[-105.86193,28.27661],[-105.83614,28.26995],[-105.83262,28.27364],[-105.82731,28.27288],[-105.83505,28.28742],[-105.82125,28.29174],[-105.77999,28.2977],[-105.76737,28.28963],[-105.76171,28.29127],[-105.75397,28.30277],[-105.75798,28.30944],[-105.75561,28.31651],[-105.7617,28.32722],[-105.76027,28.34137],[-105.75559,28.34485],[-105.75678,28.35042],[-105.74126,28.34843],[-105.73898,28.37615],[-105.73418,28.37948],[-105.72676,28.34565],[-105.70281,28.342],[-105.71038,28.41213],[-105.72031,28.43729],[-105.72646,28.43639],[-105.72784,28.43873],[-105.72824,28.45293],[-105.73828,28.46926],[-105.71246,28.47462],[-105.68773,28.4952],[-105.75043,28.55713],[-105.68928,28.55612],[-105.68946,28.57836],[-105.67923,28.57843],[-105.6792,28.58766],[-105.6588,28.58752],[-105.65877,28.58211],[-105.64855,28.58216],[-105.64854,28.57853],[-105.63366,28.57866],[-105.63353,28.56777],[-105.62831,28.56777],[-105.62829,28.5752],[-105.62376,28.57546],[-105.62374,28.5715],[-105.61848,28.57155],[-105.61845,28.56776],[-105.62378,28.56777],[-105.62379,28.56435],[-105.63351,28.56427],[-105.63346,28.56053],[-105.61371,28.56064],[-105.6126,28.60695]]]}},{"type":"Feature","properties":{"code":"08032","stateCode":"08","municipalityCode":"032","name":"Hidalgo del Parral"},"geometry":{"type":"Polygon","coordinates":[[[-105.61026,27.34274],[-105.62207,27.311],[-105.55413,27.28923],[-105.55325,27.29494],[-105.54971,27.29565],[-105.54668,27.30209],[-105.52988,27.31062],[-105.51695,27.31335],[-105.50966,27.30959],[-105.49228,27.30908],[-105.51881,27.35696],[-105.43059,27.34347],[-105.42599,27.34653],[-105.43151,27.33933],[-105.42673,27.3375],[-105.42733,27.33449],[-105.43741,27.328],[-105.4359,27.31808],[-105.43009,27.30997],[-105.43527,27.29822],[-105.42903,27.29503],[-105.42681,27.28667],[-105.42233,27.2868],[-105.4117,27.27111],[-105.41355,27.25678],[-105.40648,27.25159],[-105.4056,27.24027],[-105.39744,27.2275],[-105.40648,27.21223],[-105.4074,27.19333],[-105.42141,27.183],[-105.41783,27.17884],[-105.45384,27.18981],[-105.45661,27.18822],[-105.45515,27.18036],[-105.46083,27.1767],[-105.46171,27.16808],[-105.45511,27.15559],[-105.49424,27.16945],[-105.49159,27.15968],[-105.49479,27.15654],[-105.49085,27.15213],[-105.49446,27.14391],[-105.50875,27.14421],[-105.51869,27.14053],[-105.53913,27.1419],[-105.54997,27.13407],[-105.55306,27.11618],[-105.54953,27.10861],[-105.57216,27.08056],[-105.56356,27.07105],[-105.56269,27.06284],[-105.56589,27.05784],[-105.56153,27.03727],[-105.55343,27.04111],[-105.54021,27.04111],[-105.54106,27.04638],[-105.52116,27.05468],[-105.51891,27.04169],[-105.51128,27.04068],[-105.50221,27.01748],[-105.50997,27.00965],[-105.51334,26.99652],[-105.5104,26.98738],[-105.51392,26.97736],[-105.50816,26.96962],[-105.51934,26.95821],[-105.52569,26.95752],[-105.52652,26.94528],[-105.53778,26.9371],[-105.53667,26.93426],[-105.54234,26.92962],[-105.55126,26.90774],[-105.5687,26.89733],[-105.56885,26.88503],[-105.57465,26.87624],[-105.5724,26.86961],[-105.58616,26.87712],[-105.58717,26.87283],[-105.60063,26.87943],[-105.60266,26.8715],[-105.61079,26.87035],[-105.61909,26.88113],[-105.62485,26.88172],[-105.62936,26.89359],[-105.67482,26.87821],[-105.6869,26.87829],[-105.69081,26.86236],[-105.73254,26.91175],[-105.77892,26.92968],[-105.77091,26.93491],[-105.79617,26.93638],[-105.81147,26.95327],[-105.8187,26.94958],[-105.82501,26.96645],[-105.83049,26.96185],[-105.83554,26.96985],[-105.83314,26.97262],[-105.84121,26.9777],[-105.84222,26.98242],[-105.86836,26.98734],[-105.86756,26.99399],[-105.85854,27.00341],[-105.86145,27.00613],[-105.8678,27.00625],[-105.8772,26.99913],[-105.8812,27.00627],[-105.89492,27.00904],[-105.90459,27.01628],[-105.90944,27.01075],[-105.90686,27.00409],[-105.91723,26.99566],[-105.91742,26.99059],[-105.92907,26.98714],[-105.93887,26.9951],[-105.94385,27.00692],[-105.948,27.00816],[-105.94703,27.01854],[-105.9398,27.02511],[-105.94333,27.02556],[-105.94317,27.03372],[-105.94775,27.03522],[-105.94554,27.04232],[-105.94805,27.04534],[-105.94233,27.05382],[-105.93346,27.05591],[-105.93474,27.05997],[-105.95187,27.06174],[-105.94741,27.0777],[-105.95007,27.07913],[-105.94765,27.08733],[-105.95187,27.09851],[-105.95523,27.09541],[-105.95948,27.09771],[-105.96317,27.10597],[-105.97026,27.10847],[-105.97824,27.11809],[-105.97618,27.12403],[-105.96347,27.12968],[-105.95649,27.18077],[-105.94067,27.1793],[-105.93425,27.19128],[-105.92594,27.19381],[-105.92195,27.20067],[-105.91547,27.20139],[-105.91924,27.20745],[-105.91799,27.21534],[-105.92627,27.22448],[-105.94456,27.2359],[-105.95686,27.23327],[-105.94846,27.23891],[-105.93838,27.23976],[-105.92865,27.24751],[-105.93509,27.24986],[-105.94547,27.24818],[-105.95149,27.25683],[-105.95621,27.28206],[-105.95298,27.28553],[-105.95483,27.29271],[-105.95198,27.29785],[-105.95164,27.32485],[-105.95645,27.33452],[-105.94313,27.33869],[-105.92394,27.33306],[-105.91523,27.32655],[-105.91454,27.31822],[-105.89934,27.31204],[-105.88175,27.29329],[-105.86129,27.30605],[-105.86114,27.29896],[-105.85719,27.29616],[-105.85306,27.2828],[-105.84021,27.27547],[-105.83717,27.28068],[-105.80435,27.29204],[-105.80008,27.28622],[-105.7778,27.27391],[-105.78633,27.25837],[-105.77724,27.25103],[-105.7702,27.23631],[-105.75748,27.23126],[-105.75213,27.22548],[-105.73708,27.23279],[-105.73054,27.24072],[-105.7275,27.2561],[-105.71914,27.26029],[-105.7201,27.27385],[-105.70678,27.27892],[-105.71997,27.32223],[-105.63004,27.36818],[-105.61026,27.34274]]]}},{"type":"Feature","properties":{"code":"08017","stateCode":"08","municipalityCode":"017","name":"Cuauhtémoc"},"geometry":{"type":"Polygon","coordinates":[[[-107.07094,29.19805],[-107.05781,29.19703],[-107.05852,29.15114],[-106.9992,29.12021],[-106.99089,29.12365],[-106.9896,29.12812],[-106.97099,29.12394],[-106.96047,29.11152],[-106.92209,29.12323],[-106.87775,29.08516],[-106.80847,29.14227],[-106.78904,29.12916],[-106.82826,29.04447],[-106.81396,29.042],[-106.80921,29.05654],[-106.80599,29.05573],[-106.81019,29.04129],[-106.77692,29.0329],[-106.77445,28.95362],[-106.75955,28.945],[-106.76568,28.91383],[-106.83157,28.92406],[-106.83293,28.91728],[-106.84385,28.91913],[-106.84906,28.88799],[-106.82294,28.8667],[-106.82372,28.86225],[-106.8021,28.85877],[-106.81119,28.8501],[-106.78658,28.84057],[-106.79249,28.82883],[-106.80475,28.82316],[-106.8114,28.82776],[-106.81277,28.82508],[-106.82042,28.82803],[-106.82226,28.82413],[-106.84159,28.83164],[-106.86155,28.81366],[-106.85557,28.8085],[-106.85107,28.81287],[-106.84734,28.80974],[-106.85464,28.80111],[-106.86273,28.79938],[-106.8701,28.79248],[-106.86375,28.78704],[-106.88828,28.76372],[-106.85874,28.75929],[-106.84149,28.75236],[-106.82763,28.76333],[-106.81047,28.75942],[-106.78379,28.7373],[-106.76189,28.6597],[-106.74541,28.64628],[-106.74074,28.63897],[-106.74141,28.63286],[-106.73471,28.62404],[-106.72023,28.61802],[-106.72301,28.61188],[-106.71421,28.61858],[-106.70981,28.61757],[-106.70683,28.62184],[-106.69203,28.62394],[-106.62718,28.57926],[-106.58897,28.53303],[-106.54974,28.51536],[-106.58356,28.51025],[-106.5905,28.51609],[-106.59155,28.50583],[-106.59602,28.50286],[-106.62232,28.49914],[-106.62771,28.49233],[-106.59084,28.49174],[-106.58785,28.4751],[-106.59808,28.47713],[-106.59147,28.45599],[-106.58702,28.45601],[-106.56609,28.44266],[-106.54515,28.4185],[-106.55454,28.41527],[-106.62574,28.42963],[-106.62948,28.4249],[-106.63387,28.42686],[-106.63342,28.42035],[-106.65321,28.42442],[-106.66213,28.41753],[-106.65975,28.40373],[-106.65241,28.39491],[-106.65255,28.38818],[-106.66009,28.37669],[-106.6794,28.37827],[-106.71229,28.37137],[-106.71279,28.36716],[-106.7209,28.36716],[-106.72492,28.36309],[-106.72907,28.35423],[-106.73275,28.35316],[-106.73801,28.35737],[-106.76273,28.3465],[-106.76754,28.34062],[-106.77381,28.34494],[-106.776,28.35384],[-106.78084,28.34961],[-106.78435,28.35374],[-106.8192,28.36228],[-106.85177,28.36542],[-106.87698,28.36256],[-106.8802,28.33923],[-106.94336,28.33929],[-106.94339,28.34217],[-107.00008,28.33854],[-107.04876,28.34127],[-107.05095,28.34798],[-107.06463,28.35089],[-107.06159,28.35836],[-107.06484,28.36184],[-107.05658,28.37277],[-107.05072,28.37511],[-107.05008,28.37964],[-107.04624,28.38165],[-107.04689,28.38795],[-107.03801,28.39697],[-107.04126,28.40204],[-107.04795,28.40131],[-107.08561,28.41825],[-107.09089,28.44867],[-107.08319,28.44655],[-107.08322,28.45675],[-107.08675,28.4591],[-107.09045,28.47032],[-107.08787,28.49606],[-107.10057,28.49538],[-107.10587,28.50563],[-107.11846,28.51828],[-107.12043,28.52624],[-107.13519,28.52982],[-107.14342,28.54055],[-107.15216,28.54361],[-107.16423,28.54077],[-107.17557,28.55076],[-107.18836,28.55089],[-107.18246,28.56312],[-107.17481,28.56978],[-107.17917,28.58188],[-107.18683,28.58469],[-107.19114,28.57846],[-107.19059,28.58412],[-107.19448,28.58547],[-107.20926,28.57667],[-107.2162,28.57868],[-107.21791,28.58274],[-107.22322,28.5825],[-107.22128,28.60092],[-107.22741,28.63295],[-107.22163,28.63432],[-107.21656,28.66307],[-107.21942,28.67089],[-107.20443,28.67761],[-107.19838,28.68918],[-107.19531,28.70458],[-107.20577,28.70776],[-107.18053,28.73727],[-107.17879,28.74332],[-107.16666,28.74004],[-107.16194,28.75702],[-107.17829,28.78305],[-107.18871,28.78356],[-107.19218,28.79113],[-107.18709,28.80561],[-107.13867,28.80773],[-107.13317,28.81534],[-107.11433,28.81541],[-107.10742,28.82917],[-107.10895,28.83577],[-107.1128,28.83729],[-107.10896,28.84492],[-107.11283,28.84643],[-107.11479,28.87297],[-107.12379,28.87566],[-107.13476,28.88483],[-107.14462,28.90291],[-107.15043,28.90252],[-107.16232,28.91053],[-107.18094,28.91597],[-107.1817,28.92324],[-107.1899,28.92927],[-107.189,28.93399],[-107.19641,28.93481],[-107.19649,28.94895],[-107.2024,28.95037],[-107.19941,28.97133],[-107.20334,28.97371],[-107.20271,28.97756],[-107.2152,28.99759],[-107.23014,29.01127],[-107.25617,29.01636],[-107.26653,29.03327],[-107.26848,29.04519],[-107.27381,29.04717],[-107.26217,29.07113],[-107.25814,29.07012],[-107.22384,29.11944],[-107.16192,29.11565],[-107.16081,29.10837],[-107.11531,29.11042],[-107.10559,29.13661],[-107.10959,29.14416],[-107.11586,29.14732],[-107.11429,29.15202],[-107.07439,29.1682],[-107.07094,29.19805]]]}},{"type":"Feature","properties":{"code":"08043","stateCode":"08","municipalityCode":"043","name":"Matachí"},"geometry":{"type":"Polygon","coordinates":[[[-107.73314,28.98484],[-107.70024,28.97512],[-107.67295,28.97484],[-107.66343,28.97003],[-107.65698,28.96191],[-107.65561,28.95484],[-107.62977,28.96053],[-107.59401,28.9514],[-107.57385,28.94248],[-107.57508,28.93655],[-107.59431,28.92729],[-107.58079,28.91095],[-107.57215,28.916],[-107.57044,28.89966],[-107.55358,28.8999],[-107.55354,28.89181],[-107.5442,28.89025],[-107.57963,28.86418],[-107.58656,28.80246],[-107.60354,28.79505],[-107.61107,28.75866],[-107.63368,28.74467],[-107.63106,28.7374],[-107.63833,28.73292],[-107.63439,28.72997],[-107.63966,28.72672],[-107.65548,28.73171],[-107.65435,28.71109],[-107.66903,28.72105],[-107.67965,28.69877],[-107.7435,28.67069],[-107.7549,28.64556],[-107.76087,28.64555],[-107.75891,28.64703],[-107.7626,28.65088],[-107.76518,28.64563],[-107.77889,28.64723],[-107.77674,28.69519],[-107.8095,28.66647],[-107.83837,28.65507],[-107.83933,28.66698],[-107.83151,28.68818],[-107.8321,28.69729],[-107.86392,28.78596],[-107.85875,28.79012],[-107.86138,28.79369],[-107.85715,28.80701],[-107.85851,28.82492],[-107.85287,28.82868],[-107.85614,28.84011],[-107.85888,28.84114],[-107.85302,28.84871],[-107.87527,28.85286],[-107.82933,28.91484],[-107.81969,28.91216],[-107.82896,28.88325],[-107.81191,28.88383],[-107.81048,28.88871],[-107.79905,28.89466],[-107.79154,28.89348],[-107.77958,28.88569],[-107.77734,28.88704],[-107.78557,28.90653],[-107.80164,28.93073],[-107.78803,28.92702],[-107.78445,28.93919],[-107.77385,28.94724],[-107.75557,28.95118],[-107.75481,28.9556],[-107.74632,28.95409],[-107.73619,28.97158],[-107.73314,28.98484]]]}},{"type":"Feature","properties":{"code":"08016","stateCode":"08","municipalityCode":"016","name":"La Cruz"},"geometry":{"type":"Polygon","coordinates":[[[-105.08367,28.04325],[-104.94919,28.03761],[-104.90698,28.02511],[-104.91377,28.00943],[-104.86242,28.00566],[-104.85006,27.95851],[-104.8289,27.94857],[-104.83527,27.94269],[-104.82452,27.94101],[-104.81669,27.89583],[-104.81843,27.88689],[-104.80687,27.87938],[-104.78151,27.88059],[-104.76296,27.87373],[-104.75792,27.86599],[-104.76827,27.86588],[-104.79802,27.85647],[-104.81955,27.84106],[-104.82923,27.83908],[-104.83146,27.84179],[-104.84308,27.84219],[-104.85457,27.83657],[-104.85841,27.83158],[-104.86388,27.83044],[-104.85781,27.81402],[-104.89926,27.80141],[-104.90161,27.80436],[-104.90774,27.80312],[-104.91838,27.79595],[-104.97111,27.78378],[-104.99323,27.75763],[-105.00703,27.7617],[-105.01352,27.77355],[-105.00441,27.78053],[-104.99761,27.79977],[-105.00452,27.80632],[-105.01793,27.81061],[-105.02137,27.80591],[-105.03605,27.80751],[-105.06564,27.79624],[-105.09178,27.78157],[-105.10544,27.78303],[-105.13889,27.77757],[-105.14187,27.78334],[-105.15577,27.78311],[-105.16197,27.78718],[-105.16428,27.79324],[-105.17501,27.79572],[-105.17868,27.78158],[-105.17394,27.78065],[-105.1742,27.77745],[-105.21999,27.77454],[-105.2263,27.78142],[-105.25811,27.76234],[-105.28658,27.79331],[-105.25473,27.81237],[-105.31647,27.87954],[-105.24806,27.92763],[-105.24096,27.92711],[-105.23889,27.93244],[-105.22274,27.94133],[-105.22057,27.94166],[-105.22705,27.9337],[-105.21974,27.92235],[-105.21162,27.92796],[-105.20607,27.94041],[-105.19688,27.93562],[-105.21523,27.96067],[-105.17822,27.98223],[-105.16987,27.99859],[-105.06625,28.00738],[-105.08367,28.04325]]]}},{"type":"Feature","properties":{"code":"08023","stateCode":"08","municipalityCode":"023","name":"Galeana"},"geometry":{"type":"Polygon","coordinates":[[[-107.50796,30.42563],[-107.50797,30.37774],[-107.49591,30.36889],[-107.46024,30.33106],[-107.44363,30.26561],[-107.44168,29.96238],[-107.79213,29.96064],[-107.79441,30.0312],[-107.80453,30.02991],[-107.81577,30.03271],[-107.82564,30.0286],[-107.83222,30.03327],[-107.83725,30.02847],[-107.84434,30.03098],[-107.84622,30.03598],[-107.85687,30.03272],[-107.87499,30.04019],[-107.88693,30.05144],[-107.89693,30.04523],[-107.89548,30.0292],[-107.90129,30.00968],[-107.92579,30.01824],[-107.92842,30.02211],[-107.93225,30.02134],[-107.93291,30.02875],[-107.92643,30.04681],[-107.93361,30.04418],[-107.93679,30.05336],[-107.93165,30.06717],[-107.9418,30.07213],[-107.94363,30.08096],[-107.95291,30.08586],[-107.95381,30.09026],[-107.96134,30.09176],[-107.95816,30.09542],[-107.96381,30.09911],[-107.95616,30.16372],[-107.87206,30.15606],[-107.8681,30.15947],[-107.83622,30.15369],[-107.82957,30.16124],[-107.82167,30.1569],[-107.81303,30.16424],[-107.79615,30.16916],[-107.78315,30.18374],[-107.76622,30.18403],[-107.73588,30.1759],[-107.72782,30.23007],[-107.7477,30.24091],[-107.77401,30.26339],[-107.7754,30.38301],[-107.74197,30.38115],[-107.72627,30.37588],[-107.71237,30.38136],[-107.6975,30.38008],[-107.69458,30.38381],[-107.68376,30.387],[-107.67474,30.37828],[-107.6463,30.37377],[-107.64165,30.36845],[-107.6187,30.36849],[-107.61749,30.37728],[-107.58218,30.37743],[-107.58432,30.44907],[-107.50796,30.42563]]]}},{"type":"Feature","properties":{"code":"08059","stateCode":"08","municipalityCode":"059","name":"San Francisco del Oro"},"geometry":{"type":"Polygon","coordinates":[[[-105.9033,27.01587],[-105.89492,27.00904],[-105.8812,27.00627],[-105.8772,26.99913],[-105.8678,27.00625],[-105.86145,27.00613],[-105.85854,27.00341],[-105.86756,26.99399],[-105.86836,26.98734],[-105.84222,26.98242],[-105.84121,26.9777],[-105.83314,26.97262],[-105.83554,26.96985],[-105.83049,26.96185],[-105.82501,26.96645],[-105.8187,26.94958],[-105.81147,26.95327],[-105.79617,26.93638],[-105.77091,26.93491],[-105.78091,26.93167],[-105.81034,26.85671],[-105.8559,26.83013],[-105.89636,26.7956],[-105.91886,26.78657],[-105.92988,26.76589],[-105.93757,26.76668],[-105.93919,26.76322],[-106.04734,26.84488],[-106.06505,26.82763],[-106.07811,26.79831],[-106.09426,26.81743],[-106.10834,26.84812],[-106.12687,26.83292],[-106.13943,26.82975],[-106.14488,26.83427],[-106.14632,26.82924],[-106.14924,26.83819],[-106.1468,26.84042],[-106.15668,26.84531],[-106.15607,26.85001],[-106.16141,26.85615],[-106.15056,26.86687],[-106.15631,26.86784],[-106.15558,26.8904],[-106.15029,26.88686],[-106.12047,26.92326],[-106.09366,26.93087],[-106.06133,26.88257],[-106.05732,26.86925],[-106.01614,26.8608],[-106.00006,26.87069],[-105.99141,26.91217],[-105.9827,26.92857],[-105.98077,26.92745],[-105.96632,26.94829],[-105.96624,26.9556],[-105.95721,26.96122],[-105.96038,26.96729],[-105.95408,26.97259],[-105.95446,26.9769],[-105.94853,26.98407],[-105.94258,26.98264],[-105.94292,26.98621],[-105.93504,26.99271],[-105.92907,26.98714],[-105.91742,26.99059],[-105.91723,26.99566],[-105.90652,27.00489],[-105.90865,27.0127],[-105.9033,27.01587]]]}},{"type":"Feature","properties":{"code":"08015","stateCode":"08","municipalityCode":"015","name":"Coyame del Sotol"},"geometry":{"type":"Polygon","coordinates":[[[-105.10222,30.50856],[-105.02601,30.5078],[-104.95298,30.38289],[-104.87634,30.38101],[-104.93875,30.2844],[-104.92804,30.26231],[-104.93035,30.25799],[-104.92612,30.25869],[-104.91188,30.22886],[-104.90377,30.17323],[-104.87673,30.17484],[-104.8788,30.16377],[-104.89022,30.14295],[-104.89911,30.13733],[-104.8885,30.13708],[-104.87661,30.12746],[-104.87871,30.1279],[-104.88278,30.10789],[-104.88609,30.10602],[-104.88411,30.09953],[-104.87772,30.09457],[-104.87941,30.08402],[-104.866,30.0644],[-104.87743,30.05338],[-104.86317,30.00747],[-104.82821,29.99507],[-104.83602,29.96926],[-104.85789,29.97256],[-104.86138,29.96965],[-104.86716,29.9637],[-104.86439,29.95188],[-104.86628,29.9438],[-104.87378,29.93116],[-104.88089,29.93605],[-104.88528,29.92819],[-104.86014,29.9133],[-104.85006,29.88975],[-104.85367,29.88434],[-104.82708,29.88352],[-104.83478,29.81647],[-104.84317,29.79372],[-104.89814,29.7659],[-104.87534,29.74704],[-104.86871,29.73433],[-104.86192,29.73289],[-104.85936,29.72794],[-104.86207,29.72557],[-104.79702,29.71346],[-104.7894,29.52304],[-104.80164,29.49282],[-104.76926,29.46086],[-104.73717,29.43527],[-104.69141,29.36008],[-104.67425,29.38694],[-104.64836,29.37219],[-104.60636,29.35688],[-104.55951,29.30551],[-104.54347,29.29503],[-104.55137,29.28757],[-104.60045,29.26579],[-104.58298,29.25384],[-104.53663,29.19408],[-104.61339,29.19354],[-104.61826,29.14032],[-104.76672,29.0234],[-104.78256,28.96412],[-104.81858,28.96217],[-104.84007,28.99477],[-104.8969,28.9739],[-104.91632,29.00707],[-104.955,28.98385],[-104.97787,28.98522],[-104.98446,28.98304],[-105.03777,28.99597],[-105.0614,28.99116],[-105.06175,28.97798],[-105.13239,29.04938],[-105.11362,29.07855],[-105.10428,29.08679],[-105.10566,29.09624],[-105.10966,29.09743],[-105.10771,29.10185],[-105.09004,29.10419],[-105.0768,29.11446],[-105.07728,29.12219],[-105.06365,29.12662],[-105.06709,29.14503],[-105.06109,29.15027],[-105.06244,29.15846],[-105.05911,29.16675],[-105.04537,29.17817],[-105.04499,29.18338],[-105.05726,29.18797],[-105.06074,29.2006],[-105.0686,29.21278],[-105.07347,29.21354],[-105.08563,29.2053],[-105.14096,29.20473],[-105.15797,29.21001],[-105.20237,29.23964],[-105.29726,29.34092],[-105.3053,29.33567],[-105.30892,29.33729],[-105.31241,29.34759],[-105.32344,29.35539],[-105.32033,29.36361],[-105.32677,29.36111],[-105.32856,29.36425],[-105.33142,29.36255],[-105.34205,29.36573],[-105.36472,29.37632],[-105.36306,29.38149],[-105.35268,29.3906],[-105.34975,29.40051],[-105.36586,29.4198],[-105.39505,29.41507],[-105.41811,29.42184],[-105.44559,29.41589],[-105.45426,29.40974],[-105.47806,29.43325],[-105.48033,29.46372],[-105.46939,29.47894],[-105.46683,29.48872],[-105.44994,29.49068],[-105.44339,29.49665],[-105.4428,29.50259],[-105.63381,29.50474],[-105.63318,29.59148],[-105.6816,29.59168],[-105.67946,29.64683],[-105.83825,29.64658],[-105.84897,29.64966],[-105.85695,29.63755],[-105.85846,29.61331],[-105.86634,29.62874],[-105.87216,29.63243],[-105.86629,29.65446],[-105.9099,29.66623],[-105.90905,29.70095],[-105.89736,29.70719],[-105.88833,29.70932],[-105.88179,29.69601],[-105.87292,29.69377],[-105.86813,29.69578],[-105.8557,29.69325],[-105.82706,29.70107],[-105.81796,29.74735],[-105.87955,29.7775],[-105.80571,29.78318],[-105.80975,29.88176],[-105.76795,29.88198],[-105.77258,30.02834],[-105.90096,30.02951],[-105.90535,30.04988],[-105.89709,30.06403],[-105.87381,30.08161],[-105.8592,30.09851],[-105.82807,30.12575],[-105.78352,30.14613],[-105.76569,30.16383],[-105.74507,30.16588],[-105.72566,30.17594],[-105.70556,30.19036],[-105.70884,30.19514],[-105.69848,30.2059],[-105.69259,30.20728],[-105.68713,30.21903],[-105.62548,30.18814],[-105.62533,30.23882],[-105.68087,30.23912],[-105.67394,30.26118],[-105.68708,30.27177],[-105.6922,30.28171],[-105.65374,30.30324],[-105.65358,30.31167],[-105.62506,30.31172],[-105.62482,30.33109],[-105.58822,30.32935],[-105.56367,30.32467],[-105.56966,30.34487],[-105.56307,30.33769],[-105.51937,30.32507],[-105.52159,30.2928],[-105.48403,30.29331],[-105.49296,30.33054],[-105.35177,30.32941],[-105.3677,30.37768],[-105.3143,30.37764],[-105.31417,30.42867],[-105.26172,30.42825],[-105.2608,30.35571],[-105.2085,30.35445],[-105.20858,30.38295],[-105.16671,30.38296],[-105.17139,30.48483],[-105.09288,30.48415],[-105.10222,30.50856]]]}},{"type":"Feature","properties":{"code":"08049","stateCode":"08","municipalityCode":"049","name":"Nonoava"},"geometry":{"type":"Polygon","coordinates":[[[-106.63389,27.71936],[-106.62008,27.6627],[-106.59214,27.65111],[-106.58431,27.67131],[-106.57401,27.67484],[-106.55629,27.6647],[-106.55158,27.65509],[-106.53772,27.65311],[-106.52505,27.64509],[-106.50591,27.64246],[-106.49674,27.63677],[-106.50865,27.63686],[-106.52639,27.62968],[-106.5163,27.61006],[-106.52118,27.59402],[-106.51385,27.57873],[-106.5149,27.56549],[-106.4902,27.55297],[-106.51484,27.52792],[-106.52109,27.51727],[-106.51736,27.5133],[-106.51007,27.52335],[-106.50388,27.52019],[-106.50513,27.51392],[-106.50973,27.51003],[-106.51975,27.51049],[-106.5213,27.50697],[-106.51479,27.49996],[-106.50788,27.50546],[-106.4991,27.49896],[-106.49535,27.50006],[-106.49911,27.49298],[-106.49065,27.49148],[-106.47714,27.47644],[-106.4549,27.47577],[-106.45051,27.47318],[-106.45163,27.46686],[-106.44397,27.46093],[-106.43731,27.46066],[-106.43219,27.46574],[-106.43088,27.45925],[-106.41917,27.45116],[-106.41207,27.451],[-106.40908,27.44449],[-106.39317,27.44041],[-106.38602,27.43331],[-106.38689,27.41797],[-106.37929,27.40828],[-106.3731,27.3914],[-106.36921,27.38984],[-106.38464,27.38111],[-106.39094,27.38095],[-106.3932,27.37437],[-106.40383,27.37588],[-106.40663,27.37094],[-106.40979,27.37575],[-106.41556,27.37584],[-106.41907,27.37071],[-106.42259,27.37115],[-106.42357,27.36543],[-106.43026,27.36321],[-106.42769,27.36135],[-106.42977,27.35297],[-106.42761,27.34937],[-106.43703,27.34966],[-106.44508,27.35834],[-106.44618,27.3536],[-106.46139,27.35558],[-106.42758,27.311],[-106.45099,27.31414],[-106.45378,27.32392],[-106.45886,27.32295],[-106.464,27.32696],[-106.47746,27.35445],[-106.49697,27.36126],[-106.50291,27.351],[-106.50668,27.32775],[-106.51392,27.32877],[-106.51647,27.32542],[-106.51137,27.31385],[-106.51262,27.30964],[-106.52476,27.3079],[-106.52819,27.29946],[-106.53943,27.28771],[-106.54498,27.28926],[-106.55475,27.28189],[-106.54416,27.25774],[-106.55163,27.24652],[-106.54336,27.24146],[-106.54215,27.23273],[-106.53513,27.22091],[-106.53974,27.22094],[-106.54768,27.20815],[-106.55265,27.21018],[-106.55327,27.22493],[-106.56811,27.22582],[-106.58038,27.24181],[-106.58435,27.22654],[-106.58615,27.18774],[-106.62793,27.20077],[-106.66696,27.18019],[-106.86162,27.20939],[-106.87275,27.28875],[-106.89073,27.33123],[-106.90756,27.35144],[-106.9325,27.36532],[-106.97601,27.37725],[-106.97755,27.38112],[-106.97909,27.38689],[-106.94327,27.39371],[-106.93354,27.40507],[-106.94095,27.40558],[-106.94212,27.41113],[-106.92738,27.445],[-106.95288,27.46356],[-106.92194,27.48105],[-106.91254,27.49391],[-106.8792,27.54824],[-106.87633,27.57073],[-106.85994,27.59764],[-106.84543,27.59212],[-106.82369,27.57353],[-106.81977,27.57449],[-106.81676,27.56893],[-106.80092,27.56239],[-106.8028,27.56598],[-106.79972,27.57392],[-106.78836,27.57483],[-106.79728,27.58394],[-106.78874,27.62982],[-106.77595,27.62875],[-106.77627,27.63228],[-106.76909,27.63947],[-106.76435,27.63521],[-106.74105,27.65613],[-106.70805,27.62624],[-106.68863,27.62267],[-106.69676,27.63003],[-106.69174,27.6345],[-106.69261,27.6423],[-106.6877,27.64903],[-106.69322,27.66127],[-106.71759,27.6853],[-106.71044,27.68697],[-106.69214,27.67723],[-106.67016,27.6793],[-106.64096,27.70427],[-106.63389,27.71936]]]}},{"type":"Feature","properties":{"code":"08036","stateCode":"08","municipalityCode":"036","name":"Jiménez"},"geometry":{"type":"Polygon","coordinates":[[[-104.33231,27.59907],[-104.32486,27.58518],[-104.32696,27.58203],[-104.32466,27.57725],[-104.31794,27.57486],[-104.31466,27.57899],[-104.31167,27.57634],[-104.30429,27.57759],[-104.2975,27.56383],[-104.29669,27.55316],[-104.29,27.54923],[-104.28259,27.55364],[-104.27534,27.55109],[-104.26507,27.5532],[-104.25803,27.54659],[-104.23979,27.56341],[-104.21912,27.57496],[-104.14579,27.55616],[-104.13713,27.5757],[-103.85998,27.57126],[-103.8546,27.54943],[-103.85851,27.43989],[-103.86365,27.44092],[-103.87688,27.31159],[-103.83212,27.29829],[-103.83059,27.27685],[-103.81976,27.24296],[-103.8094,27.2492],[-103.79843,27.21348],[-103.7994,27.12473],[-103.78347,27.09121],[-103.7738,27.08962],[-103.75246,27.07792],[-103.74431,27.0267],[-103.74083,27.02252],[-103.77995,27.00889],[-103.78463,26.9807],[-103.85209,26.93462],[-103.83592,26.93581],[-103.85194,26.90523],[-103.8517,26.89613],[-103.82253,26.87537],[-103.80448,26.85501],[-103.77961,26.83613],[-103.75397,26.82957],[-103.75062,26.80991],[-103.72487,26.77211],[-103.71525,26.73508],[-103.70164,26.73078],[-103.69909,26.72526],[-103.8613,26.75409],[-103.8613,26.75042],[-103.88119,26.75492],[-103.99383,26.75361],[-103.995,26.77754],[-104.03319,26.77439],[-104.04574,26.74298],[-104.05693,26.74816],[-104.18394,26.77357],[-104.22781,26.77715],[-104.2514,26.809],[-104.26139,26.83038],[-104.27304,26.84228],[-104.28188,26.83564],[-104.28362,26.82531],[-104.29489,26.81775],[-104.28616,26.8152],[-104.29154,26.81577],[-104.29355,26.81131],[-104.30914,26.80523],[-104.31531,26.79907],[-104.30532,26.79289],[-104.30682,26.78876],[-104.30324,26.78381],[-104.30176,26.77195],[-104.31728,26.76074],[-104.29976,26.75195],[-104.28654,26.7254],[-104.3068,26.70717],[-104.30578,26.70067],[-104.33039,26.65653],[-104.37542,26.64072],[-104.43478,26.60452],[-104.4509,26.57159],[-104.45547,26.54924],[-104.46856,26.52034],[-104.48411,26.49466],[-104.4959,26.46686],[-104.50283,26.46585],[-104.50144,26.44958],[-104.49696,26.44357],[-104.4954,26.43342],[-104.50097,26.41476],[-104.57445,26.34047],[-104.59386,26.38044],[-104.62009,26.36884],[-104.62613,26.37155],[-104.62682,26.37689],[-104.64532,26.39161],[-104.65408,26.39105],[-104.66223,26.40934],[-104.67021,26.41209],[-104.67199,26.41547],[-104.66877,26.41856],[-104.67412,26.42114],[-104.67729,26.42933],[-104.68674,26.43307],[-104.70969,26.45589],[-104.71327,26.46652],[-104.72126,26.46887],[-104.72895,26.47933],[-104.73717,26.4794],[-104.73656,26.48212],[-104.74784,26.49245],[-104.76096,26.48582],[-104.77691,26.4926],[-104.79123,26.50456],[-104.80927,26.5085],[-104.85896,26.50333],[-104.8051,26.54782],[-104.79604,26.54809],[-104.80094,26.55635],[-104.78238,26.56317],[-104.77172,26.56252],[-104.7679,26.57177],[-104.76903,26.58113],[-104.75719,26.59675],[-104.73691,26.61303],[-104.72284,26.63069],[-104.70737,26.63862],[-104.72383,26.6574],[-104.72901,26.66839],[-104.72825,26.67312],[-104.7228,26.67678],[-104.71985,26.6931],[-104.71115,26.6992],[-104.718,26.71315],[-104.70649,26.72171],[-104.70448,26.74178],[-104.71604,26.75528],[-104.75189,26.88827],[-104.83855,26.88386],[-104.83325,26.88736],[-104.83897,26.88798],[-104.87552,26.91898],[-104.88961,26.92437],[-104.89774,26.92241],[-104.96448,27.01791],[-104.98407,26.99877],[-105.00454,27.00868],[-105.00166,27.01299],[-105.003,27.01761],[-104.99675,27.01926],[-105.00163,27.02431],[-104.99642,27.03817],[-105.00103,27.04983],[-105.0096,27.04439],[-105.02875,27.06128],[-105.0463,27.06275],[-105.04141,27.07672],[-105.05275,27.09058],[-105.05271,27.1041],[-105.0072,27.11914],[-105.01656,27.15701],[-105.02756,27.15673],[-105.03152,27.18733],[-105.04127,27.19734],[-105.04135,27.20233],[-105.03114,27.20537],[-105.03841,27.21385],[-105.02752,27.24012],[-105.04838,27.2577],[-105.04479,27.2703],[-105.02807,27.2788],[-105.08911,27.36292],[-105.08528,27.37135],[-105.09867,27.37631],[-105.10395,27.38333],[-105.0578,27.38982],[-105.04716,27.38687],[-105.03097,27.37662],[-105.01524,27.3767],[-105.00998,27.36006],[-104.97088,27.36953],[-104.97021,27.40631],[-104.94316,27.43295],[-104.93315,27.43449],[-104.92928,27.44389],[-104.87804,27.44117],[-104.87711,27.46013],[-104.85546,27.46257],[-104.83815,27.45241],[-104.81616,27.4275],[-104.80869,27.42298],[-104.80909,27.42596],[-104.80038,27.42953],[-104.79614,27.43691],[-104.78781,27.43937],[-104.81083,27.47395],[-104.76638,27.49118],[-104.75951,27.48281],[-104.74813,27.49074],[-104.71144,27.47328],[-104.70486,27.48177],[-104.6504,27.45927],[-104.64052,27.44646],[-104.63394,27.44793],[-104.63183,27.44461],[-104.58931,27.44684],[-104.58178,27.45222],[-104.56968,27.45402],[-104.5606,27.46826],[-104.5649,27.47027],[-104.55335,27.48942],[-104.5021,27.45925],[-104.43314,27.51891],[-104.43044,27.51735],[-104.40051,27.53417],[-104.3844,27.53869],[-104.34764,27.56093],[-104.3532,27.57565],[-104.34628,27.57567],[-104.33307,27.58975],[-104.33505,27.59259],[-104.33231,27.59907]]]}},{"type":"Feature","properties":{"code":"08060","stateCode":"08","municipalityCode":"060","name":"Santa Bárbara"},"geometry":{"type":"Polygon","coordinates":[[[-105.77085,26.93483],[-105.77892,26.92968],[-105.73254,26.91175],[-105.69081,26.86236],[-105.69237,26.85611],[-105.6891,26.83895],[-105.69578,26.83878],[-105.70098,26.83089],[-105.69512,26.82908],[-105.68412,26.83184],[-105.67964,26.82934],[-105.66701,26.83164],[-105.66483,26.82703],[-105.65949,26.82845],[-105.6487,26.81269],[-105.66269,26.80661],[-105.66103,26.80201],[-105.66761,26.80363],[-105.67082,26.80876],[-105.67599,26.80552],[-105.67727,26.80848],[-105.68768,26.80161],[-105.68945,26.79765],[-105.6728,26.78263],[-105.67994,26.7786],[-105.67799,26.76293],[-105.71536,26.7467],[-105.73792,26.75374],[-105.76494,26.7501],[-105.79426,26.69877],[-105.77581,26.66093],[-105.81455,26.69097],[-105.86544,26.74738],[-105.87454,26.73858],[-105.8941,26.74101],[-105.89834,26.76385],[-105.90861,26.75284],[-105.92988,26.76589],[-105.91886,26.78657],[-105.89636,26.7956],[-105.8559,26.83013],[-105.81034,26.85671],[-105.78091,26.93167],[-105.77085,26.93483]]]}},{"type":"Feature","properties":{"code":"08007","stateCode":"08","municipalityCode":"007","name":"Balleza"},"geometry":{"type":"Polygon","coordinates":[[[-106.86162,27.20939],[-106.66696,27.18019],[-106.62793,27.20077],[-106.59355,27.19004],[-106.60688,27.18617],[-106.61026,27.18215],[-106.61195,27.18477],[-106.6178,27.18286],[-106.61952,27.17533],[-106.61214,27.16848],[-106.60329,27.1662],[-106.58985,27.17185],[-106.58298,27.17905],[-106.57006,27.18084],[-106.54615,27.17634],[-106.54643,27.17007],[-106.52599,27.1719],[-106.53961,27.13499],[-106.52061,27.14072],[-106.52218,27.12985],[-106.53547,27.10705],[-106.52803,27.09352],[-106.49889,27.08899],[-106.49917,27.0822],[-106.49045,27.08092],[-106.4815,27.08802],[-106.47497,27.08059],[-106.47342,27.0853],[-106.46326,27.08816],[-106.45842,27.08388],[-106.45017,27.09719],[-106.44279,27.09187],[-106.42738,27.09146],[-106.40902,27.08625],[-106.40309,27.08011],[-106.40074,27.07214],[-106.38885,27.07586],[-106.38043,27.05582],[-106.34353,27.05733],[-106.33364,27.06432],[-106.32709,27.05677],[-106.32979,27.03859],[-106.33557,27.04161],[-106.34186,27.03731],[-106.34433,27.03132],[-106.34241,27.02556],[-106.34721,27.0231],[-106.33366,27.00757],[-106.33545,26.99561],[-106.33228,26.99377],[-106.32873,27.00016],[-106.32936,26.99169],[-106.32219,26.98707],[-106.32016,26.99213],[-106.31382,26.98712],[-106.31354,26.99091],[-106.30929,26.99235],[-106.30862,26.98744],[-106.305,26.98969],[-106.30306,26.98572],[-106.29928,26.98871],[-106.29694,26.98369],[-106.29155,26.98167],[-106.28907,26.97404],[-106.28397,26.97502],[-106.28543,26.97047],[-106.28238,26.97143],[-106.27961,26.96172],[-106.28286,26.95694],[-106.27865,26.95493],[-106.27755,26.94974],[-106.27441,26.95031],[-106.27189,26.94372],[-106.26765,26.94248],[-106.26161,26.93086],[-106.25821,26.93389],[-106.25815,26.92965],[-106.25456,26.93024],[-106.25397,26.92568],[-106.24977,26.92321],[-106.25867,26.91518],[-106.25352,26.91345],[-106.25198,26.90921],[-106.25035,26.91236],[-106.24515,26.90823],[-106.24925,26.9048],[-106.2462,26.90088],[-106.24951,26.89751],[-106.23616,26.89143],[-106.2319,26.89448],[-106.21663,26.89149],[-106.21547,26.88747],[-106.20499,26.89255],[-106.20019,26.8893],[-106.19847,26.89264],[-106.19369,26.89058],[-106.18969,26.8945],[-106.18983,26.89043],[-106.18658,26.89083],[-106.18786,26.87319],[-106.15056,26.86687],[-106.16141,26.85615],[-106.15607,26.85001],[-106.15668,26.84531],[-106.1468,26.84042],[-106.14924,26.83819],[-106.14632,26.82924],[-106.14488,26.83427],[-106.13943,26.82975],[-106.12687,26.83292],[-106.10834,26.84812],[-106.09426,26.81743],[-106.07811,26.79831],[-106.10064,26.75933],[-106.1143,26.76514],[-106.12526,26.77941],[-106.14446,26.77655],[-106.15779,26.77097],[-106.16438,26.77504],[-106.17763,26.77234],[-106.17971,26.76306],[-106.17043,26.75013],[-106.17396,26.74347],[-106.17873,26.74444],[-106.17658,26.72772],[-106.15261,26.72524],[-106.14144,26.72079],[-106.13178,26.7138],[-106.13067,26.7022],[-106.13302,26.69733],[-106.14746,26.70924],[-106.16013,26.70234],[-106.16686,26.70592],[-106.17266,26.70517],[-106.17767,26.69973],[-106.1863,26.69911],[-106.18968,26.69514],[-106.18498,26.68666],[-106.19043,26.68023],[-106.18799,26.67448],[-106.19713,26.68378],[-106.19968,26.68098],[-106.19835,26.67601],[-106.20302,26.68123],[-106.20792,26.67806],[-106.20604,26.66895],[-106.21111,26.66773],[-106.21983,26.65636],[-106.21811,26.65161],[-106.22231,26.64275],[-106.21948,26.63914],[-106.22557,26.63538],[-106.22348,26.62782],[-106.22673,26.61496],[-106.23061,26.6162],[-106.23092,26.60956],[-106.23654,26.61217],[-106.2369,26.5886],[-106.23244,26.58772],[-106.23395,26.58069],[-106.23064,26.5763],[-106.23463,26.56917],[-106.23296,26.55956],[-106.23953,26.56244],[-106.24122,26.54499],[-106.28014,26.53207],[-106.26957,26.52717],[-106.28067,26.51175],[-106.27402,26.50768],[-106.25388,26.50736],[-106.25518,26.49891],[-106.24747,26.48218],[-106.25086,26.47858],[-106.24203,26.46682],[-106.26522,26.42414],[-106.26437,26.40612],[-106.2976,26.39645],[-106.30218,26.36388],[-106.27546,26.36742],[-106.28704,26.33508],[-106.29952,26.33708],[-106.31226,26.34875],[-106.33297,26.31987],[-106.34463,26.30988],[-106.42382,26.21478],[-106.47396,26.26087],[-106.49752,26.31431],[-106.53441,26.3349],[-106.54194,26.36165],[-106.5807,26.38478],[-106.59389,26.38543],[-106.60015,26.3811],[-106.60321,26.39012],[-106.61194,26.38619],[-106.6147,26.3921],[-106.62462,26.39248],[-106.63043,26.39677],[-106.64156,26.39119],[-106.65922,26.40518],[-106.66572,26.40477],[-106.67058,26.40006],[-106.67728,26.41051],[-106.69082,26.41556],[-106.69712,26.42174],[-106.70292,26.42118],[-106.71614,26.4303],[-106.72075,26.43946],[-106.72908,26.44248],[-106.73331,26.45351],[-106.73791,26.44966],[-106.74458,26.45159],[-106.746,26.46505],[-106.75462,26.47331],[-106.75984,26.47315],[-106.76544,26.48295],[-106.78485,26.48691],[-106.78926,26.48324],[-106.81308,26.51469],[-106.83221,26.54895],[-106.8389,26.54804],[-106.83827,26.55427],[-106.84865,26.55411],[-106.85141,26.55115],[-106.84878,26.55868],[-106.85478,26.56449],[-106.86214,26.56598],[-106.86352,26.56979],[-106.86898,26.56852],[-106.87436,26.57732],[-106.88149,26.57804],[-106.8866,26.57448],[-106.8954,26.58567],[-106.90097,26.58472],[-106.91297,26.59106],[-106.90644,26.60704],[-106.89775,26.61241],[-106.9036,26.62685],[-106.89988,26.62992],[-106.90348,26.63285],[-106.90463,26.6433],[-106.902,26.64463],[-106.89712,26.64058],[-106.89103,26.64967],[-106.87264,26.65589],[-106.87335,26.66196],[-106.86453,26.66892],[-106.85333,26.66231],[-106.85228,26.6653],[-106.84843,26.66383],[-106.84179,26.66911],[-106.8386,26.66833],[-106.83663,26.67749],[-106.83294,26.6803],[-106.83374,26.68548],[-106.82579,26.683],[-106.82082,26.69426],[-106.83214,26.72767],[-106.83744,26.73468],[-106.84598,26.73519],[-106.85378,26.75532],[-106.85089,26.76615],[-106.85382,26.77037],[-106.84836,26.77641],[-106.84631,26.79775],[-106.84222,26.81041],[-106.83772,26.81273],[-106.83994,26.83353],[-106.83019,26.84583],[-106.8985,26.92131],[-106.89165,26.9242],[-106.88709,26.93977],[-106.89183,26.95403],[-106.89671,26.9556],[-106.89693,26.96162],[-106.90004,26.961],[-106.90688,26.96914],[-106.89937,26.98459],[-106.8853,26.98649],[-106.8806,26.99355],[-106.89647,27.02078],[-106.88895,27.02363],[-106.88651,27.02106],[-106.8851,27.0257],[-106.87761,27.03019],[-106.863,27.03087],[-106.87104,27.03727],[-106.86679,27.05277],[-106.87044,27.05638],[-106.86911,27.06263],[-106.88357,27.07412],[-106.89234,27.08432],[-106.89209,27.08782],[-106.92114,27.09253],[-106.91485,27.09599],[-106.9163,27.10846],[-106.9065,27.1121],[-106.88893,27.11072],[-106.88933,27.11401],[-106.87854,27.11904],[-106.87662,27.12752],[-106.8812,27.1364],[-106.87697,27.15734],[-106.8637,27.16447],[-106.85784,27.17297],[-106.85066,27.17212],[-106.85653,27.18346],[-106.85279,27.19504],[-106.85983,27.19857],[-106.87958,27.20005],[-106.88052,27.20462],[-106.86162,27.20939]]]}},{"type":"Feature","properties":{"code":"08008","stateCode":"08","municipalityCode":"008","name":"Batopilas de Manuel Gómez Morín"},"geometry":{"type":"Polygon","coordinates":[[[-107.62281,27.26766],[-107.55221,27.14664],[-107.52782,27.14428],[-107.52609,27.13654],[-107.51243,27.13524],[-107.51183,27.13195],[-107.5075,27.13139],[-107.50282,27.11852],[-107.49861,27.12252],[-107.4921,27.11926],[-107.48558,27.12384],[-107.48593,27.11946],[-107.48262,27.1172],[-107.47701,27.12598],[-107.47144,27.11567],[-107.46186,27.12033],[-107.45209,27.11296],[-107.44151,27.11142],[-107.4361,27.09211],[-107.42043,27.07635],[-107.4193,27.06901],[-107.40994,27.06354],[-107.43389,27.06452],[-107.34608,26.95231],[-107.47275,26.88299],[-107.50687,26.87714],[-107.53703,26.86498],[-107.54134,26.85173],[-107.55225,26.84645],[-107.55714,26.84713],[-107.55951,26.84307],[-107.56023,26.8357],[-107.55417,26.83004],[-107.55734,26.82793],[-107.55618,26.82069],[-107.56069,26.81582],[-107.55758,26.80441],[-107.56097,26.8002],[-107.56488,26.80085],[-107.56979,26.79373],[-107.57154,26.78943],[-107.568,26.78516],[-107.57062,26.78049],[-107.56832,26.77803],[-107.57495,26.7667],[-107.57457,26.75982],[-107.58076,26.75822],[-107.58087,26.75107],[-107.58601,26.74318],[-107.61261,26.75117],[-107.6172,26.75759],[-107.61508,26.76643],[-107.62134,26.7687],[-107.63112,26.76323],[-107.63847,26.76571],[-107.65115,26.76268],[-107.67108,26.77649],[-107.67477,26.76612],[-107.68099,26.76326],[-107.6779,26.77111],[-107.68151,26.77584],[-107.68997,26.77659],[-107.69135,26.78721],[-107.69759,26.7892],[-107.70422,26.7786],[-107.71329,26.79412],[-107.72753,26.78548],[-107.73839,26.80034],[-107.75527,26.79605],[-107.75658,26.79945],[-107.75053,26.80445],[-107.75038,26.81247],[-107.76519,26.8061],[-107.77343,26.80879],[-107.78576,26.80252],[-107.79033,26.80649],[-107.7878,26.81224],[-107.79596,26.81061],[-107.80433,26.81404],[-107.80724,26.81168],[-107.80466,26.80557],[-107.81261,26.79028],[-107.80545,26.78389],[-107.80435,26.77619],[-107.8074,26.76842],[-107.79794,26.75889],[-107.78217,26.73345],[-107.78766,26.71709],[-107.8037,26.71969],[-107.79857,26.69339],[-107.80328,26.68906],[-107.80451,26.66816],[-107.81796,26.65154],[-107.86574,26.6506],[-107.87535,26.62219],[-107.88015,26.62309],[-107.88337,26.61411],[-107.87993,26.60791],[-107.88251,26.60503],[-107.87813,26.59056],[-107.89467,26.58753],[-107.94543,26.63702],[-107.93,26.66175],[-107.9232,26.68421],[-107.86667,26.71314],[-107.87203,26.7313],[-107.87053,26.73487],[-107.87808,26.74266],[-107.87944,26.74885],[-107.87673,26.76582],[-107.86575,26.77623],[-107.86663,26.78464],[-107.87025,26.78606],[-107.87718,26.77227],[-107.88626,26.76539],[-107.9054,26.76602],[-107.91285,26.75582],[-107.91816,26.75402],[-107.92641,26.76351],[-107.94865,26.77552],[-107.95369,26.76642],[-107.9604,26.76861],[-107.96603,26.76634],[-107.96655,26.77259],[-107.97411,26.77296],[-107.97921,26.76273],[-107.99606,26.75988],[-107.98353,26.74748],[-107.9741,26.74421],[-107.99204,26.74163],[-107.97839,26.71869],[-107.9807,26.69943],[-107.99402,26.70764],[-108.00311,26.70332],[-108.00679,26.70553],[-108.0088,26.72331],[-108.01923,26.73067],[-108.01524,26.73705],[-108.01372,26.75031],[-108.0057,26.76105],[-108.01426,26.77315],[-108.03765,26.76978],[-108.02682,26.79847],[-108.03683,26.81008],[-107.97383,26.82611],[-107.94157,26.84195],[-107.93712,26.93367],[-107.93933,26.94384],[-107.93235,26.94652],[-107.92886,26.94283],[-107.92591,26.94525],[-107.92636,26.95181],[-107.92977,26.95339],[-107.93117,26.9692],[-107.93714,26.97548],[-107.93152,26.98127],[-107.93099,26.98964],[-107.91226,26.99134],[-107.9079,26.99969],[-107.90051,26.99552],[-107.89551,26.99943],[-107.89568,26.996],[-107.89203,26.99639],[-107.89303,26.99221],[-107.88694,26.9906],[-107.87569,26.99938],[-107.86621,26.99847],[-107.86603,27.00772],[-107.85788,27.01411],[-107.86635,27.01733],[-107.86075,27.02889],[-107.87162,27.03759],[-107.86683,27.04352],[-107.8685,27.04663],[-107.79652,27.05329],[-107.78811,27.09922],[-107.80237,27.13679],[-107.79113,27.13202],[-107.78588,27.13543],[-107.76956,27.13546],[-107.74493,27.12352],[-107.72665,27.13897],[-107.72265,27.14521],[-107.72494,27.14979],[-107.72227,27.16309],[-107.72676,27.17811],[-107.7186,27.19309],[-107.72446,27.20967],[-107.72014,27.22013],[-107.72428,27.22588],[-107.72172,27.23211],[-107.72428,27.23907],[-107.71532,27.25182],[-107.67611,27.21251],[-107.62281,27.26766]]]}},{"type":"Feature","properties":{"code":"08051","stateCode":"08","municipalityCode":"051","name":"Ocampo"},"geometry":{"type":"Polygon","coordinates":[[[-108.36403,28.33011],[-108.36353,28.33697],[-108.37329,28.34754],[-108.37228,28.35039],[-108.36087,28.34945],[-108.35709,28.33886],[-108.34693,28.35118],[-108.33618,28.35236],[-108.33094,28.34831],[-108.32408,28.35292],[-108.31065,28.35334],[-108.30334,28.34638],[-108.29267,28.34405],[-108.28668,28.34908],[-108.28007,28.34723],[-108.27763,28.35132],[-108.26741,28.34565],[-108.25534,28.35095],[-108.23825,28.35316],[-108.22834,28.3452],[-108.22513,28.32683],[-108.21819,28.32154],[-108.21152,28.32167],[-108.20347,28.33024],[-108.19008,28.33304],[-108.1786,28.32862],[-108.17527,28.3301],[-108.16665,28.32314],[-108.16779,28.31524],[-108.15658,28.30147],[-108.14747,28.30524],[-108.1486,28.30312],[-108.14095,28.3018],[-108.13433,28.2946],[-108.13012,28.30847],[-108.12142,28.31422],[-108.09677,28.31438],[-108.09608,28.30847],[-108.09071,28.30612],[-108.1061,28.28197],[-108.00952,28.2066],[-107.9679,28.1772],[-107.96189,28.17939],[-107.93248,28.13974],[-107.92639,28.1444],[-107.92317,28.13442],[-107.91532,28.13379],[-107.91322,28.13085],[-107.91155,28.11817],[-107.91536,28.1186],[-107.92035,28.11344],[-107.89792,28.09852],[-107.89829,28.10549],[-107.89466,28.10658],[-107.89493,28.10121],[-107.8785,28.08973],[-107.86957,28.1002],[-107.85379,28.09835],[-107.84357,28.09026],[-107.83396,28.08739],[-107.82504,28.07758],[-107.81162,28.07291],[-107.81822,28.04345],[-107.83088,28.02988],[-107.79944,27.9638],[-107.83732,27.93746],[-107.85452,27.94331],[-107.86112,27.95398],[-107.85857,27.96451],[-107.86213,27.97051],[-107.85749,27.9737],[-107.86717,27.97656],[-107.86589,27.98197],[-107.87162,27.98439],[-107.87079,27.9929],[-107.87506,27.99845],[-107.88142,28.00299],[-107.88485,28.00007],[-107.89397,28.00701],[-107.90523,28.00419],[-107.90319,28.0106],[-107.9055,28.0155],[-107.92776,28.03528],[-107.9512,28.04589],[-107.95965,28.04079],[-107.96985,28.04723],[-107.97826,28.04742],[-107.97692,28.0424],[-108.0161,28.04042],[-108.01817,28.03816],[-108.02111,28.04227],[-108.02706,28.04332],[-108.0331,28.03727],[-108.04308,28.03685],[-108.05132,28.02806],[-108.05898,28.02599],[-108.07637,28.00474],[-108.08685,28.00061],[-108.09188,27.96383],[-108.11521,27.95823],[-108.11239,27.98814],[-108.11383,27.98558],[-108.12248,27.99301],[-108.12466,28.00515],[-108.14558,28.00937],[-108.15244,28.00443],[-108.16327,28.02243],[-108.17571,28.02579],[-108.24148,28.02446],[-108.27798,28.01793],[-108.29458,28.00443],[-108.30188,27.99344],[-108.33383,27.97905],[-108.35375,27.98636],[-108.38158,27.98353],[-108.3876,27.99545],[-108.39037,28.02082],[-108.41824,28.01037],[-108.43329,28.04532],[-108.43597,28.02597],[-108.44059,28.01933],[-108.4957,28.01484],[-108.53135,28.02041],[-108.52229,28.02504],[-108.52325,28.02862],[-108.51363,28.03487],[-108.50699,28.03459],[-108.49413,28.04279],[-108.47604,28.03655],[-108.47424,28.04526],[-108.46911,28.05074],[-108.46266,28.04908],[-108.45801,28.05802],[-108.45556,28.05633],[-108.45623,28.04991],[-108.44782,28.05076],[-108.44829,28.04495],[-108.44378,28.04702],[-108.43913,28.05892],[-108.43524,28.06097],[-108.43873,28.07816],[-108.44513,28.08524],[-108.45483,28.08685],[-108.44993,28.10659],[-108.45117,28.11301],[-108.44617,28.11888],[-108.44248,28.1155],[-108.43975,28.11876],[-108.42697,28.12044],[-108.42316,28.12499],[-108.42466,28.12768],[-108.41122,28.12563],[-108.43249,28.15936],[-108.44046,28.16214],[-108.44326,28.17699],[-108.45337,28.18672],[-108.45844,28.1873],[-108.46411,28.20089],[-108.4698,28.19711],[-108.48955,28.19923],[-108.4876,28.20884],[-108.47552,28.21707],[-108.48073,28.21866],[-108.48247,28.22683],[-108.48558,28.22683],[-108.49241,28.23583],[-108.49089,28.2498],[-108.48786,28.24938],[-108.48473,28.25402],[-108.47516,28.30209],[-108.48758,28.34403],[-108.40422,28.35177],[-108.36403,28.33011]]]}},{"type":"Feature","properties":{"code":"08067","stateCode":"08","municipalityCode":"067","name":"Valle de Zaragoza"},"geometry":{"type":"Polygon","coordinates":[[[-105.70625,27.73485],[-105.70108,27.71995],[-105.66435,27.70519],[-105.64002,27.69046],[-105.61596,27.68791],[-105.5618,27.66978],[-105.48347,27.62963],[-105.46182,27.59165],[-105.47589,27.58257],[-105.45394,27.55907],[-105.48119,27.56139],[-105.47744,27.56079],[-105.47886,27.55514],[-105.47219,27.55825],[-105.47536,27.55156],[-105.46877,27.54496],[-105.4683,27.5568],[-105.46548,27.55671],[-105.4661,27.55191],[-105.4629,27.5551],[-105.46599,27.54899],[-105.46084,27.55309],[-105.46374,27.54024],[-105.45634,27.53375],[-105.43565,27.5316],[-105.43538,27.52627],[-105.43997,27.52165],[-105.43526,27.52257],[-105.43078,27.51556],[-105.43188,27.50831],[-105.42487,27.5055],[-105.43548,27.5002],[-105.4295,27.48958],[-105.43127,27.48445],[-105.42709,27.48277],[-105.42345,27.48595],[-105.4195,27.4984],[-105.41624,27.49416],[-105.41896,27.48136],[-105.42448,27.47868],[-105.41838,27.47419],[-105.40932,27.47565],[-105.40991,27.47299],[-105.4021,27.46694],[-105.40532,27.46356],[-105.39992,27.45516],[-105.40231,27.4516],[-105.39923,27.45006],[-105.408,27.44816],[-105.40401,27.44196],[-105.40386,27.43397],[-105.4108,27.43362],[-105.414,27.42234],[-105.40969,27.41214],[-105.42129,27.41217],[-105.41726,27.39531],[-105.42718,27.3809],[-105.42615,27.37301],[-105.43186,27.37134],[-105.43239,27.36623],[-105.44005,27.36147],[-105.42812,27.35852],[-105.4313,27.34916],[-105.42769,27.34601],[-105.43059,27.34347],[-105.51881,27.35696],[-105.49228,27.30908],[-105.50966,27.30959],[-105.51695,27.31335],[-105.52988,27.31062],[-105.54668,27.30209],[-105.54971,27.29565],[-105.55325,27.29494],[-105.55413,27.28923],[-105.62207,27.311],[-105.6101,27.34188],[-105.63004,27.36818],[-105.71997,27.32223],[-105.70678,27.27892],[-105.7201,27.27385],[-105.71914,27.26029],[-105.7275,27.2561],[-105.73054,27.24072],[-105.73708,27.23279],[-105.75213,27.22548],[-105.75748,27.23126],[-105.7702,27.23631],[-105.77724,27.25103],[-105.78633,27.25837],[-105.7778,27.27391],[-105.80008,27.28622],[-105.80435,27.29204],[-105.83717,27.28068],[-105.84021,27.27547],[-105.85306,27.2828],[-105.85719,27.29616],[-105.86114,27.29896],[-105.86129,27.30605],[-105.88175,27.29329],[-105.89934,27.31204],[-105.91454,27.31822],[-105.91709,27.32871],[-105.93078,27.33611],[-105.94313,27.33869],[-105.95645,27.33452],[-105.95163,27.32427],[-105.95198,27.29785],[-105.95483,27.29271],[-105.95298,27.28553],[-105.95617,27.27974],[-105.95149,27.25683],[-105.94547,27.24818],[-105.93509,27.24986],[-105.92865,27.24751],[-105.93838,27.23976],[-105.94846,27.23891],[-105.95788,27.23302],[-105.97954,27.24088],[-106.00353,27.23813],[-106.0074,27.24069],[-106.01881,27.23158],[-106.03615,27.24311],[-106.0385,27.24843],[-106.04815,27.24928],[-106.05505,27.25493],[-106.05883,27.2631],[-106.06973,27.26963],[-106.08199,27.26911],[-106.08997,27.27253],[-106.08954,27.26152],[-106.1012,27.26252],[-106.10746,27.26647],[-106.10872,27.27986],[-106.12113,27.28375],[-106.11745,27.28891],[-106.12548,27.3049],[-106.12188,27.31094],[-106.12874,27.31548],[-106.12678,27.32694],[-106.11999,27.3301],[-106.11909,27.33375],[-106.1158,27.33166],[-106.10977,27.33657],[-106.10386,27.33566],[-106.09404,27.34477],[-106.08005,27.33966],[-106.07134,27.34373],[-106.06051,27.34276],[-106.04365,27.35465],[-106.04954,27.36223],[-106.05055,27.37433],[-106.06225,27.38185],[-106.0629,27.39489],[-106.06749,27.39945],[-106.07796,27.40354],[-106.08981,27.39854],[-106.09694,27.38997],[-106.10412,27.397],[-106.09868,27.41474],[-106.10662,27.4181],[-106.11577,27.41791],[-106.13099,27.40669],[-106.14339,27.40591],[-106.13157,27.43322],[-106.22248,27.48517],[-106.21574,27.49467],[-106.21845,27.50601],[-106.21278,27.51219],[-106.21412,27.51474],[-106.20665,27.5164],[-106.19638,27.53028],[-106.18597,27.53017],[-106.1811,27.53462],[-106.16594,27.52984],[-106.13722,27.53429],[-106.12609,27.53681],[-106.11457,27.54738],[-106.1139,27.56431],[-106.12448,27.57951],[-106.13186,27.58084],[-106.13476,27.58871],[-106.15121,27.57916],[-106.17022,27.57986],[-106.17484,27.57656],[-106.19644,27.59538],[-106.19208,27.59788],[-106.20276,27.60797],[-106.19194,27.62604],[-106.16645,27.62909],[-106.11754,27.64161],[-106.13305,27.68557],[-106.04022,27.72147],[-106.01657,27.66894],[-105.94561,27.66184],[-105.93504,27.64901],[-105.92431,27.64171],[-105.92002,27.65108],[-105.91231,27.65006],[-105.91648,27.6548],[-105.91356,27.65977],[-105.93203,27.67619],[-105.93616,27.67638],[-105.93498,27.69335],[-105.91692,27.70345],[-105.90793,27.68806],[-105.90897,27.67996],[-105.89983,27.67368],[-105.89155,27.6783],[-105.87922,27.66943],[-105.8315,27.66847],[-105.81767,27.65583],[-105.79395,27.67438],[-105.7875,27.66742],[-105.76927,27.70625],[-105.72083,27.69981],[-105.70869,27.71432],[-105.70965,27.72432],[-105.70625,27.73485]]]}},{"type":"Feature","properties":{"code":"08062","stateCode":"08","municipalityCode":"062","name":"Saucillo"},"geometry":{"type":"Polygon","coordinates":[[[-105.17633,28.34077],[-105.17051,28.33504],[-105.1442,28.32371],[-105.11924,28.3205],[-105.10126,28.31183],[-105.09942,28.30999],[-105.11435,28.30856],[-105.09056,28.26213],[-104.96879,28.2786],[-104.96688,28.31055],[-104.95975,28.30964],[-104.94381,28.29769],[-104.9048,28.29042],[-104.88326,28.25663],[-104.87993,28.219],[-104.88682,28.22328],[-104.94421,28.18803],[-104.95317,28.19473],[-104.95566,28.20261],[-104.97236,28.18705],[-104.95946,28.17862],[-104.94734,28.15911],[-104.93074,28.11537],[-104.92291,28.10588],[-104.90877,28.09649],[-104.90813,28.08832],[-104.89429,28.06692],[-104.8812,28.06069],[-104.86104,28.05672],[-104.83634,28.03752],[-104.82607,28.04126],[-104.82286,28.03847],[-104.81855,28.032],[-104.81808,28.02406],[-104.82599,28.01187],[-104.85985,27.99807],[-104.86242,28.00566],[-104.91377,28.00943],[-104.90698,28.02511],[-104.94919,28.03761],[-105.08537,28.04318],[-105.06625,28.00738],[-105.16987,27.99859],[-105.17822,27.98223],[-105.21523,27.96067],[-105.19688,27.93562],[-105.20607,27.94041],[-105.21162,27.92796],[-105.21974,27.92235],[-105.22705,27.9337],[-105.22057,27.94166],[-105.22274,27.94133],[-105.23889,27.93244],[-105.24096,27.92711],[-105.24806,27.92763],[-105.31647,27.87954],[-105.25473,27.81237],[-105.28658,27.79331],[-105.29285,27.79354],[-105.28923,27.78298],[-105.29241,27.77525],[-105.29881,27.78445],[-105.30207,27.7842],[-105.31299,27.79545],[-105.31388,27.80224],[-105.31767,27.80191],[-105.31714,27.79742],[-105.3251,27.79653],[-105.32456,27.79188],[-105.33325,27.79074],[-105.33704,27.77388],[-105.34434,27.77305],[-105.34273,27.749],[-105.36907,27.73067],[-105.55288,27.71838],[-105.59413,27.6811],[-105.61596,27.68791],[-105.64002,27.69046],[-105.66435,27.70519],[-105.68754,27.71297],[-105.69451,27.71939],[-105.70147,27.72028],[-105.70658,27.73513],[-105.70869,27.71432],[-105.72032,27.70021],[-105.73905,27.70198],[-105.74503,27.71773],[-105.74639,27.73878],[-105.75106,27.74745],[-105.77341,27.75284],[-105.78758,27.75013],[-105.81547,27.76684],[-105.82296,27.78235],[-105.82014,27.78789],[-105.81996,27.80725],[-105.80138,27.82905],[-105.78514,27.83847],[-105.77776,27.86569],[-105.77934,27.88056],[-105.77543,27.88622],[-105.76457,27.88689],[-105.75806,27.89246],[-105.75844,27.89964],[-105.77165,27.89827],[-105.77899,27.91811],[-105.77372,27.92584],[-105.7592,27.93535],[-105.73002,27.98268],[-105.72448,27.98097],[-105.71929,27.98693],[-105.69292,27.99467],[-105.67058,27.99518],[-105.64081,28.01259],[-105.59779,27.96818],[-105.56218,28.00643],[-105.55586,28.00717],[-105.55284,28.01258],[-105.53743,28.01118],[-105.51671,28.01936],[-105.51571,28.01142],[-105.49348,28.02745],[-105.4921,28.03794],[-105.48746,28.03483],[-105.47377,28.03487],[-105.47348,28.05583],[-105.42911,28.05613],[-105.42029,28.04767],[-105.40274,28.06647],[-105.39608,28.08137],[-105.38358,28.07999],[-105.38088,28.06933],[-105.3743,28.07185],[-105.36878,28.06645],[-105.36152,28.06918],[-105.3618,28.23639],[-105.3521,28.23643],[-105.35781,28.24531],[-105.3511,28.25089],[-105.35085,28.25808],[-105.33904,28.25717],[-105.32791,28.2626],[-105.32645,28.26029],[-105.32271,28.26683],[-105.31955,28.26316],[-105.3193,28.26762],[-105.31243,28.26982],[-105.31511,28.27276],[-105.31197,28.27522],[-105.31074,28.2842],[-105.31371,28.28747],[-105.30959,28.29284],[-105.28449,28.3048],[-105.24698,28.31278],[-105.24634,28.32624],[-105.23936,28.31929],[-105.18036,28.32124],[-105.18547,28.33205],[-105.18433,28.33598],[-105.17633,28.34077]]]}},{"type":"Feature","properties":{"code":"08061","stateCode":"08","municipalityCode":"061","name":"Satevó"},"geometry":{"type":"Polygon","coordinates":[[[-106.3116,28.14439],[-106.29393,28.13651],[-106.28272,28.12515],[-106.26073,28.11209],[-106.24875,28.09847],[-106.2403,28.09593],[-106.23324,28.09906],[-106.22625,28.10815],[-106.22003,28.10824],[-106.21183,28.1142],[-106.19401,28.11244],[-106.18332,28.12375],[-106.11467,28.13396],[-106.06801,28.14536],[-106.09544,28.12221],[-106.09119,28.11414],[-106.07057,28.11491],[-106.07007,28.10125],[-106.0659,28.10484],[-106.0578,28.10008],[-106.04978,28.10178],[-106.04483,28.09603],[-106.02302,28.0868],[-106.01387,28.0997],[-106.00782,28.10087],[-105.99603,28.08664],[-105.97245,28.02645],[-105.96254,28.02446],[-105.97237,28.01806],[-105.97903,28.01856],[-105.97935,28.01483],[-105.9892,28.01302],[-105.97764,28.00344],[-105.97372,27.9849],[-105.94179,27.96324],[-105.93071,27.94283],[-105.91371,27.93868],[-105.89494,27.94528],[-105.89353,27.93701],[-105.8839,27.93767],[-105.87495,27.93152],[-105.87366,27.91009],[-105.86356,27.89922],[-105.84552,27.90092],[-105.83756,27.89363],[-105.83385,27.88355],[-105.82582,27.87988],[-105.81803,27.87906],[-105.77968,27.91614],[-105.77165,27.89827],[-105.75844,27.89964],[-105.75806,27.89246],[-105.76078,27.88956],[-105.77465,27.88706],[-105.77927,27.88087],[-105.77776,27.86569],[-105.78514,27.83847],[-105.80138,27.82905],[-105.81996,27.80725],[-105.82014,27.78789],[-105.82296,27.78235],[-105.81515,27.76653],[-105.78789,27.75028],[-105.77165,27.7527],[-105.75057,27.74703],[-105.74639,27.73878],[-105.74503,27.71773],[-105.73905,27.70198],[-105.76927,27.70625],[-105.7875,27.66742],[-105.79395,27.67438],[-105.81767,27.65583],[-105.8315,27.66847],[-105.87922,27.66943],[-105.89155,27.6783],[-105.89983,27.67368],[-105.90897,27.67996],[-105.90793,27.68806],[-105.91692,27.70345],[-105.93498,27.69335],[-105.93616,27.67638],[-105.93203,27.67619],[-105.91356,27.65977],[-105.91648,27.6548],[-105.91231,27.65006],[-105.92002,27.65108],[-105.92431,27.64171],[-105.93504,27.64901],[-105.94561,27.66184],[-106.01657,27.66894],[-106.04022,27.72147],[-106.13226,27.68612],[-106.11754,27.64161],[-106.16645,27.62909],[-106.19194,27.62604],[-106.20276,27.60797],[-106.19208,27.59788],[-106.19644,27.59538],[-106.17484,27.57656],[-106.17022,27.57986],[-106.15121,27.57916],[-106.13476,27.58871],[-106.13186,27.58084],[-106.12448,27.57951],[-106.1139,27.56431],[-106.11519,27.54514],[-106.12609,27.53681],[-106.13722,27.53429],[-106.16594,27.52984],[-106.1811,27.53462],[-106.18597,27.53017],[-106.19638,27.53028],[-106.20665,27.5164],[-106.21412,27.51474],[-106.21278,27.51219],[-106.21845,27.50601],[-106.21574,27.49467],[-106.22248,27.48517],[-106.13157,27.43322],[-106.1451,27.40196],[-106.16439,27.41237],[-106.16306,27.41467],[-106.17025,27.42183],[-106.18214,27.42783],[-106.18885,27.42556],[-106.19992,27.43153],[-106.21029,27.41491],[-106.20768,27.38394],[-106.26604,27.38531],[-106.27184,27.37257],[-106.27649,27.37431],[-106.27377,27.3825],[-106.27964,27.38685],[-106.29132,27.38569],[-106.29743,27.39405],[-106.30324,27.38878],[-106.30897,27.38841],[-106.31329,27.39582],[-106.31266,27.40447],[-106.31871,27.39568],[-106.32708,27.39731],[-106.33262,27.41632],[-106.34424,27.41868],[-106.35711,27.42721],[-106.36358,27.42474],[-106.36467,27.43435],[-106.38421,27.43132],[-106.39317,27.44041],[-106.40908,27.44449],[-106.41207,27.451],[-106.41917,27.45116],[-106.43063,27.45907],[-106.43219,27.46574],[-106.44107,27.46007],[-106.45163,27.46686],[-106.45051,27.47318],[-106.4549,27.47577],[-106.47714,27.47644],[-106.49065,27.49148],[-106.49911,27.49298],[-106.49535,27.50006],[-106.4991,27.49896],[-106.50788,27.50546],[-106.51618,27.50044],[-106.52146,27.50729],[-106.52049,27.51003],[-106.5077,27.51067],[-106.50359,27.51953],[-106.51007,27.52335],[-106.51736,27.5133],[-106.52109,27.51727],[-106.51484,27.52792],[-106.4902,27.55297],[-106.5149,27.56549],[-106.51385,27.57873],[-106.52118,27.59402],[-106.5163,27.61006],[-106.52639,27.62968],[-106.50865,27.63686],[-106.49674,27.63677],[-106.50591,27.64246],[-106.52505,27.64509],[-106.53772,27.65311],[-106.55158,27.65509],[-106.55629,27.6647],[-106.57401,27.67484],[-106.58431,27.67131],[-106.59214,27.65111],[-106.62008,27.6627],[-106.63029,27.70368],[-106.62087,27.69897],[-106.61264,27.70011],[-106.61579,27.70307],[-106.61241,27.70268],[-106.6081,27.7075],[-106.61085,27.71194],[-106.60891,27.72347],[-106.59607,27.72525],[-106.5935,27.72051],[-106.59517,27.71121],[-106.56861,27.70701],[-106.55303,27.78531],[-106.54094,27.77927],[-106.53842,27.79137],[-106.51105,27.76732],[-106.5049,27.75611],[-106.48835,27.79343],[-106.49122,27.78237],[-106.4891,27.77943],[-106.48399,27.78171],[-106.48531,27.79134],[-106.48086,27.79503],[-106.47823,27.79373],[-106.47017,27.80428],[-106.46314,27.80644],[-106.45879,27.81183],[-106.45193,27.8128],[-106.44756,27.80974],[-106.44285,27.81368],[-106.43241,27.80663],[-106.42968,27.80914],[-106.42026,27.79609],[-106.40976,27.79523],[-106.39802,27.78379],[-106.39091,27.78172],[-106.39178,27.78505],[-106.38303,27.79268],[-106.35149,27.8046],[-106.34617,27.79757],[-106.33576,27.80342],[-106.33047,27.80131],[-106.29757,27.83901],[-106.29907,27.84421],[-106.30691,27.84379],[-106.30914,27.84831],[-106.31597,27.84812],[-106.3178,27.8521],[-106.3021,27.87215],[-106.30197,27.88818],[-106.29345,27.90693],[-106.29685,27.91469],[-106.29267,27.92763],[-106.30342,27.93441],[-106.30358,27.94151],[-106.30674,27.94421],[-106.37756,27.94298],[-106.36237,27.95109],[-106.36236,27.95856],[-106.35714,27.95698],[-106.35639,27.96087],[-106.37431,27.97423],[-106.40201,27.97958],[-106.41481,27.9725],[-106.43664,28.00588],[-106.4338,28.00905],[-106.43225,28.00595],[-106.42448,28.0056],[-106.42454,28.00262],[-106.40398,28.00621],[-106.39588,28.01745],[-106.39331,28.02819],[-106.37249,28.02565],[-106.37452,28.0332],[-106.36533,28.04298],[-106.37273,28.05036],[-106.38037,28.10132],[-106.36306,28.10386],[-106.3479,28.11571],[-106.34305,28.13593],[-106.3116,28.14439]]]}},{"type":"Feature","properties":{"code":"08029","stateCode":"08","municipalityCode":"029","name":"Guadalupe y Calvo"},"geometry":{"type":"Polygon","coordinates":[[[-107.36605,26.68838],[-107.35286,26.67716],[-107.3357,26.67425],[-107.32489,26.67801],[-107.31669,26.67406],[-107.3138,26.66576],[-107.30458,26.66379],[-107.29411,26.65173],[-107.28673,26.65152],[-107.28562,26.64407],[-107.27298,26.6364],[-107.2669,26.63752],[-107.2551,26.62634],[-107.24356,26.62257],[-107.23337,26.62665],[-107.22617,26.62242],[-107.21737,26.63412],[-107.22048,26.64305],[-107.21818,26.64597],[-107.21356,26.64563],[-107.20966,26.63725],[-107.18275,26.64157],[-107.17525,26.63556],[-107.1706,26.63993],[-107.16071,26.63716],[-107.15618,26.64576],[-107.14506,26.6426],[-107.13312,26.6452],[-107.12775,26.65444],[-107.11293,26.65558],[-107.10815,26.6637],[-107.09584,26.67077],[-107.08251,26.666],[-107.07346,26.67066],[-107.06504,26.66606],[-107.04244,26.6716],[-107.03604,26.66408],[-107.02222,26.66453],[-107.0123,26.6688],[-106.98023,26.66224],[-106.95435,26.64218],[-106.95441,26.63603],[-106.94479,26.62677],[-106.92527,26.62623],[-106.91805,26.61167],[-106.90753,26.61158],[-106.90729,26.60241],[-106.91321,26.5947],[-106.91238,26.59004],[-106.90097,26.58472],[-106.8954,26.58567],[-106.8866,26.57448],[-106.88149,26.57804],[-106.87436,26.57732],[-106.86898,26.56852],[-106.86352,26.56979],[-106.86214,26.56598],[-106.85478,26.56449],[-106.84878,26.55868],[-106.85141,26.55115],[-106.84027,26.55548],[-106.83858,26.54775],[-106.8325,26.54931],[-106.81308,26.51469],[-106.78926,26.48324],[-106.78485,26.48691],[-106.76544,26.48295],[-106.75984,26.47315],[-106.75462,26.47331],[-106.746,26.46505],[-106.74458,26.45159],[-106.73791,26.44966],[-106.73331,26.45351],[-106.72908,26.44248],[-106.72075,26.43946],[-106.7181,26.43224],[-106.70292,26.42118],[-106.69712,26.42174],[-106.69082,26.41556],[-106.67728,26.41051],[-106.67058,26.40006],[-106.66572,26.40477],[-106.65922,26.40518],[-106.64156,26.39119],[-106.63043,26.39677],[-106.62462,26.39248],[-106.6147,26.3921],[-106.61194,26.38619],[-106.60321,26.39012],[-106.60015,26.3811],[-106.59389,26.38543],[-106.5807,26.38478],[-106.54194,26.36165],[-106.53441,26.3349],[-106.49752,26.31431],[-106.47396,26.26087],[-106.42382,26.21478],[-106.43278,26.20401],[-106.41561,26.1394],[-106.45864,26.11216],[-106.46125,26.10522],[-106.45441,26.09526],[-106.47123,26.06052],[-106.46504,26.05194],[-106.4541,26.04636],[-106.4534,26.02784],[-106.4641,26.01786],[-106.46745,26.01829],[-106.47041,26.00543],[-106.44471,26.00509],[-106.45582,25.97258],[-106.49167,25.96805],[-106.50147,25.95496],[-106.53372,25.94576],[-106.54731,25.95242],[-106.56013,25.91271],[-106.55597,25.69171],[-106.52655,25.71338],[-106.46404,25.74171],[-106.46362,25.72904],[-106.48579,25.71614],[-106.50883,25.70751],[-106.52102,25.69491],[-106.52799,25.69177],[-106.52734,25.68653],[-106.53096,25.68577],[-106.53644,25.67596],[-106.56553,25.66657],[-106.56967,25.65766],[-106.59182,25.64739],[-106.59262,25.64354],[-106.62013,25.61685],[-106.62325,25.60704],[-106.62926,25.60379],[-106.63085,25.5858],[-106.64291,25.58519],[-106.6556,25.57517],[-106.65748,25.57019],[-106.65283,25.55884],[-106.65933,25.56452],[-106.67142,25.56742],[-106.68024,25.58932],[-106.70797,25.60245],[-106.68197,25.57917],[-106.69885,25.58084],[-106.69892,25.5862],[-106.70576,25.59735],[-106.70255,25.58121],[-106.7448,25.58516],[-106.81783,25.57339],[-106.87376,25.57186],[-106.89922,25.64374],[-106.89378,25.64429],[-106.92239,25.64608],[-106.99432,25.66223],[-106.96694,25.66833],[-106.96595,25.6771],[-106.96915,25.68301],[-106.96532,25.69788],[-106.9903,25.71492],[-106.99141,25.71049],[-107.00477,25.70313],[-107.00552,25.69871],[-107.01062,25.69837],[-107.01068,25.69146],[-107.04614,25.69988],[-107.04808,25.71083],[-107.06422,25.71907],[-107.06196,25.72294],[-107.06538,25.7252],[-107.06474,25.73278],[-107.0605,25.74],[-107.06468,25.74816],[-107.0579,25.75737],[-107.19458,25.85231],[-107.20887,25.85631],[-107.20695,25.86392],[-107.21312,25.86189],[-107.22903,25.86974],[-107.23938,25.88038],[-107.24651,25.87777],[-107.24247,25.89237],[-107.29613,25.92479],[-107.28703,25.95398],[-107.28004,25.9581],[-107.28238,25.98992],[-107.27635,26.00198],[-107.30669,26.04878],[-107.30489,26.0764],[-107.32704,26.09089],[-107.34653,26.10952],[-107.41612,26.14122],[-107.43235,26.13825],[-107.43104,26.14286],[-107.45097,26.13762],[-107.46,26.13831],[-107.47775,26.12096],[-107.48545,26.1197],[-107.48526,26.11542],[-107.49217,26.11146],[-107.50612,26.11579],[-107.52002,26.10423],[-107.52394,26.10723],[-107.52213,26.11182],[-107.52811,26.12138],[-107.52627,26.12775],[-107.53459,26.13094],[-107.53739,26.13766],[-107.54368,26.13732],[-107.54,26.1408],[-107.54328,26.14635],[-107.55396,26.15175],[-107.55568,26.15962],[-107.56539,26.16464],[-107.57753,26.1647],[-107.58203,26.17064],[-107.58976,26.1698],[-107.59318,26.16604],[-107.62077,26.16265],[-107.63575,26.15458],[-107.65276,26.16364],[-107.69632,26.16547],[-107.69919,26.17074],[-107.70614,26.17007],[-107.71108,26.17441],[-107.71743,26.16474],[-107.72489,26.16317],[-107.73872,26.16724],[-107.73787,26.15695],[-107.7476,26.15379],[-107.74792,26.14349],[-107.75517,26.13451],[-107.78069,26.13694],[-107.78892,26.16861],[-107.80454,26.1748],[-107.81028,26.18368],[-107.81825,26.18345],[-107.82275,26.18763],[-107.82402,26.18411],[-107.83995,26.18294],[-107.85402,26.19652],[-107.85626,26.22604],[-107.89981,26.28671],[-107.89878,26.30949],[-107.9015,26.31521],[-107.87177,26.34739],[-107.86938,26.37086],[-107.80779,26.36561],[-107.75004,26.36827],[-107.72373,26.40348],[-107.68159,26.42607],[-107.68772,26.38955],[-107.67829,26.3649],[-107.59003,26.32362],[-107.59872,26.3618],[-107.61394,26.40166],[-107.56352,26.41089],[-107.56668,26.42248],[-107.56441,26.42479],[-107.56777,26.42965],[-107.56261,26.44379],[-107.54825,26.45276],[-107.54534,26.45833],[-107.53482,26.46098],[-107.53946,26.46467],[-107.53503,26.4706],[-107.53541,26.47677],[-107.5429,26.47898],[-107.53961,26.48566],[-107.51287,26.49033],[-107.50563,26.49921],[-107.50772,26.50805],[-107.49821,26.5051],[-107.49526,26.50688],[-107.51702,26.52379],[-107.52661,26.52725],[-107.53114,26.53475],[-107.52328,26.54169],[-107.51748,26.55468],[-107.50301,26.56489],[-107.49854,26.5736],[-107.48003,26.58093],[-107.48248,26.59333],[-107.43277,26.59212],[-107.4275,26.57994],[-107.42925,26.57121],[-107.41987,26.56203],[-107.41889,26.54059],[-107.4081,26.51852],[-107.38657,26.51373],[-107.36369,26.51743],[-107.37923,26.53676],[-107.37839,26.54183],[-107.36087,26.54313],[-107.35851,26.54801],[-107.35667,26.5557],[-107.3646,26.56146],[-107.3623,26.58227],[-107.37709,26.58881],[-107.38116,26.59658],[-107.3597,26.66071],[-107.38841,26.66641],[-107.38475,26.67933],[-107.37432,26.67921],[-107.36998,26.68744],[-107.36605,26.68838]]]}},{"type":"Feature","properties":{"code":"08003","stateCode":"08","municipalityCode":"003","name":"Allende"},"geometry":{"type":"Polygon","coordinates":[[[-105.26418,27.43024],[-105.25422,27.41576],[-105.23428,27.42699],[-105.25075,27.40383],[-105.24162,27.39315],[-105.23322,27.40115],[-105.22366,27.4044],[-105.16375,27.35463],[-105.16197,27.34997],[-105.15447,27.36406],[-105.15927,27.37186],[-105.15822,27.39858],[-105.08528,27.37135],[-105.08911,27.36292],[-105.02807,27.2788],[-105.04479,27.2703],[-105.04838,27.2577],[-105.02752,27.24012],[-105.03841,27.21385],[-105.03114,27.20537],[-105.04007,27.20227],[-105.04518,27.20499],[-105.22847,27.1164],[-105.25339,27.08664],[-105.26439,27.05173],[-105.25471,27.02189],[-105.2447,27.02017],[-105.22303,26.97115],[-105.21925,26.96999],[-105.21353,26.94534],[-105.2033,26.94113],[-105.20224,26.93571],[-105.18663,26.91849],[-105.1803,26.88498],[-105.17458,26.87934],[-105.16263,26.88058],[-105.15396,26.86581],[-105.15896,26.85558],[-105.17789,26.83694],[-105.16353,26.82417],[-105.17526,26.81094],[-105.22459,26.85602],[-105.22209,26.81955],[-105.2165,26.82245],[-105.21319,26.81238],[-105.21552,26.81201],[-105.22858,26.76666],[-105.22716,26.75623],[-105.23272,26.7495],[-105.21424,26.74374],[-105.22407,26.6859],[-105.21297,26.6382],[-105.30879,26.65116],[-105.30942,26.66894],[-105.31915,26.66113],[-105.31979,26.69416],[-105.2774,26.70644],[-105.27283,26.71598],[-105.26188,26.72727],[-105.25363,26.75597],[-105.27446,26.78645],[-105.2816,26.78374],[-105.29164,26.78765],[-105.29537,26.78457],[-105.2927,26.77743],[-105.2992,26.77417],[-105.30314,26.77405],[-105.30722,26.78204],[-105.32934,26.77515],[-105.32983,26.78363],[-105.33614,26.79194],[-105.34141,26.79374],[-105.32154,26.80361],[-105.33987,26.83698],[-105.34418,26.83585],[-105.35008,26.84261],[-105.35392,26.84043],[-105.35377,26.83648],[-105.36169,26.83549],[-105.36727,26.84041],[-105.36961,26.83804],[-105.3752,26.84231],[-105.38432,26.84204],[-105.38492,26.84874],[-105.41566,26.85712],[-105.44044,26.85524],[-105.44906,26.85873],[-105.45314,26.8564],[-105.4567,26.86124],[-105.44272,26.86916],[-105.48832,26.88717],[-105.53634,26.91527],[-105.55126,26.90774],[-105.54234,26.92962],[-105.53667,26.93426],[-105.53778,26.9371],[-105.52652,26.94528],[-105.52569,26.95752],[-105.51934,26.95821],[-105.50816,26.96962],[-105.51392,26.97736],[-105.5104,26.98738],[-105.51334,26.99652],[-105.50997,27.00965],[-105.50221,27.01748],[-105.51128,27.04068],[-105.51891,27.04169],[-105.52116,27.05468],[-105.54106,27.04638],[-105.54021,27.04111],[-105.55343,27.04111],[-105.56153,27.03727],[-105.56589,27.05784],[-105.56269,27.06284],[-105.56356,27.07105],[-105.57216,27.08056],[-105.54953,27.10861],[-105.55305,27.11577],[-105.55248,27.12795],[-105.54444,27.14037],[-105.49446,27.14391],[-105.49085,27.15213],[-105.49479,27.15654],[-105.49159,27.15968],[-105.49424,27.16945],[-105.45511,27.15559],[-105.46172,27.16829],[-105.46083,27.1767],[-105.45515,27.18036],[-105.45551,27.18935],[-105.41783,27.17884],[-105.42141,27.183],[-105.4074,27.19333],[-105.40648,27.21223],[-105.39742,27.22846],[-105.4056,27.24027],[-105.40648,27.25159],[-105.41355,27.25678],[-105.4117,27.27111],[-105.42233,27.2868],[-105.42681,27.28667],[-105.42903,27.29503],[-105.43527,27.29822],[-105.43009,27.30997],[-105.4359,27.31808],[-105.43741,27.328],[-105.42733,27.33449],[-105.42673,27.3375],[-105.43151,27.33933],[-105.42547,27.34564],[-105.43128,27.3488],[-105.42812,27.35852],[-105.44005,27.36147],[-105.43239,27.36623],[-105.43186,27.37134],[-105.42615,27.37301],[-105.42667,27.38182],[-105.42092,27.38679],[-105.40869,27.38915],[-105.37909,27.37518],[-105.34588,27.3718],[-105.32991,27.36659],[-105.32085,27.35979],[-105.30473,27.36139],[-105.27978,27.38239],[-105.27163,27.40015],[-105.27903,27.42098],[-105.27775,27.42782],[-105.27209,27.42602],[-105.26418,27.43024]]]}},{"type":"Feature","properties":{"code":"08014","stateCode":"08","municipalityCode":"014","name":"Coronado"},"geometry":{"type":"Polygon","coordinates":[[[-105.17104,26.92436],[-105.13945,26.88393],[-105.14542,26.87473],[-105.14129,26.84923],[-105.13616,26.86098],[-105.14118,26.86606],[-105.14025,26.88036],[-105.13707,26.88754],[-105.12586,26.89717],[-105.07652,26.88044],[-105.0898,26.85016],[-105.13351,26.85726],[-105.14016,26.84527],[-105.05299,26.82561],[-105.04798,26.80731],[-105.04609,26.78082],[-105.04859,26.77413],[-105.05374,26.77106],[-105.04917,26.74936],[-105.0201,26.66504],[-104.99172,26.69926],[-104.95911,26.70757],[-104.97108,26.74207],[-104.89679,26.759],[-104.88665,26.72406],[-104.7719,26.75037],[-104.74864,26.75103],[-104.73235,26.74924],[-104.73559,26.73019],[-104.70831,26.72611],[-104.70706,26.72806],[-104.7068,26.72125],[-104.718,26.71315],[-104.71115,26.6992],[-104.71985,26.6931],[-104.7228,26.67678],[-104.72825,26.67312],[-104.72904,26.66665],[-104.70737,26.63862],[-104.72284,26.63069],[-104.73691,26.61303],[-104.75719,26.59675],[-104.76903,26.58113],[-104.7679,26.57177],[-104.77172,26.56252],[-104.78238,26.56317],[-104.80094,26.55635],[-104.79604,26.54809],[-104.8051,26.54782],[-104.85895,26.50456],[-104.8989,26.51002],[-104.90855,26.5055],[-104.91825,26.49384],[-104.93673,26.48371],[-104.94438,26.46834],[-104.96322,26.47339],[-104.96959,26.46595],[-104.95624,26.46284],[-104.9631,26.44918],[-104.97375,26.45304],[-104.98012,26.45099],[-104.98105,26.45435],[-104.98731,26.45217],[-104.99232,26.45653],[-105.00039,26.45495],[-105.00558,26.44848],[-105.01275,26.4462],[-105.01502,26.44828],[-105.02707,26.43694],[-105.05258,26.42976],[-105.05663,26.4193],[-105.10155,26.52141],[-105.26468,26.46207],[-105.27061,26.46646],[-105.26946,26.47976],[-105.27908,26.48748],[-105.28993,26.48811],[-105.29163,26.48089],[-105.29846,26.48202],[-105.30193,26.47245],[-105.31548,26.47035],[-105.31675,26.46229],[-105.33399,26.46936],[-105.33875,26.47805],[-105.35277,26.47888],[-105.35716,26.48562],[-105.35452,26.49262],[-105.34271,26.50452],[-105.34854,26.5055],[-105.34803,26.51249],[-105.36253,26.53202],[-105.36862,26.53427],[-105.37283,26.52966],[-105.3811,26.52959],[-105.38556,26.52258],[-105.38924,26.52402],[-105.38444,26.5386],[-105.44218,26.55223],[-105.4021,26.59469],[-105.33926,26.64512],[-105.35047,26.6584],[-105.34158,26.65614],[-105.32879,26.66446],[-105.33024,26.68015],[-105.33857,26.68346],[-105.34712,26.69832],[-105.35044,26.71894],[-105.34937,26.73803],[-105.3394,26.74652],[-105.34146,26.75377],[-105.33778,26.76256],[-105.33327,26.76788],[-105.32243,26.76713],[-105.31893,26.78013],[-105.30722,26.78204],[-105.30314,26.77405],[-105.3002,26.77401],[-105.2927,26.77743],[-105.29537,26.78457],[-105.29164,26.78765],[-105.2816,26.78374],[-105.27446,26.78645],[-105.25363,26.75597],[-105.26188,26.72727],[-105.27283,26.71598],[-105.2774,26.70644],[-105.31979,26.69416],[-105.31915,26.66113],[-105.30942,26.66894],[-105.30879,26.65116],[-105.21297,26.6382],[-105.22407,26.6859],[-105.21424,26.74374],[-105.23272,26.7495],[-105.22716,26.75623],[-105.22858,26.76666],[-105.21552,26.81201],[-105.21319,26.81238],[-105.2165,26.82245],[-105.22209,26.81955],[-105.22459,26.85602],[-105.17526,26.81094],[-105.16353,26.82417],[-105.17789,26.83694],[-105.15896,26.85558],[-105.15396,26.86581],[-105.16263,26.88058],[-105.17458,26.87934],[-105.1803,26.88498],[-105.18506,26.91328],[-105.19066,26.92227],[-105.17104,26.92436]]]}},{"type":"Feature","properties":{"code":"08018","stateCode":"08","municipalityCode":"018","name":"Cusihuiriachi"},"geometry":{"type":"Polygon","coordinates":[[[-106.67398,28.37838],[-106.65642,28.37403],[-106.65209,28.35558],[-106.65172,28.35155],[-106.65541,28.35219],[-106.66296,28.31963],[-106.68464,28.32358],[-106.68893,28.32775],[-106.68167,28.34092],[-106.6877,28.35711],[-106.7166,28.34362],[-106.71531,28.33722],[-106.71137,28.33742],[-106.70014,28.32497],[-106.69768,28.31792],[-106.7421,28.31683],[-106.74765,28.29715],[-106.73257,28.29004],[-106.71855,28.29249],[-106.72039,28.28323],[-106.71722,28.27257],[-106.71139,28.26635],[-106.71072,28.27661],[-106.70023,28.27603],[-106.69691,28.28962],[-106.63696,28.28168],[-106.60772,28.27401],[-106.60956,28.26619],[-106.61932,28.26906],[-106.65082,28.23366],[-106.63263,28.2328],[-106.63425,28.22339],[-106.654,28.22013],[-106.65139,28.19985],[-106.60361,28.19994],[-106.60407,28.18935],[-106.56182,28.17604],[-106.56408,28.15293],[-106.53439,28.127],[-106.54168,28.12626],[-106.58819,28.07657],[-106.63987,28.12023],[-106.64002,28.03735],[-106.65121,28.05591],[-106.69988,28.10553],[-106.7501,28.07428],[-106.75307,28.08215],[-106.8404,28.09242],[-106.85479,28.08517],[-106.8428,28.06602],[-106.85256,28.06044],[-106.86195,28.066],[-106.87165,28.05833],[-106.89403,28.07726],[-106.91212,28.06059],[-106.94065,28.08964],[-107.01335,28.10012],[-107.0156,28.07721],[-107.05024,28.08878],[-107.08651,28.06801],[-107.08905,28.07968],[-107.10088,28.0867],[-107.07876,28.1162],[-107.12293,28.10521],[-107.12334,28.11474],[-107.13247,28.11452],[-107.12853,28.14704],[-107.1099,28.15197],[-107.10767,28.16757],[-107.13143,28.17156],[-107.12854,28.18694],[-107.16088,28.18808],[-107.14135,28.15665],[-107.14557,28.13818],[-107.17057,28.14283],[-107.17309,28.12468],[-107.18042,28.12631],[-107.18191,28.1167],[-107.19169,28.11836],[-107.19154,28.13666],[-107.20498,28.13513],[-107.22141,28.10632],[-107.22526,28.10794],[-107.22842,28.15972],[-107.18601,28.16365],[-107.18169,28.18212],[-107.21194,28.20493],[-107.21268,28.21457],[-107.22514,28.22995],[-107.19429,28.25066],[-107.22431,28.25687],[-107.24328,28.26867],[-107.24107,28.29065],[-107.16336,28.31966],[-107.15549,28.3066],[-107.15261,28.3066],[-107.15559,28.31465],[-107.148,28.31521],[-107.11602,28.33753],[-107.11507,28.33274],[-107.10152,28.33396],[-107.10026,28.32564],[-107.08462,28.32766],[-107.08662,28.33377],[-107.0723,28.34058],[-107.06463,28.35089],[-107.05095,28.34798],[-107.04876,28.34127],[-107.00008,28.33854],[-106.94339,28.34217],[-106.94336,28.33929],[-106.89645,28.33728],[-106.8802,28.33923],[-106.87698,28.36256],[-106.85177,28.36542],[-106.8192,28.36228],[-106.78435,28.35374],[-106.78084,28.34961],[-106.776,28.35384],[-106.77381,28.34494],[-106.76754,28.34062],[-106.76273,28.3465],[-106.73801,28.35737],[-106.73275,28.35316],[-106.72907,28.35423],[-106.72492,28.36309],[-106.7209,28.36716],[-106.71279,28.36716],[-106.71229,28.37137],[-106.67398,28.37838]]]}},{"type":"Feature","properties":{"code":"08054","stateCode":"08","municipalityCode":"054","name":"Riva Palacio"},"geometry":{"type":"Polygon","coordinates":[[[-106.70883,29.27574],[-106.70869,29.26809],[-106.68513,29.26836],[-106.68495,29.25656],[-106.66862,29.25669],[-106.67848,29.2423],[-106.67982,29.23233],[-106.66324,29.23375],[-106.66122,29.23006],[-106.6539,29.22963],[-106.64148,29.23342],[-106.63748,29.22672],[-106.62844,29.2268],[-106.62825,29.20965],[-106.58985,29.20761],[-106.58453,29.20026],[-106.5851,29.1934],[-106.57469,29.19658],[-106.56554,29.19172],[-106.55528,29.20852],[-106.54913,29.2121],[-106.55683,29.16172],[-106.58425,29.13036],[-106.59279,29.13042],[-106.59878,29.12351],[-106.62191,29.08396],[-106.61418,29.07117],[-106.61305,29.05454],[-106.59751,29.05038],[-106.5946,29.03866],[-106.60494,29.04207],[-106.59506,28.86277],[-106.59834,28.78343],[-106.57919,28.7578],[-106.52291,28.76591],[-106.47353,28.77755],[-106.46051,28.76783],[-106.45293,28.74328],[-106.42452,28.73844],[-106.427,28.73254],[-106.41129,28.72365],[-106.41312,28.71312],[-106.42326,28.71776],[-106.42803,28.71293],[-106.43733,28.71266],[-106.42993,28.70466],[-106.42895,28.69596],[-106.41704,28.68991],[-106.41276,28.68388],[-106.4077,28.66485],[-106.40166,28.65646],[-106.38546,28.6476],[-106.37786,28.63525],[-106.3656,28.62501],[-106.36217,28.61717],[-106.35098,28.61105],[-106.35147,28.60644],[-106.34248,28.60782],[-106.33938,28.60292],[-106.33475,28.60295],[-106.32551,28.59447],[-106.31874,28.59289],[-106.30234,28.56731],[-106.2945,28.56041],[-106.32491,28.55017],[-106.32766,28.53766],[-106.33134,28.53999],[-106.33259,28.53719],[-106.32866,28.51566],[-106.31534,28.51862],[-106.30772,28.51276],[-106.31015,28.5023],[-106.31579,28.49918],[-106.31412,28.49117],[-106.30942,28.49079],[-106.3078,28.48443],[-106.29564,28.4761],[-106.3068,28.4591],[-106.29968,28.43106],[-106.30602,28.42548],[-106.31402,28.42478],[-106.32746,28.42983],[-106.33038,28.42655],[-106.33889,28.4259],[-106.34945,28.4409],[-106.36177,28.44992],[-106.37001,28.45099],[-106.37814,28.47496],[-106.40196,28.44916],[-106.40706,28.44916],[-106.40608,28.45867],[-106.41709,28.45706],[-106.41719,28.44915],[-106.43604,28.44913],[-106.47427,28.43731],[-106.47093,28.42398],[-106.50332,28.41846],[-106.5173,28.44384],[-106.54515,28.4185],[-106.56609,28.44266],[-106.58702,28.45601],[-106.59147,28.45599],[-106.59808,28.47713],[-106.58785,28.4751],[-106.59084,28.49174],[-106.62771,28.49233],[-106.62232,28.49914],[-106.59602,28.50286],[-106.59155,28.50583],[-106.5905,28.51609],[-106.58356,28.51025],[-106.54974,28.51536],[-106.58897,28.53303],[-106.62718,28.57926],[-106.69203,28.62394],[-106.70683,28.62184],[-106.70981,28.61757],[-106.71421,28.61858],[-106.72301,28.61188],[-106.72023,28.61802],[-106.73471,28.62404],[-106.74141,28.63286],[-106.74074,28.63897],[-106.74541,28.64628],[-106.76189,28.6597],[-106.78379,28.7373],[-106.81047,28.75942],[-106.82763,28.76333],[-106.84149,28.75236],[-106.85874,28.75929],[-106.88828,28.76372],[-106.86375,28.78704],[-106.8701,28.79248],[-106.86273,28.79938],[-106.85464,28.80111],[-106.84734,28.80974],[-106.85107,28.81287],[-106.85557,28.8085],[-106.86155,28.81366],[-106.84159,28.83164],[-106.82226,28.82413],[-106.82042,28.82803],[-106.81277,28.82508],[-106.8114,28.82776],[-106.80475,28.82316],[-106.79249,28.82883],[-106.78658,28.84057],[-106.81119,28.8501],[-106.8021,28.85877],[-106.82372,28.86225],[-106.82294,28.8667],[-106.84906,28.88799],[-106.84385,28.91913],[-106.83293,28.91728],[-106.83157,28.92406],[-106.76568,28.91383],[-106.75955,28.945],[-106.77445,28.95362],[-106.77692,29.0329],[-106.81019,29.04129],[-106.80599,29.05573],[-106.80921,29.05654],[-106.81396,29.042],[-106.82826,29.04447],[-106.78904,29.12916],[-106.81918,29.14942],[-106.82253,29.21342],[-106.76495,29.21517],[-106.77981,29.26409],[-106.82664,29.26051],[-106.82453,29.26205],[-106.82662,29.27079],[-106.70883,29.27574]]]}},{"type":"Feature","properties":{"code":"08058","stateCode":"08","municipalityCode":"058","name":"San Francisco de Conchos"},"geometry":{"type":"Polygon","coordinates":[[[-105.31329,27.79772],[-105.29241,27.77525],[-105.28923,27.78298],[-105.29285,27.79354],[-105.28658,27.79331],[-105.25929,27.76363],[-105.29061,27.71985],[-105.24916,27.70199],[-105.2864,27.6904],[-105.28653,27.67994],[-105.27432,27.66688],[-105.27563,27.64962],[-105.26827,27.64594],[-105.26612,27.64054],[-105.2835,27.63478],[-105.28208,27.628],[-105.27879,27.62921],[-105.27767,27.62635],[-105.28218,27.61577],[-105.25765,27.59116],[-105.23724,27.56326],[-105.24522,27.55962],[-105.24235,27.55148],[-105.19507,27.55184],[-105.19473,27.50778],[-105.19509,27.49795],[-105.19987,27.49091],[-105.23608,27.49086],[-105.23587,27.47876],[-105.25195,27.46066],[-105.25686,27.44886],[-105.2529,27.44018],[-105.26782,27.43759],[-105.2653,27.43139],[-105.27178,27.42608],[-105.27775,27.42782],[-105.27903,27.42098],[-105.27163,27.40015],[-105.27978,27.38239],[-105.30059,27.36708],[-105.3024,27.36264],[-105.31594,27.35951],[-105.34588,27.3718],[-105.37909,27.37518],[-105.40869,27.38915],[-105.4217,27.38546],[-105.42287,27.39002],[-105.41623,27.39862],[-105.42009,27.40325],[-105.42129,27.41217],[-105.40969,27.41214],[-105.41389,27.42286],[-105.4108,27.43362],[-105.40382,27.4345],[-105.40401,27.44196],[-105.408,27.44816],[-105.39923,27.45006],[-105.40231,27.4516],[-105.39992,27.45516],[-105.40532,27.46356],[-105.4021,27.46694],[-105.40991,27.47299],[-105.40932,27.47565],[-105.41838,27.47419],[-105.42448,27.47868],[-105.41896,27.48136],[-105.41624,27.49416],[-105.4195,27.4984],[-105.42345,27.48595],[-105.42709,27.48277],[-105.43127,27.48445],[-105.4295,27.48958],[-105.43548,27.5002],[-105.42487,27.5055],[-105.43188,27.50831],[-105.43078,27.51556],[-105.43526,27.52257],[-105.43997,27.52165],[-105.43538,27.52627],[-105.43565,27.5316],[-105.45634,27.53375],[-105.46374,27.54024],[-105.46084,27.55309],[-105.46599,27.54899],[-105.46311,27.55244],[-105.4629,27.5551],[-105.4661,27.55191],[-105.46548,27.55671],[-105.4683,27.5568],[-105.46877,27.54496],[-105.47536,27.55156],[-105.47219,27.55825],[-105.47886,27.55514],[-105.47744,27.56079],[-105.48119,27.56139],[-105.45394,27.55907],[-105.47589,27.58257],[-105.46182,27.59165],[-105.48347,27.62963],[-105.5618,27.66978],[-105.59413,27.6811],[-105.55288,27.71838],[-105.36907,27.73067],[-105.34273,27.749],[-105.34434,27.77305],[-105.33704,27.77388],[-105.33325,27.79074],[-105.32456,27.79188],[-105.3251,27.79653],[-105.31714,27.79742],[-105.31767,27.80191],[-105.31388,27.80224],[-105.31329,27.79772]]]}},{"type":"Feature","properties":{"code":"08002","stateCode":"08","municipalityCode":"002","name":"Aldama"},"geometry":{"type":"Polygon","coordinates":[[[-105.92915,29.67136],[-105.86629,29.65446],[-105.87216,29.63243],[-105.86634,29.62874],[-105.85846,29.61331],[-105.85695,29.63755],[-105.84897,29.64966],[-105.83825,29.64658],[-105.67946,29.64683],[-105.6816,29.59168],[-105.63318,29.59148],[-105.63381,29.50474],[-105.4428,29.50259],[-105.44339,29.49665],[-105.44994,29.49068],[-105.46683,29.48872],[-105.46939,29.47894],[-105.48033,29.46372],[-105.47806,29.43325],[-105.45426,29.40974],[-105.44559,29.41589],[-105.41811,29.42184],[-105.39505,29.41507],[-105.36586,29.4198],[-105.34975,29.40051],[-105.35268,29.3906],[-105.36306,29.38149],[-105.36472,29.37632],[-105.34205,29.36573],[-105.33142,29.36255],[-105.32856,29.36425],[-105.32677,29.36111],[-105.32033,29.36361],[-105.32344,29.35539],[-105.31241,29.34759],[-105.30892,29.33729],[-105.3053,29.33567],[-105.29726,29.34092],[-105.20237,29.23964],[-105.15797,29.21001],[-105.14096,29.20473],[-105.08563,29.2053],[-105.07347,29.21354],[-105.0686,29.21278],[-105.06074,29.2006],[-105.05726,29.18797],[-105.04537,29.18418],[-105.04537,29.17817],[-105.05911,29.16675],[-105.06244,29.15846],[-105.06109,29.15027],[-105.06709,29.14503],[-105.06365,29.12662],[-105.07728,29.12219],[-105.0768,29.11446],[-105.09004,29.10419],[-105.10771,29.10185],[-105.10966,29.09743],[-105.10566,29.09624],[-105.10428,29.08679],[-105.11362,29.07855],[-105.13239,29.04938],[-105.06175,28.97798],[-105.0614,28.99116],[-105.03777,28.99597],[-104.98446,28.98304],[-104.97787,28.98522],[-104.955,28.98385],[-104.91632,29.00707],[-104.8969,28.9739],[-104.84007,28.99477],[-104.81858,28.96217],[-104.79161,28.93194],[-104.73014,28.85234],[-104.66218,28.77648],[-104.69751,28.76515],[-104.73882,28.75697],[-104.76131,28.77085],[-104.77594,28.7715],[-104.78412,28.79515],[-104.82719,28.78702],[-104.84276,28.79341],[-104.87073,28.78446],[-104.87804,28.77863],[-104.878,28.79912],[-104.87094,28.8185],[-105.03762,28.77853],[-105.05055,28.79442],[-105.09374,28.82642],[-105.14263,28.74958],[-105.16405,28.79738],[-105.22184,28.76619],[-105.23447,28.78792],[-105.24223,28.78546],[-105.2615,28.80242],[-105.27167,28.80141],[-105.27522,28.80766],[-105.29192,28.79449],[-105.29401,28.78155],[-105.29697,28.77662],[-105.30079,28.77723],[-105.3079,28.77137],[-105.31113,28.76144],[-105.3325,28.75023],[-105.34328,28.73785],[-105.3474,28.739],[-105.34993,28.72845],[-105.36615,28.71899],[-105.36422,28.71134],[-105.37475,28.70851],[-105.38247,28.71134],[-105.39154,28.70992],[-105.40883,28.69714],[-105.42119,28.69668],[-105.41559,28.6582],[-105.49532,28.61781],[-105.49722,28.63027],[-105.50101,28.63041],[-105.49921,28.60706],[-105.50686,28.5918],[-105.51465,28.58619],[-105.51602,28.57698],[-105.51236,28.56966],[-105.51887,28.56956],[-105.52408,28.56537],[-105.52497,28.56225],[-105.52154,28.56097],[-105.53805,28.55776],[-105.54052,28.56155],[-105.55503,28.56771],[-105.55979,28.56692],[-105.5591,28.56317],[-105.5707,28.56889],[-105.57351,28.57568],[-105.60454,28.59315],[-105.61385,28.60833],[-105.61371,28.56064],[-105.63346,28.56053],[-105.63351,28.56427],[-105.62379,28.56435],[-105.62378,28.56777],[-105.61845,28.56776],[-105.61848,28.57155],[-105.62374,28.5715],[-105.62376,28.57546],[-105.62829,28.5752],[-105.62831,28.56777],[-105.63353,28.56777],[-105.63366,28.57866],[-105.64854,28.57853],[-105.64855,28.58216],[-105.65877,28.58211],[-105.6588,28.58752],[-105.6792,28.58766],[-105.67923,28.57843],[-105.68946,28.57836],[-105.68928,28.55612],[-105.6914,28.55611],[-105.69443,28.55698],[-105.69446,28.5633],[-105.69957,28.56327],[-105.69961,28.5682],[-105.70377,28.56824],[-105.70036,28.58436],[-105.70894,28.59308],[-105.71008,28.62343],[-105.71852,28.67753],[-105.77117,28.67744],[-105.81859,28.68744],[-105.82072,28.68248],[-105.87244,28.67396],[-105.86971,28.68574],[-105.89447,28.69014],[-105.90525,28.70055],[-105.90041,28.72776],[-105.96363,28.73151],[-106.08888,28.79795],[-106.08496,28.81736],[-106.10439,28.85296],[-106.09745,28.85696],[-106.11126,28.88778],[-106.1134,28.88709],[-106.12489,28.90322],[-106.12439,28.91141],[-106.12709,28.9146],[-106.12353,28.92168],[-106.13353,28.92167],[-106.14596,28.92779],[-106.16688,28.93057],[-106.20812,29.01487],[-106.19668,29.01506],[-106.20774,29.02743],[-106.19968,29.02665],[-106.19102,29.02096],[-106.17261,29.01829],[-106.18627,29.04005],[-106.18632,29.05489],[-106.20465,29.05484],[-106.20422,29.06828],[-106.21535,29.06828],[-106.2157,29.1128],[-106.22308,29.11288],[-106.22327,29.1316],[-106.12394,29.13138],[-106.12359,29.15258],[-106.11575,29.1581],[-106.09937,29.15629],[-106.06874,29.14306],[-106.06029,29.14387],[-106.05666,29.15047],[-106.05094,29.15272],[-106.03719,29.15193],[-106.03664,29.16185],[-106.04345,29.17016],[-106.04477,29.1808],[-106.03837,29.18674],[-106.03629,29.19846],[-106.02676,29.20464],[-106.03384,29.2066],[-106.04335,29.21614],[-106.03785,29.27714],[-106.04641,29.31718],[-106.05735,29.32777],[-106.05062,29.34879],[-106.05334,29.3533],[-106.06146,29.35274],[-106.06723,29.36811],[-106.0619,29.37921],[-106.06175,29.41138],[-105.9894,29.41113],[-105.98941,29.55889],[-105.92915,29.67136]]]}},{"type":"Feature","properties":{"code":"08065","stateCode":"08","municipalityCode":"065","name":"Urique"},"geometry":{"type":"Polygon","coordinates":[[[-107.955,27.62572],[-107.94889,27.62067],[-107.94531,27.60848],[-107.93792,27.60761],[-107.92388,27.59301],[-107.91612,27.59428],[-107.91261,27.58953],[-107.91176,27.59442],[-107.90397,27.59887],[-107.89277,27.58635],[-107.88828,27.58909],[-107.88476,27.58633],[-107.88069,27.59052],[-107.88284,27.59932],[-107.87972,27.60412],[-107.86497,27.60375],[-107.85609,27.61337],[-107.85737,27.61998],[-107.85054,27.62533],[-107.83706,27.62785],[-107.82958,27.61028],[-107.82194,27.60937],[-107.8218,27.59761],[-107.8033,27.57873],[-107.80048,27.57035],[-107.78281,27.55627],[-107.78629,27.54732],[-107.76861,27.53029],[-107.76648,27.52472],[-107.74728,27.53063],[-107.74558,27.52002],[-107.72187,27.5138],[-107.7202,27.50853],[-107.71174,27.50922],[-107.68693,27.48732],[-107.68188,27.48925],[-107.67385,27.48231],[-107.66562,27.48427],[-107.65547,27.47782],[-107.71068,27.44608],[-107.71927,27.38971],[-107.73573,27.34672],[-107.7766,27.33265],[-107.83462,27.30424],[-107.8338,27.30325],[-107.80837,27.31098],[-107.78879,27.30597],[-107.7768,27.30697],[-107.76616,27.30264],[-107.75694,27.3083],[-107.75073,27.30479],[-107.74924,27.29914],[-107.74281,27.29948],[-107.73222,27.29025],[-107.72112,27.29146],[-107.71567,27.28836],[-107.63652,27.3413],[-107.62281,27.26766],[-107.67611,27.21251],[-107.71463,27.25204],[-107.72214,27.24497],[-107.72428,27.22588],[-107.72014,27.22013],[-107.72446,27.20967],[-107.7186,27.19309],[-107.72676,27.17811],[-107.72267,27.16979],[-107.72538,27.16814],[-107.72227,27.16309],[-107.72432,27.14215],[-107.74493,27.12352],[-107.76956,27.13546],[-107.78588,27.13543],[-107.79113,27.13202],[-107.80237,27.13679],[-107.78811,27.09922],[-107.79652,27.05329],[-107.8685,27.04663],[-107.86683,27.04352],[-107.87162,27.03759],[-107.86075,27.02889],[-107.86635,27.01733],[-107.85788,27.01411],[-107.86603,27.00772],[-107.86621,26.99847],[-107.87569,26.99938],[-107.88694,26.9906],[-107.89303,26.99221],[-107.89203,26.99639],[-107.89568,26.996],[-107.89518,26.99869],[-107.89551,26.99943],[-107.90051,26.99552],[-107.9079,26.99969],[-107.91226,26.99134],[-107.93099,26.98964],[-107.93152,26.98127],[-107.93714,26.97548],[-107.93117,26.9692],[-107.92977,26.95339],[-107.92636,26.95181],[-107.92591,26.94525],[-107.92886,26.94283],[-107.93235,26.94652],[-107.93933,26.94384],[-107.93712,26.93367],[-107.94157,26.84195],[-107.97383,26.82611],[-108.03683,26.81008],[-108.09411,26.87046],[-108.14425,26.86765],[-108.1396,26.89548],[-108.1442,26.90844],[-108.14755,26.90851],[-108.15591,26.89522],[-108.16705,26.89584],[-108.17175,26.89234],[-108.17144,26.88393],[-108.17455,26.88146],[-108.17758,26.8822],[-108.18392,26.89974],[-108.19008,26.89587],[-108.19767,26.90267],[-108.20739,26.906],[-108.20278,26.89062],[-108.20621,26.88555],[-108.20972,26.88544],[-108.23024,26.90572],[-108.22502,26.92288],[-108.22625,26.92953],[-108.23102,26.9328],[-108.22925,26.94267],[-108.23549,26.95347],[-108.23502,26.95862],[-108.21837,26.96479],[-108.21583,26.97768],[-108.21089,26.97799],[-108.20738,26.98311],[-108.20471,26.98029],[-108.20127,26.98302],[-108.19691,26.98112],[-108.19705,26.9838],[-108.18789,26.98636],[-108.18628,26.99311],[-108.18152,26.99411],[-108.18362,26.99531],[-108.18028,27.00016],[-108.1836,27.00906],[-108.18728,27.01027],[-108.19443,27.02424],[-108.19182,27.02589],[-108.19427,27.03195],[-108.1977,27.03471],[-108.20284,27.03066],[-108.21255,27.03423],[-108.21472,27.03022],[-108.22585,27.02722],[-108.24122,27.04185],[-108.24617,27.03881],[-108.25045,27.04103],[-108.26085,27.03313],[-108.26293,27.02676],[-108.26988,27.02512],[-108.28422,27.01247],[-108.29093,27.01483],[-108.28891,27.02658],[-108.29463,27.02587],[-108.30339,27.03662],[-108.31656,27.03449],[-108.32598,27.02049],[-108.32203,27.00894],[-108.33333,27.0046],[-108.35011,27.02255],[-108.37164,27.02301],[-108.40964,27.0134],[-108.41373,27.02016],[-108.42118,27.0212],[-108.40715,27.04323],[-108.35386,27.07518],[-108.34011,27.03997],[-108.28452,27.06067],[-108.26439,27.08285],[-108.21794,27.09909],[-108.25715,27.16055],[-108.25287,27.16233],[-108.24835,27.1892],[-108.23951,27.19921],[-108.24878,27.23343],[-108.23139,27.22354],[-108.22288,27.24207],[-108.22657,27.25838],[-108.25285,27.26991],[-108.23885,27.2826],[-108.19669,27.30868],[-108.20101,27.315],[-108.19189,27.33162],[-108.19168,27.3402],[-108.18303,27.34776],[-108.13034,27.33196],[-108.1316,27.33998],[-108.11928,27.34458],[-108.11608,27.3487],[-108.0937,27.35395],[-108.08705,27.35206],[-108.07203,27.35731],[-108.07333,27.36107],[-108.06681,27.36627],[-108.06954,27.36945],[-108.06675,27.38329],[-108.06884,27.3864],[-108.07236,27.38571],[-108.0696,27.38846],[-108.07308,27.39268],[-108.06965,27.39241],[-108.06802,27.39594],[-108.06942,27.39905],[-108.07228,27.3967],[-108.07172,27.40089],[-108.08016,27.40298],[-108.07958,27.41826],[-108.08886,27.42776],[-108.08003,27.4454],[-108.08571,27.44911],[-108.09838,27.44273],[-108.10307,27.44509],[-108.09548,27.45435],[-108.07869,27.46228],[-108.07072,27.46194],[-108.06985,27.46964],[-108.08388,27.48022],[-108.06877,27.49284],[-108.0656,27.5143],[-108.05542,27.53875],[-108.05761,27.54549],[-108.05023,27.55222],[-108.05066,27.5715],[-108.04481,27.58365],[-108.04783,27.58628],[-108.05142,27.5833],[-108.05404,27.58711],[-108.03946,27.60344],[-108.02746,27.60638],[-108.02437,27.61101],[-108.01234,27.61645],[-107.99973,27.60751],[-107.99269,27.60912],[-107.98559,27.60343],[-107.98347,27.59689],[-107.97276,27.59643],[-107.97076,27.59113],[-107.96754,27.60654],[-107.95801,27.60842],[-107.95925,27.62037],[-107.955,27.62572]]]}},{"type":"Feature","properties":{"code":"08063","stateCode":"08","municipalityCode":"063","name":"Temósachic"},"geometry":{"type":"Polygon","coordinates":[[[-107.90385,29.25951],[-107.89733,29.24385],[-107.89706,29.25505],[-107.8912,29.25726],[-107.88491,29.2526],[-107.87332,29.25496],[-107.86794,29.24951],[-107.86989,29.25476],[-107.86636,29.25514],[-107.84966,29.24457],[-107.849,29.24068],[-107.84452,29.24532],[-107.84618,29.25507],[-107.84391,29.25689],[-107.83283,29.23872],[-107.81936,29.22949],[-107.81043,29.23547],[-107.80417,29.23574],[-107.7951,29.23073],[-107.77233,29.2367],[-107.76766,29.24078],[-107.7626,29.23935],[-107.76188,29.23353],[-107.75383,29.22885],[-107.75447,29.22551],[-107.74469,29.2273],[-107.73824,29.22366],[-107.73275,29.22505],[-107.73173,29.2294],[-107.70209,29.20211],[-107.7092,29.18996],[-107.70668,29.17702],[-107.7102,29.1719],[-107.69961,29.1631],[-107.68997,29.16845],[-107.67834,29.17017],[-107.66768,29.16812],[-107.66358,29.15613],[-107.64761,29.15517],[-107.60131,29.17987],[-107.61158,29.13124],[-107.59217,29.12768],[-107.61477,29.12451],[-107.61365,29.11622],[-107.6183,29.10809],[-107.63668,29.09722],[-107.61722,29.08212],[-107.58822,29.0707],[-107.58179,29.0552],[-107.57062,29.05336],[-107.57681,29.03838],[-107.57345,29.02802],[-107.57736,29.0168],[-107.57219,29.00924],[-107.57447,29.00306],[-107.58116,28.99967],[-107.58126,28.9915],[-107.57049,28.98547],[-107.56289,28.97595],[-107.57419,28.96893],[-107.58643,28.95547],[-107.59588,28.95079],[-107.62977,28.96053],[-107.65561,28.95484],[-107.65698,28.96191],[-107.66343,28.97003],[-107.67295,28.97484],[-107.70024,28.97512],[-107.73109,28.98582],[-107.74632,28.95409],[-107.75481,28.9556],[-107.75557,28.95118],[-107.77385,28.94724],[-107.78445,28.93919],[-107.78803,28.92702],[-107.80164,28.93073],[-107.78557,28.90653],[-107.77734,28.88704],[-107.77958,28.88569],[-107.79154,28.89348],[-107.79905,28.89466],[-107.81048,28.88871],[-107.81191,28.88383],[-107.82896,28.88325],[-107.81969,28.91216],[-107.82933,28.91484],[-107.87527,28.85286],[-107.85302,28.84871],[-107.85888,28.84114],[-107.85614,28.84011],[-107.85287,28.82868],[-107.85851,28.82492],[-107.85715,28.80701],[-107.86138,28.79369],[-107.85875,28.79012],[-107.86392,28.78596],[-107.8321,28.69729],[-107.83151,28.68818],[-107.83933,28.66698],[-107.83837,28.65507],[-107.84276,28.65491],[-107.83658,28.64407],[-107.85293,28.64117],[-107.84195,28.63138],[-107.84809,28.61488],[-107.85412,28.61359],[-107.85542,28.60885],[-107.84166,28.59837],[-107.84702,28.59548],[-107.84628,28.59121],[-107.84933,28.58972],[-107.84459,28.59012],[-107.83808,28.58469],[-107.83877,28.58154],[-107.84528,28.57964],[-107.84185,28.57301],[-107.84407,28.56833],[-107.8416,28.55584],[-107.8509,28.54099],[-107.85898,28.54359],[-107.86042,28.54921],[-107.86958,28.55445],[-107.87318,28.55118],[-107.91073,28.55692],[-107.91252,28.53833],[-107.9384,28.54384],[-107.92126,28.50871],[-107.96331,28.45282],[-107.96516,28.43281],[-108.01124,28.42208],[-108.02795,28.40773],[-108.01227,28.39598],[-108.05858,28.37548],[-108.09677,28.31438],[-108.12142,28.31422],[-108.13012,28.30847],[-108.13433,28.2946],[-108.14095,28.3018],[-108.1486,28.30312],[-108.1475,28.30447],[-108.14747,28.30524],[-108.15658,28.30147],[-108.16779,28.31524],[-108.16665,28.32314],[-108.17527,28.3301],[-108.1786,28.32862],[-108.19008,28.33304],[-108.20347,28.33024],[-108.21152,28.32167],[-108.21819,28.32154],[-108.22513,28.32683],[-108.22834,28.3452],[-108.23825,28.35316],[-108.25534,28.35095],[-108.26741,28.34565],[-108.27763,28.35132],[-108.28007,28.34723],[-108.28668,28.34908],[-108.29267,28.34405],[-108.30334,28.34638],[-108.31065,28.35334],[-108.32408,28.35292],[-108.33094,28.34831],[-108.33618,28.35236],[-108.34693,28.35118],[-108.35709,28.33886],[-108.36087,28.34945],[-108.37228,28.35039],[-108.37329,28.34754],[-108.36353,28.33697],[-108.36403,28.33011],[-108.40422,28.35177],[-108.44842,28.34768],[-108.48898,28.37512],[-108.51554,28.42628],[-108.51363,28.4396],[-108.50414,28.45444],[-108.51744,28.45562],[-108.52039,28.45976],[-108.51347,28.47291],[-108.5137,28.48449],[-108.5048,28.49336],[-108.50767,28.50822],[-108.52329,28.50591],[-108.53186,28.53897],[-108.53129,28.55667],[-108.56136,28.59117],[-108.5644,28.61271],[-108.58015,28.63245],[-108.57898,28.65734],[-108.58391,28.66593],[-108.58382,28.71632],[-108.5749,28.71239],[-108.56668,28.69544],[-108.55966,28.69944],[-108.55363,28.69645],[-108.54512,28.70607],[-108.53608,28.70631],[-108.53649,28.7112],[-108.53364,28.71256],[-108.52423,28.70833],[-108.52427,28.70414],[-108.51434,28.70312],[-108.51204,28.69768],[-108.50965,28.69855],[-108.51041,28.69441],[-108.50677,28.6977],[-108.50242,28.69421],[-108.49816,28.69754],[-108.49365,28.69197],[-108.4917,28.69658],[-108.48207,28.69833],[-108.48044,28.70116],[-108.47619,28.69753],[-108.47209,28.69832],[-108.47102,28.70728],[-108.47351,28.70969],[-108.46835,28.71352],[-108.47595,28.71823],[-108.47604,28.7228],[-108.47327,28.7298],[-108.46572,28.73616],[-108.4642,28.73065],[-108.4525,28.7204],[-108.35493,28.68765],[-108.32974,28.71992],[-108.35692,28.75884],[-108.17018,28.76387],[-108.18099,28.77413],[-108.185,28.7869],[-108.16557,28.79302],[-108.1855,28.81449],[-108.20689,28.80238],[-108.22394,28.82544],[-108.21693,28.84176],[-108.17339,28.84854],[-108.17702,28.83773],[-108.17293,28.82614],[-108.16028,28.84066],[-108.13668,28.83656],[-108.14215,28.8536],[-108.16033,28.8747],[-108.0946,28.88374],[-108.07517,28.90865],[-108.08085,28.91651],[-108.0928,28.96065],[-107.94589,28.95687],[-107.95298,29.02413],[-108.00631,29.03427],[-107.99724,29.0769],[-107.99243,29.12104],[-107.98139,29.11883],[-107.96958,29.16697],[-107.90985,29.13761],[-107.77869,29.14284],[-107.78104,29.18514],[-107.83412,29.18538],[-107.83447,29.23889],[-107.90578,29.22473],[-107.90613,29.25853],[-107.90946,29.25848],[-107.90385,29.25951]]]}},{"type":"Feature","properties":{"code":"08022","stateCode":"08","municipalityCode":"022","name":"Dr. Belisario Domínguez"},"geometry":{"type":"Polygon","coordinates":[[[-106.43501,28.2314],[-106.41918,28.22234],[-106.36793,28.20771],[-106.32251,28.20029],[-106.31338,28.16262],[-106.34659,28.15213],[-106.34305,28.13593],[-106.3479,28.11571],[-106.36306,28.10386],[-106.38037,28.10132],[-106.37273,28.05036],[-106.36533,28.04298],[-106.37452,28.0332],[-106.37249,28.02565],[-106.39331,28.02819],[-106.39588,28.01745],[-106.40398,28.00621],[-106.42454,28.00262],[-106.42448,28.0056],[-106.43225,28.00595],[-106.4338,28.00905],[-106.43664,28.00588],[-106.41481,27.9725],[-106.40201,27.97958],[-106.37431,27.97423],[-106.35639,27.96087],[-106.35714,27.95698],[-106.36236,27.95856],[-106.36237,27.95109],[-106.37756,27.94298],[-106.30674,27.94421],[-106.30358,27.94151],[-106.30342,27.93441],[-106.29267,27.92763],[-106.29685,27.91469],[-106.29345,27.90693],[-106.30197,27.88818],[-106.3021,27.87215],[-106.3178,27.8521],[-106.31597,27.84812],[-106.30914,27.84831],[-106.30691,27.84379],[-106.29907,27.84421],[-106.29757,27.83901],[-106.33047,27.80131],[-106.33576,27.80342],[-106.34617,27.79757],[-106.35149,27.8046],[-106.38303,27.79268],[-106.39178,27.78505],[-106.39091,27.78172],[-106.39802,27.78379],[-106.40976,27.79523],[-106.42026,27.79609],[-106.42968,27.80914],[-106.43241,27.80663],[-106.44285,27.81368],[-106.44756,27.80974],[-106.45193,27.8128],[-106.45879,27.81183],[-106.46314,27.80644],[-106.47017,27.80428],[-106.47823,27.79373],[-106.48086,27.79503],[-106.48531,27.79134],[-106.48399,27.78171],[-106.4891,27.77943],[-106.49122,27.78237],[-106.48835,27.79343],[-106.5049,27.75611],[-106.55412,27.83614],[-106.51824,27.83398],[-106.52186,27.89904],[-106.5176,27.90217],[-106.5685,27.93809],[-106.57836,27.92249],[-106.5771,27.94351],[-106.60452,27.9406],[-106.65034,27.94739],[-106.60236,27.95314],[-106.59761,27.97449],[-106.65454,27.97205],[-106.63803,28.00685],[-106.63007,28.00489],[-106.61708,28.00715],[-106.61131,28.01807],[-106.62505,28.03228],[-106.64002,28.03735],[-106.63987,28.12023],[-106.58819,28.07657],[-106.54168,28.12626],[-106.53439,28.127],[-106.56408,28.15293],[-106.56182,28.17604],[-106.57154,28.17841],[-106.55276,28.18937],[-106.5357,28.18553],[-106.53331,28.19838],[-106.52477,28.19659],[-106.51898,28.21327],[-106.51528,28.20158],[-106.49645,28.18938],[-106.45439,28.18217],[-106.44949,28.20583],[-106.43847,28.21559],[-106.43501,28.2314]]]}},{"type":"Feature","properties":{"code":"08066","stateCode":"08","municipalityCode":"066","name":"Uruachi"},"geometry":{"type":"Polygon","coordinates":[[[-108.89624,28.06585],[-108.89106,28.05657],[-108.85986,28.05171],[-108.84625,28.05685],[-108.79829,28.03312],[-108.77641,28.03019],[-108.79365,28.02086],[-108.66688,27.96478],[-108.65497,27.96629],[-108.63745,27.96079],[-108.63413,27.96141],[-108.63231,27.96674],[-108.62616,27.96631],[-108.61958,27.97232],[-108.61031,27.9914],[-108.60441,27.99532],[-108.59561,27.98966],[-108.58913,27.99709],[-108.58646,27.99016],[-108.57895,27.98985],[-108.57266,27.99828],[-108.56782,27.99986],[-108.56734,28.00554],[-108.55134,28.0118],[-108.55306,28.01922],[-108.54523,28.01879],[-108.5444,28.02495],[-108.4957,28.01484],[-108.44059,28.01933],[-108.43597,28.02597],[-108.43329,28.04532],[-108.41824,28.01037],[-108.39037,28.02082],[-108.3876,27.99545],[-108.37891,27.98255],[-108.35428,27.9864],[-108.34112,27.97965],[-108.3251,27.9808],[-108.32431,27.98474],[-108.3123,27.98689],[-108.30188,27.99344],[-108.29458,28.00443],[-108.27798,28.01793],[-108.24148,28.02446],[-108.17571,28.02579],[-108.16327,28.02243],[-108.15244,28.00443],[-108.14558,28.00937],[-108.13441,28.00511],[-108.12499,28.00534],[-108.12248,27.99301],[-108.11383,27.98558],[-108.11239,27.98814],[-108.11521,27.95823],[-108.10189,27.93857],[-108.11306,27.92143],[-108.11141,27.91347],[-108.11941,27.90522],[-108.12114,27.8901],[-108.09568,27.85651],[-108.09417,27.83936],[-108.07477,27.81992],[-108.07424,27.805],[-108.07028,27.79605],[-108.07498,27.79139],[-108.07493,27.78275],[-108.06212,27.76915],[-108.0474,27.76723],[-108.03765,27.74738],[-108.03129,27.74654],[-108.02652,27.73883],[-108.05186,27.74186],[-108.17791,27.68252],[-108.13127,27.62391],[-108.12107,27.59399],[-108.26844,27.69384],[-108.28461,27.72048],[-108.29186,27.74004],[-108.33174,27.74656],[-108.32153,27.73648],[-108.32926,27.71107],[-108.38149,27.68119],[-108.36876,27.70169],[-108.3774,27.71726],[-108.38499,27.71667],[-108.38495,27.72252],[-108.39326,27.73505],[-108.39211,27.74109],[-108.39677,27.7555],[-108.4093,27.75969],[-108.41822,27.75755],[-108.42001,27.7542],[-108.42337,27.75543],[-108.41768,27.76045],[-108.43276,27.7837],[-108.44749,27.7746],[-108.47589,27.77549],[-108.49994,27.75772],[-108.51009,27.77666],[-108.51643,27.77881],[-108.52949,27.80285],[-108.60715,27.79549],[-108.60876,27.78901],[-108.61538,27.78407],[-108.62976,27.78022],[-108.63805,27.76823],[-108.63744,27.75972],[-108.64563,27.76737],[-108.65544,27.76241],[-108.63897,27.74759],[-108.63188,27.74706],[-108.626,27.72719],[-108.62758,27.72051],[-108.63138,27.72151],[-108.63515,27.71831],[-108.63366,27.71002],[-108.67243,27.67619],[-108.6445,27.64961],[-108.65204,27.64743],[-108.66241,27.65074],[-108.66842,27.63982],[-108.68776,27.63167],[-108.69419,27.63338],[-108.70375,27.62902],[-108.7182,27.62984],[-108.72519,27.63636],[-108.73985,27.59995],[-108.7542,27.63673],[-108.74931,27.66473],[-108.76235,27.67505],[-108.76476,27.6935],[-108.77279,27.6965],[-108.76602,27.70583],[-108.78445,27.71491],[-108.78449,27.73047],[-108.79928,27.72303],[-108.80738,27.73799],[-108.817,27.73217],[-108.83296,27.74435],[-108.89552,27.74481],[-108.92029,27.78397],[-108.91046,27.80914],[-108.90452,27.80768],[-108.88608,27.81367],[-108.86914,27.83929],[-108.91487,27.85401],[-108.91975,27.87094],[-108.92009,27.89081],[-108.92453,27.90086],[-108.92651,27.94059],[-108.95031,27.95404],[-108.96371,27.97252],[-108.9784,27.97875],[-108.93491,28.00252],[-108.96244,28.03043],[-108.92726,28.07803],[-108.89624,28.06585]]]}},{"type":"Feature","properties":{"code":"08004","stateCode":"08","municipalityCode":"004","name":"Aquiles Serdán"},"geometry":{"type":"Polygon","coordinates":[[[-105.90429,28.70023],[-105.89447,28.69014],[-105.86971,28.68574],[-105.87244,28.67396],[-105.82072,28.68248],[-105.81859,28.68744],[-105.77117,28.67744],[-105.71852,28.67753],[-105.71008,28.62343],[-105.70894,28.59308],[-105.70036,28.58436],[-105.70377,28.56824],[-105.69961,28.5682],[-105.69957,28.56327],[-105.69446,28.5633],[-105.69443,28.55698],[-105.75043,28.55713],[-105.68773,28.4952],[-105.71246,28.47462],[-105.73828,28.46926],[-105.73484,28.46059],[-105.77359,28.45901],[-105.80903,28.46311],[-105.83402,28.47207],[-105.81893,28.4989],[-105.79769,28.52294],[-105.82396,28.50648],[-105.83229,28.50973],[-105.83695,28.50601],[-105.85372,28.50335],[-105.85523,28.50956],[-105.86312,28.51656],[-105.87838,28.50498],[-105.88964,28.50634],[-105.89305,28.51135],[-105.89746,28.50487],[-105.93414,28.52326],[-105.94942,28.54484],[-105.95276,28.55626],[-105.98105,28.55045],[-105.96245,28.58529],[-105.94076,28.58033],[-105.94204,28.58803],[-105.93687,28.58552],[-105.9467,28.61542],[-105.95891,28.61758],[-105.95649,28.63042],[-105.96301,28.6454],[-105.95076,28.64842],[-105.9284,28.68251],[-105.93446,28.66278],[-105.91729,28.65942],[-105.91477,28.67606],[-105.90429,28.70023]]]}},{"type":"Feature","properties":{"code":"08009","stateCode":"08","municipalityCode":"009","name":"Bocoyna"},"geometry":{"type":"Polygon","coordinates":[[[-107.65776,28.10417],[-107.65521,28.10074],[-107.63443,28.10017],[-107.62899,28.0951],[-107.62591,28.08568],[-107.61545,28.07948],[-107.58363,28.0744],[-107.57947,28.0745],[-107.57874,28.07772],[-107.55401,28.06543],[-107.55304,28.05596],[-107.53529,28.05709],[-107.5289,28.0449],[-107.53397,28.02858],[-107.51999,28.02804],[-107.51371,28.03075],[-107.49351,28.02082],[-107.47734,28.01785],[-107.4725,28.02567],[-107.46548,28.02605],[-107.46587,28.02984],[-107.45927,28.03366],[-107.45037,28.01942],[-107.45935,28.01051],[-107.45673,27.99953],[-107.43558,27.98729],[-107.43795,27.98395],[-107.43117,27.98182],[-107.42617,27.97271],[-107.43073,27.9653],[-107.44478,27.95913],[-107.42234,27.9636],[-107.41714,27.9573],[-107.41066,27.95714],[-107.40571,27.9507],[-107.39442,27.95102],[-107.3924,27.94506],[-107.39567,27.94082],[-107.3715,27.9455],[-107.36139,27.94382],[-107.36025,27.93887],[-107.34984,27.93291],[-107.33832,27.91355],[-107.33243,27.91525],[-107.33331,27.92004],[-107.32876,27.91658],[-107.32041,27.91906],[-107.30754,27.90931],[-107.31242,27.9294],[-107.30087,27.93052],[-107.29289,27.91784],[-107.27588,27.91021],[-107.27155,27.911],[-107.25902,27.90205],[-107.27447,27.90181],[-107.28619,27.89784],[-107.29146,27.89996],[-107.29375,27.89471],[-107.29584,27.89821],[-107.29827,27.89716],[-107.27598,27.85825],[-107.26229,27.85872],[-107.2543,27.85197],[-107.2544,27.84381],[-107.26046,27.84081],[-107.26671,27.82489],[-107.25783,27.80702],[-107.24557,27.79423],[-107.2437,27.78748],[-107.24907,27.77548],[-107.24185,27.77514],[-107.22459,27.75425],[-107.22867,27.75045],[-107.23462,27.75587],[-107.2428,27.75349],[-107.26329,27.72765],[-107.27279,27.72204],[-107.23662,27.70264],[-107.2635,27.69985],[-107.26771,27.68837],[-107.27327,27.68488],[-107.26476,27.68079],[-107.26826,27.67427],[-107.26339,27.66262],[-107.25044,27.6589],[-107.25354,27.65268],[-107.25089,27.64202],[-107.26051,27.63484],[-107.25716,27.62645],[-107.26222,27.6234],[-107.25911,27.61435],[-107.26358,27.60903],[-107.26112,27.60559],[-107.26453,27.60449],[-107.28071,27.61149],[-107.2842,27.61805],[-107.28801,27.61582],[-107.28507,27.6128],[-107.28653,27.60696],[-107.2954,27.60915],[-107.29675,27.60353],[-107.30163,27.60679],[-107.30741,27.60259],[-107.31122,27.60718],[-107.31148,27.60017],[-107.32008,27.60653],[-107.32143,27.59478],[-107.32559,27.5973],[-107.3243,27.60414],[-107.32941,27.60188],[-107.33131,27.60693],[-107.33908,27.60543],[-107.339,27.59973],[-107.34362,27.60089],[-107.37806,27.52527],[-107.50601,27.64139],[-107.59764,27.68233],[-107.60766,27.6685],[-107.6185,27.67351],[-107.62362,27.66807],[-107.62592,27.66995],[-107.64034,27.64587],[-107.64738,27.644],[-107.65196,27.63659],[-107.65595,27.63767],[-107.66083,27.63362],[-107.66877,27.62058],[-107.68065,27.61611],[-107.68217,27.60767],[-107.68728,27.60574],[-107.69015,27.59892],[-107.69816,27.59341],[-107.7077,27.59295],[-107.71599,27.58112],[-107.73184,27.57266],[-107.73758,27.55914],[-107.74231,27.55356],[-107.74644,27.55389],[-107.74413,27.54514],[-107.74977,27.53416],[-107.75381,27.5324],[-107.75108,27.52901],[-107.76285,27.52504],[-107.76648,27.52472],[-107.76861,27.53029],[-107.78629,27.54732],[-107.78281,27.55627],[-107.79637,27.56627],[-107.8033,27.57873],[-107.81541,27.58858],[-107.8218,27.59761],[-107.82194,27.60937],[-107.82958,27.61028],[-107.83706,27.62785],[-107.85054,27.62533],[-107.85737,27.61998],[-107.85609,27.61337],[-107.86497,27.60375],[-107.87972,27.60412],[-107.88284,27.59932],[-107.88179,27.58851],[-107.88476,27.58633],[-107.88891,27.58905],[-107.89235,27.58625],[-107.90351,27.59879],[-107.91176,27.59442],[-107.91261,27.58953],[-107.91612,27.59428],[-107.92388,27.59301],[-107.93792,27.60761],[-107.94531,27.60848],[-107.95155,27.62407],[-107.95987,27.6238],[-107.97178,27.63501],[-107.97399,27.6454],[-107.97116,27.64894],[-107.96215,27.64329],[-107.95575,27.64507],[-107.94488,27.64097],[-107.94014,27.63245],[-107.9321,27.64337],[-107.93419,27.64701],[-107.92376,27.65389],[-107.91178,27.64844],[-107.90784,27.637],[-107.89529,27.63403],[-107.89051,27.64369],[-107.89629,27.67399],[-107.8808,27.6856],[-107.86946,27.68277],[-107.87255,27.6914],[-107.86717,27.69954],[-107.86601,27.71229],[-107.8612,27.71962],[-107.86077,27.72686],[-107.85448,27.72583],[-107.85582,27.74783],[-107.84769,27.7552],[-107.84628,27.75152],[-107.83244,27.76965],[-107.83409,27.79296],[-107.84449,27.81565],[-107.84223,27.81805],[-107.84516,27.82744],[-107.84292,27.83101],[-107.84873,27.84277],[-107.84797,27.84837],[-107.85182,27.85239],[-107.84075,27.87417],[-107.84009,27.88321],[-107.84309,27.88493],[-107.83599,27.90332],[-107.83949,27.91066],[-107.83827,27.92711],[-107.84331,27.9395],[-107.83732,27.93746],[-107.79944,27.9638],[-107.83088,28.02988],[-107.81822,28.04345],[-107.78342,28.04066],[-107.77976,28.06894],[-107.76523,28.08095],[-107.75032,28.08275],[-107.74611,28.08727],[-107.73209,28.07866],[-107.7093,28.07301],[-107.70401,28.0774],[-107.68585,28.07191],[-107.67212,28.08175],[-107.67265,28.09469],[-107.66401,28.09667],[-107.66282,28.10146],[-107.65776,28.10417]]]}},{"type":"Feature","properties":{"code":"08010","stateCode":"08","municipalityCode":"010","name":"Buenaventura"},"geometry":{"type":"Polygon","coordinates":[[[-107.15639,30.865],[-107.03674,30.86225],[-107.02938,30.80559],[-107.06067,30.80567],[-107.05239,30.79871],[-107.04824,30.7673],[-107.05138,30.76178],[-107.06045,30.75641],[-107.05759,30.73473],[-107.06519,30.724],[-107.08606,30.71326],[-107.14618,30.71225],[-107.06964,30.63305],[-107.08475,30.62676],[-107.09526,30.61718],[-107.09289,30.58983],[-107.10794,30.59852],[-107.11718,30.58702],[-107.12061,30.57022],[-107.13273,30.56176],[-107.13219,30.55587],[-107.05961,30.55821],[-107.19847,30.40095],[-107.11304,30.33975],[-107.16508,30.27926],[-107.1216,30.27615],[-107.09425,30.30966],[-107.07573,30.29717],[-107.04382,30.33482],[-107.01693,30.32351],[-106.99188,30.30289],[-106.97682,30.31519],[-106.96547,30.31535],[-106.95683,30.30912],[-106.94779,30.29435],[-106.9332,30.29108],[-106.92084,30.28071],[-106.92258,30.26175],[-106.87399,30.25825],[-106.87986,30.24622],[-106.74395,30.21079],[-106.75794,30.15409],[-106.77353,30.15093],[-106.77153,30.11033],[-106.79597,30.10807],[-106.79305,30.08641],[-106.76313,30.09179],[-106.78958,30.02733],[-106.78629,30.00829],[-106.77066,29.99544],[-106.75241,29.96503],[-106.75534,29.94677],[-106.75139,29.94553],[-106.75493,29.93669],[-106.75111,29.93549],[-106.7585,29.92833],[-106.75066,29.92609],[-106.75248,29.92184],[-106.74462,29.9194],[-106.74634,29.91526],[-106.74233,29.914],[-106.7412,29.9072],[-106.73582,29.90581],[-106.73634,29.8976],[-106.6843,29.87994],[-106.64557,29.87657],[-106.65544,29.8467],[-106.64348,29.81083],[-106.62018,29.78715],[-106.61751,29.77845],[-106.63161,29.76601],[-106.6503,29.7703],[-106.64985,29.70201],[-106.59391,29.69412],[-106.59381,29.66426],[-106.48208,29.56717],[-106.53564,29.56412],[-106.65377,29.57096],[-106.68435,29.5508],[-106.7072,29.54433],[-106.74039,29.55085],[-106.74752,29.53774],[-106.74695,29.52297],[-106.75585,29.52087],[-106.76065,29.51625],[-106.77095,29.53911],[-106.78045,29.5394],[-106.78852,29.5444],[-106.81309,29.54378],[-106.83803,29.54862],[-106.85709,29.53689],[-106.85625,29.53259],[-106.86213,29.52436],[-106.87565,29.51695],[-106.88085,29.51922],[-106.88908,29.51652],[-106.90667,29.52252],[-106.9241,29.5182],[-106.92605,29.52665],[-106.97864,29.52155],[-107.0,29.55377],[-107.0372,29.54926],[-107.05108,29.5533],[-107.06306,29.54163],[-107.07549,29.53613],[-107.08595,29.53638],[-107.08645,29.54392],[-107.08206,29.54585],[-107.07896,29.54342],[-107.07637,29.5465],[-107.08036,29.55413],[-107.07629,29.55351],[-107.07138,29.55807],[-107.07387,29.56205],[-107.0804,29.56342],[-107.07864,29.5669],[-107.08447,29.56844],[-107.0869,29.57343],[-107.18662,29.55312],[-107.19229,29.55774],[-107.19348,29.55307],[-107.20728,29.55744],[-107.2275,29.55719],[-107.23938,29.56347],[-107.27593,29.54817],[-107.3051,29.55537],[-107.32738,29.55184],[-107.33342,29.54459],[-107.34034,29.55026],[-107.3432,29.5428],[-107.35438,29.53685],[-107.35393,29.53293],[-107.36245,29.5193],[-107.35997,29.51208],[-107.3737,29.51459],[-107.40091,29.51232],[-107.39924,29.52342],[-107.39353,29.52488],[-107.39564,29.53433],[-107.39246,29.53968],[-107.40407,29.54875],[-107.40152,29.55621],[-107.39741,29.5576],[-107.3986,29.56675],[-107.38841,29.57062],[-107.38594,29.58672],[-107.38076,29.58794],[-107.38453,29.59015],[-107.38095,29.59303],[-107.38109,29.60399],[-107.38566,29.60839],[-107.38249,29.60987],[-107.38497,29.6149],[-107.38145,29.61953],[-107.38512,29.62183],[-107.38427,29.63525],[-107.38785,29.63925],[-107.39012,29.6528],[-107.36814,29.66363],[-107.39263,29.6619],[-107.40449,29.65375],[-107.42311,29.64752],[-107.41494,29.66354],[-107.41462,29.67194],[-107.4092,29.67653],[-107.41905,29.68633],[-107.41994,29.69603],[-107.40823,29.70808],[-107.41516,29.71057],[-107.42174,29.70874],[-107.42634,29.72372],[-107.43383,29.72768],[-107.43976,29.73602],[-107.43926,29.74121],[-107.44614,29.74932],[-107.43892,29.75554],[-107.43918,29.76182],[-107.44433,29.76628],[-107.44644,29.78652],[-107.45182,29.79664],[-107.52613,29.77167],[-107.52568,29.77482],[-107.50979,29.78208],[-107.49149,29.83591],[-107.48781,29.8393],[-107.49867,29.8523],[-107.52177,29.86674],[-107.52667,29.87633],[-107.53219,29.8783],[-107.54699,29.87216],[-107.56428,29.88169],[-107.57424,29.89061],[-107.57646,29.90948],[-107.597,29.92278],[-107.61148,29.91897],[-107.61551,29.92746],[-107.60671,29.92979],[-107.62819,29.945],[-107.63391,29.95305],[-107.64758,29.96018],[-107.44168,29.96238],[-107.44363,30.26561],[-107.46024,30.33106],[-107.40605,30.33969],[-107.41899,30.41382],[-107.44905,30.45567],[-107.48533,30.48827],[-107.41389,30.48954],[-107.41174,30.55933],[-107.42961,30.56187],[-107.43348,30.56764],[-107.43163,30.5724],[-107.42028,30.57525],[-107.41591,30.58357],[-107.42746,30.59567],[-107.41964,30.61317],[-107.42601,30.62077],[-107.42732,30.63476],[-107.42992,30.63781],[-107.43746,30.6369],[-107.44074,30.64453],[-107.4638,30.64614],[-107.47817,30.67047],[-107.47651,30.68387],[-107.50799,30.68347],[-107.50794,30.75849],[-107.39951,30.7584],[-107.3624,30.83595],[-107.35069,30.83626],[-107.35111,30.81718],[-107.32769,30.82594],[-107.32391,30.82361],[-107.31005,30.81214],[-107.31002,30.80108],[-107.29914,30.79012],[-107.30023,30.779],[-107.28476,30.7655],[-107.26286,30.75619],[-107.26138,30.76976],[-107.2466,30.78443],[-107.24435,30.79713],[-107.23852,30.80519],[-107.20511,30.80812],[-107.18932,30.80107],[-107.16298,30.85915],[-107.15639,30.865]]]}},{"type":"Feature","properties":{"code":"08011","stateCode":"08","municipalityCode":"011","name":"Camargo"},"geometry":{"type":"Polygon","coordinates":[[[-104.50536,28.75354],[-104.46544,28.75324],[-104.46471,28.73234],[-104.43727,28.73266],[-104.4372,28.70389],[-104.41732,28.69671],[-104.41772,28.6892],[-104.39441,28.69165],[-104.37094,28.68485],[-104.41964,28.63143],[-104.38755,28.6249],[-104.34841,28.59559],[-104.3273,28.61732],[-104.29306,28.58346],[-104.2433,28.635],[-104.26077,28.64846],[-104.24227,28.6544],[-104.22245,28.70764],[-104.18409,28.68685],[-104.17426,28.68757],[-104.17203,28.70432],[-104.14475,28.67839],[-104.119,28.70805],[-104.07722,28.6773],[-104.0506,28.63528],[-104.05812,28.60063],[-104.02183,28.55896],[-103.97676,28.60733],[-103.92649,28.60514],[-103.92546,28.57744],[-103.84136,28.6038],[-103.72249,28.55806],[-103.70575,28.60285],[-103.68501,28.58934],[-103.6801,28.58896],[-103.65803,28.60836],[-103.64835,28.58265],[-103.62856,28.59259],[-103.63637,28.56021],[-103.64794,28.53298],[-103.64336,28.53063],[-103.64301,28.51246],[-103.72833,28.35649],[-103.76287,28.2982],[-103.76818,28.30037],[-103.8675,28.11214],[-103.86094,28.10902],[-103.88949,28.06038],[-103.92669,27.97136],[-103.87772,27.95749],[-103.89289,27.91402],[-103.94187,27.9278],[-103.93564,27.94534],[-103.95497,27.95082],[-103.94333,27.88884],[-103.94564,27.88886],[-103.94578,27.85639],[-103.96,27.83531],[-103.94391,27.82687],[-103.90084,27.82686],[-103.93565,27.79755],[-103.88115,27.73919],[-103.89669,27.74056],[-103.8895,27.71322],[-103.89553,27.67402],[-103.88324,27.65759],[-103.89726,27.65655],[-103.88356,27.60077],[-103.86884,27.60714],[-103.85998,27.57126],[-104.13713,27.5757],[-104.14579,27.55616],[-104.21912,27.57496],[-104.23979,27.56341],[-104.25803,27.54659],[-104.26507,27.5532],[-104.27534,27.55109],[-104.28259,27.55364],[-104.29,27.54923],[-104.29669,27.55316],[-104.2975,27.56383],[-104.30429,27.57759],[-104.31167,27.57634],[-104.31466,27.57899],[-104.31794,27.57486],[-104.32466,27.57725],[-104.32696,27.58203],[-104.32486,27.58518],[-104.33243,27.59914],[-104.33505,27.59259],[-104.33307,27.58975],[-104.34628,27.57567],[-104.3532,27.57565],[-104.34764,27.56093],[-104.3844,27.53869],[-104.40051,27.53417],[-104.43044,27.51735],[-104.43314,27.51891],[-104.5021,27.45925],[-104.55335,27.48942],[-104.5649,27.47027],[-104.5606,27.46826],[-104.56968,27.45402],[-104.58178,27.45222],[-104.58931,27.44684],[-104.63183,27.44461],[-104.63394,27.44793],[-104.64052,27.44646],[-104.6504,27.45927],[-104.70486,27.48177],[-104.71144,27.47328],[-104.74813,27.49074],[-104.75951,27.48281],[-104.76638,27.49118],[-104.81083,27.47395],[-104.78781,27.43937],[-104.79614,27.43691],[-104.80038,27.42953],[-104.80909,27.42596],[-104.80869,27.42298],[-104.84783,27.45862],[-104.85646,27.46273],[-104.87176,27.46138],[-104.87711,27.46013],[-104.87804,27.44117],[-104.92928,27.44389],[-104.93315,27.43449],[-104.94316,27.43295],[-104.97021,27.40631],[-104.97088,27.36953],[-105.00998,27.36006],[-105.01524,27.3767],[-105.03097,27.37662],[-105.04716,27.38687],[-105.0578,27.38982],[-105.10395,27.38333],[-105.09867,27.37631],[-105.15822,27.39858],[-105.15927,27.37186],[-105.15447,27.36406],[-105.16239,27.35013],[-105.16375,27.35463],[-105.22366,27.4044],[-105.23322,27.40115],[-105.24162,27.39315],[-105.25075,27.40383],[-105.23428,27.42699],[-105.25422,27.41576],[-105.26782,27.43759],[-105.2529,27.44018],[-105.25686,27.44886],[-105.25195,27.46066],[-105.23587,27.47876],[-105.23608,27.49086],[-105.19987,27.49091],[-105.19509,27.49795],[-105.19507,27.55184],[-105.24235,27.55148],[-105.24522,27.55962],[-105.23724,27.56326],[-105.25765,27.59116],[-105.28218,27.61577],[-105.27767,27.62635],[-105.27879,27.62921],[-105.28208,27.628],[-105.2835,27.63478],[-105.26612,27.64054],[-105.26827,27.64594],[-105.27563,27.64962],[-105.27432,27.66688],[-105.28653,27.67994],[-105.2864,27.6904],[-105.24916,27.70199],[-105.29061,27.71985],[-105.25929,27.76363],[-105.2263,27.78142],[-105.21999,27.77454],[-105.1742,27.77745],[-105.17394,27.78065],[-105.17868,27.78158],[-105.17501,27.79572],[-105.16428,27.79324],[-105.16197,27.78718],[-105.15577,27.78311],[-105.14187,27.78334],[-105.13889,27.77757],[-105.10544,27.78303],[-105.09178,27.78157],[-105.07966,27.78995],[-105.03776,27.80703],[-105.02137,27.80591],[-105.01951,27.81025],[-105.0128,27.81039],[-105.00112,27.80399],[-104.99733,27.79674],[-105.00441,27.78053],[-105.01352,27.77355],[-105.00703,27.7617],[-104.99323,27.75763],[-104.97111,27.78378],[-104.91838,27.79595],[-104.90774,27.80312],[-104.90161,27.80436],[-104.89926,27.80141],[-104.85781,27.81402],[-104.86388,27.83044],[-104.85841,27.83158],[-104.85457,27.83657],[-104.84308,27.84219],[-104.83146,27.84179],[-104.82923,27.83908],[-104.81955,27.84106],[-104.79802,27.85647],[-104.76827,27.86588],[-104.75792,27.86599],[-104.76296,27.87373],[-104.78151,27.88059],[-104.80687,27.87938],[-104.81843,27.88689],[-104.81669,27.89583],[-104.82452,27.94101],[-104.83527,27.94269],[-104.8289,27.94857],[-104.85006,27.95851],[-104.85985,27.99807],[-104.8285,28.00923],[-104.81813,28.02387],[-104.81999,28.03472],[-104.82572,28.04119],[-104.83612,28.03751],[-104.84216,28.03985],[-104.86104,28.05672],[-104.8812,28.06069],[-104.89429,28.06692],[-104.90813,28.08832],[-104.90877,28.09649],[-104.92291,28.10588],[-104.93074,28.11537],[-104.94734,28.15911],[-104.95946,28.17862],[-104.97236,28.18705],[-104.95566,28.20261],[-104.95317,28.19473],[-104.94421,28.18803],[-104.88682,28.22328],[-104.87993,28.219],[-104.88177,28.2395],[-104.84593,28.23694],[-104.84197,28.23077],[-104.82845,28.23494],[-104.8177,28.2343],[-104.80739,28.23957],[-104.80195,28.25121],[-104.78723,28.25472],[-104.78227,28.2624],[-104.78599,28.26595],[-104.78152,28.27474],[-104.73915,28.33098],[-104.73212,28.32786],[-104.72483,28.33084],[-104.7241,28.37372],[-104.70996,28.37229],[-104.69937,28.37551],[-104.69012,28.3899],[-104.69359,28.3988],[-104.69989,28.40433],[-104.69885,28.42096],[-104.70401,28.4322],[-104.69473,28.45305],[-104.70511,28.45272],[-104.69649,28.48114],[-104.69475,28.49969],[-104.69776,28.50714],[-104.68495,28.51256],[-104.67838,28.51811],[-104.67964,28.52246],[-104.67623,28.52218],[-104.68741,28.52983],[-104.68276,28.5287],[-104.67276,28.53277],[-104.67657,28.54434],[-104.72116,28.53473],[-104.7203,28.57531],[-104.64416,28.59347],[-104.64695,28.61118],[-104.61545,28.62899],[-104.61415,28.6382],[-104.58064,28.63773],[-104.58983,28.66223],[-104.60762,28.69068],[-104.61735,28.69117],[-104.61723,28.7265],[-104.56006,28.75322],[-104.55782,28.75022],[-104.51647,28.76666],[-104.50536,28.75354]]]}},{"type":"Feature","properties":{"code":"08012","stateCode":"08","municipalityCode":"012","name":"Carichí"},"geometry":{"type":"Polygon","coordinates":[[[-107.12854,28.18694],[-107.13143,28.17156],[-107.10767,28.16757],[-107.1099,28.15197],[-107.12853,28.14704],[-107.13247,28.11452],[-107.12334,28.11474],[-107.12293,28.10521],[-107.07876,28.1162],[-107.10088,28.0867],[-107.08905,28.07968],[-107.08651,28.06801],[-107.05024,28.08878],[-107.0156,28.07721],[-107.01335,28.10012],[-106.94065,28.08964],[-106.91212,28.06059],[-106.91672,28.05815],[-106.90006,28.03301],[-106.93306,28.01654],[-106.9166,27.99575],[-106.97484,27.96171],[-106.92307,27.9513],[-106.92183,27.93851],[-106.92932,27.92352],[-106.91383,27.89865],[-106.8722,27.85969],[-106.87556,27.85072],[-106.89902,27.84562],[-106.90058,27.83721],[-106.93013,27.83774],[-106.92718,27.82272],[-106.92248,27.82108],[-106.91112,27.78836],[-106.91069,27.77877],[-106.89312,27.78411],[-106.88849,27.78257],[-106.8821,27.77152],[-106.87288,27.76534],[-106.8709,27.74634],[-106.8234,27.74897],[-106.82502,27.75451],[-106.8078,27.75743],[-106.80597,27.74993],[-106.7727,27.75284],[-106.74636,27.7334],[-106.74988,27.71456],[-106.72956,27.70647],[-106.71044,27.68697],[-106.71759,27.6853],[-106.69322,27.66127],[-106.6877,27.64903],[-106.69261,27.6423],[-106.69174,27.6345],[-106.69676,27.63003],[-106.68895,27.62254],[-106.70805,27.62624],[-106.74105,27.65613],[-106.76435,27.63521],[-106.76909,27.63947],[-106.77627,27.63228],[-106.77595,27.62875],[-106.78874,27.62982],[-106.79728,27.58394],[-106.78836,27.57483],[-106.79972,27.57392],[-106.80295,27.56171],[-106.81676,27.56893],[-106.81977,27.57449],[-106.82369,27.57353],[-106.84305,27.59065],[-106.85994,27.59764],[-106.87633,27.57073],[-106.8792,27.54824],[-106.91254,27.49391],[-106.92194,27.48105],[-106.95288,27.46356],[-106.92738,27.445],[-106.94212,27.41113],[-106.94592,27.4292],[-106.9688,27.42466],[-106.97252,27.42709],[-106.96869,27.44284],[-106.97058,27.45577],[-106.96265,27.4646],[-106.9792,27.49119],[-106.98027,27.50596],[-106.98945,27.52576],[-106.98827,27.54055],[-106.99257,27.54168],[-106.99842,27.51944],[-107.00273,27.5137],[-107.0341,27.50263],[-107.04313,27.51866],[-107.04805,27.51903],[-107.04833,27.52888],[-107.06715,27.52879],[-107.07661,27.53419],[-107.08295,27.54458],[-107.0946,27.54768],[-107.097,27.5541],[-107.10376,27.55747],[-107.11668,27.57177],[-107.12886,27.57049],[-107.12612,27.60571],[-107.1306,27.61203],[-107.11965,27.61036],[-107.12344,27.61449],[-107.12205,27.61752],[-107.12657,27.61615],[-107.12206,27.61913],[-107.12344,27.62554],[-107.11844,27.62759],[-107.1233,27.62763],[-107.12002,27.63189],[-107.12354,27.63594],[-107.13047,27.63704],[-107.13382,27.63278],[-107.13242,27.63825],[-107.135,27.64059],[-107.13931,27.63495],[-107.14346,27.63811],[-107.14137,27.63156],[-107.14574,27.62603],[-107.1526,27.62641],[-107.15933,27.63116],[-107.15551,27.62576],[-107.16399,27.6248],[-107.16049,27.61728],[-107.16625,27.61369],[-107.16338,27.61076],[-107.16469,27.59971],[-107.16838,27.60023],[-107.16842,27.6046],[-107.17313,27.60845],[-107.17169,27.61275],[-107.17723,27.61402],[-107.17704,27.61927],[-107.18136,27.62233],[-107.18542,27.61871],[-107.18123,27.61405],[-107.18455,27.60475],[-107.18289,27.60135],[-107.1862,27.60003],[-107.18684,27.60873],[-107.19427,27.60884],[-107.19831,27.60313],[-107.20478,27.60378],[-107.19752,27.61192],[-107.20037,27.61635],[-107.20052,27.61202],[-107.2206,27.60381],[-107.22223,27.59969],[-107.22381,27.60796],[-107.22812,27.61041],[-107.22896,27.60198],[-107.24049,27.60454],[-107.2449,27.59612],[-107.24777,27.59734],[-107.24633,27.60452],[-107.25166,27.60424],[-107.25308,27.60009],[-107.25624,27.60245],[-107.25496,27.60876],[-107.26222,27.6234],[-107.25716,27.62645],[-107.26014,27.636],[-107.25089,27.64202],[-107.25354,27.65268],[-107.25044,27.6589],[-107.26339,27.66262],[-107.26826,27.67427],[-107.26476,27.68079],[-107.27327,27.68488],[-107.26771,27.68837],[-107.2635,27.69985],[-107.2367,27.70337],[-107.27279,27.72204],[-107.26329,27.72765],[-107.2428,27.75349],[-107.23462,27.75587],[-107.22867,27.75045],[-107.22459,27.75425],[-107.24185,27.77514],[-107.24907,27.77548],[-107.2437,27.78748],[-107.24557,27.79423],[-107.25783,27.80702],[-107.26671,27.82489],[-107.26046,27.84081],[-107.2544,27.84381],[-107.2543,27.85197],[-107.26229,27.85872],[-107.27598,27.85825],[-107.29827,27.89716],[-107.29584,27.89821],[-107.29375,27.89471],[-107.29146,27.89996],[-107.28619,27.89784],[-107.27447,27.90181],[-107.25902,27.90205],[-107.27155,27.911],[-107.27588,27.91021],[-107.29289,27.91784],[-107.30087,27.93052],[-107.31242,27.9294],[-107.30754,27.90931],[-107.32041,27.91906],[-107.32876,27.91658],[-107.33331,27.92004],[-107.33243,27.91525],[-107.33832,27.91355],[-107.34984,27.93291],[-107.36025,27.93887],[-107.36139,27.94382],[-107.3715,27.9455],[-107.39567,27.94082],[-107.3924,27.94506],[-107.39442,27.95102],[-107.40571,27.9507],[-107.41066,27.95714],[-107.41714,27.9573],[-107.42234,27.9636],[-107.44478,27.95913],[-107.43073,27.9653],[-107.42617,27.97271],[-107.43117,27.98182],[-107.43795,27.98395],[-107.43558,27.98729],[-107.44847,27.99275],[-107.45875,28.00494],[-107.45935,28.01051],[-107.45037,28.01942],[-107.45679,28.03216],[-107.45654,28.03911],[-107.45241,28.03959],[-107.44281,28.03439],[-107.41903,28.0341],[-107.39029,28.01909],[-107.38578,28.01139],[-107.37939,28.00819],[-107.34691,28.00647],[-107.33855,28.00161],[-107.33853,28.00566],[-107.34925,28.01907],[-107.3432,28.02318],[-107.33334,28.02146],[-107.3287,28.0163],[-107.32028,28.02058],[-107.31447,28.01789],[-107.313,28.02266],[-107.30895,28.02356],[-107.29716,28.01523],[-107.29158,28.02203],[-107.28596,28.01875],[-107.28201,28.02019],[-107.27213,28.01252],[-107.26837,28.01364],[-107.25892,28.02268],[-107.26073,28.02703],[-107.25834,28.02815],[-107.26202,28.02949],[-107.26403,28.04083],[-107.24372,28.03682],[-107.2307,28.09949],[-107.19285,28.09445],[-107.1906,28.10169],[-107.18408,28.1003],[-107.18042,28.12631],[-107.17309,28.12468],[-107.17057,28.14283],[-107.14557,28.13818],[-107.14135,28.15665],[-107.16088,28.18808],[-107.12854,28.18694]]]}},{"type":"Feature","properties":{"code":"08013","stateCode":"08","municipalityCode":"013","name":"Casas Grandes"},"geometry":{"type":"Polygon","coordinates":[[[-108.03656,30.66423],[-108.03824,30.65152],[-108.02123,30.6595],[-108.01792,30.65194],[-107.93726,30.66189],[-107.93018,30.65285],[-107.92958,30.64589],[-107.92673,30.64532],[-107.92549,30.63547],[-107.92214,30.63386],[-107.9199,30.60832],[-107.9161,30.60831],[-107.91566,30.60053],[-107.9124,30.59787],[-107.91804,30.58736],[-107.91231,30.58569],[-107.91425,30.5792],[-107.91186,30.57754],[-107.91207,30.5645],[-107.91538,30.55965],[-107.91293,30.55482],[-107.91629,30.54921],[-107.91049,30.54515],[-107.91416,30.54448],[-107.91068,30.52748],[-107.91788,30.52064],[-107.91473,30.51155],[-107.91909,30.50926],[-107.91696,30.506],[-107.92082,30.50104],[-107.92044,30.4869],[-107.92578,30.48001],[-107.92041,30.47519],[-107.92153,30.4702],[-107.92963,30.46593],[-107.9262,30.46149],[-107.93151,30.459],[-107.93144,30.45447],[-107.9375,30.45363],[-107.93371,30.44697],[-107.94195,30.44359],[-107.94374,30.4378],[-107.94011,30.42342],[-107.94436,30.41785],[-107.9386,30.41389],[-107.93886,30.40011],[-107.93612,30.39635],[-107.93991,30.38416],[-107.93583,30.37863],[-107.93841,30.37458],[-107.93326,30.37146],[-107.9283,30.35995],[-107.93166,30.34613],[-107.93683,30.34051],[-107.93661,30.33434],[-107.9417,30.33267],[-107.94418,30.32611],[-107.94951,30.32584],[-107.94824,30.30621],[-107.944,30.30103],[-107.95037,30.29869],[-107.95606,30.28879],[-107.95813,30.27861],[-107.95561,30.27423],[-107.96173,30.26845],[-107.95784,30.26505],[-107.96277,30.25967],[-107.9645,30.24732],[-107.96967,30.2456],[-107.97824,30.24841],[-107.98934,30.24556],[-107.99654,30.23979],[-107.99854,30.23251],[-107.98431,30.23252],[-107.98091,30.22628],[-107.9502,30.22515],[-107.96381,30.09911],[-107.95816,30.09542],[-107.96134,30.09176],[-107.95381,30.09026],[-107.95291,30.08586],[-107.94363,30.08096],[-107.9418,30.07213],[-107.93165,30.06717],[-107.93679,30.05336],[-107.93361,30.04418],[-107.92643,30.04681],[-107.93344,30.02501],[-107.92579,30.01824],[-107.94749,30.02581],[-107.95187,30.02013],[-107.97196,30.02641],[-107.98827,30.02516],[-107.99036,30.01556],[-107.99854,30.01058],[-108.00188,30.01208],[-108.00347,30.00578],[-108.01496,30.01135],[-108.01485,30.00368],[-108.00958,30.00404],[-108.01277,29.99893],[-108.00499,29.99651],[-108.0073,29.99176],[-108.00488,29.98164],[-107.99468,29.96983],[-107.99785,29.9676],[-107.99318,29.96484],[-107.99622,29.96298],[-107.9923,29.96086],[-107.98878,29.95031],[-107.99481,29.94826],[-107.98879,29.93801],[-107.99576,29.93124],[-107.98645,29.92758],[-107.9889,29.92508],[-107.98553,29.915],[-107.99137,29.91142],[-108.00243,29.91293],[-107.99792,29.90558],[-108.00332,29.90296],[-108.00083,29.89928],[-107.99497,29.89871],[-107.99487,29.89599],[-107.99907,29.89241],[-107.99653,29.88752],[-108.00421,29.8856],[-107.99824,29.88079],[-108.00003,29.86485],[-108.0031,29.86432],[-108.01429,29.84131],[-108.01832,29.84047],[-108.01693,29.83698],[-108.02388,29.8247],[-108.01906,29.80128],[-108.02717,29.7879],[-108.02635,29.77873],[-108.02288,29.77739],[-108.03955,29.77966],[-108.09781,29.77661],[-108.11219,29.75003],[-108.12754,29.75834],[-108.22313,29.75835],[-108.22338,30.0052],[-108.31061,30.00505],[-108.31061,29.96006],[-108.3625,29.96007],[-108.36249,30.00482],[-108.51025,30.00522],[-108.56454,29.924],[-108.55431,29.89812],[-108.56226,29.895],[-108.57088,29.898],[-108.59514,29.89456],[-108.59945,29.88819],[-108.61483,29.88132],[-108.61486,29.89513],[-108.61911,29.90938],[-108.61878,29.93132],[-108.62287,29.95047],[-108.62871,29.95303],[-108.6155,29.96587],[-108.60692,30.02862],[-108.61474,30.05784],[-108.61453,30.08928],[-108.61822,30.08945],[-108.61166,30.10235],[-108.61757,30.23598],[-108.50536,30.17969],[-108.50173,30.2641],[-108.4756,30.30428],[-108.44141,30.30223],[-108.43602,30.34376],[-108.40611,30.3363],[-108.40771,30.34688],[-108.39633,30.34642],[-108.38308,30.33994],[-108.38147,30.34488],[-108.37088,30.3476],[-108.36673,30.35824],[-108.37248,30.37328],[-108.34642,30.38601],[-108.34911,30.39618],[-108.34396,30.39822],[-108.33395,30.39069],[-108.29627,30.39457],[-108.27901,30.3914],[-108.25502,30.37941],[-108.20138,30.37697],[-108.19814,30.38904],[-108.20147,30.3945],[-108.20748,30.39344],[-108.21516,30.39936],[-108.21979,30.4152],[-108.21127,30.42583],[-108.18213,30.44594],[-108.17368,30.44584],[-108.18248,30.45979],[-108.20169,30.45842],[-108.21314,30.46249],[-108.22169,30.46823],[-108.2296,30.48079],[-108.21769,30.48226],[-108.20922,30.4876],[-108.2083,30.49656],[-108.19214,30.51446],[-108.19,30.53281],[-108.17546,30.54075],[-108.17082,30.53214],[-108.16025,30.52908],[-108.15709,30.5392],[-108.17152,30.56092],[-108.11385,30.59456],[-108.10805,30.59664],[-108.09646,30.59314],[-108.08855,30.60013],[-108.07409,30.60296],[-108.07209,30.62678],[-108.10729,30.66092],[-108.11009,30.67545],[-108.05791,30.68056],[-108.03656,30.66423]]]}},{"type":"Feature","properties":{"code":"08053","stateCode":"08","municipalityCode":"053","name":"Praxedis G. Guerrero"},"geometry":{"type":"Polygon","coordinates":[[[-106.02035,31.39379],[-106.00342,31.39216],[-105.97145,31.36661],[-105.95351,31.36409],[-105.94528,31.3521],[-105.94764,31.33959],[-105.93336,31.31373],[-105.90856,31.31272],[-105.89329,31.29038],[-105.87033,31.28972],[-105.85338,31.27214],[-105.83613,31.24724],[-105.80849,31.21885],[-105.82567,31.20278],[-105.80689,31.10757],[-105.82868,31.117],[-105.83886,31.10373],[-105.91926,31.14658],[-105.93164,31.16355],[-105.93889,31.1592],[-105.96048,31.16681],[-105.96981,31.16542],[-105.97853,31.17046],[-105.99105,31.1849],[-106.00744,31.18051],[-106.03593,31.2319],[-105.9966,31.25343],[-105.99063,31.27814],[-106.03087,31.29915],[-106.02525,31.35433],[-106.02492,31.37413],[-106.02736,31.37683],[-106.02485,31.37622],[-106.02035,31.39379]]]}},{"type":"Feature","properties":{"code":"08057","stateCode":"08","municipalityCode":"057","name":"San Francisco de Borja"},"geometry":{"type":"Polygon","coordinates":[[[-106.69988,28.10553],[-106.65121,28.05591],[-106.64002,28.03735],[-106.62505,28.03228],[-106.61163,28.02005],[-106.61708,28.00715],[-106.63007,28.00489],[-106.63803,28.00685],[-106.65454,27.97205],[-106.59761,27.97449],[-106.60236,27.95314],[-106.65034,27.94739],[-106.60452,27.9406],[-106.5771,27.94351],[-106.57836,27.92249],[-106.5685,27.93809],[-106.5176,27.90217],[-106.52186,27.89904],[-106.51824,27.83398],[-106.55412,27.83614],[-106.51105,27.76732],[-106.53842,27.79137],[-106.54094,27.77927],[-106.55303,27.78531],[-106.56861,27.70701],[-106.59517,27.71121],[-106.5935,27.72051],[-106.59607,27.72525],[-106.60891,27.72347],[-106.61085,27.71194],[-106.6081,27.7075],[-106.61241,27.70268],[-106.61579,27.70307],[-106.61264,27.70011],[-106.62087,27.69897],[-106.63029,27.70368],[-106.63389,27.71936],[-106.64096,27.70427],[-106.67016,27.6793],[-106.69214,27.67723],[-106.71044,27.68697],[-106.72956,27.70647],[-106.74988,27.71456],[-106.74636,27.7334],[-106.7727,27.75284],[-106.80597,27.74993],[-106.8078,27.75743],[-106.82502,27.75451],[-106.8234,27.74897],[-106.8709,27.74634],[-106.87288,27.76534],[-106.8821,27.77152],[-106.88849,27.78257],[-106.89312,27.78411],[-106.91069,27.77877],[-106.91112,27.78836],[-106.92248,27.82108],[-106.92718,27.82272],[-106.93013,27.83774],[-106.90058,27.83721],[-106.89902,27.84562],[-106.87556,27.85072],[-106.8722,27.85969],[-106.91383,27.89865],[-106.92932,27.92352],[-106.92183,27.93851],[-106.92307,27.9513],[-106.97484,27.96171],[-106.9166,27.99575],[-106.93306,28.01654],[-106.90006,28.03301],[-106.91672,28.05815],[-106.89403,28.07726],[-106.87165,28.05833],[-106.86195,28.066],[-106.85256,28.06044],[-106.8428,28.06602],[-106.85479,28.08517],[-106.8404,28.09242],[-106.75307,28.08215],[-106.7501,28.07428],[-106.69988,28.10553]]]}},{"type":"Feature","properties":{"code":"08044","stateCode":"08","municipalityCode":"044","name":"Matamoros"},"geometry":{"type":"Polygon","coordinates":[[[-105.49481,26.89083],[-105.44272,26.86916],[-105.4567,26.86124],[-105.45314,26.8564],[-105.44906,26.85873],[-105.44044,26.85524],[-105.41566,26.85712],[-105.38492,26.84874],[-105.38432,26.84204],[-105.3752,26.84231],[-105.36961,26.83804],[-105.36727,26.84041],[-105.35668,26.83474],[-105.35008,26.84261],[-105.34418,26.83585],[-105.33987,26.83698],[-105.32154,26.80361],[-105.34141,26.79374],[-105.33614,26.79194],[-105.32983,26.78363],[-105.32934,26.77515],[-105.32133,26.77845],[-105.32123,26.77141],[-105.32243,26.76713],[-105.33327,26.76788],[-105.33778,26.76256],[-105.34146,26.75377],[-105.3394,26.74652],[-105.34937,26.73803],[-105.35044,26.71894],[-105.34712,26.69832],[-105.33857,26.68346],[-105.33024,26.68015],[-105.32879,26.66446],[-105.34158,26.65614],[-105.35047,26.6584],[-105.33926,26.64512],[-105.4021,26.59469],[-105.44218,26.55223],[-105.38444,26.5386],[-105.38924,26.52402],[-105.40084,26.51785],[-105.42213,26.52144],[-105.43705,26.52806],[-105.4531,26.52706],[-105.45913,26.52961],[-105.47436,26.52648],[-105.46863,26.51732],[-105.46793,26.51106],[-105.47151,26.5087],[-105.49022,26.51927],[-105.49563,26.52563],[-105.49609,26.54285],[-105.549,26.54658],[-105.61949,26.68351],[-105.60101,26.61485],[-105.60937,26.61373],[-105.64089,26.62],[-105.6372,26.60914],[-105.64553,26.61661],[-105.67488,26.61767],[-105.67095,26.63523],[-105.67659,26.63581],[-105.67844,26.64389],[-105.68988,26.65719],[-105.7048,26.65291],[-105.72891,26.6979],[-105.73496,26.68482],[-105.73508,26.69208],[-105.73818,26.69363],[-105.73951,26.70148],[-105.74562,26.70595],[-105.74634,26.71387],[-105.75467,26.71116],[-105.7615,26.71288],[-105.76967,26.70723],[-105.78131,26.70745],[-105.79141,26.69801],[-105.79426,26.69877],[-105.76494,26.7501],[-105.73792,26.75374],[-105.71536,26.7467],[-105.67799,26.76293],[-105.67994,26.7786],[-105.6728,26.78263],[-105.68945,26.79765],[-105.68768,26.80161],[-105.67727,26.80848],[-105.67599,26.80552],[-105.67082,26.80876],[-105.66761,26.80363],[-105.66103,26.80201],[-105.66269,26.80661],[-105.6487,26.81269],[-105.65949,26.82845],[-105.66483,26.82703],[-105.66701,26.83164],[-105.69584,26.82905],[-105.70129,26.83129],[-105.69578,26.83878],[-105.6891,26.83895],[-105.69237,26.85611],[-105.6869,26.87829],[-105.67482,26.87821],[-105.62936,26.89359],[-105.62485,26.88172],[-105.61909,26.88113],[-105.61079,26.87035],[-105.60266,26.8715],[-105.60063,26.87943],[-105.58717,26.87283],[-105.58616,26.87712],[-105.57272,26.86951],[-105.57465,26.87624],[-105.56885,26.88503],[-105.5687,26.89733],[-105.53634,26.91527],[-105.49481,26.89083]]]}},{"type":"Feature","properties":{"code":"08031","stateCode":"08","municipalityCode":"031","name":"Guerrero"},"geometry":{"type":"Polygon","coordinates":[[[-107.49322,28.9076],[-107.47415,28.87792],[-107.51844,28.85018],[-107.53969,28.80684],[-107.52378,28.80031],[-107.52474,28.78473],[-107.51918,28.76501],[-107.45402,28.75295],[-107.45834,28.76389],[-107.45298,28.78322],[-107.45531,28.79448],[-107.44196,28.78823],[-107.41828,28.76581],[-107.4107,28.76414],[-107.40224,28.76664],[-107.38969,28.76328],[-107.3836,28.75257],[-107.37482,28.74567],[-107.37459,28.73384],[-107.37871,28.7296],[-107.36498,28.72177],[-107.36124,28.71544],[-107.35589,28.71347],[-107.34373,28.71644],[-107.33583,28.71202],[-107.3218,28.72024],[-107.3113,28.71264],[-107.32514,28.67585],[-107.31086,28.67522],[-107.31002,28.68075],[-107.30101,28.67401],[-107.28364,28.66924],[-107.2804,28.66125],[-107.26886,28.65035],[-107.27038,28.64818],[-107.28104,28.64963],[-107.28072,28.64619],[-107.26829,28.64488],[-107.25792,28.62516],[-107.22741,28.63295],[-107.22128,28.60092],[-107.22322,28.5825],[-107.21791,28.58274],[-107.2162,28.57868],[-107.20926,28.57667],[-107.19448,28.58547],[-107.19059,28.58412],[-107.19114,28.57846],[-107.18683,28.58469],[-107.17917,28.58188],[-107.17481,28.56978],[-107.18246,28.56312],[-107.18836,28.55089],[-107.17557,28.55076],[-107.16423,28.54077],[-107.15216,28.54361],[-107.14342,28.54055],[-107.13519,28.52982],[-107.12043,28.52624],[-107.11846,28.51828],[-107.10587,28.50563],[-107.10057,28.49538],[-107.08787,28.49606],[-107.09045,28.47032],[-107.08675,28.4591],[-107.08322,28.45675],[-107.08319,28.44655],[-107.09089,28.44867],[-107.08561,28.41825],[-107.04795,28.40131],[-107.04126,28.40204],[-107.03795,28.39636],[-107.04689,28.38795],[-107.04624,28.38165],[-107.05008,28.37964],[-107.05072,28.37511],[-107.05658,28.37277],[-107.06484,28.36184],[-107.06185,28.35402],[-107.0723,28.34058],[-107.08662,28.33377],[-107.08462,28.32766],[-107.10026,28.32564],[-107.10152,28.33396],[-107.11507,28.33274],[-107.11602,28.33753],[-107.148,28.31521],[-107.15559,28.31465],[-107.15261,28.3066],[-107.15549,28.3066],[-107.16336,28.31966],[-107.24107,28.29065],[-107.24328,28.26867],[-107.22431,28.25687],[-107.19429,28.25066],[-107.22514,28.22995],[-107.21268,28.21457],[-107.21194,28.20493],[-107.18169,28.18212],[-107.18601,28.16365],[-107.22842,28.15972],[-107.22526,28.10794],[-107.22141,28.10632],[-107.20498,28.13513],[-107.19154,28.13666],[-107.19169,28.11836],[-107.18191,28.1167],[-107.18408,28.1003],[-107.1906,28.10169],[-107.19285,28.09445],[-107.2307,28.09949],[-107.24372,28.03682],[-107.26403,28.04083],[-107.26202,28.02949],[-107.25834,28.02815],[-107.26073,28.02703],[-107.25892,28.02268],[-107.26837,28.01364],[-107.27213,28.01252],[-107.28201,28.02019],[-107.28596,28.01875],[-107.29158,28.02203],[-107.29716,28.01523],[-107.30895,28.02356],[-107.313,28.02266],[-107.31447,28.01789],[-107.32028,28.02058],[-107.3287,28.0163],[-107.33334,28.02146],[-107.3432,28.02318],[-107.34925,28.01907],[-107.33853,28.00566],[-107.33855,28.00161],[-107.34691,28.00647],[-107.37939,28.00819],[-107.38578,28.01139],[-107.39029,28.01909],[-107.41903,28.0341],[-107.44281,28.03439],[-107.4519,28.03956],[-107.45654,28.03911],[-107.456,28.03004],[-107.46193,28.03387],[-107.46587,28.02984],[-107.46511,28.02632],[-107.4725,28.02567],[-107.47734,28.01785],[-107.49351,28.02082],[-107.51371,28.03075],[-107.51999,28.02804],[-107.53397,28.02858],[-107.5289,28.0449],[-107.53529,28.05709],[-107.55304,28.05596],[-107.55401,28.06543],[-107.57874,28.07772],[-107.57947,28.0745],[-107.58363,28.0744],[-107.61545,28.07948],[-107.62591,28.08568],[-107.62899,28.0951],[-107.63443,28.10017],[-107.65521,28.10074],[-107.65809,28.1043],[-107.66401,28.09667],[-107.67265,28.09469],[-107.67212,28.08175],[-107.68268,28.07287],[-107.69521,28.07334],[-107.70534,28.07754],[-107.7093,28.07301],[-107.74031,28.08166],[-107.74625,28.08726],[-107.75032,28.08275],[-107.76523,28.08095],[-107.77976,28.06894],[-107.78342,28.04066],[-107.81822,28.04345],[-107.81162,28.07291],[-107.82504,28.07758],[-107.83396,28.08739],[-107.84357,28.09026],[-107.85379,28.09835],[-107.86957,28.1002],[-107.8785,28.08973],[-107.89493,28.10121],[-107.89466,28.10658],[-107.89829,28.10549],[-107.89792,28.09852],[-107.92035,28.11344],[-107.91536,28.1186],[-107.91155,28.11817],[-107.91322,28.13085],[-107.91532,28.13379],[-107.92317,28.13442],[-107.92639,28.1444],[-107.93248,28.13974],[-107.96189,28.17939],[-107.9679,28.1772],[-108.00952,28.2066],[-108.1061,28.28197],[-108.09071,28.30612],[-108.09719,28.3107],[-108.09499,28.32057],[-108.05858,28.37548],[-108.01227,28.39598],[-108.02795,28.40773],[-108.01124,28.42208],[-107.96516,28.43281],[-107.96331,28.45282],[-107.92126,28.50871],[-107.9384,28.54384],[-107.91252,28.53833],[-107.91073,28.55692],[-107.87318,28.55118],[-107.86958,28.55445],[-107.86042,28.54921],[-107.85877,28.54345],[-107.85013,28.54159],[-107.8416,28.55584],[-107.84407,28.56833],[-107.84185,28.57301],[-107.84528,28.57964],[-107.83877,28.58154],[-107.83808,28.58469],[-107.84459,28.59012],[-107.84933,28.58972],[-107.84628,28.59121],[-107.84702,28.59548],[-107.84166,28.59837],[-107.85542,28.60885],[-107.85412,28.61359],[-107.84809,28.61488],[-107.84195,28.63138],[-107.85293,28.64117],[-107.83658,28.64407],[-107.84276,28.65491],[-107.8095,28.66647],[-107.77674,28.69519],[-107.77889,28.64723],[-107.76518,28.64563],[-107.7626,28.65088],[-107.75891,28.64703],[-107.76087,28.64555],[-107.7549,28.64556],[-107.7435,28.67069],[-107.67965,28.69877],[-107.66903,28.72105],[-107.65435,28.71109],[-107.65548,28.73171],[-107.63966,28.72672],[-107.63439,28.72997],[-107.63833,28.73292],[-107.63106,28.7374],[-107.63368,28.74467],[-107.61107,28.75866],[-107.60354,28.79505],[-107.58656,28.80246],[-107.57963,28.86418],[-107.5442,28.89025],[-107.51603,28.90348],[-107.49322,28.9076]]]}},{"type":"Feature","properties":{"code":"08056","stateCode":"08","municipalityCode":"056","name":"Valle del Rosario"},"geometry":{"type":"Polygon","coordinates":[[[-106.36639,27.4348],[-106.36337,27.43249],[-106.36358,27.42474],[-106.35711,27.42721],[-106.34424,27.41868],[-106.33262,27.41632],[-106.32708,27.39731],[-106.31871,27.39568],[-106.31523,27.39834],[-106.31552,27.40375],[-106.31266,27.40447],[-106.31329,27.39582],[-106.30897,27.38841],[-106.30324,27.38878],[-106.29743,27.39405],[-106.29132,27.38569],[-106.27964,27.38685],[-106.27392,27.38293],[-106.27672,27.37576],[-106.27345,27.37252],[-106.26967,27.37408],[-106.27061,27.37906],[-106.26604,27.38531],[-106.20768,27.38394],[-106.21029,27.41491],[-106.19992,27.43153],[-106.18885,27.42556],[-106.18214,27.42783],[-106.17025,27.42183],[-106.16306,27.41467],[-106.16439,27.41237],[-106.1451,27.40196],[-106.14339,27.40591],[-106.13099,27.40669],[-106.11577,27.41791],[-106.10662,27.4181],[-106.09868,27.41474],[-106.10412,27.397],[-106.09762,27.39029],[-106.08704,27.40047],[-106.07796,27.40354],[-106.06379,27.39667],[-106.06225,27.38185],[-106.05055,27.37433],[-106.04954,27.36223],[-106.04365,27.35465],[-106.06051,27.34276],[-106.07134,27.34373],[-106.08005,27.33966],[-106.09404,27.34477],[-106.10431,27.33545],[-106.10977,27.33657],[-106.1158,27.33166],[-106.11949,27.33356],[-106.11999,27.3301],[-106.12678,27.32694],[-106.12865,27.31874],[-106.12647,27.31716],[-106.12874,27.31548],[-106.12188,27.31094],[-106.12548,27.3049],[-106.11745,27.28891],[-106.12131,27.28483],[-106.11884,27.27929],[-106.12265,27.27316],[-106.11283,27.26702],[-106.10972,27.25595],[-106.11668,27.25021],[-106.11068,27.24477],[-106.10956,27.23746],[-106.11766,27.23322],[-106.10994,27.22819],[-106.10874,27.21452],[-106.09693,27.19407],[-106.09798,27.18148],[-106.11138,27.1774],[-106.1082,27.17317],[-106.12658,27.17088],[-106.1297,27.16164],[-106.13789,27.16067],[-106.13806,27.15652],[-106.14559,27.15377],[-106.14661,27.15064],[-106.15972,27.14993],[-106.16364,27.14038],[-106.17008,27.14009],[-106.1711,27.14571],[-106.17867,27.14924],[-106.18741,27.14734],[-106.20714,27.15283],[-106.21511,27.15112],[-106.21414,27.1554],[-106.21956,27.16025],[-106.23292,27.16262],[-106.25938,27.16486],[-106.26143,27.16091],[-106.28083,27.15875],[-106.26644,27.13564],[-106.28741,27.1227],[-106.29403,27.1257],[-106.29856,27.12416],[-106.29832,27.1277],[-106.30539,27.13067],[-106.3064,27.13489],[-106.31796,27.13483],[-106.33698,27.1464],[-106.34361,27.14593],[-106.34819,27.15139],[-106.36238,27.15319],[-106.36811,27.1508],[-106.36945,27.15324],[-106.37176,27.15089],[-106.37356,27.15454],[-106.3878,27.15818],[-106.40366,27.15554],[-106.41875,27.1476],[-106.4221,27.14943],[-106.42652,27.14342],[-106.43517,27.1455],[-106.43672,27.14284],[-106.44569,27.14329],[-106.45068,27.13771],[-106.46189,27.13531],[-106.48065,27.13798],[-106.48327,27.13373],[-106.49422,27.13547],[-106.49272,27.13303],[-106.50962,27.14258],[-106.53961,27.13499],[-106.52599,27.1719],[-106.54643,27.17007],[-106.54615,27.17634],[-106.57006,27.18084],[-106.58298,27.17905],[-106.58985,27.17185],[-106.60352,27.16618],[-106.61243,27.16862],[-106.61906,27.17467],[-106.6178,27.18286],[-106.61195,27.18477],[-106.61026,27.18215],[-106.60688,27.18617],[-106.59355,27.19004],[-106.58615,27.18774],[-106.58435,27.22654],[-106.58038,27.24181],[-106.56811,27.22582],[-106.55327,27.22493],[-106.55265,27.21018],[-106.54768,27.20815],[-106.53974,27.22094],[-106.53513,27.22091],[-106.54215,27.23273],[-106.54336,27.24146],[-106.55163,27.24652],[-106.54416,27.25774],[-106.55475,27.28189],[-106.54498,27.28926],[-106.53943,27.28771],[-106.52819,27.29946],[-106.52476,27.3079],[-106.51262,27.30964],[-106.51137,27.31385],[-106.51647,27.32542],[-106.51392,27.32877],[-106.50668,27.32775],[-106.50291,27.351],[-106.49697,27.36126],[-106.47746,27.35445],[-106.464,27.32696],[-106.45886,27.32295],[-106.45378,27.32392],[-106.45099,27.31414],[-106.42758,27.311],[-106.46139,27.35558],[-106.44618,27.3536],[-106.44508,27.35834],[-106.43703,27.34966],[-106.42761,27.34937],[-106.42977,27.35297],[-106.42769,27.36135],[-106.43026,27.36321],[-106.42357,27.36543],[-106.42285,27.37094],[-106.41907,27.37071],[-106.41581,27.37573],[-106.40979,27.37575],[-106.4061,27.37105],[-106.40383,27.37588],[-106.3932,27.37437],[-106.39094,27.38095],[-106.37108,27.38725],[-106.36912,27.39008],[-106.3731,27.3914],[-106.37929,27.40828],[-106.38689,27.41797],[-106.38715,27.42589],[-106.38625,27.43238],[-106.36639,27.4348]]]}},{"type":"Feature","properties":{"code":"08045","stateCode":"08","municipalityCode":"045","name":"Meoqui"},"geometry":{"type":"Polygon","coordinates":[[[-105.50747,28.47988],[-105.46903,28.4566],[-105.46126,28.4553],[-105.46503,28.42936],[-105.45902,28.41839],[-105.45713,28.40505],[-105.45809,28.39946],[-105.46279,28.40027],[-105.4635,28.39361],[-105.47189,28.39224],[-105.46911,28.38472],[-105.46407,28.38384],[-105.46403,28.37401],[-105.46155,28.37733],[-105.44226,28.37148],[-105.4363,28.3757],[-105.43557,28.37102],[-105.42691,28.36362],[-105.41619,28.36024],[-105.41549,28.35167],[-105.41029,28.34637],[-105.3945,28.34502],[-105.38444,28.33535],[-105.38869,28.3172],[-105.38105,28.30813],[-105.35635,28.30723],[-105.34096,28.29918],[-105.33245,28.28918],[-105.32176,28.28481],[-105.31362,28.28709],[-105.31058,28.28149],[-105.31511,28.27276],[-105.3136,28.26829],[-105.3193,28.26762],[-105.31965,28.26313],[-105.32336,28.26647],[-105.32645,28.26029],[-105.32791,28.2626],[-105.33904,28.25717],[-105.35056,28.25835],[-105.35168,28.25025],[-105.35672,28.25605],[-105.36987,28.25697],[-105.37162,28.26854],[-105.37765,28.26975],[-105.382,28.2771],[-105.39373,28.27726],[-105.39563,28.27122],[-105.40037,28.26853],[-105.40765,28.27026],[-105.40769,28.26341],[-105.43326,28.26333],[-105.43326,28.25975],[-105.45105,28.26252],[-105.46354,28.24743],[-105.46318,28.24058],[-105.46585,28.24213],[-105.46953,28.23703],[-105.47811,28.24136],[-105.47891,28.23613],[-105.49977,28.23931],[-105.50368,28.23644],[-105.51533,28.24841],[-105.50901,28.25555],[-105.52384,28.27064],[-105.55357,28.28063],[-105.56583,28.28167],[-105.56579,28.28566],[-105.56916,28.28563],[-105.57017,28.28206],[-105.57031,28.2863],[-105.58499,28.30166],[-105.58403,28.31065],[-105.58924,28.32165],[-105.62934,28.35994],[-105.64187,28.38734],[-105.63691,28.39206],[-105.65666,28.40876],[-105.64863,28.4094],[-105.64842,28.41415],[-105.63427,28.42094],[-105.62802,28.41988],[-105.62298,28.42636],[-105.61869,28.42438],[-105.61382,28.43231],[-105.58892,28.42859],[-105.58594,28.43521],[-105.57825,28.44002],[-105.57937,28.44414],[-105.5612,28.45154],[-105.55613,28.46086],[-105.54758,28.46393],[-105.54453,28.47312],[-105.50747,28.47988]]]}},{"type":"Feature","properties":{"code":"08046","stateCode":"08","municipalityCode":"046","name":"Morelos"},"geometry":{"type":"Polygon","coordinates":[[[-107.80148,26.81458],[-107.79596,26.81061],[-107.7878,26.81224],[-107.79033,26.80649],[-107.78576,26.80252],[-107.77343,26.80879],[-107.76519,26.8061],[-107.75038,26.81247],[-107.75053,26.80445],[-107.75658,26.79945],[-107.75527,26.79605],[-107.73839,26.80034],[-107.72753,26.78548],[-107.71329,26.79412],[-107.70422,26.7786],[-107.69759,26.7892],[-107.69135,26.78721],[-107.68997,26.77659],[-107.68151,26.77584],[-107.6779,26.77111],[-107.6821,26.76571],[-107.68034,26.76304],[-107.67477,26.76612],[-107.67108,26.77649],[-107.65115,26.76268],[-107.63847,26.76571],[-107.63112,26.76323],[-107.62134,26.7687],[-107.61508,26.76643],[-107.6172,26.75759],[-107.61139,26.75043],[-107.60677,26.75131],[-107.60211,26.74712],[-107.58694,26.74305],[-107.58053,26.7511],[-107.57769,26.74249],[-107.56297,26.74406],[-107.55696,26.73524],[-107.54887,26.73984],[-107.53576,26.73602],[-107.53425,26.72884],[-107.52268,26.72675],[-107.51099,26.71444],[-107.49729,26.70818],[-107.49299,26.71354],[-107.49261,26.72162],[-107.48625,26.71335],[-107.47779,26.71562],[-107.46825,26.71185],[-107.46924,26.71948],[-107.46683,26.72092],[-107.40647,26.7068],[-107.39931,26.69882],[-107.39205,26.69785],[-107.38954,26.69275],[-107.38464,26.67804],[-107.38826,26.66559],[-107.3597,26.66071],[-107.38116,26.59658],[-107.37709,26.58881],[-107.3623,26.58227],[-107.3646,26.56146],[-107.3567,26.55463],[-107.36087,26.54313],[-107.37868,26.54108],[-107.37661,26.53083],[-107.36369,26.51743],[-107.38657,26.51373],[-107.40703,26.518],[-107.41889,26.54059],[-107.41987,26.56203],[-107.42925,26.57121],[-107.4275,26.57994],[-107.43179,26.59132],[-107.45319,26.59452],[-107.45904,26.59191],[-107.48248,26.59333],[-107.48003,26.58093],[-107.49854,26.5736],[-107.50301,26.56489],[-107.51748,26.55468],[-107.52328,26.54169],[-107.53114,26.53475],[-107.52661,26.52725],[-107.51702,26.52379],[-107.49526,26.50688],[-107.49821,26.5051],[-107.50772,26.50805],[-107.50563,26.49921],[-107.51287,26.49033],[-107.53961,26.48566],[-107.5429,26.47898],[-107.53541,26.47677],[-107.53503,26.4706],[-107.53946,26.46467],[-107.53482,26.46098],[-107.54534,26.45833],[-107.54825,26.45276],[-107.56261,26.44379],[-107.56777,26.42965],[-107.56441,26.42479],[-107.56668,26.42248],[-107.56352,26.41089],[-107.61394,26.40166],[-107.59872,26.3618],[-107.59003,26.32362],[-107.67829,26.3649],[-107.68772,26.38955],[-107.68159,26.42607],[-107.72373,26.40348],[-107.75004,26.36827],[-107.80779,26.36561],[-107.86938,26.37086],[-107.87177,26.34739],[-107.9015,26.31521],[-107.89878,26.30949],[-107.89981,26.28671],[-107.97412,26.38863],[-107.97303,26.39253],[-108.0128,26.43905],[-107.96964,26.47017],[-107.98562,26.4721],[-107.97052,26.48907],[-107.95727,26.49374],[-107.95546,26.50598],[-107.96199,26.5178],[-107.96102,26.52696],[-107.97751,26.53611],[-107.97969,26.54318],[-107.98974,26.54804],[-107.99205,26.56228],[-107.99765,26.56471],[-108.001,26.57256],[-108.01248,26.57964],[-108.01217,26.5914],[-108.03251,26.60318],[-108.03544,26.60971],[-108.03181,26.61592],[-108.03746,26.61971],[-108.04515,26.61971],[-108.04453,26.62497],[-108.05158,26.62984],[-108.05867,26.62659],[-108.06882,26.63145],[-108.07172,26.62692],[-108.07456,26.62799],[-108.07443,26.63645],[-108.0816,26.64199],[-108.07793,26.64617],[-108.06465,26.64737],[-108.05628,26.6519],[-108.05595,26.65647],[-108.04653,26.65979],[-108.04269,26.66676],[-108.03172,26.66798],[-108.03032,26.67426],[-108.01175,26.68948],[-108.00748,26.70535],[-108.00311,26.70332],[-107.99402,26.70764],[-107.9807,26.69943],[-107.97839,26.71869],[-107.99204,26.74163],[-107.9741,26.74421],[-107.98353,26.74748],[-107.99606,26.75988],[-107.97921,26.76273],[-107.97411,26.77296],[-107.96655,26.77259],[-107.96603,26.76634],[-107.9604,26.76861],[-107.95369,26.76642],[-107.94865,26.77552],[-107.92721,26.76407],[-107.91774,26.75411],[-107.91285,26.75582],[-107.9054,26.76602],[-107.88626,26.76539],[-107.87718,26.77227],[-107.86885,26.78653],[-107.86575,26.77623],[-107.87673,26.76582],[-107.87944,26.74885],[-107.87808,26.74266],[-107.87053,26.73487],[-107.87203,26.7313],[-107.86667,26.71314],[-107.9232,26.68421],[-107.93,26.66175],[-107.94543,26.63702],[-107.89467,26.58753],[-107.87813,26.59056],[-107.88251,26.60503],[-107.87993,26.60791],[-107.88337,26.61411],[-107.88015,26.62309],[-107.87535,26.62219],[-107.86574,26.6506],[-107.81796,26.65154],[-107.80451,26.66816],[-107.80328,26.68906],[-107.79857,26.69339],[-107.8037,26.71969],[-107.7886,26.71695],[-107.78625,26.71892],[-107.78238,26.73624],[-107.80697,26.76732],[-107.80545,26.78389],[-107.81261,26.79028],[-107.80466,26.80557],[-107.80724,26.81168],[-107.80148,26.81458]]]}},{"type":"Feature","properties":{"code":"08047","stateCode":"08","municipalityCode":"047","name":"Moris"},"geometry":{"type":"Polygon","coordinates":[[[-108.4797,28.36955],[-108.44842,28.34768],[-108.48758,28.34403],[-108.47516,28.30209],[-108.48473,28.25402],[-108.48786,28.24938],[-108.49089,28.2498],[-108.49241,28.23583],[-108.48558,28.22683],[-108.48247,28.22683],[-108.48073,28.21866],[-108.47552,28.21707],[-108.4876,28.20884],[-108.48955,28.19923],[-108.4698,28.19711],[-108.46411,28.20089],[-108.45844,28.1873],[-108.45337,28.18672],[-108.44326,28.17699],[-108.44046,28.16214],[-108.43249,28.15936],[-108.41124,28.1259],[-108.42466,28.12768],[-108.42316,28.12499],[-108.42697,28.12044],[-108.43975,28.11876],[-108.44248,28.1155],[-108.44617,28.11888],[-108.45117,28.11301],[-108.44993,28.10659],[-108.45483,28.08685],[-108.44513,28.08524],[-108.43873,28.07816],[-108.43524,28.06097],[-108.43913,28.05892],[-108.44378,28.04702],[-108.44829,28.04495],[-108.44782,28.05076],[-108.45623,28.04991],[-108.45556,28.05633],[-108.45801,28.05802],[-108.46266,28.04908],[-108.46911,28.05074],[-108.47424,28.04526],[-108.47604,28.03655],[-108.49336,28.04299],[-108.50699,28.03459],[-108.51363,28.03487],[-108.52325,28.02862],[-108.52229,28.02504],[-108.53135,28.02041],[-108.53737,28.02465],[-108.5444,28.02495],[-108.54523,28.01879],[-108.55306,28.01922],[-108.55134,28.0118],[-108.56734,28.00554],[-108.56782,27.99986],[-108.57266,27.99828],[-108.57895,27.98985],[-108.58646,27.99016],[-108.58913,27.99709],[-108.59561,27.98966],[-108.60441,27.99532],[-108.61031,27.9914],[-108.61958,27.97232],[-108.62616,27.96631],[-108.63231,27.96674],[-108.63413,27.96141],[-108.63745,27.96079],[-108.65497,27.96629],[-108.66688,27.96478],[-108.79365,28.02086],[-108.77641,28.03019],[-108.79829,28.03312],[-108.84625,28.05685],[-108.85986,28.05171],[-108.89106,28.05657],[-108.89624,28.06585],[-108.92726,28.07803],[-108.96244,28.03043],[-108.93491,28.00252],[-108.9784,27.97875],[-108.99168,27.97998],[-109.01636,28.00803],[-109.0319,28.01829],[-109.04156,28.06389],[-109.05179,28.09015],[-109.04895,28.09265],[-109.06224,28.11831],[-109.0628,28.1258],[-109.06554,28.12531],[-109.06856,28.13013],[-109.06679,28.14171],[-109.07289,28.14857],[-109.06199,28.1992],[-109.07489,28.27261],[-109.06883,28.27366],[-109.05844,28.26727],[-109.06332,28.28006],[-109.07011,28.28428],[-109.0687,28.28614],[-109.05951,28.28474],[-109.05188,28.27642],[-109.05045,28.28084],[-109.04576,28.28116],[-109.04639,28.27317],[-109.04068,28.26699],[-109.02804,28.27723],[-109.02278,28.27753],[-108.99744,28.25505],[-108.98831,28.26254],[-108.98705,28.27783],[-108.99555,28.28639],[-108.99692,28.2955],[-108.99397,28.29796],[-108.98905,28.29681],[-108.98906,28.29145],[-108.98291,28.28707],[-108.98608,28.28371],[-108.98356,28.27696],[-108.97367,28.2731],[-108.96726,28.265],[-108.96141,28.262],[-108.92882,28.25956],[-108.92201,28.25149],[-108.91268,28.26],[-108.89131,28.26102],[-108.88066,28.26473],[-108.86926,28.25701],[-108.86158,28.25679],[-108.85609,28.25154],[-108.85138,28.25948],[-108.842,28.25326],[-108.83584,28.26275],[-108.83042,28.26505],[-108.79166,28.25362],[-108.79668,28.26716],[-108.75098,28.27157],[-108.68723,28.30346],[-108.67649,28.30289],[-108.67212,28.2982],[-108.66721,28.2994],[-108.66193,28.29548],[-108.65583,28.30181],[-108.65237,28.29835],[-108.64436,28.29828],[-108.64129,28.29161],[-108.63549,28.30626],[-108.63618,28.33523],[-108.61117,28.33526],[-108.60351,28.34756],[-108.55093,28.31806],[-108.53588,28.32373],[-108.51964,28.33476],[-108.52165,28.36506],[-108.50568,28.36081],[-108.50137,28.35573],[-108.4797,28.36955]]]}},{"type":"Feature","properties":{"code":"08025","stateCode":"08","municipalityCode":"025","name":"Gómez Farías"},"geometry":{"type":"Polygon","coordinates":[[[-107.82029,29.53641],[-107.81889,29.53082],[-107.81409,29.52898],[-107.80315,29.51482],[-107.79947,29.50558],[-107.78976,29.49494],[-107.78624,29.49521],[-107.78938,29.49357],[-107.78792,29.48646],[-107.79062,29.4838],[-107.78501,29.48798],[-107.78257,29.48347],[-107.78547,29.47865],[-107.77921,29.48548],[-107.77722,29.47525],[-107.77301,29.4706],[-107.76765,29.47776],[-107.77194,29.48292],[-107.72176,29.48137],[-107.71227,29.44598],[-107.60165,29.41353],[-107.58042,29.41922],[-107.58518,29.39934],[-107.5821,29.39621],[-107.58932,29.36688],[-107.5608,29.36327],[-107.57232,29.32063],[-107.57513,29.2957],[-107.60131,29.17987],[-107.64761,29.15517],[-107.66358,29.15613],[-107.66768,29.16812],[-107.68383,29.16991],[-107.69961,29.1631],[-107.70832,29.16885],[-107.7092,29.18996],[-107.70209,29.20211],[-107.73173,29.2294],[-107.73275,29.22505],[-107.73824,29.22366],[-107.74469,29.2273],[-107.75447,29.22551],[-107.75383,29.22885],[-107.76188,29.23353],[-107.7626,29.23935],[-107.76766,29.24078],[-107.77233,29.2367],[-107.7951,29.23073],[-107.80417,29.23574],[-107.81043,29.23547],[-107.81936,29.22949],[-107.83283,29.23872],[-107.84434,29.25695],[-107.84452,29.24532],[-107.84833,29.2408],[-107.84966,29.24457],[-107.86636,29.25514],[-107.86989,29.25476],[-107.86794,29.24951],[-107.87332,29.25496],[-107.88491,29.2526],[-107.8912,29.25726],[-107.89706,29.25505],[-107.89733,29.24385],[-107.90296,29.25937],[-107.90946,29.25848],[-107.9149,29.26613],[-107.91096,29.27089],[-107.91369,29.27733],[-107.92129,29.28219],[-107.92286,29.28908],[-107.90602,29.28944],[-107.90609,29.30286],[-107.91335,29.30315],[-107.91338,29.30985],[-107.91851,29.31151],[-107.91865,29.33065],[-107.90617,29.33066],[-107.90624,29.36729],[-107.88545,29.36738],[-107.8855,29.3948],[-107.88167,29.39596],[-107.82604,29.39],[-107.82324,29.41717],[-107.82691,29.41702],[-107.8299,29.4499],[-107.84583,29.44974],[-107.84969,29.45704],[-107.85137,29.44978],[-107.86465,29.44974],[-107.87506,29.45829],[-107.88316,29.47063],[-107.88818,29.47229],[-107.90384,29.50298],[-107.89277,29.50825],[-107.89257,29.51567],[-107.88457,29.5178],[-107.87107,29.50846],[-107.85773,29.50878],[-107.85734,29.51327],[-107.84698,29.52478],[-107.83422,29.53028],[-107.83418,29.53265],[-107.82763,29.52776],[-107.82029,29.53641]]]}},{"type":"Feature","properties":{"code":"08048","stateCode":"08","municipalityCode":"048","name":"Namiquipa"},"geometry":{"type":"Polygon","coordinates":[[[-107.08687,29.57287],[-107.08447,29.56844],[-107.07864,29.5669],[-107.0804,29.56342],[-107.07387,29.56205],[-107.07138,29.55807],[-107.07629,29.55351],[-107.08036,29.55413],[-107.07637,29.5465],[-107.07896,29.54342],[-107.08206,29.54585],[-107.08645,29.54392],[-107.08595,29.53638],[-107.07549,29.53613],[-107.06306,29.54163],[-107.05108,29.5533],[-107.0372,29.54926],[-107.0,29.55377],[-106.97864,29.52155],[-106.92605,29.52665],[-106.9241,29.5182],[-106.90667,29.52252],[-106.88908,29.51652],[-106.88085,29.51922],[-106.87565,29.51695],[-106.86213,29.52436],[-106.85625,29.53259],[-106.85709,29.53689],[-106.83803,29.54862],[-106.81309,29.54378],[-106.78852,29.5444],[-106.78045,29.5394],[-106.77095,29.53911],[-106.76065,29.51625],[-106.75585,29.52087],[-106.74695,29.52297],[-106.74752,29.53774],[-106.74039,29.55085],[-106.7072,29.54433],[-106.68435,29.5508],[-106.65377,29.57096],[-106.53564,29.56412],[-106.48208,29.56717],[-106.48352,29.56356],[-106.51113,29.54733],[-106.55848,29.53863],[-106.55733,29.47017],[-106.58556,29.46823],[-106.58551,29.46336],[-106.58933,29.45984],[-106.58672,29.45576],[-106.58896,29.45441],[-106.58892,29.43568],[-106.58414,29.42203],[-106.58805,29.40777],[-106.59725,29.40024],[-106.59333,29.383],[-106.60164,29.37766],[-106.59586,29.35831],[-106.57135,29.35741],[-106.5831,29.32576],[-106.58695,29.27719],[-106.53992,29.27234],[-106.54913,29.2121],[-106.55528,29.20852],[-106.56554,29.19172],[-106.57469,29.19658],[-106.5851,29.1934],[-106.58453,29.20026],[-106.58985,29.20761],[-106.62825,29.20965],[-106.62844,29.2268],[-106.63748,29.22672],[-106.64148,29.23342],[-106.6539,29.22963],[-106.66122,29.23006],[-106.66324,29.23375],[-106.67982,29.23233],[-106.67848,29.2423],[-106.66862,29.25669],[-106.68495,29.25656],[-106.68513,29.26836],[-106.70869,29.26809],[-106.70869,29.27611],[-106.82662,29.27079],[-106.82453,29.26205],[-106.82664,29.26051],[-106.77981,29.26409],[-106.76495,29.21517],[-106.82253,29.21342],[-106.81918,29.14942],[-106.80847,29.14227],[-106.87775,29.08516],[-106.92209,29.12323],[-106.96047,29.11152],[-106.97099,29.12394],[-106.9896,29.12812],[-106.99089,29.12365],[-106.9992,29.12021],[-107.05852,29.15114],[-107.05781,29.19703],[-107.07094,29.19805],[-107.07439,29.1682],[-107.11429,29.15202],[-107.11586,29.14732],[-107.10959,29.14416],[-107.10559,29.13661],[-107.11531,29.11042],[-107.16081,29.10837],[-107.16192,29.11565],[-107.22384,29.11944],[-107.25814,29.07012],[-107.32235,29.08064],[-107.33243,29.0565],[-107.35645,29.06024],[-107.35699,29.05036],[-107.34883,29.03668],[-107.33618,29.024],[-107.33591,29.01626],[-107.34485,29.01761],[-107.346,29.0144],[-107.34009,29.01323],[-107.34426,28.99464],[-107.36471,28.99969],[-107.39091,28.99966],[-107.39419,29.00602],[-107.39813,29.00683],[-107.40051,29.00275],[-107.41284,28.9992],[-107.43095,28.99881],[-107.4349,28.97522],[-107.45755,28.97472],[-107.45731,28.94671],[-107.42818,28.94688],[-107.42005,28.91476],[-107.44861,28.91244],[-107.43996,28.88599],[-107.44159,28.88148],[-107.44755,28.88693],[-107.4468,28.88232],[-107.43389,28.86089],[-107.43224,28.84087],[-107.42446,28.83129],[-107.44098,28.82062],[-107.43198,28.8105],[-107.43148,28.80014],[-107.44305,28.79851],[-107.44801,28.79162],[-107.45597,28.79421],[-107.45292,28.78384],[-107.45834,28.76389],[-107.45402,28.75295],[-107.51918,28.76501],[-107.52474,28.78473],[-107.52378,28.80031],[-107.53969,28.80684],[-107.51844,28.85018],[-107.47415,28.87792],[-107.49322,28.9076],[-107.51603,28.90348],[-107.5442,28.89025],[-107.55354,28.89181],[-107.55358,28.8999],[-107.57044,28.89966],[-107.57215,28.916],[-107.58079,28.91095],[-107.59431,28.92729],[-107.57508,28.93655],[-107.57385,28.94248],[-107.59401,28.9514],[-107.56286,28.97611],[-107.57049,28.98547],[-107.58126,28.9915],[-107.58116,28.99967],[-107.57447,29.00306],[-107.57219,29.00924],[-107.57736,29.0168],[-107.57345,29.02802],[-107.57681,29.03838],[-107.57062,29.05336],[-107.58179,29.0552],[-107.58822,29.0707],[-107.61722,29.08212],[-107.63668,29.09722],[-107.6183,29.10809],[-107.61365,29.11622],[-107.61477,29.12451],[-107.59217,29.12768],[-107.61158,29.13124],[-107.57513,29.2957],[-107.57232,29.32063],[-107.5608,29.36327],[-107.58932,29.36688],[-107.5821,29.39621],[-107.58518,29.39934],[-107.56452,29.48335],[-107.53821,29.46502],[-107.52576,29.47028],[-107.51659,29.4839],[-107.50694,29.48296],[-107.48443,29.48853],[-107.45825,29.50427],[-107.44146,29.50937],[-107.41305,29.5135],[-107.3737,29.51459],[-107.35997,29.51208],[-107.36245,29.5193],[-107.35393,29.53293],[-107.35438,29.53685],[-107.3432,29.5428],[-107.34034,29.55026],[-107.33342,29.54459],[-107.33005,29.55051],[-107.31366,29.55529],[-107.29845,29.55513],[-107.27593,29.54817],[-107.23938,29.56347],[-107.2275,29.55719],[-107.20728,29.55744],[-107.19348,29.55307],[-107.19229,29.55774],[-107.18662,29.55312],[-107.08687,29.57287]]]}},{"type":"Feature","properties":{"code":"08024","stateCode":"08","municipalityCode":"024","name":"Santa Isabel"},"geometry":{"type":"Polygon","coordinates":[[[-106.37001,28.45099],[-106.36177,28.44992],[-106.34945,28.4409],[-106.33889,28.4259],[-106.33038,28.42655],[-106.32746,28.42983],[-106.31083,28.42443],[-106.29968,28.43106],[-106.2849,28.4162],[-106.26665,28.41412],[-106.24664,28.42456],[-106.23354,28.41786],[-106.21759,28.3939],[-106.2472,28.36936],[-106.23049,28.36675],[-106.20285,28.34016],[-106.20954,28.33584],[-106.21582,28.27873],[-106.22329,28.26559],[-106.21829,28.25593],[-106.21471,28.22142],[-106.22629,28.2218],[-106.22552,28.2189],[-106.23489,28.21601],[-106.23947,28.20959],[-106.23748,28.21897],[-106.24545,28.23033],[-106.24169,28.235],[-106.247,28.23618],[-106.25816,28.23147],[-106.25007,28.22311],[-106.25907,28.17585],[-106.25633,28.16126],[-106.29972,28.14301],[-106.29807,28.13651],[-106.3116,28.14439],[-106.34305,28.13593],[-106.34659,28.15213],[-106.31338,28.16262],[-106.32251,28.20029],[-106.36793,28.20771],[-106.41918,28.22234],[-106.43503,28.23141],[-106.43515,28.23744],[-106.43085,28.2371],[-106.43493,28.24425],[-106.43332,28.24962],[-106.43992,28.26338],[-106.43673,28.26611],[-106.44553,28.29215],[-106.46411,28.28427],[-106.47292,28.31475],[-106.48607,28.31701],[-106.48369,28.33106],[-106.49073,28.3361],[-106.5145,28.33868],[-106.51116,28.35137],[-106.48171,28.34316],[-106.47887,28.35976],[-106.50484,28.39046],[-106.52955,28.40514],[-106.54515,28.4185],[-106.5173,28.44384],[-106.50332,28.41846],[-106.47093,28.42398],[-106.47427,28.43731],[-106.43604,28.44913],[-106.41719,28.44915],[-106.41709,28.45706],[-106.40608,28.45867],[-106.40706,28.44916],[-106.40196,28.44916],[-106.37814,28.47496],[-106.37001,28.45099]]]}},{"type":"Feature","properties":{"code":"08064","stateCode":"08","municipalityCode":"064","name":"El Tule"},"geometry":{"type":"Polygon","coordinates":[[[-106.25911,27.16486],[-106.22012,27.1606],[-106.21414,27.1554],[-106.21511,27.15112],[-106.20714,27.15283],[-106.18741,27.14734],[-106.19646,27.14604],[-106.19752,27.14324],[-106.19068,27.1291],[-106.19002,27.11779],[-106.22691,27.11713],[-106.2322,27.05072],[-106.24215,27.03439],[-106.22338,26.99479],[-106.21036,26.97836],[-106.1867,26.98373],[-106.18188,26.96934],[-106.16328,26.98792],[-106.15089,26.96273],[-106.1388,26.95948],[-106.14401,26.94082],[-106.15099,26.93384],[-106.12047,26.92326],[-106.15029,26.88686],[-106.15558,26.8904],[-106.15631,26.86784],[-106.18786,26.87319],[-106.18658,26.89083],[-106.18983,26.89043],[-106.18969,26.8945],[-106.19369,26.89058],[-106.19847,26.89264],[-106.20019,26.8893],[-106.20499,26.89255],[-106.21547,26.88747],[-106.21663,26.89149],[-106.2319,26.89448],[-106.23616,26.89143],[-106.24965,26.89766],[-106.2462,26.90088],[-106.24925,26.9048],[-106.24515,26.90823],[-106.25035,26.91236],[-106.25198,26.90921],[-106.25352,26.91345],[-106.25867,26.91518],[-106.24977,26.92321],[-106.25397,26.92568],[-106.25456,26.93024],[-106.25815,26.92965],[-106.25821,26.93389],[-106.26161,26.93086],[-106.26765,26.94248],[-106.27189,26.94372],[-106.27441,26.95031],[-106.27755,26.94974],[-106.27865,26.95493],[-106.28286,26.95694],[-106.27961,26.96172],[-106.28238,26.97143],[-106.28543,26.97047],[-106.28397,26.97502],[-106.28907,26.97404],[-106.29155,26.98167],[-106.29694,26.98369],[-106.29928,26.98871],[-106.30306,26.98572],[-106.305,26.98969],[-106.30862,26.98744],[-106.30929,26.99235],[-106.31354,26.99091],[-106.31382,26.98712],[-106.32016,26.99213],[-106.32219,26.98707],[-106.32936,26.99169],[-106.32873,27.00016],[-106.33228,26.99377],[-106.33545,26.99561],[-106.33366,27.00757],[-106.34721,27.0231],[-106.34241,27.02556],[-106.34433,27.03132],[-106.34186,27.03731],[-106.33557,27.04161],[-106.32979,27.03859],[-106.32709,27.05677],[-106.33364,27.06432],[-106.34353,27.05733],[-106.38043,27.05582],[-106.38885,27.07586],[-106.40074,27.07214],[-106.40353,27.08083],[-106.41009,27.08668],[-106.43137,27.09222],[-106.44279,27.09187],[-106.45017,27.09719],[-106.45842,27.08388],[-106.46326,27.08816],[-106.47342,27.0853],[-106.47497,27.08059],[-106.4815,27.08802],[-106.49045,27.08092],[-106.49917,27.0822],[-106.49889,27.08899],[-106.52803,27.09352],[-106.53527,27.10389],[-106.52218,27.12985],[-106.52061,27.14072],[-106.50962,27.14258],[-106.49272,27.13303],[-106.49422,27.13547],[-106.48327,27.13373],[-106.48065,27.13798],[-106.46189,27.13531],[-106.45068,27.13771],[-106.44569,27.14329],[-106.43672,27.14284],[-106.43517,27.1455],[-106.42652,27.14342],[-106.4221,27.14943],[-106.41875,27.1476],[-106.40366,27.15554],[-106.38819,27.15818],[-106.37356,27.15454],[-106.37176,27.15089],[-106.36945,27.15324],[-106.36811,27.1508],[-106.36238,27.15319],[-106.34819,27.15139],[-106.34361,27.14593],[-106.33698,27.1464],[-106.31796,27.13483],[-106.3064,27.13489],[-106.30539,27.13067],[-106.29832,27.1277],[-106.29856,27.12416],[-106.29403,27.1257],[-106.28656,27.12283],[-106.26644,27.13564],[-106.28083,27.15875],[-106.26143,27.16091],[-106.25911,27.16486]]]}},{"type":"Feature","properties":{"code":"08050","stateCode":"08","municipalityCode":"050","name":"Nuevo Casas Grandes"},"geometry":{"type":"Polygon","coordinates":[[[-107.80172,30.85926],[-107.76626,30.81419],[-107.76026,30.81946],[-107.73476,30.82806],[-107.70616,30.82258],[-107.69537,30.82562],[-107.7041,30.80587],[-107.69722,30.80607],[-107.69076,30.79111],[-107.68152,30.78178],[-107.66667,30.77435],[-107.6291,30.76448],[-107.6348,30.72118],[-107.61595,30.71964],[-107.52548,30.78296],[-107.52554,30.75839],[-107.50794,30.75849],[-107.50799,30.68347],[-107.47651,30.68387],[-107.47817,30.67047],[-107.46389,30.64624],[-107.44074,30.64453],[-107.43746,30.6369],[-107.42979,30.63774],[-107.42681,30.63391],[-107.42601,30.62077],[-107.41964,30.61317],[-107.42746,30.59567],[-107.41597,30.5848],[-107.41684,30.57958],[-107.42085,30.57492],[-107.43176,30.5723],[-107.43348,30.56764],[-107.42961,30.56187],[-107.41174,30.55933],[-107.41389,30.48954],[-107.48533,30.48827],[-107.44905,30.45567],[-107.41899,30.41382],[-107.40605,30.33969],[-107.46024,30.33106],[-107.49591,30.36889],[-107.50797,30.37774],[-107.50796,30.42563],[-107.58432,30.44907],[-107.58218,30.37743],[-107.61749,30.37728],[-107.6187,30.36849],[-107.63896,30.36793],[-107.6463,30.37377],[-107.67474,30.37828],[-107.68376,30.387],[-107.69458,30.38381],[-107.6975,30.38008],[-107.71237,30.38136],[-107.72627,30.37588],[-107.74197,30.38115],[-107.7754,30.38301],[-107.77401,30.26339],[-107.7477,30.24091],[-107.72782,30.23007],[-107.73588,30.1759],[-107.76622,30.18403],[-107.78315,30.18374],[-107.79615,30.16916],[-107.81303,30.16424],[-107.82167,30.1569],[-107.82957,30.16124],[-107.83622,30.15369],[-107.8681,30.15947],[-107.87206,30.15606],[-107.95616,30.16372],[-107.9502,30.22515],[-107.98091,30.22628],[-107.98431,30.23252],[-107.99854,30.23251],[-107.99654,30.23979],[-107.99016,30.24515],[-107.97824,30.24841],[-107.96792,30.24563],[-107.9627,30.25024],[-107.96277,30.25967],[-107.95784,30.26505],[-107.96173,30.26845],[-107.95561,30.27423],[-107.95813,30.27861],[-107.95606,30.28879],[-107.95037,30.29869],[-107.94389,30.30142],[-107.94824,30.30621],[-107.94951,30.32584],[-107.94418,30.32611],[-107.9417,30.33267],[-107.93661,30.33434],[-107.93683,30.34051],[-107.929,30.3554],[-107.93007,30.36629],[-107.93841,30.37458],[-107.93583,30.37863],[-107.93991,30.38416],[-107.93612,30.39635],[-107.93886,30.40011],[-107.9386,30.41389],[-107.94436,30.41785],[-107.94011,30.42342],[-107.94374,30.4378],[-107.94195,30.44359],[-107.93396,30.44642],[-107.9375,30.45363],[-107.93048,30.45552],[-107.93151,30.459],[-107.9262,30.46149],[-107.92963,30.46593],[-107.92153,30.4702],[-107.9203,30.47459],[-107.92578,30.48001],[-107.92044,30.4869],[-107.92082,30.50104],[-107.91696,30.506],[-107.91909,30.50926],[-107.91473,30.51155],[-107.91788,30.52064],[-107.91068,30.52748],[-107.91416,30.54448],[-107.91054,30.54676],[-107.91629,30.54921],[-107.91293,30.55482],[-107.91538,30.55965],[-107.91207,30.5645],[-107.91186,30.57754],[-107.91425,30.5792],[-107.91231,30.58569],[-107.91804,30.58736],[-107.91203,30.59543],[-107.9161,30.60831],[-107.9199,30.60832],[-107.91943,30.61887],[-107.92312,30.62925],[-107.92112,30.62952],[-107.92727,30.64013],[-107.92673,30.64532],[-107.92958,30.64589],[-107.93018,30.65285],[-107.93498,30.65706],[-107.94052,30.67396],[-107.94404,30.67437],[-107.94306,30.67815],[-107.94846,30.6777],[-107.94803,30.68788],[-107.95252,30.69145],[-107.9478,30.69418],[-107.9507,30.70065],[-107.94712,30.70254],[-107.94955,30.70488],[-107.94591,30.70962],[-107.94718,30.71605],[-107.95487,30.72055],[-107.95144,30.72537],[-107.95984,30.72662],[-107.97526,30.76714],[-107.97181,30.76984],[-107.98011,30.7751],[-107.97853,30.78268],[-107.9829,30.79473],[-107.98128,30.80502],[-107.98373,30.81153],[-107.91226,30.84471],[-107.92101,30.81385],[-107.92907,30.80512],[-107.80172,30.85926]]]}},{"type":"Feature","properties":{"code":"08026","stateCode":"08","municipalityCode":"026","name":"Gran Morelos"},"geometry":{"type":"Polygon","coordinates":[[[-106.62574,28.42963],[-106.55454,28.41527],[-106.54515,28.4185],[-106.52955,28.40514],[-106.50484,28.39046],[-106.47887,28.35976],[-106.48171,28.34316],[-106.51116,28.35137],[-106.5145,28.33868],[-106.49073,28.3361],[-106.48369,28.33106],[-106.48607,28.31701],[-106.47292,28.31475],[-106.46411,28.28427],[-106.44553,28.29215],[-106.43673,28.26611],[-106.43992,28.26338],[-106.43332,28.24962],[-106.43493,28.24425],[-106.43085,28.2371],[-106.43515,28.23744],[-106.43533,28.22276],[-106.43847,28.21559],[-106.44949,28.20583],[-106.45439,28.18217],[-106.49645,28.18938],[-106.51528,28.20158],[-106.51898,28.21327],[-106.52477,28.19659],[-106.53331,28.19838],[-106.5357,28.18553],[-106.55276,28.18937],[-106.57154,28.17841],[-106.60407,28.18935],[-106.60361,28.19994],[-106.65139,28.19985],[-106.654,28.22013],[-106.63425,28.22339],[-106.63263,28.2328],[-106.65082,28.23366],[-106.61932,28.26906],[-106.60956,28.26619],[-106.60772,28.27401],[-106.63696,28.28168],[-106.69691,28.28962],[-106.70023,28.27603],[-106.71072,28.27661],[-106.71139,28.26635],[-106.71722,28.27257],[-106.72039,28.28323],[-106.71855,28.29249],[-106.73257,28.29004],[-106.74765,28.29715],[-106.7421,28.31683],[-106.69768,28.31792],[-106.70014,28.32497],[-106.71137,28.33742],[-106.71531,28.33722],[-106.7166,28.34362],[-106.6877,28.35711],[-106.68167,28.34092],[-106.68893,28.32775],[-106.68464,28.32358],[-106.66296,28.31963],[-106.65541,28.35219],[-106.65165,28.35257],[-106.65642,28.37403],[-106.66009,28.37669],[-106.65255,28.38818],[-106.65243,28.3951],[-106.65975,28.40373],[-106.66213,28.41753],[-106.65321,28.42442],[-106.63342,28.42035],[-106.63387,28.42686],[-106.62948,28.4249],[-106.62574,28.42963]]]}},{"type":"Feature","properties":{"code":"08027","stateCode":"08","municipalityCode":"027","name":"Guachochi"},"geometry":{"type":"Polygon","coordinates":[[[-107.59764,27.68233],[-107.50601,27.64139],[-107.37806,27.52527],[-107.34362,27.60089],[-107.33969,27.59867],[-107.33791,27.60614],[-107.33096,27.60679],[-107.32941,27.60188],[-107.3243,27.60414],[-107.32559,27.5973],[-107.32143,27.59478],[-107.32008,27.60653],[-107.31148,27.60017],[-107.31122,27.60718],[-107.30741,27.60259],[-107.30163,27.60679],[-107.29675,27.60353],[-107.2954,27.60915],[-107.28653,27.60696],[-107.28507,27.6128],[-107.28801,27.61582],[-107.2842,27.61805],[-107.2814,27.61191],[-107.26453,27.60449],[-107.2613,27.60514],[-107.26358,27.60903],[-107.25845,27.61418],[-107.25496,27.60876],[-107.25624,27.60245],[-107.25308,27.60009],[-107.25166,27.60424],[-107.24633,27.60452],[-107.24786,27.59795],[-107.24566,27.59592],[-107.24049,27.60454],[-107.22896,27.60198],[-107.22812,27.61041],[-107.22381,27.60796],[-107.22223,27.59969],[-107.2206,27.60381],[-107.20052,27.61202],[-107.20037,27.61635],[-107.19752,27.61192],[-107.20478,27.60378],[-107.19831,27.60313],[-107.19427,27.60884],[-107.18684,27.60873],[-107.1862,27.60003],[-107.18289,27.60135],[-107.18455,27.60475],[-107.18123,27.61405],[-107.18542,27.61871],[-107.18136,27.62233],[-107.17704,27.61927],[-107.17723,27.61402],[-107.17169,27.61275],[-107.17313,27.60845],[-107.16842,27.6046],[-107.16838,27.60023],[-107.16511,27.59963],[-107.16338,27.61076],[-107.16625,27.61369],[-107.16049,27.61728],[-107.1637,27.62556],[-107.15575,27.6252],[-107.15983,27.62892],[-107.15793,27.63174],[-107.1526,27.62641],[-107.1454,27.62617],[-107.14137,27.63156],[-107.14378,27.63781],[-107.13931,27.63495],[-107.13577,27.64057],[-107.13242,27.63825],[-107.13429,27.63296],[-107.13047,27.63704],[-107.12354,27.63594],[-107.12002,27.63189],[-107.1233,27.62763],[-107.11835,27.62822],[-107.12344,27.62554],[-107.12206,27.61913],[-107.12657,27.61615],[-107.12164,27.61715],[-107.1235,27.6147],[-107.1198,27.60994],[-107.1306,27.61203],[-107.12612,27.60571],[-107.12886,27.57049],[-107.11668,27.57177],[-107.10376,27.55747],[-107.097,27.5541],[-107.0946,27.54768],[-107.08295,27.54458],[-107.07661,27.53419],[-107.06715,27.52879],[-107.04833,27.52888],[-107.04805,27.51903],[-107.04313,27.51866],[-107.0341,27.50263],[-107.00273,27.5137],[-106.99842,27.51944],[-106.99257,27.54168],[-106.98827,27.54055],[-106.98945,27.52576],[-106.98027,27.50596],[-106.9792,27.49119],[-106.96265,27.4646],[-106.97058,27.45577],[-106.96869,27.44284],[-106.97252,27.42709],[-106.9688,27.42466],[-106.94592,27.4292],[-106.94095,27.40558],[-106.93354,27.40507],[-106.94327,27.39371],[-106.97909,27.38689],[-106.97755,27.38112],[-106.97601,27.37725],[-106.9325,27.36532],[-106.90756,27.35144],[-106.89073,27.33123],[-106.87275,27.28875],[-106.86162,27.20939],[-106.88052,27.20462],[-106.88054,27.20152],[-106.85279,27.19504],[-106.85653,27.18346],[-106.8504,27.17327],[-106.85488,27.17066],[-106.85784,27.17297],[-106.8637,27.16447],[-106.87697,27.15734],[-106.8812,27.1364],[-106.87662,27.12752],[-106.87854,27.11904],[-106.88933,27.11401],[-106.88893,27.11072],[-106.9065,27.1121],[-106.9163,27.10846],[-106.91485,27.09599],[-106.92114,27.09235],[-106.89209,27.08782],[-106.89234,27.08432],[-106.88357,27.07412],[-106.86911,27.06263],[-106.87044,27.05638],[-106.86679,27.05277],[-106.87104,27.03727],[-106.863,27.03087],[-106.87761,27.03019],[-106.8851,27.0257],[-106.88651,27.02106],[-106.88895,27.02363],[-106.89647,27.02078],[-106.8806,26.99355],[-106.8853,26.98649],[-106.89937,26.98459],[-106.90688,26.96914],[-106.90004,26.961],[-106.89693,26.96162],[-106.89671,26.9556],[-106.89183,26.95403],[-106.88709,26.93977],[-106.89165,26.9242],[-106.8985,26.92131],[-106.83019,26.84583],[-106.83994,26.83353],[-106.83772,26.81273],[-106.84222,26.81041],[-106.84631,26.79775],[-106.84836,26.77641],[-106.85382,26.77037],[-106.85089,26.76615],[-106.85378,26.75532],[-106.84598,26.73519],[-106.83744,26.73468],[-106.83214,26.72767],[-106.82082,26.69426],[-106.82579,26.683],[-106.83374,26.68548],[-106.83294,26.6803],[-106.83663,26.67749],[-106.8386,26.66833],[-106.84179,26.66911],[-106.84843,26.66383],[-106.85228,26.6653],[-106.85333,26.66231],[-106.86453,26.66892],[-106.87335,26.66196],[-106.87264,26.65589],[-106.89103,26.64967],[-106.89712,26.64058],[-106.902,26.64463],[-106.90463,26.6433],[-106.90348,26.63285],[-106.89988,26.62992],[-106.9036,26.62685],[-106.89836,26.61174],[-106.90626,26.60717],[-106.90864,26.61241],[-106.91805,26.61167],[-106.92527,26.62623],[-106.94479,26.62677],[-106.95441,26.63603],[-106.95435,26.64218],[-106.98023,26.66224],[-107.0123,26.6688],[-107.02222,26.66453],[-107.03604,26.66408],[-107.04244,26.6716],[-107.06504,26.66606],[-107.07346,26.67066],[-107.08251,26.666],[-107.09705,26.67047],[-107.10815,26.6637],[-107.11293,26.65558],[-107.12775,26.65444],[-107.13312,26.6452],[-107.14506,26.6426],[-107.15618,26.64576],[-107.16071,26.63716],[-107.1706,26.63993],[-107.17525,26.63556],[-107.18275,26.64157],[-107.20966,26.63725],[-107.21356,26.64563],[-107.217,26.64629],[-107.22048,26.64305],[-107.21737,26.63412],[-107.22617,26.62242],[-107.23337,26.62665],[-107.24356,26.62257],[-107.2551,26.62634],[-107.2669,26.63752],[-107.27298,26.6364],[-107.28562,26.64407],[-107.28673,26.65152],[-107.29411,26.65173],[-107.30458,26.66379],[-107.3138,26.66576],[-107.31669,26.67406],[-107.32489,26.67801],[-107.3357,26.67425],[-107.35286,26.67716],[-107.36667,26.68878],[-107.37432,26.67921],[-107.38475,26.67933],[-107.39205,26.69785],[-107.39931,26.69882],[-107.40647,26.7068],[-107.46147,26.72021],[-107.46924,26.71948],[-107.46825,26.71185],[-107.47779,26.71562],[-107.48625,26.71335],[-107.49343,26.72141],[-107.49299,26.71354],[-107.49729,26.70818],[-107.51099,26.71444],[-107.52268,26.72675],[-107.53425,26.72884],[-107.53576,26.73602],[-107.54887,26.73984],[-107.55696,26.73524],[-107.56297,26.74406],[-107.57813,26.74302],[-107.5809,26.75796],[-107.57457,26.75982],[-107.57495,26.7667],[-107.56819,26.77859],[-107.57062,26.78049],[-107.568,26.78516],[-107.57154,26.78943],[-107.55676,26.80787],[-107.56069,26.81582],[-107.55618,26.82069],[-107.55734,26.82793],[-107.55417,26.83004],[-107.56023,26.8357],[-107.55714,26.84713],[-107.54239,26.85073],[-107.53703,26.86498],[-107.50687,26.87714],[-107.47275,26.88299],[-107.34608,26.95231],[-107.43389,27.06452],[-107.40994,27.06354],[-107.4193,27.06901],[-107.42043,27.07635],[-107.4361,27.09211],[-107.44151,27.11142],[-107.45209,27.11296],[-107.46186,27.12033],[-107.47144,27.11567],[-107.47701,27.12598],[-107.48262,27.1172],[-107.48593,27.11946],[-107.48558,27.12384],[-107.4921,27.11926],[-107.49861,27.12252],[-107.50282,27.11852],[-107.5075,27.13139],[-107.51183,27.13195],[-107.51243,27.13524],[-107.52609,27.13654],[-107.52782,27.14428],[-107.55221,27.14664],[-107.62281,27.26766],[-107.63652,27.3413],[-107.71567,27.28836],[-107.72112,27.29146],[-107.73222,27.29025],[-107.74281,27.29948],[-107.74924,27.29914],[-107.75073,27.30479],[-107.75694,27.3083],[-107.76616,27.30264],[-107.7768,27.30697],[-107.78879,27.30597],[-107.80837,27.31098],[-107.83462,27.30424],[-107.7766,27.33265],[-107.73573,27.34672],[-107.71927,27.38971],[-107.71068,27.44608],[-107.65547,27.47782],[-107.66562,27.48427],[-107.67385,27.48231],[-107.68188,27.48925],[-107.68693,27.48732],[-107.71174,27.50922],[-107.7202,27.50853],[-107.72187,27.5138],[-107.74593,27.52023],[-107.7481,27.52632],[-107.74548,27.52897],[-107.75381,27.5324],[-107.74977,27.53416],[-107.74413,27.54514],[-107.74622,27.55421],[-107.74231,27.55356],[-107.73758,27.55914],[-107.73184,27.57266],[-107.71599,27.58112],[-107.7077,27.59295],[-107.69816,27.59341],[-107.69217,27.59712],[-107.68728,27.60574],[-107.68217,27.60767],[-107.68065,27.61611],[-107.66877,27.62058],[-107.66083,27.63362],[-107.65595,27.63767],[-107.65196,27.63659],[-107.64738,27.644],[-107.64034,27.64587],[-107.62592,27.66995],[-107.62362,27.66807],[-107.6185,27.67351],[-107.60766,27.6685],[-107.59764,27.68233]]]}},{"type":"Feature","properties":{"code":"08028","stateCode":"08","municipalityCode":"028","name":"Guadalupe"},"geometry":{"type":"Polygon","coordinates":[[[-106.18215,31.4579],[-106.17054,31.4521],[-106.15635,31.43697],[-106.13242,31.42518],[-106.10683,31.42178],[-106.0802,31.3986],[-106.02035,31.39379],[-106.02485,31.37622],[-106.02736,31.37683],[-106.02492,31.37413],[-106.02525,31.35433],[-106.03087,31.29915],[-105.99063,31.27814],[-105.9966,31.25343],[-106.03593,31.2319],[-106.00744,31.18051],[-105.99105,31.1849],[-105.97853,31.17046],[-105.96981,31.16542],[-105.96048,31.16681],[-105.93889,31.1592],[-105.93164,31.16355],[-105.91926,31.14658],[-105.83886,31.10373],[-105.82868,31.117],[-105.80689,31.10757],[-105.82567,31.20278],[-105.80849,31.21885],[-105.79376,31.20203],[-105.78291,31.19765],[-105.78035,31.18298],[-105.77117,31.16522],[-105.7419,31.16471],[-105.72035,31.14975],[-105.71705,31.1412],[-105.70932,31.13629],[-105.64828,31.11539],[-105.64233,31.0985],[-105.62704,31.0982],[-105.6056,31.0846],[-105.59564,31.06466],[-105.58557,31.05725],[-105.57894,31.02124],[-105.56967,31.017],[-105.5704,31.0087],[-105.55759,30.99005],[-105.54322,30.98479],[-105.53296,30.98464],[-105.52215,30.9762],[-105.51633,30.96546],[-105.50285,30.96801],[-105.49458,30.95756],[-105.4993,30.95079],[-105.48988,30.94568],[-105.48847,30.94326],[-105.49153,30.9423],[-105.48249,30.94092],[-105.47644,30.93433],[-105.4711,30.93369],[-105.46719,30.92479],[-105.45186,30.92441],[-105.45318,30.91615],[-105.44714,30.91936],[-105.44157,30.90841],[-105.43029,30.90566],[-105.42538,30.90087],[-105.41621,30.90029],[-105.41085,30.8921],[-105.41237,30.88887],[-105.40412,30.89214],[-105.4001,30.88938],[-105.39944,30.88434],[-105.40447,30.88015],[-105.39166,30.87423],[-105.39521,30.87141],[-105.39499,30.85879],[-105.39984,30.85766],[-105.40119,30.85319],[-105.39624,30.85049],[-105.38769,30.85368],[-105.36902,30.84738],[-105.36186,30.85061],[-105.35354,30.84227],[-105.35194,30.83558],[-105.34584,30.84054],[-105.3391,30.84026],[-105.3371,30.83365],[-105.32817,30.83107],[-105.32958,30.8255],[-105.31863,30.8283],[-105.31635,30.81861],[-105.3189,30.81322],[-105.31651,30.81088],[-105.30976,30.81693],[-105.30887,30.81063],[-105.30616,30.80975],[-105.30098,30.82395],[-105.29116,30.82583],[-105.28906,30.8191],[-105.27995,30.81616],[-105.27581,30.80712],[-105.26741,30.80858],[-105.26492,30.80165],[-105.25636,30.79442],[-105.23757,30.80351],[-105.22958,30.80369],[-105.2274,30.79926],[-105.21555,30.8059],[-105.21071,30.79862],[-105.21147,30.7943],[-105.21739,30.79341],[-105.22005,30.78865],[-105.21682,30.78354],[-105.20856,30.78267],[-105.19556,30.79225],[-105.18601,30.78449],[-105.18498,30.77726],[-105.17555,30.76758],[-105.16591,30.77954],[-105.16358,30.77118],[-105.15624,30.76945],[-105.16169,30.75242],[-105.15162,30.75124],[-105.1428,30.75463],[-105.12674,30.74761],[-105.11859,30.74959],[-105.12084,30.74418],[-105.11701,30.74278],[-105.1141,30.74581],[-105.11114,30.74333],[-105.11203,30.73341],[-105.10343,30.72883],[-105.10561,30.72367],[-105.10051,30.72216],[-105.09847,30.71654],[-105.08778,30.71538],[-105.08747,30.71002],[-105.08058,30.70793],[-105.07935,30.70407],[-105.08258,30.70139],[-105.07827,30.69959],[-105.0689,30.70349],[-105.06269,30.69818],[-105.06194,30.68582],[-105.05725,30.68775],[-105.05462,30.68205],[-105.0469,30.67987],[-105.04474,30.68355],[-105.04712,30.68817],[-105.03954,30.68853],[-105.02724,30.67885],[-105.01859,30.68469],[-105.01361,30.68222],[-105.0069,30.68578],[-105.00219,30.68071],[-105.00141,30.67261],[-104.98539,30.66176],[-104.98418,30.63516],[-104.97316,30.61145],[-104.967,30.60788],[-104.95891,30.6103],[-104.95146,30.60432],[-104.94421,30.60292],[-104.9357,30.60611],[-104.93449,30.5999],[-104.93051,30.59845],[-104.92698,30.60456],[-104.92236,30.60353],[-104.92147,30.59773],[-104.91854,30.59664],[-104.91982,30.58688],[-104.90977,30.58493],[-104.9065,30.57668],[-104.89916,30.57051],[-104.89516,30.5601],[-104.89774,30.5541],[-104.89264,30.55248],[-104.89,30.54583],[-104.88764,30.54662],[-104.89079,30.53987],[-104.88918,30.53497],[-104.88029,30.52985],[-104.88139,30.5235],[-104.8858,30.52426],[-104.88139,30.52014],[-104.88568,30.51808],[-104.87913,30.51745],[-104.8766,30.51065],[-104.87329,30.5136],[-104.8739,30.49541],[-104.86649,30.49403],[-104.86708,30.48553],[-104.87185,30.48003],[-104.86863,30.47264],[-104.93399,30.46752],[-104.95826,30.47869],[-104.97968,30.50718],[-105.10222,30.50856],[-105.09288,30.48415],[-105.17139,30.48483],[-105.16671,30.38296],[-105.20858,30.38295],[-105.2085,30.35445],[-105.2608,30.35571],[-105.26172,30.42825],[-105.31417,30.42867],[-105.3143,30.37764],[-105.3677,30.37768],[-105.35177,30.32941],[-105.49296,30.33054],[-105.48403,30.29331],[-105.52159,30.2928],[-105.51937,30.32507],[-105.56307,30.33769],[-105.56966,30.34487],[-105.57518,30.36888],[-105.60718,30.39318],[-105.59806,30.41728],[-105.60448,30.43491],[-105.59341,30.47077],[-105.59652,30.49725],[-105.61682,30.50506],[-105.68592,30.50516],[-105.68484,30.64196],[-105.71471,30.65506],[-105.72833,30.65669],[-105.70993,30.77046],[-105.74123,30.78681],[-105.76328,30.7942],[-105.76556,30.7992],[-105.76258,30.80559],[-105.76662,30.81157],[-105.79678,30.83574],[-105.81968,30.84655],[-105.8768,30.84667],[-105.88197,30.84238],[-105.88098,30.81962],[-106.05361,30.81975],[-106.05435,30.89634],[-106.02887,30.89674],[-106.03003,30.90502],[-106.03681,30.90651],[-106.07209,30.89592],[-106.07503,30.89896],[-106.08531,30.92278],[-106.09157,30.92924],[-106.09119,30.98512],[-106.13245,30.98519],[-106.13326,30.95639],[-106.19368,30.95294],[-106.19433,30.99868],[-106.17833,31.00045],[-106.19365,31.00507],[-106.18491,31.00835],[-106.19354,31.01163],[-106.19343,31.01885],[-106.21345,31.02632],[-106.23218,31.02554],[-106.25174,31.0313],[-106.25309,31.03407],[-106.27276,31.03752],[-106.27933,31.04723],[-106.28295,31.06292],[-106.27496,31.08754],[-106.2903,31.09282],[-106.29852,31.09088],[-106.30491,31.15125],[-106.3103,31.15371],[-106.26426,31.17659],[-106.26462,31.25459],[-106.27174,31.24522],[-106.28041,31.25398],[-106.28038,31.27201],[-106.26358,31.27306],[-106.26613,31.31816],[-106.25501,31.31764],[-106.25518,31.32308],[-106.26651,31.32271],[-106.27012,31.37064],[-106.28099,31.37121],[-106.25954,31.43393],[-106.23487,31.41016],[-106.22229,31.41649],[-106.19844,31.44315],[-106.18208,31.45184],[-106.18215,31.4579]]]}},{"type":"Feature","properties":{"code":"08030","stateCode":"08","municipalityCode":"030","name":"Guazapares"},"geometry":{"type":"Polygon","coordinates":[[[-108.09379,27.72145],[-108.08903,27.71616],[-108.0937,27.70554],[-108.07526,27.67345],[-108.07942,27.64806],[-108.07172,27.64626],[-108.06513,27.63464],[-108.03639,27.62723],[-108.03814,27.6192],[-108.03307,27.61447],[-108.03133,27.61631],[-108.02789,27.61074],[-108.02781,27.60641],[-108.03946,27.60344],[-108.05414,27.58689],[-108.05142,27.5833],[-108.04783,27.58628],[-108.04481,27.58365],[-108.05066,27.5715],[-108.05023,27.55222],[-108.05761,27.54549],[-108.05542,27.53875],[-108.0656,27.5143],[-108.06877,27.49284],[-108.08388,27.48022],[-108.06985,27.46964],[-108.07087,27.46153],[-108.07869,27.46228],[-108.09548,27.45435],[-108.10307,27.44509],[-108.09838,27.44273],[-108.08571,27.44911],[-108.08003,27.4454],[-108.08886,27.42776],[-108.07958,27.41826],[-108.08016,27.40298],[-108.07172,27.40089],[-108.07195,27.39648],[-108.06872,27.39862],[-108.06944,27.39266],[-108.07306,27.3923],[-108.0696,27.38846],[-108.07214,27.3854],[-108.06884,27.3864],[-108.06675,27.38329],[-108.06954,27.36945],[-108.06689,27.3661],[-108.07333,27.36107],[-108.0722,27.35722],[-108.08705,27.35206],[-108.0937,27.35395],[-108.11751,27.34799],[-108.11928,27.34458],[-108.1316,27.33998],[-108.13034,27.33196],[-108.18303,27.34776],[-108.19168,27.3402],[-108.19189,27.33162],[-108.20101,27.315],[-108.19669,27.30868],[-108.23885,27.2826],[-108.25285,27.26991],[-108.22657,27.25838],[-108.22288,27.24207],[-108.23139,27.22354],[-108.24878,27.23343],[-108.23951,27.19921],[-108.24835,27.1892],[-108.25287,27.16233],[-108.25715,27.16055],[-108.21794,27.09909],[-108.26439,27.08285],[-108.28452,27.06067],[-108.34011,27.03997],[-108.35386,27.07518],[-108.40715,27.04323],[-108.42118,27.0212],[-108.4431,27.0295],[-108.45479,27.02704],[-108.46431,27.0401],[-108.47014,27.03466],[-108.46445,27.05114],[-108.47651,27.0558],[-108.47284,27.06178],[-108.47717,27.07153],[-108.47162,27.08082],[-108.47417,27.09136],[-108.49509,27.11048],[-108.49016,27.12915],[-108.49487,27.13541],[-108.49338,27.14866],[-108.48915,27.1617],[-108.48047,27.16308],[-108.47735,27.16877],[-108.47811,27.17504],[-108.48478,27.18235],[-108.47819,27.1949],[-108.46819,27.19886],[-108.46596,27.20854],[-108.47062,27.21711],[-108.46617,27.22015],[-108.46143,27.21604],[-108.45086,27.21574],[-108.44406,27.23401],[-108.44657,27.23634],[-108.43824,27.23853],[-108.42826,27.23016],[-108.41748,27.23214],[-108.40834,27.22494],[-108.39561,27.22874],[-108.38999,27.23383],[-108.38765,27.24814],[-108.38245,27.24844],[-108.38407,27.25199],[-108.3769,27.2596],[-108.36582,27.26134],[-108.36557,27.2677],[-108.36217,27.26707],[-108.36659,27.26954],[-108.36195,27.27009],[-108.3618,27.27708],[-108.3545,27.28089],[-108.35235,27.28612],[-108.34542,27.28416],[-108.34418,27.28814],[-108.34048,27.28868],[-108.34223,27.2929],[-108.33847,27.29485],[-108.34189,27.29861],[-108.33983,27.30225],[-108.34221,27.31184],[-108.3619,27.34164],[-108.35288,27.36148],[-108.35748,27.37075],[-108.3518,27.37571],[-108.36151,27.38503],[-108.36515,27.39912],[-108.36067,27.41101],[-108.36413,27.41798],[-108.37414,27.41529],[-108.38808,27.40055],[-108.39699,27.40455],[-108.40895,27.40195],[-108.41098,27.41082],[-108.44825,27.43301],[-108.45364,27.44765],[-108.44906,27.45957],[-108.4529,27.46379],[-108.46043,27.46299],[-108.46388,27.46704],[-108.46591,27.47992],[-108.47111,27.48195],[-108.46702,27.48996],[-108.46748,27.50631],[-108.47376,27.51647],[-108.47219,27.52362],[-108.47723,27.52295],[-108.47885,27.52598],[-108.46748,27.53462],[-108.46889,27.54038],[-108.45761,27.55677],[-108.46261,27.56898],[-108.4531,27.56935],[-108.45165,27.57572],[-108.44608,27.57694],[-108.44185,27.58373],[-108.37204,27.55753],[-108.29152,27.64165],[-108.26844,27.69384],[-108.12107,27.59399],[-108.13127,27.62391],[-108.17791,27.68252],[-108.09379,27.72145]]]}},{"type":"Feature","properties":{"code":"08033","stateCode":"08","municipalityCode":"033","name":"Huejotitán"},"geometry":{"type":"Polygon","coordinates":[[[-106.1174,27.28273],[-106.10872,27.27986],[-106.1087,27.2689],[-106.10165,27.26272],[-106.08954,27.26152],[-106.08997,27.27253],[-106.08199,27.26911],[-106.06973,27.26963],[-106.05883,27.2631],[-106.05505,27.25493],[-106.04815,27.24928],[-106.0385,27.24843],[-106.03615,27.24311],[-106.01881,27.23158],[-106.0074,27.24069],[-106.00353,27.23813],[-105.97954,27.24088],[-105.95788,27.23302],[-105.94824,27.23694],[-105.92627,27.22448],[-105.91799,27.21534],[-105.91924,27.20745],[-105.91585,27.20076],[-105.92195,27.20067],[-105.92594,27.19381],[-105.93425,27.19128],[-105.94067,27.1793],[-105.95649,27.18077],[-105.96347,27.12968],[-105.97618,27.12403],[-105.97824,27.11809],[-105.97026,27.10847],[-105.96317,27.10597],[-105.95948,27.09771],[-105.95523,27.09541],[-105.95187,27.09851],[-105.94765,27.08733],[-105.95007,27.07913],[-105.94741,27.0777],[-105.95187,27.06174],[-105.93474,27.05997],[-105.93346,27.05591],[-105.94233,27.05382],[-105.94805,27.04534],[-105.94554,27.04232],[-105.94775,27.03522],[-105.94317,27.03372],[-105.94333,27.02556],[-105.9398,27.02511],[-105.94703,27.01854],[-105.94883,27.01192],[-105.93504,26.99271],[-105.94292,26.98621],[-105.94258,26.98264],[-105.94853,26.98407],[-105.95446,26.9769],[-105.95408,26.97259],[-105.96038,26.96729],[-105.95721,26.96122],[-105.96624,26.9556],[-105.96632,26.94829],[-105.98077,26.92745],[-105.9827,26.92857],[-105.99141,26.91217],[-106.00006,26.87069],[-106.01614,26.8608],[-106.05732,26.86925],[-106.06133,26.88257],[-106.09366,26.93087],[-106.12047,26.92326],[-106.15099,26.93384],[-106.14401,26.94082],[-106.1388,26.95948],[-106.15089,26.96273],[-106.16328,26.98792],[-106.18188,26.96934],[-106.1867,26.98373],[-106.21036,26.97836],[-106.22338,26.99479],[-106.24215,27.03439],[-106.2322,27.05072],[-106.22691,27.11713],[-106.19002,27.11779],[-106.19068,27.1291],[-106.19677,27.14585],[-106.18099,27.14962],[-106.1711,27.14571],[-106.17008,27.14009],[-106.16304,27.1406],[-106.15972,27.14993],[-106.14661,27.15064],[-106.14559,27.15377],[-106.13806,27.15652],[-106.13789,27.16067],[-106.1297,27.16164],[-106.12658,27.17088],[-106.1082,27.17317],[-106.11138,27.1774],[-106.09701,27.1826],[-106.09693,27.19407],[-106.10874,27.21452],[-106.10994,27.22819],[-106.11766,27.23322],[-106.10931,27.23985],[-106.11667,27.25007],[-106.10971,27.25568],[-106.11272,27.26681],[-106.12273,27.27348],[-106.1174,27.28273]]]}},{"type":"Feature","properties":{"code":"08034","stateCode":"08","municipalityCode":"034","name":"Ignacio Zaragoza"},"geometry":{"type":"Polygon","coordinates":[[[-107.88531,30.05067],[-107.87237,30.03878],[-107.85687,30.03272],[-107.84622,30.03598],[-107.84434,30.03098],[-107.83725,30.02847],[-107.83222,30.03327],[-107.82564,30.0286],[-107.81577,30.03271],[-107.80453,30.02991],[-107.79441,30.0312],[-107.79213,29.96064],[-107.64758,29.96018],[-107.63391,29.95305],[-107.62819,29.945],[-107.60671,29.92979],[-107.61551,29.92746],[-107.61148,29.91897],[-107.597,29.92278],[-107.57646,29.90948],[-107.57424,29.89061],[-107.55351,29.8736],[-107.54699,29.87216],[-107.5301,29.87784],[-107.52177,29.86674],[-107.49809,29.85182],[-107.48781,29.8393],[-107.49149,29.83591],[-107.50979,29.78208],[-107.52568,29.77482],[-107.52613,29.77167],[-107.45182,29.79664],[-107.44644,29.78652],[-107.44433,29.76628],[-107.43918,29.76182],[-107.43892,29.75554],[-107.44614,29.74932],[-107.43926,29.74121],[-107.43976,29.73602],[-107.43383,29.72768],[-107.42634,29.72372],[-107.42174,29.70874],[-107.41516,29.71057],[-107.40823,29.70808],[-107.41994,29.69603],[-107.41905,29.68633],[-107.4092,29.67653],[-107.41462,29.67194],[-107.41494,29.66354],[-107.42311,29.64752],[-107.40449,29.65375],[-107.39263,29.6619],[-107.36814,29.66363],[-107.39012,29.6528],[-107.38785,29.63925],[-107.38427,29.63525],[-107.38512,29.62183],[-107.38145,29.61953],[-107.38497,29.6149],[-107.38249,29.60987],[-107.38566,29.60839],[-107.38109,29.60399],[-107.38095,29.59303],[-107.38453,29.59015],[-107.38076,29.58794],[-107.38594,29.58672],[-107.38841,29.57062],[-107.3986,29.56675],[-107.39741,29.5576],[-107.40152,29.55621],[-107.40407,29.54875],[-107.39246,29.53968],[-107.39564,29.53433],[-107.39353,29.52488],[-107.39924,29.52342],[-107.40091,29.51232],[-107.42643,29.51242],[-107.45466,29.50578],[-107.48443,29.48853],[-107.50694,29.48296],[-107.51659,29.4839],[-107.52576,29.47028],[-107.53821,29.46502],[-107.56452,29.48335],[-107.58042,29.41922],[-107.60165,29.41353],[-107.71227,29.44598],[-107.72176,29.48137],[-107.77194,29.48292],[-107.76765,29.47776],[-107.77301,29.4706],[-107.77722,29.47525],[-107.77921,29.48548],[-107.78547,29.47865],[-107.78257,29.48347],[-107.78501,29.48798],[-107.79062,29.4838],[-107.78792,29.48646],[-107.78938,29.49357],[-107.78595,29.49421],[-107.78624,29.49521],[-107.78976,29.49494],[-107.79947,29.50558],[-107.80315,29.51482],[-107.81409,29.52898],[-107.81889,29.53082],[-107.82079,29.53682],[-107.82763,29.52776],[-107.83418,29.53265],[-107.83422,29.53028],[-107.84698,29.52478],[-107.85948,29.50816],[-107.87107,29.50846],[-107.88277,29.51769],[-107.89257,29.51567],[-107.89277,29.50825],[-107.90396,29.50216],[-107.89583,29.48963],[-107.91974,29.49407],[-107.92669,29.55056],[-107.93544,29.55557],[-107.95824,29.55549],[-107.95559,29.61896],[-107.94872,29.66093],[-107.94072,29.68056],[-107.9517,29.67554],[-107.96751,29.67837],[-107.98523,29.67283],[-107.99341,29.67406],[-108.00525,29.69116],[-108.02441,29.70522],[-108.02285,29.77825],[-108.02635,29.77873],[-108.02727,29.78732],[-108.01906,29.80109],[-108.02388,29.8247],[-108.01693,29.83698],[-108.01832,29.84047],[-108.01429,29.84131],[-108.0031,29.86432],[-107.99996,29.86509],[-107.99824,29.88079],[-108.00421,29.8856],[-107.99653,29.88752],[-107.99907,29.89241],[-107.99467,29.89765],[-108.00332,29.90296],[-107.99792,29.90558],[-108.00201,29.91434],[-107.99137,29.91142],[-107.98553,29.915],[-107.9889,29.92508],[-107.98645,29.92758],[-107.99576,29.93124],[-107.98879,29.93801],[-107.99481,29.94826],[-107.98878,29.95031],[-107.9923,29.96086],[-107.99622,29.96298],[-107.99318,29.96484],[-107.99785,29.9676],[-107.99468,29.96983],[-108.00488,29.98164],[-108.0073,29.99176],[-108.00499,29.99651],[-108.01277,29.99893],[-108.00958,30.00404],[-108.01485,30.00368],[-108.01497,30.01119],[-108.00347,30.00578],[-108.00188,30.01208],[-107.99854,30.01058],[-107.99036,30.01556],[-107.98976,30.02426],[-107.97196,30.02641],[-107.95187,30.02013],[-107.94749,30.02581],[-107.90129,30.00968],[-107.89548,30.0292],[-107.89693,30.04523],[-107.8901,30.05073],[-107.88531,30.05067]]]}},{"type":"Feature","properties":{"code":"08035","stateCode":"08","municipalityCode":"035","name":"Janos"},"geometry":{"type":"Polygon","coordinates":[[[-108.75592,31.33242],[-108.20849,31.33336],[-108.20861,31.21263],[-108.17402,31.21261],[-108.17252,31.1934],[-108.15653,31.17091],[-108.09767,31.10628],[-108.12009,31.09038],[-108.11393,31.07155],[-108.11229,31.04682],[-108.04581,31.04606],[-108.04585,31.03726],[-108.01421,31.03829],[-108.01446,30.98123],[-108.00988,30.93645],[-107.99457,30.9281],[-107.9937,30.92071],[-107.9902,30.91865],[-107.99112,30.90981],[-107.98485,30.90504],[-107.97909,30.89265],[-107.98288,30.88679],[-107.98258,30.8788],[-107.97215,30.86778],[-107.98459,30.86593],[-107.99957,30.85575],[-107.98963,30.83824],[-107.99118,30.8265],[-107.98128,30.80502],[-107.9829,30.79473],[-107.9796,30.79045],[-107.98011,30.7751],[-107.97181,30.76984],[-107.97526,30.76714],[-107.95984,30.72662],[-107.95144,30.72537],[-107.95487,30.72055],[-107.94718,30.71605],[-107.94591,30.70962],[-107.94955,30.70488],[-107.94712,30.70254],[-107.9507,30.70065],[-107.9478,30.69418],[-107.95252,30.69145],[-107.94803,30.68788],[-107.94846,30.6777],[-107.94306,30.67815],[-107.94404,30.67437],[-107.94052,30.67396],[-107.93509,30.66216],[-108.01792,30.65194],[-108.02123,30.6595],[-108.03824,30.65152],[-108.03656,30.66423],[-108.05791,30.68056],[-108.11009,30.67545],[-108.10729,30.66092],[-108.07209,30.62678],[-108.07409,30.60296],[-108.08855,30.60013],[-108.09646,30.59314],[-108.10805,30.59664],[-108.11385,30.59456],[-108.17152,30.56092],[-108.15709,30.5392],[-108.16025,30.52908],[-108.17082,30.53214],[-108.17546,30.54075],[-108.19,30.53281],[-108.19214,30.51446],[-108.2083,30.49656],[-108.20922,30.4876],[-108.23014,30.47927],[-108.21314,30.46249],[-108.20169,30.45842],[-108.18248,30.45979],[-108.17368,30.44584],[-108.18213,30.44594],[-108.21127,30.42583],[-108.21979,30.4152],[-108.21516,30.39936],[-108.20748,30.39344],[-108.20147,30.3945],[-108.19814,30.38904],[-108.20138,30.37697],[-108.25502,30.37941],[-108.27901,30.3914],[-108.29627,30.39457],[-108.33395,30.39069],[-108.34396,30.39822],[-108.34911,30.39618],[-108.34642,30.38601],[-108.37248,30.37328],[-108.36673,30.35824],[-108.37088,30.3476],[-108.38147,30.34488],[-108.38308,30.33994],[-108.39633,30.34642],[-108.40771,30.34688],[-108.40611,30.3363],[-108.43602,30.34376],[-108.44141,30.30223],[-108.4756,30.30428],[-108.50173,30.2641],[-108.50536,30.17969],[-108.61757,30.23598],[-108.62022,30.29823],[-108.58353,30.28541],[-108.58307,30.28141],[-108.565,30.26973],[-108.55055,30.26664],[-108.5422,30.28351],[-108.56577,30.30819],[-108.57145,30.32773],[-108.57492,30.32754],[-108.58001,30.33748],[-108.62206,30.34032],[-108.61984,30.3748],[-108.64865,30.41686],[-108.61356,30.43572],[-108.60384,30.46511],[-108.66477,30.46815],[-108.65712,30.47032],[-108.66197,30.52194],[-108.67409,30.53229],[-108.67779,30.55707],[-108.6874,30.55476],[-108.72744,30.58048],[-108.72667,30.59455],[-108.75654,30.59608],[-108.76202,30.58727],[-108.83065,30.60173],[-108.84828,30.61425],[-108.87647,30.62457],[-108.87774,30.63784],[-108.86693,30.68939],[-108.88692,30.71929],[-108.91897,30.73935],[-108.9483,30.73691],[-108.93546,30.77363],[-108.92985,30.86102],[-108.93924,30.90757],[-108.80239,30.9041],[-108.80326,31.00483],[-108.68381,31.00597],[-108.68439,31.03374],[-108.75247,31.03385],[-108.74011,31.04708],[-108.7299,31.05215],[-108.74019,31.05809],[-108.75045,31.06975],[-108.76616,31.07363],[-108.77,31.10247],[-108.8333,31.12546],[-108.84564,31.13558],[-108.83501,31.16933],[-108.80502,31.19296],[-108.84833,31.19511],[-108.86069,31.21893],[-108.90033,31.20245],[-108.90622,31.20636],[-108.90629,31.21334],[-108.89833,31.22524],[-108.87981,31.23879],[-108.81723,31.23901],[-108.75592,31.33242]]]}},{"type":"Feature","properties":{"code":"08038","stateCode":"08","municipalityCode":"038","name":"Julimes"},"geometry":{"type":"Polygon","coordinates":[[[-105.05055,28.79442],[-105.03762,28.77853],[-104.87094,28.8185],[-104.878,28.79912],[-104.87804,28.77863],[-104.87073,28.78446],[-104.84276,28.79341],[-104.82719,28.78702],[-104.78412,28.79515],[-104.77594,28.7715],[-104.76131,28.77085],[-104.73882,28.75697],[-104.6854,28.76879],[-104.67218,28.73534],[-104.67021,28.73942],[-104.66092,28.73898],[-104.63924,28.74558],[-104.61741,28.7557],[-104.61735,28.69117],[-104.60762,28.69068],[-104.58983,28.66223],[-104.58064,28.63773],[-104.61415,28.6382],[-104.61545,28.62899],[-104.64695,28.61118],[-104.64416,28.59347],[-104.7203,28.57531],[-104.72116,28.53473],[-104.67657,28.54434],[-104.67276,28.53277],[-104.68276,28.5287],[-104.68741,28.52983],[-104.67623,28.52218],[-104.67964,28.52246],[-104.67838,28.51811],[-104.68495,28.51256],[-104.69776,28.50714],[-104.69475,28.49969],[-104.69649,28.48114],[-104.70511,28.45272],[-104.69473,28.45305],[-104.70401,28.4322],[-104.69885,28.42096],[-104.69989,28.40433],[-104.69359,28.3988],[-104.69012,28.3899],[-104.69937,28.37551],[-104.70996,28.37229],[-104.7241,28.37372],[-104.72483,28.33084],[-104.73212,28.32786],[-104.73915,28.33098],[-104.78152,28.27474],[-104.78599,28.26595],[-104.78227,28.2624],[-104.78723,28.25472],[-104.80195,28.25121],[-104.81145,28.23623],[-104.84197,28.23077],[-104.84593,28.23694],[-104.88177,28.2395],[-104.88575,28.26236],[-104.9048,28.29042],[-104.94381,28.29769],[-104.95975,28.30964],[-104.96688,28.31055],[-104.96879,28.2786],[-105.09056,28.26213],[-105.11435,28.30856],[-105.09942,28.30999],[-105.10126,28.31183],[-105.11924,28.3205],[-105.1442,28.32371],[-105.17129,28.33548],[-105.1764,28.34194],[-105.18547,28.33205],[-105.18036,28.32124],[-105.23936,28.31929],[-105.24634,28.32624],[-105.24698,28.31278],[-105.28449,28.3048],[-105.30798,28.29388],[-105.31362,28.28709],[-105.32345,28.28507],[-105.35635,28.30723],[-105.38105,28.30813],[-105.38869,28.3172],[-105.38444,28.33535],[-105.3945,28.34502],[-105.41029,28.34637],[-105.41549,28.35167],[-105.41619,28.36024],[-105.42691,28.36362],[-105.43557,28.37102],[-105.4363,28.3757],[-105.44226,28.37148],[-105.46155,28.37733],[-105.46403,28.37401],[-105.46407,28.38384],[-105.46911,28.38472],[-105.47195,28.38965],[-105.46989,28.39408],[-105.4635,28.39361],[-105.46279,28.40027],[-105.45809,28.39946],[-105.45713,28.40505],[-105.45902,28.41839],[-105.46503,28.42936],[-105.46126,28.4553],[-105.46903,28.4566],[-105.50836,28.48041],[-105.49485,28.49226],[-105.48642,28.48932],[-105.49506,28.49486],[-105.49508,28.50508],[-105.50045,28.50678],[-105.4902,28.54382],[-105.5047,28.54851],[-105.51164,28.54681],[-105.51685,28.55653],[-105.52814,28.55652],[-105.52729,28.5606],[-105.52154,28.56097],[-105.52507,28.56263],[-105.51957,28.56921],[-105.51236,28.56966],[-105.51602,28.57698],[-105.51537,28.58466],[-105.50655,28.59226],[-105.49819,28.61207],[-105.50101,28.63041],[-105.49722,28.63027],[-105.49532,28.61781],[-105.41559,28.6582],[-105.42119,28.69668],[-105.40883,28.69714],[-105.39154,28.70992],[-105.38247,28.71134],[-105.37475,28.70851],[-105.36422,28.71134],[-105.36615,28.71899],[-105.34993,28.72845],[-105.3474,28.739],[-105.34328,28.73785],[-105.3325,28.75023],[-105.31113,28.76144],[-105.3079,28.77137],[-105.30079,28.77723],[-105.29697,28.77662],[-105.29401,28.78155],[-105.29192,28.79449],[-105.27522,28.80766],[-105.27167,28.80141],[-105.2615,28.80242],[-105.24223,28.78546],[-105.23447,28.78792],[-105.22184,28.76619],[-105.16405,28.79738],[-105.14263,28.74958],[-105.09374,28.82642],[-105.05055,28.79442]]]}},{"type":"Feature","properties":{"code":"08039","stateCode":"08","municipalityCode":"039","name":"López"},"geometry":{"type":"Polygon","coordinates":[[[-105.04135,27.20233],[-105.04127,27.19734],[-105.03152,27.18733],[-105.02756,27.15673],[-105.01656,27.15701],[-105.0072,27.11914],[-105.05271,27.1041],[-105.05275,27.09058],[-105.04141,27.07672],[-105.0463,27.06275],[-105.02875,27.06128],[-105.0096,27.04439],[-105.00103,27.04983],[-104.99642,27.03817],[-105.00163,27.02431],[-104.99675,27.01926],[-105.003,27.01761],[-105.00166,27.01299],[-105.00454,27.00868],[-104.98407,26.99877],[-104.96448,27.01791],[-104.89774,26.92241],[-104.88961,26.92437],[-104.87552,26.91898],[-104.83897,26.88798],[-104.83325,26.88736],[-104.83855,26.88386],[-104.75189,26.88827],[-104.71604,26.75528],[-104.70448,26.74178],[-104.70776,26.72611],[-104.73657,26.73074],[-104.73254,26.74938],[-104.76161,26.75192],[-104.88665,26.72406],[-104.89679,26.759],[-104.97108,26.74207],[-104.95911,26.70757],[-104.99172,26.69926],[-105.0201,26.66504],[-105.04917,26.74936],[-105.05374,26.77106],[-105.04859,26.77413],[-105.04609,26.78082],[-105.04798,26.80731],[-105.05299,26.82561],[-105.14016,26.84527],[-105.13351,26.85726],[-105.0898,26.85016],[-105.07652,26.88044],[-105.12586,26.89717],[-105.13707,26.88754],[-105.14025,26.88036],[-105.14118,26.86606],[-105.13616,26.86098],[-105.14129,26.84923],[-105.14542,26.87473],[-105.13992,26.8851],[-105.17104,26.92436],[-105.19103,26.92233],[-105.20224,26.93571],[-105.2033,26.94113],[-105.21353,26.94534],[-105.21925,26.96999],[-105.22303,26.97115],[-105.2447,27.02017],[-105.25471,27.02189],[-105.26439,27.05173],[-105.25339,27.08664],[-105.22847,27.1164],[-105.04518,27.20499],[-105.04135,27.20233]]]}},{"type":"Feature","properties":{"code":"08040","stateCode":"08","municipalityCode":"040","name":"Madera"},"geometry":{"type":"Polygon","coordinates":[[[-108.50951,30.00521],[-108.36249,30.00482],[-108.3625,29.96007],[-108.31061,29.96006],[-108.31061,30.00505],[-108.22338,30.0052],[-108.22313,29.75835],[-108.12754,29.75834],[-108.11219,29.75003],[-108.09781,29.77661],[-108.03955,29.77966],[-108.02288,29.77739],[-108.02301,29.70227],[-108.00525,29.69116],[-107.99341,29.67406],[-107.98523,29.67283],[-107.96751,29.67837],[-107.9517,29.67554],[-107.94072,29.68056],[-107.94872,29.66093],[-107.95559,29.61896],[-107.95824,29.55549],[-107.93544,29.55557],[-107.92669,29.55056],[-107.91974,29.49407],[-107.89558,29.48947],[-107.88818,29.47229],[-107.88316,29.47063],[-107.87506,29.45829],[-107.86465,29.44974],[-107.85137,29.44978],[-107.84969,29.45704],[-107.84583,29.44974],[-107.8299,29.4499],[-107.82691,29.41702],[-107.82324,29.41717],[-107.82604,29.39],[-107.88167,29.39596],[-107.8855,29.3948],[-107.88545,29.36738],[-107.90624,29.36729],[-107.90617,29.33066],[-107.91865,29.33065],[-107.91851,29.31151],[-107.91338,29.30985],[-107.91335,29.30315],[-107.90609,29.30286],[-107.90602,29.28944],[-107.92286,29.28908],[-107.92129,29.28219],[-107.91369,29.27733],[-107.91096,29.27089],[-107.91491,29.26662],[-107.91206,29.26094],[-107.90613,29.25853],[-107.90578,29.22473],[-107.83447,29.23889],[-107.83412,29.18538],[-107.78104,29.18514],[-107.77869,29.14284],[-107.90985,29.13761],[-107.96958,29.16697],[-107.98139,29.11883],[-107.99243,29.12104],[-107.99724,29.0769],[-108.00631,29.03427],[-107.95298,29.02413],[-107.94589,28.95687],[-108.0928,28.96065],[-108.08085,28.91651],[-108.07517,28.90865],[-108.0946,28.88374],[-108.16033,28.8747],[-108.14215,28.8536],[-108.13668,28.83656],[-108.16028,28.84066],[-108.17293,28.82614],[-108.17702,28.83773],[-108.17339,28.84854],[-108.21693,28.84176],[-108.22394,28.82544],[-108.20689,28.80238],[-108.1855,28.81449],[-108.16557,28.79302],[-108.185,28.7869],[-108.18099,28.77413],[-108.17018,28.76387],[-108.35692,28.75884],[-108.32974,28.71992],[-108.35493,28.68765],[-108.4525,28.7204],[-108.4642,28.73065],[-108.46572,28.73616],[-108.47327,28.7298],[-108.47604,28.7228],[-108.47595,28.71823],[-108.46835,28.71352],[-108.47351,28.70969],[-108.47102,28.70728],[-108.47264,28.69788],[-108.47946,28.70128],[-108.4917,28.69658],[-108.49365,28.69197],[-108.49816,28.69754],[-108.50242,28.69421],[-108.50677,28.6977],[-108.51015,28.69433],[-108.50965,28.69855],[-108.51204,28.69768],[-108.51434,28.70312],[-108.52427,28.70414],[-108.52423,28.70833],[-108.53396,28.71258],[-108.53608,28.70631],[-108.54512,28.70607],[-108.55363,28.69645],[-108.55966,28.69944],[-108.56668,28.69544],[-108.5749,28.71239],[-108.58382,28.71632],[-108.58379,28.74014],[-108.62074,28.75033],[-108.62523,28.75934],[-108.64329,28.76507],[-108.64556,28.79473],[-108.63633,28.79188],[-108.6244,28.80012],[-108.62382,28.80612],[-108.62963,28.81172],[-108.65785,28.80922],[-108.6812,28.85477],[-108.67818,28.86328],[-108.68713,28.87565],[-108.70684,28.88426],[-108.70598,28.88924],[-108.7098,28.88952],[-108.70491,28.90024],[-108.70892,28.9059],[-108.70594,28.90659],[-108.69815,28.93627],[-108.70781,28.98557],[-108.71,28.98323],[-108.71422,29.00147],[-108.71131,29.00349],[-108.72435,29.0699],[-108.71311,29.07037],[-108.71497,29.07661],[-108.71105,29.07755],[-108.70944,29.083],[-108.71153,29.08742],[-108.72747,29.08576],[-108.72959,29.09653],[-108.70826,29.11428],[-108.69853,29.12774],[-108.70002,29.13505],[-108.7095,29.14913],[-108.72885,29.1718],[-108.7453,29.16234],[-108.74555,29.17399],[-108.75387,29.2001],[-108.73983,29.20082],[-108.73541,29.21771],[-108.74283,29.22586],[-108.74124,29.24043],[-108.7511,29.25094],[-108.7587,29.25092],[-108.76189,29.25388],[-108.7543,29.25946],[-108.75005,29.25673],[-108.73067,29.2634],[-108.7303,29.26909],[-108.68221,29.26743],[-108.66973,29.30742],[-108.70362,29.40845],[-108.70738,29.43948],[-108.71908,29.45979],[-108.71775,29.46595],[-108.69433,29.46711],[-108.68961,29.484],[-108.64399,29.48884],[-108.62516,29.50103],[-108.64871,29.5091],[-108.66231,29.54448],[-108.63832,29.55832],[-108.65951,29.58404],[-108.64114,29.58889],[-108.64633,29.61044],[-108.64466,29.62755],[-108.65499,29.64943],[-108.61828,29.66053],[-108.64517,29.69196],[-108.6591,29.71613],[-108.59253,29.71765],[-108.59275,29.72839],[-108.54781,29.73735],[-108.54078,29.73623],[-108.53496,29.75136],[-108.54126,29.79614],[-108.60167,29.79711],[-108.61856,29.80047],[-108.62944,29.80627],[-108.6355,29.83105],[-108.6072,29.84714],[-108.62169,29.87821],[-108.61575,29.88352],[-108.61409,29.88109],[-108.61303,29.88414],[-108.59945,29.88819],[-108.59514,29.89456],[-108.58552,29.89715],[-108.57865,29.89494],[-108.56858,29.8978],[-108.56226,29.895],[-108.55431,29.89812],[-108.56454,29.924],[-108.50951,30.00521]]]}},{"type":"Feature","properties":{"code":"08042","stateCode":"08","municipalityCode":"042","name":"Manuel Benavides"},"geometry":{"type":"Polygon","coordinates":[[[-103.96803,29.29989],[-103.93832,29.29298],[-103.92574,29.29432],[-103.91861,29.29032],[-103.91799,29.28494],[-103.89954,29.28773],[-103.88948,29.27942],[-103.8794,29.28551],[-103.86954,29.2807],[-103.85586,29.28196],[-103.8379,29.27843],[-103.83624,29.27408],[-103.82672,29.26977],[-103.81404,29.27451],[-103.80838,29.27161],[-103.80637,29.26145],[-103.80078,29.2593],[-103.78332,29.26552],[-103.77555,29.24957],[-103.77598,29.24497],[-103.78147,29.24052],[-103.78181,29.22815],[-103.7773,29.22193],[-103.76957,29.22127],[-103.76813,29.22759],[-103.76038,29.23346],[-103.75427,29.22773],[-103.75736,29.22358],[-103.75588,29.22004],[-103.74265,29.2223],[-103.73977,29.2054],[-103.73005,29.19794],[-103.71828,29.18115],[-103.71331,29.18507],[-103.70366,29.18487],[-103.69833,29.17761],[-103.68848,29.17819],[-103.65923,29.17059],[-103.65015,29.15669],[-103.61221,29.1653],[-103.5935,29.15031],[-103.58502,29.14967],[-103.55407,29.15852],[-103.55042,29.15446],[-103.5527,29.14923],[-103.55021,29.14386],[-103.53917,29.14476],[-103.52477,29.13727],[-103.52485,29.12133],[-103.50182,29.11791],[-103.50471,29.10793],[-103.49435,29.10847],[-103.48585,29.09567],[-103.47071,29.08512],[-103.47405,29.07085],[-103.47169,29.06679],[-103.46359,29.06591],[-103.4608,29.07243],[-103.45001,29.07267],[-103.44989,29.06522],[-103.4459,29.0612],[-103.43442,29.05732],[-103.43001,29.04872],[-103.43282,29.04363],[-103.41859,29.04305],[-103.41447,29.03805],[-103.405,29.03951],[-103.40165,29.03129],[-103.39093,29.03464],[-103.38633,29.02209],[-103.37687,29.0239],[-103.3596,29.01879],[-103.35114,29.02805],[-103.34864,29.0428],[-103.34508,29.0468],[-103.32748,29.0399],[-103.3291,29.03078],[-103.34221,29.02801],[-103.33648,29.01817],[-103.32636,29.01622],[-103.31462,29.02605],[-103.30689,29.02378],[-103.31598,29.01085],[-103.3077,29.00228],[-103.3577,28.92025],[-103.40365,28.86925],[-103.39491,28.84385],[-103.39635,28.83353],[-103.40027,28.82857],[-103.40459,28.82955],[-103.41002,28.84092],[-103.43166,28.81318],[-103.46635,28.75946],[-103.46325,28.75661],[-103.51451,28.665],[-103.51976,28.66875],[-103.5573,28.61128],[-103.57266,28.64064],[-103.582,28.62879],[-103.59637,28.63947],[-103.61605,28.59819],[-103.59192,28.59083],[-103.60101,28.57491],[-103.62457,28.58115],[-103.64217,28.54489],[-103.62856,28.59259],[-103.64835,28.58265],[-103.65824,28.60841],[-103.6801,28.58896],[-103.68501,28.58934],[-103.70575,28.60285],[-103.72249,28.55806],[-103.84136,28.6038],[-103.92546,28.57744],[-103.92649,28.60514],[-103.97676,28.60733],[-104.02183,28.55896],[-104.05812,28.60063],[-104.0506,28.63528],[-104.07722,28.6773],[-104.119,28.70805],[-104.14475,28.67839],[-104.17203,28.70432],[-104.17426,28.68757],[-104.18453,28.68691],[-104.22245,28.70764],[-104.21873,28.71849],[-104.25647,28.71655],[-104.24245,28.7453],[-104.2273,28.74028],[-104.21972,28.75605],[-104.22001,28.76082],[-104.22241,28.76061],[-104.2182,28.77855],[-104.18906,28.77504],[-104.18702,28.7937],[-104.1644,28.82688],[-104.18081,28.84005],[-104.15552,28.8551],[-104.18288,28.88537],[-104.17499,28.91385],[-104.14903,28.88752],[-104.1191,28.9177],[-104.14826,28.94701],[-104.12894,28.96532],[-104.15204,28.98723],[-104.17792,29.005],[-104.17272,29.01153],[-104.1389,29.00994],[-104.15773,29.0473],[-104.14336,29.05828],[-104.14044,29.06698],[-104.15939,29.087],[-104.17579,29.08169],[-104.15329,29.09406],[-104.17324,29.12252],[-104.2155,29.12428],[-104.21587,29.13078],[-104.20733,29.13019],[-104.20658,29.15313],[-104.24729,29.15492],[-104.24613,29.17718],[-104.26602,29.17832],[-104.26335,29.20264],[-104.27009,29.21706],[-104.27852,29.22386],[-104.29061,29.2447],[-104.29874,29.26705],[-104.23495,29.2755],[-104.20631,29.27355],[-104.15732,29.26057],[-104.14769,29.27897],[-104.13325,29.26919],[-104.11925,29.29501],[-103.97874,29.23729],[-103.97337,29.24011],[-103.97046,29.29684],[-103.96803,29.29989]]]}},{"type":"Feature","properties":{"code":"08005","stateCode":"08","municipalityCode":"005","name":"Ascensión"},"geometry":{"type":"Polygon","coordinates":[[[-108.20837,31.78375],[-106.86768,31.78384],[-106.86062,31.76311],[-106.86315,31.7556],[-106.85818,31.74628],[-106.84578,31.74139],[-106.83639,31.68781],[-106.83282,31.68652],[-106.8308,31.67964],[-106.83154,31.6746],[-106.87746,31.62241],[-106.86008,31.62264],[-106.83478,31.61759],[-106.80016,31.60521],[-106.75425,31.60668],[-106.75426,31.60341],[-106.74901,31.60341],[-106.74978,31.50417],[-106.74154,31.50331],[-106.75074,31.49966],[-106.75004,31.49594],[-106.73982,31.47926],[-106.70865,31.46664],[-106.72129,31.4547],[-106.68883,31.43204],[-106.70549,31.42072],[-106.7417,31.40806],[-106.74176,31.40034],[-106.84846,31.40124],[-106.84685,31.37179],[-106.95163,31.3359],[-106.9225,31.23692],[-106.88218,31.23411],[-106.88118,31.22542],[-106.86327,31.18599],[-106.83593,31.1517],[-106.82188,31.14559],[-106.81992,31.14072],[-106.82669,31.1233],[-106.86066,31.14592],[-106.89482,31.15208],[-106.89486,31.08537],[-107.04492,31.08611],[-107.04515,31.05909],[-107.04039,31.0548],[-107.04135,31.02186],[-107.04562,31.02193],[-107.04664,30.9541],[-107.07369,30.95526],[-107.0722,30.93341],[-107.0797,30.9121],[-107.0916,30.90758],[-107.10074,30.88646],[-107.10042,30.88167],[-107.08593,30.87198],[-107.09931,30.86377],[-107.15714,30.865],[-107.16298,30.85915],[-107.18932,30.80107],[-107.20511,30.80812],[-107.23852,30.80519],[-107.24435,30.79713],[-107.2466,30.78443],[-107.26138,30.76976],[-107.26286,30.75619],[-107.28476,30.7655],[-107.30023,30.779],[-107.29914,30.79012],[-107.31002,30.80108],[-107.31005,30.81214],[-107.32391,30.82361],[-107.32769,30.82594],[-107.35111,30.81718],[-107.35069,30.83626],[-107.3624,30.83595],[-107.39951,30.7584],[-107.52554,30.75839],[-107.52623,30.78297],[-107.61595,30.71964],[-107.6348,30.72118],[-107.6291,30.76448],[-107.66667,30.77435],[-107.68152,30.78178],[-107.69076,30.79111],[-107.69722,30.80607],[-107.7041,30.80587],[-107.69537,30.82562],[-107.70616,30.82258],[-107.73476,30.82806],[-107.76026,30.81946],[-107.76626,30.81419],[-107.80172,30.85926],[-107.92907,30.80512],[-107.92101,30.81385],[-107.91226,30.84471],[-107.98373,30.81153],[-107.99118,30.8265],[-107.98963,30.83824],[-107.99941,30.85678],[-107.98459,30.86593],[-107.97215,30.86778],[-107.98258,30.8788],[-107.98288,30.88679],[-107.97909,30.89265],[-107.98485,30.90504],[-107.99112,30.90981],[-107.9902,30.91865],[-107.9937,30.92071],[-107.99457,30.9281],[-108.00988,30.93645],[-108.01446,30.98123],[-108.01421,31.03829],[-108.04585,31.03726],[-108.04581,31.04606],[-108.11229,31.04682],[-108.11393,31.07155],[-108.12009,31.09038],[-108.09767,31.10628],[-108.15653,31.17091],[-108.17252,31.1934],[-108.17402,31.21261],[-108.20861,31.21263],[-108.20837,31.78375]]]}}]}