{
"type": "FeatureCollection",
"name": "10",
"crs": { "type": "name", "properties": { "name": "urn:ogc:def:crs:OGC:1.3:CRS84" } },
"features": [
{ "type": "Feature", "properties": { "code": "10009", "stateCode": "10", "municipalityCode": "009", "name": "Guanaceví" }, "geometry": { "type": "Polygon", "coordinates": [ [ [ -106.245265979740907, 26.5055907995818 ], [ -106.241415740466422, 26.493163110197443 ], [ -106.206803460225089, 26.512606200346987 ], [ -106.196923060196127, 26.501401740395959 ], [ -106.203310709999769, 26.4796908598782 ], [ -106.22415212040778, 26.471475310322685 ], [ -106.153528399844205, 26.469644940155735 ], [ -106.147687600056983, 26.458366549813164 ], [ -106.129876660010567, 26.437938020099356 ], [ -106.130440819579206, 26.424074489979947 ], [ -106.12455978016348, 26.415754889709074 ], [ -106.118995050266861, 26.419421680319559 ], [ -106.110768150339197, 26.418146950377597 ], [ -106.11010700009426, 26.408873110359167 ], [ -106.105219980251903, 26.400419260150311 ], [ -106.095822769704412, 26.399454550353923 ], [ -106.090179460420259, 26.402299420307688 ], [ -106.085481630184461, 26.39382897039145 ], [ -106.078014120485207, 26.39471770956952 ], [ -106.075969079952117, 26.399753520288318 ], [ -106.072109879831871, 26.385793479805631 ], [ -106.06543324950232, 26.38705862010978 ], [ -106.065076600415765, 26.389620799795381 ], [ -106.0562430000912, 26.387714059910614 ], [ -106.058725680474467, 26.377193219793384 ], [ -106.044520910001538, 26.36494336965929 ], [ -106.039657399540019, 26.368815370020922 ], [ -106.041707509873234, 26.36558038031071 ], [ -106.040642549693118, 26.362516139788379 ], [ -106.036669419765701, 26.366602339747129 ], [ -106.030288180082223, 26.362335170380668 ], [ -106.028065379762495, 26.365771920381967 ], [ -106.021836400218945, 26.365727290065816 ], [ -106.029794059917464, 26.369079370363341 ], [ -106.010219120132803, 26.370029690317526 ], [ -106.007193030479016, 26.378343909987549 ], [ -105.997283080180551, 26.388227119847183 ], [ -105.991118219841425, 26.407898369894752 ], [ -105.9920766203862, 26.426374950317715 ], [ -105.948072580070274, 26.451578819807732 ], [ -105.940022980156115, 26.424766249825243 ], [ -105.919425059654301, 26.401566910219348 ], [ -105.932379879728288, 26.426542859673866 ], [ -105.899256149788229, 26.420210709795178 ], [ -105.876629370453628, 26.45164985972993 ], [ -105.882305520384008, 26.407969950133623 ], [ -105.87947673895242, 26.398596320404167 ], [ -105.907688659752679, 26.357578020425329 ], [ -105.929179399940892, 26.378572000061531 ], [ -105.944928199251521, 26.379494970043616 ], [ -105.943971779864796, 26.372637339590078 ], [ -105.951742120387067, 26.366854940171656 ], [ -105.929025449981125, 26.342876379762394 ], [ -105.932995659336811, 26.324949510154983 ], [ -105.941590720489259, 26.320072920088862 ], [ -105.937900510134554, 26.310058050355405 ], [ -105.942853179711832, 26.287421280003482 ], [ -105.935347770485151, 26.277969420258849 ], [ -105.953826748731586, 26.282657340178698 ], [ -105.956325659025183, 26.274486890077824 ], [ -105.918011449066597, 26.263199910058816 ], [ -105.902325029553239, 26.240307229707817 ], [ -105.915900058786747, 26.236340450242935 ], [ -105.917803569146059, 26.224180200289307 ], [ -105.921429060132056, 26.22353248999196 ], [ -105.924759309905667, 26.216995849788617 ], [ -105.922075399378627, 26.21358530958517 ], [ -105.933068089482148, 26.215186369909503 ], [ -105.942018090036257, 26.211560429587117 ], [ -105.949050739114426, 26.207803570071771 ], [ -105.953671120006803, 26.199718309587414 ], [ -105.948710890051302, 26.19656068033289 ], [ -105.94700199988732, 26.19087382978638 ], [ -105.92244302861738, 26.197065770118471 ], [ -105.918115318836385, 26.195226339853193 ], [ -105.922448820045844, 26.194259030002598 ], [ -105.925946049834209, 26.188423550210601 ], [ -105.916425740130236, 26.183204249624453 ], [ -105.922313580426191, 26.181682480436013 ], [ -105.928082119803804, 26.173024480166639 ], [ -105.923160049498591, 26.174488999878037 ], [ -105.916884178856833, 26.160146109696097 ], [ -105.910059818739697, 26.157653060442495 ], [ -105.903294370149595, 26.160006279997308 ], [ -105.900092369368437, 26.157275969894542 ], [ -105.892564820217174, 26.134789420113307 ], [ -105.883707599535043, 26.132985170392782 ], [ -105.891814489733491, 26.146069679775309 ], [ -105.867042770332645, 26.149722619603619 ], [ -105.818717799282837, 26.115349649640709 ], [ -105.773709049593478, 26.07437768007313 ], [ -105.773951539566823, 26.025322540206577 ], [ -105.767101509728278, 26.013280600423322 ], [ -105.752663768614354, 26.001235229783731 ], [ -105.723465110297525, 26.005078259578067 ], [ -105.727247030489295, 26.007151800375901 ], [ -105.6910398300422, 26.054743400123002 ], [ -105.690600719558475, 26.051295020226608 ], [ -105.680160709928217, 26.053085050278806 ], [ -105.670900180092488, 26.035842910361836 ], [ -105.679580678709527, 26.037396089840332 ], [ -105.668497539745928, 26.012627139978616 ], [ -105.675761309158148, 26.009988309924715 ], [ -105.674500059688583, 25.998304419710465 ], [ -105.680678850403979, 25.988724820043966 ], [ -105.706441719237063, 25.998921539811274 ], [ -105.723777519764937, 25.992964289571454 ], [ -105.721628228943203, 25.98812317025218 ], [ -105.722467380437138, 25.943444400029495 ], [ -105.708451179922832, 25.918755600262681 ], [ -105.709391909624614, 25.89862685012783 ], [ -105.701513418722513, 25.863174650116786 ], [ -105.697690518808031, 25.868966340405056 ], [ -105.686205110193939, 25.868606259622979 ], [ -105.647295249658072, 25.832895969999736 ], [ -105.628158340269579, 25.825091149790197 ], [ -105.652868739534554, 25.900607949791535 ], [ -105.588951509979069, 25.840467799970551 ], [ -105.551683320284965, 25.876847060379408 ], [ -105.58481742012475, 25.898246170211667 ], [ -105.581932488970878, 25.905140520217806 ], [ -105.556011540377739, 25.90295834975197 ], [ -105.561560819975014, 25.908330349768214 ], [ -105.564512379572037, 25.922072849605197 ], [ -105.553336830322351, 25.924074969884582 ], [ -105.550836138790515, 25.919940400183645 ], [ -105.547762578637546, 25.92400890997386 ], [ -105.533423818744481, 25.926074200260633 ], [ -105.531459749606498, 25.922121109743223 ], [ -105.525527289309821, 25.924851720380417 ], [ -105.510489380098576, 25.918716449545919 ], [ -105.5035400204506, 25.921338830427761 ], [ -105.49421095011968, 25.900380849709677 ], [ -105.548878490156909, 25.850529800298418 ], [ -105.524294060108971, 25.83110125965014 ], [ -105.510107800129532, 25.838833599812787 ], [ -105.495560980172002, 25.818049280366601 ], [ -105.513069428917547, 25.811986939623019 ], [ -105.514953400028915, 25.803862020077229 ], [ -105.519915860441188, 25.802894309718965 ], [ -105.511281799083605, 25.795005149879394 ], [ -105.516038399521733, 25.791285540106824 ], [ -105.521147458638438, 25.773273079936512 ], [ -105.511986690230032, 25.764336320195987 ], [ -105.50488368030193, 25.764786619686571 ], [ -105.514090999008971, 25.752416649600338 ], [ -105.51626710910142, 25.743119140024177 ], [ -105.519261779070888, 25.742515030471338 ], [ -105.528571540317046, 25.751543880101607 ], [ -105.53428694935269, 25.742248739860027 ], [ -105.539663888657699, 25.745550079729881 ], [ -105.550199140264297, 25.742468320332755 ], [ -105.554847719189937, 25.736143150049948 ], [ -105.558588369404092, 25.736913540289102 ], [ -105.560732169982757, 25.730864200045051 ], [ -105.558180179275539, 25.714041419808577 ], [ -105.543519999979594, 25.667227850232322 ], [ -105.57261948923761, 25.665247320462797 ], [ -105.563022149594673, 25.608067939645426 ], [ -105.589181289669298, 25.588568799928378 ], [ -105.632317079588987, 25.560872829860173 ], [ -105.640505940276427, 25.576370429570108 ], [ -105.676304659576033, 25.560066249654209 ], [ -105.679334620048735, 25.572431109751193 ], [ -105.688725920277633, 25.568755139554813 ], [ -105.703120740222687, 25.57676380036381 ], [ -105.70847451029357, 25.573641780372498 ], [ -105.71293234985319, 25.59186996972219 ], [ -105.722671890050705, 25.595510910078264 ], [ -105.726033349525835, 25.60244432011995 ], [ -105.732937019811189, 25.604268339700678 ], [ -105.744667000419753, 25.614188830050555 ], [ -105.747663489709737, 25.645563980101556 ], [ -105.745077350133272, 25.65585219966546 ], [ -105.747772620370753, 25.66743964954528 ], [ -105.754518450269927, 25.675858600414642 ], [ -105.768622350486837, 25.684562550310211 ], [ -105.774976720367377, 25.693586290196226 ], [ -105.792447370110551, 25.678477399657705 ], [ -105.798609599708342, 25.677815749859228 ], [ -105.796299169524616, 25.673548520263473 ], [ -105.855406260223461, 25.706905200103844 ], [ -105.899863879883, 25.7195310803227 ], [ -105.90528337000255, 25.715296650089176 ], [ -105.906759369824996, 25.719291029581921 ], [ -105.910601109799941, 25.719237429992642 ], [ -105.911336290341993, 25.726280690049077 ], [ -105.927583450500208, 25.723100580360651 ], [ -105.926816769514247, 25.719131740463634 ], [ -105.922213850222079, 25.719645080163929 ], [ -105.926938449882769, 25.715899660411509 ], [ -105.931294150232162, 25.716745819809205 ], [ -105.937060250173417, 25.719441740098144 ], [ -105.937184580346795, 25.725265890180751 ], [ -105.944718420112977, 25.730280509682398 ], [ -105.944888889727366, 25.73438988976368 ], [ -105.948970879624326, 25.734814340176403 ], [ -105.947412969743368, 25.731201000276048 ], [ -105.951975399643203, 25.727255290190783 ], [ -105.961614829992229, 25.732915549563831 ], [ -105.962864979628421, 25.727396859797267 ], [ -105.977792780046727, 25.741641880176495 ], [ -105.981732309746519, 25.738861600038319 ], [ -105.985536369906143, 25.741960819856779 ], [ -105.989501540438255, 25.737800180102226 ], [ -105.99698369026946, 25.74074695003187 ], [ -106.002183049934786, 25.736509650014774 ], [ -106.023189400100335, 25.733128579683541 ], [ -106.03486848975335, 25.734134859730869 ], [ -106.036582249560922, 25.728705799821739 ], [ -106.043442970079496, 25.72648827986378 ], [ -106.049680720374994, 25.718016709589683 ], [ -106.058437109643961, 25.719364200376635 ], [ -106.063156050141615, 25.726745620327915 ], [ -106.073124919751507, 25.718474820316867 ], [ -106.093460749681185, 25.721831850055526 ], [ -106.108057889799966, 25.735141779695788 ], [ -106.111726979662464, 25.754513429646455 ], [ -106.145984769754094, 25.756911949874159 ], [ -106.165900200362458, 25.769497280136861 ], [ -106.168683479518066, 25.776169550398343 ], [ -106.166970290283416, 25.788220199834054 ], [ -106.187771979838715, 25.785832030142128 ], [ -106.203780539998405, 25.822447110146936 ], [ -106.243430339639019, 25.743845350054517 ], [ -106.344510140254243, 25.795769249692064 ], [ -106.526554569843896, 25.713379769994457 ], [ -106.555967749505655, 25.691706629845189 ], [ -106.56012977991054, 25.912706770012583 ], [ -106.547306109622383, 25.952421750001104 ], [ -106.533715460026031, 25.945761519843956 ], [ -106.501473170159599, 25.954955749662393 ], [ -106.491665310036907, 25.968053480383318 ], [ -106.455815460263352, 25.972579200413318 ], [ -106.444712620104397, 26.005088220392107 ], [ -106.470406690096624, 26.005425750427019 ], [ -106.467451579845601, 26.018288369934233 ], [ -106.464097570467203, 26.017860540203284 ], [ -106.453396630495646, 26.027840690124414 ], [ -106.454098290390164, 26.046357029852 ], [ -106.465043260269425, 26.051936939757468 ], [ -106.471229309488223, 26.060522919613522 ], [ -106.454406860156396, 26.095260420282951 ], [ -106.461245680135846, 26.10521923033054 ], [ -106.458643579649817, 26.112160690387125 ], [ -106.415614950053296, 26.139400289819669 ], [ -106.432775520352138, 26.204013419951579 ], [ -106.344625220176496, 26.309877539764358 ], [ -106.332970350377565, 26.319867539727685 ], [ -106.312257570399169, 26.348754400307854 ], [ -106.299519570088037, 26.337082850168589 ], [ -106.287040949760851, 26.335081569723215 ], [ -106.27545791999583, 26.367415459584041 ], [ -106.302176549627191, 26.363876320108695 ], [ -106.297598019672179, 26.396454800017224 ], [ -106.264374049719535, 26.406115919975605 ], [ -106.265220619584852, 26.424139710239537 ], [ -106.24203045997676, 26.466823850265893 ], [ -106.250855400376707, 26.478584970354639 ], [ -106.247473659724207, 26.482184140042573 ], [ -106.255182169943453, 26.498910429716769 ], [ -106.253881020153628, 26.507355550343163 ], [ -106.274020860352337, 26.507677320368337 ], [ -106.28066600018802, 26.511753550199249 ], [ -106.269571430119314, 26.527169429881756 ], [ -106.245265979740907, 26.5055907995818 ] ] ] } },
{ "type": "Feature", "properties": { "code": "10017", "stateCode": "10", "municipalityCode": "017", "name": "Ocampo" }, "geometry": { "type": "Polygon", "coordinates": [ [ [ -106.04733909037833, 26.844875910058633 ], [ -105.939193510474837, 26.763215519946602 ], [ -105.937572539977097, 26.766675260131727 ], [ -105.928107019704541, 26.765931970391964 ], [ -105.908606090302726, 26.752837820209368 ], [ -105.898336969809804, 26.763853879602408 ], [ -105.894101739949321, 26.741009490339241 ], [ -105.874542249588131, 26.738575740456 ], [ -105.865437460096274, 26.747375860331346 ], [ -105.814552889691456, 26.69096690989057 ], [ -105.775808679698912, 26.660933140297026 ], [ -105.794261289987816, 26.698767260280942 ], [ -105.791413430385944, 26.698006279922005 ], [ -105.781305000486768, 26.707454649728625 ], [ -105.769666089513734, 26.707234689979856 ], [ -105.761504719934578, 26.712884350397008 ], [ -105.754673919734401, 26.711164879771939 ], [ -105.74634185031168, 26.71386857964276 ], [ -105.745618510413422, 26.705946000169188 ], [ -105.739506429867077, 26.701476169665877 ], [ -105.738181740316321, 26.693625049815012 ], [ -105.735079030106078, 26.692079909632298 ], [ -105.734963580444926, 26.68481962022701 ], [ -105.728907969604037, 26.697896060194509 ], [ -105.704798769499391, 26.652907689820097 ], [ -105.689880050086074, 26.657188850407078 ], [ -105.678439079618755, 26.643888709700285 ], [ -105.676592479921865, 26.635809619748478 ], [ -105.670947999793455, 26.635226460354279 ], [ -105.674883059553764, 26.617670309971459 ], [ -105.645533319816892, 26.6166099702256 ], [ -105.637202820089456, 26.609141880197001 ], [ -105.64089297999044, 26.619996200061507 ], [ -105.609367309565741, 26.613732259765261 ], [ -105.601010060118014, 26.614848890273347 ], [ -105.619487260261323, 26.683509450036851 ], [ -105.549003029673358, 26.546578580196677 ], [ -105.496085319778572, 26.542851879687316 ], [ -105.495629019627259, 26.52563107990289 ], [ -105.49021828990675, 26.51926551016437 ], [ -105.471513980121372, 26.508701680077465 ], [ -105.467932750009311, 26.511056850311466 ], [ -105.468625540498223, 26.517323650185798 ], [ -105.474387059933647, 26.526379260450828 ], [ -105.470142420449662, 26.527898049978354 ], [ -105.438602049790546, 26.528344750061859 ], [ -105.403427569761774, 26.517524659949807 ], [ -105.393356059637583, 26.523172949609034 ], [ -105.384929660022976, 26.522832349666384 ], [ -105.381988820270777, 26.529187110327882 ], [ -105.37283473973666, 26.529664600372158 ], [ -105.368624679683819, 26.534269450410456 ], [ -105.356290250224959, 26.524723230219848 ], [ -105.348025890370991, 26.512489849855012 ], [ -105.348544550257628, 26.505500849611579 ], [ -105.342706109745009, 26.50451551039286 ], [ -105.354523920267312, 26.492617179648668 ], [ -105.357161599526663, 26.485618060051426 ], [ -105.352765369563429, 26.478876479587573 ], [ -105.338753659930504, 26.478050179967873 ], [ -105.333985510184164, 26.469359089690343 ], [ -105.316752430195976, 26.462286780150372 ], [ -105.315481690295741, 26.470347910259072 ], [ -105.301926970370459, 26.472445680230543 ], [ -105.298456879538023, 26.482018250066098 ], [ -105.291632149543688, 26.480889859603391 ], [ -105.289933620113842, 26.488111120011791 ], [ -105.279081880029494, 26.487475370435035 ], [ -105.269463349907966, 26.479763740306243 ], [ -105.270605830480946, 26.466455769624112 ], [ -105.264682580205729, 26.462072749796317 ], [ -105.101549549691512, 26.521405520396971 ], [ -105.056634029585126, 26.419300540045626 ], [ -105.056368520473271, 26.412277449957966 ], [ -105.276985220139892, 26.201184309585635 ], [ -105.271419650361167, 26.190542949783325 ], [ -105.26339385978099, 26.187388120071997 ], [ -105.250553579633078, 26.168343139979871 ], [ -105.24289825983935, 26.168719880263161 ], [ -105.234730279768371, 26.160489649951852 ], [ -105.223884460269687, 26.146024919894248 ], [ -105.219396370162627, 26.133324109969827 ], [ -105.223909679873344, 26.134798570218212 ], [ -105.228629019746762, 26.131330120390146 ], [ -105.231994620045086, 26.122204859795293 ], [ -105.236264140466872, 26.119315520113378 ], [ -105.251145289971234, 26.116635740037413 ], [ -105.274428430155027, 26.104865320330319 ], [ -105.286104169762766, 26.103527249786534 ], [ -105.337400180471647, 26.071299460120361 ], [ -105.354914549956106, 26.071125649628176 ], [ -105.410986629807439, 26.156066980352239 ], [ -105.418965340480554, 26.157921650280283 ], [ -105.477489909566088, 26.233616380385051 ], [ -105.516434509682767, 26.238638109837243 ], [ -105.513742320490039, 26.25466244962892 ], [ -105.517251478994382, 26.270428749802509 ], [ -105.525418018622631, 26.28108426006008 ], [ -105.509631380055026, 26.296333309695893 ], [ -105.508323978489614, 26.321726029768371 ], [ -105.529494568912611, 26.325390059650076 ], [ -105.538815258559154, 26.335253249847906 ], [ -105.540217429827848, 26.343747910396889 ], [ -105.545575179310987, 26.34794545994038 ], [ -105.545117740271508, 26.353003179548445 ], [ -105.553594369846209, 26.358040779979728 ], [ -105.565177429606578, 26.377060429568182 ], [ -105.606462950354597, 26.34908707954289 ], [ -105.622671169766818, 26.359982219568323 ], [ -105.629447078632197, 26.371141690114609 ], [ -105.662913970503595, 26.351288230264537 ], [ -105.680301450144469, 26.404529170304549 ], [ -105.693779520187519, 26.402761319610196 ], [ -105.696526420409739, 26.407731249570041 ], [ -105.681590018598897, 26.4219907799 ], [ -105.686498629780601, 26.425770950115457 ], [ -105.688455690040271, 26.46072494043316 ], [ -105.700924548702872, 26.462172650198916 ], [ -105.715150229746797, 26.47697710997948 ], [ -105.719620279364463, 26.498099179786664 ], [ -105.732559479905959, 26.506118199575067 ], [ -105.779652939995543, 26.507178450104316 ], [ -105.766182258811753, 26.516045489643219 ], [ -105.766403280449737, 26.518947259967639 ], [ -105.771045138522865, 26.523341800215867 ], [ -105.771541769633473, 26.528989849590488 ], [ -105.777809818958474, 26.529289919986343 ], [ -105.778533169606376, 26.534446519623273 ], [ -105.785969428644208, 26.542803509867689 ], [ -105.799660720003487, 26.540549949930373 ], [ -105.813938250118014, 26.533476060307965 ], [ -105.816414200422628, 26.527827519769001 ], [ -105.819162118856397, 26.528650819836983 ], [ -105.811382029013004, 26.510448919700686 ], [ -105.879416920483308, 26.475604400414646 ], [ -105.874172850468028, 26.471472380012571 ], [ -105.879419709585406, 26.464954380063705 ], [ -105.875339089832067, 26.45619482998632 ], [ -105.876629370453671, 26.451649859729894 ], [ -105.899256149788201, 26.420210709795143 ], [ -105.932379879728344, 26.426542859673809 ], [ -105.919425059654259, 26.401566910219326 ], [ -105.940022980156073, 26.424766249825201 ], [ -105.948072580070317, 26.451578819807697 ], [ -105.992076620386243, 26.426374950317669 ], [ -105.991118219841482, 26.407898369894795 ], [ -105.997283080180608, 26.388227119847144 ], [ -106.007193030479073, 26.378343909987606 ], [ -106.010219120132859, 26.370029690317491 ], [ -106.029794059917421, 26.369079370363306 ], [ -106.021766280469734, 26.365906799812272 ], [ -106.028065379762538, 26.36577192038191 ], [ -106.03013963037921, 26.362332629710302 ], [ -106.035659059685543, 26.366705689637275 ], [ -106.040642549693075, 26.362516139788323 ], [ -106.039772460330809, 26.368874460007035 ], [ -106.044520910001594, 26.36494336965929 ], [ -106.050599509826014, 26.367923170412691 ], [ -106.058818660407383, 26.377407660145398 ], [ -106.055561780329654, 26.386919429637977 ], [ -106.065076600415807, 26.389620799795434 ], [ -106.065433249502291, 26.387058620109752 ], [ -106.072109879831814, 26.385793479805596 ], [ -106.075969079952074, 26.399753520288261 ], [ -106.078014120485179, 26.394717709569463 ], [ -106.085481630184404, 26.393828970391436 ], [ -106.090179460420231, 26.402299420307731 ], [ -106.095822769704455, 26.399454550353987 ], [ -106.105219980251874, 26.400419260150294 ], [ -106.110107000094231, 26.408873110359117 ], [ -106.110768150339155, 26.418146950377565 ], [ -106.118995050266889, 26.419421680319534 ], [ -106.124559780163523, 26.415754889709124 ], [ -106.130440819579263, 26.424074489979994 ], [ -106.129876660010609, 26.437938020099413 ], [ -106.14768760005694, 26.458366549813153 ], [ -106.153528399844163, 26.469644940155721 ], [ -106.224152120407808, 26.471475310322656 ], [ -106.203310709999812, 26.479690859878168 ], [ -106.19692306019617, 26.501401740396016 ], [ -106.206803460225061, 26.512606200347008 ], [ -106.241415740466451, 26.493163110197415 ], [ -106.245265979740964, 26.505590799581764 ], [ -106.269571430119356, 26.527169429881848 ], [ -106.280135449532153, 26.532067229832982 ], [ -106.241217120018135, 26.544989919924735 ], [ -106.239527139763354, 26.562437320347712 ], [ -106.232961079733101, 26.559560370139867 ], [ -106.234634890380448, 26.569173889787095 ], [ -106.230641880506468, 26.576301460434397 ], [ -106.233946679999804, 26.580694849801784 ], [ -106.232440349772261, 26.587715419585521 ], [ -106.236896570132458, 26.588603250022917 ], [ -106.236540059584101, 26.612167490303612 ], [ -106.230917660305593, 26.609560310256274 ], [ -106.230611399732211, 26.616200369987897 ], [ -106.22673485973931, 26.614956459622682 ], [ -106.223475849924355, 26.627824630060758 ], [ -106.225574380417939, 26.635377399640802 ], [ -106.219482249592772, 26.639142030384622 ], [ -106.222313619711628, 26.642746819657567 ], [ -106.218112549780074, 26.651613820398566 ], [ -106.21982608986508, 26.656355980053675 ], [ -106.211110060257951, 26.667733970363617 ], [ -106.20604222970978, 26.66894809021602 ], [ -106.207922680101689, 26.678064750253014 ], [ -106.203024180412086, 26.681225819726233 ], [ -106.198346710049805, 26.676009290024286 ], [ -106.199683749728337, 26.680984580096194 ], [ -106.197128479809891, 26.683779019812057 ], [ -106.193286140022948, 26.681876800190015 ], [ -106.189247830476049, 26.674632429915565 ], [ -106.187989479646419, 26.674475769566133 ], [ -106.190425570197377, 26.68023008009294 ], [ -106.184984949811536, 26.686659600191494 ], [ -106.189675000464845, 26.695139320071533 ], [ -106.186299659594695, 26.699106850008508 ], [ -106.177674800246891, 26.699727600443122 ], [ -106.172662080076421, 26.705166800183147 ], [ -106.166861830056874, 26.705921710236918 ], [ -106.160132679555147, 26.702338449710712 ], [ -106.147462800185139, 26.70923774011009 ], [ -106.131942579557432, 26.697743820371695 ], [ -106.131782020314944, 26.71379624998082 ], [ -106.137392059779671, 26.718505349568431 ], [ -106.151484520166605, 26.724984090014697 ], [ -106.176580830026765, 26.727722050177277 ], [ -106.178729459996859, 26.744436489765754 ], [ -106.173963600005891, 26.743467369563554 ], [ -106.17043393964083, 26.750125539802852 ], [ -106.17970905000243, 26.763063060155815 ], [ -106.177626450383215, 26.772336580313645 ], [ -106.164378710112359, 26.775040230119053 ], [ -106.157793969968921, 26.770974180082089 ], [ -106.144461969635572, 26.776546819667352 ], [ -106.125262400093249, 26.779410370444744 ], [ -106.114298910262775, 26.76514389000393 ], [ -106.100642660303691, 26.75933317962161 ], [ -106.084187170452154, 26.78643785962397 ], [ -106.065048420268099, 26.827633349583284 ], [ -106.04733909037833, 26.844875910058633 ] ] ] } },
{ "type": "Feature", "properties": { "code": "10036", "stateCode": "10", "municipalityCode": "036", "name": "Tlahualilo" }, "geometry": { "type": "Polygon", "coordinates": [ [ [ -103.881188290405632, 26.754918020418689 ], [ -103.861297419959229, 26.750420819774803 ], [ -103.861298490036873, 26.75409457014996 ], [ -103.65825599949504, 26.719483949884161 ], [ -103.643891450155678, 26.690158490156509 ], [ -103.636982429944098, 26.69343577031297 ], [ -103.374183489810491, 26.602354889610545 ], [ -103.316792599823941, 26.36177618070484 ], [ -103.260825259883319, 26.284726819779685 ], [ -103.350488218818597, 26.142389951467081 ], [ -103.346605249823213, 25.876942340741561 ], [ -103.362155600399362, 25.864339310112204 ], [ -103.372862050364063, 25.867067830047734 ], [ -103.371683260429691, 25.853486550091507 ], [ -103.379677629626073, 25.85513097980143 ], [ -103.379406739847454, 25.860323549861526 ], [ -103.391597150340971, 25.856648339788176 ], [ -103.396597180339626, 25.870212279914924 ], [ -103.401853740050939, 25.874976110150261 ], [ -103.44386348965736, 25.869628829698669 ], [ -103.431941370199539, 25.857334780375457 ], [ -103.433303229684554, 25.843167690346618 ], [ -103.420816420436424, 25.845990830195905 ], [ -103.411356710349637, 25.83570655035312 ], [ -103.437687800373382, 25.829274279571578 ], [ -103.436914050449204, 25.838119289848269 ], [ -103.461425630319553, 25.84195072044032 ], [ -103.46048585952137, 25.854692139918832 ], [ -103.474190979914127, 25.85818711999276 ], [ -103.48215108960116, 25.857647740012791 ], [ -103.484797310237241, 25.831126230159757 ], [ -103.507415689748541, 25.832573539770301 ], [ -103.505598080473234, 25.865964310099066 ], [ -103.523103860473157, 25.863592880222654 ], [ -103.543092080454173, 25.865751850362884 ], [ -103.539485350467032, 25.879631109971534 ], [ -103.549951859863569, 25.875264520120883 ], [ -103.553397170448676, 25.882300999769608 ], [ -103.564442909651589, 25.87757925970471 ], [ -103.569720310412421, 25.887996830216689 ], [ -103.566271830418444, 25.896735799927548 ], [ -103.577159050489669, 25.899387999547645 ], [ -103.573339290448757, 25.912507769939996 ], [ -103.583914489663485, 25.916141970187027 ], [ -103.588887479992891, 25.912549029817775 ], [ -103.593143450073896, 25.925390369991185 ], [ -103.627614658992414, 25.901261651369829 ], [ -103.700210739621397, 26.081732140435044 ], [ -103.838135120025228, 26.210060879649902 ], [ -104.010219599673036, 26.395196979644542 ], [ -103.954537320304894, 26.440148119772246 ], [ -103.960989630149001, 26.447052629992697 ], [ -103.952985480356858, 26.453508369953479 ], [ -103.975089920035344, 26.477279910339213 ], [ -103.956268109846192, 26.492480850262925 ], [ -103.952353020123169, 26.500349600036046 ], [ -103.94485448987119, 26.541946000118113 ], [ -103.947465199628354, 26.557853309933883 ], [ -104.016115540336656, 26.560147309769064 ], [ -104.012968219967661, 26.567717319909764 ], [ -104.023723370224133, 26.568392969644062 ], [ -104.014709620420376, 26.597164109938902 ], [ -104.015342229557817, 26.629943150457837 ], [ -104.029185370283471, 26.632818400203195 ], [ -104.044020090240195, 26.642759750428535 ], [ -103.932577479891563, 26.753994980171115 ], [ -103.881188290405632, 26.754918020418689 ] ] ] } },
{ "type": "Feature", "properties": { "code": "10021", "stateCode": "10", "municipalityCode": "021", "name": "Peñón Blanco" }, "geometry": { "type": "Polygon", "coordinates": [ [ [ -104.17052522011366, 25.048639170218976 ], [ -104.182672170470653, 24.998432150415983 ], [ -104.158625779776827, 24.996763030067573 ], [ -104.14746471981303, 24.989798120366121 ], [ -104.128224849590794, 24.99211932039103 ], [ -104.121369569969445, 24.999042049894864 ], [ -104.110060059520436, 25.003736820016364 ], [ -104.103983539923874, 25.012319259924492 ], [ -104.10376935015536, 25.036906350132025 ], [ -104.097950200144865, 25.053247780164895 ], [ -104.055618080181745, 24.955656490045591 ], [ -104.027767019775055, 24.969897510116418 ], [ -103.994362419937389, 24.962888319980891 ], [ -103.981118550323458, 24.963367949714485 ], [ -103.997217319948518, 24.918967520311092 ], [ -103.981002599730957, 24.88138121957688 ], [ -103.959330079962186, 24.847892150453813 ], [ -103.944265030468145, 24.810686999750065 ], [ -103.900664880326588, 24.802041199989333 ], [ -103.866344049788268, 24.836259630017299 ], [ -103.867474939538496, 24.841493890066484 ], [ -103.854247820392004, 24.841237109570791 ], [ -103.821643860042442, 24.83078147984795 ], [ -103.829290520226408, 24.821678479876205 ], [ -103.845743340473405, 24.821474169640734 ], [ -103.831093770245445, 24.793847629934682 ], [ -103.823548909906023, 24.796070999736909 ], [ -103.832831620299345, 24.770950450279756 ], [ -103.797115849872483, 24.768576339679491 ], [ -103.79952377011719, 24.733927569774032 ], [ -103.817998829957787, 24.738208379768274 ], [ -103.814811119752704, 24.72963757008171 ], [ -103.825280519748446, 24.728004119586497 ], [ -103.829379110250585, 24.719735739977743 ], [ -103.836742719543693, 24.714511060075299 ], [ -103.843409969925276, 24.717027279586837 ], [ -103.842310650422348, 24.695284620145618 ], [ -103.853824480153051, 24.688572750254149 ], [ -103.857782150496305, 24.681865850441177 ], [ -103.837149860165724, 24.66003123018972 ], [ -103.844041370051201, 24.654775420117822 ], [ -103.838209800362009, 24.649236110208868 ], [ -103.851048600229873, 24.639330950101691 ], [ -103.848704550278839, 24.636873689606368 ], [ -103.852344949508463, 24.633824090339235 ], [ -103.854768539777723, 24.636450569644644 ], [ -103.883406120256637, 24.613866169951194 ], [ -103.891470970136083, 24.621881170240968 ], [ -103.893337479742641, 24.620503279657385 ], [ -103.895129050279536, 24.618866679863736 ], [ -103.887462879683653, 24.610562509801294 ], [ -103.902392600412398, 24.598673629787108 ], [ -103.905027060258774, 24.601527199747935 ], [ -103.908878830426488, 24.598451089714107 ], [ -103.906221460215889, 24.595628079557258 ], [ -103.911305279640828, 24.591566910177352 ], [ -103.908469339808917, 24.588782279964644 ], [ -103.912122750226956, 24.585507799901979 ], [ -103.916671739633315, 24.590455380084681 ], [ -103.928634430053634, 24.577042919786539 ], [ -103.933331149549588, 24.578686490182921 ], [ -103.959359120201213, 24.55209304988578 ], [ -103.940873279983464, 24.515856420328628 ], [ -103.972094400270677, 24.502475569837003 ], [ -103.969957339753307, 24.498469290230805 ], [ -103.975373120331739, 24.494088779712854 ], [ -103.995360939540333, 24.484335629938574 ], [ -104.003777260381312, 24.500334820227934 ], [ -104.008487290282574, 24.498359179652866 ], [ -104.010026920159177, 24.501297110305554 ], [ -104.005423030045762, 24.503276050406004 ], [ -104.010660490008405, 24.512786450081645 ], [ -104.020515710183204, 24.558837619739521 ], [ -104.023124829724395, 24.559540679605526 ], [ -104.036501170009515, 24.61221328980703 ], [ -104.035285110470056, 24.629081799803636 ], [ -104.027544949797743, 24.6329302798542 ], [ -104.035690399991921, 24.642941550098541 ], [ -104.025825219609985, 24.650471780030994 ], [ -104.039525599829375, 24.669401259934105 ], [ -104.046143199768736, 24.671551430174979 ], [ -104.047642919848741, 24.681141779579427 ], [ -104.064817829858129, 24.629111200439628 ], [ -104.103279740173321, 24.652385279920228 ], [ -104.128168460475351, 24.683520909751493 ], [ -104.182195740061232, 24.679994020255528 ], [ -104.263924490442747, 24.631647419656247 ], [ -104.215672119837762, 24.591406310085045 ], [ -104.266957289613885, 24.585718880439888 ], [ -104.268445310258159, 24.580775430010473 ], [ -104.316273179879644, 24.696577259902458 ], [ -104.253143659961253, 24.690845060168961 ], [ -104.25062685008109, 24.715263259560729 ], [ -104.322415579958218, 24.724552019590345 ], [ -104.31908035013177, 24.759649339692643 ], [ -104.257706720136341, 24.775889710141971 ], [ -104.250898259554504, 24.790890259835294 ], [ -104.264087779691621, 24.808675800308169 ], [ -104.266837510171939, 24.823331139885603 ], [ -104.274978749958464, 24.832853939785537 ], [ -104.272071150015236, 24.844210579611552 ], [ -104.27472842964464, 24.848918940421147 ], [ -104.270185859670022, 24.850920539811838 ], [ -104.273597450165028, 24.854767150387143 ], [ -104.271016450164083, 24.862451399781001 ], [ -104.275174649607678, 24.867465679758091 ], [ -104.266115380169225, 24.878963739788745 ], [ -104.261526150144775, 24.894810320142646 ], [ -104.253968019683214, 24.904197220164637 ], [ -104.257114339884509, 24.90556067963119 ], [ -104.256066599609397, 24.90805508974201 ], [ -104.270880149559062, 24.911167509978725 ], [ -104.302923910404829, 24.887717249806084 ], [ -104.311029139674673, 24.886289749967695 ], [ -104.306155200143607, 24.970573550324442 ], [ -104.315043519640497, 24.991129340228166 ], [ -104.290984909998912, 25.019044879855031 ], [ -104.289381369965028, 24.99471059979977 ], [ -104.273222489579382, 24.99774608042005 ], [ -104.261756139736576, 25.016874679955592 ], [ -104.254112780019511, 25.012043349917725 ], [ -104.249309769993104, 25.003728020025267 ], [ -104.213866000482909, 25.021242850366228 ], [ -104.218595850477016, 25.052435799920236 ], [ -104.17052522011366, 25.048639170218976 ] ] ] } },
{ "type": "Feature", "properties": { "code": "10034", "stateCode": "10", "municipalityCode": "034", "name": "Tamazula" }, "geometry": { "type": "Polygon", "coordinates": [ [ [ -106.994324520072553, 25.662232600126025 ], [ -106.922386979858672, 25.64608217020352 ], [ -106.893783689559996, 25.644291349760824 ], [ -106.899222080309912, 25.643742050069346 ], [ -106.873755980254415, 25.571864830121708 ], [ -106.817825720342213, 25.573389430324333 ], [ -106.744796369600721, 25.585163379933082 ], [ -106.702548690102589, 25.581205750328099 ], [ -106.705758139812417, 25.597349740105273 ], [ -106.698920350203991, 25.586204519692558 ], [ -106.698845909923747, 25.58083941970871 ], [ -106.681968520226249, 25.579168450118086 ], [ -106.707969850190281, 25.602451260260963 ], [ -106.680244939926638, 25.589323089622933 ], [ -106.671419850006174, 25.567421650106386 ], [ -106.659326479757411, 25.564517119910871 ], [ -106.652826309607917, 25.558843620331682 ], [ -106.652654200471261, 25.54931536956099 ], [ -106.645485519802591, 25.531666739810571 ], [ -106.647408340374483, 25.515981619783201 ], [ -106.64260601986183, 25.511834520072647 ], [ -106.64495437955965, 25.5038138802616 ], [ -106.648303399658843, 25.497646740136307 ], [ -106.659690750461436, 25.492972449971194 ], [ -106.663064879755936, 25.48382684980152 ], [ -106.669756879926013, 25.477797280046563 ], [ -106.66937548036924, 25.471717999554858 ], [ -106.675240000093666, 25.468062480246751 ], [ -106.676652479719166, 25.460087780090234 ], [ -106.690015490379665, 25.444344170304923 ], [ -106.67875811036798, 25.435218619735227 ], [ -106.680779690481543, 25.429852519748835 ], [ -106.676712150344216, 25.425333980097303 ], [ -106.678674139808237, 25.415763089625997 ], [ -106.675133660058989, 25.411324680052537 ], [ -106.679897430191588, 25.406597319705895 ], [ -106.674881660424646, 25.399535369640255 ], [ -106.740579980097252, 25.38618218026048 ], [ -106.78304720035851, 25.409633630119888 ], [ -106.813209689895601, 25.388706919998647 ], [ -106.869692180416905, 25.336157109905102 ], [ -106.865738029594468, 25.324047280366955 ], [ -106.854035310386593, 25.318375109784391 ], [ -106.866827710050146, 25.319380280025577 ], [ -106.875668169603017, 25.326654660023003 ], [ -106.883390910461074, 25.327657690057475 ], [ -106.892184490215826, 25.322677510380753 ], [ -106.900307520404411, 25.322200999621739 ], [ -106.905128079667094, 25.319636620220454 ], [ -106.906490079729608, 25.308829080411773 ], [ -106.898850260023906, 25.300232709655091 ], [ -106.901469459673478, 25.29160679988231 ], [ -106.924473080333826, 25.284126020023265 ], [ -106.933358850183751, 25.287021619954036 ], [ -106.941408280010961, 25.281141940327913 ], [ -106.954767450213154, 25.282076920221659 ], [ -106.944786250086125, 25.25755032013177 ], [ -106.890467599601067, 25.224936970381819 ], [ -106.883926370070796, 25.208016829964357 ], [ -106.867803719596068, 25.203182090464281 ], [ -106.868567170096853, 25.200001549584012 ], [ -106.857020400166007, 25.19622110988146 ], [ -106.858690379515309, 25.188558649996963 ], [ -106.850625709795068, 25.190129449917304 ], [ -106.851055489730129, 25.186486800233862 ], [ -106.842906819788624, 25.183457819822671 ], [ -106.851759879580626, 25.18012531042103 ], [ -106.850902950001384, 25.177034510150904 ], [ -106.855147110428092, 25.17539072022684 ], [ -106.854751969952773, 25.164387769890062 ], [ -106.858079950059363, 25.159246629630786 ], [ -106.852629280067632, 25.148664580414465 ], [ -106.862057459611108, 25.146045619589469 ], [ -106.861111420392291, 25.141321910106182 ], [ -106.868523750165622, 25.14171657987729 ], [ -106.869097019688965, 25.145821170191546 ], [ -106.873761909686181, 25.146406970379687 ], [ -106.880034940379062, 25.136931149946133 ], [ -106.884123459943453, 25.138283000200833 ], [ -106.889365630470508, 25.133739420119376 ], [ -106.877014430257731, 25.109081260021551 ], [ -106.865629259588232, 25.091680149909749 ], [ -106.851365880337454, 25.099473579929832 ], [ -106.831951520027872, 25.100577309883306 ], [ -106.762439799981223, 25.132496689850534 ], [ -106.755320550438185, 25.131944780102639 ], [ -106.754088890327836, 25.134750139745183 ], [ -106.67987791981335, 25.09403816960981 ], [ -106.68773594965829, 25.064363119570942 ], [ -106.659432979885764, 25.065869049590113 ], [ -106.666901919539868, 25.044110920019886 ], [ -106.660922490408709, 25.027146720243099 ], [ -106.677978709810745, 25.02310374001997 ], [ -106.683408419603538, 25.012141939572089 ], [ -106.66251155031263, 24.960733219781293 ], [ -106.63745355029863, 24.947617400248348 ], [ -106.611795049722147, 24.950306000362911 ], [ -106.584044599515877, 24.924357829591077 ], [ -106.585119280013075, 24.914221879832589 ], [ -106.579986250249732, 24.91007734989638 ], [ -106.582739659983901, 24.902202649975102 ], [ -106.581215939702275, 24.895529020157039 ], [ -106.572327170067936, 24.891979430295986 ], [ -106.569433490039529, 24.887252509766096 ], [ -106.571255550083904, 24.8855608901988 ], [ -106.566849170472977, 24.873074050282376 ], [ -106.568719819757575, 24.869432200060754 ], [ -106.565862939685474, 24.8570260896646 ], [ -106.561571449529112, 24.859226600219465 ], [ -106.554123480301172, 24.856571479787039 ], [ -106.549952049681849, 24.846958980333095 ], [ -106.535213419560549, 24.842527830193593 ], [ -106.546524779738206, 24.833969400230973 ], [ -106.549542620096432, 24.826293679960838 ], [ -106.534794690378916, 24.829752059728069 ], [ -106.536744170303621, 24.833694200363954 ], [ -106.531543780328178, 24.832667630314596 ], [ -106.528052949941625, 24.841705510387033 ], [ -106.511428059945644, 24.82607307969549 ], [ -106.501471030127107, 24.820886400102989 ], [ -106.500868220308249, 24.815493980004721 ], [ -106.493295619890205, 24.812501119943335 ], [ -106.495363479647466, 24.806414180057534 ], [ -106.490798950157924, 24.803232719753709 ], [ -106.491621000098021, 24.796723000156842 ], [ -106.488539479832326, 24.79680981991233 ], [ -106.486033460482076, 24.79174991004216 ], [ -106.490482549752429, 24.789030169959922 ], [ -106.491648999803331, 24.780780059822153 ], [ -106.497226920274485, 24.776118249897145 ], [ -106.495233170101002, 24.765903140090057 ], [ -106.503321349911431, 24.766424680236057 ], [ -106.50233346014528, 24.753727580359488 ], [ -106.509707140246704, 24.753052449653264 ], [ -106.506409860410301, 24.743203909652028 ], [ -106.51311182989518, 24.7400970601559 ], [ -106.509527510141822, 24.735405859639393 ], [ -106.514884370470483, 24.728330090270255 ], [ -106.517601449655785, 24.715255999646629 ], [ -106.527104079999731, 24.707215180192051 ], [ -106.496503169866969, 24.715153709615379 ], [ -106.48577437040754, 24.73856508990951 ], [ -106.432223980070447, 24.770421030224771 ], [ -106.418399420320753, 24.78289851022798 ], [ -106.39521860007099, 24.749272349876954 ], [ -106.384261000470289, 24.753120980405775 ], [ -106.381062490006798, 24.744399689671592 ], [ -106.367329400167364, 24.749755450031589 ], [ -106.302091049961859, 24.745164079904626 ], [ -106.296598049630475, 24.75028057993206 ], [ -106.299317179617262, 24.758614259963416 ], [ -106.296713369561004, 24.766647289654536 ], [ -106.28631914005831, 24.773359370261623 ], [ -106.257883090283414, 24.753668079731973 ], [ -106.226555000335992, 24.751992380155659 ], [ -106.220608739838539, 24.744725119843572 ], [ -106.222714419325698, 24.737531970937464 ], [ -106.150582859521975, 24.733739830246925 ], [ -106.227167649435927, 24.681254020432419 ], [ -106.201813649193028, 24.642623350116668 ], [ -106.196996569513985, 24.609803579799532 ], [ -106.200689350329057, 24.604272620131372 ], [ -106.168407199088733, 24.581049059717827 ], [ -106.176736629609636, 24.560027720260472 ], [ -106.166912518874909, 24.561039510962505 ], [ -106.166339059148612, 24.553455450189414 ], [ -106.158179629534303, 24.549250970581998 ], [ -106.15506850967634, 24.540213369629068 ], [ -106.142742820128049, 24.52572722024194 ], [ -106.176741419762152, 24.513381370041305 ], [ -106.182571510081956, 24.499035320208844 ], [ -106.173508659848991, 24.488756319634192 ], [ -106.205898980010076, 24.478108249579254 ], [ -106.171260570040545, 24.447306429731505 ], [ -106.16055732009923, 24.371425679648031 ], [ -106.152539620345721, 24.338770370138796 ], [ -106.169975200462005, 24.333650180360952 ], [ -106.194405660032828, 24.351785110113372 ], [ -106.268869419687945, 24.374755289797406 ], [ -106.327848259987931, 24.361062999814582 ], [ -106.33632981959218, 24.355695320162461 ], [ -106.346145279659524, 24.344933979937228 ], [ -106.352623690322091, 24.316468150278695 ], [ -106.367544660214008, 24.301940799716643 ], [ -106.429470090465699, 24.285074310407737 ], [ -106.469654660443609, 24.277856949974144 ], [ -106.509096600351384, 24.29113931031036 ], [ -106.517093550344057, 24.286984259675577 ], [ -106.527991220454865, 24.295123739661125 ], [ -106.534088919826743, 24.309547779904872 ], [ -106.585958619996518, 24.379000309992382 ], [ -106.583465659692905, 24.39026991988127 ], [ -106.595288369782168, 24.409472200299426 ], [ -106.601588309836202, 24.414565850295588 ], [ -106.569276020066724, 24.43702057982108 ], [ -106.568321540490118, 24.453099179995998 ], [ -106.562838420121381, 24.458784279580996 ], [ -106.560015800449989, 24.472710620296709 ], [ -106.573169689624237, 24.477626939665182 ], [ -106.58375865988188, 24.490759909795774 ], [ -106.591573919686539, 24.491431090096693 ], [ -106.593652739525581, 24.495058739605007 ], [ -106.599092310408608, 24.49099457013477 ], [ -106.600361720213428, 24.483210820101537 ], [ -106.609994939524967, 24.497851280456743 ], [ -106.624775000083872, 24.500236050175754 ], [ -106.630067079994504, 24.506503139551111 ], [ -106.622607000297918, 24.524896679656901 ], [ -106.632237829828455, 24.529989510257892 ], [ -106.645460659663925, 24.528979459677309 ], [ -106.683608599783852, 24.598530479778923 ], [ -106.689050400062925, 24.623753720313221 ], [ -106.705948369794328, 24.665261660057585 ], [ -106.784254290395594, 24.741456430133223 ], [ -106.793010719792164, 24.743910340409467 ], [ -106.796128710198644, 24.753361140379067 ], [ -106.865852879669575, 24.822955339600114 ], [ -106.902948879571341, 24.828387850226694 ], [ -106.919276780164694, 24.813953119818404 ], [ -106.93066256989097, 24.820916680431829 ], [ -106.938060940364934, 24.835251020413761 ], [ -106.946487820435408, 24.839753170434754 ], [ -106.943136689967488, 24.843057460092126 ], [ -106.94396112044862, 24.851527370376576 ], [ -106.946393248685311, 24.85850792000825 ], [ -106.951418108564752, 24.859023719722934 ], [ -106.927080258669022, 24.866624379963277 ], [ -106.932862890486078, 24.871479289792447 ], [ -106.93061611955514, 24.873473110145081 ], [ -106.934507649802981, 24.880535849593219 ], [ -106.946278079263195, 24.888951740193818 ], [ -106.951009450280154, 24.887996659642027 ], [ -106.973249419948544, 24.909614690371814 ], [ -107.000575430159614, 24.92824102031835 ], [ -107.021052879639726, 24.909908280182464 ], [ -107.025146679126152, 24.928380510179391 ], [ -107.01834390954491, 24.933617370092765 ], [ -107.060419800123768, 25.002427429674285 ], [ -107.066504290398669, 25.020396879905292 ], [ -107.063571289028104, 25.025255349963746 ], [ -107.067399000395483, 25.030155200093901 ], [ -107.12989162963801, 25.053138800209872 ], [ -107.124918548918544, 25.186639830140575 ], [ -107.129013689934368, 25.188401370137182 ], [ -107.148774799055047, 25.224548139644536 ], [ -107.132021370258343, 25.226711799703242 ], [ -107.131675058693958, 25.2322022303495 ], [ -107.121057118538559, 25.243111219810476 ], [ -107.157202750247933, 25.261764979760414 ], [ -107.207816570355817, 25.33156422966076 ], [ -107.171550799956378, 25.326357879678767 ], [ -107.210132230315395, 25.417100510234381 ], [ -107.184874400462206, 25.436815800069642 ], [ -107.158690550092174, 25.441992140070187 ], [ -107.16095726042029, 25.444800520109801 ], [ -107.155795680167657, 25.446871580382638 ], [ -107.15656180014382, 25.456423660351003 ], [ -107.150542849517848, 25.458044450240557 ], [ -107.153130749881498, 25.461091769678102 ], [ -107.151117430420115, 25.47669789000884 ], [ -107.139294969860828, 25.489564859728468 ], [ -107.139822309760888, 25.496620889964536 ], [ -107.147684230358209, 25.505027220434975 ], [ -107.166290289520688, 25.502995319766967 ], [ -107.178117320038382, 25.515176370289627 ], [ -107.175972800071804, 25.522706750177189 ], [ -107.172010830346125, 25.523843379871213 ], [ -107.174254380284282, 25.529101289861622 ], [ -107.169506400043915, 25.532467799595135 ], [ -107.173449090421258, 25.533714079803978 ], [ -107.176880459591047, 25.540819629746235 ], [ -107.176167520126768, 25.544403850064498 ], [ -107.171828889965397, 25.542798940386422 ], [ -107.175165029907859, 25.549198319627219 ], [ -107.172614689593601, 25.551702050136115 ], [ -107.173879490384465, 25.556552569955908 ], [ -107.170069910409424, 25.559546820399031 ], [ -107.138749350068551, 25.560095089944902 ], [ -107.138264049661984, 25.552198429729341 ], [ -107.124564860271349, 25.550414379992937 ], [ -107.119534289721003, 25.554221710348454 ], [ -107.121127219497467, 25.556411309788459 ], [ -107.113080939598561, 25.561060289637908 ], [ -107.034159320278434, 25.596323199642985 ], [ -106.973290459760776, 25.629570429810052 ], [ -106.994324520072553, 25.662232600126025 ] ] ] } },
{ "type": "Feature", "properties": { "code": "10024", "stateCode": "10", "municipalityCode": "024", "name": "Rodeo" }, "geometry": { "type": "Polygon", "coordinates": [ [ [ -104.612386379825267, 25.428196249701966 ], [ -104.49679318039658, 25.365757799750323 ], [ -104.415232049740169, 25.309837550204254 ], [ -104.40239085954839, 25.314572890330403 ], [ -104.3697521400764, 25.259070260217182 ], [ -104.382067180017089, 25.251789370428803 ], [ -104.367888629850256, 25.256296020076185 ], [ -104.366756339967154, 25.198724490405532 ], [ -104.356791660467522, 25.18949614009831 ], [ -104.365374709790061, 25.183504310229434 ], [ -104.366010249883246, 25.128600369965802 ], [ -104.380099950356865, 25.135732919820114 ], [ -104.383451750200152, 25.133859919696231 ], [ -104.374353289757664, 25.110471800451894 ], [ -104.374806109607505, 25.071186569563007 ], [ -104.362618980317237, 25.056934569842955 ], [ -104.356641510398831, 25.021866049780812 ], [ -104.391363550403042, 25.018202719848691 ], [ -104.398843940388261, 25.014614219803395 ], [ -104.396686999965993, 25.026147120406499 ], [ -104.405714400051608, 25.027940570154474 ], [ -104.40869642016898, 25.017115079800451 ], [ -104.413348630177708, 25.015170800090026 ], [ -104.416584689816176, 25.020759379585098 ], [ -104.426828680294363, 25.02507433987067 ], [ -104.445236169885703, 25.02020689025515 ], [ -104.453229180422653, 25.026859720329515 ], [ -104.471546420438813, 25.027986080194477 ], [ -104.475844950368995, 25.014617170293551 ], [ -104.472168029550616, 25.002335919860574 ], [ -104.492897380130387, 24.991522650067669 ], [ -104.501405030226294, 24.990147800353792 ], [ -104.499412200382267, 24.983835120354616 ], [ -104.594126680191906, 24.95617482009629 ], [ -104.595512909810793, 24.965626450115771 ], [ -104.627169679932621, 24.995913049639761 ], [ -104.620372580465883, 25.028196949579961 ], [ -104.61985273965486, 25.058777230048406 ], [ -104.624917310282768, 25.090590970304543 ], [ -104.650804349736703, 25.12872709036742 ], [ -104.683081029737394, 25.110670490169412 ], [ -104.687061580289225, 25.115844450349716 ], [ -104.680677539561017, 25.120706850022447 ], [ -104.684791549677911, 25.126463109653901 ], [ -104.683127780277928, 25.130771800398502 ], [ -104.689899780460678, 25.13522047999626 ], [ -104.690378749853323, 25.139330979691085 ], [ -104.698757550275417, 25.131145119944996 ], [ -104.715397029766407, 25.129669020120758 ], [ -104.740924280146373, 25.148795860364935 ], [ -104.774303449615061, 25.127165080028355 ], [ -104.769712059500222, 25.151071379868462 ], [ -104.785267719714852, 25.150465550015475 ], [ -104.771473109517615, 25.180047540174389 ], [ -104.8251154199247, 25.216971179635898 ], [ -104.798278229641539, 25.273635220170789 ], [ -104.805563279731004, 25.267430049691324 ], [ -104.810225120469028, 25.277965540432518 ], [ -104.794293420187046, 25.286687600239169 ], [ -104.790160258687592, 25.300222910135329 ], [ -104.780225259989365, 25.294390830243838 ], [ -104.747576660094055, 25.312254289593596 ], [ -104.756671949974404, 25.2925058901575 ], [ -104.739771890272408, 25.28690479988666 ], [ -104.703386049587365, 25.316776430071577 ], [ -104.701680080017582, 25.327688550436509 ], [ -104.708820740300084, 25.326928719891406 ], [ -104.718991139558184, 25.33115762959352 ], [ -104.713153029024426, 25.338783089630937 ], [ -104.715409769709126, 25.343196550163693 ], [ -104.709716829612887, 25.361667490242567 ], [ -104.674394200313884, 25.340370620266548 ], [ -104.667757400394677, 25.359587980168715 ], [ -104.659404650312112, 25.370298279859067 ], [ -104.643862599925029, 25.361182079823251 ], [ -104.632316030434495, 25.377398459797064 ], [ -104.625374030093482, 25.39500427987015 ], [ -104.642375969871964, 25.398827600182941 ], [ -104.622239089722243, 25.42644651027917 ], [ -104.612386379825267, 25.428196249701966 ] ] ] } },
{ "type": "Feature", "properties": { "code": "10012", "stateCode": "10", "municipalityCode": "012", "name": "Lerdo" }, "geometry": { "type": "Polygon", "coordinates": [ [ [ -103.912838369555573, 25.767385550212623 ], [ -103.845708889663896, 25.767642679808148 ], [ -103.813989020216525, 25.758543520395126 ], [ -103.70551083001007, 25.747951859595283 ], [ -103.637698620363807, 25.680956419544742 ], [ -103.651616819604158, 25.669244740277882 ], [ -103.629316230286975, 25.644139660355751 ], [ -103.613654400387645, 25.65710628992338 ], [ -103.593498739870682, 25.6371045495634 ], [ -103.608477310467663, 25.624679450415037 ], [ -103.605155399582799, 25.619201799550829 ], [ -103.601877880087187, 25.621980420079492 ], [ -103.598971540379551, 25.618621890292498 ], [ -103.595897200444384, 25.621164109925072 ], [ -103.591867939571074, 25.618596519935242 ], [ -103.597147450417253, 25.614784979654903 ], [ -103.593797080257175, 25.609855140243006 ], [ -103.589764339593799, 25.610096489782592 ], [ -103.588230179765191, 25.606134430256436 ], [ -103.593276259830077, 25.603372350040154 ], [ -103.58919206033859, 25.602376770331478 ], [ -103.587283569956284, 25.596011550300386 ], [ -103.577184049527062, 25.59815647977662 ], [ -103.576515579554524, 25.593424750339906 ], [ -103.569352940345368, 25.587923519690278 ], [ -103.555851549754493, 25.599677550015134 ], [ -103.549359770497972, 25.593613920016338 ], [ -103.547605979804956, 25.59619245041447 ], [ -103.544845569879143, 25.589265570136021 ], [ -103.499078980141377, 25.546312460146456 ], [ -103.500823949661793, 25.53557735014682 ], [ -103.493239377311554, 25.538530452103814 ], [ -103.4757789701452, 25.51745812028128 ], [ -103.435728550196458, 25.479073979845051 ], [ -103.398747649516693, 25.450600380074356 ], [ -103.390651289827034, 25.434591149843488 ], [ -103.369062000432194, 25.416460719896783 ], [ -103.341367719809142, 25.410142229910964 ], [ -103.337632479904983, 25.397181849872773 ], [ -103.336916199561273, 25.371231140408632 ], [ -103.35122842024515, 25.37297734985512 ], [ -103.365519429689741, 25.393156280032734 ], [ -103.380461720217312, 25.390956450122179 ], [ -103.390495049593483, 25.397392580162169 ], [ -103.397346230242874, 25.395323940372744 ], [ -103.406699169728384, 25.398901400298762 ], [ -103.46227107967934, 25.376192980399153 ], [ -103.461087600426353, 25.370646090404357 ], [ -103.466216629756033, 25.352348169835061 ], [ -103.480420479754457, 25.334336630203396 ], [ -103.486483320467556, 25.332861830376011 ], [ -103.4792501500703, 25.323924779683864 ], [ -103.485786109667018, 25.314835859989394 ], [ -103.495742890088195, 25.31110945978763 ], [ -103.498510260204142, 25.294127829615288 ], [ -103.509752599940796, 25.290889450214877 ], [ -103.507386630188122, 25.284350289968987 ], [ -103.510936630186919, 25.279816599673342 ], [ -103.505833140328477, 25.276568739982938 ], [ -103.513891740058526, 25.278712599732767 ], [ -103.506001800335071, 25.267564599935799 ], [ -103.508472720354746, 25.240528750079456 ], [ -103.514679179508448, 25.230731339905343 ], [ -103.530518119593438, 25.221941710118042 ], [ -103.610200779905583, 25.195326020072137 ], [ -103.678953689680412, 25.182827769774413 ], [ -103.683848920500978, 25.188589550283222 ], [ -103.693900029909756, 25.190852229722875 ], [ -103.706297480447915, 25.184990449676405 ], [ -103.707004370092605, 25.189209510201302 ], [ -103.716081289657012, 25.180136030032482 ], [ -103.716278139714078, 25.174233540144336 ], [ -103.753552739509232, 25.192245859595435 ], [ -103.768912449887921, 25.228401720421214 ], [ -103.765314950444335, 25.242604349584635 ], [ -103.773770139632617, 25.268114689645895 ], [ -103.767341459807724, 25.27475267976163 ], [ -103.777970019701044, 25.270126879976619 ], [ -103.782496090174988, 25.278222849705955 ], [ -103.78600736959973, 25.279026629551325 ], [ -103.789043769773627, 25.289932770147011 ], [ -103.822686569825819, 25.350061449661546 ], [ -103.809347630103602, 25.362809830354813 ], [ -103.793031180337337, 25.392632399905459 ], [ -103.848301200211125, 25.461309660396598 ], [ -103.902295219593881, 25.452464230023669 ], [ -103.904984419974568, 25.472090719920264 ], [ -103.949357829809202, 25.458274020015605 ], [ -103.953013289949865, 25.47252769042921 ], [ -103.971071850435365, 25.50581978004805 ], [ -103.971075289653143, 25.51365183032474 ], [ -103.967737849958581, 25.517779630327759 ], [ -103.972229019795307, 25.520167379858272 ], [ -103.973215519581288, 25.537827399761554 ], [ -103.977608339886402, 25.549682000287753 ], [ -103.936352600174331, 25.491586140114276 ], [ -103.898851219740322, 25.498395230018414 ], [ -103.893520950443957, 25.47424105959135 ], [ -103.863282430490173, 25.479908629881141 ], [ -103.887085920155812, 25.540608969576994 ], [ -103.855671379812293, 25.539381770311714 ], [ -103.861675169994029, 25.553266340060159 ], [ -103.865358249618396, 25.560933509959582 ], [ -103.913842769887694, 25.562739890284188 ], [ -103.909551049648286, 25.624013829996077 ], [ -103.898184480437607, 25.627742290078526 ], [ -103.944898970124328, 25.688127149621398 ], [ -103.954250830120486, 25.683358890121742 ], [ -103.965651659548499, 25.705466340343538 ], [ -103.960832689680075, 25.708181889973932 ], [ -103.966374380013278, 25.715154920051546 ], [ -103.926362919606319, 25.728157619872366 ], [ -103.93449845014085, 25.743550379863091 ], [ -103.928590450296298, 25.746952380410089 ], [ -103.934369999820248, 25.747279910318365 ], [ -103.93925322002066, 25.752584740297472 ], [ -103.912838369555573, 25.767385550212623 ] ] ] } },
{ "type": "Feature", "properties": { "code": "10039", "stateCode": "10", "municipalityCode": "039", "name": "Nuevo Ideal" }, "geometry": { "type": "Polygon", "coordinates": [ [ [ -105.006521950024407, 25.116829970187769 ], [ -105.001813850038928, 25.10127315005866 ], [ -104.989737549876068, 25.092520249669182 ], [ -104.991327000283036, 25.087143150254612 ], [ -104.98635406022855, 25.083281029791468 ], [ -104.982019569749639, 25.081676550019086 ], [ -104.978374890333129, 25.084067769900248 ], [ -104.968641850276413, 25.096457539624982 ], [ -104.960351769873881, 25.089841020295196 ], [ -104.961111430339344, 25.078285340042406 ], [ -104.952241220129167, 25.081430229620654 ], [ -104.959628119838399, 25.053972719922712 ], [ -104.92874211020974, 25.047848199548628 ], [ -104.928142280143717, 25.005678689710773 ], [ -104.914398510231635, 25.004890830098798 ], [ -104.910461649655161, 25.013365799914965 ], [ -104.901720750077246, 25.018390140403017 ], [ -104.881303629917426, 25.021083779879582 ], [ -104.856437370056639, 25.005636709993734 ], [ -104.85064222993239, 24.991735170034111 ], [ -104.837552830180101, 24.98873454980901 ], [ -104.837771250337113, 24.982005539667199 ], [ -104.798155889632085, 24.947024349629306 ], [ -104.790326029599157, 24.929721909753255 ], [ -104.739740749625895, 24.946388310032784 ], [ -104.753333949888258, 24.88667621973125 ], [ -104.72184230968692, 24.844966580063964 ], [ -104.79484610962291, 24.832541769927477 ], [ -104.808205819731114, 24.836558259689884 ], [ -104.835469690074916, 24.823487000234064 ], [ -104.843236550146329, 24.823808939587106 ], [ -104.853228179918005, 24.8194380499395 ], [ -104.852924279914276, 24.815078030058029 ], [ -104.878370750318197, 24.796286539636768 ], [ -104.871851720227937, 24.808586829755718 ], [ -104.907365420019772, 24.796415079736086 ], [ -104.929200050244447, 24.793480600408486 ], [ -104.935148120066486, 24.782817309592275 ], [ -104.927596320449695, 24.773849019858009 ], [ -104.934778820380842, 24.768008940309201 ], [ -104.931544279924182, 24.760807820354138 ], [ -104.955098179723791, 24.754849620327196 ], [ -104.947859169933551, 24.720594920240245 ], [ -104.950096080235127, 24.704104339974087 ], [ -104.947141030369608, 24.700239260434643 ], [ -104.931314950026291, 24.710338680202987 ], [ -104.928162849694999, 24.698660520195542 ], [ -104.933697180378402, 24.697232919674146 ], [ -104.924119430148792, 24.675872419983957 ], [ -104.900729710031413, 24.684183430381427 ], [ -105.005282249652808, 24.58514282986733 ], [ -105.01952493979843, 24.618932659600169 ], [ -105.036609569687414, 24.608434000233729 ], [ -105.019645979687297, 24.571291319899071 ], [ -105.034530709969928, 24.557467750182727 ], [ -105.101398510007954, 24.606583310218191 ], [ -105.110092539885514, 24.603231579970512 ], [ -105.112681059591978, 24.614202550071916 ], [ -105.164810350264943, 24.672332379936798 ], [ -105.211963319942186, 24.645285000454173 ], [ -105.259733180198239, 24.622918340404201 ], [ -105.263047550023558, 24.625014280299101 ], [ -105.255324969736179, 24.627504110213632 ], [ -105.245163780286518, 24.67332352031044 ], [ -105.222007690316303, 24.683956750376211 ], [ -105.219955599686571, 24.701944709629917 ], [ -105.28051008993593, 24.701292769772227 ], [ -105.280755369975267, 24.707902970453468 ], [ -105.290567419600407, 24.703606029563744 ], [ -105.29030198020925, 24.70878888976506 ], [ -105.285123220449762, 24.714159650376363 ], [ -105.286193479772322, 24.720465079985541 ], [ -105.301968289929107, 24.731960739655573 ], [ -105.304591689795771, 24.740706629674207 ], [ -105.314256650158498, 24.742679349844618 ], [ -105.319805179957896, 24.767052170059156 ], [ -105.30086450972955, 24.76682386000483 ], [ -105.29507331972691, 24.76184602036404 ], [ -105.283371079749102, 24.76472148997556 ], [ -105.278952379609379, 24.762832779696939 ], [ -105.284554060233773, 24.770713150328579 ], [ -105.295261750107358, 24.776245319616297 ], [ -105.298270779806259, 24.784002710433864 ], [ -105.23772991980438, 24.800011029792646 ], [ -105.245725660087857, 24.827517739568616 ], [ -105.266463280246754, 24.872604310329343 ], [ -105.24027578034999, 24.875915289813609 ], [ -105.210709750340982, 24.890927520023087 ], [ -105.140820860109741, 24.899232420414737 ], [ -105.161629780106679, 24.928873679831948 ], [ -105.212886400066765, 24.906862340310557 ], [ -105.215745220170888, 24.91856394985755 ], [ -105.209146450134085, 24.926472780450457 ], [ -105.20826637043416, 24.937459219804545 ], [ -105.193808850114934, 24.945271320052996 ], [ -105.185002490328216, 24.965963660178804 ], [ -105.183828279764015, 24.963518350314335 ], [ -105.175103889853133, 24.974489540042892 ], [ -105.16729818018392, 24.973737340014015 ], [ -105.160659109586263, 24.984468739889103 ], [ -105.174642629931427, 24.991949799674178 ], [ -105.169736749940739, 24.999423720054875 ], [ -105.163108249576624, 24.995934750280725 ], [ -105.159954430259518, 25.001001080322666 ], [ -105.162103120244367, 25.0021765802069 ], [ -105.156858490325376, 25.014522830286921 ], [ -105.158979879993495, 25.015698419588052 ], [ -105.14977917975834, 25.029751620146868 ], [ -105.157158400037716, 25.037444250198842 ], [ -105.150276430277302, 25.0398066000661 ], [ -105.152724120283935, 25.041075859669359 ], [ -105.150197219548517, 25.044754139948797 ], [ -105.153259379871159, 25.046441949952754 ], [ -105.147986720128472, 25.054340370317188 ], [ -105.139409249699128, 25.049570650189455 ], [ -105.136022690448158, 25.054793980279815 ], [ -105.129607179885198, 25.051183580036028 ], [ -105.119579649712449, 25.066172049825632 ], [ -105.115022450087366, 25.06319805014909 ], [ -105.111834380141971, 25.068655109812827 ], [ -105.119264600492727, 25.097327830000246 ], [ -105.113959999917739, 25.102592350254348 ], [ -105.079950659513742, 25.090239579556044 ], [ -105.064405999705372, 25.111204509819459 ], [ -105.037458820059712, 25.111907199967533 ], [ -105.027470620098327, 25.11589728025438 ], [ -105.030623830255621, 25.103006459781501 ], [ -105.006521950024407, 25.116829970187769 ] ] ] } },
{ "type": "Feature", "properties": { "code": "10018", "stateCode": "10", "municipalityCode": "018", "name": "El Oro" }, "geometry": { "type": "Polygon", "coordinates": [ [ [ -105.361297969132266, 26.080356579887983 ], [ -105.334283570472309, 26.032124650327212 ], [ -105.333918170097732, 26.025968060170943 ], [ -105.331394710502437, 26.025984090442936 ], [ -105.326012888676289, 26.03866168009186 ], [ -105.316804619794567, 26.024690580113159 ], [ -105.321577780373374, 26.018904309674433 ], [ -105.302628740164067, 25.984956800038177 ], [ -105.322449180341366, 25.975890549756816 ], [ -105.317773799648663, 25.95095006033544 ], [ -105.307629799199688, 25.941174020079799 ], [ -105.311309419479088, 25.938791850121657 ], [ -105.31239434955836, 25.925708029880415 ], [ -105.319302260364879, 25.917153319894648 ], [ -105.322266060302056, 25.89267611002218 ], [ -105.299859710427256, 25.898136570300601 ], [ -105.301195280499982, 25.871668479990866 ], [ -105.294454830025074, 25.869171219698043 ], [ -105.272994680018414, 25.834732420156914 ], [ -105.275531579747593, 25.832995079850516 ], [ -105.236981320450653, 25.82869968027628 ], [ -105.22864702004523, 25.80687942010778 ], [ -105.229246139095011, 25.789670630442583 ], [ -105.245741338931055, 25.765768290394778 ], [ -105.225443798883731, 25.744763850340949 ], [ -105.221404859617849, 25.731802519691986 ], [ -105.228761940162798, 25.725361950134676 ], [ -105.22042490925179, 25.723477950233917 ], [ -105.214720250269167, 25.710594949995443 ], [ -105.2222721092174, 25.701160420340496 ], [ -105.212926318615359, 25.693720770426353 ], [ -105.210627419545276, 25.696747309630044 ], [ -105.204862059042625, 25.69399301958229 ], [ -105.189869509855001, 25.707375220172118 ], [ -105.172794569142951, 25.700912199741218 ], [ -105.165055770439182, 25.694634779951279 ], [ -105.15940939940208, 25.695844020266897 ], [ -105.149651628724584, 25.692148349868571 ], [ -105.120057348969027, 25.725995229658587 ], [ -105.114301029708855, 25.740587050232588 ], [ -105.116211379566622, 25.743950980055256 ], [ -105.111070380414006, 25.743647079716542 ], [ -105.101535140067682, 25.724401059881099 ], [ -105.081454049799632, 25.716197649779179 ], [ -105.067364649760918, 25.698306080048802 ], [ -105.092528419882569, 25.680251519671593 ], [ -105.077590599851064, 25.654409320245527 ], [ -105.082012338537695, 25.623545620286436 ], [ -105.07293180041161, 25.606659029882987 ], [ -105.066736319254716, 25.580782430258456 ], [ -105.068736799980869, 25.579374310314094 ], [ -105.042585030150704, 25.545259049926553 ], [ -105.060032879887771, 25.53524628978505 ], [ -105.057436579315009, 25.527713520251044 ], [ -105.063308979187113, 25.508077649893107 ], [ -105.059480340380816, 25.505293459809366 ], [ -105.054381629151521, 25.508306109675015 ], [ -105.043810258653949, 25.504968150163808 ], [ -104.988933480054854, 25.445944620050959 ], [ -104.961507308643121, 25.470549219748015 ], [ -104.957541649070535, 25.477310630166311 ], [ -104.957379938931865, 25.494629220152881 ], [ -104.930349948916884, 25.495991340421611 ], [ -104.930939939772387, 25.471581649918772 ], [ -104.912430600506895, 25.465917550391342 ], [ -104.91424110877594, 25.448622540051776 ], [ -104.909559200142198, 25.437911490122243 ], [ -104.905427998620269, 25.454012230031491 ], [ -104.893761580429768, 25.441257020351909 ], [ -104.886352510441839, 25.449548380320643 ], [ -104.876146180235651, 25.449923619902815 ], [ -104.869472569542154, 25.444993380388087 ], [ -104.848471250097234, 25.439849570167546 ], [ -104.842350149529167, 25.436378739859496 ], [ -104.839811308979449, 25.430592170361695 ], [ -104.830452488900733, 25.429619619947118 ], [ -104.832425829681398, 25.417313549734462 ], [ -104.825836058904684, 25.417881179629351 ], [ -104.821547120241789, 25.423718949604648 ], [ -104.814664198646952, 25.422817650232432 ], [ -104.80829636976479, 25.403198049653628 ], [ -104.794627110371962, 25.397361199822743 ], [ -104.795307818865112, 25.386604650132085 ], [ -104.78873876974049, 25.384877259975369 ], [ -104.780219119817886, 25.390548050331436 ], [ -104.769079109949871, 25.386227169923156 ], [ -104.768728400102347, 25.375997090051467 ], [ -104.758773248557887, 25.373389850284632 ], [ -104.756379889011853, 25.366147749770516 ], [ -104.750938278950343, 25.367844170238023 ], [ -104.741011250005982, 25.361205919933457 ], [ -104.735984429827212, 25.363348490189505 ], [ -104.726838018844617, 25.358283020219474 ], [ -104.724603399742151, 25.349845370005855 ], [ -104.713887220155058, 25.341117939738798 ], [ -104.714622578966797, 25.335259459716713 ], [ -104.718991139558184, 25.33115762959352 ], [ -104.716714219094868, 25.328563950089478 ], [ -104.701680080017582, 25.327688550436509 ], [ -104.703386049587365, 25.316776430071577 ], [ -104.739771890272408, 25.28690479988666 ], [ -104.756671949974404, 25.2925058901575 ], [ -104.747576660094055, 25.312254289593596 ], [ -104.780225259989365, 25.294390830243838 ], [ -104.790160258687592, 25.300222910135329 ], [ -104.794293420187046, 25.286687600239169 ], [ -104.810225120469028, 25.277965540432518 ], [ -104.805563279731004, 25.267430049691324 ], [ -104.874366289037283, 25.208778779865195 ], [ -104.87568585910978, 25.161917450018766 ], [ -104.894499119809808, 25.170529580141565 ], [ -104.89693502889682, 25.178607349945953 ], [ -104.903536150120587, 25.179311650395178 ], [ -104.909376629844544, 25.184520750219082 ], [ -104.913380478824124, 25.17851811001271 ], [ -104.919416339623382, 25.181824279633148 ], [ -104.917974340237848, 25.172784120365105 ], [ -104.925574450500875, 25.166158000377109 ], [ -104.926288479969926, 25.177308479750536 ], [ -104.945730860118886, 25.18462710983853 ], [ -104.946200970410288, 25.192101020048195 ], [ -104.949464339189888, 25.191594830009024 ], [ -104.956728249195152, 25.198694970229642 ], [ -104.962840378630531, 25.220390200357748 ], [ -104.977470939208359, 25.20638858036272 ], [ -104.994882519782806, 25.218201550384677 ], [ -104.993106109793658, 25.189641479660626 ], [ -105.00083082879047, 25.189741149574619 ], [ -105.009822780003944, 25.179770619913583 ], [ -105.038983048986367, 25.165603940297675 ], [ -105.042389849655038, 25.176919080084595 ], [ -105.053711858732697, 25.178677030382289 ], [ -105.060066379870435, 25.184705339580638 ], [ -105.096618060278075, 25.172554629571618 ], [ -105.10587171860854, 25.163582049862828 ], [ -105.121591369746042, 25.164693480418308 ], [ -105.132867020143877, 25.16114248973345 ], [ -105.133549600167868, 25.171463630017598 ], [ -105.138066569760767, 25.177507910092658 ], [ -105.14771611037331, 25.182359079956292 ], [ -105.134880289469194, 25.20132762023783 ], [ -105.131966318816225, 25.200507139654533 ], [ -105.136349430089922, 25.208218049738363 ], [ -105.124640219096122, 25.210363719803301 ], [ -105.133735820226107, 25.213173020303483 ], [ -105.14511388958492, 25.280602849559905 ], [ -105.159916119897119, 25.289792380261726 ], [ -105.188046490112711, 25.330011119714758 ], [ -105.194398510063735, 25.349108680451295 ], [ -105.218171518863841, 25.348825860323956 ], [ -105.229868888523669, 25.35877482984603 ], [ -105.244721660090192, 25.359647220274145 ], [ -105.254568910295603, 25.366185629965376 ], [ -105.257012379401488, 25.374725450402615 ], [ -105.263779939495151, 25.370401879744186 ], [ -105.276964370478026, 25.377683380258329 ], [ -105.293542780169886, 25.373569579940494 ], [ -105.319394880438125, 25.359406719626001 ], [ -105.329487539852593, 25.360949969725024 ], [ -105.332972999753594, 25.350527199987138 ], [ -105.326649370445693, 25.346418350180194 ], [ -105.330476229571232, 25.343166570165732 ], [ -105.32826391863702, 25.338206139609202 ], [ -105.333423448901002, 25.325170290001793 ], [ -105.351445450087439, 25.327429599945383 ], [ -105.366644580406316, 25.336844170247545 ], [ -105.369844110210465, 25.36480485012391 ], [ -105.366432509078408, 25.367350950149479 ], [ -105.376441198633373, 25.382923029620635 ], [ -105.383932369137909, 25.383437780251672 ], [ -105.381184550061292, 25.387440309571893 ], [ -105.388948119826466, 25.392769029647113 ], [ -105.383487858575606, 25.395350030378445 ], [ -105.405100709562689, 25.413786170113813 ], [ -105.437865169741301, 25.391005909608165 ], [ -105.49058537046264, 25.44354493985653 ], [ -105.47640349009491, 25.526224450334176 ], [ -105.480308048515283, 25.533677540016551 ], [ -105.502964859296924, 25.537545379723269 ], [ -105.516956690456254, 25.545013380419121 ], [ -105.515063968940751, 25.548800250465987 ], [ -105.500508338780051, 25.55420218022639 ], [ -105.506211740360399, 25.559247309933287 ], [ -105.509431950409365, 25.569924250096253 ], [ -105.517641509713997, 25.577692799712409 ], [ -105.525117120011274, 25.578004030264985 ], [ -105.53083162886503, 25.582300290366817 ], [ -105.54141995047722, 25.580765819950923 ], [ -105.563022149594673, 25.608067939645426 ], [ -105.571854230076156, 25.658067179654914 ], [ -105.57261948923761, 25.665247320462797 ], [ -105.543519999979594, 25.667227850232322 ], [ -105.558180179275539, 25.714041419808577 ], [ -105.560732169982757, 25.730864200045051 ], [ -105.558588369404092, 25.736913540289102 ], [ -105.554847719189937, 25.736143150049948 ], [ -105.550199140264297, 25.742468320332755 ], [ -105.539663888657699, 25.745550079729881 ], [ -105.53428694935269, 25.742248739860027 ], [ -105.528571540317046, 25.751543880101607 ], [ -105.519261779070888, 25.742515030471338 ], [ -105.51626710910142, 25.743119140024177 ], [ -105.514090999008971, 25.752416649600338 ], [ -105.50488368030193, 25.764786619686571 ], [ -105.511986690230032, 25.764336320195987 ], [ -105.521147458638438, 25.773273079936512 ], [ -105.516038399521733, 25.791285540106824 ], [ -105.511281799083605, 25.795005149879394 ], [ -105.519915860441188, 25.802894309718965 ], [ -105.514953400028915, 25.803862020077229 ], [ -105.513069428917547, 25.811986939623019 ], [ -105.495560980172002, 25.818049280366601 ], [ -105.510107800129532, 25.838833599812787 ], [ -105.524294060108971, 25.83110125965014 ], [ -105.548878490156909, 25.850529800298418 ], [ -105.49421095011968, 25.900380849709677 ], [ -105.504028518650998, 25.920877890481144 ], [ -105.497930579700892, 25.926618740178281 ], [ -105.48155090978436, 25.932644260320245 ], [ -105.463923419305075, 25.945870220422272 ], [ -105.459697689090405, 25.940310249729649 ], [ -105.451212720302152, 25.937667579991558 ], [ -105.436534179286781, 25.970476459752263 ], [ -105.437188769631035, 25.98484150985594 ], [ -105.400860799475893, 26.025064119698047 ], [ -105.40977213890983, 26.038245750151624 ], [ -105.393944579340697, 26.037915310403747 ], [ -105.39277244852012, 26.045497139855001 ], [ -105.378796710447858, 26.054302679692903 ], [ -105.416648219002852, 26.092738980088132 ], [ -105.39836273915931, 26.108737479568283 ], [ -105.383867480243381, 26.112979770072066 ], [ -105.361297969132266, 26.080356579887983 ] ] ] } },
{ "type": "Feature", "properties": { "code": "10011", "stateCode": "10", "municipalityCode": "011", "name": "Indé" }, "geometry": { "type": "Polygon", "coordinates": [ [ [ -105.223012520067044, 26.13479997032373 ], [ -105.207783260462293, 26.119774370304128 ], [ -105.18564727972938, 26.084471739949095 ], [ -105.161441780022585, 26.111379740383835 ], [ -105.154533259606239, 26.115155140278983 ], [ -105.113443540118354, 26.074368230185996 ], [ -105.102240750001201, 26.072641539917495 ], [ -105.104171649898944, 26.044519629958895 ], [ -105.112463950007125, 26.037907999987386 ], [ -105.093836460398094, 26.03477521955357 ], [ -105.069717909742366, 26.049171999978977 ], [ -105.066211480492868, 26.042425889671076 ], [ -105.073510399873783, 26.031977619762628 ], [ -105.084194479668653, 26.026113370021108 ], [ -105.079693849904757, 26.019717750427802 ], [ -105.063837279690162, 26.026551689690049 ], [ -105.056450150324352, 26.023843170241587 ], [ -105.047945080470754, 26.025610119573287 ], [ -105.043213939943158, 26.021354290282794 ], [ -105.037580819962443, 26.021593970327416 ], [ -105.024084489860186, 26.008086260271167 ], [ -105.011786050256262, 26.00602908029132 ], [ -105.006816029851862, 26.008550169864005 ], [ -105.013898139708616, 25.991195709716493 ], [ -105.012124399677219, 25.989543090181801 ], [ -105.016048659570131, 25.986305059971471 ], [ -105.012315540365364, 25.977953710413743 ], [ -105.013948569778307, 25.97133257993768 ], [ -105.022164690376641, 25.956614779867365 ], [ -105.030272430088999, 25.949432830290359 ], [ -104.946832569541726, 25.830538690326531 ], [ -104.935767059763151, 25.821633220018668 ], [ -104.905366540425291, 25.755605309778179 ], [ -104.847158849690857, 25.707833049896738 ], [ -104.791207139959994, 25.650879369646894 ], [ -104.775678249575122, 25.618368060073028 ], [ -104.754334399986348, 25.599080630080927 ], [ -104.724029550197585, 25.588008150357066 ], [ -104.714373719866714, 25.580151259676665 ], [ -104.665210250010986, 25.602803169831322 ], [ -104.634212259693413, 25.561859689788143 ], [ -104.637500249539286, 25.555832260255123 ], [ -104.614032090253716, 25.530162169554075 ], [ -104.59595810995522, 25.525410679569653 ], [ -104.606916369741242, 25.516519090095954 ], [ -104.609448889874187, 25.478577920392773 ], [ -104.606669020289544, 25.471223450366551 ], [ -104.602777079685282, 25.469256679695878 ], [ -104.598031400112887, 25.471472200222845 ], [ -104.595312180207344, 25.442918510415613 ], [ -104.601745380144223, 25.440480399809978 ], [ -104.604817509710301, 25.444402519793815 ], [ -104.611788450387238, 25.441555750435963 ], [ -104.612386379825267, 25.428196249701966 ], [ -104.622239089722243, 25.42644651027917 ], [ -104.642375969871964, 25.398827600182941 ], [ -104.625374030093482, 25.39500427987015 ], [ -104.632316030434495, 25.377398459797064 ], [ -104.643862599925029, 25.361182079823251 ], [ -104.659404650312112, 25.370298279859067 ], [ -104.667757400394677, 25.359587980168715 ], [ -104.674394200313884, 25.340370620266548 ], [ -104.709716829612887, 25.361667490242567 ], [ -104.715409769709126, 25.343196550163693 ], [ -104.724603399742151, 25.349845370005855 ], [ -104.730231940367077, 25.360831489905738 ], [ -104.735984429827212, 25.363348490189505 ], [ -104.741011250005982, 25.361205919933457 ], [ -104.750938278950343, 25.367844170238023 ], [ -104.756379889011853, 25.366147749770516 ], [ -104.758773248557887, 25.373389850284632 ], [ -104.768728400102347, 25.375997090051467 ], [ -104.769596710430676, 25.386544709598144 ], [ -104.773155719949258, 25.385741489646865 ], [ -104.780219119817886, 25.390548050331436 ], [ -104.78873876974049, 25.384877259975369 ], [ -104.795307818865112, 25.386604650132085 ], [ -104.794627110371962, 25.397361199822743 ], [ -104.80829636976479, 25.403198049653628 ], [ -104.813141228900363, 25.413381180160176 ], [ -104.813033200405485, 25.421734820160228 ], [ -104.821547120241789, 25.423718949604648 ], [ -104.825836058904684, 25.417881179629351 ], [ -104.832425829681398, 25.417313549734462 ], [ -104.829983220224761, 25.429057220164371 ], [ -104.839811308979449, 25.430592170361695 ], [ -104.842350149529167, 25.436378739859496 ], [ -104.851630380427636, 25.441470630053988 ], [ -104.882809419272007, 25.450312149753284 ], [ -104.893761580429768, 25.441257020351909 ], [ -104.905427998620269, 25.454012230031491 ], [ -104.909559200142198, 25.437911490122243 ], [ -104.91424110877594, 25.448622540051776 ], [ -104.912430600506895, 25.465917550391342 ], [ -104.930939939772387, 25.471581649918772 ], [ -104.930349948916884, 25.495991340421611 ], [ -104.957379938931865, 25.494629220152881 ], [ -104.957541649070535, 25.477310630166311 ], [ -104.961507308643121, 25.470549219748015 ], [ -104.988933480054854, 25.445944620050959 ], [ -105.043810258653949, 25.504968150163808 ], [ -105.054381629151521, 25.508306109675015 ], [ -105.059480340380816, 25.505293459809366 ], [ -105.063501309705742, 25.508328350054299 ], [ -105.057436579315009, 25.527713520251044 ], [ -105.060032879887771, 25.53524628978505 ], [ -105.042585030150704, 25.545259049926553 ], [ -105.068736799980869, 25.579374310314094 ], [ -105.066736319254716, 25.580782430258456 ], [ -105.07293180041161, 25.606659029882987 ], [ -105.082012338537695, 25.623545620286436 ], [ -105.077590599851064, 25.654409320245527 ], [ -105.092528419882569, 25.680251519671593 ], [ -105.067364649760918, 25.698306080048802 ], [ -105.081454049799632, 25.716197649779179 ], [ -105.101535140067682, 25.724401059881099 ], [ -105.111070380414006, 25.743647079716542 ], [ -105.116211379566622, 25.743950980055256 ], [ -105.114301029708855, 25.740587050232588 ], [ -105.120057348969027, 25.725995229658587 ], [ -105.149651628724584, 25.692148349868571 ], [ -105.15940939940208, 25.695844020266897 ], [ -105.165055770439182, 25.694634779951279 ], [ -105.172794569142951, 25.700912199741218 ], [ -105.189869509855001, 25.707375220172118 ], [ -105.204862059042625, 25.69399301958229 ], [ -105.210627419545276, 25.696747309630044 ], [ -105.212926318615359, 25.693720770426353 ], [ -105.2222721092174, 25.701160420340496 ], [ -105.214720250269167, 25.710594949995443 ], [ -105.22042490925179, 25.723477950233917 ], [ -105.228761940162798, 25.725361950134676 ], [ -105.221404859617849, 25.731802519691986 ], [ -105.225443798883731, 25.744763850340949 ], [ -105.245741338931055, 25.765768290394778 ], [ -105.229246139095011, 25.789670630442583 ], [ -105.22864702004523, 25.80687942010778 ], [ -105.236981320450653, 25.82869968027628 ], [ -105.275531579747593, 25.832995079850516 ], [ -105.272994680018414, 25.834732420156914 ], [ -105.294454830025074, 25.869171219698043 ], [ -105.301195280499982, 25.871668479990866 ], [ -105.299859710427256, 25.898136570300601 ], [ -105.322266060302056, 25.89267611002218 ], [ -105.319302260364879, 25.917153319894648 ], [ -105.31239434955836, 25.925708029880415 ], [ -105.311309419479088, 25.938791850121657 ], [ -105.307629799199688, 25.941174020079799 ], [ -105.317773799648663, 25.95095006033544 ], [ -105.322449180341366, 25.975890549756816 ], [ -105.302628740164067, 25.984956800038177 ], [ -105.321577780373374, 26.018904309674433 ], [ -105.316804619794567, 26.024690580113159 ], [ -105.326012888676289, 26.03866168009186 ], [ -105.331394710502437, 26.025984090442936 ], [ -105.333918170097732, 26.025968060170943 ], [ -105.334283570472309, 26.032124650327212 ], [ -105.354914549956163, 26.071125649628211 ], [ -105.337400180471676, 26.071299460120375 ], [ -105.286104169762794, 26.10352724978647 ], [ -105.274428430155083, 26.104865320330337 ], [ -105.251145289971291, 26.116635740037449 ], [ -105.236264140466929, 26.119315520113418 ], [ -105.231994620045043, 26.122204859795229 ], [ -105.228629019746791, 26.131330120390192 ], [ -105.223012520067044, 26.13479997032373 ] ] ] } },
{ "type": "Feature", "properties": { "code": "10005", "stateCode": "10", "municipalityCode": "005", "name": "Durango" }, "geometry": { "type": "Polygon", "coordinates": [ [ [ -105.09358662980425, 24.418835350139524 ], [ -105.052752599856603, 24.377056570054549 ], [ -105.036153020033026, 24.355116889721629 ], [ -105.000472080010724, 24.324997249986062 ], [ -104.936769580381167, 24.34146014040741 ], [ -104.923935059601135, 24.32818387996409 ], [ -104.916209880101192, 24.332631750010389 ], [ -104.915879489862405, 24.340483850306278 ], [ -104.883048399987103, 24.337787599829902 ], [ -104.881463110161846, 24.334207229941711 ], [ -104.873534860385774, 24.33152071040303 ], [ -104.883722800154857, 24.316443829996146 ], [ -104.904171059598994, 24.299942079615047 ], [ -104.90063445996573, 24.299743660337157 ], [ -104.894177650300051, 24.288676029582241 ], [ -104.879395140290384, 24.293857689767687 ], [ -104.872784230398864, 24.272137629624872 ], [ -104.863801829756611, 24.271442200160081 ], [ -104.849266970156606, 24.214465279870712 ], [ -104.809654520448845, 24.214981720288581 ], [ -104.815423169969264, 24.261113399696917 ], [ -104.789638219573291, 24.272915920216747 ], [ -104.793758180185378, 24.299633829810634 ], [ -104.789533940471969, 24.302563689921879 ], [ -104.774747490359658, 24.289507919868164 ], [ -104.769505619750333, 24.297314880203793 ], [ -104.76524062046434, 24.298626019730527 ], [ -104.766736090168578, 24.301476680411561 ], [ -104.76400206044498, 24.303716859916399 ], [ -104.74262271030949, 24.311645829699174 ], [ -104.743281940183948, 24.303448540021041 ], [ -104.734752510278824, 24.301849250292783 ], [ -104.73591995005178, 24.311500110078693 ], [ -104.712309719545559, 24.307726520200269 ], [ -104.706094659818959, 24.302143860332425 ], [ -104.673468370163775, 24.302877909738918 ], [ -104.633472889737106, 24.322876259717422 ], [ -104.636121370349599, 24.332482430157789 ], [ -104.624321829988745, 24.339744659622969 ], [ -104.623794030111569, 24.337375320064194 ], [ -104.584200939795679, 24.325130080359543 ], [ -104.564435479594678, 24.366178849582639 ], [ -104.547633769565095, 24.362794690213512 ], [ -104.544022049570174, 24.359338090010617 ], [ -104.527758280059842, 24.362827969603366 ], [ -104.535218309522563, 24.344359219655065 ], [ -104.526629680218988, 24.341633749921233 ], [ -104.525943249519756, 24.344052740251787 ], [ -104.520227250253939, 24.342517720252456 ], [ -104.497699999673813, 24.349458430223297 ], [ -104.499286429572351, 24.354485400186807 ], [ -104.478743170249828, 24.362508200235322 ], [ -104.482040889666138, 24.371994970268243 ], [ -104.47862297990649, 24.372784230362559 ], [ -104.474594750283131, 24.368870030123386 ], [ -104.469003650291484, 24.375321680170799 ], [ -104.460068430280671, 24.370206650438664 ], [ -104.433954690120117, 24.38186054033282 ], [ -104.432108060379775, 24.378706969732825 ], [ -104.446139140465277, 24.366886199928842 ], [ -104.443796520340982, 24.361218349615445 ], [ -104.416823449811076, 24.377921969998773 ], [ -104.39337950986237, 24.360907859976017 ], [ -104.389208150326738, 24.363459779976925 ], [ -104.38128408989796, 24.35811249006068 ], [ -104.355089430312432, 24.378074369841631 ], [ -104.349897679976294, 24.372788120101539 ], [ -104.360344650461798, 24.364365889631529 ], [ -104.347059489541806, 24.349725020179697 ], [ -104.349820179849885, 24.348608170225209 ], [ -104.348969749832733, 24.340617910437121 ], [ -104.333781740369446, 24.331263830074295 ], [ -104.332699230155541, 24.320358970386572 ], [ -104.318168109675511, 24.295577920153953 ], [ -104.307122689553466, 24.286418780114303 ], [ -104.29834487984597, 24.309155909688918 ], [ -104.263091599773034, 24.288105570168486 ], [ -104.257820059743239, 24.308739059683344 ], [ -104.250128830462842, 24.31847080028864 ], [ -104.246480399869171, 24.318103450163374 ], [ -104.247111689529547, 24.320532180399937 ], [ -104.243386310025045, 24.319706679605027 ], [ -104.243437200408835, 24.314583630216919 ], [ -104.230850339894644, 24.320582830169023 ], [ -104.220276509715688, 24.313836709626592 ], [ -104.214686420188855, 24.318913110068561 ], [ -104.203269379826381, 24.314017769741866 ], [ -104.190523019659821, 24.315310380269537 ], [ -104.182312169708183, 24.309069509732495 ], [ -104.172510019779807, 24.311270719798312 ], [ -104.170551420072357, 24.315041180082538 ], [ -104.161245779951443, 24.314089650241254 ], [ -104.160312879616114, 24.321424489858099 ], [ -104.157676690493574, 24.322208690319886 ], [ -104.155938379984462, 24.286125219925818 ], [ -104.160704850401601, 24.284468029844703 ], [ -104.155985750392716, 24.236257549982515 ], [ -104.157923489712601, 24.222638650234202 ], [ -104.134142849517303, 24.188501509818572 ], [ -104.153527909593052, 24.167238289957567 ], [ -104.13443628043278, 24.161483829975204 ], [ -104.138116090144393, 24.143335000003287 ], [ -104.127086460427492, 24.139146629956528 ], [ -104.123999429735278, 24.140884459604415 ], [ -104.127158080059871, 24.144735660330099 ], [ -104.122052949645223, 24.144643849798182 ], [ -104.102756029842539, 24.128172289863279 ], [ -104.101998660255674, 24.120303399798004 ], [ -104.111542540116659, 24.109637720406635 ], [ -104.146691199898086, 24.106067180310983 ], [ -104.169234879916303, 24.090050599603607 ], [ -104.174959379574545, 24.080028880135885 ], [ -104.190075030205563, 24.081666220169069 ], [ -104.194073289538437, 24.076668519839846 ], [ -104.199656029824723, 24.077449630142969 ], [ -104.243222430388627, 24.035705420033914 ], [ -104.249097800214557, 24.034750600424562 ], [ -104.247118569931843, 24.036859509812004 ], [ -104.251943450460715, 24.038100319740725 ], [ -104.256303219764504, 24.044278949709689 ], [ -104.25455168019613, 24.05627678043497 ], [ -104.25743435006838, 24.059398720323113 ], [ -104.260730089836628, 24.057316540233742 ], [ -104.270820629625291, 24.060669430258738 ], [ -104.276490340157679, 24.067539200160564 ], [ -104.290039029781269, 24.065275290050209 ], [ -104.305030860401942, 24.035571629571091 ], [ -104.300399779522124, 24.014443660243519 ], [ -104.295422860278066, 24.00988404976982 ], [ -104.319538090147617, 24.010960320202603 ], [ -104.333174380202209, 24.008058820250884 ], [ -104.328422970020512, 24.001146770336234 ], [ -104.329308489775372, 23.98296149017494 ], [ -104.324771800356018, 23.975807580325561 ], [ -104.327096120444864, 23.967847770429685 ], [ -104.323417999871566, 23.962424250040684 ], [ -104.368056199967839, 23.95020155006819 ], [ -104.393343829605442, 23.960073540129788 ], [ -104.39644777983915, 23.950453249618516 ], [ -104.389628259987276, 23.943520400132062 ], [ -104.390188080322858, 23.928480659785009 ], [ -104.39972938039115, 23.910499710138716 ], [ -104.399662090405826, 23.879415460005429 ], [ -104.392394509890181, 23.867770490111401 ], [ -104.395529770465131, 23.86227796967346 ], [ -104.391828400207643, 23.855991179886509 ], [ -104.392258599833852, 23.838469679940129 ], [ -104.39952586026557, 23.80525674970556 ], [ -104.407666819866776, 23.805781650215209 ], [ -104.414549349928222, 23.789005419576579 ], [ -104.40414689027584, 23.789796980181052 ], [ -104.413068199604851, 23.758742709566707 ], [ -104.440490739938582, 23.754692049651311 ], [ -104.479309249650271, 23.755918659751593 ], [ -104.480944580467622, 23.745283339912135 ], [ -104.511730629631742, 23.752058219966397 ], [ -104.539150890191081, 23.768732629917171 ], [ -104.544715510423075, 23.738889490025485 ], [ -104.518729570056394, 23.72615351962439 ], [ -104.518518149776696, 23.722138860365586 ], [ -104.541319050326976, 23.706146579948442 ], [ -104.516343030436403, 23.695191420149339 ], [ -104.509903780136156, 23.704868200409102 ], [ -104.499802739656701, 23.706267799628048 ], [ -104.473386139959615, 23.68030289030628 ], [ -104.445909780061527, 23.68762748975902 ], [ -104.439931550195425, 23.692314120015151 ], [ -104.428694910213878, 23.687621770332754 ], [ -104.422159199893841, 23.688571450090347 ], [ -104.423942029547646, 23.685431259970915 ], [ -104.414581579936197, 23.677831509655626 ], [ -104.410345429967265, 23.664348880085456 ], [ -104.446690800052323, 23.644711419965752 ], [ -104.447878259709128, 23.651573450106216 ], [ -104.455714450069365, 23.65039650973986 ], [ -104.468212029605098, 23.66035420044377 ], [ -104.488613169671964, 23.658329180285428 ], [ -104.484110539733393, 23.642967969965234 ], [ -104.486553049689533, 23.635943250283059 ], [ -104.501426480253556, 23.638223769749345 ], [ -104.490493709737748, 23.618544649559929 ], [ -104.473991019751907, 23.619174480419353 ], [ -104.464647649859714, 23.622815340435267 ], [ -104.464191920201941, 23.620287220229688 ], [ -104.446669710041135, 23.618887879903504 ], [ -104.445359859975625, 23.609296509931365 ], [ -104.464336919900333, 23.604857969785009 ], [ -104.486549969898206, 23.610117059659309 ], [ -104.490324059916006, 23.60984257043366 ], [ -104.490295219523475, 23.604537550180652 ], [ -104.515990140373304, 23.603539820304643 ], [ -104.525682380480717, 23.60601286007596 ], [ -104.516604250063907, 23.626874349609 ], [ -104.522064199559964, 23.6355253196853 ], [ -104.570068909905004, 23.55450970981942 ], [ -104.596727600203351, 23.573592420371533 ], [ -104.669108150209297, 23.532464379901239 ], [ -104.649809830396222, 23.514698080200805 ], [ -104.662599919767217, 23.504553890302766 ], [ -104.652105739590809, 23.497285460314306 ], [ -104.673195169839161, 23.47851768962569 ], [ -104.683278550268739, 23.481594680184564 ], [ -104.71526047975722, 23.506208509708376 ], [ -104.728086380288431, 23.509943450219279 ], [ -104.729211109938376, 23.485954279781875 ], [ -104.812476749948488, 23.483326459594949 ], [ -104.809819509927593, 23.397502519709032 ], [ -104.831973799935383, 23.40497629010061 ], [ -104.823007090282985, 23.479935509753382 ], [ -104.838879310351942, 23.482024139562814 ], [ -104.861247150453977, 23.496947420396424 ], [ -104.850094149919215, 23.547349089911521 ], [ -104.901278480384121, 23.538911430244561 ], [ -104.978323290463408, 23.513536819571542 ], [ -105.000316650468477, 23.501553660260978 ], [ -105.14070777038836, 23.569478020379798 ], [ -105.141381629584643, 23.546332629583816 ], [ -105.156579490124273, 23.53491354010286 ], [ -105.167418580269114, 23.531554890022861 ], [ -105.173554550145411, 23.539636709829114 ], [ -105.18633937961188, 23.543341979660706 ], [ -105.189256430069392, 23.552019750363147 ], [ -105.197059549838343, 23.554063199927288 ], [ -105.19223985952263, 23.568132219932139 ], [ -105.202078719694128, 23.572386260256483 ], [ -105.197245019793812, 23.575783230380647 ], [ -105.203466940160311, 23.573505399781027 ], [ -105.203860710411377, 23.579285830120284 ], [ -105.209327779672805, 23.581461120372264 ], [ -105.212833080433768, 23.581910050076374 ], [ -105.213931940355565, 23.576668450154116 ], [ -105.238774219521474, 23.571348059703116 ], [ -105.236983690322958, 23.564347089677046 ], [ -105.243649119541374, 23.551632030159546 ], [ -105.257329109929614, 23.56183678016027 ], [ -105.274985450079996, 23.559410350047614 ], [ -105.277206720232428, 23.568117049781456 ], [ -105.274487379817941, 23.575591690340701 ], [ -105.265768549902091, 23.578094690220663 ], [ -105.265245419838052, 23.590700740382147 ], [ -105.261209749642518, 23.595950259994417 ], [ -105.262223029833891, 23.604133689970027 ], [ -105.279862279750404, 23.616821909773872 ], [ -105.279584140353165, 23.621208430373333 ], [ -105.275993020081202, 23.621556429710701 ], [ -105.265711999571963, 23.617675800399081 ], [ -105.27592956976676, 23.688738140343201 ], [ -105.235480429813947, 23.759404250069903 ], [ -105.246059860201996, 23.765367979888165 ], [ -105.259422949544799, 23.79278383026276 ], [ -105.259716230170653, 23.802355199807831 ], [ -105.249331250116356, 23.826165780049692 ], [ -105.268230659993506, 23.836463290240957 ], [ -105.270279459591094, 23.838989749834624 ], [ -105.267848779905123, 23.841364509626544 ], [ -105.288814459819648, 23.857988520383557 ], [ -105.289936350427752, 23.87507286025118 ], [ -105.312510380363847, 23.868465920334895 ], [ -105.316540969826207, 23.876604199567353 ], [ -105.322273259811666, 23.876081739930729 ], [ -105.322372679885518, 23.863737049891427 ], [ -105.380471169589541, 23.859516750312974 ], [ -105.43131383002293, 23.906819259857084 ], [ -105.449733380406386, 23.916051649830859 ], [ -105.475921119762788, 23.912044550196612 ], [ -105.472337509597054, 23.926476720024272 ], [ -105.572227750450196, 23.96768823041673 ], [ -105.569964480381017, 24.00931118013159 ], [ -105.572473829624343, 24.028117169589962 ], [ -105.567848820060661, 24.033555539667741 ], [ -105.554194830189246, 24.030123630385894 ], [ -105.55601134956737, 24.037200849951066 ], [ -105.544099800029542, 24.04484821981421 ], [ -105.53352962038916, 24.060457060085149 ], [ -105.52725190987843, 24.060788649665803 ], [ -105.519524020091225, 24.071329420263552 ], [ -105.504273879641801, 24.070924349898743 ], [ -105.498666339630162, 24.072789619634094 ], [ -105.497130079755806, 24.078982199840958 ], [ -105.491794319608687, 24.077634259624368 ], [ -105.48482789002324, 24.109938170362181 ], [ -105.486928079817204, 24.111131309683447 ], [ -105.474857780130691, 24.125437859764908 ], [ -105.477750580278837, 24.128463660326688 ], [ -105.476098950252108, 24.132537690008213 ], [ -105.462440580160532, 24.140096540111756 ], [ -105.460345599905011, 24.147026679845283 ], [ -105.445257629805127, 24.145739079836154 ], [ -105.432751480230564, 24.158985539579721 ], [ -105.4213932498714, 24.160541050388304 ], [ -105.422769910453098, 24.165151429850209 ], [ -105.412251660034386, 24.184889109842995 ], [ -105.43714396990454, 24.179404549950732 ], [ -105.401065879503008, 24.204624169829348 ], [ -105.391689509598265, 24.1956652602613 ], [ -105.373575490478657, 24.21700282980278 ], [ -105.356946220187666, 24.210142659896679 ], [ -105.35796347997568, 24.218266050362249 ], [ -105.336841339827259, 24.221356049712519 ], [ -105.307848749531971, 24.208566600152025 ], [ -105.307674340272797, 24.213562149680293 ], [ -105.27519063014968, 24.220526050328228 ], [ -105.253363219618279, 24.231803910219881 ], [ -105.245564879798735, 24.230693850311336 ], [ -105.22645204970658, 24.317209570039868 ], [ -105.226458569722482, 24.328138430187778 ], [ -105.16720045008023, 24.337105539875214 ], [ -105.160640949559991, 24.329394119630891 ], [ -105.156789710068011, 24.310677050265507 ], [ -105.149424109531054, 24.301980309768027 ], [ -105.125595579739098, 24.29885523031788 ], [ -105.132394460222372, 24.321294650449591 ], [ -105.141428879535979, 24.317547579916194 ], [ -105.157997459878231, 24.3427352898332 ], [ -105.16627060030477, 24.343000490352946 ], [ -105.175388520429991, 24.34858069015484 ], [ -105.180338489797762, 24.347556849938648 ], [ -105.183765350204368, 24.349645340312275 ], [ -105.187364889633329, 24.360777940080787 ], [ -105.194091520078572, 24.357930250302061 ], [ -105.199961050107746, 24.364664289551683 ], [ -105.19490145023542, 24.365082020312133 ], [ -105.195097370464623, 24.375008369916809 ], [ -105.165589170228998, 24.381464110163009 ], [ -105.164755120126074, 24.376752719814853 ], [ -105.158373769918683, 24.378072000439644 ], [ -105.161224230267806, 24.379757679544195 ], [ -105.16348260009795, 24.389078089775005 ], [ -105.161483679734346, 24.391475419766831 ], [ -105.164507850279946, 24.391878890426298 ], [ -105.165169510228552, 24.397430850278333 ], [ -105.144595420033767, 24.394236549788445 ], [ -105.138125570437083, 24.389734430179679 ], [ -105.12505885027764, 24.389658090177527 ], [ -105.139838450029828, 24.412873200321265 ], [ -105.143482740275715, 24.424650880254482 ], [ -105.09358662980425, 24.418835350139524 ] ] ] } },
{ "type": "Feature", "properties": { "code": "10010", "stateCode": "10", "municipalityCode": "010", "name": "Hidalgo" }, "geometry": { "type": "Polygon", "coordinates": [ [ [ -104.875844690207927, 26.505546090190592 ], [ -104.873634249677394, 26.507960460121854 ], [ -104.870465479813248, 26.504172939777582 ], [ -104.860543350435307, 26.505767349885602 ], [ -104.856583229797153, 26.502868850144353 ], [ -104.85210351987763, 26.50563569028651 ], [ -104.809274140041751, 26.508497420395479 ], [ -104.79122580029987, 26.50456108018431 ], [ -104.776910649811697, 26.492595769731992 ], [ -104.76095606012602, 26.485818720163778 ], [ -104.747842080384672, 26.492447199932418 ], [ -104.736563829806173, 26.482122219897928 ], [ -104.737171799796883, 26.479396629738225 ], [ -104.727036339656905, 26.477964920324705 ], [ -104.721753489931757, 26.469274430280791 ], [ -104.711822399543607, 26.465062630013485 ], [ -104.709686219996712, 26.455888120207756 ], [ -104.686873779627305, 26.433190320060525 ], [ -104.67729341974723, 26.429333080366618 ], [ -104.67411829050458, 26.421139490367185 ], [ -104.668770799565863, 26.41856385999872 ], [ -104.671988149949229, 26.415469750432944 ], [ -104.670207880403026, 26.412088379952579 ], [ -104.662234620293304, 26.409338549760196 ], [ -104.654075380444311, 26.391053020363024 ], [ -104.645317550080733, 26.39161228030094 ], [ -104.626824450182667, 26.376887050258492 ], [ -104.626133260004565, 26.371554419780008 ], [ -104.620088580411547, 26.368842650214258 ], [ -104.593856490163063, 26.380439649640145 ], [ -104.57445148003184, 26.34046827960498 ], [ -104.56181867967355, 26.295622220081864 ], [ -104.491470779915076, 26.225933799991044 ], [ -104.498109949595374, 26.207956060073826 ], [ -104.500553279951717, 26.140434079725676 ], [ -104.497612249719495, 26.125391109837143 ], [ -104.582020030194158, 26.091176520422703 ], [ -104.57383727986813, 26.016387919752546 ], [ -104.569516659735967, 26.015264800066308 ], [ -104.569753030262746, 26.004174940044891 ], [ -104.602376089669903, 25.969310820294933 ], [ -104.611667399509756, 25.951512489934217 ], [ -104.591850309780639, 25.944393510372485 ], [ -104.561836020349062, 25.914713780303487 ], [ -104.541406120474463, 25.905598400359334 ], [ -104.514724060354609, 25.914429370188294 ], [ -104.493860420173903, 25.880613710255474 ], [ -104.489738939860928, 25.887582119848343 ], [ -104.443786690348674, 25.889725150223285 ], [ -104.435382379997193, 25.851670109828106 ], [ -104.428926459766728, 25.83941765977869 ], [ -104.431246599782241, 25.82664834029443 ], [ -104.454651659876049, 25.824227490049495 ], [ -104.442946649670574, 25.818981200017173 ], [ -104.594904219720391, 25.763330629835675 ], [ -104.571755509920223, 25.730298059668691 ], [ -104.549461919756908, 25.708488429627739 ], [ -104.547075619766971, 25.710809050338625 ], [ -104.532422310256962, 25.703762880179088 ], [ -104.530023489736735, 25.698471370397062 ], [ -104.541181920042163, 25.684607370259773 ], [ -104.558976079948138, 25.678380910364702 ], [ -104.56639694971912, 25.671494709602698 ], [ -104.583435879768544, 25.669781379849201 ], [ -104.605174229599839, 25.677398970362098 ], [ -104.645895050404164, 25.652414850104492 ], [ -104.643280780354743, 25.642759800180563 ], [ -104.635887199829057, 25.634308599786724 ], [ -104.641392250071831, 25.618567449920246 ], [ -104.648027889984959, 25.612544090041695 ], [ -104.65809711958336, 25.611093290445009 ], [ -104.665210250010986, 25.602803169831322 ], [ -104.714373719866714, 25.580151259676665 ], [ -104.724029550197585, 25.588008150357066 ], [ -104.754334399986348, 25.599080630080927 ], [ -104.769682679851584, 25.611063119963692 ], [ -104.791207139959994, 25.650879369646894 ], [ -104.847158849690857, 25.707833049896738 ], [ -104.905366540425291, 25.755605309778179 ], [ -104.935767059763151, 25.821633220018668 ], [ -104.946832569541726, 25.830538690326531 ], [ -105.030272430088999, 25.949432830290359 ], [ -105.022164690376641, 25.956614779867365 ], [ -105.013948569778307, 25.97133257993768 ], [ -105.012315540365364, 25.977953710413743 ], [ -105.016048659570131, 25.986305059971471 ], [ -105.012124399677219, 25.989543090181801 ], [ -105.013898139708616, 25.991195709716493 ], [ -105.006816029851862, 26.008550169864005 ], [ -105.011786050256262, 26.00602908029132 ], [ -105.024084489860186, 26.008086260271167 ], [ -105.037580819962443, 26.021593970327416 ], [ -105.043213939943158, 26.021354290282794 ], [ -105.047945080470754, 26.025610119573287 ], [ -105.056450150324352, 26.023843170241587 ], [ -105.063837279690162, 26.026551689690049 ], [ -105.079693849904757, 26.019717750427802 ], [ -105.084194479668653, 26.026113370021108 ], [ -105.073510399873783, 26.031977619762628 ], [ -105.066211480492868, 26.042425889671076 ], [ -105.069717909742366, 26.049171999978977 ], [ -105.093836460398094, 26.03477521955357 ], [ -105.112463950007125, 26.037907999987386 ], [ -105.104171649898944, 26.044519629958895 ], [ -105.102240750001201, 26.072641539917495 ], [ -105.113443540118354, 26.074368230185996 ], [ -105.154533259606239, 26.115155140278983 ], [ -105.161441780022585, 26.111379740383835 ], [ -105.18564727972938, 26.084471739949095 ], [ -105.207783260462293, 26.119774370304128 ], [ -105.218941029921808, 26.129755519649169 ], [ -105.22388446026973, 26.146024919894263 ], [ -105.234730279768399, 26.160489649951909 ], [ -105.242898259839379, 26.168719880263186 ], [ -105.250553579633035, 26.168343139979903 ], [ -105.263393859780948, 26.187388120072033 ], [ -105.271419650361125, 26.19054294978336 ], [ -105.276985220139849, 26.20118430958567 ], [ -105.056368520473313, 26.412277449957912 ], [ -105.05257782047191, 26.429764579581466 ], [ -105.027069110088902, 26.436942059554639 ], [ -105.015021579607847, 26.448282510206106 ], [ -105.012752169752645, 26.446199199905404 ], [ -105.00557957022535, 26.448475740058445 ], [ -104.997457939621327, 26.4557088798263 ], [ -104.96310359958575, 26.449184350035896 ], [ -104.956239050190362, 26.462844680145874 ], [ -104.969591860128631, 26.465952290332758 ], [ -104.963215179965118, 26.473390920381714 ], [ -104.944376679744764, 26.468344690030122 ], [ -104.93672992040274, 26.483711580238268 ], [ -104.918251690293033, 26.4938433996813 ], [ -104.908550720446883, 26.505499199762138 ], [ -104.898900319597729, 26.510018309753871 ], [ -104.875844690207927, 26.505546090190592 ] ] ] } },
{ "type": "Feature", "properties": { "code": "10030", "stateCode": "10", "municipalityCode": "030", "name": "San Pedro del Gallo" }, "geometry": { "type": "Polygon", "coordinates": [ [ [ -104.420044169689447, 25.885483919552893 ], [ -104.415058450440341, 25.872422079772598 ], [ -104.400797749599292, 25.87356314010594 ], [ -104.403651879735548, 25.882633519775567 ], [ -104.321514459807418, 25.86995449039923 ], [ -104.31246531003579, 25.836097340166464 ], [ -104.364978509965326, 25.826775049691577 ], [ -104.298782599630215, 25.83414201991058 ], [ -104.300953110432573, 25.824778030386025 ], [ -104.295352649958062, 25.825359909973368 ], [ -104.294927659827479, 25.81685265007841 ], [ -104.289491940165419, 25.812693019681813 ], [ -104.286980150217943, 25.800255679549885 ], [ -104.289357820490991, 25.779629090439737 ], [ -104.287064420400185, 25.770111400293629 ], [ -104.290191080260229, 25.768692539804103 ], [ -104.294916459700957, 25.756150710047063 ], [ -104.260678780021252, 25.718144180174857 ], [ -104.221424939719284, 25.770924279846625 ], [ -104.204849569916803, 25.766527110295407 ], [ -104.203169770008103, 25.753613259683405 ], [ -104.159426599930185, 25.762460599748561 ], [ -104.153991660184232, 25.755690220334479 ], [ -104.154553629770191, 25.746551029895201 ], [ -104.146148829624096, 25.749657970180685 ], [ -104.137066459521108, 25.744385090192779 ], [ -104.135594320215617, 25.741494679558027 ], [ -104.154207049668415, 25.73236496967208 ], [ -104.168035090409887, 25.645603000232299 ], [ -104.186730949739271, 25.642603119692975 ], [ -104.184845709603792, 25.621889449702714 ], [ -104.150008799748932, 25.572142679625475 ], [ -104.149964019684703, 25.560045889715404 ], [ -104.192403220035473, 25.552940879856976 ], [ -104.190920619790191, 25.531331079602211 ], [ -104.173976570497132, 25.489754320345668 ], [ -104.17632259952606, 25.477379519669402 ], [ -104.193664820230182, 25.468084259908533 ], [ -104.187646349894464, 25.459105650341854 ], [ -104.207808430434071, 25.441451620348026 ], [ -104.221745740456555, 25.461102739754693 ], [ -104.27939302035368, 25.42238899988903 ], [ -104.280970769815923, 25.434128419618304 ], [ -104.293902259907057, 25.447576889727962 ], [ -104.30499472037404, 25.448377520001088 ], [ -104.307272649802428, 25.4523982604499 ], [ -104.315061140162129, 25.449239369902731 ], [ -104.324089770266895, 25.45157267968613 ], [ -104.332695449979312, 25.445802520157489 ], [ -104.346862169534788, 25.449299020252539 ], [ -104.35378912015679, 25.438999119645167 ], [ -104.36801310957145, 25.440563179722687 ], [ -104.371110780447182, 25.483189770370025 ], [ -104.366214320078214, 25.475450890021442 ], [ -104.366558049829052, 25.482243969784424 ], [ -104.372265419818902, 25.487422999837467 ], [ -104.383220799638153, 25.482608259588751 ], [ -104.391285060213335, 25.482859429957713 ], [ -104.392327939629837, 25.478480889705796 ], [ -104.413275420082996, 25.480309540045759 ], [ -104.440574489591029, 25.461075650041966 ], [ -104.423851140475904, 25.441174170152124 ], [ -104.435106150354301, 25.420624230067986 ], [ -104.432898049951575, 25.418065250350431 ], [ -104.447171749839157, 25.399526000346807 ], [ -104.461662599704937, 25.399981140063712 ], [ -104.464488179571248, 25.412718259704501 ], [ -104.49036305042938, 25.413060139775865 ], [ -104.521644349519605, 25.403495830124275 ], [ -104.525750059785082, 25.408023520322029 ], [ -104.547370200460833, 25.395166479995634 ], [ -104.612386379825267, 25.428196249701966 ], [ -104.6096045098936, 25.443505779712655 ], [ -104.602658060295667, 25.443940950382679 ], [ -104.601745380144223, 25.440480399809978 ], [ -104.595312180207344, 25.442918510415613 ], [ -104.598031400112887, 25.471472200222845 ], [ -104.602777079685282, 25.469256679695878 ], [ -104.606669020289544, 25.471223450366551 ], [ -104.609448889874187, 25.478577920392773 ], [ -104.606916369741242, 25.516519090095954 ], [ -104.59595810995522, 25.525410679569653 ], [ -104.614032090253716, 25.530162169554075 ], [ -104.637500249539286, 25.555832260255123 ], [ -104.634212259693413, 25.561859689788143 ], [ -104.665210250010986, 25.602803169831322 ], [ -104.65809711958336, 25.611093290445009 ], [ -104.646867939850409, 25.613133340360172 ], [ -104.63882631997366, 25.621327020129442 ], [ -104.636374309971799, 25.637372199660554 ], [ -104.642291710065564, 25.641079349967914 ], [ -104.645895050404164, 25.652414850104492 ], [ -104.605174229599839, 25.677398970362098 ], [ -104.583435879768544, 25.669781379849201 ], [ -104.56639694971912, 25.671494709602698 ], [ -104.558976079948138, 25.678380910364702 ], [ -104.541181920042163, 25.684607370259773 ], [ -104.530023489736735, 25.698471370397062 ], [ -104.532422310256962, 25.703762880179088 ], [ -104.547075619766971, 25.710809050338625 ], [ -104.549461919756908, 25.708488429627739 ], [ -104.571755509920223, 25.730298059668691 ], [ -104.594904219720391, 25.763330629835675 ], [ -104.442946649670574, 25.818981200017173 ], [ -104.454651659876049, 25.824227490049495 ], [ -104.431246599782241, 25.82664834029443 ], [ -104.428926459766728, 25.83941765977869 ], [ -104.435382379997193, 25.851670109828106 ], [ -104.439843400008172, 25.873046229869715 ], [ -104.426871849770677, 25.886839429826658 ], [ -104.420044169689447, 25.885483919552893 ] ] ] } },
{ "type": "Feature", "properties": { "code": "10029", "stateCode": "10", "municipalityCode": "029", "name": "San Luis del Cordero" }, "geometry": { "type": "Polygon", "coordinates": [ [ [ -104.14151142978956, 25.5111678303745 ], [ -104.127508650073096, 25.486058020284151 ], [ -104.130892219781757, 25.4848129203084 ], [ -104.126450199773075, 25.472505139784406 ], [ -104.133585370095247, 25.467817690273506 ], [ -104.134463569553574, 25.460641850159615 ], [ -104.137220420111063, 25.459640170185583 ], [ -104.146268169687929, 25.469904600357648 ], [ -104.152606830058531, 25.470970060439331 ], [ -104.16534822978268, 25.464714019884273 ], [ -104.168515309697142, 25.451775680039269 ], [ -104.163281180234975, 25.444491519809738 ], [ -104.163954890365673, 25.424364950338354 ], [ -104.16022249030118, 25.422517310432653 ], [ -104.151808030141964, 25.425521109866775 ], [ -104.137942620159038, 25.412796199710531 ], [ -104.12831169047783, 25.398242579636332 ], [ -104.12776469036244, 25.377606120030013 ], [ -104.124340380192223, 25.366657519822649 ], [ -104.132394019585632, 25.367667909653374 ], [ -104.138030319678279, 25.364661889935125 ], [ -104.119931200219241, 25.322364400162925 ], [ -104.168765510487049, 25.310540630098842 ], [ -104.18588332015473, 25.324920579875879 ], [ -104.199404689719373, 25.31622545962081 ], [ -104.200822459910427, 25.309352519783314 ], [ -104.309500550138438, 25.269658170028361 ], [ -104.312804309909566, 25.265341140368012 ], [ -104.334122200183103, 25.268164920392277 ], [ -104.332439199939714, 25.273342749707282 ], [ -104.351331510246425, 25.278992279970545 ], [ -104.359289710219173, 25.268084549550494 ], [ -104.363908830125297, 25.271395230099117 ], [ -104.365161969908826, 25.267151830257582 ], [ -104.373996419526932, 25.265803139892608 ], [ -104.40239085954839, 25.314572890330403 ], [ -104.415232049740169, 25.309837550204254 ], [ -104.49679318039658, 25.365757799750323 ], [ -104.547370200460833, 25.395166479995634 ], [ -104.525750059785082, 25.408023520322029 ], [ -104.521644349519605, 25.403495830124275 ], [ -104.49036305042938, 25.413060139775865 ], [ -104.464488179571248, 25.412718259704501 ], [ -104.461662599704937, 25.399981140063712 ], [ -104.447171749839157, 25.399526000346807 ], [ -104.432898049951575, 25.418065250350431 ], [ -104.435106150354301, 25.420624230067986 ], [ -104.423851140475904, 25.441174170152124 ], [ -104.440574489591029, 25.461075650041966 ], [ -104.413275420082996, 25.480309540045759 ], [ -104.392327939629837, 25.478480889705796 ], [ -104.391285060213335, 25.482859429957713 ], [ -104.383220799638153, 25.482608259588751 ], [ -104.372265419818902, 25.487422999837467 ], [ -104.366558049829052, 25.482243969784424 ], [ -104.366214320078214, 25.475450890021442 ], [ -104.371110780447182, 25.483189770370025 ], [ -104.36801310957145, 25.440563179722687 ], [ -104.35378912015679, 25.438999119645167 ], [ -104.346862169534788, 25.449299020252539 ], [ -104.332695449979312, 25.445802520157489 ], [ -104.324089770266895, 25.45157267968613 ], [ -104.315061140162129, 25.449239369902731 ], [ -104.307272649802428, 25.4523982604499 ], [ -104.30499472037404, 25.448377520001088 ], [ -104.293902259907057, 25.447576889727962 ], [ -104.280970769815923, 25.434128419618304 ], [ -104.27939302035368, 25.42238899988903 ], [ -104.221745740456555, 25.461102739754693 ], [ -104.207808430434071, 25.441451620348026 ], [ -104.187646349894464, 25.459105650341854 ], [ -104.193664820230182, 25.468084259908533 ], [ -104.17632259952606, 25.477379519669402 ], [ -104.173976570497132, 25.489754320345668 ], [ -104.162962260314117, 25.482721830071831 ], [ -104.14151142978956, 25.5111678303745 ] ] ] } },
{ "type": "Feature", "properties": { "code": "10023", "stateCode": "10", "municipalityCode": "023", "name": "Pueblo Nuevo" }, "geometry": { "type": "Polygon", "coordinates": [ [ [ -105.472337509597054, 23.926476720024272 ], [ -105.475921119762788, 23.912044550196612 ], [ -105.449733380406386, 23.916051649830859 ], [ -105.43131383002293, 23.906819259857084 ], [ -105.380471169589541, 23.859516750312974 ], [ -105.322372679885518, 23.863737049891427 ], [ -105.322273259811666, 23.876081739930729 ], [ -105.316540969826207, 23.876604199567353 ], [ -105.312510380363847, 23.868465920334895 ], [ -105.289936350427752, 23.87507286025118 ], [ -105.288814459819648, 23.857988520383557 ], [ -105.267848779905123, 23.841364509626544 ], [ -105.270279459591094, 23.838989749834624 ], [ -105.268230659993506, 23.836463290240957 ], [ -105.249331250116356, 23.826165780049692 ], [ -105.259716230170653, 23.802355199807831 ], [ -105.259422949544799, 23.79278383026276 ], [ -105.246059860201996, 23.765367979888165 ], [ -105.235480429813947, 23.759404250069903 ], [ -105.27592956976676, 23.688738140343201 ], [ -105.265711999571963, 23.617675800399081 ], [ -105.275993020081202, 23.621556429710701 ], [ -105.279584140353165, 23.621208430373333 ], [ -105.279862279750404, 23.616821909773872 ], [ -105.262223029833891, 23.604133689970027 ], [ -105.261209749642518, 23.595950259994417 ], [ -105.265245419838052, 23.590700740382147 ], [ -105.265768549902091, 23.578094690220663 ], [ -105.274487379817941, 23.575591690340701 ], [ -105.277206720232428, 23.568117049781456 ], [ -105.274985450079996, 23.559410350047614 ], [ -105.257329109929614, 23.56183678016027 ], [ -105.243649119541374, 23.551632030159546 ], [ -105.236983690322958, 23.564347089677046 ], [ -105.238774219521474, 23.571348059703116 ], [ -105.213931940355565, 23.576668450154116 ], [ -105.212833080433768, 23.581910050076374 ], [ -105.209327779672805, 23.581461120372264 ], [ -105.203860710411377, 23.579285830120284 ], [ -105.203466940160311, 23.573505399781027 ], [ -105.197245019793812, 23.575783230380647 ], [ -105.202078719694128, 23.572386260256483 ], [ -105.19223985952263, 23.568132219932139 ], [ -105.197059549838343, 23.554063199927288 ], [ -105.189256430069392, 23.552019750363147 ], [ -105.18633937961188, 23.543341979660706 ], [ -105.173554550145411, 23.539636709829114 ], [ -105.167418580269114, 23.531554890022861 ], [ -105.156579490124273, 23.53491354010286 ], [ -105.141381629584643, 23.546332629583816 ], [ -105.14070777038836, 23.569478020379798 ], [ -105.000316650468477, 23.501553660260978 ], [ -104.978323290463408, 23.513536819571542 ], [ -104.901278480384121, 23.538911430244561 ], [ -104.850094149919215, 23.547349089911521 ], [ -104.861247150453977, 23.496947420396424 ], [ -104.838879310351942, 23.482024139562814 ], [ -104.823007090282985, 23.479935509753382 ], [ -104.831973799935383, 23.40497629010061 ], [ -104.809819509927593, 23.397502519709032 ], [ -104.807912519745116, 23.370937339588782 ], [ -104.764523199899003, 23.422306110249078 ], [ -104.75638160031977, 23.410739149766325 ], [ -104.755192089579012, 23.406411740395001 ], [ -104.760871340292965, 23.396478450197691 ], [ -104.766226460112108, 23.396520599802304 ], [ -104.767376579841653, 23.391045080096976 ], [ -104.771137029991976, 23.389579679769685 ], [ -104.774663110463024, 23.366199740064403 ], [ -104.777849449732912, 23.361532090287547 ], [ -104.800247139648889, 23.349409420236224 ], [ -104.802107149885813, 23.325085139589799 ], [ -104.807483940069659, 23.318506549850433 ], [ -104.804276229749618, 23.315099080040273 ], [ -104.801446249750668, 23.298904169792262 ], [ -104.814383829785783, 23.291407420013332 ], [ -104.819316969611194, 23.269668370122446 ], [ -104.818466600372304, 23.253926509722387 ], [ -104.806698770182308, 23.238892049562939 ], [ -104.807117489883893, 23.233466030121253 ], [ -104.812314739873045, 23.23153676962594 ], [ -104.816908339805877, 23.224420600014678 ], [ -104.811608420208401, 23.220809339704587 ], [ -104.808422950206875, 23.213321859825317 ], [ -104.801258319588669, 23.212445050220246 ], [ -104.791450599707773, 23.205302800339684 ], [ -104.789922490052859, 23.194928140123729 ], [ -104.794643220455526, 23.18420594962625 ], [ -104.791187279543749, 23.167320000400569 ], [ -104.802379249962527, 23.154174399794488 ], [ -104.800743119688917, 23.146769079884528 ], [ -104.792765689648149, 23.139784369617264 ], [ -104.793757110453384, 23.132994770197246 ], [ -104.810203260397003, 23.12370529041835 ], [ -104.830750629947488, 23.094275279717301 ], [ -104.84459005968435, 23.093643370054327 ], [ -104.847833940013814, 23.088112139791843 ], [ -104.853090919885815, 23.088628149831088 ], [ -104.859485800482091, 23.081176150008009 ], [ -104.863565109806345, 23.086172309770365 ], [ -104.866865450493435, 23.085576180349502 ], [ -104.870756569570872, 23.077512520336988 ], [ -104.877757139521933, 23.076935060188781 ], [ -104.874635320166774, 23.06922987977434 ], [ -104.889772860347634, 23.066481340038454 ], [ -104.894224879647325, 23.059748999894659 ], [ -104.913792280394617, 23.051624579770689 ], [ -104.922401490296792, 23.044049309549838 ], [ -104.93074105991937, 23.042602549940419 ], [ -104.936507939875611, 23.047965379772286 ], [ -104.94582220025589, 23.044103200081455 ], [ -104.949894169802505, 23.037323149971435 ], [ -104.973435079832456, 23.029194510078096 ], [ -104.986010750480688, 23.015597020181321 ], [ -104.998381449568427, 23.013344740103669 ], [ -104.994983509657686, 23.00204088023083 ], [ -104.99877384975764, 23.001613849584249 ], [ -105.001918110305738, 22.992928780437438 ], [ -105.011908479980761, 22.993205520133529 ], [ -105.011733940304069, 22.987175139722392 ], [ -105.005364339594735, 22.983252740204097 ], [ -105.003283620220927, 22.976992000255215 ], [ -105.013824620249949, 22.977672829931532 ], [ -105.076015779649452, 22.959638829590634 ], [ -105.163574089657658, 22.953871919873883 ], [ -105.254085709722901, 22.956271620379272 ], [ -105.297699060378932, 22.954162109847982 ], [ -105.323569889751909, 22.941330170234899 ], [ -105.32834205009604, 22.942988279585354 ], [ -105.330377770164816, 22.947688769921673 ], [ -105.328210970001919, 22.952640460239941 ], [ -105.334141659619391, 22.953408920335821 ], [ -105.33084948989756, 22.963173179699705 ], [ -105.335679690479481, 22.962599709998656 ], [ -105.337118750005246, 22.96768875035681 ], [ -105.343049260382841, 22.968159289981507 ], [ -105.336832340058393, 22.971199420152463 ], [ -105.33947084973731, 22.97608550955432 ], [ -105.336268030025508, 22.980473630411371 ], [ -105.340114860401954, 22.98250393999059 ], [ -105.335056939657207, 22.988760109666416 ], [ -105.33896795038585, 22.992865060049333 ], [ -105.333704910036204, 22.994682090448862 ], [ -105.341025690394574, 23.008369799670838 ], [ -105.344101419632622, 23.007793969904579 ], [ -105.343149600275282, 23.012342479971689 ], [ -105.353856510218918, 23.01978479982176 ], [ -105.350796260105284, 23.035634460026017 ], [ -105.358779180340406, 23.046257570007793 ], [ -105.350873580382952, 23.050938550391546 ], [ -105.352859710338024, 23.055292799744596 ], [ -105.350471180216928, 23.060575340318845 ], [ -105.357940279830743, 23.063195309706522 ], [ -105.35831631041232, 23.073923369586712 ], [ -105.370655109624664, 23.074916739731215 ], [ -105.380375850017174, 23.07891334997074 ], [ -105.384712030082554, 23.084480079590268 ], [ -105.386095430092496, 23.081378519669148 ], [ -105.398251279498908, 23.088207029571862 ], [ -105.401231800066213, 23.095695799804904 ], [ -105.398795520011831, 23.102210950367301 ], [ -105.408533020016662, 23.10320046014775 ], [ -105.415892349950212, 23.116897340110043 ], [ -105.431547690063198, 23.12055114038241 ], [ -105.440366199523012, 23.116696459875513 ], [ -105.446187970013312, 23.119629279823538 ], [ -105.455319179950664, 23.117335659983699 ], [ -105.501978149555185, 23.128011629579074 ], [ -105.517860429644941, 23.124914179752619 ], [ -105.53121628981792, 23.118061320280948 ], [ -105.537073979849069, 23.104541079820279 ], [ -105.548612120299239, 23.104417710380982 ], [ -105.54933594027105, 23.100371260133535 ], [ -105.554309079957321, 23.09888665962805 ], [ -105.569342770320901, 23.110057510178109 ], [ -105.570168259869078, 23.106717919731725 ], [ -105.575376739621504, 23.104966889568495 ], [ -105.574705979647703, 23.110056889655134 ], [ -105.580357620150892, 23.109354650392703 ], [ -105.584248090316393, 23.112860309825727 ], [ -105.597640860100668, 23.109149620444217 ], [ -105.601420319805783, 23.11409316962914 ], [ -105.609046250217958, 23.116635379899378 ], [ -105.605790969584532, 23.118246689923524 ], [ -105.606959919593621, 23.121788680182249 ], [ -105.616983219727828, 23.121987770327234 ], [ -105.618755049572769, 23.126303479650353 ], [ -105.623969569522515, 23.122388089894137 ], [ -105.645259449589417, 23.143696080166901 ], [ -105.645805399844065, 23.151501520030575 ], [ -105.636875880087274, 23.155915970187483 ], [ -105.638866859673783, 23.167615719565859 ], [ -105.633038939760368, 23.173448999877596 ], [ -105.640717909739536, 23.185451179652695 ], [ -105.634335179780948, 23.189775880011592 ], [ -105.635226480230855, 23.196922649698791 ], [ -105.629712519847573, 23.202294520227834 ], [ -105.635744060105324, 23.214747350438312 ], [ -105.629672779883549, 23.219235549805294 ], [ -105.630317350376842, 23.235581089854044 ], [ -105.642635710330367, 23.23895841971316 ], [ -105.639181829947248, 23.245017379956415 ], [ -105.646097769866515, 23.251774740193625 ], [ -105.647748399622827, 23.260310660018703 ], [ -105.642793979587609, 23.26596969023004 ], [ -105.645461079867346, 23.269368349713023 ], [ -105.64320840036774, 23.276479090402194 ], [ -105.658284539759933, 23.282194020102409 ], [ -105.66370825989911, 23.287420150107124 ], [ -105.664843429560122, 23.282659649844774 ], [ -105.672646220374659, 23.281636889656131 ], [ -105.677044710291639, 23.285776029662003 ], [ -105.687084110251377, 23.28752002020385 ], [ -105.693972290382462, 23.301312220260847 ], [ -105.687380150460356, 23.307143820054232 ], [ -105.691745800476042, 23.30513621986492 ], [ -105.699470630012414, 23.307719119804158 ], [ -105.69233118017172, 23.310974820157792 ], [ -105.693715850254506, 23.320367780157977 ], [ -105.700777169578146, 23.324240339955551 ], [ -105.698842740318909, 23.328229249662364 ], [ -105.702179150283769, 23.33265064998411 ], [ -105.694004740120306, 23.340569219863312 ], [ -105.703511079988985, 23.340097370111135 ], [ -105.705171370030797, 23.348731739720403 ], [ -105.715156399797991, 23.35021776975 ], [ -105.711893050071879, 23.355972649761906 ], [ -105.712245060415214, 23.364281370240775 ], [ -105.730689660299376, 23.374897290301153 ], [ -105.729217260323964, 23.378107379944751 ], [ -105.717331889570033, 23.37859478035892 ], [ -105.722418719957275, 23.386035679724657 ], [ -105.717094280177434, 23.392692880180931 ], [ -105.71207954987031, 23.392550479826969 ], [ -105.708593799967019, 23.403879690044075 ], [ -105.71025348972384, 23.408133950283876 ], [ -105.704002349539053, 23.411263000338014 ], [ -105.700288749579371, 23.420170580029975 ], [ -105.707109420364546, 23.42585349018929 ], [ -105.728330910024226, 23.428984460045935 ], [ -105.730562120114683, 23.43400907984649 ], [ -105.728403229827506, 23.439588399765839 ], [ -105.738864629519469, 23.445205509750583 ], [ -105.724657219640505, 23.460809229884887 ], [ -105.728063490407834, 23.466817259670705 ], [ -105.723444780190874, 23.474840139620497 ], [ -105.72980355013614, 23.482326620331687 ], [ -105.739354649564959, 23.485340570444208 ], [ -105.740492120321534, 23.489273459736324 ], [ -105.748630429893893, 23.493671740171937 ], [ -105.751037549721318, 23.500274979616535 ], [ -105.760047770266269, 23.502506920030001 ], [ -105.756797539714981, 23.524476260068184 ], [ -105.760375709765015, 23.535106150408975 ], [ -105.769123510332733, 23.541939340078795 ], [ -105.768832400175185, 23.555651350147336 ], [ -105.785903519724187, 23.569471089980677 ], [ -105.78537977012175, 23.574989999710375 ], [ -105.794909599855615, 23.580053320438928 ], [ -105.790887690276023, 23.586380979670857 ], [ -105.794564969657145, 23.599180689691934 ], [ -105.791025090213182, 23.60784694032068 ], [ -105.797383579605551, 23.625014430138442 ], [ -105.796068459796729, 23.631781200136274 ], [ -105.789735030070986, 23.637963020138717 ], [ -105.796821880253077, 23.646136710015103 ], [ -105.776659459789073, 23.656652320422317 ], [ -105.759124019540081, 23.66140114011969 ], [ -105.737897350358438, 23.678350509924389 ], [ -105.727555479767403, 23.734723579846854 ], [ -105.730134770024407, 23.753776540308088 ], [ -105.7394196056715, 23.762325360553415 ], [ -105.73385573554765, 23.781949599427829 ], [ -105.712528321100734, 23.792948746668038 ], [ -105.706730569947226, 23.784574980289694 ], [ -105.703032150268115, 23.788025450260179 ], [ -105.708439250479259, 23.801537555032969 ], [ -105.691912050364863, 23.904215580080333 ], [ -105.693539350322638, 23.911976859699408 ], [ -105.572227750450196, 23.96768823041673 ], [ -105.472337509597054, 23.926476720024272 ] ] ] } },
{ "type": "Feature", "properties": { "code": "10033", "stateCode": "10", "municipalityCode": "033", "name": "Súchil" }, "geometry": { "type": "Polygon", "coordinates": [ [ [ -103.84101461871748, 23.701242891736488 ], [ -103.844298458821044, 23.68457323158561 ], [ -103.85108053877849, 23.679599231388721 ], [ -103.785103509403058, 23.676564891481128 ], [ -103.793541779509439, 23.630855061791014 ], [ -103.811301939480543, 23.613648801507431 ], [ -103.819162169217307, 23.616667941768256 ], [ -103.849178509130368, 23.640081711803958 ], [ -103.877429018990085, 23.628969941530379 ], [ -103.873449018992105, 23.620467511917862 ], [ -103.87780456952828, 23.618704862007625 ], [ -103.882522379716221, 23.592270579933192 ], [ -103.899006830079315, 23.603971710229963 ], [ -103.906867310206309, 23.601870949729932 ], [ -103.893753829757614, 23.585883660178965 ], [ -103.88985382961765, 23.584927819900884 ], [ -103.890086919801007, 23.579827579712195 ], [ -103.911933570127275, 23.576082880287931 ], [ -103.912277150367004, 23.58812204956768 ], [ -103.92146860006909, 23.589175340380482 ], [ -103.916270660303212, 23.565725250287084 ], [ -103.925313419795472, 23.556982680221459 ], [ -103.943030739731583, 23.546884449563265 ], [ -103.950301140090303, 23.538518400090091 ], [ -103.95694554028718, 23.538382020339235 ], [ -103.962765379813007, 23.529894090389046 ], [ -103.996340879535026, 23.514741369635644 ], [ -104.065977089685234, 23.463493279606105 ], [ -104.086267600374356, 23.398627630276081 ], [ -104.099436060345511, 23.378585150439879 ], [ -104.101167999845572, 23.366737149697109 ], [ -104.111214600162057, 23.351205490441849 ], [ -104.115192339619156, 23.328505110191575 ], [ -104.112860199734072, 23.325565080286907 ], [ -104.113774180146393, 23.30662662997285 ], [ -104.120912710014636, 23.279799459605588 ], [ -104.12902261954801, 23.182214220084283 ], [ -104.172132399621958, 23.128407679780583 ], [ -104.175528969731971, 23.163612660033095 ], [ -104.187174779575656, 23.157234339979894 ], [ -104.197675089926264, 23.160155779654389 ], [ -104.215961140481966, 23.153952679686903 ], [ -104.218436479956551, 23.158101490251731 ], [ -104.226298780017189, 23.157424310251585 ], [ -104.233985180174926, 23.152312510274548 ], [ -104.236382059774058, 23.158985030140361 ], [ -104.243388430018427, 23.161550849827883 ], [ -104.2460438495402, 23.167641340384428 ], [ -104.253677310201567, 23.167271520324597 ], [ -104.258794079689181, 23.178585080437195 ], [ -104.262706710449976, 23.174737170242164 ], [ -104.274502629598601, 23.172502199908017 ], [ -104.280551489538624, 23.161891309759095 ], [ -104.288796680195517, 23.159596620029745 ], [ -104.294784229976358, 23.151705260077673 ], [ -104.306756520183768, 23.14889005989416 ], [ -104.311565180166511, 23.149759579650748 ], [ -104.314324659867211, 23.15454808958728 ], [ -104.327725769957198, 23.155584779840527 ], [ -104.342401460028299, 23.166927400220459 ], [ -104.359450350005204, 23.18670991997454 ], [ -104.36267232032047, 23.197639110408584 ], [ -104.360543259682572, 23.201519380085958 ], [ -104.365896139817593, 23.20061421980126 ], [ -104.359869780272646, 23.22313938038376 ], [ -104.36454457019633, 23.226590939544096 ], [ -104.362620779690957, 23.23893474014378 ], [ -104.358833619948285, 23.241177999677237 ], [ -104.355510739673235, 23.239302110322178 ], [ -104.358328660425371, 23.249319829603696 ], [ -104.345851519551985, 23.257284260088749 ], [ -104.348320939692542, 23.260861660382989 ], [ -104.338131570426228, 23.299107549860871 ], [ -104.330402059922321, 23.306144169935699 ], [ -104.326433049905191, 23.303649939927315 ], [ -104.307331979743751, 23.306753400139964 ], [ -104.295650310233697, 23.317694339641552 ], [ -104.298907690142173, 23.324452259792892 ], [ -104.283850689730173, 23.352511570071339 ], [ -104.282607579533533, 23.369050849786738 ], [ -104.282693379597092, 23.380960860124059 ], [ -104.290414369734322, 23.399008540080565 ], [ -104.28475768036445, 23.410442519732118 ], [ -104.317977220308066, 23.405814769853549 ], [ -104.339525680403625, 23.428642819810825 ], [ -104.29698744966349, 23.429817919688325 ], [ -104.305792050261786, 23.433977890055981 ], [ -104.305290920266444, 23.453488519792163 ], [ -104.321982649797903, 23.456213139780999 ], [ -104.30678685045757, 23.466907919660851 ], [ -104.312712030030781, 23.481006540225064 ], [ -104.293798020243528, 23.50037460005948 ], [ -104.272079380170553, 23.507769170107391 ], [ -104.269722020248352, 23.512872309848994 ], [ -104.279470939874358, 23.53308999970174 ], [ -104.308233399853719, 23.541342770430209 ], [ -104.316557019876782, 23.566624750391394 ], [ -104.314481109920195, 23.596802400016539 ], [ -104.31970371038868, 23.601851999603014 ], [ -104.350903750377356, 23.609564250337623 ], [ -104.353913860325619, 23.620904830145729 ], [ -104.317710229750332, 23.60663245990278 ], [ -104.284496749788033, 23.598033370128785 ], [ -104.279013619517968, 23.54207312008926 ], [ -104.262669339567026, 23.58519545021576 ], [ -104.236626719690193, 23.631720780219045 ], [ -104.208581710101072, 23.628017029961342 ], [ -104.18752111029994, 23.6143101695674 ], [ -104.150693379934125, 23.617207630168316 ], [ -104.1381079395629, 23.621101779701693 ], [ -104.120607200209875, 23.620259059548257 ], [ -104.138504219827198, 23.601413060450117 ], [ -104.106657769973936, 23.609576860418972 ], [ -104.093938599596754, 23.605818179918106 ], [ -104.077436000348214, 23.607422889661972 ], [ -104.076647489944136, 23.627025539981766 ], [ -104.042274000175823, 23.649386310114625 ], [ -104.042093689778412, 23.645062909658808 ], [ -104.039764779728444, 23.646112199938059 ], [ -104.029762800374698, 23.631237649667391 ], [ -104.031969170053216, 23.62608638002985 ], [ -104.021310939996383, 23.622263089703214 ], [ -104.019031750428226, 23.615468249572466 ], [ -104.035003510200085, 23.593037720356762 ], [ -104.024194649698345, 23.592366059831839 ], [ -103.999354140377548, 23.611311280359587 ], [ -104.001240850124788, 23.665102820286783 ], [ -103.985020749873655, 23.654363200272908 ], [ -103.959615490309204, 23.672599249602921 ], [ -103.958305860143653, 23.669379029864118 ], [ -103.956599509660762, 23.667819199571273 ], [ -103.95506124958321, 23.671962230033305 ], [ -103.84101461871748, 23.701242891736488 ] ] ] } },
{ "type": "Feature", "properties": { "code": "10016", "stateCode": "10", "municipalityCode": "016", "name": "Nombre de Dios" }, "geometry": { "type": "Polygon", "coordinates": [ [ [ -104.276354230276596, 24.067320030058127 ], [ -104.270820629625291, 24.060669430258738 ], [ -104.260730089836628, 24.057316540233742 ], [ -104.25743435006838, 24.059398720323113 ], [ -104.25455168019613, 24.05627678043497 ], [ -104.25451878046546, 24.046934999849764 ], [ -104.25694222020654, 24.046607249600267 ], [ -104.253217109732972, 24.03938051014477 ], [ -104.247118569931843, 24.036859509812004 ], [ -104.248841579977835, 24.033981459594401 ], [ -104.241541459978734, 24.034781660000661 ], [ -104.237996449608431, 24.024796259877551 ], [ -104.23255761994281, 24.023431949813673 ], [ -104.240322769641722, 24.013991830206258 ], [ -104.233729090480466, 24.003292820147745 ], [ -104.224855089566944, 24.007290629775298 ], [ -104.214924739761955, 23.997690350011023 ], [ -104.2180182798799, 23.982680080185602 ], [ -104.228318850153528, 23.986362649724157 ], [ -104.253355599680319, 23.980343149578029 ], [ -104.240080139692694, 23.974290379701806 ], [ -104.233209889553251, 23.938257059613857 ], [ -104.212828550184952, 23.939322079982716 ], [ -104.206265449693817, 23.948569710290002 ], [ -104.176622769778845, 23.959024889770031 ], [ -104.1595869496836, 23.948502889935565 ], [ -104.155086570351756, 23.960510739600171 ], [ -104.157348619689643, 23.964608150212207 ], [ -104.138526220490618, 23.969890109833262 ], [ -104.135833569718145, 23.968012090093065 ], [ -104.130366740473434, 23.948643479803085 ], [ -104.15612507985692, 23.948299289976525 ], [ -104.158058149521352, 23.946905350225911 ], [ -104.153921340279695, 23.93085418001445 ], [ -104.191182119706795, 23.922010880222775 ], [ -104.196995720167152, 23.910258950383579 ], [ -104.189400459811552, 23.901692719630521 ], [ -104.180981539810574, 23.908384830256836 ], [ -104.168991110221143, 23.902752599609894 ], [ -104.163019739829096, 23.911674109727148 ], [ -104.152962230155893, 23.910616419962508 ], [ -104.146078890182096, 23.898782829779421 ], [ -104.141556849853828, 23.897468020004858 ], [ -104.124615119673891, 23.906136280044304 ], [ -104.118313459595754, 23.900646149946983 ], [ -104.106850049598009, 23.879213740307826 ], [ -104.099095479634514, 23.874658570054049 ], [ -104.090113600350207, 23.887338220001798 ], [ -104.042857279705018, 23.882165519559823 ], [ -104.042211149629026, 23.865729139563566 ], [ -104.022829850054293, 23.861707850288717 ], [ -104.042695920468319, 23.862014820181741 ], [ -104.040468169754249, 23.852687170008771 ], [ -104.02752284965743, 23.849477719757761 ], [ -104.028195339564206, 23.843959539621537 ], [ -104.041348059749566, 23.845462750153569 ], [ -104.041870179774719, 23.841909170353727 ], [ -104.048410520417818, 23.842612629694699 ], [ -104.045879250459407, 23.836755229896227 ], [ -103.948144680301468, 23.825926460226661 ], [ -103.997151720138646, 23.782915259993583 ], [ -103.997818200496823, 23.785304020379222 ], [ -104.01055677012765, 23.774718349575579 ], [ -104.017967400141302, 23.772887849791921 ], [ -104.020127579803329, 23.768855540055533 ], [ -104.016575199693278, 23.766620859568725 ], [ -104.034398909545786, 23.751408430412145 ], [ -104.031876319869909, 23.74797909035594 ], [ -104.026605649806385, 23.751018519548687 ], [ -104.028522249722414, 23.753779799800427 ], [ -104.025252080051843, 23.755902139659213 ], [ -104.019281250443058, 23.750525649752625 ], [ -104.022435379701975, 23.748410880408464 ], [ -104.019494020071264, 23.74375705980637 ], [ -104.039205169632197, 23.743661349855284 ], [ -104.037582629902232, 23.747982429976041 ], [ -104.04221960047083, 23.748192059898521 ], [ -104.042413860328651, 23.744704090210579 ], [ -104.049915579641478, 23.747854690177064 ], [ -104.04524386000152, 23.736043819684845 ], [ -104.037223180216643, 23.735982019612255 ], [ -104.038687460231444, 23.726510119914792 ], [ -104.034665110311863, 23.72160479989439 ], [ -104.049053450139724, 23.713553630022979 ], [ -104.042308539554611, 23.705906779799278 ], [ -104.027462419694359, 23.714032089730072 ], [ -104.023677740491635, 23.705438890094143 ], [ -104.04846742021293, 23.691142249659265 ], [ -104.052111750488166, 23.691998720059392 ], [ -104.050709850127419, 23.689921819940469 ], [ -104.059886599532518, 23.684926860171789 ], [ -104.055885450208507, 23.676115349732854 ], [ -104.09665655008051, 23.651446750259588 ], [ -104.092581019882829, 23.649192260011763 ], [ -104.120607200209875, 23.620259059548257 ], [ -104.1381079395629, 23.621101779701693 ], [ -104.150693379934125, 23.617207630168316 ], [ -104.171061860264786, 23.617581340086268 ], [ -104.185342120204425, 23.614150430179027 ], [ -104.209123310403953, 23.628168949669536 ], [ -104.238313380197511, 23.630570850428359 ], [ -104.237337970455371, 23.632567709930672 ], [ -104.26126957025707, 23.62935139965467 ], [ -104.279752830050313, 23.630821880255674 ], [ -104.280104340189979, 23.661904649661366 ], [ -104.277708569804275, 23.666826860318533 ], [ -104.272597400376014, 23.668780090178387 ], [ -104.27917506014704, 23.678975619889982 ], [ -104.270312450200905, 23.68044994014987 ], [ -104.271210060266654, 23.692814020301824 ], [ -104.267395569547332, 23.697068309640908 ], [ -104.272188509659571, 23.705354060104114 ], [ -104.26935331023428, 23.711059770049495 ], [ -104.272620379807321, 23.715730000007074 ], [ -104.287140740288933, 23.718444540313129 ], [ -104.288584570421833, 23.723871450430352 ], [ -104.297610480073701, 23.732229580190417 ], [ -104.298336019840548, 23.750382349584374 ], [ -104.30623159997262, 23.739651909641761 ], [ -104.331038860369219, 23.75223041964276 ], [ -104.355085449568776, 23.744852369704454 ], [ -104.358635509767041, 23.750888999954423 ], [ -104.389177909819196, 23.750841460424649 ], [ -104.411533919759805, 23.765478089554154 ], [ -104.40414689027584, 23.789796980181052 ], [ -104.414549349928222, 23.789005419576579 ], [ -104.407666819866776, 23.805781650215209 ], [ -104.39952586026557, 23.80525674970556 ], [ -104.392258599833852, 23.838469679940129 ], [ -104.391828400207643, 23.855991179886509 ], [ -104.395529770465131, 23.86227796967346 ], [ -104.392394509890181, 23.867770490111401 ], [ -104.399662090405826, 23.879415460005429 ], [ -104.39972938039115, 23.910499710138716 ], [ -104.390188080322858, 23.928480659785009 ], [ -104.389628259987276, 23.943520400132062 ], [ -104.39644777983915, 23.950453249618516 ], [ -104.393343829605442, 23.960073540129788 ], [ -104.368056199967839, 23.95020155006819 ], [ -104.323417999871566, 23.962424250040684 ], [ -104.327096120444864, 23.967847770429685 ], [ -104.324342749683197, 23.973737829890958 ], [ -104.329308489775372, 23.98296149017494 ], [ -104.327872969659197, 23.998006140441394 ], [ -104.332665049545881, 24.009553260029868 ], [ -104.295422860278066, 24.00988404976982 ], [ -104.300399779522124, 24.014443660243519 ], [ -104.305030860401942, 24.035571629571091 ], [ -104.291278649867621, 24.064477519752312 ], [ -104.276354230276596, 24.067320030058127 ] ] ] } },
{ "type": "Feature", "properties": { "code": "10003", "stateCode": "10", "municipalityCode": "003", "name": "Coneto de Comonfort" }, "geometry": { "type": "Polygon", "coordinates": [ [ [ -104.798278229641539, 25.273635220170789 ], [ -104.8251154199247, 25.216971179635898 ], [ -104.771473109517615, 25.180047540174389 ], [ -104.785267719714852, 25.150465550015475 ], [ -104.769712059500222, 25.151071379868462 ], [ -104.774303449615061, 25.127165080028355 ], [ -104.740924280146373, 25.148795860364935 ], [ -104.715397029766407, 25.129669020120758 ], [ -104.698757550275417, 25.131145119944996 ], [ -104.690378749853323, 25.139330979691085 ], [ -104.689899780460678, 25.13522047999626 ], [ -104.683127780277928, 25.130771800398502 ], [ -104.684791549677911, 25.126463109653901 ], [ -104.680677539561017, 25.120706850022447 ], [ -104.687061580289225, 25.115844450349716 ], [ -104.683081029737394, 25.110670490169412 ], [ -104.650804349736703, 25.12872709036742 ], [ -104.624917310282768, 25.090590970304543 ], [ -104.61985273965486, 25.058777230048406 ], [ -104.620372580465883, 25.028196949579961 ], [ -104.627169679932621, 24.995913049639761 ], [ -104.595512909810793, 24.965626450115771 ], [ -104.594126680191906, 24.95617482009629 ], [ -104.5915786002017, 24.957234579684553 ], [ -104.562717630000023, 24.933212229936359 ], [ -104.612013660443537, 24.906480229913313 ], [ -104.62902874999898, 24.87264838010374 ], [ -104.64365552012309, 24.862105950175831 ], [ -104.639896550227476, 24.861151080259198 ], [ -104.639798909905252, 24.854228379894359 ], [ -104.633535110225438, 24.860961259910312 ], [ -104.621261419582751, 24.863513430204193 ], [ -104.615276089651786, 24.856836880386911 ], [ -104.624113780073614, 24.848319450156517 ], [ -104.633672940259444, 24.847878740443708 ], [ -104.636163369591273, 24.830859080412313 ], [ -104.634448630142728, 24.8269664202341 ], [ -104.630308800074474, 24.827800139740344 ], [ -104.633331459678701, 24.821458969829767 ], [ -104.631371910121914, 24.791452740283834 ], [ -104.637925449941577, 24.790134460031339 ], [ -104.636405949982915, 24.786658289762315 ], [ -104.643526860495669, 24.786125170167423 ], [ -104.644904059778156, 24.791526429919649 ], [ -104.665542250170517, 24.792333740238508 ], [ -104.67320288046264, 24.748469090315126 ], [ -104.682103289679162, 24.747584859829722 ], [ -104.702732020112691, 24.755994280434784 ], [ -104.706498860240444, 24.743520219996498 ], [ -104.720428139783891, 24.744282489956159 ], [ -104.723323690490176, 24.74799685020205 ], [ -104.712129430249959, 24.766828920183279 ], [ -104.715335890301702, 24.767978449797411 ], [ -104.712903999938476, 24.77342537035112 ], [ -104.708147799962489, 24.776231939800422 ], [ -104.735484230043895, 24.783579910075517 ], [ -104.716405709902006, 24.833403349641713 ], [ -104.72184230968692, 24.844966580063964 ], [ -104.753333949888258, 24.88667621973125 ], [ -104.739740749625895, 24.946388310032784 ], [ -104.790326029599157, 24.929721909753255 ], [ -104.798155889632085, 24.947024349629306 ], [ -104.837771250337113, 24.982005539667199 ], [ -104.837552830180101, 24.98873454980901 ], [ -104.85064222993239, 24.991735170034111 ], [ -104.856437370056639, 25.005636709993734 ], [ -104.881303629917426, 25.021083779879582 ], [ -104.901720750077246, 25.018390140403017 ], [ -104.910461649655161, 25.013365799914965 ], [ -104.914398510231635, 25.004890830098798 ], [ -104.928142280143717, 25.005678689710773 ], [ -104.92874211020974, 25.047848199548628 ], [ -104.959628119838399, 25.053972719922712 ], [ -104.952241220129167, 25.081430229620654 ], [ -104.961111430339344, 25.078285340042406 ], [ -104.958971140080507, 25.082009830403667 ], [ -104.963001750450843, 25.093704570103949 ], [ -104.970826229589193, 25.095879780031819 ], [ -104.978374890333129, 25.084067769900248 ], [ -104.982019569749639, 25.081676550019086 ], [ -104.98635406022855, 25.083281029791468 ], [ -104.991327000283036, 25.087143150254612 ], [ -104.989737549876068, 25.092520249669182 ], [ -105.001813850038928, 25.10127315005866 ], [ -105.006521950024407, 25.116829970187769 ], [ -105.030623830255621, 25.103006459781501 ], [ -105.027470620098327, 25.11589728025438 ], [ -105.037458820059712, 25.111907199967533 ], [ -105.026086779773564, 25.134056859623573 ], [ -105.073684079574065, 25.140201349613385 ], [ -105.096618060278075, 25.172554629571618 ], [ -105.060066379870435, 25.184705339580638 ], [ -105.053711858732697, 25.178677030382289 ], [ -105.042389849655038, 25.176919080084595 ], [ -105.040621819791284, 25.165442430290625 ], [ -105.029962849428642, 25.168791030397681 ], [ -105.02325334885775, 25.174887480310552 ], [ -105.009822780003944, 25.179770619913583 ], [ -105.00083082879047, 25.189741149574619 ], [ -104.993106109793658, 25.189641479660626 ], [ -104.994882519782806, 25.218201550384677 ], [ -104.977470939208359, 25.20638858036272 ], [ -104.962840378630531, 25.220390200357748 ], [ -104.956728249195152, 25.198694970229642 ], [ -104.949464339189888, 25.191594830009024 ], [ -104.946200970410288, 25.192101020048195 ], [ -104.945730860118886, 25.18462710983853 ], [ -104.926288479969926, 25.177308479750536 ], [ -104.925574450500875, 25.166158000377109 ], [ -104.917974340237848, 25.172784120365105 ], [ -104.919416339623382, 25.181824279633148 ], [ -104.913380478824124, 25.17851811001271 ], [ -104.909376629844544, 25.184520750219082 ], [ -104.903536150120587, 25.179311650395178 ], [ -104.89693502889682, 25.178607349945953 ], [ -104.894499119809808, 25.170529580141565 ], [ -104.87568585910978, 25.161917450018766 ], [ -104.874366289037283, 25.208778779865195 ], [ -104.798278229641539, 25.273635220170789 ] ] ] } },
{ "type": "Feature", "properties": { "code": "10004", "stateCode": "10", "municipalityCode": "004", "name": "Cuencamé" }, "geometry": { "type": "Polygon", "coordinates": [ [ [ -103.801914380086771, 25.279354020410487 ], [ -103.792893970425666, 25.279840630413986 ], [ -103.777970019701044, 25.270126879976619 ], [ -103.767341459807724, 25.27475267976163 ], [ -103.773770139632617, 25.268114689645895 ], [ -103.765314950444335, 25.242604349584635 ], [ -103.768912449887921, 25.228401720421214 ], [ -103.753552739509232, 25.192245859595435 ], [ -103.716278139714078, 25.174233540144336 ], [ -103.716081289657012, 25.180136030032482 ], [ -103.707004370092605, 25.189209510201302 ], [ -103.706297480447915, 25.184990449676405 ], [ -103.693900029909756, 25.190852229722875 ], [ -103.683848920500978, 25.188589550283222 ], [ -103.678953689680412, 25.182827769774413 ], [ -103.610200779905583, 25.195326020072137 ], [ -103.530518119593438, 25.221941710118042 ], [ -103.52702554979092, 25.220271080047016 ], [ -103.541394120236063, 25.192023110329409 ], [ -103.494639659840729, 25.173389719708808 ], [ -103.58950283022061, 25.063484820090753 ], [ -103.565300510237819, 25.054494909917743 ], [ -103.533488569801932, 25.033828490166453 ], [ -103.455030089972368, 25.111014480140152 ], [ -103.441621290161507, 25.083289799669476 ], [ -103.389890949848152, 25.076957509586968 ], [ -103.407984619962136, 25.051680620414754 ], [ -103.431771169541506, 25.031141319829267 ], [ -103.378567219886548, 25.02673668045459 ], [ -103.376438880256941, 25.03237527967319 ], [ -103.357283430194641, 25.026819250145831 ], [ -103.35826781953017, 25.01809545024857 ], [ -103.296798740051884, 25.017127510044439 ], [ -103.283276769882335, 24.988767520163634 ], [ -103.288909060142856, 24.952364399561034 ], [ -103.303258290457634, 24.951897319957773 ], [ -103.304870289764381, 24.95631305982317 ], [ -103.364307519805578, 24.949298079648038 ], [ -103.366989720434731, 24.927101750112321 ], [ -103.358785629980062, 24.902326650360781 ], [ -103.335934059875342, 24.905748939989728 ], [ -103.341111540401286, 24.888282819801127 ], [ -103.378111320046884, 24.891989949872865 ], [ -103.377987850157552, 24.870520570046583 ], [ -103.36741701974195, 24.869655880172832 ], [ -103.370019579975647, 24.845741139976504 ], [ -103.382340350491319, 24.848130179845338 ], [ -103.403140649834739, 24.780281149760743 ], [ -103.484432260038645, 24.664661350432205 ], [ -103.435913739750873, 24.644200400091972 ], [ -103.428886419928972, 24.623574679689206 ], [ -103.485832819983429, 24.651210489563343 ], [ -103.492548170102225, 24.660754520193791 ], [ -103.527962030379854, 24.643698980229519 ], [ -103.500705979641495, 24.591134920314794 ], [ -103.550259890446824, 24.559039320337511 ], [ -103.554775890037305, 24.506545139620297 ], [ -103.533851230431551, 24.514337060194716 ], [ -103.524918769980872, 24.510669740138542 ], [ -103.523069199573669, 24.480119180269519 ], [ -103.526924199974331, 24.461327170384482 ], [ -103.541124029774906, 24.457327279548519 ], [ -103.560254339686381, 24.444814969585803 ], [ -103.561178679908068, 24.432260860086476 ], [ -103.497645519642148, 24.426156849568923 ], [ -103.529882920161683, 24.413088340402936 ], [ -103.53193058013926, 24.362241460065196 ], [ -103.54001381994604, 24.351809680392872 ], [ -103.562307910378379, 24.34604750980008 ], [ -103.56175081971773, 24.330574849891793 ], [ -103.558318770143828, 24.32532372034084 ], [ -103.583235110116846, 24.31240777970018 ], [ -103.596519149744765, 24.309149739904658 ], [ -103.597919780109038, 24.30616833985917 ], [ -103.600961320192283, 24.307655720366739 ], [ -103.610449939636752, 24.288378880253589 ], [ -103.620437509767058, 24.289014049688763 ], [ -103.643905459774899, 24.268073449741294 ], [ -103.647377449776414, 24.24933905030483 ], [ -103.637618909776364, 24.235379879659316 ], [ -103.604861399512643, 24.237080079931982 ], [ -103.597855400278846, 24.235180800205381 ], [ -103.59767948985936, 24.23148604967756 ], [ -103.59054169040563, 24.230688350356587 ], [ -103.588413080274933, 24.238406799549281 ], [ -103.563003419553809, 24.257314109782563 ], [ -103.556492780191775, 24.242003980149491 ], [ -103.562577949978035, 24.231107369550941 ], [ -103.565523089592702, 24.211406919655694 ], [ -103.559258349628209, 24.198411450269191 ], [ -103.559733510147097, 24.19331628992591 ], [ -103.566064310129349, 24.185224319583433 ], [ -103.580971859698437, 24.179583289802501 ], [ -103.605765540147246, 24.151154480171691 ], [ -103.622006679961089, 24.11746469039905 ], [ -103.635969539767871, 24.110293380205594 ], [ -103.660361549840516, 24.149326290078672 ], [ -103.695229739955053, 24.130291749684297 ], [ -103.810281519126221, 24.040091940922096 ], [ -103.805870829977735, 24.06416963012315 ], [ -103.819023849763695, 24.086955320437951 ], [ -103.884371630103914, 24.127861060309034 ], [ -103.905291520320972, 24.103850780286365 ], [ -103.891435910439441, 24.095103780219844 ], [ -103.887499430355192, 24.100616089593338 ], [ -103.861432220359106, 24.086100770329047 ], [ -103.866685709807243, 24.079395629778798 ], [ -103.861860309646829, 24.076141230014088 ], [ -103.867598969757708, 24.03981170991597 ], [ -103.898613719916128, 24.043076020398047 ], [ -103.904329479837742, 24.053745619977509 ], [ -103.912924419748876, 24.047809050251381 ], [ -103.911125860243047, 24.040140819789872 ], [ -103.905791200313459, 24.039340180363251 ], [ -103.904120719950313, 24.033685949560741 ], [ -103.913267920262982, 24.028814169548685 ], [ -103.912677460364392, 24.026159510268833 ], [ -103.917090769591965, 24.025975109632729 ], [ -103.932470119638836, 24.043966770232014 ], [ -103.9371924803512, 24.044846450146554 ], [ -103.940951170376962, 24.040555910192897 ], [ -103.943385429819557, 24.043296059866094 ], [ -103.943018050105195, 24.057652179732642 ], [ -103.947969120444569, 24.048561910246327 ], [ -103.95305243045398, 24.054412999947264 ], [ -103.964547310003155, 24.092717969729236 ], [ -103.934321430002626, 24.111035510436231 ], [ -103.944876710155171, 24.118993000065977 ], [ -103.929610819773899, 24.122821230021628 ], [ -103.921452059956948, 24.134552710258315 ], [ -103.924985370024629, 24.163195479681974 ], [ -103.931417350410129, 24.171809939728899 ], [ -103.937927619950713, 24.174240140304303 ], [ -103.937742939565652, 24.184323690140104 ], [ -103.945728220169784, 24.194219629786808 ], [ -103.953225169642081, 24.19658747983302 ], [ -103.951331909931298, 24.200945119587345 ], [ -103.954506279826603, 24.202876199735652 ], [ -103.950614259606581, 24.204085520213443 ], [ -103.947407689505496, 24.210898739616653 ], [ -103.942035740392285, 24.210798659839387 ], [ -103.93296631031393, 24.22225556988381 ], [ -103.936569450028017, 24.227014450350733 ], [ -103.933325259917069, 24.252379199568534 ], [ -103.923817939940065, 24.251857460061565 ], [ -103.914839600214407, 24.233017940422915 ], [ -103.900368290028013, 24.242388490149906 ], [ -103.903391659985928, 24.25650346038465 ], [ -103.898353479607593, 24.25738052031398 ], [ -103.919419879679239, 24.304514650373928 ], [ -103.895933250298754, 24.309820749700886 ], [ -103.901224519761143, 24.348296169777779 ], [ -103.925555689575745, 24.344496290308257 ], [ -103.924999250299948, 24.340736149904203 ], [ -103.93873220041516, 24.348415599824172 ], [ -103.938376570075278, 24.351132120346154 ], [ -103.940897060325184, 24.350017909901421 ], [ -103.976059059840296, 24.384808229725525 ], [ -103.968831480462242, 24.394702999575365 ], [ -103.999472969741802, 24.395504519887989 ], [ -104.021939830166431, 24.411823879618066 ], [ -104.004564769994445, 24.418341950423414 ], [ -103.989792489635008, 24.40761807959387 ], [ -103.9865865502871, 24.410780659977672 ], [ -103.978466879947973, 24.404758419604537 ], [ -103.946224170176478, 24.394008450256592 ], [ -103.94611255034107, 24.388308579643933 ], [ -103.909787229736494, 24.381634980430373 ], [ -103.917159420249149, 24.407357400210028 ], [ -103.913438710288034, 24.465327489675186 ], [ -103.92547613996787, 24.474664890254257 ], [ -103.94318951005009, 24.509790340260288 ], [ -103.969957339753307, 24.498469290230805 ], [ -103.972094400270677, 24.502475569837003 ], [ -103.940873279983464, 24.515856420328628 ], [ -103.959359120201213, 24.55209304988578 ], [ -103.933331149549588, 24.578686490182921 ], [ -103.928634430053634, 24.577042919786539 ], [ -103.916671739633315, 24.590455380084681 ], [ -103.912122750226956, 24.585507799901979 ], [ -103.908469339808917, 24.588782279964644 ], [ -103.911305279640828, 24.591566910177352 ], [ -103.906221460215889, 24.595628079557258 ], [ -103.908878830426488, 24.598451089714107 ], [ -103.905027060258774, 24.601527199747935 ], [ -103.902392600412398, 24.598673629787108 ], [ -103.887462879683653, 24.610562509801294 ], [ -103.895129050279536, 24.618866679863736 ], [ -103.893337479742641, 24.620503279657385 ], [ -103.891470970136083, 24.621881170240968 ], [ -103.883406120256637, 24.613866169951194 ], [ -103.854768539777723, 24.636450569644644 ], [ -103.852344949508463, 24.633824090339235 ], [ -103.848704550278839, 24.636873689606368 ], [ -103.851048600229873, 24.639330950101691 ], [ -103.838209800362009, 24.649236110208868 ], [ -103.844041370051201, 24.654775420117822 ], [ -103.837149860165724, 24.66003123018972 ], [ -103.857782150496305, 24.681865850441177 ], [ -103.853824480153051, 24.688572750254149 ], [ -103.842310650422348, 24.695284620145618 ], [ -103.843409969925276, 24.717027279586837 ], [ -103.836742719543693, 24.714511060075299 ], [ -103.829379110250585, 24.719735739977743 ], [ -103.825280519748446, 24.728004119586497 ], [ -103.814811119752704, 24.72963757008171 ], [ -103.817998829957787, 24.738208379768274 ], [ -103.79952377011719, 24.733927569774032 ], [ -103.797115849872483, 24.768576339679491 ], [ -103.832831620299345, 24.770950450279756 ], [ -103.823548909906023, 24.796070999736909 ], [ -103.831093770245445, 24.793847629934682 ], [ -103.845743340473405, 24.821474169640734 ], [ -103.829290520226408, 24.821678479876205 ], [ -103.821643860042442, 24.83078147984795 ], [ -103.854247820392004, 24.841237109570791 ], [ -103.867474939538496, 24.841493890066484 ], [ -103.866344049788268, 24.836259630017299 ], [ -103.900664880326588, 24.802041199989333 ], [ -103.944265030468145, 24.810686999750065 ], [ -103.959330079962186, 24.847892150453813 ], [ -103.981002599730957, 24.88138121957688 ], [ -103.997217319948518, 24.918967520311092 ], [ -103.981118550323458, 24.963367949714485 ], [ -103.994362419937389, 24.962888319980891 ], [ -103.995341739982536, 24.984935449562716 ], [ -103.942840379361769, 24.988609400903577 ], [ -103.948408709772423, 25.040788401318981 ], [ -103.957050489612115, 25.056489220526142 ], [ -103.897634540209978, 25.092979709771505 ], [ -103.912850618935437, 25.111457949851562 ], [ -103.919578979823072, 25.13423160008556 ], [ -103.875843889981198, 25.190743169592526 ], [ -103.861378259518375, 25.197550449990164 ], [ -103.832378850249398, 25.252367619782646 ], [ -103.841454149517631, 25.272793110308214 ], [ -103.834594820425195, 25.269866690318455 ], [ -103.827578739840106, 25.260119660206023 ], [ -103.823895280113916, 25.260796940385593 ], [ -103.825426109533538, 25.2716909201087 ], [ -103.823179060092059, 25.271038780397859 ], [ -103.817237049590332, 25.259199920040349 ], [ -103.812703619856478, 25.271555119651744 ], [ -103.805201849594241, 25.270847319727022 ], [ -103.801914380086771, 25.279354020410487 ] ] ] } },
{ "type": "Feature", "properties": { "code": "10006", "stateCode": "10", "municipalityCode": "006", "name": "General Simón Bolívar" }, "geometry": { "type": "Polygon", "coordinates": [ [ [ -103.505833140328477, 25.276568739982938 ], [ -103.496720110307407, 25.255748519627566 ], [ -103.473184370312012, 25.250107679693276 ], [ -103.46623395000158, 25.238680379568482 ], [ -103.450213740008223, 25.228614910087718 ], [ -103.450062579940123, 25.219054090056066 ], [ -103.438681570217327, 25.201958800164029 ], [ -103.432208519574317, 25.19952405030153 ], [ -103.425795950135111, 25.201539289679761 ], [ -103.418427420412627, 25.196379710064811 ], [ -103.41832121979995, 25.19200595013502 ], [ -103.40923692013196, 25.182385350194618 ], [ -103.402857780385631, 25.182348910377925 ], [ -103.398201740221594, 25.175483909960217 ], [ -103.394290419727582, 25.157735630404495 ], [ -103.377141850279088, 25.142049170348049 ], [ -103.370397170386113, 25.124006430247672 ], [ -103.359539310432027, 25.110028849624207 ], [ -103.351441749627853, 25.107218949655518 ], [ -103.34266238041441, 25.110329419805343 ], [ -103.337225939813436, 25.099126980183495 ], [ -103.322273320211892, 25.094289800174668 ], [ -103.31244913965179, 25.085069090184472 ], [ -103.29500637963973, 25.07997836993955 ], [ -103.29124131991, 25.070533279931464 ], [ -103.278231450312333, 25.062969429920219 ], [ -103.274239340208311, 25.064594279684126 ], [ -103.271092199564052, 25.060430140068998 ], [ -103.262180340154472, 25.058549309592333 ], [ -103.261506319709312, 25.054168250257444 ], [ -103.269577310352943, 25.054893829699228 ], [ -103.268788889615706, 25.049143320030332 ], [ -103.274464630194188, 25.045947720438825 ], [ -103.269452000365959, 25.040242459863101 ], [ -103.27801522042374, 25.034614170259548 ], [ -103.267489340409952, 25.028043720014505 ], [ -103.274053970311641, 25.023359889998755 ], [ -103.27046954021742, 25.015659599966895 ], [ -103.246563080022042, 24.996026600048605 ], [ -103.248658090364103, 24.992524970171196 ], [ -103.245363779620519, 24.982462800093124 ], [ -103.25914589001421, 24.964658770127269 ], [ -103.092946909731168, 24.822861429569986 ], [ -103.068847149836188, 24.81855914972267 ], [ -103.053744720317226, 24.809943550266851 ], [ -103.033355250477896, 24.810840169842891 ], [ -103.021819320069355, 24.79993614966294 ], [ -103.015066950104497, 24.800950749807477 ], [ -103.005138020313893, 24.793218150423794 ], [ -103.001364980000318, 24.79838026009951 ], [ -102.990810829753926, 24.794037620402168 ], [ -102.97521539953766, 24.799463659987808 ], [ -102.974567579505873, 24.792808319689804 ], [ -102.964918200317513, 24.794008550160015 ], [ -102.963618910283259, 24.788112030133242 ], [ -102.949273710291379, 24.779755080027865 ], [ -102.937372370255119, 24.777745020010538 ], [ -102.935663280238316, 24.780101579600938 ], [ -102.932607980381164, 24.778040320055801 ], [ -102.923134450414096, 24.780277889810133 ], [ -102.921592339991932, 24.773039580443548 ], [ -102.915956399995736, 24.776080570329309 ], [ -102.907600310465398, 24.767959920428613 ], [ -102.900240060151063, 24.764724339634078 ], [ -102.89556139988278, 24.766059370024045 ], [ -102.886173309632667, 24.758089399577269 ], [ -102.883580909528874, 24.751033320241707 ], [ -102.887065109818465, 24.748541919962982 ], [ -102.880725320222524, 24.743852479668838 ], [ -102.930392349655676, 24.712727430395056 ], [ -102.979204570395865, 24.714190169742292 ], [ -102.981313979824947, 24.707305000182576 ], [ -102.978272649753606, 24.700843939603466 ], [ -102.98311635029296, 24.695170449909593 ], [ -102.993966740492937, 24.704961090064092 ], [ -102.984630139598863, 24.714351820267986 ], [ -103.041302020414733, 24.694725799605994 ], [ -103.056306339995061, 24.685239049609535 ], [ -103.038477320360229, 24.654060309882087 ], [ -103.045078340487805, 24.657174849588294 ], [ -103.028424000041312, 24.630612850109781 ], [ -103.017744970326589, 24.621104490342706 ], [ -103.018706890469844, 24.616748780108232 ], [ -102.948105459600697, 24.559095850411186 ], [ -102.953724749725225, 24.536576309836271 ], [ -102.934195449750135, 24.508469880257493 ], [ -102.903648950296329, 24.481383890423729 ], [ -102.877837260135479, 24.472353740015365 ], [ -102.881797630434264, 24.464655060242119 ], [ -102.894291510214558, 24.458686979667675 ], [ -102.890427350022378, 24.451474259574145 ], [ -102.894875919963695, 24.450350710409555 ], [ -102.895079219888601, 24.441341660337745 ], [ -102.901792200209812, 24.435713779603233 ], [ -102.900106510263967, 24.428500479570147 ], [ -102.967440169525347, 24.457703629779818 ], [ -102.983572799667371, 24.433257150163698 ], [ -103.04315022000084, 24.466500859960178 ], [ -103.075080970442414, 24.422624580251274 ], [ -103.087514649863522, 24.436027050366718 ], [ -103.098527279826968, 24.401626599885361 ], [ -103.131708830103577, 24.424676999656413 ], [ -103.13950925955578, 24.428470920163093 ], [ -103.15772582028508, 24.427840630287974 ], [ -103.164587860152281, 24.435074909770233 ], [ -103.175456860037215, 24.433261000160858 ], [ -103.181953419809332, 24.419896580255088 ], [ -103.187284569641406, 24.423288449791144 ], [ -103.175737910147902, 24.4500631696637 ], [ -103.207699460397038, 24.476520260234221 ], [ -103.200628049816231, 24.480550999617162 ], [ -103.203027659811752, 24.500424060427907 ], [ -103.187643079657875, 24.524450829788346 ], [ -103.195641679729249, 24.528548019740935 ], [ -103.202072970109782, 24.540317749815479 ], [ -103.212474879852678, 24.550176029590386 ], [ -103.211187680047217, 24.552941690443873 ], [ -103.214862950456308, 24.551088620196278 ], [ -103.220122740183342, 24.555263619649946 ], [ -103.226955649801781, 24.543198880076048 ], [ -103.229154339626035, 24.551503649719795 ], [ -103.234022750119749, 24.548342799745846 ], [ -103.237143049527575, 24.538577980130661 ], [ -103.251430939878318, 24.541551229606338 ], [ -103.243894800000135, 24.568009120249016 ], [ -103.309797079527655, 24.596144200173281 ], [ -103.307867280128477, 24.581449119567964 ], [ -103.317272660151076, 24.57907299981056 ], [ -103.330219600173294, 24.613383140275729 ], [ -103.359746599753379, 24.64806131970991 ], [ -103.380859089927853, 24.681315649898114 ], [ -103.35797848957138, 24.683666280289817 ], [ -103.350075619848838, 24.679957969756046 ], [ -103.346328849591345, 24.683901569863394 ], [ -103.333056229816648, 24.682287149789847 ], [ -103.330907519982702, 24.685415540441777 ], [ -103.312722400041608, 24.687672479800785 ], [ -103.389809259913392, 24.690573489888344 ], [ -103.405871430346068, 24.728670680291831 ], [ -103.428355949597716, 24.744586310262076 ], [ -103.403140649834739, 24.780281149760743 ], [ -103.382340350491319, 24.848130179845338 ], [ -103.370019579975647, 24.845741139976504 ], [ -103.36741701974195, 24.869655880172832 ], [ -103.377987850157552, 24.870520570046583 ], [ -103.378111320046884, 24.891989949872865 ], [ -103.341111540401286, 24.888282819801127 ], [ -103.335934059875342, 24.905748939989728 ], [ -103.358785629980062, 24.902326650360781 ], [ -103.366989720434731, 24.927101750112321 ], [ -103.364307519805578, 24.949298079648038 ], [ -103.304870289764381, 24.95631305982317 ], [ -103.303258290457634, 24.951897319957773 ], [ -103.288909060142856, 24.952364399561034 ], [ -103.283276769882335, 24.988767520163634 ], [ -103.296798740051884, 25.017127510044439 ], [ -103.35826781953017, 25.01809545024857 ], [ -103.357283430194641, 25.026819250145831 ], [ -103.376438880256941, 25.03237527967319 ], [ -103.378567219886548, 25.02673668045459 ], [ -103.431771169541506, 25.031141319829267 ], [ -103.407984619962136, 25.051680620414754 ], [ -103.389890949848152, 25.076957509586968 ], [ -103.441621290161507, 25.083289799669476 ], [ -103.455030089972368, 25.111014480140152 ], [ -103.533488569801932, 25.033828490166453 ], [ -103.565300510237819, 25.054494909917743 ], [ -103.58950283022061, 25.063484820090753 ], [ -103.494639659840729, 25.173389719708808 ], [ -103.541394120236063, 25.192023110329409 ], [ -103.52702554979092, 25.220271080047016 ], [ -103.530518119593438, 25.221941710118042 ], [ -103.514679179508448, 25.230731339905343 ], [ -103.508472720354746, 25.240528750079456 ], [ -103.506001800335071, 25.267564599935799 ], [ -103.513891740058526, 25.278712599732767 ], [ -103.505833140328477, 25.276568739982938 ] ] ] } },
{ "type": "Feature", "properties": { "code": "10025", "stateCode": "10", "municipalityCode": "025", "name": "San Bernardo" }, "geometry": { "type": "Polygon", "coordinates": [ [ [ -105.785969428644151, 26.542803509867724 ], [ -105.77853316960632, 26.534446519623341 ], [ -105.777809818958517, 26.529289919986287 ], [ -105.771541769633416, 26.528989849590399 ], [ -105.771045138522922, 26.523341800215867 ], [ -105.766403280449694, 26.518947259967639 ], [ -105.766182258811696, 26.516045489643243 ], [ -105.779652939995501, 26.507178450104355 ], [ -105.732559479906001, 26.506118199575084 ], [ -105.719620279364506, 26.498099179786699 ], [ -105.715150229746826, 26.476977109979423 ], [ -105.700924548702829, 26.462172650198934 ], [ -105.688455690040229, 26.46072494043316 ], [ -105.686498629780544, 26.425770950115492 ], [ -105.681590018598939, 26.421990779899957 ], [ -105.696526420409697, 26.407731249569984 ], [ -105.693779520187547, 26.402761319610129 ], [ -105.680301450144427, 26.4045291703045 ], [ -105.662913970503638, 26.351288230264565 ], [ -105.629447078632154, 26.371141690114626 ], [ -105.622671169766775, 26.35998221956828 ], [ -105.606462950354626, 26.349087079542841 ], [ -105.565177429606635, 26.377060429568267 ], [ -105.553594369846152, 26.358040779979667 ], [ -105.545117740271564, 26.353003179548377 ], [ -105.545575179311044, 26.347945459940401 ], [ -105.540217429827891, 26.343747910396875 ], [ -105.538815258559197, 26.335253249847923 ], [ -105.529494568912554, 26.325390059650008 ], [ -105.508323978489656, 26.321726029768392 ], [ -105.509631380055083, 26.296333309695839 ], [ -105.525418018622588, 26.28108426006014 ], [ -105.517251478994424, 26.270428749802509 ], [ -105.513742320490067, 26.254662449628935 ], [ -105.51643450968281, 26.238638109837257 ], [ -105.477489909566117, 26.233616380385051 ], [ -105.418965340480611, 26.157921650280301 ], [ -105.410986629807468, 26.156066980352275 ], [ -105.383867480243381, 26.112979770072066 ], [ -105.39836273915931, 26.108737479568283 ], [ -105.416648219002852, 26.092738980088132 ], [ -105.378796710447858, 26.054302679692903 ], [ -105.39277244852012, 26.045497139855001 ], [ -105.393944579340697, 26.037915310403747 ], [ -105.40977213890983, 26.038245750151624 ], [ -105.400860799475893, 26.025064119698047 ], [ -105.437188769631035, 25.98484150985594 ], [ -105.436534179286781, 25.970476459752263 ], [ -105.451212720302152, 25.937667579991558 ], [ -105.459697689090405, 25.940310249729649 ], [ -105.463923419305075, 25.945870220422272 ], [ -105.46852194903262, 25.944472259618461 ], [ -105.48155090978436, 25.932644260320245 ], [ -105.510310320301798, 25.918717379574609 ], [ -105.525527289309821, 25.924851720380417 ], [ -105.531459749606498, 25.922121109743223 ], [ -105.533423818744481, 25.926074200260633 ], [ -105.547762578637546, 25.92400890997386 ], [ -105.550836138790515, 25.919940400183645 ], [ -105.553336830322351, 25.924074969884582 ], [ -105.564512379572037, 25.922072849605197 ], [ -105.561560819975014, 25.908330349768214 ], [ -105.556011540377739, 25.90295834975197 ], [ -105.581932488970878, 25.905140520217806 ], [ -105.58481742012475, 25.898246170211667 ], [ -105.551683320284965, 25.876847060379408 ], [ -105.588951509979069, 25.840467799970551 ], [ -105.652868739534554, 25.900607949791535 ], [ -105.628158340269579, 25.825091149790197 ], [ -105.647295249658072, 25.832895969999736 ], [ -105.686205110193939, 25.868606259622979 ], [ -105.697690518808031, 25.868966340405056 ], [ -105.701513418722513, 25.863174650116786 ], [ -105.709391909624614, 25.89862685012783 ], [ -105.708451179922832, 25.918755600262681 ], [ -105.722467380437138, 25.943444400029495 ], [ -105.721628228943203, 25.98812317025218 ], [ -105.723777519764937, 25.992964289571454 ], [ -105.706441719237063, 25.998921539811274 ], [ -105.680678850403979, 25.988724820043966 ], [ -105.674500059688583, 25.998304419710465 ], [ -105.675761309158148, 26.009988309924715 ], [ -105.668497539745928, 26.012627139978616 ], [ -105.679580678709527, 26.037396089840332 ], [ -105.670900180092488, 26.035842910361836 ], [ -105.680160709928217, 26.053085050278806 ], [ -105.690600719558475, 26.051295020226608 ], [ -105.6910398300422, 26.054743400123002 ], [ -105.727247030489295, 26.007151800375901 ], [ -105.723465110297525, 26.005078259578067 ], [ -105.752663768614354, 26.001235229783731 ], [ -105.767101509728278, 26.013280600423322 ], [ -105.773951539566823, 26.025322540206577 ], [ -105.773709049593478, 26.07437768007313 ], [ -105.818717799282837, 26.115349649640709 ], [ -105.867042770332645, 26.149722619603619 ], [ -105.891814489733491, 26.146069679775309 ], [ -105.883707599535043, 26.132985170392782 ], [ -105.892564820217174, 26.134789420113307 ], [ -105.900092369368437, 26.157275969894542 ], [ -105.903294370149595, 26.160006279997308 ], [ -105.910059818739697, 26.157653060442495 ], [ -105.916884178856833, 26.160146109696097 ], [ -105.923160049498591, 26.174488999878037 ], [ -105.928082119803804, 26.173024480166639 ], [ -105.922313580426191, 26.181682480436013 ], [ -105.916425740130236, 26.183204249624453 ], [ -105.925946049834209, 26.188423550210601 ], [ -105.922448820045844, 26.194259030002598 ], [ -105.918115318836385, 26.195226339853193 ], [ -105.92244302861738, 26.197065770118471 ], [ -105.94700199988732, 26.19087382978638 ], [ -105.948710890051302, 26.19656068033289 ], [ -105.953671120006803, 26.199718309587414 ], [ -105.949050739114426, 26.207803570071771 ], [ -105.942018090036257, 26.211560429587117 ], [ -105.933068089482148, 26.215186369909503 ], [ -105.922075399378627, 26.21358530958517 ], [ -105.924759309905667, 26.216995849788617 ], [ -105.921429060132056, 26.22353248999196 ], [ -105.917803569146059, 26.224180200289307 ], [ -105.915900058786747, 26.236340450242935 ], [ -105.902325029553239, 26.240307229707817 ], [ -105.918011449066597, 26.263199910058816 ], [ -105.956325659025183, 26.274486890077824 ], [ -105.953826748731586, 26.282657340178698 ], [ -105.935347770485151, 26.277969420258849 ], [ -105.942853179711832, 26.287421280003482 ], [ -105.937900510134554, 26.310058050355405 ], [ -105.941590720489259, 26.320072920088862 ], [ -105.932995659336811, 26.324949510154983 ], [ -105.929025449981125, 26.342876379762394 ], [ -105.951742120387067, 26.366854940171656 ], [ -105.943971779864796, 26.372637339590078 ], [ -105.944928199251521, 26.379494970043616 ], [ -105.929179399940892, 26.378572000061531 ], [ -105.907688659752679, 26.357578020425329 ], [ -105.87947673895242, 26.398596320404167 ], [ -105.882305520384008, 26.407969950133623 ], [ -105.87533908983211, 26.456194829986348 ], [ -105.879419709585363, 26.464954380063663 ], [ -105.874172850468071, 26.471472380012578 ], [ -105.879416920483351, 26.475604400414682 ], [ -105.811382029013046, 26.510448919700636 ], [ -105.819162118856454, 26.528650819836983 ], [ -105.816414200422585, 26.527827519769016 ], [ -105.813938250118056, 26.533476060307965 ], [ -105.799660720003445, 26.540549949930384 ], [ -105.785969428644151, 26.542803509867724 ] ] ] } },
{ "type": "Feature", "properties": { "code": "10008", "stateCode": "10", "municipalityCode": "008", "name": "Guadalupe Victoria" }, "geometry": { "type": "Polygon", "coordinates": [ [ [ -104.103279740173321, 24.652385279920228 ], [ -104.064817829858129, 24.629111200439628 ], [ -104.047642919848741, 24.681141779579427 ], [ -104.046143199768736, 24.671551430174979 ], [ -104.039525599829375, 24.669401259934105 ], [ -104.025825219609985, 24.650471780030994 ], [ -104.035690399991921, 24.642941550098541 ], [ -104.027544949797743, 24.6329302798542 ], [ -104.035285110470056, 24.629081799803636 ], [ -104.036501170009515, 24.61221328980703 ], [ -104.023124829724395, 24.559540679605526 ], [ -104.020515710183204, 24.558837619739521 ], [ -104.010660490008405, 24.512786450081645 ], [ -104.005423030045762, 24.503276050406004 ], [ -104.010026920159177, 24.501297110305554 ], [ -104.008487290282574, 24.498359179652866 ], [ -104.003777260381312, 24.500334820227934 ], [ -103.995360939540333, 24.484335629938574 ], [ -103.94318951005009, 24.509790340260288 ], [ -103.92547613996787, 24.474664890254257 ], [ -103.913438710288034, 24.465327489675186 ], [ -103.917159420249149, 24.407357400210028 ], [ -103.909787229736494, 24.381634980430373 ], [ -103.94611255034107, 24.388308579643933 ], [ -103.946224170176478, 24.394008450256592 ], [ -103.978466879947973, 24.404758419604537 ], [ -103.9865865502871, 24.410780659977672 ], [ -103.989792489635008, 24.40761807959387 ], [ -104.004564769994445, 24.418341950423414 ], [ -104.021939830166431, 24.411823879618066 ], [ -103.999472969741802, 24.395504519887989 ], [ -103.968831480462242, 24.394702999575365 ], [ -103.976059059840296, 24.384808229725525 ], [ -103.940897060325184, 24.350017909901421 ], [ -103.938376570075278, 24.351132120346154 ], [ -103.93873220041516, 24.348415599824172 ], [ -103.924999250299948, 24.340736149904203 ], [ -103.925555689575745, 24.344496290308257 ], [ -103.901224519761143, 24.348296169777779 ], [ -103.895933250298754, 24.309820749700886 ], [ -103.919419879679239, 24.304514650373928 ], [ -103.898353479607593, 24.25738052031398 ], [ -103.903391659985928, 24.25650346038465 ], [ -103.900368290028013, 24.242388490149906 ], [ -103.914839600214407, 24.233017940422915 ], [ -103.923817939940065, 24.251857460061565 ], [ -103.933325259917069, 24.252379199568534 ], [ -103.936569450028017, 24.227014450350733 ], [ -103.93296631031393, 24.22225556988381 ], [ -103.942035740392285, 24.210798659839387 ], [ -103.947407689505496, 24.210898739616653 ], [ -103.950614259606581, 24.204085520213443 ], [ -103.954506279826603, 24.202876199735652 ], [ -103.951331909931298, 24.200945119587345 ], [ -103.953225169642081, 24.19658747983302 ], [ -103.945728220169784, 24.194219629786808 ], [ -103.937742939565652, 24.184323690140104 ], [ -103.937927619950713, 24.174240140304303 ], [ -103.931417350410129, 24.171809939728899 ], [ -103.925481709657149, 24.16420942985161 ], [ -103.920895580375742, 24.145171180312854 ], [ -103.921452059956948, 24.134552710258315 ], [ -103.926819370207738, 24.125962059976953 ], [ -103.945235490043629, 24.117721659886204 ], [ -104.011403050406329, 24.157770119699496 ], [ -104.02843604961501, 24.154367020119853 ], [ -104.040783879532896, 24.169484430419477 ], [ -104.047790430100136, 24.169830509790451 ], [ -104.052561569617978, 24.181287379614485 ], [ -104.052816769675786, 24.199955289923118 ], [ -104.05916237026679, 24.200330940159265 ], [ -104.07573235036611, 24.214330060005246 ], [ -104.0891037198693, 24.220896290170522 ], [ -104.112877689709237, 24.249371830330631 ], [ -104.120997430139397, 24.24980336958911 ], [ -104.126123569647817, 24.242885620029821 ], [ -104.120748219968647, 24.235964509694632 ], [ -104.118520079731653, 24.227212220181112 ], [ -104.120681369893902, 24.223456479912599 ], [ -104.139110890360428, 24.220869350000186 ], [ -104.146152089533217, 24.214564310201357 ], [ -104.154116349702548, 24.214120940204783 ], [ -104.157923489712601, 24.222638650234202 ], [ -104.155985750392716, 24.236257549982515 ], [ -104.160704850401601, 24.284468029844703 ], [ -104.155938379984462, 24.286125219925818 ], [ -104.157676690493574, 24.322208690319886 ], [ -104.160312879616114, 24.321424489858099 ], [ -104.161245779951443, 24.314089650241254 ], [ -104.170551420072357, 24.315041180082538 ], [ -104.172510019779807, 24.311270719798312 ], [ -104.182312169708183, 24.309069509732495 ], [ -104.190523019659821, 24.315310380269537 ], [ -104.203269379826381, 24.314017769741866 ], [ -104.214686420188855, 24.318913110068561 ], [ -104.220276509715688, 24.313836709626592 ], [ -104.230850339894644, 24.320582830169023 ], [ -104.243437200408835, 24.314583630216919 ], [ -104.243386310025045, 24.319706679605027 ], [ -104.247111689529547, 24.320532180399937 ], [ -104.246480399869171, 24.318103450163374 ], [ -104.250128830462842, 24.31847080028864 ], [ -104.257820059743239, 24.308739059683344 ], [ -104.258989340196507, 24.299554140245576 ], [ -104.261629489700297, 24.298574349968334 ], [ -104.254201420033638, 24.348634860035897 ], [ -104.167420399601781, 24.369855939987961 ], [ -104.170770030123023, 24.376399650133685 ], [ -104.185078770125813, 24.372104260269712 ], [ -104.18709517960464, 24.376190779772156 ], [ -104.177428569957712, 24.378781650062283 ], [ -104.184267970411426, 24.392505249869203 ], [ -104.202425690404411, 24.385278349883123 ], [ -104.204426549858638, 24.389286740362365 ], [ -104.207452109881061, 24.388073229846981 ], [ -104.200020199998505, 24.406360369890493 ], [ -104.199900949996916, 24.41540288041292 ], [ -104.176274689672326, 24.434166290293795 ], [ -104.194466230399115, 24.447176289872061 ], [ -104.183078649526351, 24.45554282002638 ], [ -104.178053859815734, 24.448389260258857 ], [ -104.16995629045455, 24.452773549561094 ], [ -104.174480319769998, 24.458048249863602 ], [ -104.17150364996354, 24.459186779566316 ], [ -104.171925400368281, 24.465034309765244 ], [ -104.174266420473401, 24.467613910069588 ], [ -104.177020229608885, 24.464569060126383 ], [ -104.180584370027006, 24.469256849697427 ], [ -104.179041680042076, 24.47294235000604 ], [ -104.185780290057082, 24.483352019589383 ], [ -104.204085860225888, 24.492788919629135 ], [ -104.210814289679661, 24.507445399583997 ], [ -104.204871090417697, 24.512496649943156 ], [ -104.212172459777392, 24.523080920285512 ], [ -104.257391309600692, 24.523029380152053 ], [ -104.254354660025299, 24.523647119642764 ], [ -104.254887380161591, 24.53368680018092 ], [ -104.232964679985741, 24.534873780191798 ], [ -104.223899280213899, 24.541621419985685 ], [ -104.225736550377135, 24.557971450073989 ], [ -104.266957289613885, 24.585718880439888 ], [ -104.215672119837762, 24.591406310085045 ], [ -104.263924490442747, 24.631647419656247 ], [ -104.182195740061232, 24.679994020255528 ], [ -104.128168460475351, 24.683520909751493 ], [ -104.103279740173321, 24.652385279920228 ] ] ] } },
{ "type": "Feature", "properties": { "code": "10027", "stateCode": "10", "municipalityCode": "027", "name": "San Juan de Guadalupe" }, "geometry": { "type": "Polygon", "coordinates": [ [ [ -102.669693980027802, 25.066636490222518 ], [ -102.652422089638208, 25.045229059835918 ], [ -102.649545369660444, 25.027955800105769 ], [ -102.643001890486062, 25.02781282985578 ], [ -102.628884830408396, 25.008321659803496 ], [ -102.635542919752254, 25.004169089914864 ], [ -102.63382805960785, 24.99955395023899 ], [ -102.64295554976988, 24.978648170058282 ], [ -102.672984450057101, 24.978818250137628 ], [ -102.673061569738223, 24.942752080286514 ], [ -102.566235780072958, 24.902220750285554 ], [ -102.565372890028328, 24.866355420368325 ], [ -102.549181880358475, 24.829935580323138 ], [ -102.512182309976794, 24.709721109870781 ], [ -102.494641430415328, 24.612555219679869 ], [ -102.479806969939744, 24.490448049905908 ], [ -102.486996220125334, 24.444228380082407 ], [ -102.473126879926966, 24.44521478026887 ], [ -102.472696980311369, 24.43967974013108 ], [ -102.48171362994988, 24.427440830209811 ], [ -102.520146309526751, 24.423932140429354 ], [ -102.522792260072208, 24.415247119928246 ], [ -102.526701890121259, 24.416227059605617 ], [ -102.533931419860252, 24.407722109908665 ], [ -102.60659277038738, 24.411168820209493 ], [ -102.607299030406168, 24.405399219934257 ], [ -102.61856430993879, 24.396378400337891 ], [ -102.65506330989848, 24.388603709706622 ], [ -102.662358599558999, 24.38157663035809 ], [ -102.69904310998389, 24.376248249949214 ], [ -102.699904399587112, 24.373971850035883 ], [ -102.714373019745565, 24.378216850226568 ], [ -102.722027219970414, 24.375362780196614 ], [ -102.756654320219567, 24.376983000267792 ], [ -102.763630520367158, 24.382618400004116 ], [ -102.764445460380998, 24.387021570115078 ], [ -102.779351950084305, 24.395802490364318 ], [ -102.781077509901579, 24.402731629840712 ], [ -102.788852400037683, 24.406248479910804 ], [ -102.812415550405845, 24.389494430037683 ], [ -102.831735619779849, 24.384691910271453 ], [ -102.8340448303328, 24.390108549968165 ], [ -102.845902769862064, 24.398082579659626 ], [ -102.853892049723015, 24.424359150313869 ], [ -102.858582600048166, 24.422926830148981 ], [ -102.865012689627193, 24.430312080135099 ], [ -102.861817509777822, 24.430115460210843 ], [ -102.860620920353, 24.434492349907206 ], [ -102.873773370216441, 24.449999780404006 ], [ -102.87758771979415, 24.449400049554924 ], [ -102.891478970142188, 24.460844379556942 ], [ -102.881797630434264, 24.464655060242119 ], [ -102.877837260135479, 24.472353740015365 ], [ -102.903648950296329, 24.481383890423729 ], [ -102.934195449750135, 24.508469880257493 ], [ -102.953724749725225, 24.536576309836271 ], [ -102.948105459600697, 24.559095850411186 ], [ -103.018706890469844, 24.616748780108232 ], [ -103.017744970326589, 24.621104490342706 ], [ -103.028424000041312, 24.630612850109781 ], [ -103.045078340487805, 24.657174849588294 ], [ -103.038477320360229, 24.654060309882087 ], [ -103.056306339995061, 24.685239049609535 ], [ -103.041302020414733, 24.694725799605994 ], [ -102.984630139598863, 24.714351820267986 ], [ -102.993966740492937, 24.704961090064092 ], [ -102.98311635029296, 24.695170449909593 ], [ -102.978272649753606, 24.700843939603466 ], [ -102.981313979824947, 24.707305000182576 ], [ -102.979204570395865, 24.714190169742292 ], [ -102.930392349655676, 24.712727430395056 ], [ -102.880725320222524, 24.743852479668838 ], [ -102.887065109818465, 24.748541919962982 ], [ -102.883580909528874, 24.751033320241707 ], [ -102.875128939662119, 24.748870059904288 ], [ -102.869698860295927, 24.742066659661312 ], [ -102.856402779670461, 24.739773969552758 ], [ -102.853130719865064, 24.772000950135055 ], [ -102.669693980027802, 25.066636490222518 ] ] ] } },
{ "type": "Feature", "properties": { "code": "10001", "stateCode": "10", "municipalityCode": "001", "name": "Canatlán" }, "geometry": { "type": "Polygon", "coordinates": [ [ [ -104.716405709902006, 24.833403349641713 ], [ -104.735484230043895, 24.783579910075517 ], [ -104.708147799962489, 24.776231939800422 ], [ -104.712903999938476, 24.77342537035112 ], [ -104.715335890301702, 24.767978449797411 ], [ -104.712129430249959, 24.766828920183279 ], [ -104.723323690490176, 24.74799685020205 ], [ -104.720428139783891, 24.744282489956159 ], [ -104.706498860240444, 24.743520219996498 ], [ -104.698501379656676, 24.696845140114977 ], [ -104.636261569804049, 24.673485400205983 ], [ -104.586001150097459, 24.669895119765091 ], [ -104.571331600048111, 24.674939710047646 ], [ -104.555361140332096, 24.67452868043798 ], [ -104.566515229972964, 24.671375859972745 ], [ -104.582874220281724, 24.635645770285553 ], [ -104.585613860128305, 24.602603259629198 ], [ -104.580437919961028, 24.595053179863896 ], [ -104.584115259986149, 24.57768956983637 ], [ -104.579287859705616, 24.575792539554595 ], [ -104.579020110080265, 24.571352649998939 ], [ -104.567694339554478, 24.571235720007255 ], [ -104.537901579651262, 24.538066749669117 ], [ -104.526963060124388, 24.543383110062457 ], [ -104.517734969710617, 24.554776780387915 ], [ -104.50695911018191, 24.508369629647259 ], [ -104.523111050351602, 24.503452280268693 ], [ -104.521577619920535, 24.497770179978854 ], [ -104.524322059757537, 24.493169199612293 ], [ -104.520694739823512, 24.481925880424413 ], [ -104.530499739688594, 24.480461950013559 ], [ -104.52224834034908, 24.474729150265869 ], [ -104.522877049821787, 24.470191180000299 ], [ -104.51776488019884, 24.470954229869349 ], [ -104.517995030273369, 24.450329860342972 ], [ -104.446268880305496, 24.437755549739595 ], [ -104.445640119559599, 24.429751150446563 ], [ -104.459681449774848, 24.415633580310182 ], [ -104.471729259528445, 24.42002213991984 ], [ -104.472885649728511, 24.423882180238046 ], [ -104.468198859580184, 24.424521429827792 ], [ -104.481656459788013, 24.437704690457231 ], [ -104.487999599873575, 24.425229320066794 ], [ -104.509279320469318, 24.427671279991056 ], [ -104.488217660291483, 24.414659029684177 ], [ -104.526170889943486, 24.38277327986367 ], [ -104.540979939733646, 24.390896080457807 ], [ -104.564435479594678, 24.366178849582639 ], [ -104.584200939795679, 24.325130080359543 ], [ -104.623794030111569, 24.337375320064194 ], [ -104.624321829988745, 24.339744659622969 ], [ -104.636121370349599, 24.332482430157789 ], [ -104.633472889737106, 24.322876259717422 ], [ -104.673468370163775, 24.302877909738918 ], [ -104.706094659818959, 24.302143860332425 ], [ -104.712309719545559, 24.307726520200269 ], [ -104.73591995005178, 24.311500110078693 ], [ -104.734752510278824, 24.301849250292783 ], [ -104.743281940183948, 24.303448540021041 ], [ -104.74262271030949, 24.311645829699174 ], [ -104.76400206044498, 24.303716859916399 ], [ -104.766736090168578, 24.301476680411561 ], [ -104.76524062046434, 24.298626019730527 ], [ -104.769505619750333, 24.297314880203793 ], [ -104.774747490359658, 24.289507919868164 ], [ -104.789533940471969, 24.302563689921879 ], [ -104.793758180185378, 24.299633829810634 ], [ -104.789638219573291, 24.272915920216747 ], [ -104.815423169969264, 24.261113399696917 ], [ -104.809654520448845, 24.214981720288581 ], [ -104.849266970156606, 24.214465279870712 ], [ -104.863801829756611, 24.271442200160081 ], [ -104.872784230398864, 24.272137629624872 ], [ -104.879395140290384, 24.293857689767687 ], [ -104.894177650300051, 24.288676029582241 ], [ -104.90063445996573, 24.299743660337157 ], [ -104.904171059598994, 24.299942079615047 ], [ -104.883722800154857, 24.316443829996146 ], [ -104.873534860385774, 24.33152071040303 ], [ -104.881463110161846, 24.334207229941711 ], [ -104.883048399987103, 24.337787599829902 ], [ -104.915879489862405, 24.340483850306278 ], [ -104.916209880101192, 24.332631750010389 ], [ -104.923935059601135, 24.32818387996409 ], [ -104.936769580381167, 24.34146014040741 ], [ -105.000472080010724, 24.324997249986062 ], [ -105.036153020033026, 24.355116889721629 ], [ -105.052752599856603, 24.377056570054549 ], [ -105.09358662980425, 24.418835350139524 ], [ -105.143482740275715, 24.424650880254482 ], [ -105.139838450029828, 24.412873200321265 ], [ -105.12505885027764, 24.389658090177527 ], [ -105.138125570437083, 24.389734430179679 ], [ -105.144595420033767, 24.394236549788445 ], [ -105.165169510228552, 24.397430850278333 ], [ -105.164507850279946, 24.391878890426298 ], [ -105.161483679734346, 24.391475419766831 ], [ -105.16348260009795, 24.389078089775005 ], [ -105.161224230267806, 24.379757679544195 ], [ -105.158373769918683, 24.378072000439644 ], [ -105.164755120126074, 24.376752719814853 ], [ -105.165589170228998, 24.381464110163009 ], [ -105.195097370464623, 24.375008369916809 ], [ -105.19490145023542, 24.365082020312133 ], [ -105.199904370203072, 24.364866970250937 ], [ -105.194091520078572, 24.357930250302061 ], [ -105.187364889633329, 24.360777940080787 ], [ -105.183765350204368, 24.349645340312275 ], [ -105.180338489797762, 24.347556849938648 ], [ -105.175388520429991, 24.34858069015484 ], [ -105.16627060030477, 24.343000490352946 ], [ -105.157997459878231, 24.3427352898332 ], [ -105.141428879535979, 24.317547579916194 ], [ -105.132394460222372, 24.321294650449591 ], [ -105.124185579874322, 24.300918120271739 ], [ -105.131010709728031, 24.29798770968106 ], [ -105.149424109531054, 24.301980309768027 ], [ -105.156789710068011, 24.310677050265507 ], [ -105.160640949559991, 24.329394119630891 ], [ -105.16720045008023, 24.337105539875214 ], [ -105.226458569722482, 24.328138430187778 ], [ -105.22645204970658, 24.317209570039868 ], [ -105.232850880137377, 24.297530580045624 ], [ -105.247153750343131, 24.303460969857547 ], [ -105.245487520491892, 24.30600416992921 ], [ -105.252209680054179, 24.309418079922693 ], [ -105.342449419712423, 24.340922999813877 ], [ -105.348656820313195, 24.340192279784326 ], [ -105.352435140070043, 24.33301307979977 ], [ -105.356603740447454, 24.332865220440183 ], [ -105.367529750057571, 24.342848289893904 ], [ -105.368899260052913, 24.359794719637748 ], [ -105.377321480424641, 24.359838630043285 ], [ -105.394304419689135, 24.376866029555838 ], [ -105.400689980432574, 24.37352108966466 ], [ -105.407093719835743, 24.37822084995183 ], [ -105.423849719781373, 24.375872049902128 ], [ -105.441510199559218, 24.371722739980665 ], [ -105.446055820448152, 24.366826150106448 ], [ -105.464888019653742, 24.376411340337054 ], [ -105.46395931025323, 24.381541380066562 ], [ -105.450245450345847, 24.385051450280656 ], [ -105.437558050224652, 24.401289259555007 ], [ -105.427718820454544, 24.404336309821183 ], [ -105.421192319651396, 24.434588619925428 ], [ -105.41536222038016, 24.444393260155614 ], [ -105.421866659954546, 24.452689490150973 ], [ -105.416322949580589, 24.456370510105614 ], [ -105.446298889522609, 24.473644319604617 ], [ -105.451663380118816, 24.503773660231289 ], [ -105.486626120182564, 24.525488460065866 ], [ -105.500743820034003, 24.529522950362161 ], [ -105.486062709868335, 24.532333879629245 ], [ -105.452944859902829, 24.528376379683298 ], [ -105.384029319769525, 24.531937770438919 ], [ -105.382603059956423, 24.540374200424086 ], [ -105.405742570153961, 24.574052430202006 ], [ -105.392665909963256, 24.573217459904658 ], [ -105.383139710389273, 24.576247750344621 ], [ -105.369106770437639, 24.607902290216103 ], [ -105.360597739558543, 24.611224919897875 ], [ -105.355489539997819, 24.625198450428758 ], [ -105.351232089943835, 24.630854000372221 ], [ -105.347258030434489, 24.631244460096138 ], [ -105.345822860485683, 24.640408260053942 ], [ -105.337823340453951, 24.636890350240673 ], [ -105.33903388950111, 24.642469829870919 ], [ -105.335502230012906, 24.643162909696713 ], [ -105.33563306014392, 24.649757910197454 ], [ -105.331838879818264, 24.648521339830861 ], [ -105.325610850207482, 24.614528149715763 ], [ -105.293655690122449, 24.635236320386539 ], [ -105.297563480153784, 24.613408289754016 ], [ -105.290530480486694, 24.61959407979327 ], [ -105.287182340399156, 24.617646539874894 ], [ -105.285999740425169, 24.625068420051853 ], [ -105.277700170369727, 24.626881509717805 ], [ -105.27804916968698, 24.630792030340871 ], [ -105.273298089980656, 24.633651710214703 ], [ -105.271008310114581, 24.633091519884267 ], [ -105.273690230159815, 24.623895060039555 ], [ -105.267494660271524, 24.625184649727892 ], [ -105.263155830210508, 24.620414139750004 ], [ -105.164810350264943, 24.672332379936798 ], [ -105.112681059591978, 24.614202550071916 ], [ -105.110092539885514, 24.603231579970512 ], [ -105.101398510007954, 24.606583310218191 ], [ -105.034530709969928, 24.557467750182727 ], [ -105.019645979687297, 24.571291319899071 ], [ -105.036609569687414, 24.608434000233729 ], [ -105.01952493979843, 24.618932659600169 ], [ -105.005282249652808, 24.58514282986733 ], [ -104.900729710031413, 24.684183430381427 ], [ -104.924119430148792, 24.675872419983957 ], [ -104.933697180378402, 24.697232919674146 ], [ -104.928162849694999, 24.698660520195542 ], [ -104.931314950026291, 24.710338680202987 ], [ -104.947141030369608, 24.700239260434643 ], [ -104.950096080235127, 24.704104339974087 ], [ -104.947859169933551, 24.720594920240245 ], [ -104.955098179723791, 24.754849620327196 ], [ -104.931544279924182, 24.760807820354138 ], [ -104.934778820380842, 24.768008940309201 ], [ -104.927596320449695, 24.773849019858009 ], [ -104.935148120066486, 24.782817309592275 ], [ -104.929200050244447, 24.793480600408486 ], [ -104.907365420019772, 24.796415079736086 ], [ -104.871851720227937, 24.808586829755718 ], [ -104.878370750318197, 24.796286539636768 ], [ -104.852924279914276, 24.815078030058029 ], [ -104.853228179918005, 24.8194380499395 ], [ -104.843236550146329, 24.823808939587106 ], [ -104.835469690074916, 24.823487000234064 ], [ -104.808205819731114, 24.836558259689884 ], [ -104.79484610962291, 24.832541769927477 ], [ -104.72184230968692, 24.844966580063964 ], [ -104.716405709902006, 24.833403349641713 ] ] ] } },
{ "type": "Feature", "properties": { "code": "10035", "stateCode": "10", "municipalityCode": "035", "name": "Tepehuanes" }, "geometry": { "type": "Polygon", "coordinates": [ [ [ -106.187771979838715, 25.785832030142128 ], [ -106.166970290283416, 25.788220199834054 ], [ -106.168683479518066, 25.776169550398343 ], [ -106.165900200362458, 25.769497280136861 ], [ -106.145984769754094, 25.756911949874159 ], [ -106.111726979662464, 25.754513429646455 ], [ -106.108057889799966, 25.735141779695788 ], [ -106.093460749681185, 25.721831850055526 ], [ -106.073124919751507, 25.718474820316867 ], [ -106.063156050141615, 25.726745620327915 ], [ -106.058437109643961, 25.719364200376635 ], [ -106.049680720374994, 25.718016709589683 ], [ -106.043442970079496, 25.72648827986378 ], [ -106.036582249560922, 25.728705799821739 ], [ -106.03486848975335, 25.734134859730869 ], [ -106.023189400100335, 25.733128579683541 ], [ -106.002183049934786, 25.736509650014774 ], [ -105.99698369026946, 25.74074695003187 ], [ -105.989501540438255, 25.737800180102226 ], [ -105.985536369906143, 25.741960819856779 ], [ -105.981732309746519, 25.738861600038319 ], [ -105.977792780046727, 25.741641880176495 ], [ -105.962864979628421, 25.727396859797267 ], [ -105.961614829992229, 25.732915549563831 ], [ -105.951975399643203, 25.727255290190783 ], [ -105.947412969743368, 25.731201000276048 ], [ -105.948970879624326, 25.734814340176403 ], [ -105.944888889727366, 25.73438988976368 ], [ -105.944718420112977, 25.730280509682398 ], [ -105.937184580346795, 25.725265890180751 ], [ -105.937060250173417, 25.719441740098144 ], [ -105.931294150232162, 25.716745819809205 ], [ -105.926938449882769, 25.715899660411509 ], [ -105.922213850222079, 25.719645080163929 ], [ -105.926816769514247, 25.719131740463634 ], [ -105.927583450500208, 25.723100580360651 ], [ -105.911336290341993, 25.726280690049077 ], [ -105.910601109799941, 25.719237429992642 ], [ -105.906759369824996, 25.719291029581921 ], [ -105.90528337000255, 25.715296650089176 ], [ -105.899863879883, 25.7195310803227 ], [ -105.855406260223461, 25.706905200103844 ], [ -105.796299169524616, 25.673548520263473 ], [ -105.798609599708342, 25.677815749859228 ], [ -105.792447370110551, 25.678477399657705 ], [ -105.774976720367377, 25.693586290196226 ], [ -105.768622350486837, 25.684562550310211 ], [ -105.754518450269927, 25.675858600414642 ], [ -105.747772620370753, 25.66743964954528 ], [ -105.745077350133272, 25.65585219966546 ], [ -105.747663489709737, 25.645563980101556 ], [ -105.744667000419753, 25.614188830050555 ], [ -105.732937019811189, 25.604268339700678 ], [ -105.726033349525835, 25.60244432011995 ], [ -105.722671890050705, 25.595510910078264 ], [ -105.71293234985319, 25.59186996972219 ], [ -105.70847451029357, 25.573641780372498 ], [ -105.703120740222687, 25.57676380036381 ], [ -105.688725920277633, 25.568755139554813 ], [ -105.679334620048735, 25.572431109751193 ], [ -105.676304659576033, 25.560066249654209 ], [ -105.640505940276427, 25.576370429570108 ], [ -105.632317079588987, 25.560872829860173 ], [ -105.563022149594673, 25.608067939645426 ], [ -105.54141995047722, 25.580765819950923 ], [ -105.53083162886503, 25.582300290366817 ], [ -105.512607139869246, 25.573255750127352 ], [ -105.506211740360399, 25.559247309933287 ], [ -105.500508338780051, 25.55420218022639 ], [ -105.515063968940751, 25.548800250465987 ], [ -105.516956690456254, 25.545013380419121 ], [ -105.502964859296924, 25.537545379723269 ], [ -105.480308048515283, 25.533677540016551 ], [ -105.47640349009491, 25.526224450334176 ], [ -105.49058537046264, 25.44354493985653 ], [ -105.437865169741301, 25.391005909608165 ], [ -105.460812819650727, 25.373275489683891 ], [ -105.490718379947239, 25.384328780280935 ], [ -105.542467480431426, 25.445540020009826 ], [ -105.557293549614741, 25.333669200460488 ], [ -105.5383382504086, 25.291067659949004 ], [ -105.545411379759173, 25.274991680429299 ], [ -105.556991619934053, 25.279107259826475 ], [ -105.563642520487534, 25.273318090434824 ], [ -105.567740650290204, 25.277012180444842 ], [ -105.590276229572794, 25.26667662035937 ], [ -105.598303659821937, 25.258386480122148 ], [ -105.595942719883311, 25.250716369910489 ], [ -105.588271419969431, 25.249452419612147 ], [ -105.580349149561442, 25.240892430448646 ], [ -105.578735779940985, 25.229859259908359 ], [ -105.570537490267967, 25.221753649707708 ], [ -105.56463158028086, 25.206744949639514 ], [ -105.553371829648015, 25.198401520408812 ], [ -105.560335419958477, 25.189006849897659 ], [ -105.629613460441888, 25.16902483027636 ], [ -105.682634619522759, 25.223464179725045 ], [ -105.752607720287543, 25.231728399744433 ], [ -105.810766220386824, 25.233822060319522 ], [ -105.783387400224996, 25.224370679983931 ], [ -105.782717019568764, 25.221516580106162 ], [ -105.798590579534448, 25.183816939590361 ], [ -105.789645349691611, 25.172001619928331 ], [ -105.778360140182201, 25.094750659948158 ], [ -105.864710720344277, 25.025591549819438 ], [ -105.892269520431327, 25.105933029972391 ], [ -105.981749479837987, 25.098861539790477 ], [ -106.173863029937635, 25.101275540015944 ], [ -106.161658080139745, 25.119823019761952 ], [ -106.16802314965912, 25.133447029565136 ], [ -106.191318230291216, 25.136993860279457 ], [ -106.19223999951133, 25.141868829771706 ], [ -106.198602580050107, 25.141831659548533 ], [ -106.198684920470996, 25.111437089887694 ], [ -106.225248230452507, 25.090993020432517 ], [ -106.24605051007677, 25.102689180026228 ], [ -106.258016859730006, 25.129658650153978 ], [ -106.255741459874145, 25.13378328999174 ], [ -106.272485090370409, 25.170295999706518 ], [ -106.214526939896857, 25.191578659875226 ], [ -106.227291249688079, 25.202520140076313 ], [ -106.222600309727255, 25.206987050234467 ], [ -106.253189419851637, 25.205424399681363 ], [ -106.257220060032651, 25.219083950098753 ], [ -106.213673480471641, 25.219226859978384 ], [ -106.202631139863954, 25.202391259601146 ], [ -106.19389146034149, 25.207621949819046 ], [ -106.193943460206242, 25.226247109936669 ], [ -106.181505719596231, 25.226274020203839 ], [ -106.172154230182187, 25.250488519979292 ], [ -106.180817339554267, 25.256148800209466 ], [ -106.176142579599485, 25.264237540320835 ], [ -106.180819219517062, 25.266937770285097 ], [ -106.184636949724762, 25.285131599653333 ], [ -106.191931119542971, 25.283010079745679 ], [ -106.193246540035915, 25.290077800092646 ], [ -106.201329920372132, 25.290322739736901 ], [ -106.20299609034852, 25.300050859970632 ], [ -106.212544520431535, 25.301441680405876 ], [ -106.213819819877358, 25.315741179983327 ], [ -106.241201460254928, 25.313740349652708 ], [ -106.261719820446331, 25.316487090194755 ], [ -106.277706249539435, 25.312036399780236 ], [ -106.28262568996135, 25.313646969893757 ], [ -106.289188480236703, 25.308541749562767 ], [ -106.288235350366975, 25.30505406042473 ], [ -106.292734340477281, 25.299825479573531 ], [ -106.304531779706096, 25.303490319798019 ], [ -106.311261549694649, 25.300020180092915 ], [ -106.31717109010971, 25.303398979613299 ], [ -106.325702509659521, 25.295760849848634 ], [ -106.33170071038721, 25.30078819985405 ], [ -106.339458220465929, 25.298838179863839 ], [ -106.341106680191643, 25.303068119918805 ], [ -106.347279450464697, 25.304237689633425 ], [ -106.352030019653128, 25.302956910005648 ], [ -106.353824719997277, 25.297371049962635 ], [ -106.358243890138795, 25.29690644963334 ], [ -106.384134170413645, 25.306690940255681 ], [ -106.400709860314691, 25.324405739599637 ], [ -106.410944169936755, 25.324337660427059 ], [ -106.436333319697866, 25.332396550081818 ], [ -106.440888030454929, 25.34999741998039 ], [ -106.456453539754378, 25.361453630182233 ], [ -106.51550139994194, 25.378578459697984 ], [ -106.523079969649402, 25.385335719587154 ], [ -106.528011880236448, 25.384100050383463 ], [ -106.527711720152325, 25.391221720099033 ], [ -106.536785969529703, 25.388197600103524 ], [ -106.548318260466587, 25.397018060271218 ], [ -106.551513079664758, 25.389869630124913 ], [ -106.560159579574574, 25.38373122000262 ], [ -106.573647200448292, 25.391222690144442 ], [ -106.57580350991708, 25.398893050405754 ], [ -106.583731290055141, 25.39794166003098 ], [ -106.593099540081298, 25.401834109692651 ], [ -106.61479720014998, 25.401143340425826 ], [ -106.617301430252127, 25.398007579783162 ], [ -106.623685859890671, 25.400612339844116 ], [ -106.638089490463798, 25.394416289584132 ], [ -106.645145060345513, 25.398361289969795 ], [ -106.664244310234849, 25.397775820351047 ], [ -106.667640350074393, 25.401482709962345 ], [ -106.675133539963042, 25.398618619821772 ], [ -106.679897430191588, 25.406597319705895 ], [ -106.675133660058989, 25.411324680052537 ], [ -106.678674139808237, 25.415763089625997 ], [ -106.676712150344216, 25.425333980097303 ], [ -106.680779690481543, 25.429852519748835 ], [ -106.67875811036798, 25.435218619735227 ], [ -106.690015490379665, 25.444344170304923 ], [ -106.676652479719166, 25.460087780090234 ], [ -106.675240000093666, 25.468062480246751 ], [ -106.66937548036924, 25.471717999554858 ], [ -106.669756879926013, 25.477797280046563 ], [ -106.663064879755936, 25.48382684980152 ], [ -106.659690750461436, 25.492972449971194 ], [ -106.648303399658843, 25.497646740136307 ], [ -106.64260601986183, 25.511834520072647 ], [ -106.647408340374483, 25.515981619783201 ], [ -106.645485519802591, 25.531666739810571 ], [ -106.657479920153818, 25.570193739855213 ], [ -106.653673019916681, 25.57792688034381 ], [ -106.642907630175813, 25.585186000000682 ], [ -106.630847649699021, 25.585800119595916 ], [ -106.629255539718926, 25.603791629675012 ], [ -106.623245649548707, 25.607035539582469 ], [ -106.620125820015161, 25.616852029729486 ], [ -106.592621819656856, 25.643535259825121 ], [ -106.59182379995741, 25.647391720370383 ], [ -106.569665150039484, 25.657662910315668 ], [ -106.565529779719498, 25.666568310375734 ], [ -106.536441249624545, 25.67596347970396 ], [ -106.530960020328337, 25.685767599836982 ], [ -106.527337339792027, 25.68653125986803 ], [ -106.527989740376356, 25.691772649812819 ], [ -106.521024199575933, 25.694905400385235 ], [ -106.508831779584256, 25.707508020042013 ], [ -106.485788770281914, 25.716142450256076 ], [ -106.463617510053552, 25.729043679743388 ], [ -106.464041580066706, 25.741709660096092 ], [ -106.344510140254243, 25.795769249692064 ], [ -106.243430339639019, 25.743845350054517 ], [ -106.203780539998405, 25.822447110146936 ], [ -106.187771979838715, 25.785832030142128 ] ] ] } },
{ "type": "Feature", "properties": { "code": "10014", "stateCode": "10", "municipalityCode": "014", "name": "Mezquital" }, "geometry": { "type": "Polygon", "coordinates": [ [ [ -104.529661720135124, 23.761531979959305 ], [ -104.522748939585767, 23.760929779957138 ], [ -104.511730629631742, 23.752058219966397 ], [ -104.480944580467622, 23.745283339912135 ], [ -104.479309249650271, 23.755918659751593 ], [ -104.440490739938582, 23.754692049651311 ], [ -104.413068199604851, 23.758742709566707 ], [ -104.411533919759805, 23.765478089554154 ], [ -104.389177909819196, 23.750841460424649 ], [ -104.358635509767041, 23.750888999954423 ], [ -104.355085449568776, 23.744852369704454 ], [ -104.331038860369219, 23.75223041964276 ], [ -104.30623159997262, 23.739651909641761 ], [ -104.298336019840548, 23.750382349584374 ], [ -104.297610480073701, 23.732229580190417 ], [ -104.288584570421833, 23.723871450430352 ], [ -104.287140740288933, 23.718444540313129 ], [ -104.272620379807321, 23.715730000007074 ], [ -104.269925910336326, 23.712660649556355 ], [ -104.272114720116264, 23.704812279644859 ], [ -104.267395569547332, 23.697068309640908 ], [ -104.271210060266654, 23.692814020301824 ], [ -104.270312450200905, 23.68044994014987 ], [ -104.27917506014704, 23.678975619889982 ], [ -104.272597400376014, 23.668780090178387 ], [ -104.277708569804275, 23.666826860318533 ], [ -104.280104340189979, 23.661904649661366 ], [ -104.279752830050313, 23.630821880255674 ], [ -104.26126957025707, 23.62935139965467 ], [ -104.237337970455371, 23.632567709930672 ], [ -104.262669339567026, 23.58519545021576 ], [ -104.279013619517968, 23.54207312008926 ], [ -104.284496749788033, 23.598033370128785 ], [ -104.317710229750332, 23.60663245990278 ], [ -104.353913860325619, 23.620904830145729 ], [ -104.350903750377356, 23.609564250337623 ], [ -104.31970371038868, 23.601851999603014 ], [ -104.314481109920195, 23.596802400016539 ], [ -104.316557019876782, 23.566624750391394 ], [ -104.308233399853719, 23.541342770430209 ], [ -104.279470939874358, 23.53308999970174 ], [ -104.269722020248352, 23.512872309848994 ], [ -104.272079380170553, 23.507769170107391 ], [ -104.293798020243528, 23.50037460005948 ], [ -104.312712030030781, 23.481006540225064 ], [ -104.30678685045757, 23.466907919660851 ], [ -104.321982649797903, 23.456213139780999 ], [ -104.305290920266444, 23.453488519792163 ], [ -104.305792050261786, 23.433977890055981 ], [ -104.29698744966349, 23.429817919688325 ], [ -104.339525680403625, 23.428642819810825 ], [ -104.317977220308066, 23.405814769853549 ], [ -104.28475768036445, 23.410442519732118 ], [ -104.290414369734322, 23.399008540080565 ], [ -104.282673320363642, 23.380823449743772 ], [ -104.283749289635239, 23.353276370069072 ], [ -104.298907690142173, 23.324452259792892 ], [ -104.296115139783723, 23.317193820185338 ], [ -104.303794339686434, 23.312802719944848 ], [ -104.307331979743751, 23.306753400139964 ], [ -104.326433049905191, 23.303649939927315 ], [ -104.330402059922321, 23.306144169935699 ], [ -104.338131570426228, 23.299107549860871 ], [ -104.348320939692542, 23.260861660382989 ], [ -104.345851519551985, 23.257284260088749 ], [ -104.358328660425371, 23.249319829603696 ], [ -104.355510739673235, 23.239302110322178 ], [ -104.358833619948285, 23.241177999677237 ], [ -104.362620779690957, 23.23893474014378 ], [ -104.36454457019633, 23.226590939544096 ], [ -104.359869780272646, 23.22313938038376 ], [ -104.360428519633899, 23.217176600107074 ], [ -104.366126420123848, 23.201644149976801 ], [ -104.364363819772976, 23.198926679599694 ], [ -104.360543259682572, 23.201519380085958 ], [ -104.36267232032047, 23.197639110408584 ], [ -104.359450350005204, 23.18670991997454 ], [ -104.342401460028299, 23.166927400220459 ], [ -104.326642980001722, 23.155038540288327 ], [ -104.314324659867211, 23.15454808958728 ], [ -104.310755229980188, 23.149159510217402 ], [ -104.294784229976358, 23.151705260077673 ], [ -104.288796680195517, 23.159596620029745 ], [ -104.280551489538624, 23.161891309759095 ], [ -104.274502629598601, 23.172502199908017 ], [ -104.262706710449976, 23.174737170242164 ], [ -104.258794079689181, 23.178585080437195 ], [ -104.253677310201567, 23.167271520324597 ], [ -104.2460438495402, 23.167641340384428 ], [ -104.243388430018427, 23.161550849827883 ], [ -104.236382059774058, 23.158985030140361 ], [ -104.233985180174926, 23.152312510274548 ], [ -104.226298780017189, 23.157424310251585 ], [ -104.218436479956551, 23.158101490251731 ], [ -104.215961140481966, 23.153952679686903 ], [ -104.197675089926264, 23.160155779654389 ], [ -104.187174779575656, 23.157234339979894 ], [ -104.175528969731971, 23.163612660033095 ], [ -104.172132399621958, 23.128407679780583 ], [ -104.173614460025533, 22.982444950108118 ], [ -104.162847049861739, 22.975302490296201 ], [ -104.168233339807273, 22.964216059858266 ], [ -104.164271089901447, 22.949311400368437 ], [ -104.166592889840615, 22.945220720354158 ], [ -104.165296740172465, 22.941752020391647 ], [ -104.154095689512857, 22.937837980068064 ], [ -104.155288969959429, 22.928434430003058 ], [ -104.151122080287067, 22.922137119937737 ], [ -104.141951349813752, 22.92196020012846 ], [ -104.135955349755022, 22.918116169743303 ], [ -104.137062050304564, 22.911687400212852 ], [ -104.132994020170557, 22.904958550414332 ], [ -104.122921740216213, 22.903433310210794 ], [ -104.116755030140681, 22.907669830056566 ], [ -104.112644350393367, 22.905118030274348 ], [ -104.117739170299316, 22.897706850115402 ], [ -104.107504890173047, 22.884796220298188 ], [ -104.109520859921759, 22.87835304984257 ], [ -104.106304029633804, 22.856887720425263 ], [ -104.115929680383687, 22.855344739720973 ], [ -104.116827680220695, 22.850951909952396 ], [ -104.10430787977046, 22.833600969598013 ], [ -104.110214250322869, 22.822516489675476 ], [ -104.106237850149057, 22.8131378600518 ], [ -104.111484799679587, 22.810310860332713 ], [ -104.095227179526049, 22.805838850185808 ], [ -104.094370879895422, 22.800730909572568 ], [ -104.100448569566339, 22.795665910127536 ], [ -104.096824820478318, 22.788138750197476 ], [ -104.092181550022758, 22.788524429751604 ], [ -104.091015460007924, 22.782903940064003 ], [ -104.094068689671545, 22.77929899963787 ], [ -104.080071629535738, 22.769909079657861 ], [ -104.082093290093269, 22.764502089564523 ], [ -104.09528524981701, 22.759243510358498 ], [ -104.107203029797518, 22.768600519674241 ], [ -104.119381489571524, 22.762255720236059 ], [ -104.139257749996219, 22.768420819697006 ], [ -104.157379400336339, 22.759679649568309 ], [ -104.182180850474538, 22.758268110008714 ], [ -104.187069199960817, 22.760760520263442 ], [ -104.191391320217818, 22.7707241095559 ], [ -104.200004630204802, 22.776683510441238 ], [ -104.209704319802853, 22.779743259666638 ], [ -104.213413290374305, 22.777260599999867 ], [ -104.225744089994919, 22.778314919872997 ], [ -104.227793140048874, 22.774867109922507 ], [ -104.224588509785733, 22.766689800056191 ], [ -104.231902660317957, 22.757772509960716 ], [ -104.232074649971267, 22.753103939669703 ], [ -104.2507789797654, 22.747998770077345 ], [ -104.258367509636443, 22.738925800333927 ], [ -104.266344399863655, 22.736539370299159 ], [ -104.269152349944903, 22.720864890206954 ], [ -104.268338940257294, 22.717547020019513 ], [ -104.262707799705325, 22.717643479781987 ], [ -104.277629830202159, 22.702406830117805 ], [ -104.279596110370704, 22.695235170401286 ], [ -104.275124430456941, 22.681084859647491 ], [ -104.279193320443227, 22.671065420442499 ], [ -104.288012320254808, 22.665789910239987 ], [ -104.280660850157801, 22.653743370122584 ], [ -104.289127709846426, 22.64926969038164 ], [ -104.289624049780855, 22.64445998034606 ], [ -104.281831229560581, 22.64584004988771 ], [ -104.269274940016075, 22.635821109762801 ], [ -104.273663339840894, 22.627092150284536 ], [ -104.283017619820924, 22.620376690143051 ], [ -104.276065369518463, 22.615703170375458 ], [ -104.272544680106833, 22.604975910255121 ], [ -104.260534710433248, 22.596167319878912 ], [ -104.261407479705454, 22.586202850352354 ], [ -104.27058765972221, 22.588955249885544 ], [ -104.278172739518283, 22.583070969691509 ], [ -104.278866800045392, 22.576604320146302 ], [ -104.289285349536286, 22.560142830015568 ], [ -104.288849619829705, 22.552965230421886 ], [ -104.305689289806296, 22.557888649819802 ], [ -104.311183490133729, 22.554010459692073 ], [ -104.313183660345089, 22.547228020262459 ], [ -104.310055420425627, 22.546136690357081 ], [ -104.314088660221046, 22.540727230171267 ], [ -104.321063290183659, 22.535516320079395 ], [ -104.325824169868099, 22.53739665977518 ], [ -104.318992290234192, 22.53205201987258 ], [ -104.319499169577199, 22.517663319841606 ], [ -104.302831320151967, 22.492016709619655 ], [ -104.296125820423242, 22.472989080119902 ], [ -104.299025419857003, 22.461701880322668 ], [ -104.315427109803892, 22.448151120172849 ], [ -104.317510919594042, 22.438279000041529 ], [ -104.322205079849709, 22.435252050081143 ], [ -104.32018806046085, 22.430094250115307 ], [ -104.329333580439226, 22.428283139568993 ], [ -104.329331830425502, 22.432240289607478 ], [ -104.330602620073279, 22.432229679815428 ], [ -104.330944480433402, 22.424195489747991 ], [ -104.334160369956578, 22.421663430013854 ], [ -104.336978219720038, 22.424037150076259 ], [ -104.335717830000775, 22.420293020453055 ], [ -104.344458649676767, 22.417571480076614 ], [ -104.348842919711743, 22.409716649607287 ], [ -104.371512219602025, 22.421658650322584 ], [ -104.459244999720596, 22.386843180293621 ], [ -104.495389849862121, 22.376324140221072 ], [ -104.494801200026075, 22.371953510286986 ], [ -104.487860369602274, 22.368905080303968 ], [ -104.49499027980815, 22.360532089564565 ], [ -104.487332619630465, 22.353188879930414 ], [ -104.481209680300012, 22.351616919977793 ], [ -104.484606429637253, 22.349259659642776 ], [ -104.493856140425137, 22.351170449879525 ], [ -104.506220889646727, 22.345083710355027 ], [ -104.51865866002845, 22.360603939586099 ], [ -104.535910849762558, 22.364802799920103 ], [ -104.53989385043991, 22.371733019961862 ], [ -104.547860850414054, 22.376485479941749 ], [ -104.551252970406154, 22.38886659961738 ], [ -104.557383369900933, 22.385753350360318 ], [ -104.560879140042076, 22.394778569822893 ], [ -104.574804309679692, 22.394866309841582 ], [ -104.586814829826082, 22.406482480422405 ], [ -104.588469690203226, 22.412654399874633 ], [ -104.593084859586114, 22.411954830155629 ], [ -104.593470490093495, 22.425606049675618 ], [ -104.598765860154529, 22.431722909630899 ], [ -104.59717622008867, 22.43675534015361 ], [ -104.605438350125524, 22.445457889880345 ], [ -104.60256060025678, 22.460508080272014 ], [ -104.655291720301292, 22.462154660258083 ], [ -104.655754939948196, 22.540069710448151 ], [ -104.663067660371965, 22.547708060403199 ], [ -104.669998319754924, 22.5652617400476 ], [ -104.680957999558188, 22.55909625026645 ], [ -104.708737079878304, 22.55462432006194 ], [ -104.715164369627658, 22.555948800133947 ], [ -104.719796779954294, 22.569045220159328 ], [ -104.728188570371543, 22.558937200005669 ], [ -104.73705299960983, 22.558095660453422 ], [ -104.759812170113491, 22.568718370026868 ], [ -104.7675627103322, 22.581389829950378 ], [ -104.775375230048738, 22.584201720050647 ], [ -104.772572680387356, 22.591897599879221 ], [ -104.77980548044718, 22.603348510352923 ], [ -104.776183199732429, 22.610200230233911 ], [ -104.777110910366602, 22.624996180023523 ], [ -104.774094319774463, 22.632549779861794 ], [ -104.778792000244124, 22.636861920176003 ], [ -104.779404659667449, 22.643177230224037 ], [ -104.788918860250163, 22.647973620441562 ], [ -104.804255950352299, 22.648743860090168 ], [ -104.804020689590175, 22.640341250376139 ], [ -104.814677509821792, 22.63424918037693 ], [ -104.81669198031706, 22.639682650031908 ], [ -104.829432570324641, 22.640226460321863 ], [ -104.840025630149725, 22.645861229661481 ], [ -104.84011643037519, 22.651138569844438 ], [ -104.858397059650173, 22.648326710126035 ], [ -104.862493119746148, 22.60707048962567 ], [ -104.960525170397631, 22.505311449667598 ], [ -104.987912540409894, 22.498726579899799 ], [ -105.007552739955131, 22.585671970187011 ], [ -105.072368939747236, 22.656499089739292 ], [ -105.068422510178635, 22.678414150171921 ], [ -105.057302689734925, 22.688093999715058 ], [ -104.892720449895819, 22.737409249842621 ], [ -104.915636649817984, 22.748537970190494 ], [ -104.911512579694232, 22.769167770286909 ], [ -104.913417079884212, 22.775293880148812 ], [ -104.909721919660029, 22.784431399641086 ], [ -104.913375350381315, 22.790485970247158 ], [ -104.905576320298366, 22.799577520127762 ], [ -104.911021020292836, 22.801331969599229 ], [ -104.908256800016758, 22.807600580172643 ], [ -104.918389200152163, 22.819780750234724 ], [ -104.934226280048165, 22.827310889647471 ], [ -104.940504860412716, 22.816163279827688 ], [ -104.951720749868343, 22.821829739982924 ], [ -104.958967309854785, 22.813604599789176 ], [ -104.965032689867741, 22.815599719869716 ], [ -104.971691719779784, 22.824661650110631 ], [ -104.978276380346415, 22.826201340045305 ], [ -104.981512580327674, 22.832446489812273 ], [ -104.988405229683096, 22.836049319776794 ], [ -104.987464249753046, 22.846184379749037 ], [ -104.990614119541959, 22.852144999967926 ], [ -104.987869970400212, 22.855515229801675 ], [ -104.987795630098276, 22.888252019569634 ], [ -105.005069140050708, 22.903552059818796 ], [ -105.005488480187893, 22.907077279832983 ], [ -105.001434110000034, 22.905979980027265 ], [ -105.000054170088802, 22.908897169694345 ], [ -105.01003912006, 22.922362739784003 ], [ -104.99689313992134, 22.952001600389437 ], [ -104.998020859838164, 22.957173459816762 ], [ -105.008341050407367, 22.968458689592349 ], [ -105.002953450069128, 22.978629570325829 ], [ -105.011733940304069, 22.987175139722392 ], [ -105.01208982951745, 22.991784880202051 ], [ -105.010226280338401, 22.994616230209804 ], [ -105.001918110305738, 22.992928780437438 ], [ -104.99877384975764, 23.001613849584249 ], [ -104.994983509657686, 23.00204088023083 ], [ -104.998851850209419, 23.012921480131293 ], [ -104.985216339847241, 23.016071260112838 ], [ -104.967552380377285, 23.032626819932204 ], [ -104.95096381961082, 23.036746619942541 ], [ -104.94582220025589, 23.044103200081455 ], [ -104.936507939875611, 23.047965379772286 ], [ -104.93074105991937, 23.042602549940419 ], [ -104.921706169824716, 23.044312680325199 ], [ -104.913792280394617, 23.051624579770689 ], [ -104.894224879647325, 23.059748999894659 ], [ -104.889772860347634, 23.066481340038454 ], [ -104.874635320166774, 23.06922987977434 ], [ -104.877757139521933, 23.076935060188781 ], [ -104.870756569570872, 23.077512520336988 ], [ -104.866865450493435, 23.085576180349502 ], [ -104.863565109806345, 23.086172309770365 ], [ -104.859485800482091, 23.081176150008009 ], [ -104.853090919885815, 23.088628149831088 ], [ -104.847833940013814, 23.088112139791843 ], [ -104.84459005968435, 23.093643370054327 ], [ -104.830750629947488, 23.094275279717301 ], [ -104.810203260397003, 23.12370529041835 ], [ -104.793757110453384, 23.132994770197246 ], [ -104.792765689648149, 23.139784369617264 ], [ -104.800743119688917, 23.146769079884528 ], [ -104.802379249962527, 23.154174399794488 ], [ -104.791187279543749, 23.167320000400569 ], [ -104.794643220455526, 23.18420594962625 ], [ -104.789922490052859, 23.194928140123729 ], [ -104.791450599707773, 23.205302800339684 ], [ -104.801258319588669, 23.212445050220246 ], [ -104.808422950206875, 23.213321859825317 ], [ -104.811608420208401, 23.220809339704587 ], [ -104.816908339805877, 23.224420600014678 ], [ -104.812314739873045, 23.23153676962594 ], [ -104.807117489883893, 23.233466030121253 ], [ -104.806698770182308, 23.238892049562939 ], [ -104.818466600372304, 23.253926509722387 ], [ -104.819316969611194, 23.269668370122446 ], [ -104.814383829785783, 23.291407420013332 ], [ -104.801446249750668, 23.298904169792262 ], [ -104.804276229749618, 23.315099080040273 ], [ -104.807483940069659, 23.318506549850433 ], [ -104.802107149885813, 23.325085139589799 ], [ -104.800247139648889, 23.349409420236224 ], [ -104.7962223402793, 23.349988109965278 ], [ -104.795422480141454, 23.354150260135444 ], [ -104.778551479554352, 23.360580749591282 ], [ -104.774663110463024, 23.366199740064403 ], [ -104.771137029991976, 23.389579679769685 ], [ -104.767376579841653, 23.391045080096976 ], [ -104.766226460112108, 23.396520599802304 ], [ -104.760871340292965, 23.396478450197691 ], [ -104.755293520281029, 23.408347509857098 ], [ -104.764523199899003, 23.422306110249078 ], [ -104.807912519745116, 23.370937339588782 ], [ -104.812476749948488, 23.483326459594949 ], [ -104.729211109938376, 23.485954279781875 ], [ -104.728086380288431, 23.509943450219279 ], [ -104.71526047975722, 23.506208509708376 ], [ -104.683278550268739, 23.481594680184564 ], [ -104.673195169839161, 23.47851768962569 ], [ -104.652105739590809, 23.497285460314306 ], [ -104.662599919767217, 23.504553890302766 ], [ -104.649809830396222, 23.514698080200805 ], [ -104.669108150209297, 23.532464379901239 ], [ -104.596727600203351, 23.573592420371533 ], [ -104.570068909905004, 23.55450970981942 ], [ -104.522064199559964, 23.6355253196853 ], [ -104.516604250063907, 23.626874349609 ], [ -104.525682380480717, 23.60601286007596 ], [ -104.515990140373304, 23.603539820304643 ], [ -104.490295219523475, 23.604537550180652 ], [ -104.490324059916006, 23.60984257043366 ], [ -104.486549969898206, 23.610117059659309 ], [ -104.464336919900333, 23.604857969785009 ], [ -104.445359859975625, 23.609296509931365 ], [ -104.446669710041135, 23.618887879903504 ], [ -104.464191920201941, 23.620287220229688 ], [ -104.464647649859714, 23.622815340435267 ], [ -104.473991019751907, 23.619174480419353 ], [ -104.490493709737748, 23.618544649559929 ], [ -104.501426480253556, 23.638223769749345 ], [ -104.486553049689533, 23.635943250283059 ], [ -104.484110539733393, 23.642967969965234 ], [ -104.488613169671964, 23.658329180285428 ], [ -104.468212029605098, 23.66035420044377 ], [ -104.455714450069365, 23.65039650973986 ], [ -104.447878259709128, 23.651573450106216 ], [ -104.446690800052323, 23.644711419965752 ], [ -104.410345429967265, 23.664348880085456 ], [ -104.414581579936197, 23.677831509655626 ], [ -104.423942029547646, 23.685431259970915 ], [ -104.422430950040251, 23.688708690321153 ], [ -104.428694910213878, 23.687621770332754 ], [ -104.440230770129816, 23.692294659578238 ], [ -104.445909780061527, 23.68762748975902 ], [ -104.472924219751135, 23.680200890302562 ], [ -104.499802739656701, 23.706267799628048 ], [ -104.509903780136156, 23.704868200409102 ], [ -104.516343030436403, 23.695191420149339 ], [ -104.541319050326976, 23.706146579948442 ], [ -104.518518149776696, 23.722138860365586 ], [ -104.518729570056394, 23.72615351962439 ], [ -104.544715510423075, 23.738889490025485 ], [ -104.539150890191081, 23.768732629917171 ], [ -104.529661720135124, 23.761531979959305 ] ] ] } },
{ "type": "Feature", "properties": { "code": "10022", "stateCode": "10", "municipalityCode": "022", "name": "Poanas" }, "geometry": { "type": "Polygon", "coordinates": [ [ [ -104.120161229809554, 24.250052170162668 ], [ -104.112877689709237, 24.249371830330631 ], [ -104.0891037198693, 24.220896290170522 ], [ -104.07573235036611, 24.214330060005246 ], [ -104.05916237026679, 24.200330940159265 ], [ -104.052816769675786, 24.199955289923118 ], [ -104.052561569617978, 24.181287379614485 ], [ -104.047790430100136, 24.169830509790451 ], [ -104.040783879532896, 24.169484430419477 ], [ -104.02843604961501, 24.154367020119853 ], [ -104.011403050406329, 24.157770119699496 ], [ -103.934321430002626, 24.111035510436231 ], [ -103.964547310003155, 24.092717969729236 ], [ -103.95305243045398, 24.054412999947264 ], [ -103.947969120444569, 24.048561910246327 ], [ -103.943018050105195, 24.057652179732642 ], [ -103.943385429819557, 24.043296059866094 ], [ -103.940951170376962, 24.040555910192897 ], [ -103.9371924803512, 24.044846450146554 ], [ -103.932470119638836, 24.043966770232014 ], [ -103.917090769591965, 24.025975109632729 ], [ -103.912677460364392, 24.026159510268833 ], [ -103.913267920262982, 24.028814169548685 ], [ -103.904120719950313, 24.033685949560741 ], [ -103.905791200313459, 24.039340180363251 ], [ -103.911125860243047, 24.040140819789872 ], [ -103.912924419748876, 24.047809050251381 ], [ -103.904329479837742, 24.053745619977509 ], [ -103.898613719916128, 24.043076020398047 ], [ -103.867598969757708, 24.03981170991597 ], [ -103.861860309646829, 24.076141230014088 ], [ -103.866685709807243, 24.079395629778798 ], [ -103.861432220359106, 24.086100770329047 ], [ -103.887499430355192, 24.100616089593338 ], [ -103.891435910439441, 24.095103780219844 ], [ -103.905291520320972, 24.103850780286365 ], [ -103.884371630103914, 24.127861060309034 ], [ -103.819023849763695, 24.086955320437951 ], [ -103.805870829977735, 24.06416963012315 ], [ -103.813274118650412, 24.021973582145527 ], [ -103.843128848865348, 24.026967121852575 ], [ -103.84782597860476, 24.003236151851898 ], [ -103.87238657914321, 24.007021721705733 ], [ -103.850275778557872, 23.988837431685784 ], [ -103.838799288948948, 23.96482435154676 ], [ -103.833946569098899, 23.969642292161609 ], [ -103.818359829415812, 23.964908601709308 ], [ -103.82329184951611, 23.953004151748861 ], [ -103.830795949115071, 23.907798751889501 ], [ -103.853112348670237, 23.874615551718257 ], [ -103.84775017929401, 23.860971180965262 ], [ -103.882710709822845, 23.847178090109999 ], [ -103.904119679859974, 23.834191249634713 ], [ -103.905464509552345, 23.81973931987396 ], [ -104.045879250459407, 23.836755229896227 ], [ -104.048410520417818, 23.842612629694699 ], [ -104.041870179774719, 23.841909170353727 ], [ -104.041348059749566, 23.845462750153569 ], [ -104.028195339564206, 23.843959539621537 ], [ -104.02752284965743, 23.849477719757761 ], [ -104.040468169754249, 23.852687170008771 ], [ -104.042695920468319, 23.862014820181741 ], [ -104.022829850054293, 23.861707850288717 ], [ -104.042211149629026, 23.865729139563566 ], [ -104.042857279705018, 23.882165519559823 ], [ -104.090113600350207, 23.887338220001798 ], [ -104.099095479634514, 23.874658570054049 ], [ -104.106850049598009, 23.879213740307826 ], [ -104.118313459595754, 23.900646149946983 ], [ -104.124615119673891, 23.906136280044304 ], [ -104.141556849853828, 23.897468020004858 ], [ -104.146078890182096, 23.898782829779421 ], [ -104.152962230155893, 23.910616419962508 ], [ -104.163019739829096, 23.911674109727148 ], [ -104.168991110221143, 23.902752599609894 ], [ -104.180981539810574, 23.908384830256836 ], [ -104.189400459811552, 23.901692719630521 ], [ -104.196995720167152, 23.910258950383579 ], [ -104.191182119706795, 23.922010880222775 ], [ -104.153921340279695, 23.93085418001445 ], [ -104.158058149521352, 23.946905350225911 ], [ -104.15612507985692, 23.948299289976525 ], [ -104.130366740473434, 23.948643479803085 ], [ -104.138526220490618, 23.969890109833262 ], [ -104.157348619689643, 23.964608150212207 ], [ -104.155086570351756, 23.960510739600171 ], [ -104.1595869496836, 23.948502889935565 ], [ -104.176622769778845, 23.959024889770031 ], [ -104.206265449693817, 23.948569710290002 ], [ -104.212828550184952, 23.939322079982716 ], [ -104.233209889553251, 23.938257059613857 ], [ -104.240080139692694, 23.974290379701806 ], [ -104.253355599680319, 23.980343149578029 ], [ -104.228318850153528, 23.986362649724157 ], [ -104.2180182798799, 23.982680080185602 ], [ -104.214924739761955, 23.997690350011023 ], [ -104.224855089566944, 24.007290629775298 ], [ -104.233729090480466, 24.003292820147745 ], [ -104.240322769641722, 24.013991830206258 ], [ -104.23255761994281, 24.023431949813673 ], [ -104.237996449608431, 24.024796259877551 ], [ -104.241541459978734, 24.034781660000661 ], [ -104.249097800214557, 24.034750600424562 ], [ -104.243222430388627, 24.035705420033914 ], [ -104.231082309913376, 24.044997430156062 ], [ -104.199656029824723, 24.077449630142969 ], [ -104.194073289538437, 24.076668519839846 ], [ -104.190075030205563, 24.081666220169069 ], [ -104.174959379574545, 24.080028880135885 ], [ -104.169234879916303, 24.090050599603607 ], [ -104.146691199898086, 24.106067180310983 ], [ -104.111542540116659, 24.109637720406635 ], [ -104.101998660255674, 24.120303399798004 ], [ -104.103687980298062, 24.131281060402124 ], [ -104.107860539932787, 24.132035689606223 ], [ -104.116705089929525, 24.141799019972805 ], [ -104.127158080059871, 24.144735660330099 ], [ -104.123999429735278, 24.140884459604415 ], [ -104.127086460427492, 24.139146629956528 ], [ -104.138116090144393, 24.143335000003287 ], [ -104.13443628043278, 24.161483829975204 ], [ -104.153527909593052, 24.167238289957567 ], [ -104.134142849517303, 24.188501509818572 ], [ -104.153455800478071, 24.213663249859565 ], [ -104.146152089533217, 24.214564310201357 ], [ -104.139110890360428, 24.220869350000186 ], [ -104.120681369893902, 24.223456479912599 ], [ -104.118520079731653, 24.227212220181112 ], [ -104.120748219968647, 24.235964509694632 ], [ -104.126220289960315, 24.242175180248069 ], [ -104.120161229809554, 24.250052170162668 ] ] ] } },
{ "type": "Feature", "properties": { "code": "10038", "stateCode": "10", "municipalityCode": "038", "name": "Vicente Guerrero" }, "geometry": { "type": "Polygon", "coordinates": [ [ [ -103.832621518615667, 23.848930371555664 ], [ -103.831186369534151, 23.824661852139712 ], [ -103.816066979147166, 23.807650321936723 ], [ -103.822248149393189, 23.80076260214463 ], [ -103.820273289426808, 23.791879511529793 ], [ -103.835094949325054, 23.785089181732346 ], [ -103.844069379320018, 23.772787822178529 ], [ -103.850285799451044, 23.770685221656212 ], [ -103.86236233898326, 23.752638381667463 ], [ -103.854489918641661, 23.727922341777091 ], [ -103.841027339452637, 23.701268110483998 ], [ -103.95506124958321, 23.671962230033305 ], [ -103.956599509660762, 23.667819199571273 ], [ -103.959615490309204, 23.672599249602921 ], [ -103.985020749873655, 23.654363200272908 ], [ -104.001240850124788, 23.665102820286783 ], [ -103.999354140377548, 23.611311280359587 ], [ -104.024194649698345, 23.592366059831839 ], [ -104.035003510200085, 23.593037720356762 ], [ -104.019031750428226, 23.615468249572466 ], [ -104.021310939996383, 23.622263089703214 ], [ -104.031969170053216, 23.62608638002985 ], [ -104.029762800374698, 23.631237649667391 ], [ -104.039764779728444, 23.646112199938059 ], [ -104.042093689778412, 23.645062909658808 ], [ -104.042274000175823, 23.649386310114625 ], [ -104.076647489944136, 23.627025539981766 ], [ -104.077436000348214, 23.607422889661972 ], [ -104.093938599596754, 23.605818179918106 ], [ -104.106657769973936, 23.609576860418972 ], [ -104.138504219827198, 23.601413060450117 ], [ -104.092581019882829, 23.649192260011763 ], [ -104.09665655008051, 23.651446750259588 ], [ -104.055885450208507, 23.676115349732854 ], [ -104.059886599532518, 23.684926860171789 ], [ -104.050709850127419, 23.689921819940469 ], [ -104.052111750488166, 23.691998720059392 ], [ -104.04846742021293, 23.691142249659265 ], [ -104.023677740491635, 23.705438890094143 ], [ -104.027462419694359, 23.714032089730072 ], [ -104.042308539554611, 23.705906779799278 ], [ -104.049053450139724, 23.713553630022979 ], [ -104.034665110311863, 23.72160479989439 ], [ -104.038687460231444, 23.726510119914792 ], [ -104.037223180216643, 23.735982019612255 ], [ -104.04524386000152, 23.736043819684845 ], [ -104.049915579641478, 23.747854690177064 ], [ -104.042413860328651, 23.744704090210579 ], [ -104.04221960047083, 23.748192059898521 ], [ -104.037582629902232, 23.747982429976041 ], [ -104.039205169632197, 23.743661349855284 ], [ -104.019494020071264, 23.74375705980637 ], [ -104.022435379701975, 23.748410880408464 ], [ -104.019281250443058, 23.750525649752625 ], [ -104.025252080051843, 23.755902139659213 ], [ -104.028522249722414, 23.753779799800427 ], [ -104.026605649806385, 23.751018519548687 ], [ -104.031876319869909, 23.74797909035594 ], [ -104.034398909545786, 23.751408430412145 ], [ -104.016575199693278, 23.766620859568725 ], [ -104.020127579803329, 23.768855540055533 ], [ -104.017967400141302, 23.772887849791921 ], [ -104.01055677012765, 23.774718349575579 ], [ -103.997818200496823, 23.785304020379222 ], [ -103.997151720138646, 23.782915259993583 ], [ -103.948144680301468, 23.825926460226661 ], [ -103.905464509552345, 23.81973931987396 ], [ -103.904119679859974, 23.834191249634713 ], [ -103.882710709822845, 23.847178090109999 ], [ -103.84775017929401, 23.860971180965262 ], [ -103.832621518615667, 23.848930371555664 ] ] ] } },
{ "type": "Feature", "properties": { "code": "10037", "stateCode": "10", "municipalityCode": "037", "name": "Topia" }, "geometry": { "type": "Polygon", "coordinates": [ [ [ -106.740579980097252, 25.38618218026048 ], [ -106.669841489755953, 25.401719649578578 ], [ -106.664244310234849, 25.397775820351047 ], [ -106.645145060345513, 25.398361289969795 ], [ -106.638089490463798, 25.394416289584132 ], [ -106.623685859890671, 25.400612339844116 ], [ -106.617301430252127, 25.398007579783162 ], [ -106.61479720014998, 25.401143340425826 ], [ -106.593099540081298, 25.401834109692651 ], [ -106.583731290055141, 25.39794166003098 ], [ -106.57580350991708, 25.398893050405754 ], [ -106.573647200448292, 25.391222690144442 ], [ -106.560159579574574, 25.38373122000262 ], [ -106.551513079664758, 25.389869630124913 ], [ -106.54983864991992, 25.396663879862235 ], [ -106.545705050436155, 25.396849319848748 ], [ -106.536785969529703, 25.388197600103524 ], [ -106.526916620196602, 25.390907850269247 ], [ -106.528011880236448, 25.384100050383463 ], [ -106.523079969649402, 25.385335719587154 ], [ -106.516246599633277, 25.379005509967289 ], [ -106.501624120056235, 25.372966400145739 ], [ -106.496125479873228, 25.374464740249103 ], [ -106.481564080163281, 25.367564849573892 ], [ -106.465032980201542, 25.3658433398674 ], [ -106.456453539754378, 25.361453630182233 ], [ -106.440888030454929, 25.34999741998039 ], [ -106.436333319697866, 25.332396550081818 ], [ -106.410944169936755, 25.324337660427059 ], [ -106.400709860314691, 25.324405739599637 ], [ -106.384134170413645, 25.306690940255681 ], [ -106.367065600427608, 25.298510119859408 ], [ -106.353824719997277, 25.297371049962635 ], [ -106.352030019653128, 25.302956910005648 ], [ -106.347279450464697, 25.304237689633425 ], [ -106.341106680191643, 25.303068119918805 ], [ -106.339458220465929, 25.298838179863839 ], [ -106.33170071038721, 25.30078819985405 ], [ -106.324542679757712, 25.295846909858895 ], [ -106.31717109010971, 25.303398979613299 ], [ -106.311261549694649, 25.300020180092915 ], [ -106.304531779706096, 25.303490319798019 ], [ -106.292734340477281, 25.299825479573531 ], [ -106.288235350366975, 25.30505406042473 ], [ -106.289188480236703, 25.308541749562767 ], [ -106.28262568996135, 25.313646969893757 ], [ -106.277706249539435, 25.312036399780236 ], [ -106.261719820446331, 25.316487090194755 ], [ -106.241201460254928, 25.313740349652708 ], [ -106.213819819877358, 25.315741179983327 ], [ -106.212544520431535, 25.301441680405876 ], [ -106.20299609034852, 25.300050859970632 ], [ -106.201329920372132, 25.290322739736901 ], [ -106.193246540035915, 25.290077800092646 ], [ -106.191931119542971, 25.283010079745679 ], [ -106.184636949724762, 25.285131599653333 ], [ -106.180819219517062, 25.266937770285097 ], [ -106.176142579599485, 25.264237540320835 ], [ -106.180817339554267, 25.256148800209466 ], [ -106.172154230182187, 25.250488519979292 ], [ -106.181505719596231, 25.226274020203839 ], [ -106.193943460206242, 25.226247109936669 ], [ -106.19389146034149, 25.207621949819046 ], [ -106.202631139863954, 25.202391259601146 ], [ -106.213673480471641, 25.219226859978384 ], [ -106.257220060032651, 25.219083950098753 ], [ -106.253189419851637, 25.205424399681363 ], [ -106.222600309727255, 25.206987050234467 ], [ -106.227291249688079, 25.202520140076313 ], [ -106.214526939896857, 25.191578659875226 ], [ -106.272485090370409, 25.170295999706518 ], [ -106.255741459874145, 25.13378328999174 ], [ -106.272290139751178, 25.107963740296935 ], [ -106.304157880403309, 25.155175339593733 ], [ -106.334923740310686, 25.182834720157487 ], [ -106.287257749645676, 25.197196889852759 ], [ -106.37301380045281, 25.182399460037576 ], [ -106.352660060005007, 25.177620080168484 ], [ -106.353107220316559, 25.157608859630098 ], [ -106.349813480467901, 25.146914770145269 ], [ -106.374964919848267, 25.12953639978311 ], [ -106.382191850080233, 25.136264999785581 ], [ -106.389991510402027, 25.135841170320148 ], [ -106.400315999850434, 25.128078020180656 ], [ -106.41316111048063, 25.140967339945639 ], [ -106.432167549530419, 25.147221850024657 ], [ -106.405095979852845, 25.165644630343312 ], [ -106.45126147986106, 25.183564749747461 ], [ -106.476674799946849, 25.171704739645719 ], [ -106.578590889534979, 25.166379199585673 ], [ -106.593295680268866, 25.169639450022618 ], [ -106.595348860199735, 25.164311630143501 ], [ -106.603936109935532, 25.163674820253359 ], [ -106.606493140102089, 25.158030659880811 ], [ -106.6148440898058, 25.156383450127489 ], [ -106.615992289732304, 25.150155969854584 ], [ -106.623198169716872, 25.144967830281661 ], [ -106.629685110267459, 25.145845230283541 ], [ -106.634731490208353, 25.152079290187761 ], [ -106.648776740481381, 25.152631089654555 ], [ -106.656008859807315, 25.156835059805623 ], [ -106.66836588949036, 25.147101429610696 ], [ -106.675167630169156, 25.147444049700873 ], [ -106.677557999912707, 25.140547089841757 ], [ -106.690445659750807, 25.133737460117096 ], [ -106.693856519593737, 25.124821219569974 ], [ -106.700017229654051, 25.124788769965299 ], [ -106.708973690277887, 25.11856916980954 ], [ -106.71078978013206, 25.111001690342828 ], [ -106.754088890327836, 25.134750139745183 ], [ -106.755320550438185, 25.131944780102639 ], [ -106.762439799981223, 25.132496689850534 ], [ -106.831951520027872, 25.100577309883306 ], [ -106.851365880337454, 25.099473579929832 ], [ -106.865629259588232, 25.091680149909749 ], [ -106.889365630470508, 25.133739420119376 ], [ -106.884123459943453, 25.138283000200833 ], [ -106.880034940379062, 25.136931149946133 ], [ -106.873761909686181, 25.146406970379687 ], [ -106.869097019688965, 25.145821170191546 ], [ -106.868523750165622, 25.14171657987729 ], [ -106.861111420392291, 25.141321910106182 ], [ -106.862057459611108, 25.146045619589469 ], [ -106.852629280067632, 25.148664580414465 ], [ -106.858079950059363, 25.159246629630786 ], [ -106.854751969952773, 25.164387769890062 ], [ -106.855147110428092, 25.17539072022684 ], [ -106.850902950001384, 25.177034510150904 ], [ -106.851759879580626, 25.18012531042103 ], [ -106.842906819788624, 25.183457819822671 ], [ -106.851055489730129, 25.186486800233862 ], [ -106.850625709795068, 25.190129449917304 ], [ -106.858690379515309, 25.188558649996963 ], [ -106.857020400166007, 25.19622110988146 ], [ -106.868567170096853, 25.200001549584012 ], [ -106.867803719596068, 25.203182090464281 ], [ -106.883926370070796, 25.208016829964357 ], [ -106.890467599601067, 25.224936970381819 ], [ -106.944786250086125, 25.25755032013177 ], [ -106.954767450213154, 25.282076920221659 ], [ -106.941408280010961, 25.281141940327913 ], [ -106.933358850183751, 25.287021619954036 ], [ -106.924473080333826, 25.284126020023265 ], [ -106.901469459673478, 25.29160679988231 ], [ -106.898850260023906, 25.300232709655091 ], [ -106.906490079729608, 25.308829080411773 ], [ -106.905128079667094, 25.319636620220454 ], [ -106.900307520404411, 25.322200999621739 ], [ -106.892184490215826, 25.322677510380753 ], [ -106.883390910461074, 25.327657690057475 ], [ -106.875668169603017, 25.326654660023003 ], [ -106.866827710050146, 25.319380280025577 ], [ -106.854035310386593, 25.318375109784391 ], [ -106.865738029594468, 25.324047280366955 ], [ -106.869692180416905, 25.336157109905102 ], [ -106.813209689895601, 25.388706919998647 ], [ -106.78304720035851, 25.409633630119888 ], [ -106.740579980097252, 25.38618218026048 ] ] ] } },
{ "type": "Feature", "properties": { "code": "10019", "stateCode": "10", "municipalityCode": "019", "name": "Otáez" }, "geometry": { "type": "Polygon", "coordinates": [ [ [ -105.915182749962867, 24.921925679826966 ], [ -105.902517199985837, 24.918475940261771 ], [ -105.886612220019529, 24.882199980071157 ], [ -105.729037419810766, 24.830194550354175 ], [ -105.729378490949998, 24.844805980035357 ], [ -105.708890020441814, 24.83639784984155 ], [ -105.708457380463429, 24.793047680023765 ], [ -105.64829896998576, 24.794598421187008 ], [ -105.645511179398298, 24.753387420107334 ], [ -105.634278059992823, 24.75302290996596 ], [ -105.66254622018937, 24.696514110279267 ], [ -105.66880913920474, 24.680672030038171 ], [ -105.668046539700569, 24.67157582027933 ], [ -105.675434369797472, 24.668283080314581 ], [ -105.676812140245616, 24.660878621063137 ], [ -105.685497978786742, 24.655644320488118 ], [ -105.678597350295902, 24.656298749738195 ], [ -105.678540800346397, 24.652560230443179 ], [ -105.702390648610887, 24.649734550608112 ], [ -105.696560199399883, 24.639799461309824 ], [ -105.716908739937423, 24.639035249717828 ], [ -105.686264620397509, 24.600065430270586 ], [ -105.70813054985328, 24.591254230567394 ], [ -105.706125940110979, 24.554051850338986 ], [ -105.736338180401447, 24.555795780045699 ], [ -105.739031349202449, 24.589256550644901 ], [ -105.843807799603425, 24.57970746018518 ], [ -105.848672119399694, 24.575297879620472 ], [ -105.846858490220072, 24.569794460069502 ], [ -105.851005449962742, 24.565603880362666 ], [ -105.851161079021026, 24.559984091079784 ], [ -105.856241799316408, 24.557255321123552 ], [ -105.859344488806727, 24.560092580407947 ], [ -105.87450437902271, 24.550119429597217 ], [ -105.880636799907862, 24.554074739548859 ], [ -105.89492547876408, 24.543238170800368 ], [ -105.903173909811443, 24.549947290806156 ], [ -105.908645690468731, 24.54637411973123 ], [ -105.93028924893909, 24.553784511282569 ], [ -105.941008059113926, 24.550053020076991 ], [ -105.947849820086319, 24.552621921302539 ], [ -105.95820756980261, 24.54984102955973 ], [ -105.96309899906889, 24.558800311158329 ], [ -105.978020350102554, 24.555470710093985 ], [ -105.987221518625446, 24.56183375094032 ], [ -105.990715150374797, 24.555873770928187 ], [ -105.99773390992857, 24.556330459721892 ], [ -105.986413199779903, 24.549654429620592 ], [ -105.98235219909148, 24.520502289965531 ], [ -105.984738818725702, 24.50820102090762 ], [ -105.986716380400964, 24.504480480069692 ], [ -106.000094980368516, 24.498293601259423 ], [ -106.017743600467981, 24.504154060097527 ], [ -106.016083979406631, 24.506889461018428 ], [ -106.038719019432136, 24.539114401072144 ], [ -106.065834048604032, 24.527131479927665 ], [ -106.084386918619415, 24.526024850650728 ], [ -106.088062938849845, 24.528330999800435 ], [ -106.09209401976652, 24.524063490787366 ], [ -106.09926953913147, 24.531112920611221 ], [ -106.114943630276628, 24.533241539854846 ], [ -106.119085079002801, 24.528569721220745 ], [ -106.130035719906417, 24.529560050069435 ], [ -106.14350884902683, 24.538806780199231 ], [ -106.152074019293423, 24.536708460012672 ], [ -106.158179629534303, 24.549250970581998 ], [ -106.166339059148612, 24.553455450189414 ], [ -106.166912518874909, 24.561039510962505 ], [ -106.176736629609636, 24.560027720260472 ], [ -106.168407199088733, 24.581049059717827 ], [ -106.200689350329057, 24.604272620131372 ], [ -106.196996569513985, 24.609803579799532 ], [ -106.201813649193028, 24.642623350116668 ], [ -106.227167649435927, 24.681254020432419 ], [ -106.150582859521975, 24.733739830246925 ], [ -106.222714419325698, 24.737531970937464 ], [ -106.203285888530232, 24.803869200024359 ], [ -106.134804250509859, 24.792617490819392 ], [ -106.093100058995972, 24.812530171325644 ], [ -106.056897508580661, 24.804489290429494 ], [ -106.052373738661899, 24.823777600759989 ], [ -106.043807150290561, 24.822797920896154 ], [ -106.036616120180028, 24.815438939605777 ], [ -106.030265489164535, 24.816454060946167 ], [ -106.028120148866748, 24.812477980382422 ], [ -106.023308910459249, 24.815235600880751 ], [ -106.017948710197189, 24.813011379544093 ], [ -106.014972199381987, 24.818291379852845 ], [ -106.006712919210713, 24.815528830060799 ], [ -106.002973778802811, 24.817576689618843 ], [ -106.005969199989309, 24.819263260256601 ], [ -106.006477460053603, 24.826187690909681 ], [ -105.998788459556863, 24.828537661228001 ], [ -105.993845768680245, 24.825097751337822 ], [ -105.996434258850115, 24.831877059918749 ], [ -105.986830689392988, 24.834568349615918 ], [ -105.988537539269529, 24.843181050661155 ], [ -105.980754680212058, 24.842418339862935 ], [ -105.985852878519211, 24.85243631000592 ], [ -105.984859109016298, 24.857433229874395 ], [ -105.980347579352951, 24.858956570970538 ], [ -105.980575280444128, 24.868716090805041 ], [ -105.976478579337467, 24.874907601326065 ], [ -105.980353880472762, 24.879078250652647 ], [ -105.982171550150866, 24.892534280114027 ], [ -105.976115019843377, 24.893011310755828 ], [ -105.971990980212396, 24.900303351017552 ], [ -105.953362059095937, 24.906874711014481 ], [ -105.948726749725765, 24.915639911212082 ], [ -105.944867799492442, 24.914469140788228 ], [ -105.944917880324255, 24.911308140417457 ], [ -105.93805007885264, 24.913593181280042 ], [ -105.937006380123776, 24.911121060431338 ], [ -105.932866309843817, 24.917010920229309 ], [ -105.92753928039771, 24.913639029986111 ], [ -105.925675660345732, 24.919271819671948 ], [ -105.915182749962867, 24.921925679826966 ] ] ] } },
{ "type": "Feature", "properties": { "code": "10028", "stateCode": "10", "municipalityCode": "028", "name": "San Juan del Río" }, "geometry": { "type": "Polygon", "coordinates": [ [ [ -104.473284309851863, 25.027076340257718 ], [ -104.453229180422653, 25.026859720329515 ], [ -104.445236169885703, 25.02020689025515 ], [ -104.426828680294363, 25.02507433987067 ], [ -104.416584689816176, 25.020759379585098 ], [ -104.413348630177708, 25.015170800090026 ], [ -104.40869642016898, 25.017115079800451 ], [ -104.405714400051608, 25.027940570154474 ], [ -104.396686999965993, 25.026147120406499 ], [ -104.398843940388261, 25.014614219803395 ], [ -104.391363550403042, 25.018202719848691 ], [ -104.356641510398831, 25.021866049780812 ], [ -104.340975620399803, 25.011500319704584 ], [ -104.337721620041378, 25.016065380304305 ], [ -104.323256020333488, 25.015268860339155 ], [ -104.314626600194373, 25.019177690230819 ], [ -104.310054979719297, 25.023261520432875 ], [ -104.311025580422339, 25.026725420211633 ], [ -104.303838459873745, 25.026518580164282 ], [ -104.298984320255755, 25.030973079958912 ], [ -104.299161659608188, 25.026522780133405 ], [ -104.290984909998912, 25.019044879855031 ], [ -104.315043519640497, 24.991129340228166 ], [ -104.306155200143607, 24.970573550324442 ], [ -104.311029139674673, 24.886289749967695 ], [ -104.302923910404829, 24.887717249806084 ], [ -104.270880149559062, 24.911167509978725 ], [ -104.255535550294852, 24.907493400161492 ], [ -104.257114339884509, 24.90556067963119 ], [ -104.253675689592114, 24.901740400274097 ], [ -104.261526150144775, 24.894810320142646 ], [ -104.265746149858913, 24.87963546001858 ], [ -104.275174649607678, 24.867465679758091 ], [ -104.271016450164083, 24.862451399781001 ], [ -104.273597450165028, 24.854767150387143 ], [ -104.270185859670022, 24.850920539811838 ], [ -104.27472842964464, 24.848918940421147 ], [ -104.272071150015236, 24.844210579611552 ], [ -104.274978749958464, 24.832853939785537 ], [ -104.266837510171939, 24.823331139885603 ], [ -104.264087779691621, 24.808675800308169 ], [ -104.250898259554504, 24.790890259835294 ], [ -104.257706720136341, 24.775889710141971 ], [ -104.31908035013177, 24.759649339692643 ], [ -104.322415579958218, 24.724552019590345 ], [ -104.336719830356955, 24.724535599911711 ], [ -104.340841710227068, 24.715771660214386 ], [ -104.339399919499655, 24.713164029719731 ], [ -104.342203750360468, 24.712253950417452 ], [ -104.342617289505782, 24.697651460085112 ], [ -104.358459720089385, 24.701465309953274 ], [ -104.358708020468313, 24.705989909930736 ], [ -104.374831909690812, 24.708402379624967 ], [ -104.383163579998396, 24.709181200002892 ], [ -104.380727969632659, 24.705611140258565 ], [ -104.402410020149489, 24.710977030055602 ], [ -104.416723770204669, 24.707458480070738 ], [ -104.418190449508415, 24.703905770121526 ], [ -104.410047449880764, 24.693044449607044 ], [ -104.41030828042507, 24.688075860097772 ], [ -104.407356319645501, 24.687562549877189 ], [ -104.398425220049319, 24.661513480040597 ], [ -104.373764969583902, 24.659284480101885 ], [ -104.380669710066783, 24.649345950249895 ], [ -104.393658829848476, 24.648682199875992 ], [ -104.404470420034656, 24.644149399601865 ], [ -104.434462079692054, 24.649327850259926 ], [ -104.434608119656886, 24.642265620456012 ], [ -104.439450649602833, 24.632636449740087 ], [ -104.441878149838857, 24.633423309729089 ], [ -104.436682829760088, 24.618665370242383 ], [ -104.446251089949143, 24.610068449722935 ], [ -104.45956471996098, 24.613574850016327 ], [ -104.459017220312688, 24.586332060390475 ], [ -104.467068460188059, 24.585046110125685 ], [ -104.450822080369207, 24.566778630331569 ], [ -104.455226770148016, 24.559332940292709 ], [ -104.487291419924603, 24.569804949597589 ], [ -104.494358449902691, 24.558826619602719 ], [ -104.500867680375734, 24.562543290093522 ], [ -104.571412059980986, 24.572697109776044 ], [ -104.579020110080265, 24.571352649998939 ], [ -104.579287859705616, 24.575792539554595 ], [ -104.584115259986149, 24.57768956983637 ], [ -104.580437919961028, 24.595053179863896 ], [ -104.585613860128305, 24.602603259629198 ], [ -104.582874220281724, 24.635645770285553 ], [ -104.566515229972964, 24.671375859972745 ], [ -104.555361140332096, 24.67452868043798 ], [ -104.571331600048111, 24.674939710047646 ], [ -104.586001150097459, 24.669895119765091 ], [ -104.636261569804049, 24.673485400205983 ], [ -104.698501379656676, 24.696845140114977 ], [ -104.707205980135171, 24.747639279800261 ], [ -104.702732020112691, 24.755994280434784 ], [ -104.682103289679162, 24.747584859829722 ], [ -104.67320288046264, 24.748469090315126 ], [ -104.665542250170517, 24.792333740238508 ], [ -104.644904059778156, 24.791526429919649 ], [ -104.643526860495669, 24.786125170167423 ], [ -104.636405949982915, 24.786658289762315 ], [ -104.637925449941577, 24.790134460031339 ], [ -104.631371910121914, 24.791452740283834 ], [ -104.633331459678701, 24.821458969829767 ], [ -104.630308800074474, 24.827800139740344 ], [ -104.634448630142728, 24.8269664202341 ], [ -104.636163369591273, 24.830859080412313 ], [ -104.633672940259444, 24.847878740443708 ], [ -104.624113780073614, 24.848319450156517 ], [ -104.615276089651786, 24.856836880386911 ], [ -104.621261419582751, 24.863513430204193 ], [ -104.633535110225438, 24.860961259910312 ], [ -104.639798909905252, 24.854228379894359 ], [ -104.639896550227476, 24.861151080259198 ], [ -104.64365552012309, 24.862105950175831 ], [ -104.62902874999898, 24.87264838010374 ], [ -104.612013660443537, 24.906480229913313 ], [ -104.562717630000023, 24.933212229936359 ], [ -104.5915786002017, 24.957234579684553 ], [ -104.499412200382267, 24.983835120354616 ], [ -104.501405030226294, 24.990147800353792 ], [ -104.492897380130387, 24.991522650067669 ], [ -104.472168029550616, 25.002335919860574 ], [ -104.475844950368995, 25.014617170293551 ], [ -104.471912149870121, 25.02109686024388 ], [ -104.473284309851863, 25.027076340257718 ] ] ] } },
{ "type": "Feature", "properties": { "code": "10026", "stateCode": "10", "municipalityCode": "026", "name": "San Dimas" }, "geometry": { "type": "Polygon", "coordinates": [ [ [ -105.350229539527405, 24.654513970208257 ], [ -105.33563306014392, 24.649757910197454 ], [ -105.335502230012906, 24.643162909696713 ], [ -105.33903388950111, 24.642469829870919 ], [ -105.337823340453951, 24.636890350240673 ], [ -105.345822860485683, 24.640408260053942 ], [ -105.347258030434489, 24.631244460096138 ], [ -105.351232089943835, 24.630854000372221 ], [ -105.355489539997819, 24.625198450428758 ], [ -105.360597739558543, 24.611224919897875 ], [ -105.369106770437639, 24.607902290216103 ], [ -105.383139710389273, 24.576247750344621 ], [ -105.392665909963256, 24.573217459904658 ], [ -105.405742570153961, 24.574052430202006 ], [ -105.382603059956423, 24.540374200424086 ], [ -105.384029319769525, 24.531937770438919 ], [ -105.452944859902829, 24.528376379683298 ], [ -105.486062709868335, 24.532333879629245 ], [ -105.500743820034003, 24.529522950362161 ], [ -105.486626120182564, 24.525488460065866 ], [ -105.451663380118816, 24.503773660231289 ], [ -105.446298889522609, 24.473644319604617 ], [ -105.416322949580589, 24.456370510105614 ], [ -105.421866659954546, 24.452689490150973 ], [ -105.41536222038016, 24.444393260155614 ], [ -105.421192319651396, 24.434588619925428 ], [ -105.427718820454544, 24.404336309821183 ], [ -105.437558050224652, 24.401289259555007 ], [ -105.450245450345847, 24.385051450280656 ], [ -105.46395931025323, 24.381541380066562 ], [ -105.464888019653742, 24.376411340337054 ], [ -105.446055820448152, 24.366826150106448 ], [ -105.441510199559218, 24.371722739980665 ], [ -105.423849719781373, 24.375872049902128 ], [ -105.407093719835743, 24.37822084995183 ], [ -105.400689980432574, 24.37352108966466 ], [ -105.394304419689135, 24.376866029555838 ], [ -105.377321480424641, 24.359838630043285 ], [ -105.368899260052913, 24.359794719637748 ], [ -105.367529750057571, 24.342848289893904 ], [ -105.356603740447454, 24.332865220440183 ], [ -105.352435140070043, 24.33301307979977 ], [ -105.348656820313195, 24.340192279784326 ], [ -105.342449419712423, 24.340922999813877 ], [ -105.252209680054179, 24.309418079922693 ], [ -105.245487520491892, 24.30600416992921 ], [ -105.247153750343131, 24.303460969857547 ], [ -105.231451199808447, 24.29887414978338 ], [ -105.245564879798735, 24.230693850311336 ], [ -105.253363219618279, 24.231803910219881 ], [ -105.27519063014968, 24.220526050328228 ], [ -105.307674340272797, 24.213562149680293 ], [ -105.307848749531971, 24.208566600152025 ], [ -105.336841339827259, 24.221356049712519 ], [ -105.35796347997568, 24.218266050362249 ], [ -105.356946220187666, 24.210142659896679 ], [ -105.373575490478657, 24.21700282980278 ], [ -105.391689509598265, 24.1956652602613 ], [ -105.401065879503008, 24.204624169829348 ], [ -105.43714396990454, 24.179404549950732 ], [ -105.412251660034386, 24.184889109842995 ], [ -105.422769910453098, 24.165151429850209 ], [ -105.4213932498714, 24.160541050388304 ], [ -105.432751480230564, 24.158985539579721 ], [ -105.445257629805127, 24.145739079836154 ], [ -105.460345599905011, 24.147026679845283 ], [ -105.462440580160532, 24.140096540111756 ], [ -105.476098950252108, 24.132537690008213 ], [ -105.477750580278837, 24.128463660326688 ], [ -105.474857780130691, 24.125437859764908 ], [ -105.486928079817204, 24.111131309683447 ], [ -105.48482789002324, 24.109938170362181 ], [ -105.491794319608687, 24.077634259624368 ], [ -105.497130079755806, 24.078982199840958 ], [ -105.498666339630162, 24.072789619634094 ], [ -105.504273879641801, 24.070924349898743 ], [ -105.519524020091225, 24.071329420263552 ], [ -105.52725190987843, 24.060788649665803 ], [ -105.53352962038916, 24.060457060085149 ], [ -105.544099800029542, 24.04484821981421 ], [ -105.55601134956737, 24.037200849951066 ], [ -105.554194830189246, 24.030123630385894 ], [ -105.567848820060661, 24.033555539667741 ], [ -105.572473829624343, 24.028117169589962 ], [ -105.569964480381017, 24.00931118013159 ], [ -105.572227750450196, 23.96768823041673 ], [ -105.693539350322638, 23.911976859699408 ], [ -105.691912050364863, 23.904215580080333 ], [ -105.708439250479259, 23.801537555032969 ], [ -105.703032150268115, 23.788025450260179 ], [ -105.706730569947226, 23.784574980289694 ], [ -105.712528321100734, 23.792948746668038 ], [ -105.73385573554765, 23.781949599427829 ], [ -105.7394196056715, 23.762325360553415 ], [ -105.730134770024407, 23.753776540308088 ], [ -105.727555479767403, 23.734723579846854 ], [ -105.737897350358438, 23.678350509924389 ], [ -105.759124019540081, 23.66140114011969 ], [ -105.776659459789073, 23.656652320422317 ], [ -105.796821880253077, 23.646136710015103 ], [ -105.789735030070986, 23.637963020138717 ], [ -105.796068459796729, 23.631781200136274 ], [ -105.797383579605551, 23.625014430138442 ], [ -105.791025090213182, 23.60784694032068 ], [ -105.794564969657145, 23.599180689691934 ], [ -105.790887690276023, 23.586380979670857 ], [ -105.794214750074872, 23.580449080261531 ], [ -105.806646779881987, 23.58887302030352 ], [ -105.811643889682585, 23.611028550170047 ], [ -105.845516019729587, 23.603255539845041 ], [ -105.845185820410109, 23.583694829998688 ], [ -105.853596020056543, 23.597287599555624 ], [ -105.88431791009674, 23.590393859685229 ], [ -105.892655377559748, 23.552645280641997 ], [ -105.908905366856374, 23.588269553057643 ], [ -105.926633748567511, 23.68413566288147 ], [ -105.916555707477926, 23.71535577233513 ], [ -105.915905827562895, 23.726424752683876 ], [ -105.906093347026513, 23.739398853055718 ], [ -105.923062908411865, 23.747753773057489 ], [ -105.919747106678088, 23.757807112361661 ], [ -105.929482139768936, 23.765517019908607 ], [ -105.924798820008718, 23.771476200216881 ], [ -105.929531380411348, 23.780964820297289 ], [ -105.92878492042631, 23.786581890048712 ], [ -105.932174600428979, 23.79469600024602 ], [ -105.939330230266137, 23.791430230292914 ], [ -105.961265569714172, 23.840742150130477 ], [ -105.95366198021344, 23.908584579560497 ], [ -105.883298169580726, 23.878549340271054 ], [ -105.867241320219009, 23.875242980241644 ], [ -105.862904600161968, 23.877922179716499 ], [ -105.865493690217633, 23.88071858025468 ], [ -105.861100029604145, 23.884830379878412 ], [ -105.86326922986737, 23.889448310431639 ], [ -105.858512249893352, 23.893085920185992 ], [ -105.85775346046097, 23.899822380108834 ], [ -105.864139949912399, 23.905323600229032 ], [ -105.865976400323916, 23.916071060244388 ], [ -105.878992309698177, 23.926066310419785 ], [ -105.881553509872504, 23.932819619618748 ], [ -105.899919399881909, 23.943921289714375 ], [ -105.945415060067546, 23.948025690079096 ], [ -105.908461579676981, 23.983426630308536 ], [ -105.912925490369474, 23.992008400092892 ], [ -105.912135849963903, 23.997533859642704 ], [ -105.917086199848839, 24.000100020412827 ], [ -105.928870369628015, 23.999288309672057 ], [ -105.937632029657223, 24.004990939912922 ], [ -105.942342939595491, 24.014317919665409 ], [ -105.945982740475159, 24.012199180058591 ], [ -105.946903850116826, 24.01515755032008 ], [ -105.948712549614825, 24.01177474960765 ], [ -105.950258109651912, 24.014818829605641 ], [ -105.959810879678798, 24.017403350083615 ], [ -105.959811649868485, 24.023834979893 ], [ -105.965413449743792, 24.027068850187359 ], [ -105.966553379776244, 24.031836110090293 ], [ -105.973043200227679, 24.032738109807724 ], [ -105.979505849941901, 24.041962369821299 ], [ -105.984266880239005, 24.038677879667272 ], [ -105.994102229815084, 24.044581279664147 ], [ -105.998719739904018, 24.043383140089354 ], [ -105.996717249901607, 24.054222230424156 ], [ -105.999864420490567, 24.055065980371442 ], [ -106.001181690163804, 24.06309294956559 ], [ -106.006608230011722, 24.067185859706811 ], [ -106.007883450232441, 24.072506630374576 ], [ -106.000709309748785, 24.076056150394489 ], [ -106.001972400094303, 24.088364279660048 ], [ -105.994462830136641, 24.091832429913545 ], [ -105.995628080072123, 24.09829393992797 ], [ -105.989440910369368, 24.102358120203036 ], [ -105.989077230036756, 24.107997679929753 ], [ -105.989724000006618, 24.114390170377263 ], [ -105.996649620024868, 24.11445568019754 ], [ -106.004046370236281, 24.120532800172061 ], [ -106.001240399582173, 24.128315199593803 ], [ -106.004198110480317, 24.129958110126296 ], [ -106.003210770448661, 24.14684103027129 ], [ -106.028557260266425, 24.180332290431611 ], [ -106.026807860338792, 24.186528509943503 ], [ -106.033982490186389, 24.191892400202981 ], [ -106.03638206044954, 24.204023420242393 ], [ -106.044160430001526, 24.211704750364991 ], [ -106.043883570137638, 24.220850349558305 ], [ -106.069948349683514, 24.22020057966121 ], [ -106.072066549819453, 24.256271340168432 ], [ -106.075843230012467, 24.271389199691271 ], [ -106.086904689859338, 24.27769223002446 ], [ -106.089816770213346, 24.28536242984352 ], [ -106.152539620345721, 24.338770370138796 ], [ -106.16055732009923, 24.371425679648031 ], [ -106.171260570040545, 24.447306429731505 ], [ -106.205898980010076, 24.478108249579254 ], [ -106.173508659848991, 24.488756319634192 ], [ -106.182571510081956, 24.499035320208844 ], [ -106.176741419762152, 24.513381370041305 ], [ -106.142742820128049, 24.52572722024194 ], [ -106.152074019293423, 24.536708460012672 ], [ -106.146918460482411, 24.539134380254453 ], [ -106.135650419441035, 24.535270221318115 ], [ -106.130035719906417, 24.529560050069435 ], [ -106.119085079002801, 24.528569721220745 ], [ -106.114943630276628, 24.533241539854846 ], [ -106.09926953913147, 24.531112920611221 ], [ -106.09209401976652, 24.524063490787366 ], [ -106.088062938849845, 24.528330999800435 ], [ -106.084386918619415, 24.526024850650728 ], [ -106.065834048604032, 24.527131479927665 ], [ -106.038719019432136, 24.539114401072144 ], [ -106.016083979406631, 24.506889461018428 ], [ -106.017743600467981, 24.504154060097527 ], [ -106.000094980368516, 24.498293601259423 ], [ -105.986716380400964, 24.504480480069692 ], [ -105.984738818725702, 24.50820102090762 ], [ -105.98235219909148, 24.520502289965531 ], [ -105.986413199779903, 24.549654429620592 ], [ -105.99773390992857, 24.556330459721892 ], [ -105.990715150374797, 24.555873770928187 ], [ -105.987221518625446, 24.56183375094032 ], [ -105.978020350102554, 24.555470710093985 ], [ -105.96309899906889, 24.558800311158329 ], [ -105.95820756980261, 24.54984102955973 ], [ -105.947849820086319, 24.552621921302539 ], [ -105.941008059113926, 24.550053020076991 ], [ -105.93028924893909, 24.553784511282569 ], [ -105.908645690468731, 24.54637411973123 ], [ -105.903173909811443, 24.549947290806156 ], [ -105.89492547876408, 24.543238170800368 ], [ -105.880636799907862, 24.554074739548859 ], [ -105.87450437902271, 24.550119429597217 ], [ -105.859344488806727, 24.560092580407947 ], [ -105.856241799316408, 24.557255321123552 ], [ -105.851161079021026, 24.559984091079784 ], [ -105.851005449962742, 24.565603880362666 ], [ -105.846858490220072, 24.569794460069502 ], [ -105.848672119399694, 24.575297879620472 ], [ -105.843807799603425, 24.57970746018518 ], [ -105.739031349202449, 24.589256550644901 ], [ -105.736338180401447, 24.555795780045699 ], [ -105.706125940110979, 24.554051850338986 ], [ -105.70813054985328, 24.591254230567394 ], [ -105.673375919729111, 24.60525709020466 ], [ -105.642599490329374, 24.635430149894109 ], [ -105.635062249826348, 24.616089850213388 ], [ -105.609296479978539, 24.618686030207215 ], [ -105.605484579613019, 24.629020400264828 ], [ -105.594245659543631, 24.632937539852254 ], [ -105.577826720368122, 24.628397369876623 ], [ -105.578294319836758, 24.625844860440193 ], [ -105.569606880169005, 24.619107969905073 ], [ -105.562785430225389, 24.6167425795749 ], [ -105.560136140126431, 24.623150680055655 ], [ -105.550454749995467, 24.620076509583743 ], [ -105.54083262022597, 24.628010970056721 ], [ -105.526872799646043, 24.618948219908837 ], [ -105.523769619909203, 24.624256180326729 ], [ -105.493658170007294, 24.619420570436688 ], [ -105.471519219601703, 24.65000929014543 ], [ -105.466211140305376, 24.648467220193272 ], [ -105.463696460093388, 24.643536680439475 ], [ -105.452488140406388, 24.64153909020418 ], [ -105.41016211976752, 24.62015828014918 ], [ -105.428249250434348, 24.637443259662408 ], [ -105.413085720214127, 24.634750710200318 ], [ -105.350656750013499, 24.677430340213377 ], [ -105.350229539527405, 24.654513970208257 ] ] ] } },
{ "type": "Feature", "properties": { "code": "10015", "stateCode": "10", "municipalityCode": "015", "name": "Nazas" }, "geometry": { "type": "Polygon", "coordinates": [ [ [ -104.091271649675946, 25.586292620161423 ], [ -104.081821879683602, 25.581958819646566 ], [ -104.081379000309084, 25.572811830112595 ], [ -104.070614599823386, 25.550201369980048 ], [ -104.052375829499155, 25.551247739772098 ], [ -104.049428740479669, 25.565025830252402 ], [ -104.042981380074636, 25.570548319698766 ], [ -104.043386570141053, 25.573621460031468 ], [ -104.026993449958198, 25.572381419966373 ], [ -104.017470380314393, 25.579346940082043 ], [ -104.016135460099321, 25.54423559966429 ], [ -103.980209490464929, 25.553096109685072 ], [ -103.973215519581288, 25.537827399761554 ], [ -103.972229019795307, 25.520167379858272 ], [ -103.967737849958581, 25.517779630327759 ], [ -103.971075289653143, 25.51365183032474 ], [ -103.970485399900454, 25.504009089778631 ], [ -103.953013289949865, 25.47252769042921 ], [ -103.949357829809202, 25.458274020015605 ], [ -103.904984419974568, 25.472090719920264 ], [ -103.902295219593881, 25.452464230023669 ], [ -103.848301200211125, 25.461309660396598 ], [ -103.793031180337337, 25.392632399905459 ], [ -103.809347630103602, 25.362809830354813 ], [ -103.822686569825819, 25.350061449661546 ], [ -103.789043769773627, 25.289932770147011 ], [ -103.78600736959973, 25.279026629551325 ], [ -103.782496090174988, 25.278222849705955 ], [ -103.777970019701044, 25.270126879976619 ], [ -103.792893970425666, 25.279840630413986 ], [ -103.801558369835377, 25.279731200100333 ], [ -103.805201849594241, 25.270847319727022 ], [ -103.812703619856478, 25.271555119651744 ], [ -103.81501497973305, 25.260451880331754 ], [ -103.818897580083046, 25.259051509570728 ], [ -103.823179060092059, 25.271038780397859 ], [ -103.825426109533538, 25.2716909201087 ], [ -103.823895280113916, 25.260796940385593 ], [ -103.827578739840106, 25.260119660206023 ], [ -103.834594820425195, 25.269866690318455 ], [ -103.841454149517631, 25.272793110308214 ], [ -103.832378850249398, 25.252367619782646 ], [ -103.861378259518375, 25.197550449990164 ], [ -103.875843889981198, 25.190743169592526 ], [ -103.919578979823072, 25.13423160008556 ], [ -103.912850618935437, 25.111457949851562 ], [ -103.897634540209978, 25.092979709771505 ], [ -103.957050489612115, 25.056489220526142 ], [ -103.948408709772423, 25.040788401318981 ], [ -103.942840379361769, 24.988609400903577 ], [ -103.995341739982536, 24.984935449562716 ], [ -103.994362419937389, 24.962888319980891 ], [ -104.027767019775055, 24.969897510116418 ], [ -104.055618080181745, 24.955656490045591 ], [ -104.097950200144865, 25.053247780164895 ], [ -104.10376935015536, 25.036906350132025 ], [ -104.103983539923874, 25.012319259924492 ], [ -104.110060059520436, 25.003736820016364 ], [ -104.121369569969445, 24.999042049894864 ], [ -104.128224849590794, 24.99211932039103 ], [ -104.14746471981303, 24.989798120366121 ], [ -104.158625779776827, 24.996763030067573 ], [ -104.182672170470653, 24.998432150415983 ], [ -104.17052522011366, 25.048639170218976 ], [ -104.218595850477016, 25.052435799920236 ], [ -104.213866000482909, 25.021242850366228 ], [ -104.249309769993104, 25.003728020025267 ], [ -104.254112780019511, 25.012043349917725 ], [ -104.261756139736576, 25.016874679955592 ], [ -104.273222489579382, 24.99774608042005 ], [ -104.289381369965028, 24.99471059979977 ], [ -104.290764120061453, 25.018946720430751 ], [ -104.299161659608188, 25.026522780133405 ], [ -104.299209540445787, 25.031101519701821 ], [ -104.303838459873745, 25.026518580164282 ], [ -104.311025580422339, 25.026725420211633 ], [ -104.310054979719297, 25.023261520432875 ], [ -104.314626600194373, 25.019177690230819 ], [ -104.323256020333488, 25.015268860339155 ], [ -104.337721620041378, 25.016065380304305 ], [ -104.340975620399803, 25.011500319704584 ], [ -104.356641510398831, 25.021866049780812 ], [ -104.362618980317237, 25.056934569842955 ], [ -104.374806109607505, 25.071186569563007 ], [ -104.374353289757664, 25.110471800451894 ], [ -104.383451750200152, 25.133859919696231 ], [ -104.380099950356865, 25.135732919820114 ], [ -104.366010249883246, 25.128600369965802 ], [ -104.365374709790061, 25.183504310229434 ], [ -104.356791660467522, 25.18949614009831 ], [ -104.366756339967154, 25.198724490405532 ], [ -104.367888629850256, 25.256296020076185 ], [ -104.382067180017089, 25.251789370428803 ], [ -104.3697521400764, 25.259070260217182 ], [ -104.37389094953852, 25.266071950156281 ], [ -104.365161969908826, 25.267151830257582 ], [ -104.363908830125297, 25.271395230099117 ], [ -104.359289710219173, 25.268084549550494 ], [ -104.351331510246425, 25.278992279970545 ], [ -104.332439199939714, 25.273342749707282 ], [ -104.334122200183103, 25.268164920392277 ], [ -104.312804309909566, 25.265341140368012 ], [ -104.309500550138438, 25.269658170028361 ], [ -104.200822459910427, 25.309352519783314 ], [ -104.199404689719373, 25.31622545962081 ], [ -104.18588332015473, 25.324920579875879 ], [ -104.168765510487049, 25.310540630098842 ], [ -104.119931200219241, 25.322364400162925 ], [ -104.138030319678279, 25.364661889935125 ], [ -104.132394019585632, 25.367667909653374 ], [ -104.124340380192223, 25.366657519822649 ], [ -104.12776469036244, 25.377606120030013 ], [ -104.12831169047783, 25.398242579636332 ], [ -104.137942620159038, 25.412796199710531 ], [ -104.151808030141964, 25.425521109866775 ], [ -104.16022249030118, 25.422517310432653 ], [ -104.163954890365673, 25.424364950338354 ], [ -104.163281180234975, 25.444491519809738 ], [ -104.168515309697142, 25.451775680039269 ], [ -104.16534822978268, 25.464714019884273 ], [ -104.152606830058531, 25.470970060439331 ], [ -104.146268169687929, 25.469904600357648 ], [ -104.137220420111063, 25.459640170185583 ], [ -104.134463569553574, 25.460641850159615 ], [ -104.133585370095247, 25.467817690273506 ], [ -104.126450199773075, 25.472505139784406 ], [ -104.130892219781757, 25.4848129203084 ], [ -104.127508650073096, 25.486058020284151 ], [ -104.12831176983785, 25.489402600356993 ], [ -104.14151142978956, 25.5111678303745 ], [ -104.162962260314117, 25.482721830071831 ], [ -104.173976570497132, 25.489754320345668 ], [ -104.183846490360537, 25.509124169676987 ], [ -104.193118339990306, 25.549107460151536 ], [ -104.192403220035473, 25.552940879856976 ], [ -104.149964019684703, 25.560045889715404 ], [ -104.150008799748932, 25.572142679625475 ], [ -104.123056509788455, 25.564339569688098 ], [ -104.125831820353866, 25.571830850302852 ], [ -104.113912380116261, 25.573882659932085 ], [ -104.105283570461395, 25.564461029690523 ], [ -104.100151400272793, 25.568680739939843 ], [ -104.091271649675946, 25.586292620161423 ] ] ] } },
{ "type": "Feature", "properties": { "code": "10031", "stateCode": "10", "municipalityCode": "031", "name": "Santa Clara" }, "geometry": { "type": "Polygon", "coordinates": [ [ [ -103.405871430346068, 24.728670680291831 ], [ -103.389809259913392, 24.690573489888344 ], [ -103.312722400041608, 24.687672479800785 ], [ -103.330907519982702, 24.685415540441777 ], [ -103.333056229816648, 24.682287149789847 ], [ -103.346328849591345, 24.683901569863394 ], [ -103.350075619848838, 24.679957969756046 ], [ -103.35797848957138, 24.683666280289817 ], [ -103.380859089927853, 24.681315649898114 ], [ -103.359746599753379, 24.64806131970991 ], [ -103.330219600173294, 24.613383140275729 ], [ -103.317272660151076, 24.57907299981056 ], [ -103.307867280128477, 24.581449119567964 ], [ -103.309797079527655, 24.596144200173281 ], [ -103.243894800000135, 24.568009120249016 ], [ -103.251430939878318, 24.541551229606338 ], [ -103.236628060198299, 24.538799139659247 ], [ -103.234022750119749, 24.548342799745846 ], [ -103.226922200236586, 24.550523030256098 ], [ -103.22678385952031, 24.543215910279368 ], [ -103.219664029620333, 24.555373420373961 ], [ -103.214862950456308, 24.551088620196278 ], [ -103.211187680047217, 24.552941690443873 ], [ -103.212474879852678, 24.550176029590386 ], [ -103.202072970109782, 24.540317749815479 ], [ -103.195641679729249, 24.528548019740935 ], [ -103.187643079657875, 24.524450829788346 ], [ -103.203027659811752, 24.500424060427907 ], [ -103.200628049816231, 24.480550999617162 ], [ -103.207699460397038, 24.476520260234221 ], [ -103.175737910147902, 24.4500631696637 ], [ -103.187350909674038, 24.423134570215726 ], [ -103.202091510121349, 24.424469139900932 ], [ -103.202410779573512, 24.421374859640025 ], [ -103.217331859702611, 24.420810829658674 ], [ -103.217887800184371, 24.417209920362509 ], [ -103.222833539806459, 24.417102769702328 ], [ -103.222246229796596, 24.42059368979929 ], [ -103.227248480389875, 24.420389219878295 ], [ -103.226825569911625, 24.423810890089477 ], [ -103.233776550107734, 24.423500910102405 ], [ -103.233655520302094, 24.427162980271955 ], [ -103.236635649744684, 24.427056600094403 ], [ -103.233979550374215, 24.435838229951415 ], [ -103.237986540207118, 24.435550370127466 ], [ -103.245277400291215, 24.444989859725101 ], [ -103.253531780487165, 24.44725379974836 ], [ -103.264519079955448, 24.434580919937261 ], [ -103.282645480178417, 24.428837029807042 ], [ -103.290967580062215, 24.431768909931051 ], [ -103.298362619882965, 24.430184170397222 ], [ -103.310250200440592, 24.43565785022238 ], [ -103.316503089851579, 24.428994229812567 ], [ -103.323928779885051, 24.426505629685067 ], [ -103.386204800134678, 24.422964720150187 ], [ -103.394056380236904, 24.43209929017862 ], [ -103.399748859836592, 24.432778679724851 ], [ -103.399195060336496, 24.428832280422803 ], [ -103.405929019803267, 24.429604769644882 ], [ -103.409814480465982, 24.426281889544484 ], [ -103.419332399669656, 24.430488089791133 ], [ -103.421619290404465, 24.416587630201768 ], [ -103.430237029946539, 24.40890915002959 ], [ -103.430029859705925, 24.399108220198613 ], [ -103.425148940103412, 24.387856369963671 ], [ -103.428027290057528, 24.386558510377732 ], [ -103.42537691979561, 24.379393349628682 ], [ -103.429777420301775, 24.374377349985885 ], [ -103.430522520374396, 24.360146230298277 ], [ -103.441330570095516, 24.341279260404569 ], [ -103.448930179525462, 24.338615770070142 ], [ -103.448340049688653, 24.332600459715582 ], [ -103.458275980478476, 24.327340290113071 ], [ -103.462696720295597, 24.32046857998192 ], [ -103.484062630467122, 24.318340939639562 ], [ -103.486858150480714, 24.310678680021553 ], [ -103.485001779755322, 24.300930489959558 ], [ -103.504547260215546, 24.295769319993429 ], [ -103.506755420411238, 24.287964049768277 ], [ -103.52375757022169, 24.288959429602478 ], [ -103.53124325043629, 24.29390900038868 ], [ -103.537815519787273, 24.290359309777084 ], [ -103.547696779572703, 24.291456349980628 ], [ -103.568349939650105, 24.286371260156493 ], [ -103.568795950472278, 24.270763829793054 ], [ -103.56320546031445, 24.256796750166391 ], [ -103.588413080274933, 24.238406799549281 ], [ -103.59054169040563, 24.230688350356587 ], [ -103.59767948985936, 24.23148604967756 ], [ -103.597855400278846, 24.235180800205381 ], [ -103.604861399512643, 24.237080079931982 ], [ -103.637618909776364, 24.235379879659316 ], [ -103.647377449776414, 24.24933905030483 ], [ -103.643905459774899, 24.268073449741294 ], [ -103.620437509767058, 24.289014049688763 ], [ -103.610449939636752, 24.288378880253589 ], [ -103.600961320192283, 24.307655720366739 ], [ -103.597919780109038, 24.30616833985917 ], [ -103.596519149744765, 24.309149739904658 ], [ -103.560128150022265, 24.323331940249656 ], [ -103.558416569613769, 24.32823605011755 ], [ -103.56175081971773, 24.330574849891793 ], [ -103.562307910378379, 24.34604750980008 ], [ -103.54001381994604, 24.351809680392872 ], [ -103.53193058013926, 24.362241460065196 ], [ -103.529882920161683, 24.413088340402936 ], [ -103.497645519642148, 24.426156849568923 ], [ -103.561178679908068, 24.432260860086476 ], [ -103.560254339686381, 24.444814969585803 ], [ -103.541124029774906, 24.457327279548519 ], [ -103.526924199974331, 24.461327170384482 ], [ -103.523069199573669, 24.480119180269519 ], [ -103.524918769980872, 24.510669740138542 ], [ -103.533851230431551, 24.514337060194716 ], [ -103.554775890037305, 24.506545139620297 ], [ -103.550259890446824, 24.559039320337511 ], [ -103.500705979641495, 24.591134920314794 ], [ -103.527962030379854, 24.643698980229519 ], [ -103.492548170102225, 24.660754520193791 ], [ -103.485832819983429, 24.651210489563343 ], [ -103.428886419928972, 24.623574679689206 ], [ -103.435913739750873, 24.644200400091972 ], [ -103.484432260038645, 24.664661350432205 ], [ -103.428355949597716, 24.744586310262076 ], [ -103.405871430346068, 24.728670680291831 ] ] ] } },
{ "type": "Feature", "properties": { "code": "10007", "stateCode": "10", "municipalityCode": "007", "name": "Gómez Palacio" }, "geometry": { "type": "Polygon", "coordinates": [ [ [ -103.569720310412421, 25.887996830216689 ], [ -103.564442909651589, 25.87757925970471 ], [ -103.553397170448676, 25.882300999769608 ], [ -103.549951859863569, 25.875264520120883 ], [ -103.539485350467032, 25.879631109971534 ], [ -103.543092080454173, 25.865751850362884 ], [ -103.523103860473157, 25.863592880222654 ], [ -103.505598080473234, 25.865964310099066 ], [ -103.507415689748541, 25.832573539770301 ], [ -103.484797310237241, 25.831126230159757 ], [ -103.48215108960116, 25.857647740012791 ], [ -103.46048585952137, 25.854692139918832 ], [ -103.461425630319553, 25.84195072044032 ], [ -103.436914050449204, 25.838119289848269 ], [ -103.437687800373382, 25.829274279571578 ], [ -103.411356710349637, 25.83570655035312 ], [ -103.420816420436424, 25.845990830195905 ], [ -103.433303229684554, 25.843167690346618 ], [ -103.431941370199539, 25.857334780375457 ], [ -103.44386348965736, 25.869628829698669 ], [ -103.401853740050939, 25.874976110150261 ], [ -103.396597180339626, 25.870212279914924 ], [ -103.391597150340971, 25.856648339788176 ], [ -103.379406739847454, 25.860323549861526 ], [ -103.379677629626073, 25.85513097980143 ], [ -103.376539169927952, 25.852986649893076 ], [ -103.371683260429691, 25.853486550091507 ], [ -103.372862050364063, 25.867067830047734 ], [ -103.362155600399362, 25.864339310112204 ], [ -103.346605249823213, 25.876942340741561 ], [ -103.343714919173877, 25.851228219465078 ], [ -103.331666600406692, 25.831663020256517 ], [ -103.322889048193929, 25.825082310223731 ], [ -103.31891778050398, 25.814801520270013 ], [ -103.318781539670312, 25.80631068058041 ], [ -103.323031109326763, 25.799929429624711 ], [ -103.32114904950177, 25.79796736993805 ], [ -103.326747818660408, 25.772415551176032 ], [ -103.326393418958759, 25.760445490502455 ], [ -103.333705218139443, 25.738736108736813 ], [ -103.340289180426936, 25.724034479683347 ], [ -103.352836060054756, 25.716553090054671 ], [ -103.339436890229322, 25.707604819961986 ], [ -103.354990860466501, 25.699860029604093 ], [ -103.349213710180948, 25.693443940416241 ], [ -103.359486339557563, 25.688862089590174 ], [ -103.364762369767973, 25.671970799670234 ], [ -103.383040919959939, 25.655317399638651 ], [ -103.380916750274864, 25.640894710008222 ], [ -103.40000945036104, 25.646059830356148 ], [ -103.407719539864686, 25.643831350405627 ], [ -103.408735799895751, 25.639672149832997 ], [ -103.403275579981809, 25.628128290194397 ], [ -103.42477011962454, 25.623679920444854 ], [ -103.424954029674652, 25.619985649846374 ], [ -103.416025259755813, 25.614421599627651 ], [ -103.426850230383081, 25.612090029941065 ], [ -103.429624448844109, 25.598916690066982 ], [ -103.438405820420414, 25.596643279955376 ], [ -103.433299849889565, 25.588082060275777 ], [ -103.435366540090428, 25.582777539686521 ], [ -103.450990689521021, 25.578933689996322 ], [ -103.454653550389253, 25.557928719808316 ], [ -103.469560829550687, 25.546437230623919 ], [ -103.500823949661793, 25.53557735014682 ], [ -103.499078980141377, 25.546312460146456 ], [ -103.544845569879143, 25.589265570136021 ], [ -103.547605979804956, 25.59619245041447 ], [ -103.549359770497972, 25.593613920016338 ], [ -103.555851549754493, 25.599677550015134 ], [ -103.569352940345368, 25.587923519690278 ], [ -103.576515579554524, 25.593424750339906 ], [ -103.577184049527062, 25.59815647977662 ], [ -103.587283569956284, 25.596011550300386 ], [ -103.58919206033859, 25.602376770331478 ], [ -103.593276259830077, 25.603372350040154 ], [ -103.588230179765191, 25.606134430256436 ], [ -103.589764339593799, 25.610096489782592 ], [ -103.593797080257175, 25.609855140243006 ], [ -103.597147450417253, 25.614784979654903 ], [ -103.591867939571074, 25.618596519935242 ], [ -103.595897200444384, 25.621164109925072 ], [ -103.598971540379551, 25.618621890292498 ], [ -103.601877880087187, 25.621980420079492 ], [ -103.605155399582799, 25.619201799550829 ], [ -103.608477310467663, 25.624679450415037 ], [ -103.593498739870682, 25.6371045495634 ], [ -103.613654400387645, 25.65710628992338 ], [ -103.629316230286975, 25.644139660355751 ], [ -103.651616819604158, 25.669244740277882 ], [ -103.637698620363807, 25.680956419544742 ], [ -103.690469279847633, 25.734661199634729 ], [ -103.634007880085804, 25.752325979905752 ], [ -103.634682939673183, 25.754994690181601 ], [ -103.628133230121605, 25.76007163022927 ], [ -103.634282659792035, 25.767600170094784 ], [ -103.625717290023218, 25.777852629864697 ], [ -103.622741539728764, 25.771145319657592 ], [ -103.616716170396998, 25.775118320233627 ], [ -103.618967309991064, 25.786623820062182 ], [ -103.615089859945925, 25.787916600350904 ], [ -103.617040570311389, 25.793363710335928 ], [ -103.605191859677575, 25.842834379893645 ], [ -103.581887079645426, 25.858612339651518 ], [ -103.569720310412421, 25.887996830216689 ] ] ] } },
{ "type": "Feature", "properties": { "code": "10020", "stateCode": "10", "municipalityCode": "020", "name": "Pánuco de Coronado" }, "geometry": { "type": "Polygon", "coordinates": [ [ [ -104.336719830356955, 24.724535599911711 ], [ -104.25062685008109, 24.715263259560729 ], [ -104.253143659961253, 24.690845060168961 ], [ -104.316273179879644, 24.696577259902458 ], [ -104.268445310258159, 24.580775430010473 ], [ -104.266957289613885, 24.585718880439888 ], [ -104.225736550377135, 24.557971450073989 ], [ -104.223899280213899, 24.541621419985685 ], [ -104.232964679985741, 24.534873780191798 ], [ -104.254887380161591, 24.53368680018092 ], [ -104.254354660025299, 24.523647119642764 ], [ -104.257391309600692, 24.523029380152053 ], [ -104.212172459777392, 24.523080920285512 ], [ -104.204871090417697, 24.512496649943156 ], [ -104.210814289679661, 24.507445399583997 ], [ -104.204085860225888, 24.492788919629135 ], [ -104.185780290057082, 24.483352019589383 ], [ -104.179041680042076, 24.47294235000604 ], [ -104.180584370027006, 24.469256849697427 ], [ -104.177020229608885, 24.464569060126383 ], [ -104.174266420473401, 24.467613910069588 ], [ -104.171925400368281, 24.465034309765244 ], [ -104.17150364996354, 24.459186779566316 ], [ -104.174480319769998, 24.458048249863602 ], [ -104.16995629045455, 24.452773549561094 ], [ -104.178053859815734, 24.448389260258857 ], [ -104.183078649526351, 24.45554282002638 ], [ -104.194466230399115, 24.447176289872061 ], [ -104.176274689672326, 24.434166290293795 ], [ -104.199900949996916, 24.41540288041292 ], [ -104.200020199998505, 24.406360369890493 ], [ -104.207452109881061, 24.388073229846981 ], [ -104.204426549858638, 24.389286740362365 ], [ -104.202425690404411, 24.385278349883123 ], [ -104.184267970411426, 24.392505249869203 ], [ -104.177428569957712, 24.378781650062283 ], [ -104.18709517960464, 24.376190779772156 ], [ -104.185078770125813, 24.372104260269712 ], [ -104.170770030123023, 24.376399650133685 ], [ -104.167420399601781, 24.369855939987961 ], [ -104.254201420033638, 24.348634860035897 ], [ -104.263091599773034, 24.288105570168486 ], [ -104.29834487984597, 24.309155909688918 ], [ -104.307122689553466, 24.286418780114303 ], [ -104.318168109675511, 24.295577920153953 ], [ -104.332699230155541, 24.320358970386572 ], [ -104.333781740369446, 24.331263830074295 ], [ -104.348969749832733, 24.340617910437121 ], [ -104.349820179849885, 24.348608170225209 ], [ -104.347059489541806, 24.349725020179697 ], [ -104.360344650461798, 24.364365889631529 ], [ -104.349897679976294, 24.372788120101539 ], [ -104.355089430312432, 24.378074369841631 ], [ -104.38128408989796, 24.35811249006068 ], [ -104.389208150326738, 24.363459779976925 ], [ -104.39337950986237, 24.360907859976017 ], [ -104.416823449811076, 24.377921969998773 ], [ -104.443796520340982, 24.361218349615445 ], [ -104.446139140465277, 24.366886199928842 ], [ -104.432108060379775, 24.378706969732825 ], [ -104.433954690120117, 24.38186054033282 ], [ -104.460068430280671, 24.370206650438664 ], [ -104.469003650291484, 24.375321680170799 ], [ -104.474594750283131, 24.368870030123386 ], [ -104.47862297990649, 24.372784230362559 ], [ -104.482040889666138, 24.371994970268243 ], [ -104.478743170249828, 24.362508200235322 ], [ -104.499286429572351, 24.354485400186807 ], [ -104.497699999673813, 24.349458430223297 ], [ -104.520227250253939, 24.342517720252456 ], [ -104.525943249519756, 24.344052740251787 ], [ -104.526629680218988, 24.341633749921233 ], [ -104.535218309522563, 24.344359219655065 ], [ -104.527758280059842, 24.362827969603366 ], [ -104.544022049570174, 24.359338090010617 ], [ -104.547633769565095, 24.362794690213512 ], [ -104.564435479594678, 24.366178849582639 ], [ -104.540979939733646, 24.390896080457807 ], [ -104.526170889943486, 24.38277327986367 ], [ -104.488217660291483, 24.414659029684177 ], [ -104.509279320469318, 24.427671279991056 ], [ -104.487999599873575, 24.425229320066794 ], [ -104.481656459788013, 24.437704690457231 ], [ -104.468198859580184, 24.424521429827792 ], [ -104.472885649728511, 24.423882180238046 ], [ -104.471729259528445, 24.42002213991984 ], [ -104.459681449774848, 24.415633580310182 ], [ -104.445640119559599, 24.429751150446563 ], [ -104.446268880305496, 24.437755549739595 ], [ -104.517995030273369, 24.450329860342972 ], [ -104.51776488019884, 24.470954229869349 ], [ -104.522877049821787, 24.470191180000299 ], [ -104.52224834034908, 24.474729150265869 ], [ -104.530499739688594, 24.480461950013559 ], [ -104.520694739823512, 24.481925880424413 ], [ -104.524322059757537, 24.493169199612293 ], [ -104.521577619920535, 24.497770179978854 ], [ -104.523111050351602, 24.503452280268693 ], [ -104.50695911018191, 24.508369629647259 ], [ -104.517734969710617, 24.554776780387915 ], [ -104.526963060124388, 24.543383110062457 ], [ -104.537901579651262, 24.538066749669117 ], [ -104.567694339554478, 24.571235720007255 ], [ -104.500867680375734, 24.562543290093522 ], [ -104.494358449902691, 24.558826619602719 ], [ -104.487291419924603, 24.569804949597589 ], [ -104.455226770148016, 24.559332940292709 ], [ -104.450822080369207, 24.566778630331569 ], [ -104.467068460188059, 24.585046110125685 ], [ -104.459017220312688, 24.586332060390475 ], [ -104.45956471996098, 24.613574850016327 ], [ -104.446251089949143, 24.610068449722935 ], [ -104.436682829760088, 24.618665370242383 ], [ -104.441878149838857, 24.633423309729089 ], [ -104.439450649602833, 24.632636449740087 ], [ -104.434608119656886, 24.642265620456012 ], [ -104.434462079692054, 24.649327850259926 ], [ -104.404470420034656, 24.644149399601865 ], [ -104.393658829848476, 24.648682199875992 ], [ -104.380669710066783, 24.649345950249895 ], [ -104.373764969583902, 24.659284480101885 ], [ -104.398425220049319, 24.661513480040597 ], [ -104.407356319645501, 24.687562549877189 ], [ -104.41030828042507, 24.688075860097772 ], [ -104.410047449880764, 24.693044449607044 ], [ -104.418237320446224, 24.705496429825615 ], [ -104.402410020149489, 24.710977030055602 ], [ -104.380727969632659, 24.705611140258565 ], [ -104.383163579998396, 24.709181200002892 ], [ -104.374831909690812, 24.708402379624967 ], [ -104.358708020468313, 24.705989909930736 ], [ -104.358459720089385, 24.701465309953274 ], [ -104.342617289505782, 24.697651460085112 ], [ -104.342203750360468, 24.712253950417452 ], [ -104.339399919499655, 24.713164029719731 ], [ -104.340841710227068, 24.715771660214386 ], [ -104.336719830356955, 24.724535599911711 ] ] ] } },
{ "type": "Feature", "properties": { "code": "10032", "stateCode": "10", "municipalityCode": "032", "name": "Santiago Papasquiaro" }, "geometry": { "type": "Polygon", "coordinates": [ [ [ -105.490718379947239, 25.384328780280935 ], [ -105.460812819650727, 25.373275489683891 ], [ -105.405100709562689, 25.413786170113813 ], [ -105.383487858575606, 25.395350030378445 ], [ -105.388948119826466, 25.392769029647113 ], [ -105.381184550061292, 25.387440309571893 ], [ -105.383932369137909, 25.383437780251672 ], [ -105.376441198633373, 25.382923029620635 ], [ -105.366569619607588, 25.367803139735333 ], [ -105.369844110210465, 25.36480485012391 ], [ -105.366644580406316, 25.336844170247545 ], [ -105.356708450310435, 25.329132980064553 ], [ -105.334848399551717, 25.324896489616343 ], [ -105.32826391863702, 25.338206139609202 ], [ -105.330476229571232, 25.343166570165732 ], [ -105.326649370445693, 25.346418350180194 ], [ -105.332972999753594, 25.350527199987138 ], [ -105.329487539852593, 25.360949969725024 ], [ -105.319394880438125, 25.359406719626001 ], [ -105.293542780169886, 25.373569579940494 ], [ -105.276964370478026, 25.377683380258329 ], [ -105.263779939495151, 25.370401879744186 ], [ -105.257012379401488, 25.374725450402615 ], [ -105.254568910295603, 25.366185629965376 ], [ -105.244721660090192, 25.359647220274145 ], [ -105.229868888523669, 25.35877482984603 ], [ -105.218171518863841, 25.348825860323956 ], [ -105.194398510063735, 25.349108680451295 ], [ -105.188046490112711, 25.330011119714758 ], [ -105.159916119897119, 25.289792380261726 ], [ -105.14511388958492, 25.280602849559905 ], [ -105.133735820226107, 25.213173020303483 ], [ -105.124640219096122, 25.210363719803301 ], [ -105.136349430089922, 25.208218049738363 ], [ -105.131966318816225, 25.200507139654533 ], [ -105.134880289469194, 25.20132762023783 ], [ -105.14771611037331, 25.182359079956292 ], [ -105.138066569760767, 25.177507910092658 ], [ -105.133549600167868, 25.171463630017598 ], [ -105.132867020143877, 25.16114248973345 ], [ -105.121591369746042, 25.164693480418308 ], [ -105.10587171860854, 25.163582049862828 ], [ -105.096618060278075, 25.172554629571618 ], [ -105.073684079574065, 25.140201349613385 ], [ -105.026086779773564, 25.134056859623573 ], [ -105.037458820059712, 25.111907199967533 ], [ -105.064405999705372, 25.111204509819459 ], [ -105.079950659513742, 25.090239579556044 ], [ -105.113959999917739, 25.102592350254348 ], [ -105.119264600492727, 25.097327830000246 ], [ -105.111834380141971, 25.068655109812827 ], [ -105.115022450087366, 25.06319805014909 ], [ -105.119579649712449, 25.066172049825632 ], [ -105.129607179885198, 25.051183580036028 ], [ -105.136022690448158, 25.054793980279815 ], [ -105.139409249699128, 25.049570650189455 ], [ -105.147986720128472, 25.054340370317188 ], [ -105.153259379871159, 25.046441949952754 ], [ -105.150197219548517, 25.044754139948797 ], [ -105.152724120283935, 25.041075859669359 ], [ -105.150276430277302, 25.0398066000661 ], [ -105.157158400037716, 25.037444250198842 ], [ -105.14977917975834, 25.029751620146868 ], [ -105.158979879993495, 25.015698419588052 ], [ -105.156858490325376, 25.014522830286921 ], [ -105.162103120244367, 25.0021765802069 ], [ -105.159954430259518, 25.001001080322666 ], [ -105.163108249576624, 24.995934750280725 ], [ -105.169736749940739, 24.999423720054875 ], [ -105.174642629931427, 24.991949799674178 ], [ -105.160659109586263, 24.984468739889103 ], [ -105.16729818018392, 24.973737340014015 ], [ -105.175103889853133, 24.974489540042892 ], [ -105.183828279764015, 24.963518350314335 ], [ -105.185002490328216, 24.965963660178804 ], [ -105.193808850114934, 24.945271320052996 ], [ -105.20826637043416, 24.937459219804545 ], [ -105.209146450134085, 24.926472780450457 ], [ -105.21542491028687, 24.920283479980185 ], [ -105.212886400066765, 24.906862340310557 ], [ -105.161629780106679, 24.928873679831948 ], [ -105.140820860109741, 24.899232420414737 ], [ -105.210709750340982, 24.890927520023087 ], [ -105.24027578034999, 24.875915289813609 ], [ -105.266463280246754, 24.872604310329343 ], [ -105.245725660087857, 24.827517739568616 ], [ -105.23772991980438, 24.800011029792646 ], [ -105.298270779806259, 24.784002710433864 ], [ -105.295261750107358, 24.776245319616297 ], [ -105.284554060233773, 24.770713150328579 ], [ -105.278952379609379, 24.762832779696939 ], [ -105.283371079749102, 24.76472148997556 ], [ -105.29507331972691, 24.76184602036404 ], [ -105.30086450972955, 24.76682386000483 ], [ -105.319805179957896, 24.767052170059156 ], [ -105.314256650158498, 24.742679349844618 ], [ -105.304591689795771, 24.740706629674207 ], [ -105.301968289929107, 24.731960739655573 ], [ -105.286193479772322, 24.720465079985541 ], [ -105.285123220449762, 24.714159650376363 ], [ -105.29030198020925, 24.70878888976506 ], [ -105.290567419600407, 24.703606029563744 ], [ -105.280755369975267, 24.707902970453468 ], [ -105.28051008993593, 24.701292769772227 ], [ -105.219955599686571, 24.701944709629917 ], [ -105.222007690316303, 24.683956750376211 ], [ -105.245163780286518, 24.67332352031044 ], [ -105.255324969736179, 24.627504110213632 ], [ -105.263047550023558, 24.625014280299101 ], [ -105.259733180198239, 24.622918340404201 ], [ -105.262554320258133, 24.620706339736369 ], [ -105.267494660271524, 24.625184649727892 ], [ -105.273690230159815, 24.623895060039555 ], [ -105.272682779520551, 24.633867180263465 ], [ -105.27804916968698, 24.630792030340871 ], [ -105.277700170369727, 24.626881509717805 ], [ -105.285999740425169, 24.625068420051853 ], [ -105.287182340399156, 24.617646539874894 ], [ -105.290530480486694, 24.61959407979327 ], [ -105.297563480153784, 24.613408289754016 ], [ -105.293655690122449, 24.635236320386539 ], [ -105.325610850207482, 24.614528149715763 ], [ -105.331838879818264, 24.648521339830861 ], [ -105.350229539527405, 24.654513970208257 ], [ -105.350656750013499, 24.677430340213377 ], [ -105.413085720214127, 24.634750710200318 ], [ -105.428249250434348, 24.637443259662408 ], [ -105.41016211976752, 24.62015828014918 ], [ -105.452488140406388, 24.64153909020418 ], [ -105.463696460093388, 24.643536680439475 ], [ -105.466211140305376, 24.648467220193272 ], [ -105.471519219601703, 24.65000929014543 ], [ -105.493658170007294, 24.619420570436688 ], [ -105.523769619909203, 24.624256180326729 ], [ -105.526872799646043, 24.618948219908837 ], [ -105.54083262022597, 24.628010970056721 ], [ -105.550454749995467, 24.620076509583743 ], [ -105.560136140126431, 24.623150680055655 ], [ -105.562785430225389, 24.6167425795749 ], [ -105.569606880169005, 24.619107969905073 ], [ -105.578294319836758, 24.625844860440193 ], [ -105.577826720368122, 24.628397369876623 ], [ -105.594245659543631, 24.632937539852254 ], [ -105.605484579613019, 24.629020400264828 ], [ -105.609296479978539, 24.618686030207215 ], [ -105.635062249826348, 24.616089850213388 ], [ -105.642599490329374, 24.635430149894109 ], [ -105.673375919729111, 24.60525709020466 ], [ -105.686264620397509, 24.600065430270586 ], [ -105.716908739937423, 24.639035249717828 ], [ -105.696560199399883, 24.639799461309824 ], [ -105.702390648610887, 24.649734550608112 ], [ -105.678540800346397, 24.652560230443179 ], [ -105.678597350295902, 24.656298749738195 ], [ -105.685497978786742, 24.655644320488118 ], [ -105.676812140245616, 24.660878621063137 ], [ -105.675434369797472, 24.668283080314581 ], [ -105.668046539700569, 24.67157582027933 ], [ -105.66880913920474, 24.680672030038171 ], [ -105.66254622018937, 24.696514110279267 ], [ -105.634278059992823, 24.75302290996596 ], [ -105.645511179398298, 24.753387420107334 ], [ -105.64829896998576, 24.794598421187008 ], [ -105.708457380463429, 24.793047680023765 ], [ -105.708890020441814, 24.83639784984155 ], [ -105.729378490949998, 24.844805980035357 ], [ -105.729037419810766, 24.830194550354175 ], [ -105.886612220019529, 24.882199980071157 ], [ -105.902517199985837, 24.918475940261771 ], [ -105.916316660161414, 24.922642089917439 ], [ -105.925675660345732, 24.919271819671948 ], [ -105.92753928039771, 24.913639029986111 ], [ -105.932866309843817, 24.917010920229309 ], [ -105.937006380123776, 24.911121060431338 ], [ -105.93805007885264, 24.913593181280042 ], [ -105.944917880324255, 24.911308140417457 ], [ -105.944867799492442, 24.914469140788228 ], [ -105.948726749725765, 24.915639911212082 ], [ -105.953362059095937, 24.906874711014481 ], [ -105.971990980212396, 24.900303351017552 ], [ -105.976115019843377, 24.893011310755828 ], [ -105.982171550150866, 24.892534280114027 ], [ -105.980353880472762, 24.879078250652647 ], [ -105.976478579337467, 24.874907601326065 ], [ -105.980575280444128, 24.868716090805041 ], [ -105.980347579352951, 24.858956570970538 ], [ -105.984859109016298, 24.857433229874395 ], [ -105.985852878519211, 24.85243631000592 ], [ -105.980754680212058, 24.842418339862935 ], [ -105.988537539269529, 24.843181050661155 ], [ -105.986830689392988, 24.834568349615918 ], [ -105.996434258850115, 24.831877059918749 ], [ -105.993845768680245, 24.825097751337822 ], [ -105.998788459556863, 24.828537661228001 ], [ -106.006477460053603, 24.826187690909681 ], [ -106.005969199989309, 24.819263260256601 ], [ -106.002973778802811, 24.817576689618843 ], [ -106.006831848626973, 24.815483719780278 ], [ -106.014972199381987, 24.818291379852845 ], [ -106.017948710197189, 24.813011379544093 ], [ -106.023308910459249, 24.815235600880751 ], [ -106.028120148866748, 24.812477980382422 ], [ -106.030265489164535, 24.816454060946167 ], [ -106.036616120180028, 24.815438939605777 ], [ -106.043807150290561, 24.822797920896154 ], [ -106.052373738661899, 24.823777600759989 ], [ -106.056897508580661, 24.804489290429494 ], [ -106.093100058995972, 24.812530171325644 ], [ -106.134804250509859, 24.792617490819392 ], [ -106.203285888530232, 24.803869200024359 ], [ -106.220608739838539, 24.744725119843572 ], [ -106.228503819877091, 24.752518740086721 ], [ -106.257883090283414, 24.753668079731973 ], [ -106.28631914005831, 24.773359370261623 ], [ -106.296713369561004, 24.766647289654536 ], [ -106.299317179617262, 24.758614259963416 ], [ -106.296598049630475, 24.75028057993206 ], [ -106.302091049961859, 24.745164079904626 ], [ -106.367329400167364, 24.749755450031589 ], [ -106.381062490006798, 24.744399689671592 ], [ -106.384261000470289, 24.753120980405775 ], [ -106.39521860007099, 24.749272349876954 ], [ -106.418399420320753, 24.78289851022798 ], [ -106.432223980070447, 24.770421030224771 ], [ -106.48577437040754, 24.73856508990951 ], [ -106.496503169866969, 24.715153709615379 ], [ -106.527104079999731, 24.707215180192051 ], [ -106.517601449655785, 24.715255999646629 ], [ -106.514884370470483, 24.728330090270255 ], [ -106.509527510141822, 24.735405859639393 ], [ -106.51311182989518, 24.7400970601559 ], [ -106.506409860410301, 24.743203909652028 ], [ -106.509707140246704, 24.753052449653264 ], [ -106.50233346014528, 24.753727580359488 ], [ -106.503321349911431, 24.766424680236057 ], [ -106.495233170101002, 24.765903140090057 ], [ -106.497226920274485, 24.776118249897145 ], [ -106.491757120459553, 24.780602980338347 ], [ -106.490707309586838, 24.788642689669459 ], [ -106.485809489808418, 24.793271449905493 ], [ -106.491621000098021, 24.796723000156842 ], [ -106.490752309550686, 24.803138199680149 ], [ -106.495473059864281, 24.806918049996565 ], [ -106.4933046204455, 24.812513779762572 ], [ -106.500958919600208, 24.81557042023859 ], [ -106.501458650457238, 24.820874309723909 ], [ -106.511472480137556, 24.826107920038975 ], [ -106.526797030002072, 24.841257910244003 ], [ -106.529083480169277, 24.841279820315375 ], [ -106.531587059888693, 24.832631280126506 ], [ -106.536744170303621, 24.833694200363954 ], [ -106.534874119951368, 24.8296976901762 ], [ -106.549542620096432, 24.826293679960838 ], [ -106.546524779738206, 24.833969400230973 ], [ -106.535213419560549, 24.842527830193593 ], [ -106.549952049681849, 24.846958980333095 ], [ -106.554123480301172, 24.856571479787039 ], [ -106.561571449529112, 24.859226600219465 ], [ -106.565862939685474, 24.8570260896646 ], [ -106.568719819757575, 24.869432200060754 ], [ -106.566849170472977, 24.873074050282376 ], [ -106.571255550083904, 24.8855608901988 ], [ -106.569433490039529, 24.887252509766096 ], [ -106.572327170067936, 24.891979430295986 ], [ -106.581215939702275, 24.895529020157039 ], [ -106.582739659983901, 24.902202649975102 ], [ -106.579986250249732, 24.91007734989638 ], [ -106.585119280013075, 24.914221879832589 ], [ -106.583478770004021, 24.923520650242004 ], [ -106.611795049722147, 24.950306000362911 ], [ -106.607852489641374, 24.951039200164498 ], [ -106.608510110270331, 24.958705509567835 ], [ -106.616027999534396, 24.97488908959426 ], [ -106.614749710208628, 24.980174459849721 ], [ -106.609155689553262, 24.979378849759222 ], [ -106.602923019893993, 24.984907830162758 ], [ -106.598130950478193, 24.983790510423521 ], [ -106.593172779673324, 24.991277860353144 ], [ -106.581874579594199, 24.993641800249701 ], [ -106.559230769979408, 24.95776770965897 ], [ -106.506650890185796, 24.950410229775112 ], [ -106.499346149764833, 24.953773489876713 ], [ -106.494726420352293, 24.985051319922597 ], [ -106.501716449704745, 25.002218750309307 ], [ -106.466212770302633, 24.968373940403442 ], [ -106.430612049902933, 25.022868519731166 ], [ -106.421291339987249, 25.023940630164805 ], [ -106.417937569818619, 25.035957180410804 ], [ -106.396995689739555, 25.069353280356843 ], [ -106.399803619823018, 25.07200451012903 ], [ -106.374922969551704, 25.101000120021457 ], [ -106.380741430270348, 25.057055179791146 ], [ -106.390830659652636, 25.064608280399927 ], [ -106.387386279997727, 25.041411219872103 ], [ -106.359452309664519, 25.047113820373877 ], [ -106.343640399918797, 25.064007920205427 ], [ -106.3415395796209, 25.071346570370224 ], [ -106.325279889879539, 25.080902880248619 ], [ -106.314240999869583, 25.054314800260261 ], [ -106.336880780096237, 25.032228059733203 ], [ -106.270297149759941, 24.991444569801299 ], [ -106.257789169495624, 24.99674108979552 ], [ -106.216253139911473, 24.990033919729992 ], [ -106.175946370420533, 24.992912030413141 ], [ -106.190201429802144, 25.023689509756984 ], [ -106.169086260024869, 25.024757080231957 ], [ -106.165848740112807, 25.049650430045435 ], [ -106.173323569701694, 25.049129490060707 ], [ -106.1728621199331, 25.069863519783361 ], [ -106.124658319970436, 25.067902090015387 ], [ -106.124655849924238, 25.078760020177757 ], [ -106.132911060271127, 25.08961639955346 ], [ -106.123105229959179, 25.091769310059611 ], [ -106.123043020035155, 25.098658649745033 ], [ -105.981749479837987, 25.098861539790477 ], [ -105.892269520431327, 25.105933029972391 ], [ -105.864710720344277, 25.025591549819438 ], [ -105.778360140182201, 25.094750659948158 ], [ -105.789645349691611, 25.172001619928331 ], [ -105.798590579534448, 25.183816939590361 ], [ -105.782717019568764, 25.221516580106162 ], [ -105.783387400224996, 25.224370679983931 ], [ -105.810766220386824, 25.233822060319522 ], [ -105.752607720287543, 25.231728399744433 ], [ -105.682634619522759, 25.223464179725045 ], [ -105.629613460441888, 25.16902483027636 ], [ -105.560335419958477, 25.189006849897659 ], [ -105.553371829648015, 25.198401520408812 ], [ -105.56463158028086, 25.206744949639514 ], [ -105.570537490267967, 25.221753649707708 ], [ -105.578735779940985, 25.229859259908359 ], [ -105.580349149561442, 25.240892430448646 ], [ -105.588271419969431, 25.249452419612147 ], [ -105.595942719883311, 25.250716369910489 ], [ -105.598303659821937, 25.258386480122148 ], [ -105.590276229572794, 25.26667662035937 ], [ -105.567740650290204, 25.277012180444842 ], [ -105.563642520487534, 25.273318090434824 ], [ -105.556991619934053, 25.279107259826475 ], [ -105.545411379759173, 25.274991680429299 ], [ -105.5383382504086, 25.291067659949004 ], [ -105.557293549614741, 25.333669200460488 ], [ -105.542467480431426, 25.445540020009826 ], [ -105.490718379947239, 25.384328780280935 ] ] ] } },
{ "type": "Feature", "properties": { "code": "10013", "stateCode": "10", "municipalityCode": "013", "name": "Mapimí" }, "geometry": { "type": "Polygon", "coordinates": [ [ [ -104.272847569657984, 26.841894860398995 ], [ -104.261393980233265, 26.830380490156035 ], [ -104.25139640020852, 26.808996479599227 ], [ -104.227808850411279, 26.777153630012297 ], [ -104.183935889692748, 26.773572000267492 ], [ -104.056933220225233, 26.748158289974686 ], [ -104.045737820094217, 26.742976539901029 ], [ -104.033190620139891, 26.774391490090306 ], [ -103.99499548978288, 26.777540259735893 ], [ -103.99383283012385, 26.753610420376322 ], [ -103.932577479891563, 26.753994980171115 ], [ -104.044020090240195, 26.642759750428535 ], [ -104.029185370283471, 26.632818400203195 ], [ -104.015342229557817, 26.629943150457837 ], [ -104.014709620420376, 26.597164109938902 ], [ -104.023723370224133, 26.568392969644062 ], [ -104.012968219967661, 26.567717319909764 ], [ -104.016115540336656, 26.560147309769064 ], [ -103.947465199628354, 26.557853309933883 ], [ -103.94485448987119, 26.541946000118113 ], [ -103.952353020123169, 26.500349600036046 ], [ -103.956268109846192, 26.492480850262925 ], [ -103.975089920035344, 26.477279910339213 ], [ -103.952985480356858, 26.453508369953479 ], [ -103.960989630149001, 26.447052629992697 ], [ -103.954537320304894, 26.440148119772246 ], [ -104.010219599673036, 26.395196979644542 ], [ -103.838135120025228, 26.210060879649902 ], [ -103.700210739621397, 26.081732140435044 ], [ -103.627614658992414, 25.901261651369829 ], [ -103.593143450073896, 25.925390369991185 ], [ -103.588887479992891, 25.912549029817775 ], [ -103.583914489663485, 25.916141970187027 ], [ -103.573339290448757, 25.912507769939996 ], [ -103.577159050489669, 25.899387999547645 ], [ -103.566271830418444, 25.896735799927548 ], [ -103.581887079645426, 25.858612339651518 ], [ -103.605191859677575, 25.842834379893645 ], [ -103.617040570311389, 25.793363710335928 ], [ -103.615089859945925, 25.787916600350904 ], [ -103.618967309991064, 25.786623820062182 ], [ -103.616716170396998, 25.775118320233627 ], [ -103.622741539728764, 25.771145319657592 ], [ -103.625717290023218, 25.777852629864697 ], [ -103.630589149609449, 25.772382550267487 ], [ -103.634282659792035, 25.767600170094784 ], [ -103.628133230121605, 25.76007163022927 ], [ -103.637735680301077, 25.750386019754774 ], [ -103.690469279847633, 25.734661199634729 ], [ -103.70551083001007, 25.747951859595283 ], [ -103.813989020216525, 25.758543520395126 ], [ -103.845708889663896, 25.767642679808148 ], [ -103.912838369555573, 25.767385550212623 ], [ -103.93925322002066, 25.752584740297472 ], [ -103.934369999820248, 25.747279910318365 ], [ -103.928590450296298, 25.746952380410089 ], [ -103.93449845014085, 25.743550379863091 ], [ -103.926362919606319, 25.728157619872366 ], [ -103.966374380013278, 25.715154920051546 ], [ -103.960832689680075, 25.708181889973932 ], [ -103.965651659548499, 25.705466340343538 ], [ -103.954250830120486, 25.683358890121742 ], [ -103.944898970124328, 25.688127149621398 ], [ -103.898184480437607, 25.627742290078526 ], [ -103.909551049648286, 25.624013829996077 ], [ -103.913842769887694, 25.562739890284188 ], [ -103.865358249618396, 25.560933509959582 ], [ -103.861675169994029, 25.553266340060159 ], [ -103.855671379812293, 25.539381770311714 ], [ -103.887085920155812, 25.540608969576994 ], [ -103.863282430490173, 25.479908629881141 ], [ -103.893520950443957, 25.47424105959135 ], [ -103.898851219740322, 25.498395230018414 ], [ -103.936352600174331, 25.491586140114276 ], [ -103.980209490464929, 25.553096109685072 ], [ -104.016135460099321, 25.54423559966429 ], [ -104.017470380314393, 25.579346940082043 ], [ -104.026993449958198, 25.572381419966373 ], [ -104.043386570141053, 25.573621460031468 ], [ -104.042981380074636, 25.570548319698766 ], [ -104.049428740479669, 25.565025830252402 ], [ -104.052375829499155, 25.551247739772098 ], [ -104.070614599823386, 25.550201369980048 ], [ -104.081379000309084, 25.572811830112595 ], [ -104.081821879683602, 25.581958819646566 ], [ -104.086679659557333, 25.585853319816287 ], [ -104.093828740085343, 25.585113120061298 ], [ -104.100151400272793, 25.568680739939843 ], [ -104.105283570461395, 25.564461029690523 ], [ -104.113912380116261, 25.573882659932085 ], [ -104.125831820353866, 25.571830850302852 ], [ -104.123056509788455, 25.564339569688098 ], [ -104.150008799748932, 25.572142679625475 ], [ -104.184845709603792, 25.621889449702714 ], [ -104.186730949739271, 25.642603119692975 ], [ -104.168035090409887, 25.645603000232299 ], [ -104.154207049668415, 25.73236496967208 ], [ -104.135594320215617, 25.741494679558027 ], [ -104.136535719785115, 25.743592970044528 ], [ -104.146148829624096, 25.749657970180685 ], [ -104.154553629770191, 25.746551029895201 ], [ -104.153991660184232, 25.755690220334479 ], [ -104.159079400115104, 25.762353739671504 ], [ -104.203169770008103, 25.753613259683405 ], [ -104.204849569916803, 25.766527110295407 ], [ -104.221424939719284, 25.770924279846625 ], [ -104.260678780021252, 25.718144180174857 ], [ -104.294916459700957, 25.756150710047063 ], [ -104.290191080260229, 25.768692539804103 ], [ -104.287064420400185, 25.770111400293629 ], [ -104.289357820490991, 25.779629090439737 ], [ -104.286980150217943, 25.800255679549885 ], [ -104.289491940165419, 25.812693019681813 ], [ -104.294927659827479, 25.81685265007841 ], [ -104.295352649958062, 25.825359909973368 ], [ -104.300953110432573, 25.824778030386025 ], [ -104.298782599630215, 25.83414201991058 ], [ -104.364978509965326, 25.826775049691577 ], [ -104.31246531003579, 25.836097340166464 ], [ -104.321514459807418, 25.86995449039923 ], [ -104.403651879735548, 25.882633519775567 ], [ -104.400797749599292, 25.87356314010594 ], [ -104.415058450440341, 25.872422079772598 ], [ -104.420044169689447, 25.885483919552893 ], [ -104.426871849770677, 25.886839429826658 ], [ -104.439843400008172, 25.873046229869715 ], [ -104.443786690348674, 25.889725150223285 ], [ -104.489738939860928, 25.887582119848343 ], [ -104.493860420173903, 25.880613710255474 ], [ -104.514724060354609, 25.914429370188294 ], [ -104.541406120474463, 25.905598400359334 ], [ -104.561836020349062, 25.914713780303487 ], [ -104.591850309780639, 25.944393510372485 ], [ -104.611667399509756, 25.951512489934217 ], [ -104.602376089669903, 25.969310820294933 ], [ -104.569753030262746, 26.004174940044891 ], [ -104.569516659735967, 26.015264800066308 ], [ -104.57383727986813, 26.016387919752546 ], [ -104.582020030194158, 26.091176520422703 ], [ -104.497612249719495, 26.125391109837143 ], [ -104.500553279951717, 26.140434079725676 ], [ -104.498109949595374, 26.207956060073826 ], [ -104.491470779915076, 26.225933799991044 ], [ -104.56181867967355, 26.295622220081864 ], [ -104.57445148003184, 26.34046827960498 ], [ -104.500974380041612, 26.414757429769924 ], [ -104.495401769876494, 26.433418949666606 ], [ -104.496962029864676, 26.443567349644045 ], [ -104.501436000022935, 26.449582880373747 ], [ -104.50282863040745, 26.465845919910617 ], [ -104.495899320268165, 26.46685931010887 ], [ -104.484111569592471, 26.494656000317974 ], [ -104.46855544997014, 26.520341450439513 ], [ -104.455469150012675, 26.549244890311357 ], [ -104.450900429972464, 26.571588549920559 ], [ -104.434775250432338, 26.604520540360962 ], [ -104.375422540043473, 26.640716489927357 ], [ -104.330387429999675, 26.656532920415689 ], [ -104.305780260422665, 26.700674290140256 ], [ -104.306795339531163, 26.707168169867764 ], [ -104.286543480472503, 26.725403000168214 ], [ -104.299759720474384, 26.751945540233177 ], [ -104.31727960032795, 26.760736750181326 ], [ -104.301761939770273, 26.771948570222275 ], [ -104.303235849711783, 26.783808850326231 ], [ -104.306823050183979, 26.788759939962695 ], [ -104.30531548042751, 26.792891799818825 ], [ -104.315306570409362, 26.799069519558426 ], [ -104.309141339998021, 26.805229769614137 ], [ -104.29355255048435, 26.811307139656932 ], [ -104.291538320466401, 26.815767819547116 ], [ -104.286161489966105, 26.815204819867162 ], [ -104.294888060019261, 26.817751020380776 ], [ -104.283619250342468, 26.825314149911485 ], [ -104.281882399555599, 26.835643820026224 ], [ -104.272847569657984, 26.841894860398995 ] ] ] } },
{ "type": "Feature", "properties": { "code": "10002", "stateCode": "10", "municipalityCode": "002", "name": "Canelas" }, "geometry": { "type": "Polygon", "coordinates": [ [ [ -106.333333340465131, 25.183333569722041 ], [ -106.304157880403309, 25.155175339593733 ], [ -106.272290139751178, 25.107963740296935 ], [ -106.258016859730006, 25.129658650153978 ], [ -106.24605051007677, 25.102689180026228 ], [ -106.225248230452507, 25.090993020432517 ], [ -106.198684920470996, 25.111437089887694 ], [ -106.198602580050107, 25.141831659548533 ], [ -106.19223999951133, 25.141868829771706 ], [ -106.191318230291216, 25.136993860279457 ], [ -106.16802314965912, 25.133447029565136 ], [ -106.161658080139745, 25.119823019761952 ], [ -106.173863029937635, 25.101275540015944 ], [ -106.123066799707473, 25.101767620018201 ], [ -106.123105229959179, 25.091769310059611 ], [ -106.132911060271127, 25.08961639955346 ], [ -106.124655849924238, 25.078760020177757 ], [ -106.124658319970436, 25.067902090015387 ], [ -106.1728621199331, 25.069863519783361 ], [ -106.173323569701694, 25.049129490060707 ], [ -106.165848740112807, 25.049650430045435 ], [ -106.169086260024869, 25.024757080231957 ], [ -106.190201429802144, 25.023689509756984 ], [ -106.175946370420533, 24.992912030413141 ], [ -106.216253139911473, 24.990033919729992 ], [ -106.257789169495624, 24.99674108979552 ], [ -106.270297149759941, 24.991444569801299 ], [ -106.336880780096237, 25.032228059733203 ], [ -106.314240999869583, 25.054314800260261 ], [ -106.325279889879539, 25.080902880248619 ], [ -106.3415395796209, 25.071346570370224 ], [ -106.343640399918797, 25.064007920205427 ], [ -106.359452309664519, 25.047113820373877 ], [ -106.387386279997727, 25.041411219872103 ], [ -106.390830659652636, 25.064608280399927 ], [ -106.380741430270348, 25.057055179791146 ], [ -106.374922969551704, 25.101000120021457 ], [ -106.399803619823018, 25.07200451012903 ], [ -106.396995689739555, 25.069353280356843 ], [ -106.417937569818619, 25.035957180410804 ], [ -106.421291339987249, 25.023940630164805 ], [ -106.430612049902933, 25.022868519731166 ], [ -106.466212770302633, 24.968373940403442 ], [ -106.501716449704745, 25.002218750309307 ], [ -106.494726420352293, 24.985051319922597 ], [ -106.499346149764833, 24.953773489876713 ], [ -106.506650890185796, 24.950410229775112 ], [ -106.559230769979408, 24.95776770965897 ], [ -106.581874579594199, 24.993641800249701 ], [ -106.593172779673324, 24.991277860353144 ], [ -106.598130950478193, 24.983790510423521 ], [ -106.602923019893993, 24.984907830162758 ], [ -106.609155689553262, 24.979378849759222 ], [ -106.615192600421338, 24.979520369579198 ], [ -106.607852489641374, 24.951039200164498 ], [ -106.63745355029863, 24.947617400248348 ], [ -106.66251155031263, 24.960733219781293 ], [ -106.683408419603538, 25.012141939572089 ], [ -106.677978709810745, 25.02310374001997 ], [ -106.660922490408709, 25.027146720243099 ], [ -106.666901919539868, 25.044110920019886 ], [ -106.659432979885764, 25.065869049590113 ], [ -106.68773594965829, 25.064363119570942 ], [ -106.67987791981335, 25.09403816960981 ], [ -106.71078978013206, 25.111001690342828 ], [ -106.708973690277887, 25.11856916980954 ], [ -106.700017229654051, 25.124788769965299 ], [ -106.693856519593737, 25.124821219569974 ], [ -106.690445659750807, 25.133737460117096 ], [ -106.677557999912707, 25.140547089841757 ], [ -106.675167630169156, 25.147444049700873 ], [ -106.66836588949036, 25.147101429610696 ], [ -106.656008859807315, 25.156835059805623 ], [ -106.648776740481381, 25.152631089654555 ], [ -106.634731490208353, 25.152079290187761 ], [ -106.629685110267459, 25.145845230283541 ], [ -106.623198169716872, 25.144967830281661 ], [ -106.615992289732304, 25.150155969854584 ], [ -106.6148440898058, 25.156383450127489 ], [ -106.606493140102089, 25.158030659880811 ], [ -106.603936109935532, 25.163674820253359 ], [ -106.595348860199735, 25.164311630143501 ], [ -106.593295680268866, 25.169639450022618 ], [ -106.578590889534979, 25.166379199585673 ], [ -106.476674799946849, 25.171704739645719 ], [ -106.45126147986106, 25.183564749747461 ], [ -106.405095979852845, 25.165644630343312 ], [ -106.432167549530419, 25.147221850024657 ], [ -106.41316111048063, 25.140967339945639 ], [ -106.400315999850434, 25.128078020180656 ], [ -106.389991510402027, 25.135841170320148 ], [ -106.382191850080233, 25.136264999785581 ], [ -106.374964919848267, 25.12953639978311 ], [ -106.349813480467901, 25.146914770145269 ], [ -106.353107220316559, 25.157608859630098 ], [ -106.352660060005007, 25.177620080168484 ], [ -106.37301380045281, 25.182399460037576 ], [ -106.287257749645676, 25.197196889852759 ], [ -106.333333340465131, 25.183333569722041 ] ] ] } }
]
}
