{"type":"FeatureCollection","features":[{"type":"Feature","properties":{"code":"11044","stateCode":"11","municipalityCode":"044","name":"Villagrán"},"geometry":{"type":"Polygon","coordinates":[[[-100.97945,20.59008],[-100.97499,20.57662],[-100.97006,20.57765],[-100.96724,20.57501],[-100.96547,20.57901],[-100.95095,20.58234],[-100.94823,20.57839],[-100.92695,20.57818],[-100.92707,20.57237],[-100.91263,20.5712],[-100.90867,20.52996],[-100.88654,20.53751],[-100.88695,20.52655],[-100.89852,20.52679],[-100.89869,20.51982],[-100.90939,20.52047],[-100.90906,20.51552],[-100.95954,20.51201],[-100.969,20.49804],[-100.97962,20.50396],[-100.99323,20.50458],[-100.99613,20.50787],[-101.01326,20.50627],[-101.01756,20.50953],[-101.03329,20.50761],[-101.04193,20.51073],[-101.04517,20.5079],[-101.0588,20.50729],[-101.07102,20.51444],[-101.07275,20.52365],[-101.08572,20.52225],[-101.08375,20.54202],[-101.07828,20.54137],[-101.07765,20.55125],[-101.08356,20.56119],[-101.11188,20.56246],[-101.10901,20.57646],[-101.10401,20.57718],[-101.09241,20.56595],[-101.0838,20.56544],[-101.0836,20.56305],[-101.06285,20.56324],[-101.05502,20.55263],[-101.05124,20.55307],[-101.05743,20.57902],[-101.03639,20.56349],[-101.02939,20.56598],[-101.0229,20.56102],[-100.99668,20.56994],[-100.99666,20.57376],[-101.00276,20.57437],[-101.00171,20.58126],[-100.99015,20.57837],[-100.99093,20.58695],[-100.97945,20.59008]]]}},{"type":"Feature","properties":{"code":"11017","stateCode":"11","municipalityCode":"017","name":"Irapuato"},"geometry":{"type":"Polygon","coordinates":[[[-101.14148,20.84828],[-101.14694,20.83471],[-101.14632,20.82777],[-101.15446,20.81864],[-101.17102,20.78343],[-101.18627,20.77613],[-101.18675,20.75385],[-101.19756,20.75381],[-101.20247,20.75588],[-101.19884,20.75859],[-101.20213,20.75855],[-101.21087,20.75719],[-101.21713,20.74954],[-101.22303,20.75176],[-101.22224,20.74131],[-101.23349,20.7256],[-101.23966,20.722],[-101.24968,20.72302],[-101.25233,20.71858],[-101.25142,20.70796],[-101.25519,20.70987],[-101.25824,20.69925],[-101.25999,20.70237],[-101.26694,20.69787],[-101.26586,20.68551],[-101.27454,20.67993],[-101.27754,20.66896],[-101.27519,20.66418],[-101.26263,20.66123],[-101.26739,20.63852],[-101.25881,20.6362],[-101.2625,20.62516],[-101.26551,20.62684],[-101.26796,20.6242],[-101.26878,20.61664],[-101.26895,20.60207],[-101.26342,20.59823],[-101.26404,20.59553],[-101.27631,20.59774],[-101.27632,20.58941],[-101.29996,20.59192],[-101.30525,20.58536],[-101.31108,20.58584],[-101.31198,20.57996],[-101.32279,20.58045],[-101.34291,20.57265],[-101.34543,20.58067],[-101.34886,20.58174],[-101.34644,20.59259],[-101.35539,20.5944],[-101.35963,20.58235],[-101.37344,20.58221],[-101.37633,20.56995],[-101.3838,20.5712],[-101.40006,20.56151],[-101.40663,20.56081],[-101.41866,20.54932],[-101.41729,20.54533],[-101.40157,20.54376],[-101.40052,20.51582],[-101.44438,20.50113],[-101.4473,20.50714],[-101.47203,20.50245],[-101.49355,20.50879],[-101.50099,20.51971],[-101.50439,20.53188],[-101.5076,20.56156],[-101.49784,20.56138],[-101.49359,20.56588],[-101.48448,20.56487],[-101.4723,20.57273],[-101.47339,20.5935],[-101.478,20.59054],[-101.49738,20.59614],[-101.49571,20.63988],[-101.48725,20.64443],[-101.48406,20.6398],[-101.48,20.63963],[-101.47514,20.65153],[-101.49002,20.64879],[-101.50029,20.65976],[-101.49885,20.66617],[-101.50305,20.68005],[-101.5111,20.67981],[-101.52687,20.70581],[-101.54008,20.70279],[-101.53816,20.70926],[-101.52835,20.71778],[-101.54153,20.73156],[-101.53199,20.74744],[-101.50819,20.75966],[-101.50547,20.77045],[-101.49549,20.77948],[-101.45264,20.79449],[-101.45548,20.79998],[-101.42326,20.80261],[-101.41059,20.80067],[-101.40857,20.8438],[-101.37107,20.8409],[-101.37069,20.84645],[-101.3664,20.84615],[-101.36294,20.84035],[-101.31764,20.83487],[-101.31805,20.83101],[-101.30249,20.82822],[-101.29998,20.82832],[-101.29971,20.83692],[-101.29577,20.83715],[-101.27635,20.83649],[-101.25295,20.82844],[-101.25149,20.841],[-101.23959,20.82781],[-101.21869,20.82446],[-101.20791,20.83047],[-101.20927,20.83315],[-101.14148,20.84828]]]}},{"type":"Feature","properties":{"code":"11037","stateCode":"11","municipalityCode":"037","name":"Silao de la Victoria"},"geometry":{"type":"Polygon","coordinates":[[[-101.47051,21.15246],[-101.45248,21.15141],[-101.45159,21.14856],[-101.44441,21.14679],[-101.44253,21.13876],[-101.43978,21.14065],[-101.43478,21.13729],[-101.43624,21.13195],[-101.4294,21.12454],[-101.43633,21.09895],[-101.42453,21.09441],[-101.42273,21.09809],[-101.41574,21.09664],[-101.40703,21.10379],[-101.40357,21.10195],[-101.4056,21.10075],[-101.40138,21.09868],[-101.40481,21.09531],[-101.3999,21.08755],[-101.40483,21.0861],[-101.40202,21.07159],[-101.374,21.05407],[-101.36789,21.04538],[-101.3486,21.03288],[-101.35468,21.01939],[-101.36122,21.01518],[-101.34712,21.00679],[-101.34831,21.00153],[-101.33258,20.99304],[-101.3354,20.99078],[-101.33962,20.95251],[-101.35841,20.95434],[-101.36168,20.94939],[-101.35067,20.94503],[-101.35133,20.94307],[-101.34015,20.94485],[-101.34271,20.92769],[-101.35089,20.92741],[-101.34672,20.91766],[-101.34345,20.9174],[-101.34317,20.92311],[-101.32562,20.92223],[-101.32798,20.91691],[-101.32269,20.91639],[-101.32186,20.91067],[-101.32678,20.9107],[-101.33114,20.90451],[-101.32412,20.90251],[-101.32571,20.89614],[-101.31783,20.89504],[-101.31842,20.88401],[-101.32163,20.88448],[-101.33082,20.8714],[-101.33942,20.87014],[-101.34977,20.86117],[-101.35303,20.84471],[-101.35882,20.84],[-101.36294,20.84035],[-101.3664,20.84615],[-101.37069,20.84645],[-101.37107,20.8409],[-101.40857,20.8438],[-101.41059,20.80067],[-101.42326,20.80261],[-101.45548,20.79998],[-101.46009,20.80586],[-101.46435,20.82462],[-101.45989,20.84746],[-101.50443,20.85139],[-101.50159,20.85987],[-101.50772,20.8619],[-101.50853,20.86695],[-101.49791,20.86694],[-101.49769,20.89099],[-101.50021,20.90933],[-101.50773,20.91355],[-101.49998,20.91296],[-101.49878,20.91604],[-101.51961,20.91781],[-101.51917,20.93918],[-101.54919,20.94507],[-101.54877,20.94876],[-101.55282,20.95172],[-101.55173,20.95798],[-101.55972,20.95742],[-101.56064,20.95],[-101.5641,20.95043],[-101.56388,20.95791],[-101.5686,20.96167],[-101.56342,20.96358],[-101.56207,20.979],[-101.58178,20.97693],[-101.5777,21.00203],[-101.57052,21.0011],[-101.56808,21.00557],[-101.56785,21.01052],[-101.57789,21.01177],[-101.56968,21.01958],[-101.57616,21.02156],[-101.57311,21.02954],[-101.54659,21.02423],[-101.54548,21.01404],[-101.53523,21.01639],[-101.53613,21.01879],[-101.49937,21.0105],[-101.49732,21.02732],[-101.4858,21.02639],[-101.48386,21.04413],[-101.48847,21.04439],[-101.48317,21.10762],[-101.47051,21.15246]]]}},{"type":"Feature","properties":{"code":"11010","stateCode":"11","municipalityCode":"010","name":"Coroneo"},"geometry":{"type":"Polygon","coordinates":[[[-100.38605,20.30649],[-100.37919,20.30193],[-100.36946,20.30252],[-100.34813,20.28658],[-100.34409,20.27294],[-100.33911,20.27184],[-100.33423,20.26537],[-100.33107,20.26676],[-100.32576,20.26102],[-100.3273,20.25773],[-100.32356,20.25193],[-100.33281,20.24265],[-100.3415,20.23911],[-100.34352,20.22896],[-100.35524,20.21902],[-100.35234,20.20046],[-100.34597,20.20098],[-100.34031,20.18974],[-100.35584,20.18239],[-100.35389,20.17952],[-100.36113,20.17256],[-100.35892,20.16722],[-100.36988,20.14667],[-100.37089,20.13619],[-100.38312,20.12939],[-100.38118,20.14223],[-100.38447,20.14017],[-100.38877,20.14326],[-100.39274,20.14081],[-100.39361,20.1328],[-100.40123,20.12649],[-100.42145,20.14007],[-100.4235,20.14956],[-100.40367,20.15027],[-100.40163,20.16101],[-100.39514,20.1612],[-100.39452,20.16959],[-100.40046,20.17965],[-100.40369,20.18049],[-100.41347,20.17118],[-100.41801,20.17545],[-100.41965,20.173],[-100.44943,20.17548],[-100.44585,20.17859],[-100.4462,20.18765],[-100.42946,20.18996],[-100.43122,20.20352],[-100.42896,20.20622],[-100.43269,20.20493],[-100.43478,20.21745],[-100.43004,20.21797],[-100.43047,20.22244],[-100.41934,20.22959],[-100.41517,20.23727],[-100.4092,20.25617],[-100.40934,20.27162],[-100.40403,20.27304],[-100.40816,20.27737],[-100.39545,20.28645],[-100.37994,20.28787],[-100.37463,20.28186],[-100.36167,20.28576],[-100.37359,20.296],[-100.37943,20.29491],[-100.38921,20.29949],[-100.3909,20.3014],[-100.38605,20.30649]]]}},{"type":"Feature","properties":{"code":"11031","stateCode":"11","municipalityCode":"031","name":"San Francisco del Rincón"},"geometry":{"type":"Polygon","coordinates":[[[-101.83535,21.05535],[-101.82919,21.05279],[-101.82903,21.0461],[-101.81886,21.0451],[-101.82104,21.03585],[-101.78544,21.04892],[-101.77988,21.04252],[-101.78264,21.03236],[-101.77956,21.02659],[-101.78383,21.01625],[-101.73033,21.00517],[-101.73837,20.98182],[-101.71081,20.983],[-101.70989,20.99179],[-101.69993,20.99216],[-101.70176,20.9977],[-101.66837,20.99421],[-101.67142,20.95104],[-101.7128,20.95454],[-101.71769,20.91563],[-101.72224,20.91003],[-101.70019,20.90517],[-101.69701,20.89405],[-101.70866,20.81057],[-101.70328,20.81],[-101.70478,20.80407],[-101.71724,20.80284],[-101.72321,20.79558],[-101.74531,20.79386],[-101.76436,20.79677],[-101.80983,20.82424],[-101.80453,20.83413],[-101.80802,20.83632],[-101.84573,20.83615],[-101.8468,20.83973],[-101.84808,20.83759],[-101.85272,20.84052],[-101.8551,20.83623],[-101.85248,20.83189],[-101.85641,20.82686],[-101.86189,20.83617],[-101.86109,20.84633],[-101.90302,20.82625],[-101.8854,20.87329],[-101.88665,20.90398],[-101.86406,20.96758],[-101.86037,20.97066],[-101.86295,20.98195],[-101.85933,20.98501],[-101.85654,20.99702],[-101.87206,21.00306],[-101.87447,21.00977],[-101.87352,21.02049],[-101.8695,21.01995],[-101.86949,21.03821],[-101.86489,21.04053],[-101.85525,21.03803],[-101.84415,21.03991],[-101.84248,21.04549],[-101.83909,21.04446],[-101.83585,21.04782],[-101.83535,21.05535]]]}},{"type":"Feature","properties":{"code":"11015","stateCode":"11","municipalityCode":"015","name":"Guanajuato"},"geometry":{"type":"Polygon","coordinates":[[[-101.21436,21.22802],[-101.20079,21.20472],[-101.17317,21.21142],[-101.17106,21.20043],[-101.17641,21.19973],[-101.17122,21.18683],[-101.15277,21.18819],[-101.15269,21.17381],[-101.14063,21.17401],[-101.14735,21.15855],[-101.14045,21.15733],[-101.13915,21.1536],[-101.13064,21.15705],[-101.12133,21.15537],[-101.11381,21.14618],[-101.10892,21.14847],[-101.10641,21.14604],[-101.11035,21.13273],[-101.10882,21.12876],[-101.11787,21.12599],[-101.11972,21.12266],[-101.12127,21.11731],[-101.11816,21.11358],[-101.12585,21.1031],[-101.124,21.09451],[-101.13075,21.08887],[-101.12655,21.08662],[-101.12999,21.08102],[-101.13591,21.08122],[-101.13779,21.07823],[-101.12785,21.07197],[-101.1269,21.06696],[-101.12091,21.06282],[-101.12357,21.06158],[-101.12268,21.05363],[-101.14599,21.04555],[-101.13958,21.03072],[-101.13182,21.02185],[-101.13561,21.01553],[-101.12682,21.00759],[-101.12073,21.01191],[-101.10783,21.01346],[-101.08275,21.00476],[-101.08169,20.99795],[-101.08458,20.99835],[-101.08446,20.99469],[-101.07981,20.994],[-101.07761,20.98999],[-101.06616,20.98839],[-101.06889,20.98738],[-101.0672,20.98519],[-101.05716,20.97933],[-101.07391,20.96293],[-101.11285,20.95345],[-101.109,20.94175],[-101.12253,20.93908],[-101.12262,20.93221],[-101.10456,20.93153],[-101.10707,20.92869],[-101.09607,20.90982],[-101.10031,20.91046],[-101.09949,20.90791],[-101.09113,20.90603],[-101.09728,20.89922],[-101.08791,20.87338],[-101.09224,20.86945],[-101.08896,20.86509],[-101.10384,20.86689],[-101.12066,20.86446],[-101.14136,20.84782],[-101.20927,20.83315],[-101.20791,20.83047],[-101.21434,20.82479],[-101.23959,20.82781],[-101.25149,20.841],[-101.25295,20.82844],[-101.27635,20.83649],[-101.29577,20.83715],[-101.29971,20.83692],[-101.29998,20.82832],[-101.30249,20.82822],[-101.31805,20.83101],[-101.31764,20.83487],[-101.35882,20.84],[-101.35303,20.84471],[-101.34977,20.86117],[-101.33942,20.87014],[-101.33082,20.8714],[-101.32163,20.88448],[-101.31842,20.88401],[-101.31783,20.89504],[-101.32571,20.89614],[-101.32412,20.90251],[-101.33114,20.90451],[-101.32678,20.9107],[-101.32186,20.91067],[-101.32269,20.91639],[-101.32798,20.91691],[-101.32562,20.92223],[-101.34317,20.92311],[-101.34345,20.9174],[-101.34672,20.91766],[-101.35089,20.92741],[-101.34271,20.92769],[-101.34015,20.94485],[-101.35133,20.94307],[-101.35067,20.94503],[-101.36168,20.94939],[-101.35841,20.95434],[-101.33962,20.95251],[-101.3354,20.99078],[-101.33258,20.99304],[-101.34831,21.00153],[-101.34712,21.00679],[-101.36122,21.01518],[-101.35468,21.01939],[-101.3486,21.03288],[-101.36789,21.04538],[-101.374,21.05407],[-101.40202,21.07159],[-101.40483,21.0861],[-101.3999,21.08755],[-101.40481,21.09531],[-101.40138,21.09868],[-101.4056,21.10075],[-101.40357,21.10195],[-101.40703,21.10379],[-101.41574,21.09664],[-101.42273,21.09809],[-101.42453,21.09441],[-101.43633,21.09895],[-101.4294,21.12454],[-101.43624,21.13195],[-101.43565,21.13521],[-101.43216,21.13951],[-101.42463,21.13613],[-101.42142,21.1301],[-101.4116,21.13617],[-101.40063,21.12855],[-101.39792,21.13191],[-101.39477,21.12892],[-101.39315,21.13255],[-101.38877,21.1324],[-101.38783,21.13836],[-101.38219,21.13624],[-101.37658,21.13951],[-101.37704,21.14247],[-101.37342,21.14043],[-101.37238,21.14376],[-101.36288,21.14028],[-101.35894,21.14587],[-101.34411,21.14981],[-101.33306,21.14584],[-101.33224,21.15026],[-101.32294,21.15734],[-101.32955,21.15811],[-101.31909,21.15913],[-101.31911,21.18122],[-101.30348,21.18132],[-101.31387,21.19063],[-101.3034,21.18819],[-101.29738,21.19046],[-101.2986,21.1988],[-101.29573,21.20281],[-101.22286,21.20857],[-101.21436,21.22802]]]}},{"type":"Feature","properties":{"code":"11034","stateCode":"11","municipalityCode":"034","name":"Santa Catarina"},"geometry":{"type":"Polygon","coordinates":[[[-100.09777,21.2354],[-100.0961,21.22979],[-100.08774,21.23214],[-100.08311,21.22881],[-100.07228,21.22942],[-100.06956,21.21857],[-100.06353,21.21101],[-100.05332,21.20973],[-100.04899,21.21425],[-100.04114,21.21282],[-100.04025,21.21582],[-100.02942,21.20701],[-100.02307,21.19274],[-100.00122,21.18852],[-99.99642,21.18259],[-100.00411,21.17366],[-100.00239,21.1687],[-100.00591,21.16111],[-100.00299,21.15742],[-100.0071,21.15668],[-100.01677,21.12303],[-100.02754,21.10025],[-100.02188,21.10008],[-100.02332,21.07805],[-100.02642,21.07356],[-100.02031,21.064],[-100.01977,21.05513],[-100.0147,21.05097],[-100.01766,21.04764],[-100.03456,21.05211],[-100.04338,21.04672],[-100.05185,21.05367],[-100.05465,21.05021],[-100.06324,21.05485],[-100.06446,21.06061],[-100.0744,21.05862],[-100.0802,21.07048],[-100.07674,21.07263],[-100.07657,21.07729],[-100.06997,21.07658],[-100.06793,21.08018],[-100.07112,21.09104],[-100.11024,21.10701],[-100.11177,21.10933],[-100.10433,21.1135],[-100.10806,21.11264],[-100.10784,21.12658],[-100.12726,21.13096],[-100.1307,21.14411],[-100.14122,21.14089],[-100.14754,21.14418],[-100.14787,21.15252],[-100.15213,21.15511],[-100.15378,21.16203],[-100.1468,21.1641],[-100.15095,21.18543],[-100.14065,21.18426],[-100.14203,21.18735],[-100.13783,21.18962],[-100.14062,21.19545],[-100.13773,21.19661],[-100.14085,21.19976],[-100.13749,21.20032],[-100.13768,21.20648],[-100.13028,21.20802],[-100.13026,21.21554],[-100.12177,21.21903],[-100.12511,21.22403],[-100.11876,21.22895],[-100.11225,21.2275],[-100.09777,21.2354]]]}},{"type":"Feature","properties":{"code":"11036","stateCode":"11","municipalityCode":"036","name":"Santiago Maravatío"},"geometry":{"type":"Polygon","coordinates":[[[-101.02064,20.21041],[-100.99306,20.208],[-100.99342,20.20539],[-100.96889,20.20187],[-100.96884,20.19848],[-100.958,20.19784],[-100.94157,20.18707],[-100.94014,20.16668],[-100.92926,20.15747],[-100.92871,20.15106],[-100.94535,20.15341],[-100.94337,20.12623],[-100.94717,20.12579],[-100.94748,20.13348],[-100.95046,20.13398],[-100.95863,20.13383],[-100.96193,20.1291],[-100.97882,20.13182],[-100.97875,20.11824],[-100.9939,20.12055],[-101.00036,20.10945],[-101.00947,20.10404],[-101.01927,20.10603],[-101.01994,20.11482],[-101.01504,20.11589],[-101.01207,20.12383],[-101.01747,20.12423],[-101.01938,20.12138],[-101.0241,20.12441],[-101.02732,20.11874],[-101.03209,20.12024],[-101.03451,20.11755],[-101.04702,20.12384],[-101.04758,20.13063],[-101.05296,20.12996],[-101.0543,20.14193],[-101.03729,20.14676],[-101.03493,20.15653],[-101.02366,20.15596],[-101.0237,20.16715],[-101.01006,20.18497],[-101.0201,20.20013],[-101.02064,20.21041]]]}},{"type":"Feature","properties":{"code":"11030","stateCode":"11","municipalityCode":"030","name":"San Felipe"},"geometry":{"type":"Polygon","coordinates":[[[-101.36146,21.83912],[-101.31948,21.83533],[-101.28969,21.81214],[-101.28153,21.82147],[-101.26231,21.82344],[-101.21715,21.81608],[-101.21979,21.8022],[-101.16127,21.75751],[-101.13614,21.75323],[-101.05925,21.76552],[-101.00517,21.75723],[-101.00612,21.75191],[-101.0023,21.75082],[-101.00003,21.75641],[-100.98197,21.75353],[-100.97114,21.7449],[-100.96555,21.73493],[-100.9435,21.73262],[-100.93805,21.72053],[-100.91258,21.71365],[-100.92127,21.70027],[-100.90839,21.69166],[-100.90718,21.68164],[-100.87011,21.67249],[-100.86515,21.68708],[-100.85217,21.67335],[-100.83432,21.66456],[-100.87257,21.59433],[-100.93008,21.59869],[-100.9339,21.56185],[-100.98338,21.53744],[-101.00433,21.53963],[-101.0092,21.49372],[-101.02611,21.4888],[-101.01887,21.48071],[-101.0304,21.47484],[-101.03955,21.44547],[-101.03041,21.4417],[-101.0237,21.42153],[-101.02589,21.40216],[-101.04139,21.36557],[-101.03777,21.355],[-101.04059,21.34781],[-101.03913,21.33076],[-101.04052,21.32602],[-101.04777,21.32479],[-101.05118,21.28859],[-101.07185,21.27785],[-101.08705,21.28047],[-101.08193,21.3127],[-101.09804,21.31838],[-101.11147,21.2981],[-101.10931,21.29361],[-101.10294,21.29372],[-101.10021,21.28661],[-101.10537,21.27398],[-101.10568,21.25787],[-101.15197,21.23874],[-101.19117,21.23066],[-101.20388,21.20764],[-101.21436,21.22802],[-101.22286,21.20857],[-101.29573,21.20281],[-101.2986,21.1988],[-101.29738,21.19046],[-101.3034,21.18819],[-101.31387,21.19063],[-101.30348,21.18132],[-101.31911,21.18122],[-101.31909,21.15913],[-101.32955,21.15811],[-101.32294,21.15734],[-101.33224,21.15026],[-101.33306,21.14584],[-101.34678,21.14939],[-101.35894,21.14587],[-101.36288,21.14028],[-101.37238,21.14376],[-101.37342,21.14043],[-101.37704,21.14247],[-101.37834,21.13815],[-101.38568,21.13629],[-101.38757,21.14743],[-101.38397,21.15027],[-101.38826,21.15373],[-101.37225,21.17703],[-101.38599,21.18877],[-101.38354,21.19094],[-101.39116,21.21287],[-101.40971,21.21681],[-101.41254,21.22708],[-101.42696,21.22781],[-101.43322,21.24391],[-101.44312,21.25402],[-101.45479,21.25174],[-101.46797,21.25899],[-101.48821,21.25101],[-101.49838,21.25511],[-101.50565,21.24462],[-101.50008,21.24372],[-101.50295,21.24004],[-101.50155,21.23314],[-101.51125,21.22672],[-101.52033,21.23022],[-101.5233,21.24552],[-101.52774,21.24543],[-101.52821,21.25545],[-101.5374,21.25712],[-101.53731,21.27248],[-101.5478,21.27164],[-101.55774,21.27594],[-101.56261,21.28301],[-101.57685,21.28774],[-101.58601,21.29724],[-101.58687,21.3105],[-101.6126,21.31487],[-101.61624,21.32441],[-101.63684,21.32577],[-101.64398,21.33017],[-101.64589,21.32833],[-101.64284,21.35511],[-101.65159,21.36527],[-101.65161,21.36965],[-101.67976,21.39026],[-101.67038,21.40235],[-101.65852,21.4068],[-101.63841,21.41],[-101.63094,21.40731],[-101.61882,21.41539],[-101.60663,21.41497],[-101.59756,21.42098],[-101.58551,21.41542],[-101.56903,21.41876],[-101.5621,21.42562],[-101.55391,21.42298],[-101.55162,21.42615],[-101.52658,21.43195],[-101.52259,21.4199],[-101.52974,21.40813],[-101.53094,21.39391],[-101.51817,21.39804],[-101.50837,21.39474],[-101.51464,21.39146],[-101.5096,21.38198],[-101.50144,21.37819],[-101.48217,21.38666],[-101.4804,21.38394],[-101.47739,21.38504],[-101.47883,21.38824],[-101.46937,21.39225],[-101.46863,21.38992],[-101.4628,21.39659],[-101.45414,21.39656],[-101.44446,21.41026],[-101.4337,21.41844],[-101.40732,21.40971],[-101.4042,21.4208],[-101.39039,21.40536],[-101.3801,21.40668],[-101.37115,21.39746],[-101.32872,21.4097],[-101.3331,21.44784],[-101.33915,21.46367],[-101.32504,21.48804],[-101.32017,21.48134],[-101.31664,21.50718],[-101.28528,21.52428],[-101.29262,21.53277],[-101.29068,21.53721],[-101.29514,21.54105],[-101.29968,21.53632],[-101.3076,21.53763],[-101.30669,21.54364],[-101.31194,21.54904],[-101.32268,21.55175],[-101.32021,21.55518],[-101.34854,21.55961],[-101.35383,21.56556],[-101.35795,21.56034],[-101.36353,21.5614],[-101.36209,21.57074],[-101.36939,21.57189],[-101.36342,21.5963],[-101.3576,21.5962],[-101.3382,21.67777],[-101.43843,21.66657],[-101.44275,21.69054],[-101.44337,21.73587],[-101.43227,21.73577],[-101.43206,21.74432],[-101.42023,21.74428],[-101.41697,21.74778],[-101.41677,21.75354],[-101.42653,21.75494],[-101.42611,21.76483],[-101.42273,21.76458],[-101.42251,21.76882],[-101.42939,21.76717],[-101.42907,21.77339],[-101.42437,21.77318],[-101.42277,21.82494],[-101.407,21.83146],[-101.36146,21.83912]]]}},{"type":"Feature","properties":{"code":"11026","stateCode":"11","municipalityCode":"026","name":"Romita"},"geometry":{"type":"Polygon","coordinates":[[[-101.56069,20.94429],[-101.51917,20.93918],[-101.51961,20.91781],[-101.49878,20.91604],[-101.49998,20.91296],[-101.50773,20.91355],[-101.50021,20.90933],[-101.49769,20.89099],[-101.49791,20.86694],[-101.50853,20.86695],[-101.50772,20.8619],[-101.50159,20.85987],[-101.50443,20.85139],[-101.45989,20.84746],[-101.46403,20.82183],[-101.46009,20.80586],[-101.45264,20.79449],[-101.49549,20.77948],[-101.50547,20.77045],[-101.50819,20.75966],[-101.52667,20.74889],[-101.55755,20.75986],[-101.55734,20.74281],[-101.56704,20.74081],[-101.57054,20.75377],[-101.58929,20.75468],[-101.59295,20.76178],[-101.58702,20.7637],[-101.59446,20.77452],[-101.60217,20.77648],[-101.63377,20.76204],[-101.64476,20.74758],[-101.63758,20.72258],[-101.62363,20.72116],[-101.62598,20.70943],[-101.63557,20.71012],[-101.63715,20.69461],[-101.64651,20.68743],[-101.65573,20.6915],[-101.66722,20.69027],[-101.68951,20.69377],[-101.69069,20.70994],[-101.69513,20.7151],[-101.69331,20.71754],[-101.69935,20.72144],[-101.70148,20.72773],[-101.69381,20.7386],[-101.69659,20.74298],[-101.69436,20.74901],[-101.6888,20.75235],[-101.68846,20.76866],[-101.67811,20.77093],[-101.68259,20.78928],[-101.68775,20.78924],[-101.69412,20.784],[-101.71867,20.78843],[-101.72379,20.78462],[-101.72879,20.78608],[-101.7326,20.77901],[-101.74254,20.77938],[-101.74796,20.78424],[-101.74057,20.7931],[-101.72321,20.79558],[-101.71724,20.80284],[-101.70469,20.80417],[-101.70328,20.81],[-101.70866,20.81057],[-101.69701,20.89405],[-101.68854,20.89302],[-101.69595,20.87495],[-101.68945,20.8646],[-101.6758,20.88465],[-101.66909,20.8862],[-101.66942,20.88251],[-101.66522,20.88209],[-101.67006,20.89076],[-101.6641,20.89841],[-101.64662,20.89147],[-101.64137,20.92906],[-101.59513,20.92542],[-101.59365,20.9377],[-101.58873,20.93846],[-101.58947,20.92421],[-101.5803,20.92185],[-101.58622,20.90828],[-101.56748,20.90522],[-101.56069,20.94429]]]}},{"type":"Feature","properties":{"code":"11009","stateCode":"11","municipalityCode":"009","name":"Comonfort"},"geometry":{"type":"Polygon","coordinates":[[[-100.71768,20.83108],[-100.70507,20.82744],[-100.69563,20.8195],[-100.67885,20.80271],[-100.67449,20.79397],[-100.66099,20.79668],[-100.652,20.79295],[-100.64766,20.795],[-100.63183,20.7923],[-100.63385,20.76985],[-100.61551,20.763],[-100.62575,20.74709],[-100.63159,20.74963],[-100.63526,20.74767],[-100.6283,20.74293],[-100.62194,20.74383],[-100.61807,20.72598],[-100.62275,20.72198],[-100.61856,20.71609],[-100.61617,20.69944],[-100.62076,20.69362],[-100.62581,20.69522],[-100.63166,20.68908],[-100.62659,20.67937],[-100.63443,20.67886],[-100.63488,20.66677],[-100.64604,20.66704],[-100.65252,20.67118],[-100.66685,20.68864],[-100.67695,20.68368],[-100.68079,20.68806],[-100.69508,20.68253],[-100.72235,20.67978],[-100.74113,20.66218],[-100.73811,20.65786],[-100.74228,20.65405],[-100.75822,20.64834],[-100.76214,20.64978],[-100.76666,20.64302],[-100.76702,20.65009],[-100.77479,20.66171],[-100.7689,20.6709],[-100.77798,20.67127],[-100.77883,20.67702],[-100.79024,20.67685],[-100.7934,20.6815],[-100.80933,20.68825],[-100.8099,20.68532],[-100.81249,20.68643],[-100.81287,20.67339],[-100.82337,20.66437],[-100.85139,20.66669],[-100.86058,20.66115],[-100.8518,20.68163],[-100.85418,20.68344],[-100.88442,20.6982],[-100.91213,20.69069],[-100.91853,20.69683],[-100.92755,20.69548],[-100.92627,20.70104],[-100.92889,20.7028],[-100.93311,20.70092],[-100.93194,20.69826],[-100.93395,20.69796],[-100.93294,20.70203],[-100.94094,20.70051],[-100.94018,20.69905],[-100.94124,20.69698],[-100.94432,20.69658],[-100.94616,20.70083],[-100.95678,20.69755],[-100.96509,20.73473],[-100.96678,20.73207],[-100.9735,20.73257],[-100.97437,20.73994],[-100.98001,20.73068],[-100.982,20.74868],[-100.97685,20.75078],[-100.97502,20.74725],[-100.97186,20.7479],[-100.9734,20.75815],[-100.96956,20.7678],[-100.97158,20.77722],[-100.96714,20.77998],[-100.97384,20.79386],[-100.98895,20.78871],[-100.99285,20.7995],[-100.9902,20.79786],[-100.99054,20.80599],[-100.98801,20.80695],[-100.99112,20.80798],[-100.98618,20.80771],[-100.98861,20.81141],[-100.97471,20.81426],[-100.96059,20.80211],[-100.952,20.79898],[-100.93253,20.79964],[-100.91378,20.80807],[-100.91089,20.80048],[-100.90021,20.80401],[-100.88968,20.79347],[-100.86953,20.79933],[-100.84764,20.7969],[-100.82412,20.80591],[-100.81557,20.80326],[-100.81266,20.7967],[-100.80965,20.79815],[-100.81316,20.80537],[-100.80719,20.80871],[-100.80326,20.80753],[-100.80408,20.7992],[-100.80095,20.79272],[-100.80034,20.79463],[-100.79405,20.78548],[-100.78712,20.78213],[-100.77665,20.78756],[-100.77269,20.79447],[-100.74136,20.80789],[-100.72829,20.81982],[-100.72757,20.82597],[-100.71768,20.83108]]]}},{"type":"Feature","properties":{"code":"11016","stateCode":"11","municipalityCode":"016","name":"Huanímaro"},"geometry":{"type":"Polygon","coordinates":[[[-101.45778,20.418],[-101.4408,20.41094],[-101.44223,20.40845],[-101.4121,20.3857],[-101.41891,20.37576],[-101.4267,20.38055],[-101.42899,20.3789],[-101.43415,20.35905],[-101.43716,20.35509],[-101.44283,20.35636],[-101.44107,20.34036],[-101.44623,20.33185],[-101.45469,20.33283],[-101.46013,20.32347],[-101.46491,20.32901],[-101.47924,20.33057],[-101.49324,20.31401],[-101.50018,20.3117],[-101.5045,20.31895],[-101.50143,20.32091],[-101.50288,20.32488],[-101.51418,20.31791],[-101.52398,20.32107],[-101.52294,20.33235],[-101.52939,20.33259],[-101.53781,20.32438],[-101.54195,20.32947],[-101.55327,20.33252],[-101.56402,20.32013],[-101.56242,20.32549],[-101.5668,20.32912],[-101.56994,20.36343],[-101.57488,20.36325],[-101.57676,20.36797],[-101.57748,20.3826],[-101.57287,20.39455],[-101.56749,20.39177],[-101.56467,20.39561],[-101.5597,20.39407],[-101.55607,20.40174],[-101.52662,20.39617],[-101.52388,20.40227],[-101.51285,20.39782],[-101.51326,20.40148],[-101.50845,20.4065],[-101.4915,20.40519],[-101.48632,20.41491],[-101.48243,20.41037],[-101.46654,20.41108],[-101.45778,20.418]]]}},{"type":"Feature","properties":{"code":"11024","stateCode":"11","municipalityCode":"024","name":"Pueblo Nuevo"},"geometry":{"type":"Polygon","coordinates":[[[-101.35433,20.5942],[-101.34644,20.59259],[-101.34886,20.58174],[-101.34543,20.58067],[-101.34291,20.57265],[-101.32279,20.58045],[-101.3029,20.58001],[-101.30013,20.56121],[-101.30512,20.56143],[-101.30621,20.55116],[-101.31306,20.54856],[-101.31382,20.53645],[-101.32147,20.53507],[-101.34014,20.54715],[-101.34094,20.53625],[-101.35142,20.53668],[-101.36656,20.52678],[-101.37008,20.51173],[-101.36704,20.50424],[-101.39793,20.50344],[-101.40287,20.53272],[-101.40157,20.54376],[-101.41729,20.54533],[-101.41866,20.54932],[-101.40663,20.56081],[-101.40006,20.56151],[-101.3838,20.5712],[-101.37633,20.56995],[-101.37344,20.58221],[-101.35963,20.58235],[-101.35433,20.5942]]]}},{"type":"Feature","properties":{"code":"11029","stateCode":"11","municipalityCode":"029","name":"San Diego de la Unión"},"geometry":{"type":"Polygon","coordinates":[[[-100.85761,21.61896],[-100.81458,21.60138],[-100.8095,21.59205],[-100.79231,21.59483],[-100.7733,21.58812],[-100.773,21.59536],[-100.76872,21.59405],[-100.76235,21.58529],[-100.75134,21.5806],[-100.73014,21.53554],[-100.70283,21.54613],[-100.69428,21.53482],[-100.71253,21.52994],[-100.71794,21.52458],[-100.72789,21.5233],[-100.72745,21.52063],[-100.7344,21.52177],[-100.7426,21.51696],[-100.74171,21.51115],[-100.70087,21.51676],[-100.70393,21.4826],[-100.69953,21.47681],[-100.70491,21.45738],[-100.68975,21.42793],[-100.69587,21.4238],[-100.68315,21.40698],[-100.67799,21.39347],[-100.64116,21.40156],[-100.62663,21.39305],[-100.62283,21.3951],[-100.62301,21.39949],[-100.61255,21.39825],[-100.60603,21.40221],[-100.60544,21.39646],[-100.59839,21.3914],[-100.60443,21.37187],[-100.59941,21.37102],[-100.60402,21.35898],[-100.6104,21.35379],[-100.60233,21.34969],[-100.60787,21.33429],[-100.63247,21.35044],[-100.63425,21.34465],[-100.64319,21.33625],[-100.68638,21.37092],[-100.69387,21.3698],[-100.69752,21.36478],[-100.69471,21.3528],[-100.68331,21.35293],[-100.69563,21.35101],[-100.69555,21.34206],[-100.68479,21.33992],[-100.6855,21.33736],[-100.69185,21.33854],[-100.6931,21.33555],[-100.68119,21.33077],[-100.67783,21.32374],[-100.67109,21.32254],[-100.67688,21.32173],[-100.67212,21.31188],[-100.70175,21.30909],[-100.70059,21.3063],[-100.72949,21.2943],[-100.73864,21.30105],[-100.73962,21.31177],[-100.743,21.31574],[-100.74859,21.31899],[-100.75831,21.31846],[-100.76116,21.32152],[-100.76644,21.31998],[-100.76801,21.32613],[-100.75927,21.33201],[-100.76912,21.33602],[-100.79831,21.3165],[-100.79681,21.32203],[-100.80037,21.32511],[-100.80377,21.32592],[-100.80661,21.31938],[-100.813,21.31984],[-100.81807,21.32579],[-100.82269,21.3214],[-100.81845,21.31744],[-100.82436,21.31499],[-100.83014,21.31788],[-100.8296,21.3239],[-100.8386,21.32786],[-100.85159,21.32086],[-100.85715,21.3271],[-100.85867,21.33436],[-100.87303,21.33137],[-100.87252,21.3244],[-100.89979,21.32406],[-100.90337,21.34183],[-100.92342,21.34118],[-100.92534,21.33077],[-100.91668,21.31734],[-100.94625,21.30534],[-100.95977,21.30597],[-100.97631,21.3148],[-100.97492,21.31839],[-100.99811,21.35006],[-101.00934,21.34307],[-101.00357,21.33307],[-101.01893,21.32852],[-101.01749,21.32095],[-101.04052,21.32602],[-101.04059,21.34781],[-101.03777,21.355],[-101.04139,21.36557],[-101.02589,21.40216],[-101.0237,21.42153],[-101.03041,21.4417],[-101.03955,21.44547],[-101.0304,21.47484],[-101.01887,21.48071],[-101.02611,21.4888],[-101.0092,21.49372],[-101.00433,21.53963],[-100.98338,21.53744],[-100.9339,21.56185],[-100.93008,21.59869],[-100.87257,21.59433],[-100.85761,21.61896]]]}},{"type":"Feature","properties":{"code":"11011","stateCode":"11","municipalityCode":"011","name":"Cortazar"},"geometry":{"type":"Polygon","coordinates":[[[-100.90907,20.51549],[-100.90747,20.50221],[-100.90381,20.50301],[-100.902,20.49613],[-100.89345,20.49531],[-100.8915,20.49977],[-100.87982,20.49582],[-100.88032,20.49317],[-100.86637,20.49152],[-100.84532,20.48225],[-100.85196,20.4391],[-100.82667,20.43146],[-100.84441,20.39181],[-100.82361,20.37515],[-100.8276,20.35282],[-100.88016,20.35499],[-100.88223,20.38116],[-100.89876,20.37855],[-100.91042,20.34134],[-100.96886,20.33885],[-100.98425,20.32836],[-100.98746,20.33161],[-100.9774,20.33531],[-100.9799,20.34883],[-100.98697,20.34842],[-100.9872,20.3525],[-100.99884,20.3657],[-101.00482,20.36435],[-101.01063,20.35821],[-101.01661,20.36969],[-101.02116,20.36913],[-101.01208,20.38706],[-101.01125,20.4069],[-101.01903,20.40738],[-101.01986,20.39974],[-101.02826,20.40807],[-101.03347,20.43487],[-101.04298,20.44133],[-101.04393,20.45752],[-101.04614,20.4576],[-101.04417,20.46249],[-101.04741,20.46275],[-101.04413,20.46489],[-101.03891,20.5098],[-101.03244,20.5076],[-101.01756,20.50953],[-101.01326,20.50627],[-100.99613,20.50787],[-100.99323,20.50458],[-100.97962,20.50396],[-100.969,20.49804],[-100.95954,20.51201],[-100.90907,20.51549]]]}},{"type":"Feature","properties":{"code":"11027","stateCode":"11","municipalityCode":"027","name":"Salamanca"},"geometry":{"type":"Polygon","coordinates":[[[-101.12129,20.86417],[-101.0876,20.8658],[-101.08668,20.86005],[-101.08069,20.85806],[-101.07212,20.84308],[-101.07266,20.82227],[-101.06705,20.81406],[-101.06837,20.80423],[-101.07263,20.80099],[-101.08056,20.80163],[-101.08084,20.79635],[-101.08515,20.79706],[-101.09324,20.78761],[-101.08663,20.78763],[-101.09798,20.77154],[-101.09693,20.76166],[-101.10867,20.7628],[-101.10971,20.75499],[-101.1205,20.75763],[-101.11818,20.74831],[-101.11134,20.74215],[-101.10275,20.74262],[-101.1003,20.73484],[-101.10565,20.73176],[-101.09993,20.7298],[-101.10057,20.72206],[-101.11036,20.71522],[-101.11221,20.71021],[-101.09006,20.70896],[-101.09249,20.70319],[-101.09017,20.69963],[-101.07414,20.70144],[-101.06449,20.68892],[-101.06425,20.67606],[-101.0381,20.67493],[-101.03307,20.66792],[-101.0793,20.67147],[-101.07505,20.66143],[-101.05394,20.66347],[-101.05239,20.65976],[-101.07,20.65454],[-101.0647,20.64039],[-101.08076,20.63915],[-101.08016,20.63414],[-101.08587,20.63284],[-101.08333,20.62096],[-101.07048,20.61963],[-101.06644,20.59944],[-101.07107,20.59827],[-101.06757,20.59164],[-101.07027,20.58867],[-101.06786,20.5886],[-101.06285,20.56324],[-101.09165,20.56566],[-101.10401,20.57718],[-101.10901,20.57646],[-101.11188,20.56246],[-101.08356,20.56119],[-101.07765,20.55125],[-101.07828,20.54137],[-101.08375,20.54202],[-101.08572,20.52225],[-101.07275,20.52365],[-101.07102,20.51444],[-101.0588,20.50729],[-101.03891,20.5098],[-101.04413,20.46489],[-101.04741,20.46275],[-101.04417,20.46249],[-101.04623,20.45964],[-101.044,20.45159],[-101.05149,20.45195],[-101.05432,20.44858],[-101.07027,20.45418],[-101.074,20.43686],[-101.07904,20.43689],[-101.08458,20.44495],[-101.09122,20.43905],[-101.10171,20.44806],[-101.10127,20.4618],[-101.11434,20.46807],[-101.11345,20.47316],[-101.11869,20.47542],[-101.12812,20.48993],[-101.13888,20.48361],[-101.13919,20.47423],[-101.14693,20.4798],[-101.1533,20.47789],[-101.1566,20.48492],[-101.16689,20.48419],[-101.18201,20.47802],[-101.18256,20.46801],[-101.20158,20.47108],[-101.21097,20.46954],[-101.213,20.46432],[-101.22559,20.45538],[-101.23175,20.46063],[-101.23428,20.45069],[-101.23967,20.4519],[-101.23602,20.46154],[-101.24523,20.461],[-101.24626,20.47883],[-101.25222,20.48043],[-101.25219,20.47559],[-101.25581,20.47671],[-101.25967,20.49486],[-101.27314,20.49676],[-101.27834,20.50236],[-101.29518,20.49652],[-101.29381,20.50843],[-101.28991,20.50861],[-101.29196,20.51522],[-101.28555,20.51928],[-101.28147,20.53126],[-101.29863,20.53462],[-101.31054,20.52659],[-101.30864,20.53832],[-101.31339,20.53939],[-101.31306,20.54856],[-101.30621,20.55116],[-101.30512,20.56143],[-101.30013,20.56121],[-101.3029,20.58001],[-101.31198,20.57996],[-101.31108,20.58584],[-101.30525,20.58536],[-101.29996,20.59192],[-101.27632,20.58941],[-101.27631,20.59774],[-101.26404,20.59553],[-101.26342,20.59823],[-101.26895,20.60207],[-101.26878,20.61664],[-101.26796,20.6242],[-101.26551,20.62684],[-101.2625,20.62516],[-101.25881,20.6362],[-101.26739,20.63852],[-101.26263,20.66123],[-101.27519,20.66418],[-101.27754,20.66896],[-101.27454,20.67993],[-101.26586,20.68551],[-101.26795,20.68943],[-101.26511,20.69261],[-101.26517,20.70123],[-101.25999,20.70237],[-101.25867,20.69899],[-101.25519,20.70987],[-101.25142,20.70796],[-101.25068,20.72192],[-101.23966,20.722],[-101.23349,20.7256],[-101.22224,20.74131],[-101.22303,20.75176],[-101.21713,20.74954],[-101.21087,20.75719],[-101.20213,20.75855],[-101.19884,20.75859],[-101.20247,20.75588],[-101.19756,20.75381],[-101.18675,20.75385],[-101.18627,20.77613],[-101.17102,20.78343],[-101.15446,20.81864],[-101.14632,20.82777],[-101.14694,20.83471],[-101.14169,20.84775],[-101.12129,20.86417]]]}},{"type":"Feature","properties":{"code":"11025","stateCode":"11","municipalityCode":"025","name":"Purísima del Rincón"},"geometry":{"type":"Polygon","coordinates":[[[-101.80924,21.10995],[-101.81176,21.0959],[-101.80837,21.0859],[-101.80012,21.07839],[-101.80516,21.07602],[-101.80892,21.05195],[-101.80317,21.05202],[-101.80132,21.05558],[-101.8008,21.05058],[-101.79012,21.05299],[-101.78544,21.04892],[-101.82104,21.03585],[-101.81886,21.0451],[-101.82903,21.0461],[-101.82919,21.05279],[-101.83567,21.05557],[-101.83585,21.04782],[-101.83909,21.04446],[-101.84248,21.04549],[-101.84415,21.03991],[-101.85525,21.03803],[-101.86489,21.04053],[-101.86949,21.03821],[-101.8695,21.01995],[-101.87352,21.02049],[-101.87447,21.00977],[-101.87206,21.00306],[-101.85654,20.99702],[-101.85933,20.98501],[-101.86295,20.98195],[-101.86037,20.97066],[-101.86406,20.96758],[-101.88665,20.90398],[-101.8854,20.87329],[-101.90302,20.82625],[-101.93488,20.81014],[-101.94121,20.82056],[-101.93843,20.82897],[-101.99603,20.83521],[-101.99899,20.83309],[-101.99716,20.82422],[-102.01691,20.82416],[-102.03263,20.81983],[-102.03376,20.82294],[-102.03789,20.82286],[-102.04781,20.81945],[-102.04532,20.81828],[-102.04946,20.81474],[-102.05347,20.81551],[-102.06189,20.78804],[-102.06974,20.78786],[-102.06744,20.77165],[-102.07362,20.77677],[-102.07607,20.77217],[-102.07886,20.77405],[-102.08108,20.77151],[-102.08253,20.77718],[-102.09591,20.78005],[-102.08709,20.80146],[-102.07995,20.80179],[-102.08129,20.80571],[-102.07618,20.81817],[-102.07999,20.82871],[-102.07368,20.83792],[-102.06437,20.83821],[-102.05293,20.84756],[-102.03859,20.84735],[-102.02178,20.86216],[-102.01499,20.86946],[-102.01258,20.87834],[-102.01613,20.87828],[-102.01799,20.88328],[-102.00845,20.88538],[-102.00331,20.89767],[-101.99403,20.90772],[-101.9811,20.91481],[-101.97988,20.92505],[-101.9631,20.92252],[-101.95788,20.9352],[-101.94394,20.93214],[-101.94209,20.9281],[-101.93895,20.93061],[-101.93714,20.9558],[-101.93324,20.9575],[-101.93478,20.96047],[-101.93107,20.96322],[-101.93139,20.96711],[-101.92221,20.97194],[-101.9257,20.97798],[-101.92471,20.98324],[-101.92081,20.98396],[-101.90875,20.99859],[-101.91007,21.00498],[-101.90538,21.01182],[-101.90663,21.02882],[-101.90234,21.03213],[-101.89661,21.04775],[-101.90133,21.05296],[-101.89455,21.05124],[-101.89291,21.05583],[-101.87494,21.07009],[-101.8778,21.08543],[-101.875,21.09289],[-101.87126,21.09532],[-101.83749,21.09677],[-101.83671,21.09976],[-101.82797,21.10007],[-101.8152,21.10828],[-101.80924,21.10995]]]}},{"type":"Feature","properties":{"code":"11003","stateCode":"11","municipalityCode":"003","name":"San Miguel de Allende"},"geometry":{"type":"Polygon","coordinates":[[[-100.62811,21.10905],[-100.59326,21.10105],[-100.5581,21.09932],[-100.55358,21.09741],[-100.55078,21.0893],[-100.5396,21.07908],[-100.52877,21.07441],[-100.52769,21.05297],[-100.53448,21.04852],[-100.53243,21.04286],[-100.52907,21.04297],[-100.52348,21.0175],[-100.51352,21.00323],[-100.51884,20.99931],[-100.52219,21.00147],[-100.52956,20.99918],[-100.52896,20.99233],[-100.51054,20.97013],[-100.50214,20.97683],[-100.49553,20.96414],[-100.49555,20.95676],[-100.48449,20.95414],[-100.48201,20.94427],[-100.48439,20.94101],[-100.4807,20.9373],[-100.47998,20.93017],[-100.47223,20.92842],[-100.46996,20.90704],[-100.48537,20.9088],[-100.485,20.90078],[-100.49159,20.89619],[-100.50274,20.87552],[-100.50902,20.87071],[-100.50205,20.85292],[-100.55933,20.82991],[-100.56628,20.82081],[-100.57759,20.81667],[-100.57781,20.80844],[-100.57336,20.80367],[-100.57071,20.80586],[-100.55833,20.80457],[-100.56408,20.7747],[-100.55947,20.76259],[-100.54812,20.74956],[-100.54891,20.73638],[-100.58441,20.72894],[-100.58828,20.72241],[-100.59651,20.71731],[-100.61856,20.71609],[-100.62275,20.72198],[-100.61807,20.72598],[-100.62194,20.74383],[-100.6283,20.74293],[-100.63526,20.74767],[-100.63159,20.74963],[-100.62575,20.74709],[-100.61551,20.763],[-100.63385,20.76985],[-100.63183,20.7923],[-100.64766,20.795],[-100.652,20.79295],[-100.66099,20.79668],[-100.67449,20.79397],[-100.67885,20.80271],[-100.69563,20.8195],[-100.70507,20.82744],[-100.71825,20.83127],[-100.72757,20.82597],[-100.72829,20.81982],[-100.74136,20.80789],[-100.77269,20.79447],[-100.77665,20.78756],[-100.78712,20.78213],[-100.79405,20.78548],[-100.80034,20.79463],[-100.80095,20.79272],[-100.80408,20.7992],[-100.80326,20.80753],[-100.80719,20.80871],[-100.81316,20.80537],[-100.80965,20.79815],[-100.81266,20.7967],[-100.81557,20.80326],[-100.82412,20.80591],[-100.84764,20.7969],[-100.86953,20.79933],[-100.88968,20.79347],[-100.90021,20.80401],[-100.91089,20.80048],[-100.91378,20.80807],[-100.93253,20.79964],[-100.9546,20.79941],[-100.97471,20.81426],[-100.98861,20.81141],[-100.98618,20.80771],[-100.99112,20.80798],[-100.98801,20.80695],[-100.99054,20.80599],[-100.9902,20.79786],[-100.99285,20.7995],[-100.98895,20.78871],[-101.0023,20.78234],[-101.0331,20.78478],[-101.0341,20.80022],[-101.06707,20.81392],[-101.07266,20.82227],[-101.07212,20.84308],[-101.08069,20.85806],[-101.08668,20.86005],[-101.07179,20.86841],[-101.0408,20.87854],[-101.01458,20.8986],[-100.99367,20.92139],[-100.98479,20.91762],[-100.98248,20.92801],[-100.9696,20.92759],[-100.97154,20.93231],[-100.96488,20.93506],[-100.97114,20.93562],[-100.97219,20.94233],[-100.96961,20.94553],[-100.96988,20.94213],[-100.96798,20.94288],[-100.96676,20.94675],[-100.96232,20.94337],[-100.9613,20.9519],[-100.94135,20.94445],[-100.93486,20.95944],[-100.92244,20.96226],[-100.92368,20.99252],[-100.90377,20.97436],[-100.9016,20.97518],[-100.90393,20.97902],[-100.90015,20.9778],[-100.89777,20.98199],[-100.91037,20.99209],[-100.91006,21.00586],[-100.89836,21.00328],[-100.89892,21.01003],[-100.88332,21.0102],[-100.88912,21.02535],[-100.86811,21.01142],[-100.85475,21.01864],[-100.83869,21.01914],[-100.84625,21.02815],[-100.85324,21.06767],[-100.83195,21.07023],[-100.81542,21.05886],[-100.79171,21.07972],[-100.78764,21.0923],[-100.76499,21.0908],[-100.70016,21.10599],[-100.62811,21.10905]]]}},{"type":"Feature","properties":{"code":"11004","stateCode":"11","municipalityCode":"004","name":"Apaseo el Alto"},"geometry":{"type":"Polygon","coordinates":[[[-100.50477,20.55503],[-100.50852,20.52621],[-100.50775,20.51852],[-100.50316,20.51967],[-100.50111,20.5126],[-100.50976,20.50653],[-100.49736,20.50483],[-100.50031,20.50022],[-100.49766,20.49137],[-100.49238,20.49042],[-100.4925,20.48141],[-100.48838,20.47331],[-100.48848,20.42583],[-100.47827,20.41629],[-100.47618,20.38961],[-100.46878,20.384],[-100.47789,20.37392],[-100.48066,20.35484],[-100.50859,20.33238],[-100.5418,20.33463],[-100.5486,20.32815],[-100.58602,20.31054],[-100.5931,20.32572],[-100.64308,20.34814],[-100.65589,20.34999],[-100.66069,20.38531],[-100.65437,20.38441],[-100.65597,20.40678],[-100.66045,20.41255],[-100.66317,20.41027],[-100.67029,20.42319],[-100.68841,20.41696],[-100.6891,20.42358],[-100.694,20.42488],[-100.69586,20.4389],[-100.69177,20.44078],[-100.69153,20.47369],[-100.67648,20.47674],[-100.67986,20.48077],[-100.66822,20.47998],[-100.66634,20.46514],[-100.66864,20.46445],[-100.66328,20.46501],[-100.66034,20.46821],[-100.66189,20.4759],[-100.65881,20.4776],[-100.63667,20.47455],[-100.64736,20.48835],[-100.64777,20.49566],[-100.65276,20.5019],[-100.64578,20.50075],[-100.63971,20.49485],[-100.62461,20.48881],[-100.62411,20.48578],[-100.61215,20.49214],[-100.59828,20.49322],[-100.6034,20.50658],[-100.57986,20.50484],[-100.57576,20.51271],[-100.56248,20.51302],[-100.5629,20.52062],[-100.5587,20.5191],[-100.55741,20.53105],[-100.54783,20.5341],[-100.53678,20.525],[-100.51904,20.52702],[-100.50477,20.55503]]]}},{"type":"Feature","properties":{"code":"11005","stateCode":"11","municipalityCode":"005","name":"Apaseo el Grande"},"geometry":{"type":"Polygon","coordinates":[[[-100.6123,20.71818],[-100.59321,20.71513],[-100.58128,20.69293],[-100.5836,20.67842],[-100.57396,20.67207],[-100.56193,20.67143],[-100.55113,20.63377],[-100.52954,20.63867],[-100.52707,20.62982],[-100.52149,20.62486],[-100.49618,20.61619],[-100.48222,20.57636],[-100.485,20.5538],[-100.50477,20.55503],[-100.51904,20.52702],[-100.53678,20.525],[-100.54783,20.5341],[-100.55741,20.53105],[-100.5587,20.5191],[-100.5629,20.52062],[-100.56248,20.51302],[-100.57576,20.51271],[-100.57986,20.50484],[-100.6034,20.50658],[-100.59828,20.49322],[-100.61215,20.49214],[-100.62411,20.48578],[-100.62461,20.48881],[-100.63971,20.49485],[-100.64578,20.50075],[-100.65276,20.5019],[-100.64777,20.49566],[-100.64736,20.48835],[-100.63667,20.47455],[-100.65881,20.4776],[-100.66189,20.4759],[-100.66034,20.46821],[-100.66328,20.46501],[-100.66932,20.46478],[-100.66634,20.46514],[-100.6662,20.47702],[-100.66939,20.48031],[-100.67986,20.48077],[-100.67648,20.47674],[-100.68913,20.4757],[-100.69271,20.46847],[-100.69378,20.479],[-100.71925,20.4865],[-100.72592,20.48543],[-100.7297,20.47695],[-100.73907,20.47939],[-100.7381,20.48336],[-100.74898,20.48532],[-100.74139,20.49824],[-100.76446,20.50809],[-100.75894,20.53511],[-100.75321,20.54095],[-100.75099,20.54955],[-100.74215,20.55169],[-100.74301,20.55494],[-100.7416,20.55269],[-100.72989,20.56921],[-100.71265,20.5678],[-100.71108,20.58329],[-100.69833,20.62117],[-100.67612,20.61806],[-100.67543,20.62141],[-100.66652,20.62307],[-100.66742,20.62996],[-100.66267,20.62909],[-100.65957,20.64601],[-100.66786,20.64684],[-100.67231,20.6641],[-100.64256,20.65321],[-100.63527,20.66214],[-100.63443,20.67886],[-100.62659,20.67937],[-100.63166,20.68908],[-100.62581,20.69522],[-100.62076,20.69362],[-100.61628,20.69923],[-100.61856,20.71609],[-100.6123,20.71818]]]}},{"type":"Feature","properties":{"code":"11043","stateCode":"11","municipalityCode":"043","name":"Victoria"},"geometry":{"type":"Polygon","coordinates":[[[-100.22318,21.66563],[-100.20613,21.65753],[-100.19445,21.64738],[-100.18476,21.65067],[-100.17757,21.64883],[-100.16715,21.63412],[-100.17248,21.62933],[-100.17459,21.6105],[-100.17144,21.60127],[-100.16129,21.60498],[-100.15437,21.61735],[-100.14719,21.61813],[-100.12498,21.59347],[-100.11245,21.58729],[-100.07584,21.55793],[-100.06219,21.52308],[-100.0641,21.51327],[-100.05805,21.49567],[-100.06105,21.49135],[-100.06717,21.49071],[-100.0668,21.48357],[-100.07421,21.47514],[-100.0814,21.47802],[-100.09206,21.4636],[-100.09636,21.46202],[-100.10601,21.46569],[-100.08604,21.45338],[-100.09032,21.44474],[-100.08879,21.42217],[-100.0833,21.40291],[-100.10533,21.40932],[-100.13196,21.40721],[-100.13358,21.40484],[-100.13322,21.4002],[-100.1186,21.3917],[-100.12246,21.38876],[-100.11995,21.38854],[-100.11649,21.3783],[-100.1052,21.37136],[-100.11765,21.36452],[-100.11739,21.35406],[-100.12403,21.35438],[-100.12897,21.33503],[-100.15016,21.32215],[-100.14482,21.31767],[-100.14918,21.31474],[-100.14768,21.31116],[-100.15029,21.31096],[-100.15251,21.30368],[-100.14613,21.29287],[-100.13525,21.28769],[-100.13306,21.2836],[-100.1372,21.28055],[-100.13448,21.2692],[-100.12965,21.26958],[-100.12573,21.25837],[-100.13842,21.24813],[-100.14944,21.24473],[-100.14685,21.24311],[-100.15075,21.23646],[-100.1459,21.22958],[-100.14875,21.22683],[-100.1474,21.2167],[-100.13409,21.21882],[-100.13026,21.21554],[-100.13028,21.20802],[-100.13768,21.20648],[-100.13749,21.20032],[-100.14085,21.19976],[-100.13773,21.19661],[-100.14062,21.19545],[-100.13783,21.18962],[-100.14203,21.18735],[-100.14065,21.18426],[-100.15095,21.18543],[-100.1468,21.1641],[-100.15378,21.16203],[-100.15247,21.15612],[-100.15536,21.14956],[-100.16195,21.1453],[-100.16345,21.1365],[-100.1741,21.13169],[-100.18832,21.1312],[-100.20485,21.12215],[-100.20691,21.1074],[-100.24009,21.12049],[-100.24346,21.12675],[-100.25656,21.136],[-100.25569,21.14179],[-100.26986,21.15199],[-100.27724,21.16357],[-100.29109,21.16827],[-100.30353,21.18417],[-100.29711,21.19021],[-100.30769,21.19001],[-100.30801,21.19834],[-100.31395,21.20067],[-100.31471,21.20529],[-100.33276,21.21022],[-100.33701,21.21954],[-100.33966,21.21842],[-100.33863,21.20949],[-100.34343,21.21191],[-100.34349,21.21658],[-100.35194,21.2108],[-100.35372,21.21683],[-100.35673,21.21639],[-100.35629,21.22163],[-100.361,21.22103],[-100.35863,21.22366],[-100.36006,21.24529],[-100.36487,21.24514],[-100.36312,21.2519],[-100.3779,21.2581],[-100.3822,21.26449],[-100.37125,21.27797],[-100.37237,21.3006],[-100.35208,21.31274],[-100.35501,21.31727],[-100.35236,21.31585],[-100.34256,21.32158],[-100.35225,21.33229],[-100.36875,21.33369],[-100.36753,21.34127],[-100.36403,21.34257],[-100.36786,21.34963],[-100.35426,21.36869],[-100.36071,21.36955],[-100.36525,21.37463],[-100.35504,21.39135],[-100.34882,21.38828],[-100.34115,21.39487],[-100.34548,21.39572],[-100.33933,21.40618],[-100.34411,21.4232],[-100.3253,21.4285],[-100.31812,21.42251],[-100.31861,21.41692],[-100.31273,21.42266],[-100.29963,21.41879],[-100.29052,21.43075],[-100.29946,21.43815],[-100.29826,21.44458],[-100.28955,21.44272],[-100.27554,21.44718],[-100.2696,21.44425],[-100.26204,21.45333],[-100.2654,21.45918],[-100.23549,21.47058],[-100.22642,21.46874],[-100.2187,21.49892],[-100.2333,21.48654],[-100.23754,21.48701],[-100.24356,21.49305],[-100.24156,21.49898],[-100.24765,21.51098],[-100.23581,21.51185],[-100.22581,21.51639],[-100.23853,21.52176],[-100.2308,21.53661],[-100.2393,21.54887],[-100.23416,21.54834],[-100.23335,21.55271],[-100.22848,21.55562],[-100.2298,21.56032],[-100.21607,21.55826],[-100.21345,21.56641],[-100.22126,21.57252],[-100.21484,21.57619],[-100.21759,21.57784],[-100.21216,21.58629],[-100.20652,21.58622],[-100.20369,21.59012],[-100.21399,21.59827],[-100.20797,21.61009],[-100.203,21.61037],[-100.19586,21.61832],[-100.20602,21.613],[-100.22819,21.6315],[-100.22402,21.63359],[-100.21657,21.63114],[-100.22457,21.65438],[-100.22318,21.66563]]]}},{"type":"Feature","properties":{"code":"11022","stateCode":"11","municipalityCode":"022","name":"Ocampo"},"geometry":{"type":"Polygon","coordinates":[[[-101.45491,21.82951],[-101.45359,21.82669],[-101.42271,21.82497],[-101.42437,21.77318],[-101.42907,21.77339],[-101.42939,21.76717],[-101.42251,21.76882],[-101.42273,21.76458],[-101.42611,21.76483],[-101.42653,21.75494],[-101.41677,21.75354],[-101.41697,21.74778],[-101.42023,21.74428],[-101.43206,21.74432],[-101.43227,21.73577],[-101.44337,21.73587],[-101.43998,21.66686],[-101.3382,21.67777],[-101.3576,21.5962],[-101.36342,21.5963],[-101.36939,21.57189],[-101.36209,21.57074],[-101.36353,21.5614],[-101.35795,21.56034],[-101.35383,21.56556],[-101.34854,21.55961],[-101.32021,21.55518],[-101.32268,21.55175],[-101.31194,21.54904],[-101.30669,21.54364],[-101.3076,21.53763],[-101.29968,21.53632],[-101.29514,21.54105],[-101.2853,21.52374],[-101.31664,21.50718],[-101.32017,21.48134],[-101.32504,21.48804],[-101.33915,21.46367],[-101.3331,21.44784],[-101.32872,21.4097],[-101.37115,21.39746],[-101.3801,21.40668],[-101.39039,21.40536],[-101.4042,21.4208],[-101.40732,21.40971],[-101.4337,21.41844],[-101.44446,21.41026],[-101.45414,21.39656],[-101.4628,21.39659],[-101.46863,21.38992],[-101.46937,21.39225],[-101.47883,21.38824],[-101.47739,21.38504],[-101.4804,21.38394],[-101.48217,21.38666],[-101.50144,21.37819],[-101.5096,21.38198],[-101.51464,21.39146],[-101.50837,21.39474],[-101.51817,21.39804],[-101.53094,21.39391],[-101.52974,21.40813],[-101.52259,21.4199],[-101.52658,21.43195],[-101.55162,21.42615],[-101.55391,21.42298],[-101.5621,21.42562],[-101.56903,21.41876],[-101.57334,21.41969],[-101.58221,21.43329],[-101.58187,21.44781],[-101.58789,21.44241],[-101.58995,21.44558],[-101.59011,21.45016],[-101.58671,21.45258],[-101.59004,21.45678],[-101.58904,21.4649],[-101.63243,21.51905],[-101.64026,21.51363],[-101.64127,21.52665],[-101.62001,21.54107],[-101.62362,21.54545],[-101.61914,21.5461],[-101.62166,21.5519],[-101.60655,21.56387],[-101.60663,21.5749],[-101.61216,21.57534],[-101.61231,21.58292],[-101.60788,21.58405],[-101.59577,21.60031],[-101.59526,21.61],[-101.58602,21.60781],[-101.58398,21.6212],[-101.58019,21.62553],[-101.58436,21.63107],[-101.59565,21.63307],[-101.59609,21.63706],[-101.58897,21.65203],[-101.58325,21.6567],[-101.58449,21.66221],[-101.58143,21.667],[-101.58483,21.67021],[-101.56914,21.69231],[-101.58404,21.70957],[-101.57815,21.71189],[-101.57086,21.70431],[-101.55765,21.7351],[-101.56628,21.73341],[-101.57968,21.7364],[-101.58226,21.77265],[-101.58481,21.77163],[-101.58569,21.77878],[-101.53883,21.77733],[-101.47387,21.82739],[-101.46596,21.82706],[-101.46406,21.82023],[-101.45491,21.82951]]]}},{"type":"Feature","properties":{"code":"11014","stateCode":"11","municipalityCode":"014","name":"Dolores Hidalgo Cuna de la Independencia Nacional"},"geometry":{"type":"Polygon","coordinates":[[[-100.99766,21.3498],[-100.97492,21.31839],[-100.97631,21.3148],[-100.95461,21.30533],[-100.93072,21.31006],[-100.91668,21.31734],[-100.92534,21.33077],[-100.92342,21.34118],[-100.90337,21.34183],[-100.89979,21.32406],[-100.87252,21.3244],[-100.87303,21.33137],[-100.85867,21.33436],[-100.85715,21.3271],[-100.85159,21.32086],[-100.8386,21.32786],[-100.8296,21.3239],[-100.83014,21.31788],[-100.82436,21.31499],[-100.81845,21.31744],[-100.82269,21.3214],[-100.81807,21.32579],[-100.813,21.31984],[-100.80661,21.31938],[-100.80377,21.32592],[-100.80037,21.32511],[-100.79681,21.32203],[-100.79831,21.3165],[-100.76912,21.33602],[-100.75927,21.33201],[-100.76801,21.32613],[-100.76644,21.31998],[-100.76116,21.32152],[-100.75831,21.31846],[-100.74859,21.31899],[-100.743,21.31574],[-100.73962,21.31177],[-100.73894,21.30165],[-100.73261,21.29422],[-100.72142,21.29787],[-100.71874,21.29572],[-100.71649,21.29238],[-100.71852,21.28814],[-100.71387,21.2819],[-100.71661,21.27891],[-100.65581,21.23347],[-100.66246,21.21961],[-100.66592,21.22043],[-100.66315,21.20587],[-100.67295,21.20456],[-100.67165,21.19933],[-100.69305,21.19601],[-100.69467,21.19256],[-100.68787,21.18564],[-100.68225,21.16265],[-100.67038,21.1605],[-100.66799,21.15021],[-100.67404,21.14807],[-100.67285,21.13049],[-100.66168,21.1381],[-100.64865,21.12551],[-100.64749,21.12798],[-100.64227,21.12669],[-100.64376,21.12039],[-100.63605,21.11703],[-100.63656,21.10858],[-100.70016,21.10599],[-100.76499,21.0908],[-100.78764,21.0923],[-100.79171,21.07972],[-100.81542,21.05886],[-100.83195,21.07023],[-100.85324,21.06767],[-100.84625,21.02815],[-100.83869,21.01914],[-100.85475,21.01864],[-100.86811,21.01142],[-100.88912,21.02535],[-100.88332,21.0102],[-100.89892,21.01003],[-100.89836,21.00328],[-100.91006,21.00586],[-100.91037,20.99209],[-100.89777,20.98199],[-100.90015,20.9778],[-100.90393,20.97902],[-100.9016,20.97518],[-100.92368,20.99252],[-100.92244,20.96226],[-100.93486,20.95944],[-100.94135,20.94445],[-100.9613,20.9519],[-100.96232,20.94337],[-100.96676,20.94675],[-100.96798,20.94288],[-100.96988,20.94213],[-100.96961,20.94553],[-100.97219,20.94233],[-100.97114,20.93562],[-100.96488,20.93506],[-100.97154,20.93231],[-100.9696,20.92759],[-100.98248,20.92801],[-100.98479,20.91762],[-100.99367,20.92139],[-101.01458,20.8986],[-101.0408,20.87854],[-101.07179,20.86841],[-101.08668,20.86005],[-101.0855,20.86486],[-101.09224,20.86945],[-101.08791,20.87338],[-101.09728,20.89922],[-101.09113,20.90603],[-101.09949,20.90791],[-101.10031,20.91046],[-101.09607,20.90982],[-101.10707,20.92869],[-101.10456,20.93153],[-101.12262,20.93221],[-101.12253,20.93908],[-101.109,20.94175],[-101.11285,20.95345],[-101.07391,20.96293],[-101.05716,20.97933],[-101.0672,20.98519],[-101.06889,20.98738],[-101.06616,20.98839],[-101.07761,20.98999],[-101.07981,20.994],[-101.08446,20.99469],[-101.08458,20.99835],[-101.08169,20.99795],[-101.08275,21.00476],[-101.10783,21.01346],[-101.12073,21.01191],[-101.12682,21.00759],[-101.13561,21.01553],[-101.13182,21.02185],[-101.13958,21.03072],[-101.14599,21.04555],[-101.12268,21.05363],[-101.12357,21.06158],[-101.12091,21.06282],[-101.1269,21.06696],[-101.12785,21.07197],[-101.13779,21.07823],[-101.13591,21.08122],[-101.12999,21.08102],[-101.12655,21.08662],[-101.13075,21.08887],[-101.124,21.09451],[-101.12585,21.1031],[-101.11816,21.11358],[-101.12127,21.11731],[-101.11972,21.12266],[-101.11787,21.12599],[-101.10882,21.12876],[-101.11035,21.13273],[-101.10641,21.14604],[-101.10892,21.14847],[-101.11381,21.14618],[-101.12133,21.15537],[-101.13064,21.15705],[-101.13915,21.1536],[-101.14045,21.15733],[-101.14735,21.15855],[-101.14063,21.17401],[-101.15269,21.17381],[-101.15277,21.18819],[-101.17122,21.18683],[-101.17641,21.19973],[-101.17106,21.20043],[-101.17317,21.21142],[-101.20079,21.20472],[-101.20388,21.20764],[-101.19117,21.23066],[-101.15197,21.23874],[-101.10568,21.25787],[-101.10537,21.27398],[-101.10021,21.28661],[-101.10294,21.29372],[-101.10931,21.29361],[-101.11147,21.2981],[-101.09804,21.31838],[-101.08193,21.3127],[-101.08705,21.28047],[-101.07185,21.27785],[-101.05118,21.28859],[-101.0464,21.32678],[-101.01749,21.32095],[-101.01893,21.32852],[-101.00357,21.33307],[-101.00934,21.34307],[-100.99766,21.3498]]]}},{"type":"Feature","properties":{"code":"11045","stateCode":"11","municipalityCode":"045","name":"Xichú"},"geometry":{"type":"Polygon","coordinates":[[[-99.96798,21.52701],[-99.95649,21.5248],[-99.95632,21.51824],[-99.96511,21.50512],[-99.95065,21.49468],[-99.94571,21.49743],[-99.94794,21.49069],[-99.95935,21.48351],[-99.95148,21.47227],[-99.95321,21.46982],[-99.94745,21.45773],[-99.94925,21.456],[-99.94233,21.44962],[-99.93896,21.44979],[-99.94317,21.46178],[-99.90517,21.44816],[-99.867,21.47346],[-99.83493,21.47812],[-99.83918,21.46239],[-99.82529,21.46652],[-99.81707,21.46169],[-99.80571,21.47185],[-99.78799,21.47751],[-99.7922,21.48674],[-99.79104,21.49067],[-99.77608,21.49454],[-99.77311,21.47634],[-99.77727,21.47022],[-99.77178,21.46631],[-99.77712,21.4596],[-99.7743,21.45628],[-99.77816,21.44651],[-99.77616,21.44252],[-99.78059,21.4344],[-99.77593,21.42703],[-99.78043,21.41477],[-99.7763,21.4076],[-99.77218,21.40673],[-99.77327,21.40076],[-99.7791,21.39493],[-99.79694,21.39479],[-99.81278,21.38316],[-99.83085,21.38369],[-99.82974,21.37738],[-99.85926,21.34031],[-99.8695,21.30653],[-99.8747,21.26964],[-99.8847,21.24841],[-99.8952,21.20444],[-99.90367,21.18554],[-99.94265,21.19442],[-99.94536,21.20989],[-99.95471,21.20567],[-99.94786,21.21237],[-99.98637,21.21831],[-100.01109,21.18946],[-100.02116,21.19143],[-100.02593,21.19519],[-100.02997,21.20773],[-100.04025,21.21582],[-100.04114,21.21282],[-100.04899,21.21425],[-100.05332,21.20973],[-100.06353,21.21101],[-100.06956,21.21857],[-100.07228,21.22942],[-100.08311,21.22881],[-100.08774,21.23214],[-100.0961,21.22979],[-100.09821,21.23609],[-100.11225,21.2275],[-100.11876,21.22895],[-100.12511,21.22403],[-100.12177,21.21903],[-100.12755,21.21549],[-100.13409,21.21882],[-100.1474,21.2167],[-100.14875,21.22683],[-100.1459,21.22958],[-100.15075,21.23646],[-100.14685,21.24311],[-100.14944,21.24473],[-100.13842,21.24813],[-100.12573,21.25837],[-100.12965,21.26958],[-100.13448,21.2692],[-100.1372,21.28055],[-100.13306,21.2836],[-100.13525,21.28769],[-100.14613,21.29287],[-100.15251,21.30368],[-100.15029,21.31096],[-100.14768,21.31116],[-100.14918,21.31474],[-100.14482,21.31767],[-100.15007,21.3227],[-100.12897,21.33503],[-100.12403,21.35438],[-100.11739,21.35406],[-100.11765,21.36452],[-100.1052,21.37136],[-100.11649,21.3783],[-100.11995,21.38854],[-100.12246,21.38876],[-100.1186,21.3917],[-100.13322,21.4002],[-100.13358,21.40484],[-100.13196,21.40721],[-100.10533,21.40932],[-100.0833,21.40291],[-100.08879,21.42217],[-100.09032,21.44474],[-100.08604,21.45338],[-100.10601,21.46569],[-100.09265,21.46329],[-100.0814,21.47802],[-100.07421,21.47514],[-100.0668,21.48357],[-100.06717,21.49071],[-100.06105,21.49135],[-100.05805,21.49567],[-100.0641,21.51327],[-100.06228,21.52331],[-99.96798,21.52701]]]}},{"type":"Feature","properties":{"code":"11001","stateCode":"11","municipalityCode":"001","name":"Abasolo"},"geometry":{"type":"Polygon","coordinates":[[[-101.59913,20.77669],[-101.58702,20.7637],[-101.59295,20.76178],[-101.58929,20.75468],[-101.57054,20.75377],[-101.56704,20.74081],[-101.55734,20.74281],[-101.55755,20.75986],[-101.52713,20.74907],[-101.53199,20.74744],[-101.54153,20.73156],[-101.52835,20.71778],[-101.53816,20.70926],[-101.54008,20.70279],[-101.52687,20.70581],[-101.5111,20.67981],[-101.50305,20.68005],[-101.49885,20.66617],[-101.50029,20.65976],[-101.49002,20.64879],[-101.47514,20.65153],[-101.48,20.63963],[-101.48406,20.6398],[-101.48725,20.64443],[-101.49571,20.63988],[-101.49738,20.59614],[-101.478,20.59054],[-101.47339,20.5935],[-101.4723,20.57273],[-101.48448,20.56487],[-101.49359,20.56588],[-101.49784,20.56138],[-101.5076,20.56156],[-101.50439,20.53188],[-101.50099,20.51971],[-101.49355,20.50879],[-101.47203,20.50245],[-101.4473,20.50714],[-101.44438,20.50113],[-101.40052,20.51582],[-101.39793,20.50344],[-101.36704,20.50424],[-101.37278,20.487],[-101.3862,20.48222],[-101.3908,20.48575],[-101.3903,20.4806],[-101.39501,20.4754],[-101.39866,20.48287],[-101.40272,20.48117],[-101.40267,20.4766],[-101.38966,20.45792],[-101.38861,20.44216],[-101.38082,20.4269],[-101.37996,20.41603],[-101.38426,20.41284],[-101.39258,20.41546],[-101.40127,20.40694],[-101.40692,20.40729],[-101.40356,20.39758],[-101.40516,20.39411],[-101.41264,20.39282],[-101.4121,20.3857],[-101.44223,20.40845],[-101.4408,20.41094],[-101.4578,20.41802],[-101.46654,20.41108],[-101.48243,20.41037],[-101.48632,20.41491],[-101.4915,20.40519],[-101.50845,20.4065],[-101.51326,20.40148],[-101.51285,20.39782],[-101.52388,20.40227],[-101.52662,20.39617],[-101.55607,20.40174],[-101.5597,20.39407],[-101.56467,20.39561],[-101.56749,20.39177],[-101.57287,20.39455],[-101.57748,20.3826],[-101.57676,20.36797],[-101.57488,20.36325],[-101.56994,20.36343],[-101.5668,20.32912],[-101.56242,20.32549],[-101.56402,20.32013],[-101.56123,20.31698],[-101.5708,20.31594],[-101.57783,20.32638],[-101.58359,20.32718],[-101.58444,20.31672],[-101.58976,20.30934],[-101.60067,20.31037],[-101.60028,20.29842],[-101.60294,20.29793],[-101.60568,20.29977],[-101.60468,20.30942],[-101.61127,20.31272],[-101.62465,20.31458],[-101.62709,20.30342],[-101.62823,20.30852],[-101.6336,20.30897],[-101.63168,20.31575],[-101.6271,20.31655],[-101.62915,20.32222],[-101.62131,20.32597],[-101.62752,20.33302],[-101.6201,20.33826],[-101.62754,20.33951],[-101.62857,20.33382],[-101.63622,20.33406],[-101.6392,20.33786],[-101.63569,20.33958],[-101.63626,20.34251],[-101.64119,20.34682],[-101.64023,20.34957],[-101.6461,20.35065],[-101.64181,20.35364],[-101.64472,20.3558],[-101.64144,20.36013],[-101.64241,20.36841],[-101.63824,20.36834],[-101.63801,20.37277],[-101.63337,20.36938],[-101.62847,20.37328],[-101.62285,20.37317],[-101.61084,20.39521],[-101.60005,20.40316],[-101.60378,20.41369],[-101.59772,20.41736],[-101.60265,20.4215],[-101.59544,20.42491],[-101.59496,20.43175],[-101.59968,20.43285],[-101.60149,20.43789],[-101.60472,20.43742],[-101.60984,20.44631],[-101.61044,20.44952],[-101.60694,20.45115],[-101.61089,20.45486],[-101.61033,20.46742],[-101.61467,20.46988],[-101.60377,20.47154],[-101.60284,20.47542],[-101.60458,20.48284],[-101.60077,20.50234],[-101.60786,20.50794],[-101.60765,20.52149],[-101.60473,20.52217],[-101.60353,20.52813],[-101.58554,20.5354],[-101.58479,20.54611],[-101.58888,20.54649],[-101.59041,20.55016],[-101.58998,20.55645],[-101.58642,20.55827],[-101.59373,20.56262],[-101.59518,20.56975],[-101.59211,20.57943],[-101.58769,20.57818],[-101.57912,20.58314],[-101.58348,20.59068],[-101.57782,20.61947],[-101.58933,20.62517],[-101.59037,20.62961],[-101.58744,20.63513],[-101.5865,20.63034],[-101.58044,20.6328],[-101.5802,20.63887],[-101.59054,20.64236],[-101.59919,20.65439],[-101.60878,20.65866],[-101.6103,20.65517],[-101.61256,20.65765],[-101.61758,20.65642],[-101.62164,20.6608],[-101.61839,20.66431],[-101.62035,20.67078],[-101.62392,20.67239],[-101.62357,20.67905],[-101.63664,20.687],[-101.63557,20.71012],[-101.62598,20.70943],[-101.62363,20.72116],[-101.63758,20.72258],[-101.63862,20.73128],[-101.64523,20.7435],[-101.63377,20.76204],[-101.59913,20.77669]]]}},{"type":"Feature","properties":{"code":"11033","stateCode":"11","municipalityCode":"033","name":"San Luis de la Paz"},"geometry":{"type":"Polygon","coordinates":[[[-100.34997,21.69156],[-100.32208,21.68209],[-100.27214,21.68735],[-100.24631,21.66493],[-100.22318,21.66563],[-100.22457,21.65438],[-100.21626,21.63254],[-100.22819,21.6315],[-100.20602,21.613],[-100.19586,21.61832],[-100.203,21.61037],[-100.20797,21.61009],[-100.21399,21.59827],[-100.20369,21.59012],[-100.20652,21.58622],[-100.21216,21.58629],[-100.21759,21.57784],[-100.21484,21.57619],[-100.22126,21.57252],[-100.21345,21.56641],[-100.21607,21.55826],[-100.2298,21.56032],[-100.22848,21.55562],[-100.23335,21.55271],[-100.23416,21.54834],[-100.2393,21.54887],[-100.2308,21.53661],[-100.23853,21.52176],[-100.22581,21.51639],[-100.23581,21.51185],[-100.24765,21.51098],[-100.24156,21.49898],[-100.24356,21.49305],[-100.23754,21.48701],[-100.2333,21.48654],[-100.2187,21.49892],[-100.22642,21.46874],[-100.23549,21.47058],[-100.2654,21.45918],[-100.26204,21.45333],[-100.2696,21.44425],[-100.27554,21.44718],[-100.28955,21.44272],[-100.29826,21.44458],[-100.29946,21.43815],[-100.29052,21.43075],[-100.29963,21.41879],[-100.31273,21.42266],[-100.31861,21.41692],[-100.31812,21.42251],[-100.3253,21.4285],[-100.34411,21.4232],[-100.33933,21.40618],[-100.34548,21.39572],[-100.34115,21.39487],[-100.34882,21.38828],[-100.35504,21.39135],[-100.366,21.37267],[-100.35426,21.36869],[-100.36786,21.34963],[-100.36403,21.34257],[-100.36753,21.34127],[-100.36864,21.33344],[-100.35225,21.33229],[-100.34256,21.32158],[-100.35236,21.31585],[-100.35501,21.31727],[-100.35208,21.31274],[-100.37237,21.3006],[-100.37125,21.27797],[-100.3822,21.26449],[-100.3779,21.2581],[-100.3651,21.25415],[-100.36487,21.24514],[-100.36006,21.24529],[-100.35863,21.22366],[-100.361,21.22103],[-100.35629,21.22163],[-100.35673,21.21639],[-100.35372,21.21683],[-100.35194,21.2108],[-100.3572,21.20404],[-100.3566,21.19487],[-100.36029,21.19113],[-100.39155,21.19132],[-100.40527,21.16959],[-100.40805,21.17732],[-100.4198,21.18499],[-100.42915,21.18531],[-100.42274,21.17879],[-100.43246,21.17543],[-100.44453,21.18321],[-100.4435,21.19209],[-100.48573,21.1788],[-100.459,21.11496],[-100.4697,21.11165],[-100.47496,21.10466],[-100.50362,21.09492],[-100.51104,21.08568],[-100.50806,21.0824],[-100.52868,21.07112],[-100.52877,21.07441],[-100.5396,21.07908],[-100.55078,21.0893],[-100.55358,21.09741],[-100.5581,21.09932],[-100.59248,21.10094],[-100.62678,21.10893],[-100.63656,21.10858],[-100.63605,21.11703],[-100.64376,21.12039],[-100.64227,21.12669],[-100.64749,21.12798],[-100.64865,21.12551],[-100.66168,21.1381],[-100.67285,21.13049],[-100.67404,21.14807],[-100.66799,21.15021],[-100.67038,21.1605],[-100.68225,21.16265],[-100.68787,21.18564],[-100.69467,21.19256],[-100.69305,21.19601],[-100.67165,21.19933],[-100.67295,21.20456],[-100.66315,21.20587],[-100.66592,21.22043],[-100.66246,21.21961],[-100.65581,21.23347],[-100.71661,21.27891],[-100.71387,21.2819],[-100.71894,21.28963],[-100.71649,21.29238],[-100.72142,21.29787],[-100.70059,21.3063],[-100.70175,21.30909],[-100.67212,21.31188],[-100.67688,21.32173],[-100.67109,21.32254],[-100.67783,21.32374],[-100.68119,21.33077],[-100.6931,21.33555],[-100.69185,21.33854],[-100.6855,21.33736],[-100.68479,21.33992],[-100.69555,21.34206],[-100.69563,21.35101],[-100.68331,21.35293],[-100.69471,21.3528],[-100.69752,21.36478],[-100.69387,21.3698],[-100.68382,21.37068],[-100.67945,21.36318],[-100.64319,21.33625],[-100.63425,21.34465],[-100.63247,21.35044],[-100.60787,21.33429],[-100.60233,21.34969],[-100.6104,21.35379],[-100.60402,21.35898],[-100.59941,21.37102],[-100.60443,21.37187],[-100.59839,21.3914],[-100.60544,21.39646],[-100.60603,21.40221],[-100.61255,21.39825],[-100.62301,21.39949],[-100.62283,21.3951],[-100.62663,21.39305],[-100.64116,21.40156],[-100.67799,21.39347],[-100.68315,21.40698],[-100.69587,21.4238],[-100.68975,21.42793],[-100.70491,21.45738],[-100.69953,21.47681],[-100.70393,21.4826],[-100.70087,21.51676],[-100.74171,21.51115],[-100.7426,21.51696],[-100.69428,21.53482],[-100.70283,21.54613],[-100.73014,21.53554],[-100.75134,21.5806],[-100.73503,21.57897],[-100.72952,21.57505],[-100.71763,21.55023],[-100.70524,21.54824],[-100.70072,21.55255],[-100.6921,21.54637],[-100.68117,21.5475],[-100.67718,21.54142],[-100.66562,21.53522],[-100.6656,21.52782],[-100.65746,21.52472],[-100.63854,21.52829],[-100.63452,21.53771],[-100.63545,21.54319],[-100.6143,21.53313],[-100.62191,21.51899],[-100.62043,21.51023],[-100.61496,21.50579],[-100.61196,21.50936],[-100.60423,21.5088],[-100.59139,21.51561],[-100.58198,21.52612],[-100.57735,21.52549],[-100.57097,21.53014],[-100.55944,21.52852],[-100.54686,21.5322],[-100.53395,21.54233],[-100.46427,21.54317],[-100.45989,21.54978],[-100.46485,21.55362],[-100.45538,21.55626],[-100.4607,21.57121],[-100.47145,21.58757],[-100.4858,21.5944],[-100.47049,21.60647],[-100.4604,21.62399],[-100.46159,21.63758],[-100.45643,21.64231],[-100.45708,21.65008],[-100.4523,21.66123],[-100.44878,21.66242],[-100.45135,21.6666],[-100.44514,21.67227],[-100.44734,21.67492],[-100.44233,21.67876],[-100.43932,21.67657],[-100.43486,21.68281],[-100.43326,21.6784],[-100.42305,21.67506],[-100.40899,21.6773],[-100.39861,21.67466],[-100.38965,21.68134],[-100.37553,21.67982],[-100.34997,21.69156]]]}},{"type":"Feature","properties":{"code":"11006","stateCode":"11","municipalityCode":"006","name":"Atarjea"},"geometry":{"type":"Polygon","coordinates":[[[-99.79694,21.39479],[-99.7791,21.39493],[-99.77984,21.387],[-99.77616,21.38335],[-99.7755,21.37497],[-99.79452,21.3574],[-99.79213,21.34391],[-99.77757,21.34324],[-99.78488,21.32787],[-99.78779,21.32962],[-99.77993,21.31303],[-99.76572,21.30335],[-99.75789,21.29214],[-99.75242,21.29178],[-99.73416,21.30144],[-99.73725,21.31288],[-99.70757,21.31455],[-99.6713,21.30119],[-99.67801,21.28881],[-99.69908,21.2667],[-99.69871,21.24075],[-99.68785,21.22578],[-99.73848,21.23582],[-99.75811,21.2164],[-99.77583,21.20728],[-99.77697,21.19594],[-99.80802,21.17625],[-99.81506,21.16701],[-99.83043,21.15751],[-99.87165,21.16971],[-99.88825,21.1696],[-99.88861,21.17379],[-99.90422,21.18532],[-99.8952,21.20444],[-99.8847,21.24841],[-99.8747,21.26964],[-99.8695,21.30653],[-99.85926,21.34031],[-99.82974,21.37738],[-99.83085,21.38369],[-99.81278,21.38316],[-99.79694,21.39479]]]}},{"type":"Feature","properties":{"code":"11002","stateCode":"11","municipalityCode":"002","name":"Acámbaro"},"geometry":{"type":"Polygon","coordinates":[[[-100.67612,20.22851],[-100.6415,20.2141],[-100.62964,20.19864],[-100.63461,20.19732],[-100.64048,20.18463],[-100.65347,20.17939],[-100.65127,20.15436],[-100.62828,20.15263],[-100.62383,20.14869],[-100.62051,20.14898],[-100.62084,20.15174],[-100.61479,20.14731],[-100.60649,20.15466],[-100.60261,20.15249],[-100.60547,20.1478],[-100.60108,20.14355],[-100.5997,20.12323],[-100.5868,20.09174],[-100.57948,20.09024],[-100.5837,20.07992],[-100.59631,20.07808],[-100.59725,20.06584],[-100.59323,20.06012],[-100.58502,20.06049],[-100.58355,20.06941],[-100.5757,20.08121],[-100.57652,20.06935],[-100.57017,20.07251],[-100.5718,20.0846],[-100.56842,20.08753],[-100.56546,20.07869],[-100.56195,20.08107],[-100.55453,20.07811],[-100.55442,20.08231],[-100.55058,20.07965],[-100.54322,20.08134],[-100.54708,20.0887],[-100.54299,20.09139],[-100.54596,20.09414],[-100.54248,20.09489],[-100.5431,20.09859],[-100.53815,20.10291],[-100.5321,20.10155],[-100.53731,20.09067],[-100.53358,20.08936],[-100.53406,20.08632],[-100.52935,20.08851],[-100.52791,20.08398],[-100.52312,20.08925],[-100.51953,20.08622],[-100.51591,20.08738],[-100.52122,20.08405],[-100.52284,20.0754],[-100.51236,20.07082],[-100.50817,20.07597],[-100.50964,20.07959],[-100.50309,20.07731],[-100.50182,20.08269],[-100.50045,20.07691],[-100.49197,20.07572],[-100.49624,20.07296],[-100.49544,20.06966],[-100.50551,20.06676],[-100.499,20.06399],[-100.49298,20.06571],[-100.4904,20.05858],[-100.48172,20.05342],[-100.49069,20.05461],[-100.49249,20.05121],[-100.49716,20.05611],[-100.49685,20.04868],[-100.50062,20.05028],[-100.50305,20.04783],[-100.49767,20.03458],[-100.50078,20.02831],[-100.49394,20.02778],[-100.49337,20.02372],[-100.50335,20.02695],[-100.49982,20.03266],[-100.50708,20.04192],[-100.5087,20.05297],[-100.50459,20.05336],[-100.50801,20.05452],[-100.50839,20.05832],[-100.50238,20.06202],[-100.51943,20.05897],[-100.51958,20.06144],[-100.50937,20.06328],[-100.52842,20.07377],[-100.53199,20.07225],[-100.52898,20.07655],[-100.53272,20.07854],[-100.5639,20.07314],[-100.55747,20.06666],[-100.5494,20.06566],[-100.55156,20.06202],[-100.54502,20.0623],[-100.55074,20.05818],[-100.56141,20.06273],[-100.57627,20.05605],[-100.55092,20.05075],[-100.54728,20.04552],[-100.55269,20.04426],[-100.55705,20.03579],[-100.55636,20.04554],[-100.56505,20.0491],[-100.56798,20.03262],[-100.57039,20.04557],[-100.57481,20.04817],[-100.57589,20.01975],[-100.58255,20.02081],[-100.5882,20.00435],[-100.59593,19.9984],[-100.61757,19.95769],[-100.64887,19.958],[-100.66038,19.96455],[-100.68065,19.95046],[-100.71882,19.94052],[-100.73281,19.93062],[-100.74875,19.91275],[-100.7535,19.91712],[-100.772,19.91792],[-100.77881,19.91515],[-100.79206,19.95557],[-100.80221,19.95834],[-100.81239,19.97139],[-100.8243,19.97833],[-100.83287,19.9724],[-100.83023,19.95413],[-100.83576,19.9346],[-100.85452,19.93491],[-100.85301,19.94165],[-100.86029,19.94894],[-100.8727,19.94405],[-100.88261,19.94393],[-100.90601,19.96158],[-100.92979,19.95643],[-100.93258,19.95349],[-100.94754,19.96255],[-100.94788,19.93356],[-100.96441,19.92827],[-100.97184,19.92998],[-100.97662,19.93534],[-100.98198,19.95606],[-101.00344,19.95356],[-101.00458,19.96659],[-100.98784,19.97898],[-100.97671,19.98274],[-100.98052,19.98722],[-100.97927,19.9938],[-100.9834,19.99654],[-100.9827,20.00263],[-100.95071,20.0065],[-100.95011,20.01752],[-100.9444,20.01814],[-100.94585,20.02405],[-100.94197,20.02407],[-100.94161,20.02847],[-100.92441,20.02846],[-100.92782,20.03706],[-100.92219,20.03899],[-100.91848,20.05549],[-100.90825,20.05123],[-100.90417,20.05409],[-100.9071,20.0574],[-100.90036,20.05754],[-100.90572,20.06307],[-100.90342,20.06731],[-100.88978,20.05828],[-100.89401,20.06468],[-100.89166,20.07579],[-100.87677,20.08154],[-100.87454,20.08509],[-100.88723,20.08434],[-100.89562,20.09045],[-100.89137,20.1008],[-100.89671,20.10942],[-100.88828,20.12311],[-100.88163,20.1285],[-100.86756,20.12824],[-100.86595,20.12437],[-100.87386,20.12294],[-100.87747,20.11625],[-100.86743,20.10379],[-100.86036,20.12738],[-100.84364,20.12889],[-100.83451,20.13402],[-100.83706,20.14132],[-100.82893,20.1466],[-100.82773,20.14001],[-100.82027,20.14122],[-100.8205,20.1476],[-100.82649,20.14938],[-100.82212,20.15607],[-100.81256,20.15935],[-100.81212,20.16193],[-100.78173,20.17309],[-100.7461,20.17631],[-100.73387,20.18121],[-100.72937,20.17055],[-100.73464,20.16721],[-100.73351,20.16154],[-100.72802,20.16212],[-100.72154,20.16629],[-100.7248,20.16827],[-100.72657,20.18327],[-100.72088,20.18549],[-100.71383,20.19583],[-100.70689,20.19472],[-100.69036,20.20921],[-100.67612,20.22851]]]}},{"type":"Feature","properties":{"code":"11012","stateCode":"11","municipalityCode":"012","name":"Cuerámaro"},"geometry":{"type":"Polygon","coordinates":[[[-101.70886,20.7036],[-101.69355,20.70051],[-101.68951,20.69377],[-101.67702,20.69122],[-101.65573,20.6915],[-101.64651,20.68743],[-101.63715,20.69461],[-101.63664,20.687],[-101.62307,20.67809],[-101.62392,20.67239],[-101.62035,20.67078],[-101.61839,20.66431],[-101.62164,20.6608],[-101.61758,20.65642],[-101.61256,20.65765],[-101.6103,20.65517],[-101.60878,20.65866],[-101.59919,20.65439],[-101.59054,20.64236],[-101.5802,20.63887],[-101.58044,20.6328],[-101.5865,20.63034],[-101.58744,20.63513],[-101.59039,20.62991],[-101.58933,20.62517],[-101.57782,20.61947],[-101.58348,20.59068],[-101.57912,20.58314],[-101.58769,20.57818],[-101.59211,20.57943],[-101.59518,20.56975],[-101.59373,20.56262],[-101.58642,20.55827],[-101.58998,20.55645],[-101.59041,20.55016],[-101.58888,20.54649],[-101.58479,20.54611],[-101.58609,20.53481],[-101.60494,20.52703],[-101.63521,20.52839],[-101.63419,20.54773],[-101.65221,20.55286],[-101.66371,20.54774],[-101.6696,20.53656],[-101.72232,20.53816],[-101.72395,20.55392],[-101.74221,20.55546],[-101.74386,20.56378],[-101.71116,20.56431],[-101.71139,20.56844],[-101.71689,20.57197],[-101.70939,20.5771],[-101.70778,20.58438],[-101.71254,20.58912],[-101.71518,20.60404],[-101.71786,20.60309],[-101.71804,20.60825],[-101.73608,20.60132],[-101.74144,20.60182],[-101.74168,20.60532],[-101.75618,20.60545],[-101.76641,20.61923],[-101.77069,20.61728],[-101.77617,20.62273],[-101.76731,20.62403],[-101.76744,20.62795],[-101.76222,20.62936],[-101.76222,20.63236],[-101.77693,20.63722],[-101.76041,20.6405],[-101.75719,20.64873],[-101.75885,20.65521],[-101.74999,20.65804],[-101.75347,20.66464],[-101.74358,20.67566],[-101.74388,20.66393],[-101.74273,20.6642],[-101.73184,20.68328],[-101.73392,20.6874],[-101.74245,20.68909],[-101.73603,20.69529],[-101.72891,20.69165],[-101.71983,20.70204],[-101.70886,20.7036]]]}},{"type":"Feature","properties":{"code":"11013","stateCode":"11","municipalityCode":"013","name":"Doctor Mora"},"geometry":{"type":"Polygon","coordinates":[[[-100.33276,21.21022],[-100.31471,21.20529],[-100.31395,21.20067],[-100.30801,21.19834],[-100.30769,21.19001],[-100.29711,21.19021],[-100.30353,21.18417],[-100.29109,21.16827],[-100.27724,21.16357],[-100.26986,21.15199],[-100.25569,21.14179],[-100.25656,21.136],[-100.2422,21.12537],[-100.24009,21.12049],[-100.24375,21.11383],[-100.24092,21.11213],[-100.25374,21.08735],[-100.29216,21.09789],[-100.30296,21.07518],[-100.32785,21.08126],[-100.3255,21.09255],[-100.34566,21.09294],[-100.35038,21.0853],[-100.35985,21.08966],[-100.35923,21.09441],[-100.45587,21.10553],[-100.48573,21.1788],[-100.4435,21.19209],[-100.44453,21.18321],[-100.43246,21.17543],[-100.42274,21.17879],[-100.42915,21.18531],[-100.4198,21.18499],[-100.40805,21.17732],[-100.40527,21.16959],[-100.39155,21.19132],[-100.36029,21.19113],[-100.3566,21.19487],[-100.3572,21.20404],[-100.34887,21.21377],[-100.34349,21.21658],[-100.34343,21.21191],[-100.33735,21.21097],[-100.33835,21.2194],[-100.33276,21.21022]]]}},{"type":"Feature","properties":{"code":"11007","stateCode":"11","municipalityCode":"007","name":"Celaya"},"geometry":{"type":"Polygon","coordinates":[[[-100.66663,20.68837],[-100.65252,20.67118],[-100.64604,20.66704],[-100.63488,20.66677],[-100.63527,20.66214],[-100.64299,20.65289],[-100.65363,20.65929],[-100.67231,20.6641],[-100.66786,20.64684],[-100.65957,20.64601],[-100.66267,20.62909],[-100.66742,20.62996],[-100.66652,20.62307],[-100.67543,20.62141],[-100.67612,20.61806],[-100.69833,20.62117],[-100.71108,20.58329],[-100.71265,20.5678],[-100.72989,20.56921],[-100.7416,20.55269],[-100.74301,20.55494],[-100.74215,20.55169],[-100.75099,20.54955],[-100.75321,20.54095],[-100.75894,20.53511],[-100.76486,20.51469],[-100.76446,20.50809],[-100.74139,20.49824],[-100.74898,20.48532],[-100.7381,20.48336],[-100.73907,20.47939],[-100.7297,20.47695],[-100.72592,20.48543],[-100.71925,20.4865],[-100.69378,20.479],[-100.69177,20.44078],[-100.69586,20.4389],[-100.694,20.42488],[-100.6907,20.42403],[-100.69874,20.41599],[-100.69697,20.40782],[-100.70112,20.40653],[-100.70156,20.40094],[-100.70889,20.40264],[-100.71027,20.40915],[-100.71476,20.41165],[-100.71988,20.4057],[-100.7278,20.40523],[-100.72667,20.40145],[-100.73034,20.39939],[-100.72587,20.3968],[-100.72498,20.39164],[-100.73993,20.37948],[-100.73743,20.37386],[-100.78124,20.37518],[-100.78485,20.35605],[-100.79492,20.36182],[-100.79643,20.35879],[-100.84441,20.39181],[-100.82667,20.43146],[-100.85196,20.4391],[-100.84664,20.48427],[-100.86637,20.49152],[-100.8758,20.49152],[-100.8915,20.49977],[-100.89345,20.49531],[-100.902,20.49613],[-100.90381,20.50301],[-100.90747,20.50221],[-100.90939,20.52047],[-100.89869,20.51982],[-100.89852,20.52679],[-100.88695,20.52655],[-100.88654,20.53751],[-100.90867,20.52996],[-100.91152,20.57124],[-100.90339,20.57001],[-100.90275,20.57644],[-100.88921,20.57526],[-100.88802,20.58659],[-100.87406,20.58506],[-100.88496,20.62876],[-100.87048,20.62856],[-100.86972,20.63613],[-100.86682,20.63679],[-100.86873,20.64989],[-100.86217,20.65602],[-100.86469,20.66111],[-100.85139,20.66669],[-100.82337,20.66437],[-100.81287,20.67339],[-100.81249,20.68643],[-100.8099,20.68532],[-100.80933,20.68825],[-100.7934,20.6815],[-100.79024,20.67685],[-100.77883,20.67702],[-100.77798,20.67127],[-100.7689,20.6709],[-100.77479,20.66171],[-100.76702,20.65009],[-100.76666,20.64302],[-100.76214,20.64978],[-100.75822,20.64834],[-100.74228,20.65405],[-100.73811,20.65786],[-100.74113,20.66218],[-100.72235,20.67978],[-100.69508,20.68253],[-100.68079,20.68806],[-100.67577,20.68374],[-100.66663,20.68837]]]}},{"type":"Feature","properties":{"code":"11019","stateCode":"11","municipalityCode":"019","name":"Jerécuaro"},"geometry":{"type":"Polygon","coordinates":[[[-100.44351,20.38704],[-100.40967,20.3757],[-100.40954,20.37069],[-100.39336,20.34787],[-100.39079,20.33641],[-100.39202,20.31433],[-100.38638,20.30685],[-100.3909,20.3014],[-100.37943,20.29491],[-100.37359,20.296],[-100.36167,20.28576],[-100.37463,20.28186],[-100.37994,20.28787],[-100.39545,20.28645],[-100.40816,20.27737],[-100.40403,20.27304],[-100.40934,20.27162],[-100.4092,20.25617],[-100.41517,20.23727],[-100.41934,20.22959],[-100.43047,20.22244],[-100.43004,20.21797],[-100.43478,20.21745],[-100.43269,20.20493],[-100.42896,20.20622],[-100.43122,20.20352],[-100.42946,20.18996],[-100.4462,20.18765],[-100.44585,20.17859],[-100.44943,20.17548],[-100.41965,20.173],[-100.41801,20.17545],[-100.41347,20.17118],[-100.40369,20.18049],[-100.40056,20.17973],[-100.39452,20.16959],[-100.39503,20.16134],[-100.40163,20.16101],[-100.40367,20.15027],[-100.42342,20.15006],[-100.42173,20.14056],[-100.40123,20.12649],[-100.39361,20.1328],[-100.39206,20.14136],[-100.38118,20.14223],[-100.38312,20.12939],[-100.38086,20.13007],[-100.39151,20.12103],[-100.38529,20.10451],[-100.39726,20.09695],[-100.38975,20.08082],[-100.35826,20.06492],[-100.36204,20.05344],[-100.35438,20.02779],[-100.35497,20.01012],[-100.35927,20.00974],[-100.36051,20.02396],[-100.36471,20.01971],[-100.3704,20.02127],[-100.36293,19.98986],[-100.38683,19.98891],[-100.40502,19.98383],[-100.40978,19.98753],[-100.44853,19.98276],[-100.44794,19.98635],[-100.45429,19.99123],[-100.45735,19.99999],[-100.45336,20.00307],[-100.45619,20.00759],[-100.46501,20.00977],[-100.46763,20.00662],[-100.4716,20.012],[-100.47757,20.00757],[-100.49421,20.02037],[-100.49234,20.0266],[-100.50078,20.02831],[-100.49767,20.03458],[-100.50305,20.04783],[-100.50062,20.05028],[-100.49685,20.04868],[-100.49716,20.05611],[-100.49249,20.05121],[-100.48908,20.05488],[-100.48182,20.05214],[-100.4904,20.05858],[-100.49298,20.06571],[-100.50545,20.06607],[-100.50139,20.0697],[-100.49544,20.06966],[-100.49624,20.07296],[-100.49197,20.07572],[-100.50045,20.07691],[-100.50182,20.08269],[-100.50309,20.07731],[-100.50964,20.07959],[-100.50817,20.07597],[-100.51236,20.07082],[-100.52284,20.0754],[-100.52122,20.08405],[-100.51601,20.08538],[-100.51591,20.08738],[-100.51953,20.08622],[-100.52312,20.08925],[-100.52791,20.08398],[-100.52935,20.08851],[-100.53406,20.08632],[-100.53358,20.08936],[-100.53731,20.09067],[-100.5321,20.10155],[-100.53815,20.10291],[-100.5431,20.09859],[-100.54248,20.09489],[-100.54596,20.09414],[-100.54299,20.09139],[-100.54708,20.0887],[-100.54322,20.08134],[-100.55058,20.07965],[-100.55442,20.08231],[-100.55453,20.07811],[-100.56195,20.08107],[-100.56546,20.07869],[-100.56842,20.08753],[-100.5718,20.0846],[-100.57017,20.07251],[-100.57652,20.06935],[-100.5757,20.08121],[-100.58355,20.06941],[-100.58502,20.06049],[-100.59323,20.06012],[-100.59725,20.06584],[-100.59631,20.07808],[-100.5837,20.07992],[-100.57948,20.09024],[-100.5868,20.09174],[-100.5997,20.12323],[-100.60108,20.14355],[-100.60547,20.1478],[-100.60261,20.15249],[-100.60649,20.15466],[-100.61479,20.14731],[-100.62084,20.15174],[-100.62051,20.14898],[-100.62383,20.14869],[-100.62828,20.15263],[-100.65127,20.15436],[-100.65347,20.17939],[-100.64048,20.18463],[-100.63461,20.19732],[-100.62964,20.19864],[-100.6415,20.2141],[-100.678,20.2299],[-100.67788,20.25743],[-100.6698,20.27777],[-100.68321,20.28371],[-100.67575,20.29404],[-100.68128,20.29436],[-100.68136,20.30165],[-100.67762,20.30697],[-100.68697,20.32141],[-100.66633,20.33801],[-100.67062,20.34281],[-100.66573,20.34672],[-100.6626,20.3468],[-100.66104,20.34231],[-100.6536,20.34814],[-100.64308,20.34814],[-100.6033,20.33045],[-100.5931,20.32572],[-100.58602,20.31054],[-100.5486,20.32815],[-100.5418,20.33463],[-100.50859,20.33238],[-100.48066,20.35484],[-100.47846,20.37249],[-100.46878,20.384],[-100.46954,20.38694],[-100.44351,20.38704]]]}},{"type":"Feature","properties":{"code":"11035","stateCode":"11","municipalityCode":"035","name":"Santa Cruz de Juventino Rosas"},"geometry":{"type":"Polygon","coordinates":[[[-101.06515,20.81314],[-101.0341,20.80022],[-101.0331,20.78478],[-101.0023,20.78234],[-100.97384,20.79386],[-100.96714,20.77998],[-100.97158,20.77722],[-100.96956,20.7678],[-100.9734,20.75815],[-100.97186,20.7479],[-100.97502,20.74725],[-100.97685,20.75078],[-100.982,20.74868],[-100.98001,20.73068],[-100.97437,20.73994],[-100.9735,20.73257],[-100.96678,20.73207],[-100.96509,20.73473],[-100.95678,20.69755],[-100.94616,20.70083],[-100.94432,20.69658],[-100.94124,20.69698],[-100.94094,20.70051],[-100.93294,20.70203],[-100.93371,20.70008],[-100.93395,20.69796],[-100.93194,20.69826],[-100.93311,20.70092],[-100.92889,20.7028],[-100.92627,20.70104],[-100.92755,20.69548],[-100.91853,20.69683],[-100.91213,20.69069],[-100.88442,20.6982],[-100.8518,20.68163],[-100.86058,20.66115],[-100.86543,20.65964],[-100.86217,20.65602],[-100.86873,20.64989],[-100.86682,20.63679],[-100.86972,20.63613],[-100.87048,20.62856],[-100.88496,20.62876],[-100.87406,20.58506],[-100.88802,20.58659],[-100.88921,20.57526],[-100.90275,20.57644],[-100.90339,20.57001],[-100.91092,20.56957],[-100.92707,20.57237],[-100.92695,20.57818],[-100.94823,20.57839],[-100.95095,20.58234],[-100.96547,20.57901],[-100.96724,20.57501],[-100.97006,20.57765],[-100.97499,20.57662],[-100.97962,20.59165],[-100.99093,20.58695],[-100.99015,20.57837],[-101.00171,20.58126],[-101.00276,20.57437],[-100.99666,20.57376],[-100.99668,20.56994],[-101.0229,20.56102],[-101.02939,20.56598],[-101.03639,20.56349],[-101.05743,20.57902],[-101.05124,20.55307],[-101.05502,20.55263],[-101.05621,20.55734],[-101.06169,20.55857],[-101.06786,20.5886],[-101.07027,20.58867],[-101.06757,20.59164],[-101.07107,20.59827],[-101.06644,20.59944],[-101.07048,20.61963],[-101.08333,20.62096],[-101.08587,20.63284],[-101.08016,20.63414],[-101.08076,20.63915],[-101.0647,20.64039],[-101.07,20.65454],[-101.05239,20.65976],[-101.05394,20.66347],[-101.07505,20.66143],[-101.0793,20.67147],[-101.03307,20.66792],[-101.0381,20.67493],[-101.06425,20.67606],[-101.06449,20.68892],[-101.07414,20.70144],[-101.09017,20.69963],[-101.09249,20.70319],[-101.09006,20.70896],[-101.11221,20.71021],[-101.11036,20.71522],[-101.10057,20.72206],[-101.09993,20.7298],[-101.10565,20.73176],[-101.1003,20.73484],[-101.10275,20.74262],[-101.11134,20.74215],[-101.11818,20.74831],[-101.1205,20.7571],[-101.10895,20.75513],[-101.10867,20.7628],[-101.09693,20.76166],[-101.09798,20.77154],[-101.08663,20.78763],[-101.09376,20.78639],[-101.092,20.78962],[-101.08515,20.79706],[-101.08084,20.79635],[-101.08056,20.80163],[-101.07019,20.80246],[-101.06939,20.81001],[-101.06515,20.81314]]]}},{"type":"Feature","properties":{"code":"11018","stateCode":"11","municipalityCode":"018","name":"Jaral del Progreso"},"geometry":{"type":"Polygon","coordinates":[[[-101.06987,20.45411],[-101.05432,20.44858],[-101.05149,20.45195],[-101.044,20.45159],[-101.04298,20.44133],[-101.03347,20.43487],[-101.02826,20.40807],[-101.01986,20.39974],[-101.01903,20.40738],[-101.01125,20.4069],[-101.01208,20.38706],[-101.02116,20.36913],[-101.01661,20.36969],[-101.01063,20.35821],[-101.00482,20.36435],[-100.99884,20.3657],[-100.9872,20.3525],[-100.98697,20.34842],[-100.9799,20.34883],[-100.9774,20.33531],[-100.98746,20.33161],[-100.97878,20.31772],[-100.98157,20.31335],[-100.98761,20.31404],[-100.98944,20.30797],[-100.99963,20.30684],[-101.00563,20.28552],[-101.02135,20.28754],[-101.02141,20.28363],[-101.02723,20.28427],[-101.04179,20.2775],[-101.04435,20.27909],[-101.04901,20.27503],[-101.05471,20.27713],[-101.05574,20.28092],[-101.07005,20.28552],[-101.07942,20.30688],[-101.09672,20.30907],[-101.09851,20.31678],[-101.10951,20.3172],[-101.10611,20.3461],[-101.11305,20.39805],[-101.10203,20.40555],[-101.09806,20.40415],[-101.08625,20.4091],[-101.08729,20.41525],[-101.10033,20.41688],[-101.09398,20.42495],[-101.10149,20.43516],[-101.09314,20.4355],[-101.09401,20.44066],[-101.09122,20.43905],[-101.08458,20.44495],[-101.07904,20.43689],[-101.074,20.43686],[-101.06987,20.45411]]]}},{"type":"Feature","properties":{"code":"11008","stateCode":"11","municipalityCode":"008","name":"Manuel Doblado"},"geometry":{"type":"Polygon","coordinates":[[[-101.86109,20.84614],[-101.86189,20.83617],[-101.85641,20.82686],[-101.85248,20.83189],[-101.8551,20.83623],[-101.85272,20.84052],[-101.84808,20.83759],[-101.8468,20.83973],[-101.84573,20.83615],[-101.80802,20.83632],[-101.80453,20.83413],[-101.80983,20.82424],[-101.77075,20.79964],[-101.74531,20.79386],[-101.73485,20.79487],[-101.74057,20.7931],[-101.74796,20.78424],[-101.74254,20.77938],[-101.7326,20.77901],[-101.72879,20.78608],[-101.72379,20.78462],[-101.71867,20.78843],[-101.69412,20.784],[-101.68775,20.78924],[-101.68259,20.78928],[-101.67811,20.77093],[-101.68846,20.76866],[-101.6888,20.75235],[-101.69436,20.74901],[-101.69659,20.74298],[-101.69381,20.7386],[-101.70148,20.72773],[-101.69069,20.70994],[-101.69067,20.69605],[-101.69355,20.70051],[-101.7089,20.70361],[-101.71983,20.70204],[-101.72891,20.69165],[-101.73603,20.69529],[-101.74245,20.68909],[-101.73392,20.6874],[-101.73184,20.68328],[-101.74273,20.6642],[-101.74358,20.67566],[-101.75347,20.66464],[-101.74999,20.65804],[-101.75885,20.65521],[-101.75719,20.64873],[-101.76041,20.6405],[-101.77693,20.63722],[-101.76282,20.63296],[-101.76222,20.62936],[-101.76744,20.62795],[-101.76731,20.62403],[-101.79462,20.61722],[-101.79521,20.61373],[-101.8072,20.6072],[-101.80345,20.59538],[-101.80845,20.59526],[-101.80738,20.58456],[-101.81285,20.58368],[-101.81232,20.57873],[-101.82548,20.57717],[-101.82456,20.57446],[-101.83454,20.57054],[-101.84435,20.57358],[-101.84854,20.5717],[-101.84934,20.57418],[-101.85144,20.55615],[-101.85795,20.54],[-101.86822,20.54202],[-101.86714,20.54607],[-101.87315,20.54787],[-101.8819,20.54505],[-101.89015,20.54695],[-101.89496,20.5631],[-101.93084,20.5456],[-101.92888,20.56772],[-101.96896,20.56238],[-101.9699,20.56881],[-101.9628,20.57024],[-101.96703,20.57934],[-101.95931,20.58684],[-101.95801,20.59834],[-101.95114,20.60743],[-101.95874,20.60879],[-101.95708,20.63264],[-101.96413,20.63894],[-101.97119,20.63761],[-101.96791,20.64462],[-101.97017,20.65801],[-101.96791,20.66338],[-101.97375,20.66432],[-101.97373,20.66066],[-101.98138,20.65753],[-101.98194,20.66333],[-101.99039,20.66089],[-101.99712,20.66471],[-102.00471,20.66033],[-102.01384,20.66444],[-102.01408,20.67119],[-102.01909,20.67618],[-102.01249,20.71392],[-102.01439,20.71706],[-102.02806,20.71984],[-102.03774,20.7174],[-102.04037,20.72325],[-102.03425,20.73548],[-102.03446,20.74214],[-102.04206,20.7405],[-102.04354,20.73742],[-102.06138,20.73705],[-102.06449,20.73875],[-102.06104,20.74852],[-102.07296,20.74777],[-102.07233,20.7594],[-102.06564,20.76676],[-102.06974,20.78786],[-102.06189,20.78804],[-102.05559,20.81197],[-102.04532,20.81828],[-102.04781,20.81945],[-102.03789,20.82286],[-102.03376,20.82294],[-102.03263,20.81983],[-102.01691,20.82416],[-101.99716,20.82422],[-101.99899,20.83309],[-101.99603,20.83521],[-101.93843,20.82897],[-101.94121,20.82056],[-101.93488,20.81014],[-101.86109,20.84614]]]}},{"type":"Feature","properties":{"code":"11041","stateCode":"11","municipalityCode":"041","name":"Uriangato"},"geometry":{"type":"Polygon","coordinates":[[[-101.20269,20.20015],[-101.19801,20.19736],[-101.19698,20.18234],[-101.17836,20.18137],[-101.17606,20.18866],[-101.18003,20.19206],[-101.17418,20.19182],[-101.17031,20.17934],[-101.16505,20.18007],[-101.16505,20.1855],[-101.16086,20.18214],[-101.15543,20.18754],[-101.14517,20.18978],[-101.15552,20.17737],[-101.15932,20.16032],[-101.13733,20.16636],[-101.12585,20.16456],[-101.1242,20.15587],[-101.1193,20.15518],[-101.11484,20.14642],[-101.11584,20.14101],[-101.10959,20.14335],[-101.107,20.13606],[-101.10342,20.13651],[-101.10208,20.12897],[-101.09584,20.13147],[-101.09598,20.12645],[-101.09022,20.12458],[-101.09339,20.11419],[-101.09949,20.11379],[-101.09316,20.10427],[-101.09054,20.10615],[-101.08613,20.0957],[-101.08188,20.09724],[-101.08024,20.08285],[-101.11392,20.07723],[-101.13315,20.05998],[-101.15437,20.08503],[-101.16519,20.08716],[-101.17359,20.09783],[-101.17563,20.09592],[-101.16966,20.08231],[-101.17668,20.06451],[-101.19816,20.0574],[-101.19214,20.0477],[-101.19324,20.03447],[-101.21184,20.03768],[-101.21019,20.04744],[-101.20324,20.04623],[-101.20499,20.07061],[-101.19623,20.07235],[-101.19251,20.0791],[-101.19536,20.09143],[-101.19974,20.09144],[-101.20068,20.10586],[-101.18966,20.10284],[-101.18525,20.10582],[-101.18165,20.12361],[-101.17802,20.12163],[-101.18466,20.13934],[-101.19154,20.13849],[-101.20194,20.14835],[-101.20319,20.15198],[-101.19931,20.15344],[-101.19908,20.15969],[-101.19425,20.16025],[-101.20942,20.16147],[-101.21126,20.16628],[-101.21236,20.17414],[-101.20682,20.18186],[-101.20753,20.19314],[-101.20269,20.20015]]]}},{"type":"Feature","properties":{"code":"11028","stateCode":"11","municipalityCode":"028","name":"Salvatierra"},"geometry":{"type":"Polygon","coordinates":[[[-100.88223,20.38116],[-100.88016,20.35499],[-100.8276,20.35282],[-100.82815,20.34619],[-100.81908,20.34533],[-100.82958,20.33052],[-100.81864,20.32972],[-100.8182,20.32474],[-100.80202,20.32367],[-100.80758,20.31746],[-100.80785,20.31967],[-100.82214,20.32109],[-100.82635,20.3125],[-100.82462,20.29864],[-100.83224,20.29554],[-100.83067,20.29004],[-100.84311,20.27938],[-100.83781,20.27882],[-100.83652,20.25921],[-100.82129,20.26008],[-100.8211,20.25166],[-100.81308,20.25213],[-100.81264,20.24648],[-100.80981,20.24637],[-100.8291,20.24139],[-100.81525,20.23968],[-100.81601,20.23584],[-100.80638,20.22895],[-100.80586,20.23313],[-100.79713,20.2362],[-100.79468,20.23135],[-100.78961,20.23213],[-100.788,20.20873],[-100.77365,20.20881],[-100.774,20.19437],[-100.78219,20.19531],[-100.78173,20.17309],[-100.82212,20.15607],[-100.82649,20.14938],[-100.8205,20.1476],[-100.82027,20.14122],[-100.82773,20.14001],[-100.82893,20.1466],[-100.83706,20.14132],[-100.83451,20.13402],[-100.84364,20.12889],[-100.86036,20.12738],[-100.86743,20.10379],[-100.87747,20.11625],[-100.87386,20.12294],[-100.86595,20.12437],[-100.86756,20.12824],[-100.88163,20.1285],[-100.88861,20.12281],[-100.89671,20.10942],[-100.89137,20.1008],[-100.89562,20.09045],[-100.88723,20.08434],[-100.87454,20.08509],[-100.87677,20.08154],[-100.89166,20.07579],[-100.89401,20.06468],[-100.88978,20.05828],[-100.90342,20.06731],[-100.90572,20.06307],[-100.90036,20.05754],[-100.9071,20.0574],[-100.9047,20.05356],[-100.90825,20.05123],[-100.91848,20.05549],[-100.92011,20.0528],[-100.92219,20.03899],[-100.92782,20.03706],[-100.92441,20.02846],[-100.94138,20.02864],[-100.94197,20.02407],[-100.94585,20.02405],[-100.9444,20.01814],[-100.95011,20.01752],[-100.95071,20.0065],[-100.97028,20.00517],[-100.96764,20.01129],[-100.97818,20.01673],[-100.98082,20.02345],[-100.98854,20.02715],[-101.00809,20.02809],[-101.00437,20.03032],[-101.00357,20.03796],[-101.0127,20.03776],[-101.01421,20.04035],[-101.01399,20.04571],[-100.99272,20.06449],[-101.01179,20.08152],[-101.00647,20.08541],[-101.00734,20.09978],[-100.99841,20.1039],[-101.00053,20.1096],[-100.9939,20.12055],[-100.97875,20.11824],[-100.97882,20.13182],[-100.96193,20.1291],[-100.95863,20.13383],[-100.95046,20.13398],[-100.94748,20.13348],[-100.94717,20.12579],[-100.94337,20.12623],[-100.94535,20.15341],[-100.92875,20.15057],[-100.92926,20.15747],[-100.93866,20.16285],[-100.94157,20.18707],[-100.95776,20.19774],[-100.99342,20.20539],[-100.99277,20.20795],[-101.02127,20.21047],[-101.0201,20.20013],[-101.04755,20.21223],[-101.05185,20.21692],[-101.04048,20.24135],[-101.03637,20.24169],[-101.03464,20.25058],[-101.04984,20.25285],[-101.05007,20.25628],[-101.03939,20.2801],[-101.02141,20.28363],[-101.02135,20.28754],[-101.00563,20.28552],[-100.99963,20.30684],[-100.98944,20.30797],[-100.98761,20.31404],[-100.98157,20.31335],[-100.97878,20.31772],[-100.98425,20.32836],[-100.9697,20.33853],[-100.91042,20.34134],[-100.89876,20.37855],[-100.88223,20.38116]]]}},{"type":"Feature","properties":{"code":"11040","stateCode":"11","municipalityCode":"040","name":"Tierra Blanca"},"geometry":{"type":"Polygon","coordinates":[[[-100.15213,21.15511],[-100.14787,21.15252],[-100.14754,21.14418],[-100.14253,21.14141],[-100.1307,21.14411],[-100.12686,21.13068],[-100.10784,21.12658],[-100.10806,21.11264],[-100.10433,21.1135],[-100.11177,21.10933],[-100.11024,21.10701],[-100.07112,21.09104],[-100.06793,21.08018],[-100.06997,21.07658],[-100.07657,21.07729],[-100.07674,21.07263],[-100.0802,21.07048],[-100.0744,21.05862],[-100.06446,21.06061],[-100.06324,21.05485],[-100.05465,21.05021],[-100.05185,21.05367],[-100.04338,21.04672],[-100.03456,21.05211],[-100.02138,21.04696],[-100.0147,21.05097],[-100.00666,21.04639],[-100.01087,21.04305],[-100.01107,21.0285],[-100.02256,21.01462],[-100.02906,21.01506],[-100.05448,21.02779],[-100.06123,21.02852],[-100.06895,21.02281],[-100.06075,21.00582],[-100.07376,20.99176],[-100.06985,20.98349],[-100.07804,20.97266],[-100.06981,20.96479],[-100.0688,20.95791],[-100.08074,20.94986],[-100.0669,20.9422],[-100.06417,20.93629],[-100.09274,20.93168],[-100.11783,20.92216],[-100.12696,20.92807],[-100.12879,20.93442],[-100.13531,20.93726],[-100.17837,20.93867],[-100.18153,20.9304],[-100.20089,20.93701],[-100.24554,20.96333],[-100.22916,20.97983],[-100.23849,20.97877],[-100.24927,20.98318],[-100.24722,20.99725],[-100.25314,21.00449],[-100.24691,21.00882],[-100.24943,21.01184],[-100.25727,21.01089],[-100.2581,21.02212],[-100.26094,21.02344],[-100.25691,21.0249],[-100.2543,21.03358],[-100.25951,21.03796],[-100.2549,21.04633],[-100.2617,21.05591],[-100.26726,21.05694],[-100.26945,21.0621],[-100.26616,21.06115],[-100.26461,21.06422],[-100.26714,21.06867],[-100.281,21.07211],[-100.28006,21.08869],[-100.29333,21.09233],[-100.29216,21.09789],[-100.25374,21.08735],[-100.24092,21.11213],[-100.24375,21.11383],[-100.24009,21.12049],[-100.20691,21.1074],[-100.20485,21.12215],[-100.18832,21.1312],[-100.1741,21.13169],[-100.16345,21.1365],[-100.16195,21.1453],[-100.15213,21.15511]]]}},{"type":"Feature","properties":{"code":"11042","stateCode":"11","municipalityCode":"042","name":"Valle de Santiago"},"geometry":{"type":"Polygon","coordinates":[[[-101.33963,20.54718],[-101.32147,20.53507],[-101.30893,20.53881],[-101.30976,20.52603],[-101.29863,20.53462],[-101.28189,20.53266],[-101.28555,20.51928],[-101.29196,20.51522],[-101.28991,20.50861],[-101.29381,20.50843],[-101.29518,20.49652],[-101.27834,20.50236],[-101.27314,20.49676],[-101.25967,20.49486],[-101.25581,20.47671],[-101.25219,20.47559],[-101.25222,20.48043],[-101.24626,20.47883],[-101.24523,20.461],[-101.23602,20.46154],[-101.23967,20.4519],[-101.23428,20.45069],[-101.23175,20.46063],[-101.22559,20.45538],[-101.213,20.46432],[-101.21097,20.46954],[-101.20158,20.47108],[-101.18256,20.46801],[-101.18201,20.47802],[-101.16689,20.48419],[-101.1566,20.48492],[-101.1533,20.47789],[-101.14693,20.4798],[-101.13919,20.47423],[-101.13888,20.48361],[-101.12812,20.48993],[-101.11869,20.47542],[-101.11345,20.47316],[-101.11434,20.46807],[-101.1011,20.46156],[-101.10171,20.44806],[-101.09401,20.44066],[-101.09314,20.4355],[-101.10149,20.43516],[-101.09398,20.42495],[-101.10033,20.41688],[-101.08729,20.41525],[-101.08614,20.40952],[-101.09806,20.40415],[-101.10203,20.40555],[-101.11305,20.39805],[-101.10611,20.3461],[-101.10951,20.3172],[-101.09851,20.31678],[-101.09672,20.30907],[-101.07942,20.30688],[-101.07853,20.30065],[-101.08449,20.3012],[-101.09425,20.29092],[-101.11666,20.30238],[-101.11185,20.27689],[-101.12834,20.2768],[-101.14046,20.2705],[-101.13808,20.26584],[-101.14416,20.26239],[-101.1564,20.274],[-101.16908,20.27197],[-101.17845,20.25986],[-101.18888,20.25776],[-101.19667,20.24883],[-101.20523,20.24642],[-101.20798,20.26478],[-101.21245,20.26478],[-101.21287,20.26925],[-101.22287,20.28108],[-101.22629,20.28011],[-101.22583,20.27318],[-101.23287,20.28218],[-101.24465,20.28382],[-101.24641,20.29347],[-101.2904,20.28498],[-101.30534,20.28704],[-101.30052,20.27818],[-101.30193,20.27452],[-101.31399,20.27464],[-101.31426,20.27739],[-101.32045,20.27557],[-101.32415,20.26281],[-101.32854,20.26598],[-101.3253,20.26737],[-101.32428,20.27377],[-101.33166,20.271],[-101.33163,20.26833],[-101.34357,20.27157],[-101.35671,20.25401],[-101.36354,20.25306],[-101.36144,20.24905],[-101.39532,20.24855],[-101.40648,20.26363],[-101.41559,20.26476],[-101.4197,20.27444],[-101.42515,20.27609],[-101.43548,20.27738],[-101.43686,20.26379],[-101.45593,20.26717],[-101.45897,20.2702],[-101.45381,20.27397],[-101.45837,20.27602],[-101.45717,20.28514],[-101.44498,20.28973],[-101.44455,20.2951],[-101.44972,20.29823],[-101.4402,20.30519],[-101.4567,20.30437],[-101.45492,20.31785],[-101.45154,20.31784],[-101.45094,20.3195],[-101.45682,20.31927],[-101.46013,20.32347],[-101.45495,20.33267],[-101.44648,20.33167],[-101.4412,20.33997],[-101.44294,20.35605],[-101.43716,20.35509],[-101.43415,20.35905],[-101.42875,20.37922],[-101.41891,20.37576],[-101.41092,20.38709],[-101.41264,20.39282],[-101.40467,20.39471],[-101.40692,20.40729],[-101.40127,20.40694],[-101.39258,20.41546],[-101.38426,20.41284],[-101.38002,20.41568],[-101.38071,20.42658],[-101.38861,20.44216],[-101.38966,20.45792],[-101.40267,20.4766],[-101.40263,20.48139],[-101.39866,20.48287],[-101.39501,20.4754],[-101.3903,20.4806],[-101.3908,20.48575],[-101.386,20.48223],[-101.37222,20.48749],[-101.367,20.50446],[-101.37007,20.51147],[-101.36792,20.52525],[-101.35142,20.53668],[-101.34094,20.53625],[-101.34239,20.54229],[-101.33963,20.54718]]]}},{"type":"Feature","properties":{"code":"11039","stateCode":"11","municipalityCode":"039","name":"Tarimoro"},"geometry":{"type":"Polygon","coordinates":[[[-100.69004,20.42382],[-100.68841,20.41696],[-100.67029,20.42319],[-100.66317,20.41027],[-100.66045,20.41255],[-100.65597,20.40678],[-100.65516,20.40159],[-100.65437,20.38441],[-100.66069,20.38531],[-100.65672,20.3522],[-100.6536,20.34814],[-100.66104,20.34231],[-100.66348,20.3475],[-100.67062,20.34281],[-100.66633,20.33801],[-100.68697,20.32141],[-100.67762,20.30697],[-100.68136,20.30165],[-100.68128,20.29436],[-100.67575,20.29404],[-100.68321,20.28371],[-100.6698,20.27777],[-100.67788,20.25743],[-100.67672,20.22895],[-100.69036,20.20921],[-100.70689,20.19472],[-100.71383,20.19583],[-100.72088,20.18549],[-100.72657,20.18327],[-100.7248,20.16827],[-100.72154,20.16629],[-100.72802,20.16212],[-100.73351,20.16154],[-100.73464,20.16721],[-100.72937,20.17055],[-100.73387,20.18121],[-100.7461,20.17631],[-100.78173,20.17309],[-100.78219,20.19531],[-100.774,20.19437],[-100.77365,20.20881],[-100.788,20.20873],[-100.78961,20.23213],[-100.79468,20.23135],[-100.79713,20.2362],[-100.80586,20.23313],[-100.80638,20.22895],[-100.81601,20.23584],[-100.81525,20.23968],[-100.8291,20.24139],[-100.80981,20.24637],[-100.81264,20.24648],[-100.81308,20.25213],[-100.8211,20.25166],[-100.82129,20.26008],[-100.83652,20.25921],[-100.83781,20.27882],[-100.84311,20.27938],[-100.83067,20.29004],[-100.83224,20.29554],[-100.82462,20.29864],[-100.82635,20.3125],[-100.82214,20.32109],[-100.80785,20.31967],[-100.80758,20.31746],[-100.80202,20.32367],[-100.8182,20.32474],[-100.81864,20.32972],[-100.82958,20.33052],[-100.81908,20.34533],[-100.82815,20.34619],[-100.82361,20.37515],[-100.79643,20.35879],[-100.79492,20.36182],[-100.78485,20.35605],[-100.78179,20.37498],[-100.73743,20.37386],[-100.73993,20.37948],[-100.72498,20.39164],[-100.72587,20.3968],[-100.73034,20.39939],[-100.72667,20.40145],[-100.7278,20.40523],[-100.71988,20.4057],[-100.71476,20.41165],[-100.71027,20.40915],[-100.70889,20.40264],[-100.69996,20.40126],[-100.70112,20.40653],[-100.69697,20.40782],[-100.69874,20.41599],[-100.69004,20.42382]]]}},{"type":"Feature","properties":{"code":"11032","stateCode":"11","municipalityCode":"032","name":"San José de Iturbide"},"geometry":{"type":"Polygon","coordinates":[[[-100.459,21.11496],[-100.45587,21.10553],[-100.35923,21.09441],[-100.35985,21.08966],[-100.35038,21.0853],[-100.34566,21.09294],[-100.3255,21.09255],[-100.32785,21.08126],[-100.31709,21.07687],[-100.31422,21.07897],[-100.30296,21.07518],[-100.29952,21.08518],[-100.29269,21.0926],[-100.28006,21.08869],[-100.281,21.07211],[-100.26714,21.06867],[-100.26466,21.06405],[-100.2693,21.06072],[-100.26599,21.05885],[-100.26688,21.0563],[-100.2617,21.05591],[-100.25417,21.04433],[-100.25951,21.03796],[-100.2543,21.03358],[-100.25691,21.0249],[-100.26094,21.02344],[-100.2581,21.02212],[-100.25727,21.01089],[-100.24943,21.01184],[-100.24691,21.00882],[-100.25314,21.00449],[-100.24722,20.99725],[-100.24927,20.98318],[-100.23849,20.97877],[-100.22913,20.97974],[-100.24554,20.96333],[-100.26362,20.971],[-100.26913,20.96721],[-100.27206,20.96303],[-100.2618,20.95337],[-100.26265,20.93349],[-100.26554,20.92925],[-100.29921,20.93133],[-100.30538,20.92383],[-100.29839,20.91529],[-100.33359,20.89073],[-100.39442,20.89217],[-100.4134,20.88743],[-100.45396,20.90018],[-100.45318,20.9232],[-100.47998,20.93017],[-100.4807,20.9373],[-100.48439,20.94101],[-100.48201,20.94427],[-100.48449,20.95414],[-100.49555,20.95676],[-100.49553,20.96414],[-100.50214,20.97683],[-100.51054,20.97013],[-100.52896,20.99233],[-100.52956,20.99918],[-100.52219,21.00147],[-100.51884,20.99931],[-100.51352,21.00323],[-100.52348,21.0175],[-100.52907,21.04297],[-100.53243,21.04286],[-100.53448,21.04852],[-100.52769,21.05297],[-100.52868,21.07112],[-100.50806,21.0824],[-100.51104,21.08568],[-100.50362,21.09492],[-100.47496,21.10466],[-100.4697,21.11165],[-100.459,21.11496]]]}},{"type":"Feature","properties":{"code":"11023","stateCode":"11","municipalityCode":"023","name":"Pénjamo"},"geometry":{"type":"Polygon","coordinates":[[[-101.77069,20.61728],[-101.76641,20.61923],[-101.75618,20.60545],[-101.74168,20.60532],[-101.74144,20.60182],[-101.73264,20.60195],[-101.71804,20.60825],[-101.71786,20.60309],[-101.71518,20.60404],[-101.71254,20.58912],[-101.70778,20.58438],[-101.70939,20.5771],[-101.71689,20.57197],[-101.71139,20.56844],[-101.71116,20.56431],[-101.74386,20.56378],[-101.74221,20.55546],[-101.72395,20.55392],[-101.72232,20.53816],[-101.6696,20.53656],[-101.66371,20.54774],[-101.65221,20.55286],[-101.63419,20.54773],[-101.63521,20.52839],[-101.60427,20.52573],[-101.60873,20.51637],[-101.60766,20.50753],[-101.60077,20.50234],[-101.60458,20.48284],[-101.60284,20.47542],[-101.60377,20.47154],[-101.61171,20.47214],[-101.61471,20.46891],[-101.61033,20.46742],[-101.61089,20.45486],[-101.60694,20.45115],[-101.61044,20.44952],[-101.60984,20.44631],[-101.60472,20.43742],[-101.60149,20.43789],[-101.59968,20.43285],[-101.59496,20.43175],[-101.59544,20.42491],[-101.60265,20.4215],[-101.59772,20.41736],[-101.60378,20.41369],[-101.60005,20.40316],[-101.61084,20.39521],[-101.62285,20.37317],[-101.62847,20.37328],[-101.63337,20.36938],[-101.63801,20.37277],[-101.63824,20.36834],[-101.64241,20.36841],[-101.64144,20.36013],[-101.64472,20.3558],[-101.64181,20.35364],[-101.6461,20.35065],[-101.64023,20.34957],[-101.64119,20.34682],[-101.63626,20.34251],[-101.63569,20.33958],[-101.6392,20.33786],[-101.63622,20.33406],[-101.62857,20.33382],[-101.62754,20.33951],[-101.6201,20.33826],[-101.62752,20.33302],[-101.62131,20.32597],[-101.62915,20.32222],[-101.6271,20.31655],[-101.63168,20.31575],[-101.63364,20.30916],[-101.6279,20.30788],[-101.62843,20.29592],[-101.63492,20.28897],[-101.62397,20.27611],[-101.62553,20.267],[-101.63203,20.26479],[-101.63437,20.27118],[-101.63884,20.26582],[-101.64252,20.26765],[-101.64356,20.2619],[-101.65093,20.25348],[-101.64402,20.24717],[-101.64625,20.23867],[-101.65244,20.23959],[-101.65458,20.2435],[-101.66331,20.23758],[-101.66926,20.21942],[-101.66559,20.21585],[-101.66847,20.21314],[-101.67312,20.21256],[-101.67812,20.21888],[-101.68692,20.21722],[-101.69269,20.20728],[-101.69039,20.19682],[-101.69793,20.18967],[-101.70387,20.19044],[-101.70603,20.20059],[-101.71062,20.20531],[-101.72594,20.20562],[-101.7312,20.2148],[-101.73222,20.2111],[-101.74276,20.20678],[-101.74351,20.20391],[-101.75716,20.20465],[-101.75939,20.20173],[-101.77684,20.21149],[-101.78231,20.21075],[-101.78662,20.21932],[-101.79933,20.21091],[-101.80383,20.21434],[-101.80912,20.20438],[-101.82486,20.20184],[-101.81965,20.20867],[-101.82844,20.21493],[-101.82893,20.22156],[-101.83387,20.22479],[-101.85605,20.2119],[-101.8716,20.21099],[-101.87203,20.20443],[-101.88143,20.2],[-101.87834,20.19144],[-101.88086,20.18813],[-101.88891,20.18891],[-101.88585,20.19403],[-101.88719,20.19838],[-101.89424,20.20402],[-101.90471,20.20301],[-101.90999,20.19383],[-101.91728,20.19482],[-101.91807,20.20295],[-101.91566,20.2067],[-101.90934,20.2034],[-101.90734,20.21411],[-101.91778,20.21933],[-101.9313,20.20847],[-101.92843,20.21771],[-101.93255,20.22629],[-101.93987,20.22708],[-101.9362,20.23735],[-101.93842,20.24073],[-101.93246,20.24483],[-101.93438,20.24927],[-101.94629,20.25725],[-101.94394,20.26829],[-101.95109,20.27095],[-101.93686,20.28146],[-101.93772,20.28509],[-101.94532,20.284],[-101.94714,20.28636],[-101.93455,20.29769],[-101.94358,20.30078],[-101.94954,20.29842],[-101.95992,20.30514],[-101.95569,20.30876],[-101.95626,20.31293],[-101.95002,20.31148],[-101.94896,20.31511],[-101.95953,20.31983],[-101.96347,20.31856],[-101.94732,20.33098],[-101.94472,20.34213],[-101.96234,20.34469],[-101.96899,20.36026],[-101.97623,20.358],[-101.99639,20.35964],[-102.00004,20.35812],[-101.9994,20.35472],[-102.0137,20.35063],[-102.0049,20.33307],[-102.00729,20.32673],[-102.0138,20.32793],[-102.01731,20.34177],[-102.02332,20.34394],[-102.02523,20.34798],[-102.02183,20.36298],[-102.01006,20.38186],[-102.01359,20.3939],[-102.0182,20.39352],[-102.02265,20.38089],[-102.06679,20.37477],[-102.08677,20.38476],[-102.09625,20.38413],[-102.09702,20.38897],[-102.09052,20.38943],[-102.08453,20.40501],[-102.0805,20.40405],[-102.07736,20.40933],[-102.07088,20.40902],[-102.07134,20.41447],[-102.07606,20.41531],[-102.07574,20.41924],[-102.07933,20.42092],[-102.07397,20.42506],[-102.07662,20.42816],[-102.06184,20.4448],[-102.05758,20.44536],[-102.0563,20.45203],[-102.04399,20.45659],[-102.04535,20.4641],[-102.04266,20.46831],[-102.04513,20.4718],[-102.04215,20.47448],[-102.04603,20.48261],[-102.03798,20.49206],[-102.02819,20.49654],[-102.0286,20.50136],[-102.02065,20.50817],[-102.01879,20.51776],[-102.01009,20.52606],[-102.00869,20.53317],[-102.01353,20.54009],[-102.01259,20.54447],[-102.00308,20.54722],[-101.99556,20.54051],[-101.99397,20.54433],[-101.99184,20.54197],[-101.98791,20.54528],[-101.98843,20.53964],[-101.98395,20.53501],[-101.97886,20.54284],[-101.97392,20.54179],[-101.97502,20.54983],[-101.96896,20.56238],[-101.92888,20.56772],[-101.93084,20.5456],[-101.89496,20.5631],[-101.89015,20.54695],[-101.8819,20.54505],[-101.87315,20.54787],[-101.86714,20.54607],[-101.86822,20.54202],[-101.85797,20.53999],[-101.85144,20.55615],[-101.84934,20.57418],[-101.84854,20.5717],[-101.84435,20.57358],[-101.83454,20.57054],[-101.82456,20.57446],[-101.82548,20.57717],[-101.81232,20.57873],[-101.81285,20.58368],[-101.80738,20.58456],[-101.80845,20.59526],[-101.80345,20.59538],[-101.8072,20.6072],[-101.79521,20.61373],[-101.79462,20.61722],[-101.77617,20.62273],[-101.77069,20.61728]]]}},{"type":"Feature","properties":{"code":"11038","stateCode":"11","municipalityCode":"038","name":"Tarandacuao"},"geometry":{"type":"Polygon","coordinates":[[[-100.5639,20.07314],[-100.52898,20.07655],[-100.53199,20.07225],[-100.52842,20.07377],[-100.50937,20.06328],[-100.51958,20.06144],[-100.51943,20.05897],[-100.50238,20.06202],[-100.50874,20.05676],[-100.50459,20.05336],[-100.5087,20.05297],[-100.50624,20.03958],[-100.49982,20.03266],[-100.50335,20.02695],[-100.49511,20.02516],[-100.48991,20.0149],[-100.47757,20.00757],[-100.4716,20.012],[-100.46763,20.00662],[-100.46501,20.00977],[-100.45619,20.00759],[-100.45338,20.00332],[-100.45742,20.00033],[-100.45404,19.99656],[-100.45475,19.99207],[-100.44777,19.98559],[-100.44967,19.98268],[-100.46582,19.9874],[-100.46203,19.98349],[-100.46246,19.97927],[-100.47017,19.97998],[-100.4736,19.97233],[-100.489,19.96621],[-100.49818,19.95804],[-100.51085,19.95905],[-100.51184,19.94222],[-100.5157,19.94045],[-100.52171,19.92773],[-100.51995,19.91882],[-100.53601,19.92301],[-100.53473,19.93629],[-100.52933,19.94098],[-100.5282,19.97426],[-100.54063,19.97493],[-100.54243,19.97283],[-100.53504,19.97197],[-100.53393,19.96921],[-100.55072,19.95797],[-100.56011,19.9591],[-100.56597,19.96613],[-100.57952,19.95764],[-100.59071,19.95684],[-100.59308,19.95828],[-100.59267,19.96647],[-100.58062,19.97504],[-100.5657,19.97453],[-100.55678,19.9853],[-100.55789,19.99172],[-100.5956,19.99166],[-100.59433,19.98982],[-100.60189,19.98589],[-100.59593,19.9984],[-100.5882,20.00435],[-100.58255,20.02081],[-100.57589,20.01975],[-100.57481,20.04817],[-100.57039,20.04557],[-100.56798,20.03262],[-100.56505,20.0491],[-100.55636,20.04554],[-100.55705,20.03579],[-100.55269,20.04426],[-100.54728,20.04552],[-100.55092,20.05075],[-100.57627,20.05605],[-100.56141,20.06273],[-100.55074,20.05818],[-100.54502,20.0623],[-100.55156,20.06202],[-100.5494,20.06566],[-100.55747,20.06666],[-100.5639,20.07314]]]}},{"type":"Feature","properties":{"code":"11046","stateCode":"11","municipalityCode":"046","name":"Yuriria"},"geometry":{"type":"Polygon","coordinates":[[[-101.11666,20.30238],[-101.09425,20.29092],[-101.08449,20.3012],[-101.07593,20.30047],[-101.06955,20.28513],[-101.05574,20.28092],[-101.05471,20.27713],[-101.04901,20.27503],[-101.04435,20.27909],[-101.04179,20.2775],[-101.04984,20.25285],[-101.03464,20.25058],[-101.03637,20.24169],[-101.04048,20.24135],[-101.05182,20.21633],[-101.02132,20.20118],[-101.01006,20.18497],[-101.0237,20.16715],[-101.02366,20.15596],[-101.03493,20.15653],[-101.03729,20.14676],[-101.0543,20.14193],[-101.05296,20.12996],[-101.04758,20.13063],[-101.04702,20.12384],[-101.03451,20.11755],[-101.03209,20.12024],[-101.02732,20.11874],[-101.0241,20.12441],[-101.01938,20.12138],[-101.01747,20.12423],[-101.01189,20.12367],[-101.01504,20.11589],[-101.01994,20.11482],[-101.01927,20.10603],[-101.00947,20.10404],[-101.0015,20.10916],[-100.99842,20.10715],[-100.99841,20.1039],[-101.00734,20.09978],[-101.00835,20.0831],[-101.01179,20.08152],[-101.02135,20.08694],[-101.03526,20.08734],[-101.0429,20.09195],[-101.07486,20.08839],[-101.08024,20.08285],[-101.08188,20.09724],[-101.08613,20.0957],[-101.09054,20.10615],[-101.09316,20.10427],[-101.09949,20.11379],[-101.09339,20.11419],[-101.09022,20.12458],[-101.09598,20.12645],[-101.09584,20.13147],[-101.10208,20.12897],[-101.10342,20.13651],[-101.107,20.13606],[-101.10959,20.14335],[-101.11584,20.14101],[-101.11484,20.14642],[-101.1193,20.15518],[-101.1242,20.15587],[-101.12585,20.16456],[-101.13733,20.16636],[-101.15932,20.16032],[-101.15552,20.17737],[-101.14517,20.18978],[-101.15543,20.18754],[-101.16086,20.18214],[-101.16505,20.1855],[-101.16505,20.18007],[-101.17031,20.17934],[-101.17418,20.19182],[-101.18003,20.19206],[-101.17606,20.18866],[-101.17836,20.18137],[-101.19698,20.18234],[-101.19801,20.19736],[-101.20358,20.20033],[-101.20753,20.19314],[-101.20682,20.18186],[-101.21236,20.17414],[-101.21126,20.16628],[-101.20942,20.16147],[-101.19425,20.16025],[-101.19908,20.15969],[-101.19931,20.15344],[-101.20277,20.15294],[-101.20827,20.14306],[-101.22636,20.14821],[-101.2372,20.16013],[-101.23988,20.15963],[-101.23751,20.15416],[-101.2418,20.15105],[-101.24337,20.15861],[-101.25046,20.16164],[-101.25887,20.15589],[-101.26581,20.15526],[-101.26636,20.15015],[-101.26242,20.14605],[-101.26837,20.14621],[-101.26712,20.13885],[-101.27161,20.1269],[-101.28206,20.12222],[-101.28861,20.12416],[-101.2905,20.11998],[-101.28811,20.11398],[-101.30227,20.10757],[-101.30182,20.10313],[-101.30648,20.09826],[-101.31092,20.10014],[-101.31557,20.09747],[-101.31428,20.09265],[-101.3106,20.09288],[-101.31167,20.08706],[-101.32425,20.08406],[-101.32192,20.07842],[-101.32515,20.07068],[-101.31966,20.04959],[-101.30512,20.05181],[-101.30387,20.0423],[-101.29121,20.04741],[-101.29167,20.03607],[-101.29646,20.03864],[-101.31648,20.03742],[-101.32671,20.03206],[-101.34821,20.03211],[-101.35407,20.0384],[-101.36754,20.03611],[-101.37495,20.04043],[-101.38814,20.03041],[-101.39199,20.03384],[-101.40168,20.03501],[-101.40261,20.04703],[-101.39428,20.05291],[-101.39545,20.06996],[-101.38751,20.08296],[-101.4047,20.0802],[-101.40552,20.09762],[-101.40325,20.10016],[-101.40834,20.10263],[-101.40433,20.10679],[-101.40869,20.12313],[-101.40283,20.1273],[-101.39101,20.12712],[-101.38938,20.13486],[-101.39237,20.14403],[-101.4036,20.14212],[-101.41647,20.16168],[-101.4225,20.16323],[-101.41989,20.20159],[-101.4056,20.20332],[-101.3632,20.19579],[-101.35262,20.23493],[-101.36354,20.25306],[-101.35671,20.25401],[-101.34357,20.27157],[-101.33163,20.26833],[-101.33166,20.271],[-101.32428,20.27377],[-101.3253,20.26737],[-101.32854,20.26598],[-101.32415,20.26281],[-101.32045,20.27557],[-101.31426,20.27739],[-101.31399,20.27464],[-101.30193,20.27452],[-101.30052,20.27818],[-101.30534,20.28704],[-101.2904,20.28498],[-101.24641,20.29347],[-101.24465,20.28382],[-101.23287,20.28218],[-101.22583,20.27318],[-101.22629,20.28011],[-101.22287,20.28108],[-101.21287,20.26925],[-101.21245,20.26478],[-101.20798,20.26478],[-101.20523,20.24642],[-101.19667,20.24883],[-101.18888,20.25776],[-101.17845,20.25986],[-101.16908,20.27197],[-101.1564,20.274],[-101.14416,20.26239],[-101.13808,20.26584],[-101.14046,20.2705],[-101.12834,20.2768],[-101.11185,20.27689],[-101.11666,20.30238]]]}},{"type":"Feature","properties":{"code":"11021","stateCode":"11","municipalityCode":"021","name":"Moroleón"},"geometry":{"type":"Polygon","coordinates":[[[-101.25124,20.16156],[-101.24337,20.15861],[-101.2418,20.15105],[-101.23751,20.15416],[-101.23988,20.15963],[-101.2372,20.16013],[-101.22636,20.14821],[-101.20827,20.14306],[-101.20251,20.15024],[-101.19154,20.13849],[-101.18466,20.13934],[-101.18085,20.13426],[-101.17802,20.12163],[-101.18165,20.12361],[-101.18498,20.10605],[-101.18966,20.10284],[-101.20068,20.10586],[-101.19974,20.09144],[-101.19536,20.09143],[-101.19251,20.0791],[-101.19623,20.07235],[-101.20499,20.07061],[-101.20324,20.04623],[-101.21019,20.04744],[-101.21184,20.03768],[-101.19324,20.03447],[-101.19214,20.0477],[-101.19816,20.0574],[-101.18137,20.05337],[-101.16748,20.04278],[-101.16467,20.0462],[-101.15995,20.04193],[-101.18229,20.02686],[-101.20153,20.02574],[-101.20306,20.00722],[-101.22073,20.01144],[-101.23036,20.02727],[-101.23835,20.03212],[-101.25077,20.02326],[-101.25303,20.0355],[-101.28097,20.02754],[-101.29167,20.03607],[-101.29121,20.04741],[-101.30387,20.0423],[-101.30512,20.05181],[-101.31966,20.04959],[-101.32515,20.07068],[-101.32192,20.07842],[-101.32425,20.08406],[-101.31167,20.08706],[-101.3106,20.09288],[-101.31428,20.09265],[-101.31557,20.09747],[-101.31092,20.10014],[-101.30648,20.09826],[-101.30182,20.10313],[-101.30227,20.10757],[-101.28811,20.11398],[-101.2905,20.11998],[-101.28861,20.12416],[-101.28206,20.12222],[-101.27161,20.1269],[-101.26712,20.13885],[-101.26837,20.14621],[-101.26242,20.14605],[-101.26636,20.15015],[-101.26581,20.15526],[-101.25887,20.15589],[-101.25124,20.16156]]]}},{"type":"Feature","properties":{"code":"11020","stateCode":"11","municipalityCode":"020","name":"León"},"geometry":{"type":"Polygon","coordinates":[[[-101.64379,21.33012],[-101.63684,21.32577],[-101.61624,21.32441],[-101.61554,21.31829],[-101.61096,21.31416],[-101.58687,21.3105],[-101.58601,21.29724],[-101.57685,21.28774],[-101.56261,21.28301],[-101.55774,21.27594],[-101.5478,21.27164],[-101.53731,21.27248],[-101.5374,21.25712],[-101.52821,21.25545],[-101.52774,21.24543],[-101.5233,21.24552],[-101.52208,21.23182],[-101.51829,21.22913],[-101.51125,21.22672],[-101.50155,21.23314],[-101.50295,21.24004],[-101.50008,21.24372],[-101.50565,21.24462],[-101.49838,21.25511],[-101.48821,21.25101],[-101.46821,21.25901],[-101.45479,21.25174],[-101.44312,21.25402],[-101.43322,21.24391],[-101.42696,21.22781],[-101.41254,21.22708],[-101.40971,21.21681],[-101.39116,21.21287],[-101.38354,21.19094],[-101.38599,21.18877],[-101.37225,21.17703],[-101.38826,21.15373],[-101.38397,21.15027],[-101.38757,21.14743],[-101.3867,21.13849],[-101.38877,21.1324],[-101.39315,21.13255],[-101.39477,21.12892],[-101.39792,21.13191],[-101.40063,21.12855],[-101.4116,21.13617],[-101.42142,21.1301],[-101.42749,21.13787],[-101.43238,21.13952],[-101.43478,21.13729],[-101.44005,21.14068],[-101.44253,21.13876],[-101.44441,21.14679],[-101.45159,21.14856],[-101.45248,21.15141],[-101.47252,21.15225],[-101.48317,21.10762],[-101.48847,21.04439],[-101.48386,21.04413],[-101.4858,21.02639],[-101.49732,21.02732],[-101.49937,21.0105],[-101.53613,21.01879],[-101.53523,21.01639],[-101.54548,21.01404],[-101.54659,21.02423],[-101.57311,21.02954],[-101.57616,21.02156],[-101.56968,21.01958],[-101.57789,21.01177],[-101.56785,21.01052],[-101.56808,21.00557],[-101.57052,21.0011],[-101.5777,21.00203],[-101.58178,20.97693],[-101.56207,20.979],[-101.56342,20.96358],[-101.5686,20.96167],[-101.56388,20.95791],[-101.5641,20.95043],[-101.56064,20.95],[-101.55972,20.95742],[-101.55173,20.95798],[-101.55282,20.95172],[-101.54877,20.94876],[-101.54919,20.94507],[-101.54058,20.94424],[-101.56133,20.94435],[-101.56748,20.90522],[-101.58622,20.90828],[-101.5803,20.92185],[-101.58947,20.92421],[-101.58873,20.93846],[-101.59365,20.9377],[-101.59513,20.92542],[-101.64137,20.92906],[-101.64662,20.89147],[-101.6641,20.89841],[-101.67006,20.89076],[-101.66522,20.88209],[-101.66942,20.88251],[-101.66909,20.8862],[-101.6758,20.88465],[-101.68945,20.8646],[-101.69595,20.87495],[-101.68854,20.89302],[-101.69701,20.89405],[-101.70019,20.90517],[-101.71612,20.91005],[-101.71767,20.90714],[-101.72241,20.90905],[-101.71769,20.91563],[-101.7128,20.95454],[-101.67142,20.95104],[-101.66837,20.99421],[-101.70176,20.9977],[-101.69993,20.99216],[-101.70989,20.99179],[-101.71081,20.983],[-101.73837,20.98182],[-101.73041,21.00525],[-101.78383,21.01625],[-101.77956,21.02659],[-101.78264,21.03236],[-101.77988,21.04252],[-101.79012,21.05299],[-101.80031,21.0504],[-101.80132,21.05558],[-101.80317,21.05202],[-101.80892,21.05195],[-101.80772,21.06825],[-101.8005,21.08086],[-101.80837,21.0859],[-101.81176,21.0959],[-101.80924,21.10995],[-101.81766,21.10705],[-101.82027,21.11867],[-101.82678,21.12208],[-101.83085,21.11937],[-101.83345,21.13727],[-101.82242,21.13592],[-101.81183,21.14124],[-101.81012,21.14855],[-101.8157,21.14953],[-101.80478,21.1585],[-101.80401,21.16635],[-101.78727,21.15638],[-101.78111,21.16053],[-101.78368,21.17118],[-101.78066,21.19142],[-101.77443,21.19658],[-101.7712,21.23473],[-101.76595,21.24223],[-101.75459,21.24389],[-101.7682,21.25773],[-101.7594,21.26061],[-101.75972,21.26762],[-101.74957,21.27199],[-101.73854,21.26916],[-101.73579,21.27729],[-101.70938,21.28073],[-101.70717,21.27648],[-101.70201,21.27546],[-101.69773,21.28385],[-101.68668,21.29406],[-101.67179,21.28712],[-101.66089,21.28716],[-101.6558,21.29476],[-101.64247,21.30086],[-101.64091,21.31474],[-101.64615,21.32632],[-101.64379,21.33012]]]}}]}