{"type":"FeatureCollection","features":[{"type":"Feature","properties":{"code":"13031","stateCode":"13","municipalityCode":"031","name":"Jacala de Ledezma"},"geometry":{"type":"Polygon","coordinates":[[[-99.18088,21.12664],[-99.16841,21.11443],[-99.15863,21.10889],[-99.15545,21.11005],[-99.14852,21.09141],[-99.14299,21.0896],[-99.13507,21.07541],[-99.1255,21.07009],[-99.12905,21.06568],[-99.12083,21.05052],[-99.09507,21.02864],[-99.09477,21.02044],[-99.099,21.01774],[-99.08785,20.99777],[-99.07887,20.99734],[-99.07836,20.99374],[-99.07207,20.99171],[-99.06095,20.98052],[-99.06691,20.9743],[-99.06602,20.96781],[-99.06302,20.96096],[-99.05752,20.95924],[-99.05968,20.95186],[-99.05092,20.95065],[-99.05444,20.94798],[-99.054,20.94182],[-99.06717,20.93654],[-99.05968,20.9244],[-99.06567,20.91808],[-99.05994,20.91222],[-99.06208,20.91039],[-99.05953,20.90694],[-99.06876,20.9032],[-99.06871,20.89552],[-99.06266,20.88835],[-99.05591,20.89024],[-99.05939,20.88226],[-99.05267,20.87336],[-99.03848,20.87164],[-99.03731,20.87636],[-99.03495,20.87302],[-99.03277,20.86023],[-99.01732,20.82811],[-99.02509,20.81972],[-99.03949,20.82586],[-99.05199,20.82584],[-99.06104,20.8201],[-99.06602,20.82703],[-99.08855,20.80601],[-99.10441,20.80313],[-99.09891,20.80898],[-99.10674,20.82244],[-99.10532,20.82779],[-99.11437,20.82417],[-99.12276,20.82935],[-99.12758,20.83874],[-99.138,20.82938],[-99.14343,20.83921],[-99.14322,20.84901],[-99.13555,20.85229],[-99.12905,20.86343],[-99.11381,20.86949],[-99.11361,20.87983],[-99.1182,20.87976],[-99.13112,20.87014],[-99.13609,20.87418],[-99.12916,20.8799],[-99.13297,20.8859],[-99.14021,20.88842],[-99.15913,20.887],[-99.15431,20.89318],[-99.1582,20.89719],[-99.16593,20.89435],[-99.17197,20.8988],[-99.17518,20.89352],[-99.18019,20.89203],[-99.18875,20.89526],[-99.19074,20.89052],[-99.19863,20.89449],[-99.20385,20.90533],[-99.2034,20.9124],[-99.21041,20.92228],[-99.20565,20.93323],[-99.20931,20.93605],[-99.21094,20.94416],[-99.2208,20.95412],[-99.22787,20.94798],[-99.22984,20.94924],[-99.23319,20.96165],[-99.24675,20.96857],[-99.24705,20.97521],[-99.24353,20.97858],[-99.24544,20.98103],[-99.25027,20.97839],[-99.25535,20.98325],[-99.25391,20.98655],[-99.25811,20.98826],[-99.23897,20.9992],[-99.2314,21.01398],[-99.23209,21.02272],[-99.22699,21.02258],[-99.22258,21.03226],[-99.23231,21.03695],[-99.2388,21.03141],[-99.24102,21.0363],[-99.26551,21.04644],[-99.26612,21.06037],[-99.24823,21.07444],[-99.24835,21.09273],[-99.24031,21.09913],[-99.24356,21.10385],[-99.23422,21.1128],[-99.23056,21.10755],[-99.21542,21.10621],[-99.20946,21.1102],[-99.20997,21.11505],[-99.20623,21.11869],[-99.18504,21.12207],[-99.18088,21.12664]]]}},{"type":"Feature","properties":{"code":"13005","stateCode":"13","municipalityCode":"005","name":"Ajacuba"},"geometry":{"type":"Polygon","coordinates":[[[-99.05427,20.19373],[-99.04183,20.19146],[-99.03649,20.18684],[-99.01549,20.19023],[-99.01273,20.1862],[-99.0145,20.18355],[-99.00889,20.18084],[-99.00183,20.1809],[-98.9909,20.18888],[-98.97902,20.18476],[-98.96844,20.18802],[-98.97184,20.18444],[-98.96783,20.17372],[-98.9711,20.17118],[-98.97222,20.1603],[-98.97941,20.15388],[-98.9967,20.16008],[-99.01206,20.13715],[-98.98612,20.12605],[-98.99883,20.12628],[-99.00339,20.11303],[-98.99776,20.10974],[-99.00262,20.10741],[-99.01139,20.11061],[-99.0117,20.10385],[-99.01418,20.10467],[-99.01587,20.09999],[-99.01374,20.08472],[-99.01006,20.08211],[-99.00287,20.08342],[-99.00459,20.07142],[-99.00672,20.06804],[-99.03395,20.07699],[-99.03422,20.07181],[-99.04793,20.06774],[-99.06615,20.07196],[-99.07153,20.07703],[-99.06954,20.04944],[-99.07553,20.03736],[-99.07094,20.01802],[-99.07832,20.0183],[-99.07967,20.02621],[-99.08935,20.03435],[-99.0958,20.03064],[-99.11815,20.0293],[-99.12591,20.03171],[-99.13313,20.02752],[-99.14251,20.02697],[-99.14506,20.03522],[-99.14909,20.03502],[-99.14437,20.04562],[-99.15262,20.04342],[-99.1772,20.06577],[-99.18569,20.06679],[-99.189,20.07282],[-99.17308,20.08796],[-99.15124,20.06379],[-99.13622,20.06522],[-99.14024,20.07049],[-99.1257,20.12357],[-99.10398,20.14136],[-99.17536,20.15109],[-99.16683,20.15713],[-99.13978,20.19528],[-99.1387,20.18976],[-99.12944,20.19079],[-99.10715,20.18413],[-99.10258,20.19219],[-99.05427,20.19373]]]}},{"type":"Feature","properties":{"code":"13075","stateCode":"13","municipalityCode":"075","name":"Tolcayuca"},"geometry":{"type":"Polygon","coordinates":[[[-98.93612,20.05299],[-98.93264,20.04073],[-98.9173,20.04862],[-98.91501,20.04698],[-98.91894,20.04505],[-98.91839,20.04043],[-98.90306,20.0162],[-98.90386,20.00835],[-98.91149,20.00836],[-98.9129,20.001],[-98.89481,19.99699],[-98.89608,19.98735],[-98.88712,19.96409],[-98.86837,19.95356],[-98.88844,19.93266],[-98.88687,19.92949],[-98.8798,19.92428],[-98.87617,19.9326],[-98.85482,19.91288],[-98.87062,19.89496],[-98.88316,19.90153],[-98.89206,19.89438],[-98.89589,19.89571],[-98.89618,19.88581],[-98.89827,19.88361],[-98.90412,19.88758],[-98.9092,19.87987],[-98.91182,19.88102],[-98.91017,19.87805],[-98.91362,19.87737],[-98.91143,19.87589],[-98.93466,19.89023],[-98.9398,19.88621],[-98.94317,19.89726],[-98.95069,19.90099],[-98.95611,19.92818],[-98.96044,19.92506],[-98.96833,19.93381],[-98.98316,19.93861],[-98.98469,19.94632],[-98.99978,19.94183],[-98.99562,19.95689],[-98.98118,19.95472],[-98.96622,19.974],[-98.94855,19.97402],[-98.94333,19.97678],[-98.94213,20.00062],[-98.94749,20.00899],[-98.94513,20.02305],[-98.94794,20.02957],[-98.95428,20.03113],[-98.95663,20.02796],[-98.96398,20.03124],[-98.95988,20.0326],[-98.95836,20.03867],[-98.96276,20.04604],[-98.95305,20.05175],[-98.94252,20.04863],[-98.93612,20.05299]]]}},{"type":"Feature","properties":{"code":"13028","stateCode":"13","municipalityCode":"028","name":"Huejutla de Reyes"},"geometry":{"type":"Polygon","coordinates":[[[-98.49933,21.25218],[-98.46836,21.24965],[-98.47049,21.2445],[-98.46852,21.23674],[-98.4717,21.23241],[-98.48081,21.23067],[-98.47966,21.22389],[-98.47281,21.21981],[-98.46776,21.22384],[-98.46651,21.2199],[-98.45695,21.21483],[-98.45289,21.21003],[-98.45963,21.2048],[-98.44667,21.19962],[-98.4494,21.18667],[-98.44677,21.17981],[-98.43011,21.17279],[-98.43026,21.16805],[-98.42371,21.16717],[-98.42345,21.16352],[-98.41709,21.1604],[-98.41644,21.15498],[-98.40454,21.15265],[-98.40381,21.15759],[-98.38933,21.15867],[-98.38681,21.16226],[-98.38017,21.15836],[-98.38022,21.15512],[-98.36774,21.15883],[-98.36624,21.16224],[-98.36204,21.15705],[-98.35368,21.1598],[-98.35075,21.15714],[-98.35058,21.15987],[-98.34211,21.16077],[-98.34236,21.16719],[-98.33815,21.17277],[-98.31586,21.18688],[-98.31119,21.18343],[-98.30845,21.18481],[-98.30803,21.18025],[-98.305,21.18296],[-98.2979,21.1774],[-98.29957,21.18413],[-98.29598,21.18304],[-98.29615,21.18796],[-98.28718,21.1943],[-98.2781,21.19202],[-98.27552,21.18737],[-98.27887,21.18286],[-98.27858,21.17258],[-98.28315,21.16397],[-98.29072,21.16056],[-98.29592,21.15361],[-98.29451,21.14719],[-98.28078,21.14103],[-98.28264,21.13828],[-98.27935,21.12681],[-98.28399,21.12043],[-98.29219,21.11831],[-98.29235,21.10914],[-98.28956,21.10571],[-98.29293,21.10156],[-98.28582,21.09326],[-98.2938,21.09373],[-98.29925,21.08935],[-98.30262,21.09202],[-98.30235,21.09644],[-98.31733,21.08811],[-98.33173,21.09209],[-98.32987,21.11183],[-98.34249,21.10549],[-98.33988,21.10043],[-98.34379,21.09709],[-98.3456,21.10004],[-98.35281,21.09853],[-98.35453,21.10246],[-98.36567,21.10255],[-98.3734,21.09958],[-98.37207,21.09241],[-98.38317,21.09228],[-98.39294,21.08119],[-98.38714,21.07852],[-98.38078,21.06525],[-98.397,21.06313],[-98.40349,21.05662],[-98.40343,21.04676],[-98.41596,21.04384],[-98.43598,21.04637],[-98.44265,21.04216],[-98.45064,21.04426],[-98.47087,21.03945],[-98.47663,21.0344],[-98.47897,21.0392],[-98.4818,21.03812],[-98.47735,21.04569],[-98.48073,21.0554],[-98.50393,21.05603],[-98.508,21.05033],[-98.53001,21.043],[-98.53649,21.04421],[-98.5476,21.05292],[-98.55645,21.06441],[-98.56583,21.06469],[-98.5758,21.05783],[-98.57733,21.06527],[-98.59067,21.07627],[-98.60408,21.07487],[-98.60077,21.08343],[-98.60808,21.08754],[-98.61577,21.0868],[-98.6146,21.12199],[-98.61747,21.12515],[-98.61499,21.12707],[-98.60368,21.13325],[-98.60181,21.12828],[-98.59574,21.12742],[-98.59766,21.12366],[-98.587,21.12554],[-98.58508,21.12091],[-98.58157,21.12571],[-98.58095,21.13749],[-98.57324,21.14131],[-98.56143,21.15449],[-98.55638,21.15018],[-98.54979,21.13197],[-98.55531,21.1211],[-98.5514,21.12178],[-98.55533,21.11437],[-98.55365,21.11019],[-98.5395,21.11085],[-98.53837,21.11546],[-98.53456,21.11041],[-98.52448,21.11507],[-98.52136,21.1254],[-98.51696,21.1246],[-98.50864,21.13092],[-98.51026,21.12576],[-98.50662,21.12449],[-98.4986,21.13847],[-98.49174,21.14391],[-98.49415,21.15574],[-98.4922,21.15805],[-98.49659,21.16449],[-98.52017,21.17231],[-98.51467,21.17664],[-98.51777,21.19037],[-98.52511,21.19772],[-98.5335,21.1966],[-98.53656,21.19994],[-98.53285,21.20765],[-98.54728,21.20614],[-98.55205,21.20096],[-98.55348,21.20787],[-98.54688,21.21419],[-98.53952,21.23222],[-98.52565,21.23724],[-98.52374,21.24382],[-98.50264,21.24585],[-98.49933,21.25218]]]}},{"type":"Feature","properties":{"code":"13045","stateCode":"13","municipalityCode":"045","name":"Omitlán de Juárez"},"geometry":{"type":"Polygon","coordinates":[[[-98.65003,20.25088],[-98.63915,20.24734],[-98.64032,20.24004],[-98.64601,20.23262],[-98.6288,20.23016],[-98.63263,20.2266],[-98.62918,20.18988],[-98.62194,20.19852],[-98.61727,20.19566],[-98.61249,20.19986],[-98.60678,20.19843],[-98.61365,20.17686],[-98.60709,20.176],[-98.60342,20.18043],[-98.60298,20.17442],[-98.59869,20.17322],[-98.5964,20.17584],[-98.59417,20.16903],[-98.58636,20.16601],[-98.58338,20.17057],[-98.57622,20.16729],[-98.56645,20.17194],[-98.56114,20.1796],[-98.55894,20.1763],[-98.56161,20.14605],[-98.56418,20.14457],[-98.56609,20.13041],[-98.57358,20.12159],[-98.58882,20.12647],[-98.60482,20.11704],[-98.6105,20.13281],[-98.61279,20.12866],[-98.63083,20.12949],[-98.63579,20.13971],[-98.63226,20.14105],[-98.63292,20.14705],[-98.64771,20.14788],[-98.64689,20.14555],[-98.65239,20.14451],[-98.6616,20.15301],[-98.66627,20.16445],[-98.66048,20.16542],[-98.66332,20.16885],[-98.65964,20.17875],[-98.66627,20.18276],[-98.66137,20.18975],[-98.66065,20.19273],[-98.66368,20.19316],[-98.65844,20.211],[-98.66619,20.22048],[-98.67427,20.22232],[-98.67244,20.22692],[-98.66662,20.22941],[-98.67057,20.23764],[-98.66849,20.24163],[-98.65003,20.25088]]]}},{"type":"Feature","properties":{"code":"13021","stateCode":"13","municipalityCode":"021","name":"Emiliano Zapata"},"geometry":{"type":"Polygon","coordinates":[[[-98.61518,19.72942],[-98.60866,19.72586],[-98.60215,19.71573],[-98.58423,19.72211],[-98.5873,19.72814],[-98.56927,19.72103],[-98.5685,19.70574],[-98.56465,19.70604],[-98.55999,19.69018],[-98.52815,19.66102],[-98.52459,19.64696],[-98.5504,19.61858],[-98.55017,19.62455],[-98.55574,19.62539],[-98.55561,19.6281],[-98.56372,19.62715],[-98.56137,19.6376],[-98.56636,19.64112],[-98.57994,19.63742],[-98.59035,19.61936],[-98.60984,19.60201],[-98.63101,19.60199],[-98.63469,19.59776],[-98.64591,19.60753],[-98.66315,19.60475],[-98.66558,19.60615],[-98.66193,19.61169],[-98.6724,19.62515],[-98.67204,19.63673],[-98.66763,19.64436],[-98.67005,19.65868],[-98.66644,19.66227],[-98.66436,19.65703],[-98.65555,19.65047],[-98.65311,19.65432],[-98.64419,19.64883],[-98.63495,19.65554],[-98.62222,19.65766],[-98.61967,19.66116],[-98.6399,19.67108],[-98.63701,19.67487],[-98.63224,19.67453],[-98.62392,19.69641],[-98.63079,19.7047],[-98.62943,19.70972],[-98.63248,19.71329],[-98.63003,19.7161],[-98.63346,19.71496],[-98.63085,19.71772],[-98.63292,19.72224],[-98.62764,19.72182],[-98.6247,19.72742],[-98.61518,19.72942]]]}},{"type":"Feature","properties":{"code":"13001","stateCode":"13","municipalityCode":"001","name":"Acatlán"},"geometry":{"type":"Polygon","coordinates":[[[-98.46947,20.33501],[-98.46208,20.33122],[-98.45855,20.33365],[-98.43255,20.32319],[-98.42708,20.32656],[-98.42564,20.31533],[-98.42088,20.31702],[-98.41515,20.31404],[-98.41195,20.32069],[-98.40934,20.31852],[-98.40759,20.32184],[-98.40416,20.31945],[-98.40093,20.32144],[-98.39984,20.31207],[-98.39812,20.31563],[-98.39484,20.31574],[-98.39791,20.31122],[-98.39292,20.30071],[-98.41162,20.28134],[-98.40391,20.27876],[-98.40784,20.27599],[-98.40479,20.27374],[-98.4076,20.26824],[-98.39814,20.22496],[-98.39365,20.22008],[-98.36445,20.20901],[-98.37514,20.20895],[-98.37519,20.20523],[-98.36739,20.20476],[-98.36766,20.19746],[-98.37246,20.19082],[-98.36865,20.18212],[-98.37484,20.17892],[-98.37928,20.16258],[-98.3694,20.14061],[-98.37593,20.14183],[-98.38566,20.13387],[-98.3852,20.12627],[-98.38965,20.13155],[-98.39748,20.13028],[-98.40439,20.1363],[-98.42243,20.12202],[-98.42132,20.12004],[-98.44405,20.10753],[-98.4603,20.08645],[-98.47508,20.07478],[-98.49884,20.08985],[-98.50141,20.09577],[-98.51728,20.09931],[-98.51428,20.10558],[-98.50251,20.11212],[-98.49858,20.1268],[-98.49374,20.1267],[-98.48876,20.15023],[-98.48479,20.14855],[-98.48253,20.15364],[-98.48034,20.15273],[-98.48584,20.18399],[-98.46145,20.19434],[-98.46952,20.21037],[-98.48029,20.21883],[-98.47935,20.22895],[-98.47154,20.22926],[-98.47113,20.23298],[-98.46827,20.23269],[-98.46935,20.23581],[-98.46488,20.23406],[-98.4686,20.24409],[-98.46657,20.24619],[-98.48687,20.26308],[-98.4887,20.26667],[-98.48396,20.26983],[-98.48604,20.27423],[-98.47954,20.28013],[-98.49845,20.29708],[-98.49757,20.30899],[-98.49444,20.3079],[-98.49201,20.31562],[-98.48446,20.32079],[-98.47588,20.32184],[-98.47899,20.32485],[-98.46947,20.33501]]]}},{"type":"Feature","properties":{"code":"13002","stateCode":"13","municipalityCode":"002","name":"Acaxochitlán"},"geometry":{"type":"Polygon","coordinates":[[[-98.1852,20.25927],[-98.17386,20.25289],[-98.1611,20.23667],[-98.15706,20.2382],[-98.14773,20.22639],[-98.14701,20.22061],[-98.15506,20.21743],[-98.15401,20.20875],[-98.14384,20.19951],[-98.1389,20.19983],[-98.13489,20.19086],[-98.12796,20.18594],[-98.13179,20.17859],[-98.13051,20.16642],[-98.13316,20.1662],[-98.12973,20.16148],[-98.13355,20.15948],[-98.13261,20.15503],[-98.13981,20.15479],[-98.13958,20.15014],[-98.1362,20.14699],[-98.12555,20.14868],[-98.10508,20.14228],[-98.09883,20.14658],[-98.10314,20.13715],[-98.10209,20.12861],[-98.10948,20.12057],[-98.11659,20.12009],[-98.12461,20.12407],[-98.12827,20.1072],[-98.13854,20.10506],[-98.14245,20.09844],[-98.15924,20.09305],[-98.15774,20.0842],[-98.17241,20.08431],[-98.18097,20.07646],[-98.19472,20.07877],[-98.19675,20.08414],[-98.19988,20.08404],[-98.2184,20.07979],[-98.22035,20.07044],[-98.23285,20.0719],[-98.23161,20.0817],[-98.24265,20.08639],[-98.25109,20.08442],[-98.26351,20.0732],[-98.26866,20.08198],[-98.26941,20.07508],[-98.27275,20.07637],[-98.2763,20.08695],[-98.26855,20.08972],[-98.26059,20.10151],[-98.25599,20.10069],[-98.25315,20.11071],[-98.24748,20.11059],[-98.24666,20.131],[-98.2568,20.14958],[-98.26831,20.15582],[-98.27218,20.16779],[-98.27777,20.16301],[-98.28238,20.17644],[-98.28886,20.17462],[-98.29031,20.17814],[-98.28389,20.1821],[-98.29071,20.185],[-98.29266,20.19337],[-98.28889,20.1956],[-98.28044,20.19209],[-98.27398,20.19517],[-98.27222,20.19725],[-98.27707,20.20319],[-98.2736,20.20716],[-98.26677,20.20749],[-98.26124,20.21448],[-98.25326,20.21816],[-98.24329,20.21822],[-98.2356,20.22382],[-98.23477,20.23176],[-98.22914,20.23661],[-98.21677,20.23813],[-98.21296,20.23429],[-98.20829,20.23936],[-98.20915,20.24418],[-98.2048,20.24502],[-98.19265,20.25809],[-98.1852,20.25927]]]}},{"type":"Feature","properties":{"code":"13049","stateCode":"13","municipalityCode":"049","name":"Pisaflores"},"geometry":{"type":"Polygon","coordinates":[[[-98.94469,21.31037],[-98.94028,21.2946],[-98.93258,21.29829],[-98.92928,21.29273],[-98.92648,21.27867],[-98.92794,21.26874],[-98.91773,21.2555],[-98.92287,21.24673],[-98.91782,21.23975],[-98.91028,21.24194],[-98.90281,21.2384],[-98.90045,21.24],[-98.89889,21.23127],[-98.90781,21.23279],[-98.91527,21.22632],[-98.90637,21.22314],[-98.90457,21.21106],[-98.91477,21.20874],[-98.91469,21.20223],[-98.92289,21.20645],[-98.92191,21.19722],[-98.93546,21.19875],[-98.93525,21.19024],[-98.95522,21.18601],[-98.9469,21.1859],[-98.94602,21.18008],[-98.95052,21.1811],[-98.95824,21.17669],[-98.96,21.18219],[-98.96744,21.1849],[-98.97466,21.1808],[-98.99894,21.18094],[-99.00024,21.17279],[-98.99386,21.17062],[-98.99341,21.1661],[-99.00451,21.16953],[-99.01498,21.16704],[-99.01958,21.15731],[-99.02255,21.15819],[-99.02372,21.1664],[-99.0276,21.16705],[-99.03054,21.16499],[-99.02935,21.15482],[-99.03988,21.15116],[-99.0509,21.15195],[-99.05479,21.15944],[-99.05411,21.16554],[-99.04859,21.16981],[-99.04793,21.17793],[-99.04308,21.17868],[-99.05194,21.21845],[-99.05607,21.22236],[-99.06835,21.22392],[-99.07353,21.23043],[-99.07373,21.23578],[-99.06994,21.24306],[-99.0568,21.24697],[-99.05118,21.25343],[-99.05063,21.2747],[-99.05514,21.28254],[-99.04345,21.27943],[-99.03933,21.28421],[-99.03713,21.28257],[-99.02334,21.28716],[-99.01278,21.29537],[-98.99296,21.29948],[-98.97504,21.297],[-98.97484,21.30308],[-98.96973,21.30598],[-98.96485,21.30692],[-98.9625,21.30246],[-98.95651,21.3018],[-98.95317,21.30877],[-98.94469,21.31037]]]}},{"type":"Feature","properties":{"code":"13003","stateCode":"13","municipalityCode":"003","name":"Actopan"},"geometry":{"type":"Polygon","coordinates":[[[-98.90432,20.43585],[-98.89959,20.42884],[-98.88789,20.42564],[-98.88425,20.42039],[-98.86153,20.41872],[-98.86077,20.41445],[-98.84339,20.40658],[-98.83408,20.40766],[-98.82779,20.41091],[-98.82772,20.41393],[-98.82436,20.41276],[-98.8179,20.40081],[-98.81566,20.40244],[-98.81373,20.39889],[-98.81688,20.39378],[-98.81128,20.38187],[-98.8135,20.37955],[-98.80979,20.37862],[-98.81109,20.37572],[-98.80376,20.37108],[-98.80299,20.36467],[-98.7992,20.36223],[-98.80792,20.35003],[-98.80356,20.34349],[-98.80771,20.3319],[-98.81056,20.32937],[-98.82037,20.33003],[-98.82045,20.32565],[-98.8241,20.32472],[-98.81363,20.31028],[-98.80808,20.31347],[-98.80717,20.31084],[-98.80301,20.31153],[-98.79352,20.31879],[-98.78404,20.31162],[-98.79789,20.29218],[-98.80898,20.28536],[-98.8204,20.2686],[-98.81822,20.26209],[-98.81284,20.26263],[-98.8102,20.25681],[-98.81466,20.24774],[-98.81916,20.25088],[-98.83771,20.24452],[-98.8461,20.24907],[-98.85135,20.24606],[-98.86163,20.2579],[-98.88082,20.26395],[-98.88216,20.26585],[-98.87899,20.26801],[-98.86617,20.27157],[-98.86911,20.28434],[-98.86334,20.29327],[-98.86462,20.29775],[-98.87757,20.29411],[-98.90402,20.27634],[-98.90433,20.27957],[-98.91558,20.27764],[-98.91415,20.27018],[-98.9296,20.26213],[-98.92554,20.25717],[-98.9275,20.25319],[-98.93813,20.25309],[-98.93973,20.21691],[-98.94809,20.20104],[-98.94683,20.19594],[-98.94111,20.19155],[-98.94388,20.18502],[-98.9543,20.18185],[-98.96931,20.18845],[-98.97902,20.18476],[-98.98803,20.18722],[-98.99029,20.1897],[-98.97849,20.19693],[-98.98059,20.22424],[-98.98535,20.22633],[-98.98396,20.24579],[-98.98941,20.25432],[-98.98765,20.25844],[-98.993,20.26814],[-98.98823,20.26894],[-98.99344,20.27863],[-98.9917,20.28359],[-98.97999,20.2794],[-98.98177,20.28197],[-98.9783,20.28251],[-98.97618,20.29079],[-98.98879,20.30016],[-98.95062,20.3141],[-98.95971,20.35708],[-98.94351,20.34981],[-98.94206,20.32686],[-98.93642,20.32726],[-98.92933,20.33769],[-98.90719,20.33739],[-98.90565,20.3487],[-98.91076,20.36003],[-98.91329,20.36311],[-98.91972,20.36285],[-98.91728,20.36686],[-98.91339,20.36656],[-98.91813,20.37341],[-98.91295,20.38144],[-98.90342,20.38076],[-98.90655,20.38832],[-98.9031,20.40299],[-98.90688,20.40864],[-98.90332,20.41204],[-98.90916,20.41391],[-98.91312,20.42489],[-98.90432,20.43585]]]}},{"type":"Feature","properties":{"code":"13030","stateCode":"13","municipalityCode":"030","name":"Ixmiquilpan"},"geometry":{"type":"Polygon","coordinates":[[[-99.1771,20.70866],[-99.17183,20.6994],[-99.16986,20.6749],[-99.17318,20.66854],[-99.17052,20.66246],[-99.17696,20.66378],[-99.17962,20.65943],[-99.1585,20.63242],[-99.1651,20.62607],[-99.15716,20.62472],[-99.15569,20.61785],[-99.15103,20.61683],[-99.15333,20.60061],[-99.15154,20.59064],[-99.14763,20.59064],[-99.14809,20.56825],[-99.14484,20.56306],[-99.15162,20.56263],[-99.1583,20.55653],[-99.15387,20.55189],[-99.15268,20.55525],[-99.14966,20.55427],[-99.14982,20.54632],[-99.13926,20.5486],[-99.13649,20.5369],[-99.12929,20.53623],[-99.1249,20.53014],[-99.11167,20.53604],[-99.10697,20.52571],[-99.09859,20.5221],[-99.10104,20.51417],[-99.10802,20.51153],[-99.10564,20.50805],[-99.1082,20.50294],[-99.11297,20.50279],[-99.10745,20.49678],[-99.10803,20.49207],[-99.11644,20.49188],[-99.12204,20.48522],[-99.12319,20.47837],[-99.1319,20.47246],[-99.12519,20.45964],[-99.09282,20.4519],[-99.09311,20.44927],[-99.10141,20.44635],[-99.09764,20.43827],[-99.09165,20.43405],[-99.09146,20.42501],[-99.0951,20.42096],[-99.07921,20.4073],[-99.09106,20.39965],[-99.09037,20.39482],[-99.08553,20.39144],[-99.08646,20.38248],[-99.09616,20.37893],[-99.10313,20.36857],[-99.11496,20.375],[-99.11549,20.37941],[-99.11296,20.38039],[-99.12062,20.38278],[-99.11345,20.39452],[-99.12984,20.40719],[-99.16343,20.41072],[-99.20064,20.40619],[-99.21048,20.41089],[-99.24981,20.41472],[-99.25719,20.40763],[-99.26596,20.41003],[-99.26776,20.41677],[-99.28967,20.40648],[-99.29769,20.44052],[-99.29876,20.44708],[-99.28816,20.45208],[-99.28544,20.45905],[-99.28505,20.47356],[-99.29269,20.48251],[-99.27925,20.48581],[-99.27912,20.49007],[-99.28669,20.49893],[-99.28458,20.50931],[-99.28106,20.51195],[-99.27222,20.50916],[-99.26416,20.5171],[-99.24808,20.51805],[-99.24792,20.52693],[-99.26382,20.53184],[-99.26617,20.54001],[-99.2811,20.53994],[-99.28519,20.5504],[-99.2772,20.55639],[-99.27041,20.56778],[-99.26917,20.57272],[-99.27398,20.57921],[-99.27184,20.58918],[-99.26187,20.59672],[-99.25527,20.61025],[-99.2572,20.61666],[-99.26696,20.62117],[-99.2696,20.63509],[-99.27868,20.64142],[-99.27558,20.64216],[-99.27739,20.6496],[-99.2746,20.65216],[-99.28052,20.6509],[-99.28437,20.65478],[-99.27694,20.66192],[-99.27321,20.67534],[-99.28686,20.68245],[-99.27565,20.68491],[-99.27778,20.69409],[-99.27515,20.69944],[-99.24313,20.70341],[-99.23733,20.7077],[-99.2246,20.69033],[-99.21968,20.69255],[-99.21739,20.69816],[-99.20537,20.69664],[-99.2003,20.70325],[-99.1771,20.70866]]]}},{"type":"Feature","properties":{"code":"13023","stateCode":"13","municipalityCode":"023","name":"Francisco I. Madero"},"geometry":{"type":"Polygon","coordinates":[[[-99.08837,20.29799],[-99.08107,20.28551],[-99.08061,20.27808],[-99.06586,20.27482],[-99.06141,20.25054],[-99.05119,20.25722],[-99.04959,20.25461],[-99.01339,20.2644],[-99.01289,20.24228],[-99.02152,20.23593],[-99.01753,20.23443],[-99.02681,20.23134],[-99.03149,20.21169],[-99.03752,20.20337],[-99.03379,20.19614],[-99.03925,20.18905],[-99.05467,20.19378],[-99.07819,20.19107],[-99.09167,20.19321],[-99.10258,20.19219],[-99.10715,20.18413],[-99.12944,20.19079],[-99.13912,20.18992],[-99.13715,20.19742],[-99.1168,20.19768],[-99.11207,20.20176],[-99.11339,20.20647],[-99.13184,20.21732],[-99.13623,20.22457],[-99.1372,20.22965],[-99.12149,20.2384],[-99.12366,20.24774],[-99.12627,20.24799],[-99.12618,20.26243],[-99.13094,20.26871],[-99.12515,20.27746],[-99.11105,20.2834],[-99.11191,20.29128],[-99.09755,20.28895],[-99.09622,20.28636],[-99.09271,20.29568],[-99.08837,20.29799]]]}},{"type":"Feature","properties":{"code":"13004","stateCode":"13","municipalityCode":"004","name":"Agua Blanca de Iturbide"},"geometry":{"type":"Polygon","coordinates":[[[-98.3163,20.42799],[-98.29821,20.40832],[-98.29855,20.39671],[-98.30437,20.38213],[-98.30738,20.38084],[-98.30684,20.37421],[-98.31494,20.3632],[-98.31497,20.35511],[-98.32659,20.34857],[-98.33447,20.33517],[-98.33701,20.3187],[-98.33493,20.3166],[-98.338,20.31229],[-98.35824,20.30817],[-98.36933,20.30222],[-98.36971,20.30945],[-98.38193,20.31529],[-98.38425,20.31365],[-98.38345,20.31826],[-98.38657,20.3192],[-98.38901,20.31493],[-98.39337,20.31765],[-98.39984,20.31207],[-98.4012,20.32175],[-98.40416,20.31945],[-98.42273,20.32805],[-98.43255,20.32319],[-98.45766,20.33219],[-98.41829,20.38005],[-98.38615,20.40271],[-98.37658,20.39851],[-98.37047,20.40188],[-98.35982,20.39981],[-98.33718,20.41413],[-98.32101,20.41801],[-98.31605,20.42319],[-98.31981,20.42423],[-98.3163,20.42799]]]}},{"type":"Feature","properties":{"code":"13027","stateCode":"13","municipalityCode":"027","name":"Huehuetla"},"geometry":{"type":"Polygon","coordinates":[[[-98.07134,20.67712],[-98.03998,20.63193],[-98.02939,20.63212],[-98.02101,20.62678],[-98.01771,20.6017],[-98.02873,20.58971],[-98.00831,20.53269],[-98.01846,20.52863],[-98.01423,20.5241],[-98.00327,20.52284],[-97.99876,20.5252],[-97.98538,20.5179],[-97.99747,20.50588],[-97.98879,20.49539],[-97.99367,20.48491],[-97.99901,20.48712],[-97.99985,20.48254],[-98.00886,20.48254],[-98.00834,20.47475],[-98.01407,20.46621],[-98.01156,20.46123],[-98.01497,20.45919],[-98.01194,20.45514],[-98.01709,20.45474],[-98.02195,20.44889],[-98.03385,20.44769],[-98.04455,20.43663],[-98.052,20.44188],[-98.07048,20.43027],[-98.0766,20.42081],[-98.07189,20.4164],[-98.07904,20.40893],[-98.07732,20.40312],[-98.08838,20.3964],[-98.09175,20.38681],[-98.10197,20.38902],[-98.1042,20.39403],[-98.11487,20.39744],[-98.11583,20.40183],[-98.10688,20.40477],[-98.11299,20.4093],[-98.12435,20.40602],[-98.1266,20.3985],[-98.1376,20.40003],[-98.14392,20.39142],[-98.15917,20.38774],[-98.17495,20.40411],[-98.17502,20.41299],[-98.16783,20.41335],[-98.16544,20.40883],[-98.15887,20.40844],[-98.14453,20.42634],[-98.13669,20.43049],[-98.13196,20.42903],[-98.10931,20.44282],[-98.12069,20.4598],[-98.11346,20.46868],[-98.09636,20.47716],[-98.10521,20.48353],[-98.10144,20.4893],[-98.09492,20.48646],[-98.08507,20.49232],[-98.08397,20.50395],[-98.09,20.50852],[-98.08687,20.51136],[-98.0754,20.51071],[-98.0718,20.514],[-98.07116,20.4979],[-98.04307,20.5059],[-98.05722,20.5235],[-98.05649,20.53261],[-98.05961,20.53304],[-98.05925,20.5298],[-98.05995,20.52964],[-98.07149,20.54154],[-98.0703,20.56907],[-98.07789,20.5659],[-98.07967,20.57205],[-98.09325,20.57427],[-98.09564,20.57947],[-98.08878,20.59091],[-98.09523,20.59987],[-98.09479,20.6081],[-98.10052,20.61403],[-98.0983,20.61703],[-98.10055,20.62125],[-98.09499,20.62555],[-98.08751,20.6225],[-98.08546,20.62976],[-98.08061,20.63351],[-98.08276,20.64208],[-98.07196,20.65772],[-98.07025,20.66758],[-98.07678,20.6738],[-98.07134,20.67712]]]}},{"type":"Feature","properties":{"code":"13022","stateCode":"13","municipalityCode":"022","name":"Epazoyucan"},"geometry":{"type":"Polygon","coordinates":[[[-98.58386,20.122],[-98.59393,20.10342],[-98.58944,20.09942],[-98.59385,20.09949],[-98.59451,20.09423],[-98.60326,20.08663],[-98.59595,20.08049],[-98.60074,20.07213],[-98.59361,20.07127],[-98.58676,20.07738],[-98.58063,20.07005],[-98.57593,20.07075],[-98.59161,20.05498],[-98.6003,20.03709],[-98.60518,20.03595],[-98.62058,20.01863],[-98.61518,20.01757],[-98.60021,20.00555],[-98.59875,19.99997],[-98.59321,20.0071],[-98.58265,19.99951],[-98.59232,19.98337],[-98.59713,19.98686],[-98.60892,19.97162],[-98.6319,19.96517],[-98.62952,19.95991],[-98.64155,19.95368],[-98.64863,19.95969],[-98.65224,19.95395],[-98.65742,19.95449],[-98.65398,19.96052],[-98.65786,19.96107],[-98.65787,19.97366],[-98.67082,19.98711],[-98.67516,19.98462],[-98.6752,19.98822],[-98.68183,19.99431],[-98.6864,19.98762],[-98.69534,19.99155],[-98.70236,19.9898],[-98.70446,19.9869],[-98.70146,19.97844],[-98.70818,19.98425],[-98.71942,19.98656],[-98.7184,19.9927],[-98.71505,19.99219],[-98.72842,20.0045],[-98.71316,19.99891],[-98.7164,20.00675],[-98.72721,20.00848],[-98.72308,20.02205],[-98.71556,20.02049],[-98.71534,20.02388],[-98.70711,20.02392],[-98.70604,20.02117],[-98.68804,20.01655],[-98.68555,20.01891],[-98.6797,20.01262],[-98.67549,20.02616],[-98.68168,20.02674],[-98.68676,20.03413],[-98.69746,20.03005],[-98.69916,20.04855],[-98.6969,20.05333],[-98.69001,20.05508],[-98.68229,20.06218],[-98.67493,20.0622],[-98.67361,20.06675],[-98.66518,20.06635],[-98.66679,20.09999],[-98.6625,20.1052],[-98.66314,20.10956],[-98.6539,20.09995],[-98.62543,20.09377],[-98.61931,20.08829],[-98.61497,20.10765],[-98.60718,20.11217],[-98.60549,20.11749],[-98.58386,20.122]]]}},{"type":"Feature","properties":{"code":"13020","stateCode":"13","municipalityCode":"020","name":"Eloxochitlán"},"geometry":{"type":"Polygon","coordinates":[[[-98.89355,20.84391],[-98.88576,20.8429],[-98.88624,20.83647],[-98.87392,20.82302],[-98.87192,20.80305],[-98.87634,20.79692],[-98.8774,20.78702],[-98.87026,20.78915],[-98.85235,20.78564],[-98.85113,20.77552],[-98.84554,20.76898],[-98.83234,20.7693],[-98.79987,20.78399],[-98.79283,20.79204],[-98.77848,20.79937],[-98.77322,20.79625],[-98.77433,20.79341],[-98.76575,20.78458],[-98.76547,20.7782],[-98.75558,20.76679],[-98.75694,20.75358],[-98.75309,20.74085],[-98.76974,20.73523],[-98.77227,20.72856],[-98.78516,20.72123],[-98.79461,20.72373],[-98.82791,20.71773],[-98.8235,20.70839],[-98.81833,20.70824],[-98.81484,20.6957],[-98.82316,20.69085],[-98.82252,20.68566],[-98.82643,20.68177],[-98.84161,20.67663],[-98.8528,20.67982],[-98.84171,20.68004],[-98.84461,20.6859],[-98.83759,20.68927],[-98.84379,20.69815],[-98.84758,20.69676],[-98.84177,20.70319],[-98.84435,20.71256],[-98.84836,20.71189],[-98.85216,20.71718],[-98.85832,20.71673],[-98.86668,20.7042],[-98.87811,20.707],[-98.88974,20.71552],[-98.89235,20.70507],[-98.8903,20.70019],[-98.89907,20.69394],[-98.89114,20.68694],[-98.89489,20.67797],[-98.88714,20.66849],[-98.8882,20.66489],[-98.89676,20.66232],[-98.90146,20.66641],[-98.90933,20.66437],[-98.91048,20.66001],[-98.91645,20.65719],[-98.93008,20.65848],[-98.93183,20.65285],[-98.94387,20.647],[-98.94402,20.64139],[-98.95016,20.65241],[-98.9495,20.65943],[-98.95425,20.66174],[-98.96576,20.6596],[-98.96613,20.66299],[-98.97536,20.66986],[-98.96509,20.67691],[-98.95381,20.67065],[-98.95123,20.67242],[-98.95788,20.69427],[-98.9611,20.69715],[-98.96607,20.69154],[-98.97169,20.69354],[-98.96428,20.70513],[-98.96506,20.71233],[-98.97806,20.72335],[-98.97464,20.7269],[-98.97595,20.72921],[-98.98317,20.72827],[-98.98581,20.73588],[-98.98061,20.73874],[-98.97813,20.74698],[-98.96724,20.75086],[-98.9672,20.75758],[-98.935,20.76312],[-98.93017,20.77063],[-98.92386,20.77352],[-98.94045,20.78377],[-98.94289,20.79019],[-98.93707,20.79156],[-98.93593,20.7964],[-98.93014,20.7953],[-98.92204,20.80724],[-98.91378,20.81307],[-98.91806,20.81838],[-98.91095,20.83045],[-98.89355,20.84391]]]}},{"type":"Feature","properties":{"code":"13074","stateCode":"13","municipalityCode":"074","name":"Tlaxcoapan"},"geometry":{"type":"Polygon","coordinates":[[[-99.16619,20.13025],[-99.17513,20.11561],[-99.1905,20.10843],[-99.17892,20.09588],[-99.2032,20.09293],[-99.20025,20.08592],[-99.20564,20.08117],[-99.21918,20.07958],[-99.21941,20.08302],[-99.24048,20.07891],[-99.24386,20.07567],[-99.24349,20.0691],[-99.25498,20.06527],[-99.26071,20.06439],[-99.29134,20.09362],[-99.27523,20.10385],[-99.27522,20.10104],[-99.26431,20.10041],[-99.26093,20.10629],[-99.22704,20.10862],[-99.22256,20.11656],[-99.20441,20.11681],[-99.20554,20.12104],[-99.18837,20.12271],[-99.16619,20.13025]]]}},{"type":"Feature","properties":{"code":"13070","stateCode":"13","municipalityCode":"070","name":"Tlahuelilpan"},"geometry":{"type":"Polygon","coordinates":[[[-99.20863,20.16047],[-99.19004,20.15425],[-99.18896,20.15146],[-99.19314,20.14763],[-99.16613,20.13059],[-99.18837,20.12271],[-99.20554,20.12104],[-99.20441,20.11681],[-99.22256,20.11656],[-99.22704,20.10862],[-99.24669,20.1086],[-99.24564,20.10597],[-99.26093,20.10629],[-99.26431,20.10041],[-99.27522,20.10104],[-99.27523,20.10385],[-99.25038,20.12411],[-99.24214,20.12774],[-99.24205,20.14183],[-99.23511,20.14496],[-99.23284,20.15538],[-99.21353,20.15576],[-99.20863,20.16047]]]}},{"type":"Feature","properties":{"code":"13018","stateCode":"13","municipalityCode":"018","name":"Chapulhuacán"},"geometry":{"type":"Polygon","coordinates":[[[-98.90343,21.21251],[-98.89514,21.21038],[-98.89542,21.2039],[-98.88513,21.19634],[-98.88266,21.17961],[-98.8574,21.18926],[-98.8521,21.1768],[-98.84707,21.17662],[-98.84049,21.16908],[-98.83757,21.17055],[-98.82928,21.16668],[-98.82454,21.16125],[-98.83139,21.15944],[-98.8386,21.16224],[-98.84377,21.1555],[-98.84058,21.13445],[-98.86708,21.13707],[-98.87102,21.14202],[-98.88185,21.13375],[-98.88137,21.12951],[-98.86941,21.12318],[-98.87281,21.11863],[-98.87921,21.11749],[-98.87131,21.10388],[-98.88198,21.1106],[-98.89009,21.10559],[-98.89235,21.09666],[-98.90061,21.09505],[-98.90629,21.10115],[-98.91203,21.09665],[-98.91878,21.09794],[-98.92798,21.08983],[-98.92906,21.07869],[-98.93708,21.07571],[-98.94377,21.06548],[-98.94626,21.04688],[-98.95484,21.04141],[-98.96151,21.04503],[-98.96279,21.05172],[-98.98627,21.03955],[-98.99716,21.04216],[-99.00257,21.05046],[-99.00753,21.04923],[-99.00908,21.05348],[-99.02041,21.05774],[-99.0078,21.06327],[-99.00919,21.06687],[-99.03698,21.0719],[-99.04431,21.07832],[-99.03486,21.08758],[-99.04038,21.11716],[-99.02716,21.13072],[-99.0294,21.1366],[-99.03441,21.13834],[-99.03914,21.15146],[-99.02883,21.1554],[-99.03006,21.16598],[-99.02395,21.16658],[-99.02255,21.15819],[-99.019,21.15732],[-99.01498,21.16704],[-99.00451,21.16953],[-98.99255,21.16682],[-98.99386,21.17062],[-99.00024,21.17279],[-98.99894,21.18094],[-98.97466,21.1808],[-98.96744,21.1849],[-98.96,21.18219],[-98.95824,21.17669],[-98.95052,21.1811],[-98.94602,21.18008],[-98.9469,21.1859],[-98.95522,21.18601],[-98.93525,21.19024],[-98.93546,21.19875],[-98.92191,21.19722],[-98.92289,21.20645],[-98.91469,21.20223],[-98.91477,21.20874],[-98.90343,21.21251]]]}},{"type":"Feature","properties":{"code":"13029","stateCode":"13","municipalityCode":"029","name":"Huichapan"},"geometry":{"type":"Polygon","coordinates":[[[-99.54024,20.51225],[-99.535,20.50426],[-99.54394,20.49518],[-99.54306,20.48767],[-99.54929,20.47658],[-99.53741,20.46539],[-99.53432,20.4573],[-99.53441,20.46103],[-99.5282,20.46123],[-99.52187,20.47191],[-99.50732,20.47354],[-99.5047,20.46733],[-99.51879,20.45621],[-99.50542,20.44839],[-99.50374,20.44513],[-99.50784,20.43985],[-99.49847,20.43747],[-99.49583,20.43019],[-99.49973,20.42508],[-99.51824,20.42418],[-99.51401,20.40635],[-99.51606,20.39733],[-99.52015,20.39751],[-99.5163,20.38491],[-99.52117,20.38213],[-99.51948,20.37857],[-99.53349,20.3735],[-99.53587,20.3689],[-99.53357,20.34948],[-99.53909,20.34403],[-99.54195,20.33257],[-99.54221,20.32948],[-99.5308,20.32591],[-99.54118,20.30584],[-99.54908,20.30135],[-99.55169,20.29605],[-99.55619,20.29459],[-99.56025,20.29742],[-99.56479,20.29249],[-99.56739,20.29508],[-99.57649,20.29412],[-99.58131,20.30157],[-99.57724,20.31001],[-99.58393,20.31343],[-99.58687,20.32017],[-99.5991,20.31478],[-99.60573,20.3076],[-99.60787,20.29599],[-99.61493,20.28937],[-99.63594,20.28071],[-99.6519,20.28119],[-99.66968,20.29443],[-99.67368,20.30257],[-99.6766,20.30001],[-99.70229,20.30383],[-99.70013,20.30198],[-99.70616,20.3006],[-99.69877,20.29053],[-99.70131,20.29007],[-99.70176,20.28205],[-99.7074,20.28101],[-99.71435,20.29411],[-99.72338,20.29394],[-99.73137,20.30021],[-99.74059,20.29264],[-99.7421,20.28399],[-99.76801,20.28986],[-99.79388,20.28853],[-99.79394,20.28622],[-99.8242,20.29147],[-99.83146,20.2972],[-99.83832,20.29027],[-99.83658,20.28867],[-99.83947,20.28922],[-99.85911,20.26847],[-99.83508,20.48104],[-99.81128,20.47381],[-99.80346,20.46009],[-99.79719,20.45809],[-99.78577,20.46208],[-99.78257,20.45694],[-99.7766,20.45572],[-99.77228,20.4445],[-99.77711,20.44139],[-99.76125,20.42023],[-99.745,20.43113],[-99.74238,20.44415],[-99.73199,20.4464],[-99.73529,20.45104],[-99.73107,20.45239],[-99.73268,20.46028],[-99.73831,20.46055],[-99.73755,20.46316],[-99.72921,20.46029],[-99.70481,20.47115],[-99.69718,20.47028],[-99.68688,20.47421],[-99.68804,20.47747],[-99.68042,20.4818],[-99.66439,20.47988],[-99.65695,20.45985],[-99.65194,20.46108],[-99.64472,20.47099],[-99.63733,20.46133],[-99.6377,20.45505],[-99.62654,20.45028],[-99.6247,20.45423],[-99.61874,20.45363],[-99.62004,20.46572],[-99.61362,20.46927],[-99.61859,20.47414],[-99.61723,20.47823],[-99.60556,20.47659],[-99.60374,20.48175],[-99.61075,20.48623],[-99.59681,20.49058],[-99.59444,20.50353],[-99.58772,20.50967],[-99.57537,20.50059],[-99.54024,20.51225]]]}},{"type":"Feature","properties":{"code":"13071","stateCode":"13","municipalityCode":"071","name":"Tlahuiltepa"},"geometry":{"type":"Polygon","coordinates":[[[-98.97339,21.03361],[-98.94766,21.0285],[-98.94588,21.01944],[-98.93814,21.02142],[-98.94226,21.01342],[-98.93484,21.01209],[-98.93107,21.0067],[-98.93435,20.99626],[-98.92787,20.98522],[-98.91519,20.99281],[-98.90533,20.9925],[-98.90167,20.9972],[-98.89722,20.98751],[-98.89151,20.99269],[-98.8768,20.99638],[-98.87302,20.98899],[-98.86424,20.98837],[-98.85951,20.98141],[-98.8548,20.97991],[-98.86204,20.97357],[-98.85718,20.97017],[-98.85703,20.96258],[-98.84402,20.93693],[-98.8597,20.92104],[-98.86094,20.90426],[-98.8743,20.88815],[-98.87912,20.8863],[-98.88592,20.86504],[-98.88239,20.86346],[-98.88657,20.85831],[-98.89102,20.85944],[-98.89294,20.85072],[-98.90126,20.8511],[-98.89796,20.84103],[-98.90709,20.83095],[-98.91095,20.83045],[-98.91767,20.81935],[-98.91378,20.81307],[-98.92204,20.80724],[-98.93014,20.7953],[-98.93593,20.7964],[-98.93707,20.79156],[-98.94289,20.79019],[-98.94045,20.78377],[-98.92386,20.77352],[-98.93017,20.77063],[-98.935,20.76312],[-98.9672,20.75758],[-98.96724,20.75086],[-98.97813,20.74698],[-98.98061,20.73874],[-98.98581,20.73588],[-98.98317,20.72827],[-98.97595,20.72921],[-98.97464,20.7269],[-98.97806,20.72335],[-98.96506,20.71233],[-98.96428,20.70513],[-98.97169,20.69354],[-98.96607,20.69154],[-98.9611,20.69715],[-98.95788,20.69427],[-98.95181,20.67549],[-98.95203,20.67033],[-98.96509,20.67691],[-98.97536,20.66986],[-98.96613,20.66299],[-98.96576,20.6596],[-98.95425,20.66174],[-98.94903,20.65893],[-98.95016,20.65241],[-98.9453,20.64508],[-98.9462,20.63791],[-98.94898,20.63835],[-98.94688,20.63604],[-98.95613,20.6358],[-98.9595,20.63062],[-98.96432,20.63058],[-98.96441,20.63947],[-98.96918,20.64415],[-98.97837,20.6408],[-98.98284,20.64622],[-98.98772,20.64565],[-98.99389,20.65115],[-99.00533,20.65143],[-99.00552,20.65854],[-99.00976,20.66459],[-99.00895,20.67539],[-99.00423,20.68094],[-99.01748,20.69689],[-99.01614,20.70481],[-99.02162,20.7108],[-99.0191,20.71322],[-99.02395,20.7198],[-99.02261,20.72248],[-99.01922,20.72161],[-99.01582,20.72943],[-99.00957,20.73376],[-99.00689,20.7323],[-99.00463,20.73754],[-99.012,20.75027],[-99.01279,20.76267],[-99.03642,20.77576],[-99.05016,20.76552],[-99.05998,20.7658],[-99.06044,20.75964],[-99.06739,20.75511],[-99.0834,20.7509],[-99.0847,20.75465],[-99.07976,20.76641],[-99.08077,20.77958],[-99.09609,20.78278],[-99.09982,20.77675],[-99.1037,20.78321],[-99.09192,20.80554],[-99.06602,20.82703],[-99.06104,20.8201],[-99.05199,20.82584],[-99.03949,20.82586],[-99.02621,20.81928],[-99.01732,20.82811],[-99.03277,20.86023],[-99.03176,20.86564],[-99.03618,20.87504],[-99.03801,20.87636],[-99.03848,20.87164],[-99.05267,20.87336],[-99.05939,20.88226],[-99.05591,20.89024],[-99.06266,20.88835],[-99.06843,20.89443],[-99.06876,20.9032],[-99.05953,20.90694],[-99.06208,20.91039],[-99.05994,20.91222],[-99.06567,20.91808],[-99.05968,20.9244],[-99.06731,20.93607],[-99.054,20.94182],[-99.05444,20.94798],[-99.05092,20.95065],[-99.05968,20.95186],[-99.05842,20.96198],[-99.05386,20.9623],[-99.05296,20.95648],[-99.03706,20.96106],[-99.03215,20.96742],[-99.03187,20.97345],[-99.02384,20.97322],[-99.02905,20.9822],[-99.03758,20.98132],[-99.04182,20.99007],[-99.04963,20.98884],[-99.04957,20.99973],[-99.04223,20.99301],[-99.03763,20.99523],[-99.03313,20.99332],[-99.03141,20.99691],[-99.03881,21.00236],[-99.03802,21.00484],[-99.0211,20.99257],[-99.01143,21.00145],[-99.00726,20.99852],[-99.00626,20.99095],[-98.99766,20.99382],[-98.99049,20.99192],[-98.98756,20.99793],[-98.98009,20.99855],[-98.97974,21.00716],[-98.9766,21.00644],[-98.97592,21.00229],[-98.97296,21.0039],[-98.97186,21.02043],[-98.97949,21.02572],[-98.96815,21.02677],[-98.96787,21.03039],[-98.97339,21.03361]]]}},{"type":"Feature","properties":{"code":"13076","stateCode":"13","municipalityCode":"076","name":"Tula de Allende"},"geometry":{"type":"Polygon","coordinates":[[[-99.48566,20.17019],[-99.46191,20.16221],[-99.44156,20.16215],[-99.42742,20.13981],[-99.41261,20.13874],[-99.38915,20.12746],[-99.37787,20.1178],[-99.37296,20.11176],[-99.3761,20.10864],[-99.37363,20.10286],[-99.36875,20.10312],[-99.37109,20.10836],[-99.36392,20.10967],[-99.36891,20.12529],[-99.36635,20.12955],[-99.34014,20.13706],[-99.34087,20.14347],[-99.33654,20.14658],[-99.31303,20.11422],[-99.25477,20.05877],[-99.26865,20.05775],[-99.2753,20.06237],[-99.29046,20.05954],[-99.29243,20.03458],[-99.28757,20.03362],[-99.28727,20.03962],[-99.27061,20.03147],[-99.26729,20.0343],[-99.26084,20.0273],[-99.26187,20.01591],[-99.27406,19.99584],[-99.27692,19.98391],[-99.27479,19.97688],[-99.29774,19.97261],[-99.30325,19.97509],[-99.30992,19.96466],[-99.31103,19.9578],[-99.30747,19.94837],[-99.29427,19.94323],[-99.29295,19.94018],[-99.30005,19.93881],[-99.29273,19.93446],[-99.30442,19.93008],[-99.3061,19.93188],[-99.30611,19.93766],[-99.3224,19.9619],[-99.31853,19.96268],[-99.31688,19.96935],[-99.32755,19.9658],[-99.33227,19.95968],[-99.33944,19.95852],[-99.33775,19.95327],[-99.32409,19.94566],[-99.34241,19.94433],[-99.35182,19.95187],[-99.35353,19.96142],[-99.363,19.97124],[-99.36767,19.98554],[-99.36217,19.98954],[-99.3592,19.98773],[-99.35356,19.99299],[-99.36316,19.99622],[-99.36273,19.99929],[-99.38174,20.00497],[-99.38878,20.01067],[-99.38689,20.00528],[-99.3975,20.00353],[-99.41334,20.0074],[-99.41509,20.01299],[-99.42697,20.01601],[-99.44075,20.01335],[-99.44845,20.04219],[-99.45821,20.05503],[-99.45976,20.06546],[-99.48101,20.0822],[-99.4835,20.10097],[-99.49492,20.11088],[-99.50131,20.127],[-99.51861,20.14697],[-99.51547,20.15086],[-99.50183,20.15329],[-99.50527,20.16046],[-99.49201,20.15021],[-99.49425,20.15848],[-99.48566,20.17019]]]}},{"type":"Feature","properties":{"code":"13046","stateCode":"13","municipalityCode":"046","name":"San Felipe Orizatlán"},"geometry":{"type":"Polygon","coordinates":[[[-98.48554,21.39838],[-98.47983,21.3966],[-98.48109,21.3884],[-98.47334,21.39124],[-98.4687,21.38703],[-98.46546,21.37319],[-98.46842,21.37033],[-98.46615,21.36549],[-98.46996,21.35754],[-98.46361,21.35015],[-98.47788,21.34376],[-98.47827,21.34742],[-98.48518,21.35015],[-98.49562,21.34042],[-98.49557,21.32997],[-98.51717,21.30449],[-98.52581,21.2875],[-98.54389,21.26522],[-98.53786,21.26387],[-98.51654,21.24427],[-98.52374,21.24382],[-98.52565,21.23724],[-98.53952,21.23222],[-98.54688,21.21419],[-98.55334,21.2085],[-98.55213,21.20117],[-98.54728,21.20614],[-98.53285,21.20765],[-98.53721,21.20134],[-98.5335,21.1966],[-98.52997,21.19897],[-98.52672,21.19701],[-98.52892,21.19545],[-98.52267,21.18807],[-98.52315,21.18364],[-98.5274,21.18587],[-98.52937,21.18229],[-98.53952,21.18289],[-98.54119,21.17658],[-98.55155,21.16953],[-98.54855,21.16302],[-98.56108,21.1564],[-98.57324,21.14131],[-98.58095,21.13749],[-98.58157,21.12571],[-98.58508,21.12091],[-98.587,21.12554],[-98.59766,21.12366],[-98.59574,21.12742],[-98.60181,21.12828],[-98.60368,21.13325],[-98.61747,21.12515],[-98.6146,21.12199],[-98.61465,21.10185],[-98.61706,21.0938],[-98.6252,21.0949],[-98.63486,21.10281],[-98.64526,21.10646],[-98.65806,21.12075],[-98.65998,21.14252],[-98.66363,21.14408],[-98.65915,21.15685],[-98.67136,21.15867],[-98.67862,21.16782],[-98.69202,21.16798],[-98.69475,21.18176],[-98.6917,21.18803],[-98.68515,21.1902],[-98.6866,21.1949],[-98.68234,21.20072],[-98.66893,21.19486],[-98.66378,21.18405],[-98.6583,21.18281],[-98.65852,21.18611],[-98.65052,21.18093],[-98.65063,21.18352],[-98.63915,21.18323],[-98.60912,21.201],[-98.59945,21.24773],[-98.60685,21.24878],[-98.60892,21.2527],[-98.60002,21.26105],[-98.605,21.26848],[-98.6011,21.27481],[-98.60394,21.27645],[-98.59548,21.28457],[-98.60165,21.2866],[-98.59913,21.29205],[-98.60467,21.30184],[-98.61253,21.29981],[-98.61575,21.30473],[-98.63196,21.3131],[-98.64887,21.31292],[-98.67091,21.32486],[-98.67695,21.33655],[-98.68358,21.34196],[-98.67509,21.34984],[-98.65275,21.34684],[-98.6519,21.35279],[-98.64516,21.35806],[-98.64405,21.36654],[-98.62858,21.36476],[-98.62716,21.35981],[-98.6235,21.36472],[-98.61916,21.36252],[-98.61901,21.35886],[-98.61423,21.36197],[-98.61201,21.35924],[-98.59924,21.35843],[-98.59097,21.3666],[-98.59005,21.37276],[-98.58349,21.37283],[-98.58126,21.36969],[-98.58075,21.37408],[-98.57601,21.37463],[-98.56772,21.37077],[-98.56154,21.37744],[-98.55203,21.37946],[-98.54957,21.3846],[-98.54615,21.38061],[-98.54501,21.38429],[-98.5413,21.38396],[-98.53929,21.37908],[-98.53197,21.37853],[-98.53361,21.37446],[-98.52755,21.36655],[-98.52052,21.36863],[-98.51744,21.36186],[-98.51485,21.36522],[-98.51095,21.36265],[-98.50686,21.3661],[-98.50738,21.36997],[-98.51159,21.36897],[-98.51575,21.37229],[-98.50495,21.382],[-98.50708,21.38616],[-98.50404,21.3895],[-98.50121,21.38546],[-98.4946,21.38717],[-98.4913,21.39199],[-98.48693,21.39239],[-98.48554,21.39838]]]}},{"type":"Feature","properties":{"code":"13065","stateCode":"13","municipalityCode":"065","name":"Tetepango"},"geometry":{"type":"Polygon","coordinates":[[[-99.18961,20.15522],[-99.17982,20.1508],[-99.10398,20.14136],[-99.1257,20.12357],[-99.14024,20.07049],[-99.13622,20.06522],[-99.15288,20.06502],[-99.17308,20.08796],[-99.16964,20.0955],[-99.18174,20.0981],[-99.19006,20.10695],[-99.17063,20.11985],[-99.16606,20.13129],[-99.19314,20.14763],[-99.18896,20.15146],[-99.19122,20.15193],[-99.18961,20.15522]]]}},{"type":"Feature","properties":{"code":"13061","stateCode":"13","municipalityCode":"061","name":"Tepeapulco"},"geometry":{"type":"Polygon","coordinates":[[[-98.41153,19.92024],[-98.40745,19.91466],[-98.38616,19.91254],[-98.37988,19.8984],[-98.37974,19.88372],[-98.38705,19.84849],[-98.38502,19.83759],[-98.39901,19.82319],[-98.40151,19.82604],[-98.42802,19.809],[-98.42646,19.80725],[-98.45405,19.79968],[-98.46673,19.78672],[-98.47479,19.78546],[-98.48875,19.77619],[-98.50035,19.76186],[-98.50291,19.76401],[-98.5038,19.76111],[-98.51622,19.76026],[-98.53454,19.75205],[-98.53934,19.74652],[-98.53575,19.73795],[-98.53511,19.71348],[-98.55251,19.72088],[-98.5562,19.71041],[-98.55158,19.70215],[-98.55486,19.6952],[-98.56058,19.69238],[-98.56465,19.70604],[-98.5685,19.70574],[-98.56722,19.71506],[-98.57067,19.72166],[-98.5873,19.72814],[-98.58423,19.72211],[-98.60215,19.71573],[-98.6081,19.72508],[-98.60321,19.73265],[-98.6019,19.75673],[-98.58767,19.78447],[-98.58452,19.77829],[-98.57855,19.78849],[-98.58834,19.82311],[-98.57547,19.82326],[-98.56096,19.83544],[-98.56133,19.84975],[-98.55675,19.85391],[-98.54342,19.8533],[-98.52894,19.84618],[-98.51505,19.84432],[-98.50039,19.86857],[-98.48625,19.87474],[-98.48264,19.87187],[-98.46137,19.87235],[-98.46101,19.86903],[-98.45604,19.86958],[-98.45305,19.87514],[-98.45801,19.8841],[-98.45725,19.88904],[-98.44941,19.88827],[-98.44672,19.88162],[-98.43968,19.87751],[-98.43797,19.8871],[-98.43032,19.89239],[-98.43705,19.89557],[-98.43969,19.90229],[-98.43387,19.90697],[-98.42745,19.90595],[-98.42216,19.91631],[-98.41153,19.92024]]]}},{"type":"Feature","properties":{"code":"13047","stateCode":"13","municipalityCode":"047","name":"Pacula"},"geometry":{"type":"Polygon","coordinates":[[[-99.30799,21.14717],[-99.30266,21.13942],[-99.29584,21.14176],[-99.28687,21.13098],[-99.28325,21.1318],[-99.28229,21.12206],[-99.2719,21.12129],[-99.27081,21.11272],[-99.24815,21.10135],[-99.24356,21.10385],[-99.24033,21.09943],[-99.24835,21.09273],[-99.24652,21.08193],[-99.2497,21.07147],[-99.26612,21.06037],[-99.26551,21.04644],[-99.24102,21.0363],[-99.2388,21.03141],[-99.23231,21.03695],[-99.22258,21.03226],[-99.22699,21.02258],[-99.23209,21.02272],[-99.2314,21.01398],[-99.23897,20.9992],[-99.25811,20.98826],[-99.25391,20.98655],[-99.25535,20.98325],[-99.24992,20.97818],[-99.24527,20.98091],[-99.24351,20.97838],[-99.24705,20.97521],[-99.24675,20.96857],[-99.23319,20.96165],[-99.23048,20.95031],[-99.22338,20.94274],[-99.23608,20.92982],[-99.23338,20.9255],[-99.24449,20.91192],[-99.26681,20.92724],[-99.26299,20.90979],[-99.25508,20.89947],[-99.28353,20.88484],[-99.29092,20.88939],[-99.29588,20.88225],[-99.30067,20.88104],[-99.30591,20.86521],[-99.31174,20.85853],[-99.32209,20.86956],[-99.33466,20.86352],[-99.33656,20.87102],[-99.33429,20.87666],[-99.33789,20.88056],[-99.33376,20.88498],[-99.33385,20.88977],[-99.34912,20.89744],[-99.36302,20.89376],[-99.36047,20.88596],[-99.3652,20.88633],[-99.37251,20.88118],[-99.3777,20.8885],[-99.3824,20.88998],[-99.39157,20.91174],[-99.39426,20.91021],[-99.39624,20.91654],[-99.40382,20.91865],[-99.40012,20.92513],[-99.40436,20.92915],[-99.40252,20.93453],[-99.40761,20.93558],[-99.39063,20.95227],[-99.39275,20.95827],[-99.38828,20.9662],[-99.39474,20.97308],[-99.39633,20.98109],[-99.39126,20.98668],[-99.39366,20.99036],[-99.38995,21.00414],[-99.38405,21.00742],[-99.38504,21.01746],[-99.37516,21.02433],[-99.36856,21.02452],[-99.3675,21.03749],[-99.36325,21.04173],[-99.36417,21.04916],[-99.37708,21.05662],[-99.37358,21.06214],[-99.36823,21.06183],[-99.36744,21.06948],[-99.37581,21.07337],[-99.38767,21.06783],[-99.38882,21.07927],[-99.39433,21.07938],[-99.39449,21.08525],[-99.39867,21.08901],[-99.39751,21.1018],[-99.39149,21.101],[-99.38847,21.10411],[-99.37931,21.10177],[-99.37692,21.09822],[-99.36099,21.10478],[-99.35876,21.09966],[-99.35326,21.10292],[-99.34636,21.10088],[-99.34116,21.11011],[-99.34387,21.11455],[-99.34183,21.12366],[-99.33588,21.13026],[-99.32539,21.13404],[-99.32329,21.13958],[-99.30799,21.14717]]]}},{"type":"Feature","properties":{"code":"13078","stateCode":"13","municipalityCode":"078","name":"Xochiatipan"},"geometry":{"type":"Polygon","coordinates":[[[-98.30235,20.94795],[-98.3022,20.94459],[-98.29536,20.94203],[-98.2927,20.93453],[-98.27553,20.9301],[-98.26626,20.93565],[-98.25431,20.93489],[-98.24765,20.92647],[-98.2373,20.93097],[-98.23935,20.92303],[-98.23426,20.91583],[-98.22934,20.91449],[-98.22401,20.91897],[-98.22244,20.9169],[-98.22902,20.90819],[-98.22487,20.90662],[-98.22626,20.90409],[-98.23236,20.90012],[-98.25097,20.8973],[-98.25899,20.87492],[-98.2655,20.86654],[-98.25622,20.85897],[-98.25881,20.85507],[-98.25464,20.84895],[-98.26232,20.84689],[-98.26061,20.83983],[-98.25821,20.83972],[-98.25891,20.83397],[-98.25211,20.82782],[-98.25377,20.82149],[-98.23933,20.81758],[-98.22471,20.81824],[-98.23365,20.79756],[-98.24489,20.80222],[-98.24892,20.79638],[-98.24555,20.79332],[-98.24775,20.78944],[-98.25404,20.7941],[-98.2616,20.78597],[-98.27557,20.78602],[-98.27954,20.7827],[-98.2844,20.78666],[-98.29202,20.78551],[-98.29881,20.77784],[-98.30448,20.78273],[-98.29777,20.79575],[-98.29845,20.80143],[-98.30288,20.7959],[-98.30783,20.80192],[-98.31532,20.78875],[-98.32525,20.78382],[-98.33527,20.78985],[-98.33943,20.79669],[-98.34467,20.79749],[-98.31484,20.80982],[-98.31654,20.81777],[-98.32865,20.8205],[-98.3272,20.82944],[-98.34543,20.83184],[-98.35292,20.83717],[-98.34975,20.84298],[-98.35179,20.8488],[-98.34259,20.87127],[-98.32978,20.87426],[-98.32172,20.88774],[-98.31324,20.88839],[-98.3077,20.89416],[-98.30378,20.90768],[-98.29527,20.90917],[-98.29352,20.91873],[-98.29913,20.91472],[-98.30942,20.9173],[-98.30872,20.92341],[-98.31452,20.93489],[-98.3113,20.94005],[-98.31193,20.94695],[-98.30235,20.94795]]]}},{"type":"Feature","properties":{"code":"13063","stateCode":"13","municipalityCode":"063","name":"Tepeji del Río de Ocampo"},"geometry":{"type":"Polygon","coordinates":[[[-99.43046,20.01626],[-99.41509,20.01299],[-99.41356,20.00753],[-99.40221,20.00392],[-99.38689,20.00528],[-99.38878,20.01067],[-99.35356,19.99299],[-99.3592,19.98773],[-99.36217,19.98954],[-99.36767,19.98554],[-99.363,19.97124],[-99.35353,19.96142],[-99.35257,19.95272],[-99.34241,19.94433],[-99.32333,19.94628],[-99.33775,19.95327],[-99.33944,19.95852],[-99.33227,19.95968],[-99.32755,19.9658],[-99.31735,19.96947],[-99.31853,19.96268],[-99.3224,19.9619],[-99.30611,19.93766],[-99.30442,19.93008],[-99.29273,19.93446],[-99.30005,19.93881],[-99.28838,19.94107],[-99.29036,19.95275],[-99.28266,19.9551],[-99.28125,19.95245],[-99.26991,19.96498],[-99.2549,19.95661],[-99.25107,19.94583],[-99.25124,19.93268],[-99.25693,19.93105],[-99.26045,19.9212],[-99.27215,19.92166],[-99.27416,19.91884],[-99.27079,19.91628],[-99.26926,19.90469],[-99.26408,19.90271],[-99.25796,19.89117],[-99.25271,19.88822],[-99.24674,19.89557],[-99.23957,19.88802],[-99.23595,19.87349],[-99.24143,19.87526],[-99.24796,19.85979],[-99.27009,19.85917],[-99.27538,19.8529],[-99.27872,19.84041],[-99.28161,19.84261],[-99.28632,19.83716],[-99.29694,19.83522],[-99.31192,19.81416],[-99.30691,19.81298],[-99.31267,19.80523],[-99.3066,19.79769],[-99.32558,19.7931],[-99.33865,19.80203],[-99.34031,19.79432],[-99.34286,19.79612],[-99.34574,19.79313],[-99.34348,19.7805],[-99.35153,19.7758],[-99.35779,19.78157],[-99.37061,19.78184],[-99.37392,19.77592],[-99.38245,19.7712],[-99.38788,19.77791],[-99.38117,19.78405],[-99.38717,19.78296],[-99.39033,19.78573],[-99.38812,19.79172],[-99.37754,19.79645],[-99.38644,19.80444],[-99.38672,19.81303],[-99.38153,19.82029],[-99.38137,19.83139],[-99.37439,19.83791],[-99.37697,19.84495],[-99.37325,19.85154],[-99.39175,19.85992],[-99.41499,19.85053],[-99.42099,19.85512],[-99.42678,19.875],[-99.43041,19.87088],[-99.44521,19.88432],[-99.43603,19.89615],[-99.43593,19.90313],[-99.4508,19.89461],[-99.46388,19.8926],[-99.47086,19.89861],[-99.47744,19.89827],[-99.48036,19.9047],[-99.48398,19.90518],[-99.47362,19.95444],[-99.47724,19.95479],[-99.47776,19.96057],[-99.45872,19.96652],[-99.45024,19.96425],[-99.45458,19.98122],[-99.44466,19.98475],[-99.4455,19.99123],[-99.43686,19.9996],[-99.44064,20.01357],[-99.43046,20.01626]]]}},{"type":"Feature","properties":{"code":"13017","stateCode":"13","municipalityCode":"017","name":"Chapantongo"},"geometry":{"type":"Polygon","coordinates":[[[-99.36988,20.33798],[-99.34645,20.33712],[-99.34565,20.33243],[-99.34914,20.32114],[-99.33952,20.30706],[-99.34237,20.30574],[-99.34662,20.31047],[-99.3504,20.30538],[-99.35948,20.30707],[-99.33828,20.27583],[-99.33666,20.25276],[-99.3723,20.25883],[-99.39044,20.25497],[-99.39926,20.2662],[-99.39906,20.27022],[-99.40752,20.27577],[-99.41123,20.26282],[-99.4152,20.26346],[-99.41386,20.26827],[-99.41731,20.26866],[-99.43701,20.25466],[-99.44967,20.25014],[-99.45139,20.24887],[-99.44217,20.23489],[-99.45413,20.22095],[-99.44749,20.20565],[-99.4507,20.19887],[-99.44797,20.1915],[-99.45828,20.18821],[-99.45784,20.18263],[-99.46673,20.17725],[-99.46946,20.16428],[-99.48672,20.16999],[-99.49425,20.15848],[-99.49222,20.15012],[-99.50527,20.16046],[-99.5207,20.19384],[-99.52977,20.19034],[-99.53097,20.1789],[-99.53631,20.18699],[-99.54482,20.1904],[-99.54231,20.19739],[-99.55283,20.20592],[-99.56262,20.20563],[-99.56487,20.20808],[-99.55959,20.22213],[-99.56157,20.23913],[-99.59211,20.23648],[-99.58976,20.24748],[-99.57765,20.25515],[-99.59058,20.27183],[-99.57596,20.27985],[-99.54941,20.27541],[-99.55675,20.29468],[-99.54328,20.30337],[-99.54439,20.30553],[-99.54118,20.30584],[-99.52913,20.32699],[-99.50448,20.32546],[-99.49675,20.33461],[-99.48032,20.3314],[-99.47724,20.33396],[-99.46372,20.32881],[-99.44161,20.32699],[-99.43553,20.32105],[-99.41071,20.32569],[-99.40196,20.32463],[-99.39716,20.31955],[-99.38136,20.32755],[-99.36988,20.33798]]]}},{"type":"Feature","properties":{"code":"13083","stateCode":"13","municipalityCode":"083","name":"Zempoala"},"geometry":{"type":"Polygon","coordinates":[[[-98.82244,20.03868],[-98.80097,20.02769],[-98.79682,20.03519],[-98.75808,20.01471],[-98.76734,20.00352],[-98.76722,19.99135],[-98.77162,19.98541],[-98.73083,19.98008],[-98.72756,19.99435],[-98.72022,19.99312],[-98.71942,19.98656],[-98.70818,19.98425],[-98.70146,19.97844],[-98.70446,19.9869],[-98.70236,19.9898],[-98.69534,19.99155],[-98.6864,19.98762],[-98.68183,19.99431],[-98.6752,19.98822],[-98.67516,19.98462],[-98.67082,19.98711],[-98.65787,19.97366],[-98.65786,19.96107],[-98.65398,19.96052],[-98.65742,19.95449],[-98.65224,19.95395],[-98.64863,19.95969],[-98.64166,19.95369],[-98.63548,19.95599],[-98.62952,19.95991],[-98.6319,19.96517],[-98.60892,19.97162],[-98.59713,19.98686],[-98.59232,19.98337],[-98.58701,19.99224],[-98.58503,19.99125],[-98.57979,19.98764],[-98.58589,19.9882],[-98.58083,19.98326],[-98.58783,19.97634],[-98.58526,19.97512],[-98.58732,19.96494],[-98.5944,19.95628],[-98.58998,19.95444],[-98.58712,19.9577],[-98.58705,19.95319],[-98.57198,19.95123],[-98.57534,19.94596],[-98.56836,19.94366],[-98.5697,19.93438],[-98.54546,19.93295],[-98.54759,19.92747],[-98.53894,19.92561],[-98.53891,19.92144],[-98.5298,19.91671],[-98.5283,19.90689],[-98.53553,19.9026],[-98.53494,19.89139],[-98.53988,19.88722],[-98.56054,19.89066],[-98.56286,19.88763],[-98.57335,19.89154],[-98.57492,19.86469],[-98.58716,19.86176],[-98.59586,19.85253],[-98.61317,19.84811],[-98.62047,19.83507],[-98.62689,19.83711],[-98.62699,19.85249],[-98.6403,19.84656],[-98.64875,19.84963],[-98.64985,19.85392],[-98.65385,19.85037],[-98.65281,19.8372],[-98.67479,19.8324],[-98.67248,19.81672],[-98.67721,19.8132],[-98.69764,19.83211],[-98.67184,19.85366],[-98.67266,19.86283],[-98.68084,19.86065],[-98.68537,19.85055],[-98.69913,19.85842],[-98.70276,19.8586],[-98.70099,19.85606],[-98.70354,19.85736],[-98.70342,19.85454],[-98.71282,19.8538],[-98.71854,19.86234],[-98.73871,19.86716],[-98.73917,19.87256],[-98.7547,19.87679],[-98.75131,19.89736],[-98.75681,19.90336],[-98.7528,19.91098],[-98.74173,19.9157],[-98.74297,19.92263],[-98.74606,19.92652],[-98.75528,19.92763],[-98.75872,19.937],[-98.77002,19.94372],[-98.76768,19.94587],[-98.79768,19.96657],[-98.80087,19.97239],[-98.79695,19.97682],[-98.80747,19.98442],[-98.78996,19.98643],[-98.81065,20.02176],[-98.81876,20.02638],[-98.82267,20.01805],[-98.83069,20.02144],[-98.82791,20.02416],[-98.83031,20.02929],[-98.82244,20.03868]]]}},{"type":"Feature","properties":{"code":"13072","stateCode":"13","municipalityCode":"072","name":"Tlanalapa"},"geometry":{"type":"Polygon","coordinates":[[[-98.5695,19.89162],[-98.56286,19.88763],[-98.56054,19.89066],[-98.53381,19.88736],[-98.52546,19.87664],[-98.52525,19.86928],[-98.52216,19.87149],[-98.50039,19.86857],[-98.51505,19.84432],[-98.52894,19.84618],[-98.54342,19.8533],[-98.55675,19.85391],[-98.56133,19.84975],[-98.56096,19.83544],[-98.57547,19.82326],[-98.58834,19.82311],[-98.57855,19.78849],[-98.58452,19.77829],[-98.58767,19.78447],[-98.59675,19.76597],[-98.6006,19.76492],[-98.59943,19.76823],[-98.61166,19.77413],[-98.6096,19.77711],[-98.61341,19.78167],[-98.61223,19.78637],[-98.61748,19.78805],[-98.62526,19.78518],[-98.62356,19.79389],[-98.63879,19.80077],[-98.6399,19.81196],[-98.66066,19.83488],[-98.65281,19.8372],[-98.65385,19.85037],[-98.64985,19.85392],[-98.64875,19.84963],[-98.6403,19.84656],[-98.62699,19.85249],[-98.62689,19.83711],[-98.62047,19.83507],[-98.61317,19.84811],[-98.59586,19.85253],[-98.58716,19.86176],[-98.57492,19.86469],[-98.57467,19.88922],[-98.5695,19.89162]]]}},{"type":"Feature","properties":{"code":"13067","stateCode":"13","municipalityCode":"067","name":"Tezontepec de Aldama"},"geometry":{"type":"Polygon","coordinates":[[[-99.33965,20.25435],[-99.33216,20.24975],[-99.30339,20.24963],[-99.30803,20.24024],[-99.30351,20.23673],[-99.27964,20.23652],[-99.27354,20.229],[-99.25727,20.22713],[-99.25327,20.23435],[-99.24003,20.23571],[-99.24272,20.22626],[-99.25194,20.21928],[-99.24583,20.21454],[-99.2486,20.20237],[-99.22389,20.19699],[-99.22978,20.16762],[-99.21135,20.16022],[-99.21353,20.15576],[-99.23284,20.15538],[-99.23511,20.14496],[-99.24205,20.14183],[-99.24214,20.12774],[-99.29134,20.09362],[-99.31303,20.11422],[-99.33654,20.14658],[-99.34087,20.14347],[-99.3449,20.14801],[-99.3439,20.15729],[-99.3471,20.16822],[-99.35059,20.1704],[-99.34643,20.17598],[-99.35095,20.18053],[-99.34462,20.17907],[-99.3421,20.1863],[-99.36152,20.19692],[-99.35577,20.20849],[-99.35967,20.21789],[-99.35796,20.23653],[-99.33965,20.25435]]]}},{"type":"Feature","properties":{"code":"13026","stateCode":"13","municipalityCode":"026","name":"Huazalingo"},"geometry":{"type":"Polygon","coordinates":[[[-98.5046,21.05555],[-98.48073,21.0554],[-98.47735,21.04569],[-98.4818,21.03812],[-98.47897,21.0392],[-98.47663,21.0344],[-98.47042,21.03962],[-98.45064,21.04426],[-98.44265,21.04216],[-98.43598,21.04637],[-98.41613,21.04392],[-98.41619,21.04019],[-98.42156,21.02811],[-98.43698,21.02043],[-98.44325,20.97816],[-98.45009,20.96586],[-98.45828,20.96854],[-98.46975,20.96037],[-98.47627,20.96582],[-98.48505,20.9637],[-98.4886,20.95828],[-98.48964,20.94607],[-98.50403,20.93228],[-98.50876,20.932],[-98.50976,20.93853],[-98.51621,20.94292],[-98.52669,20.93036],[-98.53086,20.93311],[-98.52804,20.93521],[-98.52958,20.93729],[-98.53939,20.93259],[-98.53522,20.94839],[-98.5427,20.95507],[-98.54103,20.96397],[-98.54329,20.96487],[-98.54124,20.96559],[-98.54003,20.96762],[-98.54227,20.96614],[-98.55077,20.97503],[-98.53834,20.98242],[-98.53699,20.99026],[-98.53274,20.99142],[-98.53253,21.0091],[-98.52858,21.01552],[-98.53466,21.02415],[-98.53067,21.02258],[-98.53105,21.02526],[-98.52435,21.027],[-98.52457,21.02984],[-98.51723,21.03342],[-98.51518,21.04094],[-98.50757,21.04649],[-98.5046,21.05555]]]}},{"type":"Feature","properties":{"code":"13062","stateCode":"13","municipalityCode":"062","name":"Tepehuacán de Guerrero"},"geometry":{"type":"Polygon","coordinates":[[[-98.80673,21.1933],[-98.79736,21.19132],[-98.79797,21.18334],[-98.79085,21.18804],[-98.78081,21.18598],[-98.77658,21.18201],[-98.77613,21.17329],[-98.76514,21.17432],[-98.7622,21.16898],[-98.7664,21.16527],[-98.74203,21.15249],[-98.74038,21.13512],[-98.73565,21.1317],[-98.73695,21.12954],[-98.74603,21.13112],[-98.74339,21.12523],[-98.74931,21.12336],[-98.74927,21.11955],[-98.74005,21.11771],[-98.73932,21.11432],[-98.75349,21.10522],[-98.75447,21.09845],[-98.76037,21.09806],[-98.7586,21.08464],[-98.76577,21.08764],[-98.7708,21.08418],[-98.77914,21.0918],[-98.78355,21.08833],[-98.77771,21.08085],[-98.77897,21.07412],[-98.78368,21.07308],[-98.77961,21.06734],[-98.77319,21.06733],[-98.76535,21.05897],[-98.75641,21.06076],[-98.75511,21.0517],[-98.75956,21.04304],[-98.75868,21.03543],[-98.75171,21.02557],[-98.74979,21.0129],[-98.739,21.01075],[-98.73828,21.00122],[-98.75576,20.9899],[-98.75016,20.97884],[-98.75717,20.97077],[-98.75145,20.96846],[-98.75163,20.95936],[-98.74739,20.95302],[-98.75205,20.95405],[-98.76348,20.94566],[-98.76857,20.94707],[-98.7609,20.96499],[-98.76394,20.96769],[-98.80283,20.96853],[-98.81781,20.97357],[-98.82052,20.96988],[-98.81822,20.96808],[-98.82151,20.96624],[-98.8298,20.96792],[-98.83829,20.97605],[-98.84281,20.97168],[-98.85539,20.97472],[-98.86058,20.9722],[-98.86197,20.97495],[-98.8548,20.97991],[-98.85951,20.98141],[-98.86424,20.98837],[-98.87389,20.98959],[-98.8768,20.99638],[-98.89151,20.99269],[-98.89722,20.98751],[-98.90167,20.9972],[-98.90533,20.9925],[-98.91519,20.99281],[-98.92787,20.98522],[-98.93435,20.99626],[-98.93107,21.0067],[-98.93484,21.01209],[-98.94226,21.01342],[-98.93814,21.02142],[-98.94588,21.01944],[-98.94697,21.02797],[-98.95797,21.03189],[-98.95779,21.03639],[-98.96395,21.0407],[-98.96151,21.04503],[-98.95484,21.04141],[-98.94673,21.04621],[-98.94377,21.06548],[-98.93708,21.07571],[-98.92906,21.07869],[-98.92798,21.08983],[-98.91878,21.09794],[-98.91203,21.09665],[-98.90629,21.10115],[-98.90061,21.09505],[-98.89235,21.09666],[-98.89009,21.10559],[-98.88198,21.1106],[-98.87131,21.10388],[-98.87921,21.11749],[-98.87281,21.11863],[-98.86941,21.12318],[-98.88261,21.13192],[-98.87468,21.14067],[-98.86946,21.1419],[-98.86708,21.13707],[-98.84356,21.13357],[-98.84022,21.13499],[-98.84404,21.15485],[-98.83978,21.16188],[-98.83139,21.15944],[-98.79908,21.16485],[-98.79563,21.16034],[-98.79274,21.16111],[-98.78856,21.16697],[-98.78988,21.1785],[-98.79859,21.17808],[-98.80808,21.18956],[-98.80673,21.1933]]]}},{"type":"Feature","properties":{"code":"13044","stateCode":"13","municipalityCode":"044","name":"Nopala de Villagrán"},"geometry":{"type":"Polygon","coordinates":[[[-99.58686,20.32016],[-99.58393,20.31343],[-99.57724,20.31001],[-99.58131,20.30157],[-99.57667,20.29432],[-99.56739,20.29508],[-99.56413,20.29256],[-99.55994,20.29747],[-99.54941,20.27541],[-99.57596,20.27985],[-99.59058,20.27183],[-99.57765,20.25515],[-99.58976,20.24748],[-99.59211,20.23648],[-99.56157,20.23913],[-99.55959,20.22213],[-99.56505,20.20843],[-99.56262,20.20563],[-99.55283,20.20592],[-99.54231,20.19739],[-99.54482,20.1904],[-99.53631,20.18699],[-99.53097,20.1789],[-99.52977,20.19034],[-99.5207,20.19384],[-99.51224,20.1751],[-99.52593,20.1733],[-99.52868,20.16358],[-99.54787,20.16293],[-99.55066,20.17139],[-99.57109,20.17033],[-99.57256,20.16426],[-99.5814,20.162],[-99.58675,20.16729],[-99.59956,20.16967],[-99.6306,20.14569],[-99.64099,20.16423],[-99.65508,20.16309],[-99.65973,20.18082],[-99.6694,20.1793],[-99.67695,20.16247],[-99.68164,20.17033],[-99.68752,20.17119],[-99.70095,20.17266],[-99.71068,20.16623],[-99.71937,20.16714],[-99.74034,20.17796],[-99.74258,20.18357],[-99.79524,20.22774],[-99.79354,20.2314],[-99.78807,20.23003],[-99.79042,20.23799],[-99.84189,20.28188],[-99.84571,20.27486],[-99.85954,20.26463],[-99.8581,20.27065],[-99.83947,20.28922],[-99.83658,20.28867],[-99.83832,20.29027],[-99.83146,20.2972],[-99.8242,20.29147],[-99.79394,20.28622],[-99.79388,20.28853],[-99.76801,20.28986],[-99.7421,20.28399],[-99.74059,20.29264],[-99.73137,20.30021],[-99.72338,20.29394],[-99.71435,20.29411],[-99.7074,20.28101],[-99.70176,20.28205],[-99.70131,20.29007],[-99.69877,20.29053],[-99.70616,20.3006],[-99.70013,20.30198],[-99.70229,20.30383],[-99.6766,20.30001],[-99.67368,20.30257],[-99.66968,20.29443],[-99.6519,20.28119],[-99.63594,20.28071],[-99.61493,20.28937],[-99.60787,20.29599],[-99.60573,20.3076],[-99.5991,20.31478],[-99.58686,20.32016]]]}},{"type":"Feature","properties":{"code":"13016","stateCode":"13","municipalityCode":"016","name":"Cuautepec de Hinojosa"},"geometry":{"type":"Polygon","coordinates":[[[-98.30754,20.0971],[-98.28581,20.08729],[-98.28383,20.0918],[-98.27846,20.08941],[-98.27064,20.09592],[-98.2647,20.09503],[-98.26855,20.08972],[-98.2763,20.08695],[-98.27514,20.07867],[-98.26941,20.07508],[-98.26866,20.08198],[-98.26351,20.0732],[-98.25109,20.08442],[-98.24265,20.08639],[-98.23161,20.0817],[-98.23285,20.0719],[-98.22035,20.07044],[-98.2184,20.07979],[-98.19675,20.08414],[-98.19472,20.07877],[-98.18097,20.07646],[-98.17241,20.08431],[-98.15854,20.08506],[-98.16555,20.07403],[-98.16815,20.05723],[-98.1809,20.04699],[-98.17353,20.03448],[-98.175,20.0296],[-98.16396,20.02246],[-98.17426,19.99774],[-98.16043,19.97813],[-98.1807,19.95975],[-98.19783,19.95979],[-98.20114,19.96447],[-98.20944,19.96423],[-98.21594,19.96852],[-98.22675,19.95622],[-98.22208,19.94693],[-98.23739,19.94978],[-98.2516,19.94815],[-98.25385,19.94607],[-98.24219,19.94115],[-98.25104,19.93485],[-98.25173,19.9295],[-98.25626,19.92931],[-98.25517,19.92548],[-98.24531,19.924],[-98.24807,19.91753],[-98.26782,19.91611],[-98.26604,19.90159],[-98.26821,19.89721],[-98.28664,19.88725],[-98.29093,19.88888],[-98.28792,19.885],[-98.29253,19.87928],[-98.29107,19.87581],[-98.30447,19.87012],[-98.32304,19.84238],[-98.32327,19.84585],[-98.33694,19.84697],[-98.33553,19.85138],[-98.34031,19.85738],[-98.36341,19.86226],[-98.36451,19.8588],[-98.37917,19.86173],[-98.37371,19.85777],[-98.37709,19.85378],[-98.37337,19.85271],[-98.38092,19.84763],[-98.38271,19.85229],[-98.38522,19.85171],[-98.37894,19.89216],[-98.38162,19.9023],[-98.37322,19.90913],[-98.37871,19.91963],[-98.37735,19.927],[-98.36869,19.93851],[-98.37255,19.94269],[-98.37011,19.94586],[-98.36079,19.94649],[-98.36585,19.95763],[-98.36573,19.97091],[-98.37065,19.97674],[-98.3741,19.97584],[-98.36093,19.98297],[-98.35818,19.98779],[-98.36056,19.98977],[-98.35584,20.0091],[-98.35654,20.02136],[-98.34505,20.02265],[-98.33575,20.03451],[-98.33445,20.04247],[-98.34155,20.04844],[-98.34997,20.04636],[-98.35587,20.06473],[-98.34538,20.0664],[-98.34259,20.06191],[-98.33105,20.0741],[-98.33081,20.08352],[-98.32745,20.08406],[-98.32361,20.09617],[-98.3177,20.09582],[-98.31197,20.0911],[-98.30754,20.0971]]]}},{"type":"Feature","properties":{"code":"13015","stateCode":"13","municipalityCode":"015","name":"Cardonal"},"geometry":{"type":"Polygon","coordinates":[[[-99.03619,20.7757],[-99.01279,20.76267],[-99.012,20.75027],[-99.00466,20.73887],[-99.00689,20.7323],[-99.00957,20.73376],[-99.01582,20.72943],[-99.01922,20.72161],[-99.02261,20.72248],[-99.02395,20.7198],[-99.0191,20.71322],[-99.02162,20.7108],[-99.01614,20.70481],[-99.01748,20.69689],[-99.00423,20.68094],[-99.00895,20.67539],[-99.00976,20.66459],[-99.00552,20.65854],[-99.00533,20.65143],[-98.99389,20.65115],[-98.98772,20.64565],[-98.98284,20.64622],[-98.97837,20.6408],[-98.96918,20.64415],[-98.96441,20.63947],[-98.96432,20.63058],[-98.9595,20.63062],[-98.9554,20.63607],[-98.94795,20.6351],[-98.94898,20.63835],[-98.94625,20.63783],[-98.94402,20.64472],[-98.94316,20.64217],[-98.94344,20.64752],[-98.93183,20.65285],[-98.92821,20.63998],[-98.93348,20.62959],[-98.94757,20.6155],[-98.94567,20.6043],[-98.95266,20.60364],[-98.94527,20.59456],[-98.94656,20.58519],[-98.94426,20.58211],[-98.95188,20.58105],[-98.95511,20.57496],[-98.9631,20.57303],[-98.9654,20.5678],[-98.96375,20.55507],[-98.96122,20.55411],[-98.96388,20.54555],[-98.96019,20.53588],[-98.94912,20.52601],[-98.95822,20.52181],[-98.96079,20.52585],[-98.96557,20.52633],[-98.96653,20.51425],[-98.97208,20.51171],[-98.97255,20.50807],[-98.96816,20.49018],[-98.97495,20.49145],[-98.98191,20.48743],[-98.99786,20.45627],[-99.00966,20.44924],[-99.02774,20.44893],[-99.02627,20.46525],[-99.0266,20.46705],[-99.04226,20.42435],[-99.04778,20.41907],[-99.06472,20.41638],[-99.07349,20.42279],[-99.07796,20.42257],[-99.08516,20.43505],[-99.09186,20.43462],[-99.09764,20.43827],[-99.10127,20.44717],[-99.09311,20.44927],[-99.0937,20.45281],[-99.12519,20.45964],[-99.13179,20.47199],[-99.12319,20.47837],[-99.12204,20.48522],[-99.11644,20.49188],[-99.10803,20.49207],[-99.10745,20.49678],[-99.11297,20.50279],[-99.1082,20.50294],[-99.10564,20.50805],[-99.10802,20.51153],[-99.10104,20.51417],[-99.09859,20.5221],[-99.10697,20.52571],[-99.1063,20.52698],[-99.11167,20.53604],[-99.1249,20.53014],[-99.12929,20.53623],[-99.13649,20.5369],[-99.13926,20.5486],[-99.14982,20.54632],[-99.14966,20.55427],[-99.15268,20.55525],[-99.15387,20.55189],[-99.1583,20.55653],[-99.15162,20.56263],[-99.14484,20.56306],[-99.14809,20.56825],[-99.14763,20.59064],[-99.15154,20.59064],[-99.15333,20.60061],[-99.15103,20.61683],[-99.15569,20.61785],[-99.15716,20.62472],[-99.1651,20.62607],[-99.1585,20.63242],[-99.17962,20.65943],[-99.17696,20.66378],[-99.17045,20.66337],[-99.17318,20.66854],[-99.16986,20.6749],[-99.17183,20.6994],[-99.1767,20.70878],[-99.17584,20.71104],[-99.16314,20.70799],[-99.15407,20.71142],[-99.1472,20.70972],[-99.13837,20.71659],[-99.1318,20.71388],[-99.13832,20.7303],[-99.12428,20.72778],[-99.12198,20.7379],[-99.11671,20.73586],[-99.11746,20.74277],[-99.12201,20.74696],[-99.11228,20.74902],[-99.11204,20.75194],[-99.09734,20.75122],[-99.08709,20.76775],[-99.08047,20.76865],[-99.07976,20.76641],[-99.0847,20.75465],[-99.0834,20.7509],[-99.06739,20.75511],[-99.06044,20.75964],[-99.05998,20.7658],[-99.05016,20.76552],[-99.03619,20.7757]]]}},{"type":"Feature","properties":{"code":"13014","stateCode":"13","municipalityCode":"014","name":"Calnali"},"geometry":{"type":"Polygon","coordinates":[[[-98.45828,20.96854],[-98.45009,20.96586],[-98.45176,20.96347],[-98.43893,20.95901],[-98.43002,20.96182],[-98.4252,20.94845],[-98.4296,20.9358],[-98.42784,20.933],[-98.42221,20.93479],[-98.42392,20.92019],[-98.44017,20.91817],[-98.4427,20.91383],[-98.4395,20.9019],[-98.4446,20.9],[-98.44539,20.88514],[-98.43216,20.86454],[-98.44008,20.86539],[-98.43831,20.86028],[-98.45667,20.87131],[-98.46193,20.87925],[-98.46609,20.87799],[-98.4641,20.87535],[-98.46798,20.87401],[-98.46893,20.86977],[-98.47937,20.87268],[-98.48177,20.87657],[-98.48728,20.87411],[-98.48954,20.88041],[-98.49896,20.87922],[-98.50211,20.88547],[-98.51231,20.88687],[-98.52725,20.87936],[-98.54043,20.87981],[-98.54091,20.87472],[-98.5454,20.8775],[-98.55079,20.86965],[-98.56462,20.86628],[-98.56579,20.86172],[-98.57779,20.86135],[-98.5731,20.85463],[-98.57486,20.84912],[-98.58114,20.85621],[-98.58919,20.84741],[-98.60242,20.85213],[-98.6043,20.84819],[-98.61298,20.84796],[-98.61503,20.84519],[-98.62344,20.84669],[-98.62647,20.84286],[-98.63164,20.84278],[-98.63079,20.8399],[-98.63476,20.84233],[-98.64093,20.83976],[-98.64224,20.84274],[-98.65321,20.84515],[-98.6523,20.86195],[-98.66273,20.86192],[-98.6685,20.86934],[-98.66894,20.87475],[-98.66508,20.87909],[-98.6692,20.8893],[-98.66185,20.89425],[-98.66009,20.89982],[-98.65112,20.89333],[-98.64146,20.89799],[-98.62911,20.8983],[-98.62633,20.90657],[-98.6349,20.90885],[-98.63482,20.91356],[-98.64547,20.91695],[-98.64993,20.92418],[-98.6403,20.92872],[-98.63317,20.94326],[-98.61833,20.95176],[-98.61273,20.95043],[-98.60934,20.95496],[-98.597,20.95277],[-98.58469,20.95847],[-98.57988,20.95798],[-98.57829,20.95416],[-98.57179,20.95668],[-98.56927,20.95342],[-98.55565,20.95171],[-98.55541,20.93952],[-98.54891,20.93143],[-98.53532,20.93334],[-98.52958,20.93729],[-98.52804,20.93521],[-98.53086,20.93311],[-98.52669,20.93036],[-98.51621,20.94292],[-98.50976,20.93853],[-98.50783,20.93181],[-98.4929,20.9408],[-98.48632,20.9629],[-98.47707,20.96598],[-98.46975,20.96037],[-98.45828,20.96854]]]}},{"type":"Feature","properties":{"code":"13068","stateCode":"13","municipalityCode":"068","name":"Tianguistengo"},"geometry":{"type":"Polygon","coordinates":[[[-98.5052,20.8858],[-98.49998,20.88341],[-98.49896,20.87922],[-98.48954,20.88041],[-98.48728,20.87411],[-98.48177,20.87657],[-98.47937,20.87268],[-98.46893,20.86977],[-98.46798,20.87401],[-98.4641,20.87535],[-98.46609,20.87799],[-98.46193,20.87925],[-98.45667,20.87131],[-98.43115,20.85685],[-98.42514,20.8496],[-98.43064,20.84767],[-98.43232,20.84098],[-98.44368,20.83432],[-98.44403,20.82899],[-98.45107,20.82003],[-98.45212,20.81288],[-98.44934,20.80731],[-98.45585,20.78952],[-98.46323,20.78518],[-98.46052,20.77898],[-98.46435,20.77193],[-98.45604,20.75561],[-98.44973,20.75135],[-98.4707,20.74494],[-98.47601,20.73893],[-98.49681,20.73683],[-98.50361,20.73223],[-98.50814,20.74419],[-98.51597,20.74323],[-98.5178,20.74016],[-98.51449,20.73232],[-98.50644,20.73312],[-98.51568,20.72536],[-98.52074,20.7268],[-98.53199,20.71328],[-98.53813,20.72143],[-98.53264,20.72303],[-98.53239,20.72586],[-98.55204,20.73485],[-98.56317,20.72327],[-98.56324,20.70541],[-98.57627,20.70233],[-98.571,20.71848],[-98.58115,20.71874],[-98.5836,20.71558],[-98.58072,20.71107],[-98.58284,20.70456],[-98.5899,20.70593],[-98.60004,20.69112],[-98.61812,20.68295],[-98.64714,20.67685],[-98.64276,20.67884],[-98.64024,20.68527],[-98.64294,20.69489],[-98.64635,20.69707],[-98.64533,20.70389],[-98.64895,20.69945],[-98.66333,20.69732],[-98.66884,20.70641],[-98.68315,20.71577],[-98.68461,20.72255],[-98.68895,20.72467],[-98.6879,20.73262],[-98.67967,20.7387],[-98.67958,20.7446],[-98.67514,20.74382],[-98.665,20.75265],[-98.64759,20.7524],[-98.63582,20.75742],[-98.62259,20.75014],[-98.60688,20.75416],[-98.60495,20.75865],[-98.60068,20.75832],[-98.59805,20.7621],[-98.59297,20.76028],[-98.58177,20.76557],[-98.58409,20.77584],[-98.58146,20.78041],[-98.56688,20.78419],[-98.56394,20.78973],[-98.58415,20.80146],[-98.58794,20.80667],[-98.59555,20.80826],[-98.5898,20.81479],[-98.58797,20.81205],[-98.58333,20.81404],[-98.59234,20.82832],[-98.58898,20.83707],[-98.58482,20.84085],[-98.57377,20.83294],[-98.56536,20.83238],[-98.56654,20.83562],[-98.55635,20.84447],[-98.53936,20.84242],[-98.52973,20.84621],[-98.52283,20.85244],[-98.52129,20.85856],[-98.50983,20.86821],[-98.5052,20.8858]]]}},{"type":"Feature","properties":{"code":"13084","stateCode":"13","municipalityCode":"084","name":"Zimapán"},"geometry":{"type":"Polygon","coordinates":[[[-99.22035,20.9537],[-99.21094,20.94416],[-99.20919,20.93585],[-99.20634,20.93548],[-99.21048,20.92262],[-99.2034,20.9124],[-99.20385,20.90533],[-99.19857,20.89481],[-99.20434,20.88415],[-99.19751,20.87314],[-99.20262,20.87347],[-99.20948,20.86668],[-99.2071,20.8605],[-99.21293,20.85748],[-99.20976,20.85353],[-99.21797,20.83993],[-99.2164,20.8368],[-99.20881,20.8359],[-99.21081,20.83013],[-99.20835,20.8206],[-99.21217,20.81376],[-99.22293,20.80865],[-99.22933,20.8102],[-99.23558,20.80744],[-99.23334,20.80622],[-99.23597,20.804],[-99.24037,20.80433],[-99.23743,20.77881],[-99.22547,20.77071],[-99.23111,20.76337],[-99.24155,20.75836],[-99.25224,20.76271],[-99.26626,20.7505],[-99.26094,20.74858],[-99.25572,20.74133],[-99.25672,20.7247],[-99.27502,20.70028],[-99.27778,20.69409],[-99.27565,20.68491],[-99.28686,20.68245],[-99.27321,20.67534],[-99.27694,20.66192],[-99.28437,20.65478],[-99.28052,20.6509],[-99.2746,20.65216],[-99.27739,20.6496],[-99.27558,20.64216],[-99.27868,20.64142],[-99.2696,20.63509],[-99.27062,20.62975],[-99.26668,20.62078],[-99.25574,20.61378],[-99.25612,20.60629],[-99.26187,20.59672],[-99.27035,20.59119],[-99.2725,20.58459],[-99.27443,20.59878],[-99.28313,20.60927],[-99.28832,20.59338],[-99.30249,20.58498],[-99.30478,20.57644],[-99.31418,20.57039],[-99.3152,20.57384],[-99.32659,20.57834],[-99.32834,20.58355],[-99.33676,20.57629],[-99.3498,20.57619],[-99.35298,20.58372],[-99.36113,20.58207],[-99.36413,20.57756],[-99.36894,20.58339],[-99.36912,20.58938],[-99.38689,20.58989],[-99.39353,20.60362],[-99.40428,20.59916],[-99.4105,20.6047],[-99.41143,20.60124],[-99.41526,20.60308],[-99.41508,20.59981],[-99.41971,20.60482],[-99.42415,20.60354],[-99.42952,20.60778],[-99.45225,20.60748],[-99.45037,20.62627],[-99.46831,20.6293],[-99.48746,20.64321],[-99.49298,20.64307],[-99.4902,20.65111],[-99.49558,20.65193],[-99.49507,20.65593],[-99.50186,20.65888],[-99.50128,20.66442],[-99.50415,20.66728],[-99.50064,20.67304],[-99.50384,20.67184],[-99.51102,20.67832],[-99.50494,20.68082],[-99.50554,20.6847],[-99.52272,20.70166],[-99.53415,20.70583],[-99.53567,20.71166],[-99.54367,20.71841],[-99.54421,20.72602],[-99.54777,20.72967],[-99.54847,20.7372],[-99.54431,20.74501],[-99.52868,20.752],[-99.52619,20.75595],[-99.52174,20.75447],[-99.50973,20.76572],[-99.50371,20.76596],[-99.50645,20.77172],[-99.49631,20.78235],[-99.50218,20.78719],[-99.50377,20.79483],[-99.49725,20.79094],[-99.48871,20.79937],[-99.48926,20.80224],[-99.49973,20.80427],[-99.49413,20.80678],[-99.48529,20.81783],[-99.48469,20.82637],[-99.48873,20.83293],[-99.46548,20.8492],[-99.45654,20.84902],[-99.45443,20.85798],[-99.44606,20.85303],[-99.44858,20.85853],[-99.44068,20.87179],[-99.44201,20.88129],[-99.43501,20.89075],[-99.43533,20.89921],[-99.41256,20.90543],[-99.41567,20.92471],[-99.4131,20.92613],[-99.40436,20.92915],[-99.4008,20.92687],[-99.40382,20.91865],[-99.39624,20.91654],[-99.39426,20.91021],[-99.39157,20.91174],[-99.3824,20.88998],[-99.3777,20.8885],[-99.37251,20.88118],[-99.3652,20.88633],[-99.36047,20.88596],[-99.36302,20.89376],[-99.34912,20.89744],[-99.33385,20.88977],[-99.33376,20.88498],[-99.33789,20.88056],[-99.33429,20.87666],[-99.33656,20.87102],[-99.33466,20.86352],[-99.32209,20.86956],[-99.31174,20.85853],[-99.30591,20.86521],[-99.30067,20.88104],[-99.29588,20.88225],[-99.29092,20.88939],[-99.28353,20.88484],[-99.25508,20.89947],[-99.26299,20.90979],[-99.26681,20.92724],[-99.24449,20.91192],[-99.23338,20.9255],[-99.23608,20.92982],[-99.22338,20.94274],[-99.22787,20.94798],[-99.22035,20.9537]]]}},{"type":"Feature","properties":{"code":"13081","stateCode":"13","municipalityCode":"081","name":"Zacualtipán de Ángeles"},"geometry":{"type":"Polygon","coordinates":[[[-98.42365,20.74772],[-98.42145,20.73935],[-98.43347,20.71752],[-98.42928,20.71627],[-98.43927,20.70886],[-98.44335,20.70988],[-98.4459,20.69434],[-98.44922,20.7009],[-98.45988,20.6962],[-98.45854,20.68537],[-98.4604,20.67683],[-98.46398,20.67413],[-98.46327,20.66784],[-98.48601,20.6544],[-98.48703,20.65005],[-98.49485,20.64434],[-98.4895,20.61966],[-98.48012,20.6033],[-98.48049,20.58872],[-98.4963,20.5895],[-98.50586,20.59624],[-98.50414,20.6053],[-98.50891,20.61582],[-98.51946,20.62669],[-98.53412,20.62771],[-98.54913,20.61885],[-98.54711,20.61045],[-98.55003,20.60551],[-98.56519,20.61315],[-98.56846,20.60258],[-98.58055,20.59483],[-98.6122,20.58854],[-98.62098,20.59481],[-98.62312,20.59296],[-98.62617,20.59725],[-98.62689,20.59129],[-98.6364,20.59098],[-98.64447,20.58308],[-98.64138,20.58267],[-98.63863,20.57467],[-98.64714,20.55521],[-98.66068,20.56153],[-98.6661,20.56805],[-98.66959,20.56057],[-98.67981,20.57081],[-98.68562,20.57078],[-98.68121,20.56419],[-98.69216,20.56334],[-98.69813,20.56605],[-98.69685,20.57182],[-98.69,20.57055],[-98.68735,20.57428],[-98.68076,20.57524],[-98.68847,20.58542],[-98.68106,20.59128],[-98.68383,20.59848],[-98.68016,20.60142],[-98.68053,20.60917],[-98.68329,20.61555],[-98.68867,20.61589],[-98.68914,20.62433],[-98.69328,20.62435],[-98.70417,20.64415],[-98.70531,20.66389],[-98.70074,20.65985],[-98.69146,20.6621],[-98.68607,20.66479],[-98.68365,20.67299],[-98.68592,20.6798],[-98.69228,20.6833],[-98.6939,20.67851],[-98.70065,20.67963],[-98.71247,20.69231],[-98.70424,20.69216],[-98.68844,20.69869],[-98.68849,20.70133],[-98.67647,20.70147],[-98.66894,20.70604],[-98.66333,20.69732],[-98.64895,20.69945],[-98.64533,20.70389],[-98.64635,20.69707],[-98.64294,20.69489],[-98.64024,20.68527],[-98.64276,20.67884],[-98.64714,20.67685],[-98.61928,20.68261],[-98.60004,20.69112],[-98.58835,20.707],[-98.58284,20.70456],[-98.58072,20.71107],[-98.5836,20.71558],[-98.58115,20.71874],[-98.571,20.71848],[-98.57627,20.70233],[-98.56324,20.70541],[-98.56317,20.72327],[-98.55034,20.73475],[-98.53228,20.72561],[-98.53813,20.72143],[-98.5335,20.71722],[-98.52907,20.70399],[-98.53423,20.69842],[-98.54026,20.69811],[-98.53999,20.69351],[-98.55018,20.68939],[-98.54262,20.66849],[-98.5334,20.66272],[-98.52505,20.68184],[-98.51744,20.68377],[-98.51483,20.6892],[-98.50115,20.69458],[-98.49722,20.69988],[-98.46034,20.71331],[-98.44339,20.72923],[-98.43941,20.73864],[-98.42365,20.74772]]]}},{"type":"Feature","properties":{"code":"13043","stateCode":"13","municipalityCode":"043","name":"Nicolás Flores"},"geometry":{"type":"Polygon","coordinates":[[[-99.17048,20.89876],[-99.16806,20.89477],[-99.1582,20.89719],[-99.15436,20.89354],[-99.15913,20.887],[-99.13342,20.88634],[-99.12916,20.8799],[-99.13609,20.87418],[-99.13112,20.87014],[-99.1182,20.87976],[-99.11361,20.87983],[-99.11381,20.86949],[-99.12905,20.86343],[-99.13555,20.85229],[-99.14322,20.84901],[-99.14342,20.83913],[-99.138,20.82938],[-99.12758,20.83874],[-99.12276,20.82935],[-99.11437,20.82417],[-99.10532,20.82779],[-99.10674,20.82244],[-99.09891,20.80898],[-99.10441,20.80313],[-99.09222,20.80511],[-99.0979,20.79713],[-99.09663,20.79311],[-99.10131,20.79163],[-99.10346,20.78224],[-99.09982,20.77675],[-99.09609,20.78278],[-99.08527,20.78227],[-99.08077,20.77958],[-99.08047,20.76865],[-99.08709,20.76775],[-99.09734,20.75122],[-99.11204,20.75194],[-99.11228,20.74902],[-99.12201,20.74696],[-99.11746,20.74277],[-99.11671,20.73586],[-99.12198,20.7379],[-99.12428,20.72778],[-99.13832,20.7303],[-99.1318,20.71388],[-99.13837,20.71659],[-99.1472,20.70972],[-99.15407,20.71142],[-99.16314,20.70799],[-99.17584,20.71104],[-99.20151,20.7027],[-99.20537,20.69664],[-99.21739,20.69816],[-99.21968,20.69255],[-99.2246,20.69033],[-99.23733,20.7077],[-99.24313,20.70341],[-99.2745,20.69911],[-99.25617,20.72757],[-99.2563,20.74269],[-99.26626,20.7505],[-99.25224,20.76271],[-99.24155,20.75836],[-99.23111,20.76337],[-99.22547,20.77071],[-99.23743,20.77881],[-99.24037,20.80433],[-99.23597,20.804],[-99.23334,20.80622],[-99.23558,20.80744],[-99.22933,20.8102],[-99.22293,20.80865],[-99.21735,20.81113],[-99.20875,20.81927],[-99.21081,20.83013],[-99.20881,20.8359],[-99.2164,20.8368],[-99.21797,20.83993],[-99.20976,20.85353],[-99.21293,20.85748],[-99.2071,20.8605],[-99.20948,20.86668],[-99.20262,20.87347],[-99.19751,20.87314],[-99.20403,20.88028],[-99.20339,20.88919],[-99.19863,20.89449],[-99.19074,20.89052],[-99.18865,20.89527],[-99.18019,20.89203],[-99.17048,20.89876]]]}},{"type":"Feature","properties":{"code":"13066","stateCode":"13","municipalityCode":"066","name":"Villa de Tezontepec"},"geometry":{"type":"Polygon","coordinates":[[[-98.80028,19.97126],[-98.79768,19.96657],[-98.76768,19.94587],[-98.77002,19.94372],[-98.75872,19.937],[-98.75528,19.92763],[-98.7459,19.92641],[-98.7418,19.91816],[-98.74251,19.91497],[-98.7528,19.91098],[-98.75681,19.90336],[-98.75131,19.89736],[-98.7547,19.87679],[-98.76145,19.8749],[-98.78057,19.88354],[-98.79393,19.87208],[-98.7895,19.86854],[-98.78972,19.86189],[-98.79517,19.85641],[-98.8062,19.86459],[-98.81714,19.86728],[-98.83818,19.87942],[-98.83665,19.88122],[-98.84403,19.88199],[-98.84095,19.89231],[-98.85583,19.90428],[-98.8659,19.89259],[-98.87062,19.89496],[-98.85482,19.91288],[-98.87617,19.9326],[-98.87126,19.94226],[-98.84298,19.92572],[-98.80028,19.97126]]]}},{"type":"Feature","properties":{"code":"13013","stateCode":"13","municipalityCode":"013","name":"Atotonilco de Tula"},"geometry":{"type":"Polygon","coordinates":[[[-99.19196,20.04626],[-99.17371,20.03644],[-99.14539,20.03543],[-99.14251,20.02697],[-99.1586,20.02719],[-99.15932,20.01703],[-99.16137,20.01243],[-99.16737,20.01287],[-99.16787,20.00351],[-99.18,19.99809],[-99.17722,19.99314],[-99.18322,19.9901],[-99.19005,19.99396],[-99.18921,19.98482],[-99.19692,19.98483],[-99.19751,19.97589],[-99.19992,19.9768],[-99.21157,19.96331],[-99.2125,19.96554],[-99.21539,19.95461],[-99.22776,19.95107],[-99.21857,19.92724],[-99.21152,19.92429],[-99.20922,19.93244],[-99.2056,19.9275],[-99.21073,19.91447],[-99.21916,19.91139],[-99.2202,19.90239],[-99.22393,19.902],[-99.21747,19.89142],[-99.21987,19.88558],[-99.22932,19.87403],[-99.23502,19.87684],[-99.23595,19.87349],[-99.23957,19.88802],[-99.24674,19.89557],[-99.25271,19.88822],[-99.25796,19.89117],[-99.26408,19.90271],[-99.26926,19.90469],[-99.27079,19.91628],[-99.27416,19.91884],[-99.27215,19.92166],[-99.26045,19.9212],[-99.25693,19.93105],[-99.25124,19.93268],[-99.25107,19.94583],[-99.2549,19.95661],[-99.26991,19.96498],[-99.28125,19.95245],[-99.28266,19.9551],[-99.29036,19.95275],[-99.28818,19.94152],[-99.29295,19.94018],[-99.29427,19.94323],[-99.30747,19.94837],[-99.31103,19.9578],[-99.30992,19.96466],[-99.30325,19.97509],[-99.29996,19.97271],[-99.28722,19.97334],[-99.27398,19.97798],[-99.27692,19.98391],[-99.27572,19.98948],[-99.27097,20.00423],[-99.26173,20.01625],[-99.26164,20.03031],[-99.2433,20.02992],[-99.24348,20.02402],[-99.21588,20.02595],[-99.21965,20.02845],[-99.1978,20.03501],[-99.19196,20.04626]]]}},{"type":"Feature","properties":{"code":"13025","stateCode":"13","municipalityCode":"025","name":"Huautla"},"geometry":{"type":"Polygon","coordinates":[[[-98.21682,21.15147],[-98.21683,21.14472],[-98.20863,21.14332],[-98.20505,21.13809],[-98.20742,21.12873],[-98.19515,21.12036],[-98.20236,21.11089],[-98.20169,21.10614],[-98.18334,21.11024],[-98.17444,21.10599],[-98.17096,21.09681],[-98.14914,21.08302],[-98.14796,21.0748],[-98.15452,21.06608],[-98.15055,21.04972],[-98.15407,21.03675],[-98.1627,21.02833],[-98.1607,21.02106],[-98.16317,21.01772],[-98.16786,21.02289],[-98.17632,21.02117],[-98.18267,21.02999],[-98.18873,21.03084],[-98.19093,21.02634],[-98.189,21.01832],[-98.19699,21.01659],[-98.20207,21.01175],[-98.20062,20.9947],[-98.21501,20.98963],[-98.21328,20.98312],[-98.21692,20.97374],[-98.21108,20.97225],[-98.21203,20.96783],[-98.20954,20.96709],[-98.21438,20.95605],[-98.21611,20.95261],[-98.22569,20.95942],[-98.22824,20.95802],[-98.2302,20.94477],[-98.23494,20.94106],[-98.2373,20.93097],[-98.24765,20.92647],[-98.25431,20.93489],[-98.26626,20.93565],[-98.27553,20.9301],[-98.2927,20.93453],[-98.29766,20.94494],[-98.30308,20.94542],[-98.30252,20.94849],[-98.31349,20.94567],[-98.32741,20.95184],[-98.33034,20.95845],[-98.32555,20.95886],[-98.33533,20.98279],[-98.33933,20.98559],[-98.32972,20.99727],[-98.33137,21.00121],[-98.32009,21.0063],[-98.31948,21.02701],[-98.31527,21.02776],[-98.31943,21.04537],[-98.31005,21.04548],[-98.30654,21.04879],[-98.30863,21.05456],[-98.30263,21.07325],[-98.3167,21.08861],[-98.30235,21.09644],[-98.30262,21.09202],[-98.29925,21.08935],[-98.2938,21.09373],[-98.28582,21.09326],[-98.29293,21.10156],[-98.28956,21.10571],[-98.29235,21.10914],[-98.29219,21.11831],[-98.28399,21.12043],[-98.27935,21.12681],[-98.28217,21.13642],[-98.26467,21.14115],[-98.24911,21.1294],[-98.23692,21.14336],[-98.2338,21.14061],[-98.23421,21.14282],[-98.23126,21.14237],[-98.22735,21.15042],[-98.21682,21.15147]]]}},{"type":"Feature","properties":{"code":"13048","stateCode":"13","municipalityCode":"048","name":"Pachuca de Soto"},"geometry":{"type":"Polygon","coordinates":[[[-98.73063,20.18502],[-98.72278,20.18188],[-98.71355,20.18361],[-98.70254,20.1757],[-98.70174,20.15338],[-98.69638,20.15277],[-98.69213,20.14522],[-98.69991,20.13289],[-98.7079,20.13458],[-98.71575,20.13074],[-98.71581,20.12476],[-98.71116,20.1251],[-98.718,20.10501],[-98.72238,20.11061],[-98.73188,20.09444],[-98.73432,20.09545],[-98.7411,20.08598],[-98.74962,20.08982],[-98.75147,20.07836],[-98.76009,20.06719],[-98.76884,20.06997],[-98.77765,20.05822],[-98.7681,20.05195],[-98.77624,20.03421],[-98.77231,20.03205],[-98.77396,20.02349],[-98.79682,20.03519],[-98.80097,20.02769],[-98.82244,20.03868],[-98.83031,20.02929],[-98.837,20.04204],[-98.84417,20.04099],[-98.8501,20.03464],[-98.85707,20.04664],[-98.8567,20.05152],[-98.84681,20.04935],[-98.84111,20.05145],[-98.85189,20.05978],[-98.85379,20.07014],[-98.8643,20.07944],[-98.85345,20.09053],[-98.84925,20.10232],[-98.85934,20.11156],[-98.84539,20.12087],[-98.84451,20.12437],[-98.82601,20.1169],[-98.8292,20.12023],[-98.82814,20.12752],[-98.83435,20.13288],[-98.83314,20.13835],[-98.82373,20.13928],[-98.82252,20.13701],[-98.822,20.13964],[-98.80922,20.14104],[-98.8113,20.13102],[-98.80123,20.12379],[-98.78841,20.13492],[-98.78695,20.14287],[-98.77302,20.14927],[-98.74832,20.14432],[-98.74813,20.16348],[-98.73757,20.18152],[-98.731,20.18137],[-98.73063,20.18502]]]}},{"type":"Feature","properties":{"code":"13038","stateCode":"13","municipalityCode":"038","name":"Mineral del Chico"},"geometry":{"type":"Polygon","coordinates":[[[-98.73323,20.29859],[-98.73257,20.28962],[-98.72799,20.2897],[-98.72467,20.28074],[-98.71793,20.27828],[-98.70919,20.28092],[-98.70738,20.27527],[-98.70479,20.27715],[-98.70079,20.27097],[-98.69869,20.27263],[-98.69886,20.26919],[-98.69654,20.27133],[-98.7047,20.25695],[-98.71026,20.25735],[-98.71223,20.24713],[-98.7168,20.24614],[-98.715,20.23285],[-98.70422,20.23474],[-98.70379,20.2395],[-98.69076,20.25205],[-98.69096,20.26394],[-98.68483,20.2628],[-98.68432,20.26656],[-98.67231,20.25762],[-98.67201,20.25302],[-98.66398,20.24537],[-98.67057,20.23764],[-98.66662,20.22941],[-98.67244,20.22692],[-98.67427,20.22232],[-98.66619,20.22048],[-98.65933,20.21255],[-98.66041,20.20398],[-98.66288,20.20706],[-98.66517,20.20269],[-98.67528,20.19829],[-98.68,20.18881],[-98.70254,20.1757],[-98.71415,20.18376],[-98.72278,20.18188],[-98.73111,20.18536],[-98.731,20.18137],[-98.73757,20.18152],[-98.74813,20.16348],[-98.74832,20.14432],[-98.77302,20.14927],[-98.78698,20.14237],[-98.79639,20.14634],[-98.79155,20.1516],[-98.78074,20.1555],[-98.7788,20.17049],[-98.78064,20.17341],[-98.79904,20.17636],[-98.80309,20.17305],[-98.80965,20.17488],[-98.81634,20.17219],[-98.82873,20.14721],[-98.83674,20.14863],[-98.8301,20.16257],[-98.83328,20.16955],[-98.83013,20.17671],[-98.83242,20.18232],[-98.83911,20.18612],[-98.8276,20.18969],[-98.82457,20.19895],[-98.82458,20.22312],[-98.81807,20.22507],[-98.81393,20.2318],[-98.81513,20.24592],[-98.8102,20.25681],[-98.81284,20.26263],[-98.81822,20.26209],[-98.8204,20.2686],[-98.80906,20.28526],[-98.79799,20.29221],[-98.78967,20.29056],[-98.7824,20.28381],[-98.76459,20.284],[-98.75713,20.29194],[-98.73323,20.29859]]]}},{"type":"Feature","properties":{"code":"13052","stateCode":"13","municipalityCode":"052","name":"San Agustín Tlaxiaca"},"geometry":{"type":"Polygon","coordinates":[[[-98.96785,20.18718],[-98.9543,20.18185],[-98.93507,20.18214],[-98.92669,20.17802],[-98.92759,20.17207],[-98.90574,20.16801],[-98.90515,20.17086],[-98.90311,20.16679],[-98.89357,20.16442],[-98.89435,20.1608],[-98.89088,20.15901],[-98.87723,20.16309],[-98.8718,20.15542],[-98.86255,20.16044],[-98.83699,20.15273],[-98.83674,20.14863],[-98.82873,20.14721],[-98.81634,20.17219],[-98.80965,20.17488],[-98.80309,20.17305],[-98.79904,20.17636],[-98.78064,20.17341],[-98.78049,20.15586],[-98.78686,20.15121],[-98.79155,20.1516],[-98.79639,20.14634],[-98.78731,20.14326],[-98.78705,20.14057],[-98.78841,20.13492],[-98.80123,20.12379],[-98.8113,20.13102],[-98.80922,20.14104],[-98.822,20.13964],[-98.82252,20.13701],[-98.82373,20.13928],[-98.83314,20.13835],[-98.83435,20.13288],[-98.82814,20.12752],[-98.8292,20.12023],[-98.82601,20.1169],[-98.84451,20.12437],[-98.84539,20.12087],[-98.85934,20.11156],[-98.84925,20.10232],[-98.85345,20.09053],[-98.8643,20.07944],[-98.85379,20.07014],[-98.85189,20.05978],[-98.84111,20.05145],[-98.85706,20.05077],[-98.8501,20.03464],[-98.85118,20.01976],[-98.85484,20.01654],[-98.85417,20.02402],[-98.85733,20.03001],[-98.85545,20.03366],[-98.86204,20.04163],[-98.87519,20.04492],[-98.88995,20.04421],[-98.89504,20.04935],[-98.90424,20.05054],[-98.90985,20.04745],[-98.9173,20.04862],[-98.93233,20.04065],[-98.93671,20.05304],[-98.94252,20.04863],[-98.95305,20.05175],[-98.96276,20.04604],[-98.9611,20.04095],[-98.97002,20.04541],[-98.98864,20.06293],[-98.98898,20.06826],[-98.9992,20.05417],[-99.00564,20.0532],[-99.0105,20.03548],[-99.00786,20.03113],[-99.00477,20.03267],[-99.00527,20.02894],[-99.01328,20.01093],[-99.01334,19.99765],[-99.01797,19.99554],[-99.02155,19.98701],[-99.01309,19.98501],[-99.01126,19.98212],[-99.01424,19.97772],[-99.00755,19.97916],[-99.00412,19.96495],[-99.02766,19.96456],[-99.03451,19.97177],[-99.03278,19.99063],[-99.02986,19.99301],[-99.03194,19.99663],[-99.02742,20.00165],[-99.03083,20.00291],[-99.03134,20.01485],[-99.04943,20.0077],[-99.05221,20.00134],[-99.04765,19.99516],[-99.0585,19.9884],[-99.0561,19.98467],[-99.06071,19.97415],[-99.06756,19.98499],[-99.06384,20.01419],[-99.07253,20.02099],[-99.07553,20.03736],[-99.06954,20.04944],[-99.07153,20.07703],[-99.06615,20.07196],[-99.05038,20.06799],[-99.03422,20.07181],[-99.03395,20.07699],[-99.00672,20.06804],[-99.00273,20.08289],[-99.01374,20.08472],[-99.01435,20.10436],[-99.0117,20.10385],[-99.01139,20.11061],[-99.00262,20.10741],[-98.99776,20.10974],[-99.00339,20.11303],[-98.99883,20.12628],[-98.98612,20.12605],[-99.01206,20.13715],[-98.9967,20.16008],[-98.97941,20.15388],[-98.97222,20.1603],[-98.9711,20.17118],[-98.96783,20.17372],[-98.97184,20.18444],[-98.96785,20.18718]]]}},{"type":"Feature","properties":{"code":"13037","stateCode":"13","municipalityCode":"037","name":"Metztitlán"},"geometry":{"type":"Polygon","coordinates":[[[-98.74837,20.74088],[-98.73529,20.72917],[-98.73858,20.72749],[-98.73861,20.72337],[-98.72543,20.72267],[-98.72974,20.70963],[-98.72606,20.70429],[-98.72912,20.69974],[-98.7117,20.6919],[-98.70065,20.67963],[-98.6939,20.67851],[-98.69228,20.6833],[-98.68474,20.67736],[-98.68607,20.66479],[-98.70003,20.65977],[-98.70505,20.6642],[-98.70529,20.65678],[-98.70417,20.64415],[-98.69673,20.62922],[-98.69328,20.62435],[-98.68914,20.62433],[-98.68867,20.61589],[-98.68329,20.61555],[-98.68053,20.60917],[-98.68016,20.60142],[-98.68383,20.59848],[-98.68106,20.59128],[-98.68847,20.58542],[-98.68076,20.57524],[-98.68735,20.57428],[-98.69,20.57055],[-98.69685,20.57182],[-98.69813,20.56605],[-98.69216,20.56334],[-98.68121,20.56419],[-98.67897,20.55715],[-98.68816,20.53882],[-98.70723,20.5404],[-98.70901,20.5381],[-98.70508,20.53609],[-98.70831,20.52578],[-98.68452,20.52972],[-98.68752,20.52709],[-98.68737,20.51494],[-98.69357,20.50941],[-98.67862,20.49422],[-98.67646,20.48948],[-98.68174,20.48697],[-98.68195,20.4815],[-98.67783,20.48062],[-98.67749,20.47598],[-98.67493,20.47588],[-98.67689,20.47428],[-98.66855,20.47089],[-98.66989,20.46211],[-98.66308,20.45974],[-98.65662,20.44638],[-98.6623,20.43778],[-98.66767,20.44463],[-98.67633,20.44517],[-98.68386,20.44047],[-98.6854,20.43274],[-98.68941,20.4297],[-98.69287,20.44113],[-98.69379,20.43902],[-98.69847,20.44648],[-98.70769,20.44546],[-98.72209,20.45164],[-98.74332,20.44193],[-98.77275,20.4366],[-98.7738,20.41091],[-98.78505,20.41448],[-98.7891,20.41271],[-98.79238,20.4051],[-98.81192,20.38833],[-98.81688,20.39378],[-98.81357,20.39723],[-98.81537,20.40202],[-98.8179,20.40081],[-98.81987,20.40788],[-98.82658,20.41398],[-98.83408,20.40766],[-98.84339,20.40658],[-98.86077,20.41445],[-98.86133,20.41865],[-98.88414,20.42036],[-98.88789,20.42564],[-98.90002,20.42927],[-98.90458,20.43594],[-98.90429,20.4422],[-98.89277,20.44434],[-98.89663,20.4505],[-98.89394,20.46247],[-98.8972,20.46672],[-98.91046,20.46923],[-98.91182,20.47712],[-98.90837,20.48581],[-98.91535,20.49679],[-98.94897,20.49914],[-98.94824,20.51908],[-98.93771,20.51754],[-98.94019,20.52992],[-98.95165,20.52591],[-98.95766,20.53149],[-98.96388,20.54555],[-98.96122,20.55411],[-98.96375,20.55507],[-98.9654,20.5678],[-98.9631,20.57303],[-98.95511,20.57496],[-98.95188,20.58105],[-98.94405,20.58259],[-98.94654,20.58498],[-98.94527,20.59456],[-98.95266,20.60364],[-98.94567,20.6043],[-98.94757,20.6155],[-98.93348,20.62959],[-98.9283,20.63973],[-98.93183,20.65285],[-98.93008,20.65848],[-98.91645,20.65719],[-98.91048,20.66001],[-98.90869,20.66459],[-98.90146,20.66641],[-98.90082,20.66331],[-98.89591,20.66229],[-98.88746,20.6663],[-98.89475,20.67702],[-98.89114,20.68694],[-98.89907,20.69394],[-98.8903,20.70019],[-98.89235,20.70507],[-98.88974,20.71552],[-98.87811,20.707],[-98.86668,20.7042],[-98.85832,20.71673],[-98.85216,20.71718],[-98.84836,20.71189],[-98.84435,20.71256],[-98.84177,20.70319],[-98.84758,20.69676],[-98.84379,20.69815],[-98.83759,20.68927],[-98.84461,20.6859],[-98.84171,20.68004],[-98.8528,20.67982],[-98.84161,20.67663],[-98.82643,20.68177],[-98.82252,20.68566],[-98.82316,20.69085],[-98.81484,20.6957],[-98.81833,20.70824],[-98.8235,20.70839],[-98.82791,20.71773],[-98.79461,20.72373],[-98.78516,20.72123],[-98.77227,20.72856],[-98.7705,20.73473],[-98.76066,20.74018],[-98.74837,20.74088]]]}},{"type":"Feature","properties":{"code":"13036","stateCode":"13","municipalityCode":"036","name":"San Agustín Metzquititlán"},"geometry":{"type":"Polygon","coordinates":[[[-98.53792,20.62728],[-98.51946,20.62669],[-98.50891,20.61582],[-98.50355,20.6003],[-98.52298,20.58181],[-98.52492,20.57076],[-98.52264,20.5592],[-98.52614,20.54423],[-98.53784,20.527],[-98.55461,20.51871],[-98.55761,20.50936],[-98.57112,20.50904],[-98.57667,20.50429],[-98.5824,20.50549],[-98.59729,20.49577],[-98.59396,20.4896],[-98.57676,20.47624],[-98.57885,20.47345],[-98.57542,20.47245],[-98.57186,20.46361],[-98.55387,20.4467],[-98.55437,20.4385],[-98.54969,20.43536],[-98.54984,20.43286],[-98.57176,20.43773],[-98.57065,20.43232],[-98.58903,20.44044],[-98.59956,20.43713],[-98.60627,20.42912],[-98.6048,20.42527],[-98.62376,20.41378],[-98.6294,20.4216],[-98.63676,20.42164],[-98.6571,20.43116],[-98.65742,20.43949],[-98.6623,20.43778],[-98.65665,20.44761],[-98.66308,20.45974],[-98.66989,20.46211],[-98.66855,20.47089],[-98.67689,20.47428],[-98.67493,20.47588],[-98.67749,20.47598],[-98.67783,20.48062],[-98.68195,20.4815],[-98.6827,20.48555],[-98.67646,20.49047],[-98.69357,20.50941],[-98.68737,20.51494],[-98.68752,20.52709],[-98.68452,20.52972],[-98.69312,20.53024],[-98.7081,20.52505],[-98.70508,20.53609],[-98.70901,20.5381],[-98.70723,20.5404],[-98.68737,20.53941],[-98.6789,20.55775],[-98.68562,20.57078],[-98.67951,20.57073],[-98.66959,20.56057],[-98.66544,20.56783],[-98.66068,20.56153],[-98.64714,20.55521],[-98.64577,20.56267],[-98.63932,20.56958],[-98.64115,20.5821],[-98.64447,20.58308],[-98.64286,20.58669],[-98.63586,20.59114],[-98.62689,20.59129],[-98.62617,20.59725],[-98.62312,20.59296],[-98.62098,20.59481],[-98.6122,20.58854],[-98.58754,20.59539],[-98.58165,20.5945],[-98.56846,20.60258],[-98.56519,20.61315],[-98.55003,20.60551],[-98.54711,20.61045],[-98.54965,20.6175],[-98.54374,20.62386],[-98.53792,20.62728]]]}},{"type":"Feature","properties":{"code":"13053","stateCode":"13","municipalityCode":"053","name":"San Bartolo Tutotepec"},"geometry":{"type":"Polygon","coordinates":[[[-98.11199,20.61474],[-98.10052,20.61403],[-98.09511,20.60916],[-98.09523,20.59987],[-98.08878,20.59091],[-98.09565,20.58091],[-98.09395,20.57471],[-98.07967,20.57205],[-98.07789,20.5659],[-98.0703,20.56907],[-98.07149,20.54154],[-98.05995,20.52964],[-98.05961,20.53304],[-98.05649,20.53261],[-98.05722,20.5235],[-98.04337,20.50516],[-98.07116,20.4979],[-98.0718,20.514],[-98.07579,20.51062],[-98.08687,20.51136],[-98.09012,20.50776],[-98.08397,20.50395],[-98.08507,20.49232],[-98.09492,20.48646],[-98.10144,20.4893],[-98.10521,20.48353],[-98.09636,20.47716],[-98.11346,20.46868],[-98.12069,20.4598],[-98.10931,20.44282],[-98.11348,20.43974],[-98.13196,20.42903],[-98.13669,20.43049],[-98.14453,20.42634],[-98.15887,20.40844],[-98.17435,20.41351],[-98.17931,20.40758],[-98.18252,20.4082],[-98.19162,20.39305],[-98.19869,20.38729],[-98.20524,20.38641],[-98.20786,20.38221],[-98.21452,20.38407],[-98.2193,20.37918],[-98.22367,20.38395],[-98.23202,20.38564],[-98.24266,20.37816],[-98.25668,20.38166],[-98.27054,20.3679],[-98.27638,20.37519],[-98.28057,20.36948],[-98.28025,20.3534],[-98.28649,20.34455],[-98.2915,20.3522],[-98.29034,20.33443],[-98.29818,20.32722],[-98.31099,20.32245],[-98.32323,20.32929],[-98.3341,20.32889],[-98.33447,20.33517],[-98.32699,20.34813],[-98.31475,20.35558],[-98.31494,20.3632],[-98.30684,20.37421],[-98.30738,20.38084],[-98.29951,20.39267],[-98.29729,20.40465],[-98.30558,20.41814],[-98.31807,20.43009],[-98.31811,20.43526],[-98.31391,20.43947],[-98.31571,20.44569],[-98.30489,20.4545],[-98.29913,20.45559],[-98.29969,20.45867],[-98.29457,20.46029],[-98.29215,20.46491],[-98.28046,20.46938],[-98.27544,20.48124],[-98.27104,20.48192],[-98.25577,20.49994],[-98.24729,20.5012],[-98.24576,20.5044],[-98.24102,20.50057],[-98.23902,20.50496],[-98.2341,20.5062],[-98.22845,20.52101],[-98.2116,20.5287],[-98.21037,20.52606],[-98.20396,20.52786],[-98.18877,20.5231],[-98.18562,20.52757],[-98.17289,20.52972],[-98.16445,20.54119],[-98.15804,20.54256],[-98.15815,20.55026],[-98.15218,20.55452],[-98.15372,20.56522],[-98.14774,20.56266],[-98.13539,20.58192],[-98.13043,20.58445],[-98.13019,20.59093],[-98.1214,20.5864],[-98.12373,20.59212],[-98.11872,20.59413],[-98.12691,20.59727],[-98.11498,20.6001],[-98.10805,20.61139],[-98.11199,20.61474]]]}},{"type":"Feature","properties":{"code":"13012","stateCode":"13","municipalityCode":"012","name":"Atotonilco el Grande"},"geometry":{"type":"Polygon","coordinates":[[[-98.72133,20.45036],[-98.70769,20.44546],[-98.69847,20.44648],[-98.69379,20.43902],[-98.69287,20.44113],[-98.68941,20.4297],[-98.6854,20.43274],[-98.68308,20.44122],[-98.67633,20.44517],[-98.66869,20.44502],[-98.6623,20.43778],[-98.65742,20.43949],[-98.6571,20.43116],[-98.63676,20.42164],[-98.6294,20.4216],[-98.62376,20.41378],[-98.6048,20.42527],[-98.60627,20.42912],[-98.59956,20.43713],[-98.58903,20.44044],[-98.57065,20.43232],[-98.57176,20.43773],[-98.55046,20.4339],[-98.55018,20.39571],[-98.54439,20.39234],[-98.54844,20.39025],[-98.54521,20.3882],[-98.54597,20.37679],[-98.54306,20.37556],[-98.54897,20.36029],[-98.54299,20.35624],[-98.54026,20.35799],[-98.5343,20.34844],[-98.53836,20.34189],[-98.53186,20.33844],[-98.53865,20.33263],[-98.55715,20.32828],[-98.55555,20.31849],[-98.56303,20.3145],[-98.56239,20.30162],[-98.56772,20.30036],[-98.58999,20.30653],[-98.60177,20.2991],[-98.61227,20.27324],[-98.632,20.27504],[-98.63741,20.25812],[-98.62789,20.2479],[-98.62625,20.24008],[-98.63207,20.23064],[-98.64601,20.23262],[-98.64032,20.24004],[-98.63915,20.24734],[-98.65014,20.25115],[-98.66268,20.24374],[-98.67201,20.25302],[-98.67231,20.25762],[-98.68432,20.26656],[-98.68483,20.2628],[-98.69096,20.26394],[-98.69076,20.25205],[-98.70379,20.2395],[-98.70422,20.23474],[-98.7146,20.23241],[-98.7168,20.24614],[-98.71223,20.24713],[-98.71026,20.25735],[-98.7047,20.25695],[-98.69654,20.27133],[-98.69886,20.26919],[-98.69869,20.27263],[-98.70079,20.27097],[-98.70479,20.27715],[-98.70738,20.27527],[-98.70919,20.28092],[-98.71793,20.27828],[-98.72467,20.28074],[-98.72799,20.2897],[-98.73257,20.28962],[-98.73339,20.29862],[-98.75713,20.29194],[-98.76459,20.284],[-98.7844,20.28435],[-98.78953,20.29049],[-98.79789,20.29218],[-98.78404,20.31162],[-98.79352,20.31879],[-98.80301,20.31153],[-98.80717,20.31084],[-98.80808,20.31347],[-98.81363,20.31028],[-98.8241,20.32472],[-98.82045,20.32565],[-98.82037,20.33003],[-98.81056,20.32937],[-98.80771,20.3319],[-98.80356,20.34349],[-98.80792,20.35003],[-98.7992,20.36223],[-98.80299,20.36467],[-98.80376,20.37108],[-98.81109,20.37572],[-98.80979,20.37862],[-98.8133,20.37915],[-98.81128,20.38187],[-98.81566,20.38951],[-98.80724,20.38995],[-98.79697,20.40331],[-98.79238,20.4051],[-98.7891,20.41271],[-98.78505,20.41448],[-98.7738,20.41091],[-98.77275,20.4366],[-98.74659,20.44098],[-98.72133,20.45036]]]}},{"type":"Feature","properties":{"code":"13011","stateCode":"13","municipalityCode":"011","name":"Atlapexco"},"geometry":{"type":"Polygon","coordinates":[[[-98.32938,21.11158],[-98.33173,21.09209],[-98.31458,21.08883],[-98.30263,21.07325],[-98.30863,21.05456],[-98.30654,21.04879],[-98.31005,21.04548],[-98.31943,21.04537],[-98.31527,21.02776],[-98.31948,21.02701],[-98.32009,21.0063],[-98.33137,21.00121],[-98.32972,20.99727],[-98.33921,20.98654],[-98.32555,20.95886],[-98.33034,20.95845],[-98.32741,20.95184],[-98.31078,20.94533],[-98.31163,20.93928],[-98.31758,20.93264],[-98.33049,20.92963],[-98.3394,20.93135],[-98.34549,20.94179],[-98.34984,20.93983],[-98.35245,20.94255],[-98.34231,20.95124],[-98.34939,20.96182],[-98.35577,20.9616],[-98.36245,20.97332],[-98.37583,20.9789],[-98.37509,20.98377],[-98.38033,20.98714],[-98.39526,20.98422],[-98.41963,20.99212],[-98.42615,20.98939],[-98.43454,20.97853],[-98.44325,20.97816],[-98.43698,21.02043],[-98.42156,21.02811],[-98.41596,21.04384],[-98.40343,21.04676],[-98.40349,21.05662],[-98.397,21.06313],[-98.38078,21.06525],[-98.38714,21.07852],[-98.39297,21.08114],[-98.38611,21.09043],[-98.37251,21.09212],[-98.3734,21.09958],[-98.36505,21.10269],[-98.35453,21.10246],[-98.35281,21.09853],[-98.3456,21.10004],[-98.34379,21.09709],[-98.33988,21.10043],[-98.34249,21.10549],[-98.32938,21.11158]]]}},{"type":"Feature","properties":{"code":"13010","stateCode":"13","municipalityCode":"010","name":"Atitalaquia"},"geometry":{"type":"Polygon","coordinates":[[[-99.2032,20.09293],[-99.16964,20.0955],[-99.18815,20.07101],[-99.18569,20.06679],[-99.1772,20.06577],[-99.16598,20.0574],[-99.15262,20.04342],[-99.14437,20.04562],[-99.14909,20.03502],[-99.16351,20.03801],[-99.17371,20.03644],[-99.18165,20.04228],[-99.18713,20.04148],[-99.19265,20.04706],[-99.1978,20.03501],[-99.21965,20.02845],[-99.21588,20.02595],[-99.2314,20.02312],[-99.24348,20.02402],[-99.2433,20.02992],[-99.26164,20.03031],[-99.26209,20.02738],[-99.26729,20.0343],[-99.27061,20.03147],[-99.28727,20.03962],[-99.28757,20.03362],[-99.29243,20.03458],[-99.29046,20.05954],[-99.2753,20.06237],[-99.26865,20.05775],[-99.25477,20.05877],[-99.26071,20.06439],[-99.24349,20.0691],[-99.24386,20.07567],[-99.24048,20.07891],[-99.21941,20.08302],[-99.21918,20.07958],[-99.20564,20.08117],[-99.20025,20.08592],[-99.2032,20.09293]]]}},{"type":"Feature","properties":{"code":"13009","stateCode":"13","municipalityCode":"009","name":"El Arenal"},"geometry":{"type":"Polygon","coordinates":[[[-98.86458,20.29714],[-98.86334,20.29327],[-98.86911,20.28434],[-98.86617,20.27157],[-98.87899,20.26801],[-98.88216,20.26585],[-98.88082,20.26395],[-98.86163,20.2579],[-98.85135,20.24606],[-98.8461,20.24907],[-98.83771,20.24452],[-98.81916,20.25088],[-98.81312,20.24245],[-98.81398,20.23168],[-98.81807,20.22507],[-98.82458,20.22312],[-98.82457,20.19895],[-98.8276,20.18969],[-98.83911,20.18612],[-98.83242,20.18232],[-98.83013,20.17671],[-98.83328,20.16955],[-98.8301,20.16257],[-98.83699,20.15273],[-98.86255,20.16044],[-98.8718,20.15542],[-98.87723,20.16309],[-98.89088,20.15901],[-98.89435,20.1608],[-98.89357,20.16442],[-98.90311,20.16679],[-98.90515,20.17086],[-98.90574,20.16801],[-98.91603,20.16874],[-98.91778,20.17225],[-98.92721,20.17189],[-98.92669,20.17802],[-98.94925,20.18482],[-98.94444,20.18449],[-98.94112,20.1914],[-98.94809,20.20104],[-98.93973,20.21691],[-98.93813,20.25309],[-98.9275,20.25319],[-98.92554,20.25717],[-98.9296,20.26213],[-98.91415,20.27018],[-98.91558,20.27764],[-98.90433,20.27957],[-98.90402,20.27634],[-98.87757,20.29411],[-98.86458,20.29714]]]}},{"type":"Feature","properties":{"code":"13008","stateCode":"13","municipalityCode":"008","name":"Apan"},"geometry":{"type":"Polygon","coordinates":[[[-98.36322,19.86221],[-98.34031,19.85738],[-98.33553,19.85138],[-98.33694,19.84697],[-98.32327,19.84585],[-98.32304,19.84238],[-98.3145,19.85451],[-98.30175,19.84738],[-98.30529,19.84587],[-98.28675,19.8491],[-98.28354,19.84697],[-98.29365,19.84146],[-98.28776,19.83573],[-98.29118,19.83166],[-98.30128,19.82967],[-98.30878,19.82112],[-98.30657,19.81792],[-98.31532,19.81962],[-98.32058,19.81529],[-98.33533,19.82504],[-98.34345,19.82253],[-98.34022,19.81388],[-98.36433,19.79814],[-98.36006,19.79131],[-98.36128,19.7835],[-98.36682,19.78641],[-98.37253,19.78496],[-98.3717,19.77765],[-98.37945,19.77641],[-98.38255,19.77126],[-98.39399,19.7648],[-98.39464,19.7569],[-98.4006,19.75569],[-98.40394,19.75005],[-98.40268,19.74388],[-98.42497,19.7336],[-98.4431,19.71955],[-98.43437,19.7124],[-98.44202,19.70494],[-98.44236,19.70118],[-98.43731,19.69592],[-98.41516,19.69831],[-98.41576,19.69571],[-98.40672,19.69446],[-98.40745,19.69005],[-98.39882,19.67673],[-98.4064,19.66597],[-98.41119,19.66543],[-98.43604,19.64471],[-98.43242,19.64179],[-98.41982,19.6472],[-98.40205,19.64437],[-98.38931,19.63348],[-98.38925,19.63561],[-98.38298,19.6314],[-98.37573,19.63671],[-98.36701,19.62821],[-98.3817,19.60936],[-98.41267,19.6175],[-98.44142,19.61258],[-98.45071,19.61809],[-98.46675,19.61371],[-98.4902,19.61995],[-98.49161,19.60737],[-98.50232,19.6032],[-98.51924,19.6024],[-98.52826,19.61432],[-98.52595,19.61944],[-98.53558,19.63442],[-98.52459,19.64696],[-98.52809,19.66094],[-98.56058,19.69238],[-98.55277,19.69764],[-98.55158,19.70215],[-98.5562,19.71041],[-98.55251,19.72088],[-98.53511,19.71348],[-98.53575,19.73795],[-98.53882,19.74743],[-98.52784,19.75677],[-98.5038,19.76111],[-98.50291,19.76401],[-98.50035,19.76186],[-98.48875,19.77619],[-98.47479,19.78546],[-98.46673,19.78672],[-98.45405,19.79968],[-98.42646,19.80725],[-98.42802,19.809],[-98.40151,19.82604],[-98.39901,19.82319],[-98.38502,19.83759],[-98.38522,19.85171],[-98.38271,19.85229],[-98.38054,19.84762],[-98.37337,19.85271],[-98.37709,19.85378],[-98.37371,19.85777],[-98.37917,19.86173],[-98.36451,19.8588],[-98.36322,19.86221]]]}},{"type":"Feature","properties":{"code":"13007","stateCode":"13","municipalityCode":"007","name":"Almoloya"},"geometry":{"type":"Polygon","coordinates":[[[-98.27846,19.84817],[-98.26715,19.84334],[-98.26458,19.823],[-98.25488,19.81919],[-98.25086,19.81276],[-98.25318,19.81175],[-98.24971,19.80607],[-98.25103,19.79506],[-98.2447,19.79192],[-98.23482,19.77705],[-98.22984,19.77448],[-98.22564,19.77979],[-98.21616,19.77842],[-98.22142,19.77358],[-98.21072,19.77427],[-98.19448,19.76559],[-98.19352,19.76295],[-98.19779,19.76206],[-98.19867,19.75824],[-98.19551,19.75337],[-98.19785,19.74879],[-98.1957,19.74162],[-98.20934,19.73835],[-98.21511,19.74131],[-98.23626,19.72333],[-98.25957,19.71721],[-98.26564,19.71701],[-98.27198,19.72458],[-98.28052,19.72632],[-98.27967,19.71688],[-98.29332,19.72623],[-98.29269,19.72392],[-98.30156,19.72308],[-98.31109,19.72773],[-98.33167,19.72232],[-98.33331,19.70933],[-98.33005,19.69904],[-98.32095,19.70101],[-98.3238,19.6853],[-98.36701,19.62821],[-98.37573,19.63671],[-98.38298,19.6314],[-98.38925,19.63561],[-98.38931,19.63348],[-98.40205,19.64437],[-98.41982,19.6472],[-98.43242,19.64179],[-98.4352,19.6457],[-98.41119,19.66543],[-98.4064,19.66597],[-98.39882,19.67673],[-98.40745,19.69005],[-98.40672,19.69446],[-98.41576,19.69571],[-98.41516,19.69831],[-98.43731,19.69592],[-98.44236,19.70118],[-98.44202,19.70494],[-98.43437,19.7124],[-98.4431,19.71955],[-98.42497,19.7336],[-98.40268,19.74388],[-98.40394,19.75005],[-98.4006,19.75569],[-98.39464,19.7569],[-98.39399,19.7648],[-98.38255,19.77126],[-98.37945,19.77641],[-98.3717,19.77765],[-98.37253,19.78496],[-98.36682,19.78641],[-98.36128,19.7835],[-98.36006,19.79131],[-98.36433,19.79814],[-98.34022,19.81388],[-98.34345,19.82253],[-98.33533,19.82504],[-98.32058,19.81529],[-98.31532,19.81962],[-98.30657,19.81792],[-98.30878,19.82112],[-98.30128,19.82967],[-98.29118,19.83166],[-98.28776,19.83573],[-98.29333,19.84183],[-98.27846,19.84817]]]}},{"type":"Feature","properties":{"code":"13006","stateCode":"13","municipalityCode":"006","name":"Alfajayucan"},"geometry":{"type":"Polygon","coordinates":[[[-99.38431,20.51348],[-99.3828,20.50666],[-99.37311,20.50334],[-99.36587,20.50521],[-99.36632,20.49447],[-99.35358,20.49742],[-99.32447,20.49258],[-99.32455,20.46676],[-99.31672,20.45222],[-99.29994,20.46468],[-99.29991,20.47219],[-99.29537,20.47304],[-99.29501,20.48102],[-99.28999,20.4805],[-99.28505,20.47356],[-99.28631,20.45558],[-99.29876,20.44708],[-99.28696,20.39839],[-99.29102,20.39528],[-99.28385,20.39592],[-99.29231,20.3687],[-99.28895,20.35936],[-99.29371,20.33912],[-99.30541,20.33667],[-99.29966,20.3235],[-99.30976,20.32627],[-99.31525,20.32053],[-99.31559,20.30918],[-99.32535,20.31556],[-99.33289,20.31653],[-99.33279,20.31078],[-99.33952,20.30706],[-99.34914,20.32114],[-99.34645,20.33712],[-99.35178,20.33935],[-99.36988,20.33798],[-99.38136,20.32755],[-99.39716,20.31955],[-99.40196,20.32463],[-99.41071,20.32569],[-99.43553,20.32105],[-99.44161,20.32699],[-99.46372,20.32881],[-99.47724,20.33396],[-99.48032,20.3314],[-99.49675,20.33461],[-99.50285,20.32655],[-99.50887,20.32492],[-99.54221,20.32948],[-99.53954,20.34308],[-99.53357,20.34948],[-99.53587,20.3689],[-99.53349,20.3735],[-99.51948,20.37857],[-99.52117,20.38213],[-99.5163,20.38491],[-99.52015,20.39751],[-99.51606,20.39733],[-99.51401,20.40635],[-99.51824,20.42418],[-99.49973,20.42508],[-99.49589,20.42965],[-99.49847,20.43747],[-99.50784,20.43985],[-99.50374,20.44513],[-99.50542,20.44839],[-99.51879,20.45621],[-99.5047,20.46733],[-99.51001,20.47419],[-99.47916,20.4878],[-99.46958,20.48911],[-99.46847,20.49492],[-99.45775,20.48756],[-99.4486,20.48657],[-99.4492,20.49479],[-99.44129,20.50176],[-99.43524,20.50377],[-99.43005,20.50111],[-99.42674,20.50527],[-99.39251,20.5035],[-99.38431,20.51348]]]}},{"type":"Feature","properties":{"code":"13054","stateCode":"13","municipalityCode":"054","name":"San Salvador"},"geometry":{"type":"Polygon","coordinates":[[[-99.16316,20.41065],[-99.1296,20.40714],[-99.11345,20.39452],[-99.12062,20.38278],[-99.11296,20.38039],[-99.11549,20.37941],[-99.11496,20.375],[-99.10264,20.36827],[-99.10127,20.35966],[-99.09098,20.34766],[-99.08487,20.35094],[-99.06749,20.35115],[-99.05929,20.35671],[-99.04091,20.35615],[-99.03077,20.34914],[-99.02732,20.35405],[-99.01165,20.33982],[-98.98186,20.35172],[-98.9731,20.33784],[-98.95869,20.35244],[-98.95062,20.3141],[-98.98879,20.30016],[-98.97642,20.28851],[-98.9783,20.28251],[-98.98177,20.28197],[-98.98049,20.27907],[-98.9917,20.28359],[-98.99344,20.27863],[-98.98823,20.26894],[-98.993,20.26814],[-98.98765,20.25844],[-98.98941,20.25432],[-98.98396,20.24579],[-98.98535,20.22633],[-98.98059,20.22424],[-98.97997,20.19418],[-99.00183,20.1809],[-99.01449,20.18353],[-99.01273,20.1862],[-99.01549,20.19023],[-99.03649,20.18684],[-99.04024,20.18871],[-99.03379,20.19614],[-99.03752,20.20337],[-99.03149,20.21169],[-99.02681,20.23134],[-99.01753,20.23443],[-99.02152,20.23593],[-99.01289,20.24228],[-99.01339,20.2644],[-99.04959,20.25461],[-99.05119,20.25722],[-99.06141,20.25054],[-99.06586,20.27482],[-99.08061,20.27808],[-99.08107,20.28551],[-99.08887,20.29846],[-99.09622,20.28636],[-99.11424,20.29309],[-99.11877,20.30955],[-99.12523,20.3157],[-99.11878,20.31857],[-99.12312,20.33487],[-99.1432,20.35326],[-99.14495,20.37141],[-99.14849,20.37825],[-99.15118,20.37175],[-99.16329,20.37054],[-99.16451,20.38356],[-99.15565,20.38905],[-99.16704,20.39714],[-99.16316,20.41065]]]}},{"type":"Feature","properties":{"code":"13055","stateCode":"13","municipalityCode":"055","name":"Santiago de Anaya"},"geometry":{"type":"Polygon","coordinates":[[[-98.93779,20.51778],[-98.94824,20.51908],[-98.94897,20.49914],[-98.91535,20.49679],[-98.90837,20.48581],[-98.91182,20.47712],[-98.91046,20.46923],[-98.8972,20.46672],[-98.89376,20.46206],[-98.89663,20.4505],[-98.89277,20.44434],[-98.90369,20.44321],[-98.90421,20.43618],[-98.91299,20.42656],[-98.90916,20.41391],[-98.90328,20.41184],[-98.90688,20.40864],[-98.9031,20.40299],[-98.90655,20.38832],[-98.90342,20.38076],[-98.91295,20.38144],[-98.91813,20.37341],[-98.91339,20.36656],[-98.91728,20.36686],[-98.91972,20.36285],[-98.91329,20.36311],[-98.91076,20.36003],[-98.90565,20.3487],[-98.90719,20.33739],[-98.92933,20.33769],[-98.93642,20.32726],[-98.94206,20.32686],[-98.94351,20.34981],[-98.95971,20.35708],[-98.95869,20.35244],[-98.9731,20.33784],[-98.98186,20.35172],[-99.01165,20.33982],[-99.02732,20.35405],[-99.03077,20.34914],[-99.04091,20.35615],[-99.05929,20.35671],[-99.06749,20.35115],[-99.08487,20.35094],[-99.09098,20.34766],[-99.09621,20.35145],[-99.10396,20.36881],[-99.09616,20.37893],[-99.08646,20.38248],[-99.08553,20.39144],[-99.09037,20.39482],[-99.09106,20.39965],[-99.07921,20.4073],[-99.08545,20.41428],[-99.09347,20.41699],[-99.09186,20.43462],[-99.08516,20.43505],[-99.07796,20.42257],[-99.07349,20.42279],[-99.06472,20.41638],[-99.04778,20.41907],[-99.03388,20.44156],[-99.03352,20.45082],[-99.0266,20.46705],[-99.02774,20.44893],[-99.00966,20.44924],[-98.99786,20.45627],[-98.98191,20.48743],[-98.97495,20.49145],[-98.96889,20.48918],[-98.97255,20.50807],[-98.97208,20.51171],[-98.96653,20.51425],[-98.96557,20.52633],[-98.95779,20.52181],[-98.94019,20.52992],[-98.93779,20.51778]]]}},{"type":"Feature","properties":{"code":"13080","stateCode":"13","municipalityCode":"080","name":"Yahualica"},"geometry":{"type":"Polygon","coordinates":[[[-98.41963,20.99212],[-98.39526,20.98422],[-98.38033,20.98714],[-98.37659,20.98496],[-98.37614,20.97922],[-98.36245,20.97332],[-98.35577,20.9616],[-98.34939,20.96182],[-98.34273,20.94833],[-98.35245,20.94255],[-98.34984,20.93983],[-98.34549,20.94179],[-98.3394,20.93135],[-98.3273,20.92977],[-98.31453,20.93552],[-98.30872,20.92341],[-98.30942,20.9173],[-98.29913,20.91472],[-98.29352,20.91873],[-98.29527,20.90917],[-98.30378,20.90768],[-98.30727,20.89498],[-98.31194,20.88945],[-98.32138,20.88802],[-98.32978,20.87426],[-98.34259,20.87127],[-98.3459,20.86372],[-98.34889,20.86562],[-98.35655,20.85711],[-98.36584,20.86387],[-98.37113,20.86231],[-98.37304,20.85655],[-98.37966,20.85186],[-98.40291,20.85838],[-98.41702,20.8481],[-98.41874,20.85098],[-98.42822,20.85111],[-98.44032,20.86441],[-98.43216,20.86454],[-98.44539,20.88514],[-98.4446,20.9],[-98.4395,20.9019],[-98.4427,20.91383],[-98.44017,20.91817],[-98.42392,20.92019],[-98.42221,20.93479],[-98.42784,20.933],[-98.4296,20.9358],[-98.4252,20.94845],[-98.43002,20.96182],[-98.43893,20.95901],[-98.45176,20.96347],[-98.44325,20.97816],[-98.43454,20.97853],[-98.42615,20.98939],[-98.41963,20.99212]]]}},{"type":"Feature","properties":{"code":"13079","stateCode":"13","municipalityCode":"079","name":"Xochicoatlán"},"geometry":{"type":"Polygon","coordinates":[[[-98.50626,20.88661],[-98.50577,20.87727],[-98.50983,20.86821],[-98.52129,20.85856],[-98.52283,20.85244],[-98.52973,20.84621],[-98.53936,20.84242],[-98.55635,20.84447],[-98.56654,20.83562],[-98.56536,20.83238],[-98.57377,20.83294],[-98.58482,20.84085],[-98.58898,20.83707],[-98.59234,20.82832],[-98.58333,20.81404],[-98.58797,20.81205],[-98.5898,20.81479],[-98.59555,20.80826],[-98.58794,20.80667],[-98.58415,20.80146],[-98.56394,20.78973],[-98.56688,20.78419],[-98.58146,20.78041],[-98.58409,20.77584],[-98.58177,20.76557],[-98.59297,20.76028],[-98.59805,20.7621],[-98.60068,20.75832],[-98.60495,20.75865],[-98.60688,20.75416],[-98.62259,20.75014],[-98.63582,20.75742],[-98.64759,20.7524],[-98.66792,20.75159],[-98.67514,20.74382],[-98.67976,20.7444],[-98.67967,20.7387],[-98.6879,20.73262],[-98.68897,20.72482],[-98.68461,20.72255],[-98.68256,20.71522],[-98.66894,20.70604],[-98.67647,20.70147],[-98.68849,20.70133],[-98.68844,20.69869],[-98.70535,20.6919],[-98.71585,20.69259],[-98.72912,20.69974],[-98.72606,20.70429],[-98.72974,20.70963],[-98.72455,20.72709],[-98.70459,20.73904],[-98.71065,20.7483],[-98.71639,20.7492],[-98.69283,20.76431],[-98.69513,20.76779],[-98.70019,20.76681],[-98.69624,20.77253],[-98.70646,20.7756],[-98.71023,20.78357],[-98.70853,20.78671],[-98.72166,20.79428],[-98.71472,20.80009],[-98.7081,20.81717],[-98.69491,20.82966],[-98.6897,20.83932],[-98.68633,20.83988],[-98.68631,20.84476],[-98.67289,20.84471],[-98.67234,20.84127],[-98.66666,20.84426],[-98.66315,20.84257],[-98.65945,20.84833],[-98.65145,20.84292],[-98.64224,20.84274],[-98.64195,20.83993],[-98.63476,20.84233],[-98.63124,20.83972],[-98.63164,20.84278],[-98.62647,20.84286],[-98.62344,20.84669],[-98.61503,20.84519],[-98.61298,20.84796],[-98.6043,20.84819],[-98.60242,20.85213],[-98.58919,20.84741],[-98.58114,20.85621],[-98.57486,20.84912],[-98.5731,20.85463],[-98.57779,20.86135],[-98.56579,20.86172],[-98.56462,20.86628],[-98.55079,20.86965],[-98.5454,20.8775],[-98.54091,20.87472],[-98.54014,20.87993],[-98.52725,20.87936],[-98.51231,20.88687],[-98.50626,20.88661]]]}},{"type":"Feature","properties":{"code":"13035","stateCode":"13","municipalityCode":"035","name":"Metepec"},"geometry":{"type":"MultiPolygon","coordinates":[[[[-98.42233,20.32781],[-98.40804,20.32259],[-98.40805,20.31926],[-98.41182,20.3208],[-98.41515,20.31404],[-98.42088,20.31702],[-98.42564,20.31533],[-98.42708,20.32656],[-98.42233,20.32781]]],[[[-98.32323,20.32929],[-98.31099,20.32245],[-98.31962,20.31129],[-98.31547,20.30505],[-98.30014,20.29931],[-98.29335,20.29175],[-98.28914,20.26967],[-98.28494,20.26696],[-98.28138,20.23365],[-98.27654,20.22051],[-98.27055,20.21581],[-98.25974,20.21526],[-98.26677,20.20749],[-98.27583,20.20544],[-98.27898,20.20887],[-98.28337,20.20524],[-98.28937,20.2123],[-98.29904,20.20252],[-98.30158,20.20559],[-98.31094,20.19337],[-98.33019,20.20694],[-98.33374,20.18818],[-98.3659,20.20986],[-98.39365,20.22008],[-98.39814,20.22496],[-98.4076,20.26824],[-98.40479,20.27374],[-98.40784,20.27599],[-98.40391,20.27876],[-98.41162,20.28134],[-98.39292,20.30071],[-98.39791,20.31122],[-98.39358,20.31756],[-98.38901,20.31493],[-98.38657,20.3192],[-98.38345,20.31826],[-98.38425,20.31365],[-98.38193,20.31529],[-98.36971,20.30945],[-98.36933,20.30222],[-98.35824,20.30817],[-98.338,20.31229],[-98.3341,20.32889],[-98.32323,20.32929]]]]}},{"type":"Feature","properties":{"code":"13073","stateCode":"13","municipalityCode":"073","name":"Tlanchinol"},"geometry":{"type":"Polygon","coordinates":[[[-98.7062,21.1872],[-98.70212,21.18512],[-98.69937,21.17623],[-98.70366,21.16848],[-98.70182,21.16077],[-98.69664,21.16146],[-98.69077,21.16775],[-98.68023,21.16816],[-98.67293,21.16371],[-98.67136,21.15867],[-98.65915,21.15685],[-98.66363,21.14408],[-98.65998,21.14252],[-98.65806,21.12075],[-98.64526,21.10646],[-98.63486,21.10281],[-98.6252,21.0949],[-98.61509,21.09265],[-98.61495,21.08589],[-98.60808,21.08754],[-98.60077,21.08343],[-98.60408,21.07487],[-98.59067,21.07627],[-98.57733,21.06527],[-98.5758,21.05783],[-98.5645,21.06511],[-98.55506,21.06378],[-98.5476,21.05292],[-98.53649,21.04421],[-98.53001,21.043],[-98.50709,21.05088],[-98.50757,21.04649],[-98.51582,21.04017],[-98.51723,21.03342],[-98.53105,21.02526],[-98.53026,21.02275],[-98.5345,21.02458],[-98.52858,21.01552],[-98.53253,21.0091],[-98.53274,20.99142],[-98.53699,20.99026],[-98.53834,20.98242],[-98.55077,20.97503],[-98.54227,20.96614],[-98.54003,20.96762],[-98.54329,20.96487],[-98.54103,20.96397],[-98.5427,20.95507],[-98.53522,20.94839],[-98.5397,20.93289],[-98.5526,20.93312],[-98.55565,20.95171],[-98.56927,20.95342],[-98.57179,20.95668],[-98.57829,20.95416],[-98.57988,20.95798],[-98.58469,20.95847],[-98.597,20.95277],[-98.60934,20.95496],[-98.61225,20.95064],[-98.61833,20.95176],[-98.63317,20.94326],[-98.6403,20.92872],[-98.64938,20.92563],[-98.65054,20.9189],[-98.66718,20.91756],[-98.67872,20.92018],[-98.68121,20.92434],[-98.68796,20.91589],[-98.68992,20.90384],[-98.70257,20.90373],[-98.70739,20.91458],[-98.70536,20.93391],[-98.71193,20.94747],[-98.7175,20.95056],[-98.72024,20.97185],[-98.71781,20.97608],[-98.73018,20.99833],[-98.72278,21.0087],[-98.73136,21.01638],[-98.72699,21.02821],[-98.73142,21.03424],[-98.73182,21.04725],[-98.73848,21.05278],[-98.73379,21.05679],[-98.73252,21.07059],[-98.73572,21.0877],[-98.73161,21.09357],[-98.72957,21.11937],[-98.7328,21.14783],[-98.72454,21.15497],[-98.72878,21.15831],[-98.72103,21.16852],[-98.72158,21.18153],[-98.71655,21.18599],[-98.71465,21.18344],[-98.7062,21.1872]]]}},{"type":"Feature","properties":{"code":"13034","stateCode":"13","municipalityCode":"034","name":"Lolotla"},"geometry":{"type":"Polygon","coordinates":[[[-98.74118,21.19257],[-98.73551,21.18234],[-98.72766,21.17955],[-98.72834,21.18434],[-98.72383,21.18305],[-98.71891,21.18636],[-98.7221,21.18038],[-98.72103,21.16852],[-98.72878,21.15831],[-98.72454,21.15497],[-98.7328,21.14783],[-98.72957,21.11937],[-98.73161,21.09357],[-98.73572,21.0877],[-98.73252,21.07059],[-98.73379,21.05679],[-98.73848,21.05278],[-98.73182,21.04725],[-98.73142,21.03424],[-98.72699,21.02821],[-98.73136,21.01638],[-98.72278,21.0087],[-98.73018,20.99833],[-98.71781,20.97608],[-98.72024,20.97185],[-98.7175,20.95056],[-98.71193,20.94747],[-98.70536,20.93391],[-98.70739,20.91458],[-98.70257,20.90373],[-98.69339,20.90234],[-98.68992,20.90384],[-98.68796,20.91589],[-98.68121,20.92434],[-98.67872,20.92018],[-98.66718,20.91756],[-98.65484,20.91704],[-98.64883,20.92032],[-98.63482,20.91356],[-98.6349,20.90885],[-98.62582,20.90583],[-98.63074,20.89666],[-98.64146,20.89799],[-98.65112,20.89333],[-98.66009,20.89982],[-98.66185,20.89425],[-98.6692,20.8893],[-98.66508,20.87909],[-98.66894,20.87475],[-98.6685,20.86934],[-98.66273,20.86192],[-98.6523,20.86195],[-98.65237,20.84565],[-98.65998,20.84823],[-98.66203,20.84319],[-98.67234,20.84127],[-98.67289,20.84471],[-98.68631,20.84476],[-98.68633,20.83988],[-98.70222,20.82428],[-98.72828,20.83153],[-98.74226,20.8293],[-98.7475,20.8327],[-98.75074,20.83983],[-98.73656,20.84456],[-98.75332,20.86298],[-98.74219,20.86849],[-98.73764,20.85175],[-98.73017,20.84707],[-98.71929,20.85776],[-98.71461,20.85526],[-98.70636,20.86383],[-98.71193,20.86869],[-98.71642,20.8816],[-98.72219,20.88228],[-98.71845,20.8744],[-98.72236,20.8735],[-98.73716,20.88027],[-98.74581,20.8886],[-98.76146,20.89413],[-98.76784,20.90725],[-98.76448,20.90922],[-98.76785,20.91159],[-98.76734,20.921],[-98.77047,20.92198],[-98.76855,20.92555],[-98.77809,20.94297],[-98.76549,20.94374],[-98.76334,20.94819],[-98.75926,20.94762],[-98.75205,20.95405],[-98.7474,20.953],[-98.75163,20.95936],[-98.75145,20.96846],[-98.75717,20.97077],[-98.75016,20.97884],[-98.75576,20.9899],[-98.73819,21.00145],[-98.739,21.01075],[-98.74979,21.0129],[-98.75171,21.02557],[-98.75868,21.03543],[-98.75956,21.04304],[-98.75511,21.0517],[-98.75641,21.06076],[-98.76632,21.05925],[-98.77142,21.0661],[-98.77961,21.06734],[-98.78375,21.07249],[-98.77897,21.07412],[-98.77771,21.08085],[-98.7828,21.08925],[-98.77914,21.0918],[-98.7708,21.08418],[-98.76577,21.08764],[-98.75903,21.08432],[-98.76037,21.09806],[-98.75447,21.09845],[-98.75349,21.10522],[-98.73956,21.11352],[-98.74005,21.11771],[-98.74819,21.11824],[-98.74954,21.12093],[-98.74339,21.12523],[-98.74511,21.13285],[-98.73565,21.13093],[-98.74038,21.13512],[-98.74203,21.15249],[-98.76589,21.16482],[-98.7622,21.16898],[-98.76514,21.17432],[-98.76873,21.17447],[-98.76381,21.18048],[-98.7673,21.18442],[-98.75514,21.18667],[-98.74653,21.18433],[-98.74054,21.18941],[-98.74118,21.19257]]]}},{"type":"Feature","properties":{"code":"13019","stateCode":"13","municipalityCode":"019","name":"Chilcuautla"},"geometry":{"type":"Polygon","coordinates":[[[-99.26766,20.41666],[-99.26596,20.41003],[-99.25719,20.40763],[-99.24981,20.41472],[-99.21048,20.41089],[-99.20064,20.40619],[-99.16359,20.41047],[-99.16704,20.39714],[-99.15578,20.39006],[-99.16451,20.38356],[-99.16348,20.37204],[-99.18526,20.35441],[-99.20083,20.35444],[-99.20289,20.36023],[-99.21132,20.35409],[-99.21836,20.3564],[-99.2307,20.35302],[-99.23195,20.34043],[-99.22628,20.34003],[-99.22237,20.33551],[-99.22321,20.32503],[-99.21875,20.31989],[-99.22516,20.31062],[-99.21484,20.30108],[-99.21544,20.2918],[-99.20248,20.28107],[-99.19652,20.28079],[-99.19492,20.27715],[-99.19905,20.2713],[-99.19079,20.27098],[-99.1919,20.26277],[-99.20003,20.26322],[-99.19706,20.26008],[-99.20199,20.25747],[-99.19619,20.25541],[-99.19531,20.25197],[-99.20292,20.25178],[-99.20636,20.24298],[-99.21326,20.23921],[-99.23447,20.23977],[-99.24436,20.24588],[-99.2449,20.24303],[-99.2779,20.24376],[-99.28404,20.25077],[-99.29119,20.2448],[-99.30366,20.24971],[-99.33265,20.24991],[-99.33773,20.2551],[-99.33828,20.27583],[-99.34895,20.28816],[-99.35147,20.29859],[-99.35892,20.30517],[-99.3592,20.30758],[-99.3504,20.30538],[-99.34662,20.31047],[-99.34237,20.30574],[-99.33631,20.30728],[-99.33249,20.31122],[-99.33289,20.31653],[-99.32535,20.31556],[-99.31598,20.30904],[-99.31525,20.32053],[-99.30976,20.32627],[-99.29966,20.3235],[-99.30541,20.33667],[-99.29513,20.33711],[-99.28895,20.35936],[-99.29231,20.3687],[-99.28385,20.39592],[-99.29102,20.39528],[-99.28696,20.39839],[-99.28967,20.40648],[-99.26766,20.41666]]]}},{"type":"Feature","properties":{"code":"13077","stateCode":"13","municipalityCode":"077","name":"Tulancingo de Bravo"},"geometry":{"type":"Polygon","coordinates":[[[-98.28337,20.20524],[-98.2788,20.20881],[-98.27217,20.19683],[-98.28044,20.19209],[-98.28889,20.1956],[-98.29266,20.19337],[-98.29071,20.185],[-98.28389,20.1821],[-98.29027,20.17683],[-98.28783,20.17408],[-98.28238,20.17644],[-98.27777,20.16301],[-98.27218,20.16779],[-98.26831,20.15582],[-98.2568,20.14958],[-98.24666,20.131],[-98.24748,20.11059],[-98.25382,20.11014],[-98.25457,20.10247],[-98.26059,20.10151],[-98.26409,20.09496],[-98.27064,20.09592],[-98.27846,20.08941],[-98.28383,20.0918],[-98.28581,20.08729],[-98.3054,20.09673],[-98.31197,20.0911],[-98.3177,20.09582],[-98.32361,20.09617],[-98.32745,20.08406],[-98.33081,20.08352],[-98.33105,20.0741],[-98.34259,20.06191],[-98.34538,20.0664],[-98.35554,20.06468],[-98.35852,20.06818],[-98.36418,20.06601],[-98.36062,20.0536],[-98.37028,20.06161],[-98.37559,20.06181],[-98.37789,20.05635],[-98.38435,20.06233],[-98.40223,20.06326],[-98.40611,20.06834],[-98.40169,20.07025],[-98.40391,20.08081],[-98.40892,20.07945],[-98.40846,20.0691],[-98.44524,20.06203],[-98.46002,20.05217],[-98.46223,20.05638],[-98.48207,20.05704],[-98.4808,20.06448],[-98.49674,20.06468],[-98.49526,20.06705],[-98.49933,20.06997],[-98.50192,20.08194],[-98.49318,20.0808],[-98.48275,20.07179],[-98.47975,20.07682],[-98.47508,20.07478],[-98.4603,20.08645],[-98.44405,20.10753],[-98.42132,20.12004],[-98.42243,20.12202],[-98.40439,20.1363],[-98.39748,20.13028],[-98.38965,20.13155],[-98.3852,20.12627],[-98.38566,20.13387],[-98.37593,20.14183],[-98.3694,20.14061],[-98.37928,20.16258],[-98.37484,20.17892],[-98.36865,20.18212],[-98.37246,20.19082],[-98.36766,20.19746],[-98.36739,20.20476],[-98.37519,20.20523],[-98.37514,20.20895],[-98.36445,20.20901],[-98.33374,20.18818],[-98.33019,20.20694],[-98.31094,20.19337],[-98.30158,20.20559],[-98.29904,20.20252],[-98.28937,20.2123],[-98.28337,20.20524]]]}},{"type":"Feature","properties":{"code":"13051","stateCode":"13","municipalityCode":"051","name":"Mineral de la Reforma"},"geometry":{"type":"Polygon","coordinates":[[[-98.69237,20.14118],[-98.68587,20.12348],[-98.67575,20.12448],[-98.67078,20.12143],[-98.6625,20.1052],[-98.66679,20.09999],[-98.66518,20.06635],[-98.67361,20.06675],[-98.67493,20.0622],[-98.68229,20.06218],[-98.69001,20.05508],[-98.6969,20.05333],[-98.69916,20.04855],[-98.69746,20.03005],[-98.68676,20.03413],[-98.68168,20.02674],[-98.67549,20.02616],[-98.6797,20.01262],[-98.68555,20.01891],[-98.68804,20.01655],[-98.70604,20.02117],[-98.70711,20.02392],[-98.71534,20.02388],[-98.71556,20.02049],[-98.72308,20.02205],[-98.72721,20.00848],[-98.7164,20.00675],[-98.71316,19.99891],[-98.72842,20.0045],[-98.71505,19.99219],[-98.71855,19.9906],[-98.72756,19.99435],[-98.73083,19.98008],[-98.77162,19.98541],[-98.76722,19.99135],[-98.76734,20.00352],[-98.75808,20.01471],[-98.77386,20.02402],[-98.77231,20.03205],[-98.77624,20.03421],[-98.7681,20.05195],[-98.77765,20.05822],[-98.76884,20.06997],[-98.76009,20.06719],[-98.75147,20.07836],[-98.74962,20.08982],[-98.7411,20.08598],[-98.73432,20.09545],[-98.73188,20.09444],[-98.72238,20.11061],[-98.718,20.10501],[-98.71116,20.1251],[-98.71581,20.12476],[-98.71575,20.13074],[-98.7079,20.13458],[-98.69991,20.13289],[-98.69237,20.14118]]]}},{"type":"Feature","properties":{"code":"13082","stateCode":"13","municipalityCode":"082","name":"Zapotlán de Juárez"},"geometry":{"type":"Polygon","coordinates":[[[-98.90381,20.05034],[-98.89504,20.04935],[-98.88995,20.04421],[-98.87519,20.04492],[-98.86204,20.04163],[-98.85545,20.03366],[-98.85733,20.03001],[-98.85417,20.02402],[-98.85484,20.01654],[-98.85118,20.01976],[-98.85082,20.03379],[-98.84417,20.04099],[-98.837,20.04204],[-98.82791,20.02416],[-98.83069,20.02144],[-98.82267,20.01805],[-98.81876,20.02638],[-98.81065,20.02176],[-98.78996,19.98643],[-98.80747,19.98442],[-98.79695,19.97682],[-98.84298,19.92572],[-98.87126,19.94226],[-98.8798,19.92428],[-98.88844,19.93266],[-98.86837,19.95356],[-98.88712,19.96409],[-98.89608,19.98735],[-98.89481,19.99699],[-98.9129,20.001],[-98.91149,20.00836],[-98.90386,20.00835],[-98.90306,20.0162],[-98.90885,20.02202],[-98.91918,20.04441],[-98.90381,20.05034]]]}},{"type":"Feature","properties":{"code":"13064","stateCode":"13","municipalityCode":"064","name":"Tepetitlán"},"geometry":{"type":"Polygon","coordinates":[[[-99.40705,20.27557],[-99.39906,20.27022],[-99.39926,20.2662],[-99.39044,20.25497],[-99.3723,20.25883],[-99.34007,20.25399],[-99.35796,20.23653],[-99.35967,20.21789],[-99.35577,20.20849],[-99.36152,20.19692],[-99.3421,20.1863],[-99.34462,20.17907],[-99.35085,20.18078],[-99.34643,20.17598],[-99.35059,20.1704],[-99.3471,20.16822],[-99.34387,20.15711],[-99.3449,20.14801],[-99.34185,20.14611],[-99.34014,20.13706],[-99.36635,20.12955],[-99.36891,20.12529],[-99.36392,20.10967],[-99.37109,20.10836],[-99.36957,20.10237],[-99.37438,20.10309],[-99.3761,20.10864],[-99.37296,20.11176],[-99.38915,20.12746],[-99.41285,20.13883],[-99.42764,20.13999],[-99.44156,20.16215],[-99.46946,20.16428],[-99.46673,20.17725],[-99.45784,20.18263],[-99.45828,20.18821],[-99.44797,20.1915],[-99.4507,20.19887],[-99.44749,20.20565],[-99.45413,20.22095],[-99.44217,20.23489],[-99.45139,20.24887],[-99.43701,20.25466],[-99.41731,20.26866],[-99.41386,20.26827],[-99.4152,20.26346],[-99.41123,20.26282],[-99.40705,20.27557]]]}},{"type":"Feature","properties":{"code":"13024","stateCode":"13","municipalityCode":"024","name":"Huasca de Ocampo"},"geometry":{"type":"Polygon","coordinates":[[[-98.53449,20.34693],[-98.52285,20.34262],[-98.5174,20.33685],[-98.51124,20.33933],[-98.50559,20.33541],[-98.49649,20.33869],[-98.48668,20.33479],[-98.46944,20.33435],[-98.47899,20.32485],[-98.47588,20.32184],[-98.48446,20.32079],[-98.49201,20.31562],[-98.49444,20.3079],[-98.49757,20.30899],[-98.49845,20.29708],[-98.47954,20.28013],[-98.48604,20.27423],[-98.48396,20.26983],[-98.4887,20.26667],[-98.48687,20.26308],[-98.46657,20.24619],[-98.4686,20.24409],[-98.46488,20.23406],[-98.46935,20.23581],[-98.46827,20.23269],[-98.47113,20.23298],[-98.47154,20.22926],[-98.47935,20.22895],[-98.48029,20.21883],[-98.46952,20.21037],[-98.46145,20.19434],[-98.48584,20.18399],[-98.48034,20.15273],[-98.48253,20.15364],[-98.48479,20.14855],[-98.48876,20.15023],[-98.49374,20.1267],[-98.49858,20.1268],[-98.50251,20.11212],[-98.51428,20.10558],[-98.51728,20.09931],[-98.52594,20.10775],[-98.53066,20.1028],[-98.53964,20.10053],[-98.5428,20.10626],[-98.55475,20.10224],[-98.57358,20.12159],[-98.56609,20.13041],[-98.56446,20.14357],[-98.5615,20.14651],[-98.56192,20.15809],[-98.55851,20.16079],[-98.56114,20.1796],[-98.56645,20.17194],[-98.57622,20.16729],[-98.58338,20.17057],[-98.58636,20.16601],[-98.59417,20.16903],[-98.5964,20.17584],[-98.59869,20.17322],[-98.60298,20.17442],[-98.60342,20.18043],[-98.60709,20.176],[-98.61365,20.17686],[-98.60678,20.19843],[-98.61249,20.19986],[-98.61727,20.19566],[-98.62194,20.19852],[-98.62918,20.18988],[-98.63263,20.22664],[-98.6289,20.22927],[-98.63207,20.23064],[-98.62625,20.24008],[-98.62789,20.2479],[-98.63741,20.25812],[-98.632,20.27504],[-98.61227,20.27324],[-98.60177,20.2991],[-98.59182,20.30565],[-98.56239,20.30162],[-98.56303,20.3145],[-98.55555,20.31849],[-98.55715,20.32828],[-98.53486,20.33434],[-98.53184,20.33865],[-98.53836,20.34189],[-98.53449,20.34693]]]}},{"type":"Feature","properties":{"code":"13041","stateCode":"13","municipalityCode":"041","name":"Mixquiahuala de Juárez"},"geometry":{"type":"Polygon","coordinates":[[[-99.12598,20.31619],[-99.11877,20.30955],[-99.11105,20.2834],[-99.12515,20.27746],[-99.13094,20.26871],[-99.12618,20.26243],[-99.12627,20.24799],[-99.12366,20.24774],[-99.12149,20.2384],[-99.1371,20.22779],[-99.13184,20.21732],[-99.11339,20.20647],[-99.11237,20.1996],[-99.13808,20.19701],[-99.16683,20.15713],[-99.17536,20.15109],[-99.2125,20.16005],[-99.22978,20.16762],[-99.22389,20.19699],[-99.2486,20.20237],[-99.24583,20.21454],[-99.25198,20.21906],[-99.24272,20.22626],[-99.24003,20.23571],[-99.25327,20.23435],[-99.25727,20.22713],[-99.27518,20.22961],[-99.27964,20.23652],[-99.29987,20.2356],[-99.30803,20.24024],[-99.30183,20.24892],[-99.29119,20.2448],[-99.28404,20.25077],[-99.2779,20.24376],[-99.2449,20.24303],[-99.24436,20.24588],[-99.23447,20.23977],[-99.21429,20.23903],[-99.20636,20.24298],[-99.20122,20.2524],[-99.20183,20.24793],[-99.19499,20.24054],[-99.19858,20.23623],[-99.1976,20.2307],[-99.18393,20.23177],[-99.17883,20.24525],[-99.16217,20.24661],[-99.16055,20.26122],[-99.1658,20.2618],[-99.17054,20.28608],[-99.16782,20.29316],[-99.1518,20.29893],[-99.13323,20.31504],[-99.12598,20.31619]]]}},{"type":"Feature","properties":{"code":"13060","stateCode":"13","municipalityCode":"060","name":"Tenango de Doria"},"geometry":{"type":"Polygon","coordinates":[[[-98.11273,20.40926],[-98.10688,20.40477],[-98.11583,20.40183],[-98.11487,20.39744],[-98.09389,20.38663],[-98.10194,20.38028],[-98.10198,20.37513],[-98.10839,20.37396],[-98.10674,20.36812],[-98.11561,20.3632],[-98.1125,20.3543],[-98.12618,20.3463],[-98.12424,20.34148],[-98.12684,20.33623],[-98.13916,20.3327],[-98.14501,20.33478],[-98.14265,20.33197],[-98.14661,20.33026],[-98.15761,20.33245],[-98.16325,20.32785],[-98.18176,20.33628],[-98.17787,20.32046],[-98.17908,20.29381],[-98.18994,20.29441],[-98.19448,20.29084],[-98.2065,20.29624],[-98.21595,20.29146],[-98.23051,20.29528],[-98.23648,20.30435],[-98.25403,20.30134],[-98.25757,20.29813],[-98.2562,20.28629],[-98.26043,20.28552],[-98.26604,20.27361],[-98.28444,20.26279],[-98.28914,20.26967],[-98.29335,20.29175],[-98.30014,20.29931],[-98.31527,20.30486],[-98.31962,20.31129],[-98.31094,20.32264],[-98.29205,20.33076],[-98.29285,20.34932],[-98.29037,20.35319],[-98.28649,20.34455],[-98.28025,20.3534],[-98.28057,20.36948],[-98.27638,20.37519],[-98.27054,20.3679],[-98.25668,20.38166],[-98.24266,20.37816],[-98.23202,20.38564],[-98.22367,20.38395],[-98.2193,20.37918],[-98.21452,20.38407],[-98.20786,20.38221],[-98.20524,20.38641],[-98.19869,20.38729],[-98.19162,20.39305],[-98.18252,20.4082],[-98.17531,20.41041],[-98.17386,20.4024],[-98.15917,20.38774],[-98.14392,20.39142],[-98.1376,20.40003],[-98.1266,20.3985],[-98.12435,20.40602],[-98.11273,20.40926]]]}},{"type":"Feature","properties":{"code":"13059","stateCode":"13","municipalityCode":"059","name":"Tecozautla"},"geometry":{"type":"Polygon","coordinates":[[[-99.50303,20.659],[-99.49507,20.65593],[-99.49558,20.65193],[-99.4902,20.65111],[-99.49298,20.64307],[-99.48746,20.64321],[-99.46831,20.6293],[-99.44923,20.6245],[-99.45347,20.60675],[-99.47062,20.60541],[-99.4703,20.59839],[-99.47427,20.59574],[-99.47109,20.58979],[-99.47427,20.586],[-99.47278,20.58244],[-99.46561,20.58074],[-99.46464,20.5779],[-99.48239,20.57335],[-99.48843,20.56468],[-99.48616,20.55203],[-99.47477,20.53792],[-99.47289,20.52734],[-99.48108,20.5231],[-99.48038,20.51921],[-99.48427,20.51616],[-99.48137,20.5107],[-99.48579,20.50219],[-99.47598,20.49626],[-99.47042,20.49719],[-99.46958,20.48911],[-99.52187,20.47191],[-99.5282,20.46123],[-99.53441,20.46103],[-99.53606,20.45751],[-99.53741,20.46539],[-99.54929,20.47658],[-99.54306,20.48767],[-99.54394,20.49518],[-99.53514,20.50386],[-99.53585,20.50871],[-99.54046,20.51241],[-99.57537,20.50059],[-99.5875,20.5098],[-99.59444,20.50353],[-99.59681,20.49058],[-99.61075,20.48623],[-99.60374,20.48175],[-99.60556,20.47659],[-99.61723,20.47823],[-99.61859,20.47414],[-99.61362,20.46927],[-99.62004,20.46572],[-99.61874,20.45363],[-99.6247,20.45423],[-99.62884,20.45031],[-99.63662,20.45411],[-99.63733,20.46133],[-99.645,20.47108],[-99.65194,20.46108],[-99.65695,20.45985],[-99.66439,20.47988],[-99.68052,20.48178],[-99.68804,20.47747],[-99.68688,20.47421],[-99.69718,20.47028],[-99.70481,20.47115],[-99.72921,20.46029],[-99.73755,20.46316],[-99.73831,20.46055],[-99.73268,20.46028],[-99.73107,20.45239],[-99.73529,20.45104],[-99.73199,20.4464],[-99.74238,20.44415],[-99.745,20.43113],[-99.76125,20.42023],[-99.77711,20.44139],[-99.77228,20.4445],[-99.7766,20.45572],[-99.78257,20.45694],[-99.78577,20.46208],[-99.79719,20.45809],[-99.80346,20.46009],[-99.81128,20.47381],[-99.83508,20.48104],[-99.82807,20.54301],[-99.82128,20.54061],[-99.80463,20.54476],[-99.7853,20.55341],[-99.77933,20.5593],[-99.76966,20.55755],[-99.75343,20.56304],[-99.7459,20.55927],[-99.73868,20.56052],[-99.72824,20.57511],[-99.71445,20.57691],[-99.71195,20.58127],[-99.69641,20.57445],[-99.69494,20.58102],[-99.6844,20.57915],[-99.67874,20.58533],[-99.68025,20.58887],[-99.67414,20.58857],[-99.66331,20.59408],[-99.65787,20.6018],[-99.63458,20.60565],[-99.62422,20.60062],[-99.62417,20.59397],[-99.61951,20.59141],[-99.61291,20.59497],[-99.60741,20.6064],[-99.59274,20.61083],[-99.59379,20.61605],[-99.58971,20.6204],[-99.57895,20.61883],[-99.57865,20.6285],[-99.56534,20.64039],[-99.55688,20.64359],[-99.53881,20.64367],[-99.53596,20.65061],[-99.52704,20.65663],[-99.50303,20.659]]]}},{"type":"Feature","properties":{"code":"13032","stateCode":"13","municipalityCode":"032","name":"Jaltocán"},"geometry":{"type":"Polygon","coordinates":[[[-98.52504,21.1976],[-98.51777,21.19037],[-98.51467,21.17664],[-98.52017,21.17231],[-98.49659,21.16449],[-98.4922,21.15805],[-98.49415,21.15574],[-98.49174,21.14391],[-98.4986,21.13847],[-98.50662,21.12449],[-98.51026,21.12576],[-98.50864,21.13092],[-98.51696,21.1246],[-98.52136,21.1254],[-98.52603,21.11393],[-98.53462,21.11041],[-98.53837,21.11546],[-98.5395,21.11085],[-98.55365,21.11019],[-98.55533,21.11437],[-98.5514,21.12178],[-98.55531,21.1211],[-98.54979,21.13197],[-98.56108,21.1564],[-98.54855,21.16302],[-98.55155,21.16953],[-98.54119,21.17658],[-98.53916,21.18325],[-98.52937,21.18229],[-98.5274,21.18587],[-98.52335,21.18326],[-98.52267,21.18807],[-98.52892,21.19545],[-98.52504,21.1976]]]}},{"type":"Feature","properties":{"code":"13058","stateCode":"13","municipalityCode":"058","name":"Tasquillo"},"geometry":{"type":"Polygon","coordinates":[[[-99.28196,20.60905],[-99.27443,20.59878],[-99.27398,20.57921],[-99.26917,20.57272],[-99.2772,20.55639],[-99.28519,20.5504],[-99.28181,20.54065],[-99.26617,20.54001],[-99.26382,20.53184],[-99.24792,20.52693],[-99.24808,20.51805],[-99.26416,20.5171],[-99.27222,20.50916],[-99.28106,20.51195],[-99.28458,20.50931],[-99.28669,20.49893],[-99.27912,20.49007],[-99.27925,20.48581],[-99.29532,20.48079],[-99.29537,20.47304],[-99.29991,20.47219],[-99.29994,20.46468],[-99.31672,20.45222],[-99.32455,20.46676],[-99.32447,20.49258],[-99.35358,20.49742],[-99.36632,20.49447],[-99.36587,20.50521],[-99.37311,20.50334],[-99.3828,20.50666],[-99.38386,20.51344],[-99.39251,20.5035],[-99.42674,20.50527],[-99.43005,20.50111],[-99.43524,20.50377],[-99.44129,20.50176],[-99.4492,20.49479],[-99.4486,20.48657],[-99.45775,20.48756],[-99.47042,20.49719],[-99.47598,20.49626],[-99.47639,20.49879],[-99.48545,20.50144],[-99.48137,20.5107],[-99.48427,20.51616],[-99.48038,20.51921],[-99.48108,20.5231],[-99.47289,20.52734],[-99.47477,20.53792],[-99.48616,20.55203],[-99.48843,20.56468],[-99.48239,20.57335],[-99.46464,20.5779],[-99.47427,20.586],[-99.47109,20.58979],[-99.47438,20.59528],[-99.4703,20.59839],[-99.47062,20.60541],[-99.44007,20.60909],[-99.43412,20.60614],[-99.42952,20.60778],[-99.42415,20.60354],[-99.41971,20.60482],[-99.41508,20.59981],[-99.41526,20.60308],[-99.41143,20.60124],[-99.40939,20.60485],[-99.40428,20.59916],[-99.39353,20.60362],[-99.38689,20.58989],[-99.36912,20.58938],[-99.36894,20.58339],[-99.36413,20.57756],[-99.36113,20.58207],[-99.35298,20.58372],[-99.3498,20.57619],[-99.33676,20.57629],[-99.32834,20.58355],[-99.32659,20.57834],[-99.3152,20.57384],[-99.31418,20.57039],[-99.30478,20.57644],[-99.30249,20.58498],[-99.28832,20.59338],[-99.28196,20.60905]]]}},{"type":"Feature","properties":{"code":"13057","stateCode":"13","municipalityCode":"057","name":"Singuilucan"},"geometry":{"type":"Polygon","coordinates":[[[-98.60192,20.11792],[-98.58252,20.12599],[-98.58039,20.12197],[-98.57081,20.12077],[-98.56691,20.11742],[-98.5665,20.11181],[-98.55475,20.10224],[-98.5428,20.10626],[-98.53964,20.10053],[-98.53066,20.1028],[-98.52594,20.10775],[-98.51777,20.09952],[-98.49885,20.09407],[-98.49884,20.08985],[-98.47975,20.07682],[-98.48275,20.07179],[-98.49318,20.0808],[-98.50192,20.08194],[-98.49933,20.06997],[-98.49526,20.06705],[-98.49674,20.06468],[-98.4808,20.06448],[-98.48207,20.05704],[-98.46223,20.05638],[-98.45923,20.05266],[-98.47359,20.03887],[-98.46682,20.03748],[-98.44143,20.04373],[-98.41667,20.02017],[-98.41205,20.02022],[-98.40907,20.02405],[-98.38833,20.01921],[-98.40048,19.99911],[-98.39627,19.99304],[-98.38501,19.98836],[-98.36547,19.99049],[-98.35818,19.98779],[-98.36093,19.98297],[-98.3741,19.97584],[-98.37065,19.97674],[-98.36573,19.97091],[-98.36585,19.95763],[-98.36079,19.94649],[-98.36914,19.9464],[-98.37255,19.94269],[-98.36869,19.93851],[-98.37191,19.93744],[-98.37871,19.91963],[-98.37322,19.90913],[-98.3815,19.90223],[-98.38616,19.91254],[-98.40745,19.91466],[-98.40718,19.91711],[-98.41374,19.92011],[-98.42247,19.916],[-98.42745,19.90595],[-98.43387,19.90697],[-98.43969,19.90229],[-98.43705,19.89557],[-98.43032,19.89239],[-98.43797,19.8871],[-98.43851,19.87829],[-98.44672,19.88162],[-98.44941,19.88827],[-98.45849,19.88834],[-98.45305,19.87514],[-98.45604,19.86958],[-98.46101,19.86903],[-98.46137,19.87235],[-98.48264,19.87187],[-98.48625,19.87474],[-98.50039,19.86857],[-98.52216,19.87149],[-98.52525,19.86928],[-98.52546,19.87664],[-98.53229,19.88608],[-98.53733,19.88761],[-98.5336,19.9013],[-98.53553,19.9026],[-98.5283,19.90689],[-98.5298,19.91671],[-98.53891,19.92144],[-98.53894,19.92561],[-98.54759,19.92747],[-98.54546,19.93295],[-98.5697,19.93438],[-98.56836,19.94366],[-98.57534,19.94596],[-98.57198,19.95123],[-98.58705,19.95319],[-98.58712,19.9577],[-98.58998,19.95444],[-98.5944,19.95628],[-98.58732,19.96494],[-98.58526,19.97512],[-98.58783,19.97634],[-98.58083,19.98326],[-98.58589,19.9882],[-98.57979,19.98764],[-98.58701,19.99224],[-98.58265,19.99951],[-98.59321,20.0071],[-98.59875,19.99997],[-98.60021,20.00555],[-98.61518,20.01757],[-98.62058,20.01863],[-98.60518,20.03595],[-98.6003,20.03709],[-98.59161,20.05498],[-98.57593,20.07075],[-98.58063,20.07005],[-98.58676,20.07738],[-98.59361,20.07127],[-98.60074,20.07213],[-98.59595,20.08049],[-98.60326,20.08663],[-98.59451,20.09423],[-98.59385,20.09949],[-98.58944,20.09942],[-98.59393,20.10342],[-98.58386,20.122],[-98.60192,20.11792]]]}},{"type":"Feature","properties":{"code":"13050","stateCode":"13","municipalityCode":"050","name":"Progreso de Obregón"},"geometry":{"type":"Polygon","coordinates":[[[-99.14881,20.37767],[-99.14495,20.37141],[-99.1432,20.35326],[-99.12489,20.33884],[-99.11878,20.31857],[-99.13323,20.31504],[-99.1518,20.29893],[-99.16782,20.29316],[-99.17054,20.28608],[-99.1658,20.2618],[-99.16055,20.26122],[-99.16217,20.24661],[-99.17883,20.24525],[-99.18249,20.23276],[-99.1976,20.2307],[-99.19858,20.23623],[-99.19501,20.24064],[-99.20234,20.24912],[-99.20122,20.2524],[-99.19627,20.25129],[-99.19514,20.25384],[-99.20199,20.25747],[-99.19706,20.26008],[-99.20003,20.26322],[-99.1919,20.26277],[-99.19079,20.27098],[-99.19905,20.2713],[-99.19492,20.27715],[-99.19652,20.28079],[-99.20248,20.28107],[-99.21544,20.2918],[-99.21484,20.30108],[-99.22516,20.31062],[-99.21875,20.31989],[-99.22321,20.32503],[-99.22237,20.33551],[-99.22628,20.34003],[-99.23195,20.34043],[-99.2307,20.35302],[-99.21836,20.3564],[-99.21132,20.35409],[-99.20289,20.36023],[-99.20083,20.35444],[-99.19335,20.35594],[-99.18756,20.35328],[-99.16348,20.37204],[-99.1623,20.36998],[-99.15118,20.37175],[-99.14881,20.37767]]]}},{"type":"Feature","properties":{"code":"13056","stateCode":"13","municipalityCode":"056","name":"Santiago Tulantepec de Lugo Guerrero"},"geometry":{"type":"Polygon","coordinates":[[[-98.40392,20.08077],[-98.40169,20.07025],[-98.40611,20.06834],[-98.40223,20.06326],[-98.38435,20.06233],[-98.37789,20.05635],[-98.37559,20.06181],[-98.37028,20.06161],[-98.36062,20.0536],[-98.36418,20.06601],[-98.35852,20.06818],[-98.34997,20.04636],[-98.34155,20.04844],[-98.33445,20.04247],[-98.33575,20.03451],[-98.34505,20.02265],[-98.35654,20.02136],[-98.35972,19.98839],[-98.39266,19.98948],[-98.40048,19.99911],[-98.38833,20.01921],[-98.40907,20.02405],[-98.41205,20.02022],[-98.41667,20.02017],[-98.44094,20.0436],[-98.46682,20.03748],[-98.47359,20.03887],[-98.44524,20.06203],[-98.40846,20.0691],[-98.40892,20.07945],[-98.40392,20.08077]]]}},{"type":"Feature","properties":{"code":"13042","stateCode":"13","municipalityCode":"042","name":"Molango de Escamilla"},"geometry":{"type":"Polygon","coordinates":[[[-98.83829,20.97604],[-98.8298,20.96792],[-98.82151,20.96624],[-98.81822,20.96808],[-98.82052,20.96988],[-98.81781,20.97357],[-98.80283,20.96853],[-98.76985,20.96857],[-98.76125,20.96594],[-98.76372,20.95362],[-98.76857,20.94707],[-98.7651,20.94407],[-98.77809,20.94297],[-98.76855,20.92555],[-98.77047,20.92198],[-98.76734,20.921],[-98.76785,20.91159],[-98.76448,20.90922],[-98.76784,20.90725],[-98.76146,20.89413],[-98.74581,20.8886],[-98.73716,20.88027],[-98.72236,20.8735],[-98.71845,20.8744],[-98.72219,20.88228],[-98.71642,20.8816],[-98.71193,20.86869],[-98.70636,20.86383],[-98.71461,20.85526],[-98.71929,20.85776],[-98.73017,20.84707],[-98.73764,20.85175],[-98.74219,20.86849],[-98.75339,20.86279],[-98.73656,20.84456],[-98.75074,20.83983],[-98.74585,20.83037],[-98.72828,20.83153],[-98.70221,20.82447],[-98.70892,20.8161],[-98.71472,20.80009],[-98.72172,20.79405],[-98.70853,20.78671],[-98.71023,20.78357],[-98.70646,20.7756],[-98.69624,20.77253],[-98.70019,20.76681],[-98.69513,20.76779],[-98.69283,20.76431],[-98.71622,20.74945],[-98.71065,20.7483],[-98.70459,20.73904],[-98.72455,20.72709],[-98.72572,20.72245],[-98.73861,20.72337],[-98.73571,20.72991],[-98.7465,20.74057],[-98.75309,20.74085],[-98.75694,20.75358],[-98.75558,20.76679],[-98.76547,20.7782],[-98.76575,20.78458],[-98.77433,20.79341],[-98.77322,20.79625],[-98.78053,20.80004],[-98.78729,20.82749],[-98.78417,20.83316],[-98.78459,20.85174],[-98.7815,20.8547],[-98.79919,20.87186],[-98.79742,20.8793],[-98.80387,20.878],[-98.81508,20.86897],[-98.82273,20.86865],[-98.82695,20.86975],[-98.8438,20.88807],[-98.84771,20.88552],[-98.85007,20.87647],[-98.85181,20.8835],[-98.85849,20.89058],[-98.86263,20.90238],[-98.86174,20.91501],[-98.85771,20.92459],[-98.84402,20.93693],[-98.85997,20.9721],[-98.85539,20.97472],[-98.84281,20.97168],[-98.83829,20.97604]]]}},{"type":"Feature","properties":{"code":"13040","stateCode":"13","municipalityCode":"040","name":"La Misión"},"geometry":{"type":"Polygon","coordinates":[[[-99.06408,21.17508],[-99.0597,21.16769],[-99.06475,21.16671],[-99.07251,21.15727],[-99.06133,21.15421],[-99.0557,21.16013],[-99.0509,21.15195],[-99.03914,21.15146],[-99.03441,21.13834],[-99.03117,21.13839],[-99.02715,21.13147],[-99.04038,21.11716],[-99.03486,21.08758],[-99.04431,21.07832],[-99.03698,21.0719],[-99.00919,21.06687],[-99.0078,21.06327],[-99.02041,21.05774],[-99.00908,21.05348],[-99.00753,21.04923],[-99.00257,21.05046],[-98.99716,21.04216],[-98.98627,21.03955],[-98.97474,21.0477],[-98.96896,21.04686],[-98.96189,21.05154],[-98.9608,21.04655],[-98.96395,21.0407],[-98.95723,21.03386],[-98.96138,21.03029],[-98.97347,21.03412],[-98.96787,21.03039],[-98.96815,21.02677],[-98.97949,21.02572],[-98.97186,21.02043],[-98.97296,21.0039],[-98.97592,21.00229],[-98.9766,21.00644],[-98.97974,21.00716],[-98.98009,20.99855],[-98.98756,20.99793],[-98.99049,20.99192],[-98.99766,20.99382],[-99.00626,20.99095],[-99.00726,20.99852],[-99.01143,21.00145],[-99.0211,20.99257],[-99.03802,21.00484],[-99.03881,21.00236],[-99.03141,20.99691],[-99.03313,20.99332],[-99.03763,20.99523],[-99.04223,20.99301],[-99.04936,20.99989],[-99.04963,20.98884],[-99.04182,20.99007],[-99.03758,20.98132],[-99.02997,20.98272],[-99.0238,20.97348],[-99.03187,20.97345],[-99.03215,20.96742],[-99.03706,20.96106],[-99.05296,20.95648],[-99.05387,20.96231],[-99.05842,20.96198],[-99.05752,20.95924],[-99.06282,20.96082],[-99.06602,20.96781],[-99.06691,20.9743],[-99.06095,20.98052],[-99.07207,20.99171],[-99.07836,20.99374],[-99.07887,20.99734],[-99.08785,20.99777],[-99.099,21.01774],[-99.09477,21.02044],[-99.09507,21.02864],[-99.12083,21.05052],[-99.12905,21.06568],[-99.1255,21.07009],[-99.13507,21.07541],[-99.14299,21.0896],[-99.14852,21.09141],[-99.15545,21.11005],[-99.15863,21.10889],[-99.16841,21.11443],[-99.18088,21.12664],[-99.17548,21.13838],[-99.16346,21.13986],[-99.15006,21.14786],[-99.14425,21.14514],[-99.13605,21.15227],[-99.13064,21.15242],[-99.12637,21.14664],[-99.11149,21.14851],[-99.11085,21.15656],[-99.09063,21.1531],[-99.08399,21.15959],[-99.07705,21.15914],[-99.07094,21.16638],[-99.07777,21.17075],[-99.07689,21.1733],[-99.06408,21.17508]]]}},{"type":"Feature","properties":{"code":"13069","stateCode":"13","municipalityCode":"069","name":"Tizayuca"},"geometry":{"type":"Polygon","coordinates":[[[-98.95207,19.90652],[-98.94958,19.89947],[-98.94317,19.89726],[-98.9398,19.88621],[-98.93466,19.89023],[-98.92576,19.88556],[-98.92674,19.88351],[-98.91926,19.88191],[-98.91244,19.8748],[-98.91748,19.86923],[-98.9052,19.86354],[-98.90879,19.85712],[-98.90298,19.85931],[-98.90788,19.84358],[-98.91632,19.83933],[-98.92763,19.84339],[-98.94549,19.8038],[-98.95405,19.79857],[-98.96092,19.80509],[-99.0082,19.8284],[-99.00015,19.83418],[-99.02058,19.86768],[-98.96601,19.89166],[-98.95598,19.88517],[-98.95355,19.88854],[-98.96145,19.89364],[-98.95506,19.8964],[-98.95683,19.9056],[-98.95207,19.90652]]]}},{"type":"Feature","properties":{"code":"13039","stateCode":"13","municipalityCode":"039","name":"Mineral del Monte"},"geometry":{"type":"Polygon","coordinates":[[[-98.66132,20.20718],[-98.66006,20.19942],[-98.66368,20.19316],[-98.66065,20.19273],[-98.66627,20.18276],[-98.65964,20.17875],[-98.66332,20.16885],[-98.66048,20.16542],[-98.66627,20.16445],[-98.66143,20.15276],[-98.65239,20.14451],[-98.64689,20.14555],[-98.64771,20.14788],[-98.63292,20.14705],[-98.63226,20.14105],[-98.63579,20.13971],[-98.62939,20.12859],[-98.61279,20.12866],[-98.61139,20.13287],[-98.6089,20.13001],[-98.60511,20.11755],[-98.60718,20.11217],[-98.61497,20.10765],[-98.61912,20.08835],[-98.62543,20.09377],[-98.65588,20.10101],[-98.6686,20.11371],[-98.67432,20.12417],[-98.68587,20.12348],[-98.68487,20.12651],[-98.68952,20.12976],[-98.68853,20.13473],[-98.69422,20.14076],[-98.69248,20.14923],[-98.70174,20.15338],[-98.70144,20.17761],[-98.68,20.18881],[-98.67528,20.19829],[-98.66132,20.20718]]]}},{"type":"Feature","properties":{"code":"13033","stateCode":"13","municipalityCode":"033","name":"Juárez Hidalgo"},"geometry":{"type":"Polygon","coordinates":[[[-98.86238,20.90201],[-98.85007,20.87647],[-98.84418,20.88816],[-98.82695,20.86975],[-98.82273,20.86865],[-98.81508,20.86897],[-98.79788,20.87945],[-98.79919,20.87186],[-98.7815,20.8547],[-98.78459,20.85174],[-98.78417,20.83316],[-98.78729,20.82749],[-98.77859,20.79903],[-98.79283,20.79204],[-98.79987,20.78399],[-98.83234,20.7693],[-98.84554,20.76898],[-98.85113,20.77552],[-98.85235,20.78564],[-98.87026,20.78915],[-98.87788,20.78751],[-98.87192,20.80305],[-98.87392,20.82302],[-98.88624,20.83647],[-98.88576,20.8429],[-98.89529,20.844],[-98.89796,20.84103],[-98.90117,20.85032],[-98.89294,20.85072],[-98.89102,20.85944],[-98.88657,20.85831],[-98.88239,20.86346],[-98.88592,20.86504],[-98.87912,20.8863],[-98.86238,20.90201]]]}}]}