{
"type": "FeatureCollection",
"name": "19",
"crs": { "type": "name", "properties": { "name": "urn:ogc:def:crs:OGC:1.3:CRS84" } },
"features": [
{ "type": "Feature", "properties": { "code": "19035", "stateCode": "19", "municipalityCode": "035", "name": "Melchor Ocampo" }, "geometry": { "type": "Polygon", "coordinates": [ [ [ -99.460692479921434, 26.099500369861364 ], [ -99.395970509881309, 26.094929430377679 ], [ -99.404217660327546, 26.005356379798251 ], [ -99.443387340207451, 25.992663800053098 ], [ -99.495887579605593, 25.994174219979037 ], [ -99.509213430144442, 25.998442980175252 ], [ -99.524085720378153, 25.997176020356349 ], [ -99.529588319855506, 25.998181149910959 ], [ -99.532328879930134, 26.002387430269319 ], [ -99.542086880214669, 26.003445109807267 ], [ -99.544327979545969, 25.994364910213189 ], [ -99.560995000460778, 25.994053320417265 ], [ -99.588603279713425, 26.04031085989666 ], [ -99.585883200367476, 26.041915649991179 ], [ -99.606498392533268, 26.072971723323175 ], [ -99.58714272514662, 26.092228059279677 ], [ -99.573771570309077, 26.094968659636322 ], [ -99.460692479921434, 26.099500369861364 ] ] ] } },
{ "type": "Feature", "properties": { "code": "19036", "stateCode": "19", "municipalityCode": "036", "name": "Mier y Noriega" }, "geometry": { "type": "Polygon", "coordinates": [ [ [ -100.161189749628321, 23.57278287991657 ], [ -100.119921430135491, 23.566537109790357 ], [ -100.113270049849987, 23.560140779566119 ], [ -100.103532830171687, 23.558999510194393 ], [ -100.106810999663324, 23.551588950421667 ], [ -100.03696566021506, 23.5272063799144 ], [ -100.019844849606983, 23.55974445959659 ], [ -99.992035770086815, 23.538642089959271 ], [ -99.97892283015473, 23.536759139840608 ], [ -99.98349943035825, 23.512361540224934 ], [ -99.947698429756244, 23.497172420067841 ], [ -99.921253400277351, 23.379191339635582 ], [ -99.982502480452652, 23.392367259803777 ], [ -100.080261430186042, 23.395748199580385 ], [ -100.120727139702069, 23.357764820073537 ], [ -100.144950220071436, 23.339515180163023 ], [ -100.078041120445207, 23.305983910190182 ], [ -100.101895289681963, 23.231080400769041 ], [ -100.228236510049129, 23.250476149783751 ], [ -100.206364230241647, 23.307108860117044 ], [ -100.218237720303492, 23.31013434985044 ], [ -100.220166450139644, 23.297931720055647 ], [ -100.278434980075232, 23.310368400349152 ], [ -100.306256939586689, 23.260942119595754 ], [ -100.325812230049465, 23.263092660089612 ], [ -100.331692539616682, 23.259092369878445 ], [ -100.341422769998061, 23.291530400366355 ], [ -100.336922480442524, 23.359727709624817 ], [ -100.323341020478438, 23.377968739921982 ], [ -100.357381890430787, 23.387860200070492 ], [ -100.359042419780323, 23.392470110392491 ], [ -100.35538990984945, 23.401874979783685 ], [ -100.352330310464438, 23.400861029643529 ], [ -100.342826720420362, 23.411528890103739 ], [ -100.334085479960692, 23.413301940125749 ], [ -100.338329349629049, 23.420870489696732 ], [ -100.324890550368323, 23.434984569763994 ], [ -100.321438250230457, 23.493937749998771 ], [ -100.299546090054662, 23.489202659627466 ], [ -100.29623601993606, 23.533899520407331 ], [ -100.287888859859137, 23.558626619745674 ], [ -100.25127199969512, 23.55638622041101 ], [ -100.251098140045642, 23.543016080193841 ], [ -100.245844349734114, 23.539968520023937 ], [ -100.246806379662388, 23.537532600282066 ], [ -100.244415950260276, 23.536163659913012 ], [ -100.243839680130606, 23.538805600413237 ], [ -100.234344379936815, 23.533296630337038 ], [ -100.232464170233683, 23.546889659686521 ], [ -100.189557569540213, 23.554152970157705 ], [ -100.143532550169596, 23.54204668983763 ], [ -100.161189749628321, 23.57278287991657 ] ] ] } },
{ "type": "Feature", "properties": { "code": "19002", "stateCode": "19", "municipalityCode": "002", "name": "Agualeguas" }, "geometry": { "type": "Polygon", "coordinates": [ [ [ -99.447053909496944, 26.446008770104665 ], [ -99.415692649892961, 26.438169689851946 ], [ -99.430946580081113, 26.351301139674714 ], [ -99.409729820195423, 26.316974979581939 ], [ -99.46513010951557, 26.313111540440882 ], [ -99.462601179642462, 26.266264909938801 ], [ -99.469944890146948, 26.275276919667633 ], [ -99.475368320061463, 26.267884079825336 ], [ -99.48020025033594, 26.273025939976666 ], [ -99.492549620226356, 26.274241630335993 ], [ -99.545196119751722, 26.236219879751339 ], [ -99.597357509975566, 26.23500279955417 ], [ -99.610142150202037, 26.239129180295834 ], [ -99.609907679788762, 26.243903049751729 ], [ -99.617251079888774, 26.242491579852878 ], [ -99.618259680213242, 26.252407519970721 ], [ -99.62546417979911, 26.248117480186767 ], [ -99.627839949960759, 26.256534319861686 ], [ -99.636218280038989, 26.247268800362512 ], [ -99.727122079509343, 26.183885450200176 ], [ -99.738682770486264, 26.17070265029399 ], [ -99.780120780421498, 26.176200319580548 ], [ -99.802270290153317, 26.167834889712264 ], [ -99.815793319507605, 26.169290049576151 ], [ -99.823364620228006, 26.154934620453641 ], [ -99.851024379814362, 26.153461980059468 ], [ -99.855604419988993, 26.150749799715776 ], [ -99.859299819629243, 26.150876910022497 ], [ -99.8788407101366, 26.174003820218029 ], [ -99.920317940255046, 26.18702987970045 ], [ -99.933005950332017, 26.201896140141688 ], [ -99.925266290292527, 26.237549510073567 ], [ -99.919340090404077, 26.245474740423674 ], [ -99.955624950213007, 26.238831229563196 ], [ -99.93500477025394, 26.3067674497015 ], [ -99.939714230299998, 26.307379109744652 ], [ -99.928184280383661, 26.328996999992359 ], [ -99.925544459667123, 26.328691489734879 ], [ -99.921274370358489, 26.353805779766692 ], [ -99.927717230060452, 26.355703280118366 ], [ -99.922923030458463, 26.371060029771535 ], [ -99.928442579683249, 26.371631309543229 ], [ -99.9284058804149, 26.387219379638434 ], [ -99.90278230973415, 26.377849889699984 ], [ -99.846547600373796, 26.377320659643733 ], [ -99.814234319871375, 26.367012079590822 ], [ -99.811515459621901, 26.363158549814656 ], [ -99.810536120167214, 26.370275679624068 ], [ -99.804409229854016, 26.377826419566123 ], [ -99.784648479536941, 26.386053400356559 ], [ -99.79423153984456, 26.396224180316594 ], [ -99.791955980022692, 26.398511260154645 ], [ -99.787948600000846, 26.396854830212455 ], [ -99.789916080455612, 26.403239939890941 ], [ -99.783462850480305, 26.400168630225295 ], [ -99.784408549717156, 26.408445079931301 ], [ -99.774959400386166, 26.407905539840652 ], [ -99.775768749956057, 26.404463550289265 ], [ -99.779602650375367, 26.403959449990175 ], [ -99.777224599741146, 26.402504249682575 ], [ -99.778738180198573, 26.394067260345036 ], [ -99.772898000301595, 26.394500859812734 ], [ -99.773806419632379, 26.391170279705541 ], [ -99.767496080445753, 26.385531350197493 ], [ -99.75482325045806, 26.39442471963353 ], [ -99.75782042046977, 26.396884350346685 ], [ -99.75124061984954, 26.403494709545473 ], [ -99.755509569621452, 26.40708219980225 ], [ -99.738151580169784, 26.413697400343736 ], [ -99.732536859876532, 26.407966250053061 ], [ -99.726675480163934, 26.41374013986438 ], [ -99.721677710493367, 26.40946433962862 ], [ -99.735854369650141, 26.390924420074871 ], [ -99.72880263017602, 26.380658770080437 ], [ -99.735660480322949, 26.373582140424755 ], [ -99.730918379975805, 26.36781233996583 ], [ -99.725646460308482, 26.374139749647814 ], [ -99.71444339956561, 26.374012890407908 ], [ -99.714510399777126, 26.368863480192086 ], [ -99.7215165100219, 26.368967630370435 ], [ -99.721747679734705, 26.363096679630296 ], [ -99.688704519858717, 26.363116030423267 ], [ -99.688622139997506, 26.352435779630071 ], [ -99.674409230029795, 26.352454520188562 ], [ -99.674374580139769, 26.344321740424657 ], [ -99.671012820288368, 26.344221599868121 ], [ -99.671093650194521, 26.340156510395165 ], [ -99.664018949886398, 26.340124120241367 ], [ -99.663976049499865, 26.351084030228598 ], [ -99.643248150404503, 26.351107249584132 ], [ -99.653376220114524, 26.388558489797795 ], [ -99.620363739517785, 26.394788779812025 ], [ -99.618776859496322, 26.391082780137545 ], [ -99.606176919551515, 26.389302119871761 ], [ -99.606457060007671, 26.387152519765905 ], [ -99.598817739874733, 26.388372109800837 ], [ -99.598907619772405, 26.391921569591567 ], [ -99.610447079795037, 26.398034090025511 ], [ -99.610884200121717, 26.4086668801983 ], [ -99.590039549741235, 26.409729369870728 ], [ -99.589239110053683, 26.404781370054739 ], [ -99.579862690138398, 26.400233020024835 ], [ -99.576777599592134, 26.404807459907627 ], [ -99.577945059879198, 26.413557320194883 ], [ -99.475541629762688, 26.388604089829926 ], [ -99.474391260495025, 26.39943258033318 ], [ -99.462434459492513, 26.403308290313237 ], [ -99.465767199848102, 26.442628429875594 ], [ -99.459642110262038, 26.439881179658634 ], [ -99.447053909496944, 26.446008770104665 ] ] ] } },
{ "type": "Feature", "properties": { "code": "19013", "stateCode": "19", "municipalityCode": "013", "name": "China" }, "geometry": { "type": "Polygon", "coordinates": [ [ [ -99.266113319607769, 25.916179090218627 ], [ -99.250248179833733, 25.902731369756008 ], [ -99.251185450141634, 25.899638519844924 ], [ -99.244116859800741, 25.895218509959523 ], [ -99.241248740039978, 25.88781714994261 ], [ -99.230047830438181, 25.89446845025482 ], [ -99.215822049496452, 25.891914780165035 ], [ -99.212566819553757, 25.894549480428289 ], [ -99.191546279546969, 25.895435659714277 ], [ -99.189022020178115, 25.905300050253345 ], [ -99.182761150474121, 25.903080220446054 ], [ -99.188092050177829, 25.893945880205912 ], [ -99.183422719501777, 25.890466030017805 ], [ -99.188370679790424, 25.888169680354167 ], [ -99.189326029762896, 25.883473659586205 ], [ -99.182132969741843, 25.880496939732407 ], [ -99.185982539972528, 25.877684450007244 ], [ -99.185525880140588, 25.86842191013206 ], [ -99.189733279712257, 25.863655770409952 ], [ -99.183663569969823, 25.854150460347398 ], [ -99.185412229802154, 25.847816880363862 ], [ -99.183138520108358, 25.8433124604454 ], [ -99.189812200240269, 25.837324999706095 ], [ -99.181708479812841, 25.820119799869431 ], [ -99.18964167954725, 25.812806429793884 ], [ -99.182540369777044, 25.798253970431634 ], [ -99.214868020093348, 25.787838690012826 ], [ -99.210155350052744, 25.783398830022506 ], [ -99.209012749903437, 25.773163999888858 ], [ -99.198452220012001, 25.761936310442294 ], [ -99.182907660162925, 25.722850480003697 ], [ -99.158450280304493, 25.680293540142603 ], [ -99.141198890367704, 25.667432889614574 ], [ -99.068278260297163, 25.647839480056088 ], [ -99.024419769762702, 25.624804030434134 ], [ -99.018540180291552, 25.624186519743102 ], [ -98.991130119673485, 25.651308450292888 ], [ -98.936256109882137, 25.600984769937835 ], [ -98.923986630060099, 25.610282800170598 ], [ -98.924319139838303, 25.617155179550565 ], [ -98.889927509631761, 25.608823199983139 ], [ -98.87880455046367, 25.62324742034335 ], [ -98.878393750143346, 25.630576019858161 ], [ -98.86003841984585, 25.628315379932655 ], [ -98.854853980288397, 25.62433457045422 ], [ -98.854138890268629, 25.627518519830847 ], [ -98.837610890008662, 25.627081769917552 ], [ -98.820910200304382, 25.651589339592579 ], [ -98.816439380388942, 25.65208971979143 ], [ -98.804787090343169, 25.642984179802827 ], [ -98.795493630062168, 25.653531120188216 ], [ -98.785803719616894, 25.651309379597386 ], [ -98.783168829593791, 25.655342169603934 ], [ -98.778603259552554, 25.636802779820506 ], [ -98.769800489867919, 25.638953819682332 ], [ -98.762820170341953, 25.631422850086921 ], [ -98.752648169915474, 25.635626380281217 ], [ -98.75081889029822, 25.630245109908422 ], [ -98.755749029870429, 25.623814170343852 ], [ -98.749087579838275, 25.625332420274372 ], [ -98.733742689945416, 25.629428890068226 ], [ -98.729874079538405, 25.639512089811369 ], [ -98.690485510235618, 25.65533451009988 ], [ -98.690818180058798, 25.721810229949948 ], [ -98.673767540394991, 25.72029992010863 ], [ -98.668753430187905, 25.705215339975776 ], [ -98.647715050494753, 25.702379199969137 ], [ -98.648442829997563, 25.710965000350601 ], [ -98.638207540314667, 25.710541629558364 ], [ -98.637736449939524, 25.721216860397853 ], [ -98.633897569667397, 25.716804860270088 ], [ -98.630933080227507, 25.719213490071656 ], [ -98.63080042022203, 25.712877310038174 ], [ -98.602006279527956, 25.708950430138501 ], [ -98.591565949640128, 25.723991000375243 ], [ -98.591637630176223, 25.707542909671695 ], [ -98.58135055035477, 25.705956739810667 ], [ -98.58175157963764, 25.489361740021863 ], [ -98.421576080165366, 25.489355539944331 ], [ -98.423131659943095, 25.447492909697264 ], [ -98.585253860172585, 25.332329630239727 ], [ -98.929027580457955, 25.077270310009773 ], [ -98.933711849726635, 25.07607425013785 ], [ -98.934281600291825, 25.080162980222234 ], [ -98.934169940242427, 25.072763180052508 ], [ -98.941178139767189, 25.070856650026961 ], [ -98.946209180242079, 25.076551429982693 ], [ -98.947516600308219, 25.073938000279036 ], [ -98.955214139769595, 25.076134179982645 ], [ -98.95662804978457, 25.073348679956592 ], [ -98.959249940309405, 25.076035139658035 ], [ -98.968343379708685, 25.070402120046104 ], [ -98.968123249570723, 25.073300430293504 ], [ -98.970800489875955, 25.074017319937209 ], [ -98.969884229713458, 25.071899230163464 ], [ -98.97635605027908, 25.068773050313059 ], [ -98.985167459388194, 25.074402320672384 ], [ -98.98944457015223, 25.067367980270049 ], [ -98.997733909955116, 25.071321820343194 ], [ -99.00016162969743, 25.067352169646 ], [ -99.019055889692766, 25.069925309722031 ], [ -99.022483510218677, 25.073170340106294 ], [ -99.017544550416062, 25.075577580238477 ], [ -99.019571919541448, 25.079194630288349 ], [ -99.014246020409303, 25.080214449697568 ], [ -99.015537169882691, 25.085891879557501 ], [ -99.020439319629574, 25.088285659687131 ], [ -99.021969659593992, 25.093920629617124 ], [ -99.025986219519908, 25.092617849560582 ], [ -99.02952247980798, 25.096392820132252 ], [ -99.033711539675409, 25.106859380393622 ], [ -99.02865251972095, 25.109701219856966 ], [ -99.036049279906393, 25.120311280033835 ], [ -99.030943880407037, 25.124924340016378 ], [ -99.031892510377418, 25.135103739947706 ], [ -99.069513479546828, 25.172823690394292 ], [ -99.049358569714983, 25.18085746017972 ], [ -99.051956969867589, 25.182917220077115 ], [ -99.044936649909246, 25.193239740010881 ], [ -99.046484510013556, 25.198018769747861 ], [ -99.051249089872869, 25.194577400017586 ], [ -99.072601799732823, 25.214026170263654 ], [ -99.022407320355498, 25.214678489840139 ], [ -99.035611290355504, 25.266347090190617 ], [ -99.056924350077267, 25.259994740442838 ], [ -99.081654780421687, 25.32354924993572 ], [ -99.092011259940705, 25.336030939668206 ], [ -99.113090349865928, 25.3283253400433 ], [ -99.166921139757804, 25.382823339961565 ], [ -99.183364689508096, 25.366337260205793 ], [ -99.190808050372098, 25.375200650405077 ], [ -99.201944629779248, 25.371354369954492 ], [ -99.203168310285875, 25.377746279654804 ], [ -99.223672569717237, 25.377749339658628 ], [ -99.224403750479027, 25.384972199776691 ], [ -99.229164680002128, 25.382711459585792 ], [ -99.231233540098728, 25.395856139712539 ], [ -99.223281460417738, 25.402049910200301 ], [ -99.242670079861384, 25.414621829611068 ], [ -99.255939479638187, 25.413737150306954 ], [ -99.25856630969227, 25.424544650413338 ], [ -99.278013690276765, 25.417435859851089 ], [ -99.279522800382807, 25.401045629683235 ], [ -99.310852480220618, 25.401626980115953 ], [ -99.32641433953799, 25.430253180369647 ], [ -99.323647780079199, 25.437530600229799 ], [ -99.340575319543831, 25.452411910055108 ], [ -99.360880880245631, 25.458809739797747 ], [ -99.352947450124148, 25.465522089871495 ], [ -99.354367880283448, 25.468132819988231 ], [ -99.366984750211216, 25.464141110030223 ], [ -99.35729805036263, 25.478049029894688 ], [ -99.386724889795445, 25.496776569862291 ], [ -99.417401850065332, 25.480782750006778 ], [ -99.417982349660434, 25.475779309815682 ], [ -99.424203719955358, 25.476795349723179 ], [ -99.424584180243727, 25.500840849580065 ], [ -99.411704720049286, 25.499741079692903 ], [ -99.410795829820486, 25.514478310324645 ], [ -99.417583019778235, 25.531244710423188 ], [ -99.4263205402126, 25.530111319870816 ], [ -99.432112319802314, 25.532937800270304 ], [ -99.432212449550946, 25.536556059839523 ], [ -99.421173770307917, 25.600386950310032 ], [ -99.417631650281763, 25.600383650360047 ], [ -99.413929370285373, 25.623231020313909 ], [ -99.461227320018324, 25.688232980231255 ], [ -99.447095020365083, 25.697203169861226 ], [ -99.443609950019436, 25.69260062022715 ], [ -99.44546508980838, 25.698233250279127 ], [ -99.419006820290065, 25.714802119955081 ], [ -99.441531579910233, 25.743028739867469 ], [ -99.4261448803571, 25.753682150292903 ], [ -99.402594949932237, 25.761692859893543 ], [ -99.405563859952139, 25.766055349645953 ], [ -99.401815819866997, 25.771576710175673 ], [ -99.458591400338491, 25.83884822018948 ], [ -99.45318468013788, 25.842321599584917 ], [ -99.443389419949767, 25.837727879893077 ], [ -99.439014860429438, 25.840035400026043 ], [ -99.429957489797886, 25.833762310172382 ], [ -99.426711110099887, 25.836150620178987 ], [ -99.428508339775064, 25.842899510031316 ], [ -99.417743570404255, 25.842893229555024 ], [ -99.41634951993872, 25.847759750230058 ], [ -99.36012503048606, 25.782826229569732 ], [ -99.275596340192109, 25.838079340096371 ], [ -99.28135526021515, 25.842008519624056 ], [ -99.281933920222443, 25.903840550231269 ], [ -99.275425460383474, 25.912171050090915 ], [ -99.266113319607769, 25.916179090218627 ] ] ] } },
{ "type": "Feature", "properties": { "code": "19014", "stateCode": "19", "municipalityCode": "014", "name": "Doctor Arroyo" }, "geometry": { "type": "Polygon", "coordinates": [ [ [ -100.49611705048838, 24.409970140187983 ], [ -100.444021600334722, 24.42170081983279 ], [ -100.446916740265479, 24.438764050074486 ], [ -100.432745339818581, 24.439673249613659 ], [ -100.405236659637822, 24.371846860281508 ], [ -100.364693380303905, 24.332510630022028 ], [ -100.348194969757273, 24.311568829588211 ], [ -100.315166290341068, 24.315838659841628 ], [ -100.273453419889933, 24.254577980044719 ], [ -100.257219220166192, 24.317995079989181 ], [ -100.200769080305861, 24.289690369636219 ], [ -100.186463649757144, 24.302028600348393 ], [ -100.181442319797839, 24.283444879580109 ], [ -100.18677230964758, 24.284986149702732 ], [ -100.187127119615468, 24.247169520430823 ], [ -100.193881429862756, 24.245361479966192 ], [ -100.195771580015005, 24.249253260213354 ], [ -100.216050850070175, 24.249176489693422 ], [ -100.198379750067701, 24.212557450418945 ], [ -100.203159259577532, 24.212347349770642 ], [ -100.166164309898463, 24.159757399934445 ], [ -100.179368580184402, 24.146998940305384 ], [ -100.179787909912307, 24.142370199982047 ], [ -100.182045399553658, 24.144419679851033 ], [ -100.193903999906567, 24.132963719742342 ], [ -100.193864689608802, 24.120252619662338 ], [ -100.153988680160595, 24.094838820112816 ], [ -100.170770689782728, 24.075533799916339 ], [ -100.113145020483472, 24.055371149997431 ], [ -100.100990780127603, 24.05442799996132 ], [ -100.103490419866901, 24.035406800155819 ], [ -100.120173859945083, 24.031303290182599 ], [ -100.120636889854282, 24.000486970207355 ], [ -100.123326489985942, 24.000785519974546 ], [ -100.120956780407781, 23.972219400288981 ], [ -100.103776089610406, 23.97339007969957 ], [ -100.102554719927952, 23.957724480131695 ], [ -100.063455109887499, 23.960354890085025 ], [ -100.061912109732859, 23.939455630024877 ], [ -100.017794749935774, 23.942085120447523 ], [ -100.024271750319414, 23.894389830255246 ], [ -100.030423939557409, 23.885164919930958 ], [ -99.964783199910983, 23.857011779737444 ], [ -99.969028340077756, 23.84722570993738 ], [ -99.974460920289857, 23.847539769695302 ], [ -99.972222250272267, 23.840060309705361 ], [ -99.942281739983656, 23.838018079760026 ], [ -99.9449577804114, 23.787917170301981 ], [ -99.910305550330591, 23.785409419741118 ], [ -99.907917549754458, 23.789972430182871 ], [ -99.893411909802737, 23.744844479654361 ], [ -99.882847309625632, 23.723577600346406 ], [ -99.891119570003895, 23.703806580271145 ], [ -99.915800260128705, 23.66507834044662 ], [ -99.961187630020063, 23.556889770306633 ], [ -99.947698429756244, 23.497172420067841 ], [ -99.98349943035825, 23.512361540224934 ], [ -99.97892283015473, 23.536759139840608 ], [ -99.992035770086815, 23.538642089959271 ], [ -100.019844849606983, 23.55974445959659 ], [ -100.03696566021506, 23.5272063799144 ], [ -100.106810999663324, 23.551588950421667 ], [ -100.103532830171687, 23.558999510194393 ], [ -100.113270049849987, 23.560140779566119 ], [ -100.119921430135491, 23.566537109790357 ], [ -100.161444339923378, 23.572839479659347 ], [ -100.143532550169596, 23.54204668983763 ], [ -100.189557569540213, 23.554152970157705 ], [ -100.232464170233683, 23.546889659686521 ], [ -100.234344379936815, 23.533296630337038 ], [ -100.243839680130606, 23.538805600413237 ], [ -100.244415950260276, 23.536163659913012 ], [ -100.246806379662388, 23.537532600282066 ], [ -100.245844349734114, 23.539968520023937 ], [ -100.251098140045642, 23.543016080193841 ], [ -100.25127199969512, 23.55638622041101 ], [ -100.287888859859137, 23.558626619745674 ], [ -100.29623601993606, 23.533899520407331 ], [ -100.299546090054662, 23.489202659627466 ], [ -100.321438250230457, 23.493937749998771 ], [ -100.324890550368323, 23.434984569763994 ], [ -100.338329349629049, 23.420870489696732 ], [ -100.334085479960692, 23.413301940125749 ], [ -100.342826720420362, 23.411528890103739 ], [ -100.352330310464438, 23.400861029643529 ], [ -100.35538990984945, 23.401874979783685 ], [ -100.359042419780323, 23.392470110392491 ], [ -100.357381890430787, 23.387860200070492 ], [ -100.323341020478438, 23.377968739921982 ], [ -100.336922480442524, 23.359727709624817 ], [ -100.341422769998061, 23.291530400366355 ], [ -100.331692539616682, 23.259092369878445 ], [ -100.374316570057246, 23.265323820032052 ], [ -100.363764309811472, 23.189005380031272 ], [ -100.32351520039758, 23.195627450091049 ], [ -100.331757940369627, 23.162683179970823 ], [ -100.479849679542255, 23.194365350276925 ], [ -100.483607850220508, 23.214045659967653 ], [ -100.457083249917375, 23.366409600444179 ], [ -100.517211320411718, 23.421042849811876 ], [ -100.49761692040984, 23.494027020403539 ], [ -100.494168679954669, 23.528406399694912 ], [ -100.459176110230274, 23.511566110344219 ], [ -100.459147490173976, 23.533163769772433 ], [ -100.467516250447659, 23.543566399591413 ], [ -100.469544950274809, 23.566783109964774 ], [ -100.491636889683903, 23.568612509934134 ], [ -100.488653459903446, 23.605047050324039 ], [ -100.486649310294396, 23.60413891006241 ], [ -100.477378629642715, 23.633818690209697 ], [ -100.463350540106688, 23.653140199838685 ], [ -100.454355120166156, 23.649904549902271 ], [ -100.449844600358276, 23.656008939821238 ], [ -100.458328450484558, 23.660112550057818 ], [ -100.44572012005375, 23.677331519643026 ], [ -100.447100429872023, 23.696534520036629 ], [ -100.462038180443059, 23.694627349843906 ], [ -100.461861889592683, 23.68906468955257 ], [ -100.466483279842024, 23.688941030096782 ], [ -100.467932569919853, 23.700087000238508 ], [ -100.474147370090805, 23.706843120440681 ], [ -100.490302339852363, 23.739600880234949 ], [ -100.497706279931819, 23.736309710004807 ], [ -100.497601720262949, 23.798712690101212 ], [ -100.528791430287598, 23.816352630335146 ], [ -100.525529950346098, 23.839525909835881 ], [ -100.550298690133673, 23.842202580355973 ], [ -100.539845620186, 23.88839305967376 ], [ -100.549434310239633, 23.889314600078631 ], [ -100.546767799638317, 23.917436620203063 ], [ -100.562401619890267, 23.919641080111038 ], [ -100.541282660111108, 24.025747619599365 ], [ -100.52375899982286, 24.071454949599126 ], [ -100.538683260081001, 24.118516029675337 ], [ -100.519580020251908, 24.118382339884793 ], [ -100.516827490200754, 24.139896679748663 ], [ -100.548771119689661, 24.146030569810389 ], [ -100.613399889596266, 24.17394417963461 ], [ -100.593512539941173, 24.178200250440781 ], [ -100.585092909768207, 24.223925429954743 ], [ -100.633066479594873, 24.225980249895311 ], [ -100.599935519995, 24.348791050295915 ], [ -100.603533340362105, 24.401300059597475 ], [ -100.55167931042881, 24.438763690239792 ], [ -100.521922969866225, 24.446932650049479 ], [ -100.504150450133722, 24.456373549759675 ], [ -100.49611705048838, 24.409970140187983 ] ] ] } },
{ "type": "Feature", "properties": { "code": "19032", "stateCode": "19", "municipalityCode": "032", "name": "Lampazos de Naranjo" }, "geometry": { "type": "Polygon", "coordinates": [ [ [ -100.421361569825535, 27.391957650238059 ], [ -100.409100229939597, 27.387768910037565 ], [ -100.400821420227558, 27.37320401959391 ], [ -100.385776969516499, 27.371055490506464 ], [ -100.388247850036365, 27.361379259888032 ], [ -100.398314060360377, 27.356506909593719 ], [ -100.399729340140993, 27.340107971101581 ], [ -100.384768970070539, 27.334311140451042 ], [ -100.379237650400029, 27.321233231061246 ], [ -100.359811719749942, 27.307247550090132 ], [ -100.35639659977204, 27.300149140606901 ], [ -100.350036489720011, 27.300421600397158 ], [ -100.346827199499529, 27.292823420905147 ], [ -100.322337969873061, 27.292800850682976 ], [ -100.31867725033571, 27.276534000103343 ], [ -100.303295969999112, 27.273751970851418 ], [ -100.303623769542938, 27.263715089955618 ], [ -100.283131220450343, 27.245412909957551 ], [ -100.252726310328924, 27.24546991003924 ], [ -100.25275699990793, 27.218431980328621 ], [ -100.182026260239596, 27.218464659707788 ], [ -100.18194037959428, 27.1822768906984 ], [ -100.171908259691151, 27.182255280980304 ], [ -100.171862079984209, 27.137164221302918 ], [ -100.121472780446311, 27.13721483090713 ], [ -100.121314419942351, 27.101066380775048 ], [ -100.101018369695225, 27.101117419728723 ], [ -100.100983260065107, 27.064999850088252 ], [ -100.121335690410618, 27.064975740179008 ], [ -100.121325750190522, 27.02890439971485 ], [ -100.090842629640363, 27.028914479584628 ], [ -100.090799940240785, 27.008686290315069 ], [ -100.071477139792023, 27.013383139792989 ], [ -100.069153320306796, 27.019450119872772 ], [ -100.059880429923496, 27.021418139835507 ], [ -100.046181459832198, 27.010734319583172 ], [ -100.023415650010762, 27.011404740019351 ], [ -100.015791739667478, 27.014951549717004 ], [ -100.017745600490628, 27.017517969829743 ], [ -100.012000420479112, 27.024427089750695 ], [ -99.997191689857885, 27.015088920030855 ], [ -99.993797349988981, 27.016524150083185 ], [ -99.987740679732951, 27.012553909642978 ], [ -99.976893030017834, 27.015128120160334 ], [ -99.97478940006755, 27.008620910381612 ], [ -99.968451279688537, 27.010992950054796 ], [ -99.959711829898879, 27.007949279692443 ], [ -100.000281060299244, 26.985571420065376 ], [ -100.003154309843836, 26.973931800232332 ], [ -100.01921062046074, 26.956230379564978 ], [ -100.002252310186222, 26.924019000422167 ], [ -100.006087970279481, 26.921004510160785 ], [ -100.002567340079338, 26.913985260160185 ], [ -100.020864059584838, 26.907254979894859 ], [ -100.046313619813006, 26.911414340119247 ], [ -100.049422719674254, 26.905789780332796 ], [ -100.023661370379415, 26.888144029600966 ], [ -100.03092808979072, 26.879242289712113 ], [ -100.023985660410489, 26.868312309914653 ], [ -100.067361540190589, 26.839797749937684 ], [ -100.083386139900711, 26.849829830206989 ], [ -100.097943429812702, 26.836982509776963 ], [ -100.093874580108704, 26.830017029858151 ], [ -100.097890219659135, 26.818693859832951 ], [ -100.08806009036887, 26.799197720215343 ], [ -100.149038849718551, 26.797386779637836 ], [ -100.145579770165213, 26.804803539990576 ], [ -100.137632449984736, 26.810594259729154 ], [ -100.170195000106006, 26.871965230400686 ], [ -100.250948080153705, 26.882280030380677 ], [ -100.247370780134105, 26.898389779911007 ], [ -100.254512400065906, 26.900207540331479 ], [ -100.252578380434088, 26.908503180018066 ], [ -100.272245089615836, 26.912913150195404 ], [ -100.279743059551961, 26.88562734044492 ], [ -100.300507179848637, 26.847070060360402 ], [ -100.327010339690432, 26.853605220067298 ], [ -100.304750909642351, 26.809073309631259 ], [ -100.305223539505292, 26.790054450089965 ], [ -100.366005050471998, 26.788401169862528 ], [ -100.358361420146792, 26.743822020260918 ], [ -100.351044849649, 26.745196379587547 ], [ -100.344987969751827, 26.716970750038747 ], [ -100.350867399803349, 26.708043350322438 ], [ -100.336042320229495, 26.669657620371982 ], [ -100.365796060169302, 26.675020220195147 ], [ -100.390714769739432, 26.673257309564562 ], [ -100.487588029783268, 26.632173349599277 ], [ -100.490921349890726, 26.671524110281162 ], [ -100.607978419888255, 26.710873490028803 ], [ -100.601307120157628, 26.737077080152776 ], [ -100.590135830413161, 26.759520660375163 ], [ -100.53815574996807, 26.808558199811767 ], [ -100.541432570381772, 26.812738450157113 ], [ -100.541722059796257, 26.821248319906498 ], [ -100.544728119731786, 26.822690030302009 ], [ -100.546617449797537, 26.847655250134142 ], [ -100.551358660354722, 26.858729740161007 ], [ -100.540665800325527, 26.880969980269157 ], [ -100.538429799539884, 26.90611970984417 ], [ -100.544926290123811, 26.925348819590955 ], [ -100.538239399984249, 26.939719849933823 ], [ -100.545253879984742, 26.978355780235443 ], [ -100.539736969856349, 26.986250219614952 ], [ -100.54081833958999, 27.013823379818508 ], [ -100.535701720031781, 27.027004919698442 ], [ -100.538809230126759, 27.038675689891505 ], [ -100.533997849504701, 27.045584430160108 ], [ -100.653704229823319, 27.075729689858075 ], [ -100.656021909642121, 27.082133279712671 ], [ -100.66248578011205, 27.086514649959625 ], [ -100.674242489894027, 27.08460496963 ], [ -100.676791259661044, 27.106877379918277 ], [ -100.682718710331798, 27.111394579754396 ], [ -100.697452849631432, 27.10875273969053 ], [ -100.70810647982951, 27.099851890090239 ], [ -100.711648519570261, 27.088486800208802 ], [ -100.719659619951358, 27.079203379695834 ], [ -100.726130080356612, 27.077882199919618 ], [ -100.737710140205493, 27.084729769881168 ], [ -100.748620979877415, 27.081252820233207 ], [ -100.746183020321041, 27.062355290271149 ], [ -100.735835819945066, 27.047579719557252 ], [ -100.747713539539703, 27.036256779735378 ], [ -100.748530829775206, 27.049152689704179 ], [ -100.765863999656176, 27.063325149866884 ], [ -100.784230000053441, 27.058922290243498 ], [ -100.799436119998163, 27.045830750204789 ], [ -100.809268519773127, 27.056482479817486 ], [ -100.809606830448487, 27.06836783035914 ], [ -100.830561400127479, 27.073885480196932 ], [ -100.83412342031302, 27.195173969675071 ], [ -100.678006219766246, 27.33479730960768 ], [ -100.421361569825535, 27.391957650238059 ] ] ] } },
{ "type": "Feature", "properties": { "code": "19001", "stateCode": "19", "municipalityCode": "001", "name": "Abasolo" }, "geometry": { "type": "Polygon", "coordinates": [ [ [ -100.399221619662029, 25.989102880115556 ], [ -100.371300570294977, 25.982244620382588 ], [ -100.379933690460476, 25.930562719858216 ], [ -100.406525370318136, 25.891094460060891 ], [ -100.425780738782578, 25.893444181300211 ], [ -100.429375909820976, 25.913172629593479 ], [ -100.442702889667771, 25.927980200004558 ], [ -100.451079019868615, 25.931192999772566 ], [ -100.428702450397353, 25.953953319993328 ], [ -100.42101154027111, 25.957404939683148 ], [ -100.399221619662029, 25.989102880115556 ] ] ] } },
{ "type": "Feature", "properties": { "code": "19031", "stateCode": "19", "municipalityCode": "031", "name": "Juárez" }, "geometry": { "type": "Polygon", "coordinates": [ [ [ -100.052043150153708, 25.703227430170717 ], [ -100.037181080169788, 25.69993045009787 ], [ -100.039061710403345, 25.695277220067442 ], [ -99.997722090331592, 25.691755449623521 ], [ -99.994305460015681, 25.689119920303437 ], [ -99.998188779579579, 25.683206120248943 ], [ -99.990121599909315, 25.682308510146726 ], [ -100.003588880045712, 25.666765510106661 ], [ -99.996179480311753, 25.666544630349438 ], [ -100.009035150396244, 25.652188720350956 ], [ -100.055949829805243, 25.661354089662133 ], [ -100.065564660135749, 25.653268460265437 ], [ -100.040238880038046, 25.63766730999922 ], [ -100.042364197624138, 25.620077769667091 ], [ -100.056048520247728, 25.627993570443969 ], [ -100.062814310030404, 25.611409661243322 ], [ -100.074509710071453, 25.610189121159944 ], [ -100.080389049796437, 25.605078381145571 ], [ -100.085772309367229, 25.60688992220425 ], [ -100.086606480432621, 25.601390061153225 ], [ -100.094194110267168, 25.598289980992519 ], [ -100.104381000385146, 25.584517950601271 ], [ -100.090461180495694, 25.57169066014109 ], [ -100.098505450479649, 25.576555600107834 ], [ -100.101818799974396, 25.573568049547834 ], [ -100.097870910416376, 25.569918800234586 ], [ -100.101765250047933, 25.566143119883275 ], [ -100.096886399715387, 25.559742580075632 ], [ -100.106789510032655, 25.568718019719608 ], [ -100.110749169510768, 25.564821630224678 ], [ -100.077309140170584, 25.53389872026046 ], [ -100.073900680090617, 25.540259219744723 ], [ -100.049013769677799, 25.517273369923405 ], [ -100.055314880294517, 25.521096310317311 ], [ -100.060574059648843, 25.515174940291651 ], [ -100.071897290207957, 25.525646521124386 ], [ -100.075865029744136, 25.523357059631085 ], [ -100.073381089875767, 25.521084030376496 ], [ -100.088028050049843, 25.512054459597241 ], [ -100.095122220353446, 25.515481889603578 ], [ -100.101633140158469, 25.513926749595896 ], [ -100.107081600364083, 25.516584969731596 ], [ -100.111381090446429, 25.524330940271387 ], [ -100.12342983040898, 25.522007680416316 ], [ -100.122550489535627, 25.527086320202503 ], [ -100.127725490466801, 25.5307398201819 ], [ -100.125177000019292, 25.531990580182118 ], [ -100.127013459667651, 25.534990879908378 ], [ -100.134175450411732, 25.53661882958901 ], [ -100.162464170354539, 25.525024369997642 ], [ -100.162702019872199, 25.528838970253858 ], [ -100.16927731007894, 25.531123480273326 ], [ -100.173558749607551, 25.537961940292941 ], [ -100.17926263002478, 25.53028705019894 ], [ -100.200025167780836, 25.551724421260023 ], [ -100.21641324882313, 25.581178751628098 ], [ -100.234631828805604, 25.60309460130588 ], [ -100.243231118785985, 25.61697452085253 ], [ -100.242075231971072, 25.624772724615472 ], [ -100.209237205784419, 25.623092049966971 ], [ -100.208672833424487, 25.62083755742783 ], [ -100.187305669376059, 25.636399581134867 ], [ -100.12536328717681, 25.672002497503399 ], [ -100.116361378508415, 25.703249049985086 ], [ -100.052982320036506, 25.697456349938204 ], [ -100.052043150153708, 25.703227430170717 ] ] ] } },
{ "type": "Feature", "properties": { "code": "19015", "stateCode": "19", "municipalityCode": "015", "name": "Doctor Coss" }, "geometry": { "type": "Polygon", "coordinates": [ [ [ -99.02387220048044, 26.104102449996624 ], [ -98.900751950201553, 25.968322740139211 ], [ -98.845908599609913, 26.024527779824762 ], [ -98.803481489647709, 26.032518979671366 ], [ -98.792372200382687, 26.032066169979778 ], [ -98.791646820073225, 25.975196400427432 ], [ -99.007304219533665, 25.838450249729895 ], [ -99.185525880140588, 25.86842191013206 ], [ -99.186056199857617, 25.877482310118104 ], [ -99.182217420002473, 25.881540660276354 ], [ -99.189304509771517, 25.884175179879083 ], [ -99.1881883403248, 25.888374779785995 ], [ -99.183467709702498, 25.890333630155666 ], [ -99.188092050177829, 25.893945880205912 ], [ -99.182655860461296, 25.902808540164443 ], [ -99.192196890076687, 25.906612370350544 ], [ -99.187034180256632, 25.919805169885954 ], [ -99.194382970299827, 25.922465310248732 ], [ -99.195155199529651, 25.927456780417796 ], [ -99.193577569579745, 25.930704650781394 ], [ -99.182926869734331, 25.931881251103704 ], [ -99.183940340475147, 25.949820719737975 ], [ -99.188488050398362, 25.958641489610226 ], [ -99.185749799933362, 25.967461679944485 ], [ -99.179236889688866, 25.968597179822478 ], [ -99.178255680008803, 25.978054089956562 ], [ -99.171397139871161, 25.978377880147026 ], [ -99.17253140003352, 25.986271450253689 ], [ -99.178727399734228, 25.986956689929407 ], [ -99.183014719753146, 25.982943800276999 ], [ -99.185945739877951, 25.990810460235011 ], [ -99.192172800108352, 25.993198830063193 ], [ -99.194641199874226, 25.999518970422692 ], [ -99.192201619927957, 26.00460188007974 ], [ -99.198108800123961, 26.024383890291759 ], [ -99.189731679712281, 26.029831720402392 ], [ -99.186544689841838, 26.040699080107405 ], [ -99.193674539997886, 26.045242890263722 ], [ -99.188871910100815, 26.053522379608612 ], [ -99.191554342007962, 26.060680240469445 ], [ -99.188292219714356, 26.064387050277336 ], [ -99.194353150416475, 26.066000710038271 ], [ -99.190903089889247, 26.073132779836499 ], [ -99.170676860095469, 26.077988880126341 ], [ -99.162122139780237, 26.070618420005705 ], [ -99.160077480202403, 26.061229549987143 ], [ -99.144246949620097, 26.061369749861786 ], [ -99.141148819881806, 26.053029489986681 ], [ -99.128998709804407, 26.053418340057188 ], [ -99.123982800251653, 26.056666740068543 ], [ -99.132064600244505, 26.064308749658061 ], [ -99.131850370174362, 26.068039309561168 ], [ -99.119892369633803, 26.066513890189409 ], [ -99.115452689543915, 26.075409320207182 ], [ -99.109346020182883, 26.078747740042967 ], [ -99.095026030126377, 26.080560260309927 ], [ -99.09323814994022, 26.077311140440916 ], [ -99.096313580441858, 26.072383919876966 ], [ -99.0915730599759, 26.069925739870811 ], [ -99.076899940066653, 26.071775419947041 ], [ -99.074523350017813, 26.078785399703388 ], [ -99.062535350337996, 26.080135430051772 ], [ -99.062818940265615, 26.090533090189762 ], [ -99.046076890234218, 26.098507030413671 ], [ -99.037252750192181, 26.093470220417615 ], [ -99.025242650480664, 26.093359909794994 ], [ -99.021675689712339, 26.098413800130565 ], [ -99.02387220048044, 26.104102449996624 ] ] ] } },
{ "type": "Feature", "properties": { "code": "19043", "stateCode": "19", "municipalityCode": "043", "name": "Rayones" }, "geometry": { "type": "Polygon", "coordinates": [ [ [ -100.238698599575457, 25.270189950365538 ], [ -100.226254920491229, 25.267262259924074 ], [ -100.210135319549181, 25.269499569913751 ], [ -100.171068249666092, 25.223785889820515 ], [ -100.155967020268307, 25.202006780110231 ], [ -100.156812370103438, 25.190467939763071 ], [ -100.109991219745837, 25.127931980151544 ], [ -100.095421629807518, 25.114941029575636 ], [ -100.096538569645645, 25.096574519576535 ], [ -100.070349309966645, 25.114439310282091 ], [ -100.06406443004434, 25.110753820117765 ], [ -100.056930080437184, 25.098857769630285 ], [ -100.052544280042156, 25.080955490350462 ], [ -100.04329167985243, 25.075551749944729 ], [ -100.041218369699209, 25.069590939801497 ], [ -100.030368690098896, 25.069664349554145 ], [ -100.027029149915393, 25.057609919701715 ], [ -100.020278979621196, 25.056669420310815 ], [ -100.023827949807185, 25.06943013963658 ], [ -100.019279579862229, 25.07113662035389 ], [ -100.019214749582943, 25.07493236998932 ], [ -100.000510829692104, 25.079439029789746 ], [ -99.985275710177064, 25.069975749925849 ], [ -99.991584149748135, 25.060111430108883 ], [ -99.987507260476562, 25.052142539930877 ], [ -99.98954004959549, 25.050208149970011 ], [ -99.98409274015107, 25.049951799584221 ], [ -99.981802649964337, 25.045575679937457 ], [ -99.987315510383965, 25.044083029626176 ], [ -99.946648860407578, 24.919756540220604 ], [ -99.937020649856137, 24.915170800062864 ], [ -99.941944720334661, 24.907498059993468 ], [ -99.93657274973981, 24.900920459914243 ], [ -99.938109689996793, 24.897701380003973 ], [ -99.949549119837855, 24.893331970284063 ], [ -99.956972659747478, 24.89691178026666 ], [ -99.963029679763736, 24.89158490991171 ], [ -99.968738889751179, 24.891582860071804 ], [ -99.968307649508532, 24.880374919753315 ], [ -99.989924150218513, 24.904083769661664 ], [ -100.065781650137183, 24.889928859845408 ], [ -100.081925690085939, 24.911010969635928 ], [ -100.129558799718239, 24.944153080048352 ], [ -100.159736970476388, 25.013597740265219 ], [ -100.165531150411482, 25.009817459977675 ], [ -100.175614940018605, 25.014319249956092 ], [ -100.184437939721121, 25.020737199641793 ], [ -100.18824231960923, 25.029179450407639 ], [ -100.200345620173707, 25.020510880301909 ], [ -100.213781950325711, 25.045388600437096 ], [ -100.226352860067038, 25.053069509784905 ], [ -100.226536349589438, 25.061608919857228 ], [ -100.238927219603852, 25.065265650026742 ], [ -100.24593407965915, 25.077218769578355 ], [ -100.244747420269235, 25.081480689628901 ], [ -100.255167979688082, 25.096154690253908 ], [ -100.257830249781648, 25.094383829777801 ], [ -100.263082309684961, 25.098362539875865 ], [ -100.263425459885596, 25.105461370425335 ], [ -100.2721187999839, 25.109796919829353 ], [ -100.253458449576883, 25.130564219675087 ], [ -100.297796879582251, 25.152566340324633 ], [ -100.322929650308552, 25.170720049993182 ], [ -100.326102079684375, 25.185487049718461 ], [ -100.33200741991358, 25.186285219702185 ], [ -100.325550120362536, 25.222258750617904 ], [ -100.305283619404918, 25.213417229824863 ], [ -100.261383509363085, 25.207070570709845 ], [ -100.229575599413778, 25.2179165112763 ], [ -100.24719536875817, 25.230174490364501 ], [ -100.244686458630127, 25.228986600819816 ], [ -100.234420508662964, 25.235496429861829 ], [ -100.262510119961917, 25.254022799902966 ], [ -100.253941600151535, 25.265567650757031 ], [ -100.238698599575457, 25.270189950365538 ] ] ] } },
{ "type": "Feature", "properties": { "code": "19048", "stateCode": "19", "municipalityCode": "048", "name": "Santa Catarina" }, "geometry": { "type": "Polygon", "coordinates": [ [ [ -100.506862059678539, 25.750019320450644 ], [ -100.495367830363293, 25.740486090599113 ], [ -100.476621089962691, 25.7318580806268 ], [ -100.427451940461296, 25.715678940283343 ], [ -100.423012539784864, 25.695210370251836 ], [ -100.416013170484661, 25.691261999992481 ], [ -100.42461622033116, 25.636590290021918 ], [ -100.368599379791362, 25.605384769825847 ], [ -100.329337400463729, 25.57680922966621 ], [ -100.317021080218822, 25.571841179564611 ], [ -100.318847800453753, 25.560835249962615 ], [ -100.314666619690612, 25.558917919867422 ], [ -100.318346629810989, 25.547195230136452 ], [ -100.303205200123415, 25.539318219942398 ], [ -100.299644249838067, 25.532757260157549 ], [ -100.294420090059816, 25.528891059743739 ], [ -100.288592800453728, 25.52918131956492 ], [ -100.286583800268104, 25.523641580108094 ], [ -100.278116109617145, 25.519456020017333 ], [ -100.270972140471187, 25.50765271043829 ], [ -100.27335385037081, 25.501871889676526 ], [ -100.266088309808666, 25.497933139785083 ], [ -100.257621980359644, 25.482134450427669 ], [ -100.249899579736507, 25.445342970007427 ], [ -100.238720649519564, 25.429515110263992 ], [ -100.271859940215208, 25.419275949938697 ], [ -100.275880719869804, 25.419908119742757 ], [ -100.275277459727562, 25.424411420316844 ], [ -100.296050289718551, 25.413528659965149 ], [ -100.326252520140841, 25.430313059938833 ], [ -100.344808060108974, 25.434975889636124 ], [ -100.386698509843725, 25.455841859916077 ], [ -100.403604119594235, 25.469010769818635 ], [ -100.414197829524596, 25.451368509750363 ], [ -100.417512939712012, 25.451933819956746 ], [ -100.423175739581623, 25.444495220349189 ], [ -100.419542950412392, 25.442220310003208 ], [ -100.425524399698318, 25.435844030352651 ], [ -100.443730139541827, 25.434950090435798 ], [ -100.457693830001332, 25.43788273991203 ], [ -100.4720783399612, 25.453791689805168 ], [ -100.477053650309102, 25.451416420061538 ], [ -100.530883149632146, 25.463467650027571 ], [ -100.560967118926555, 25.464538400529698 ], [ -100.58488908858719, 25.470813050744404 ], [ -100.579510309230884, 25.494543979575884 ], [ -100.61909057970098, 25.505691080840641 ], [ -100.59975033939719, 25.519959521055892 ], [ -100.529699320181891, 25.514392881234507 ], [ -100.538435908624876, 25.531853920548659 ], [ -100.59429844860469, 25.544374150361087 ], [ -100.614732539397892, 25.542346911152823 ], [ -100.611959769492913, 25.551399370358084 ], [ -100.632901848937905, 25.571299350188546 ], [ -100.690286340475311, 25.567100780124104 ], [ -100.719916479690511, 25.603066950434588 ], [ -100.729772888962259, 25.633895659906464 ], [ -100.723409829029777, 25.626980340213912 ], [ -100.699861478904339, 25.638835709877437 ], [ -100.709071169181897, 25.658353520364159 ], [ -100.669480340337842, 25.662217150430479 ], [ -100.645325429938936, 25.693164750176678 ], [ -100.602452279816276, 25.704414569558452 ], [ -100.602537650401388, 25.713773689755293 ], [ -100.591923970325865, 25.722136429564223 ], [ -100.575735339887572, 25.719225259701261 ], [ -100.565496029678997, 25.701242719894747 ], [ -100.554540480222187, 25.713630849637756 ], [ -100.549474340458474, 25.710109799944746 ], [ -100.534673419654212, 25.727408399854479 ], [ -100.506862059678539, 25.750019320450644 ] ] ] } },
{ "type": "Feature", "properties": { "code": "19047", "stateCode": "19", "municipalityCode": "047", "name": "Hidalgo" }, "geometry": { "type": "Polygon", "coordinates": [ [ [ -100.52290465013796, 26.115146429640031 ], [ -100.475118519508754, 26.087230950149774 ], [ -100.452602659899327, 26.077638770046583 ], [ -100.432290169711919, 26.065274399693966 ], [ -100.418804320289112, 26.052282369747488 ], [ -100.40014423045298, 26.043334019875754 ], [ -100.398471539540125, 26.036967079696662 ], [ -100.383970510383605, 26.02523774975257 ], [ -100.371613080331059, 26.006187739713148 ], [ -100.365945629592375, 25.987107540014616 ], [ -100.369607400105266, 25.982112520358047 ], [ -100.399843709737098, 25.989116859568025 ], [ -100.42101154027111, 25.957404939683148 ], [ -100.428702450397353, 25.953953319993328 ], [ -100.451079019868615, 25.931192999772566 ], [ -100.442702889667771, 25.927980200004558 ], [ -100.429375909820976, 25.913172629593479 ], [ -100.426198399782464, 25.897281619855296 ], [ -100.431366800040962, 25.893745221190926 ], [ -100.44281103028608, 25.890482179723026 ], [ -100.454180078698329, 25.896441889623215 ], [ -100.490187380456206, 25.899070770215239 ], [ -100.497696549816055, 25.902414479802708 ], [ -100.495609630363134, 25.903534119987253 ], [ -100.503089509599548, 25.951626309952331 ], [ -100.485132289903419, 25.98622752020848 ], [ -100.479944799930266, 25.989115340415172 ], [ -100.479013170016344, 25.994656449877777 ], [ -100.48476008017083, 25.996740319980802 ], [ -100.47503424977765, 26.02435192037478 ], [ -100.466170089879242, 26.018137800388114 ], [ -100.458123029635445, 26.032263650224106 ], [ -100.474110229524257, 26.047783430362387 ], [ -100.504970350130492, 26.068690850161509 ], [ -100.538337550365085, 26.099853879596431 ], [ -100.539014110003109, 26.108609460206637 ], [ -100.52290465013796, 26.115146429640031 ] ] ] } },
{ "type": "Feature", "properties": { "code": "19040", "stateCode": "19", "municipalityCode": "040", "name": "Parás" }, "geometry": { "type": "Polygon", "coordinates": [ [ [ -99.661921519599517, 26.90094060043635 ], [ -99.647349150477538, 26.894407540360195 ], [ -99.644333489944216, 26.885567650388577 ], [ -99.636931779716761, 26.887269630128561 ], [ -99.634681339890932, 26.891143739612335 ], [ -99.630030120362974, 26.89029042043375 ], [ -99.631013679764919, 26.883853520238194 ], [ -99.628754889974857, 26.88121627956815 ], [ -99.625226220309926, 26.883001909693409 ], [ -99.627052569854087, 26.870457830402881 ], [ -99.621064090306604, 26.86841474036531 ], [ -99.611219049705056, 26.873475849927146 ], [ -99.591046630184181, 26.862548049732435 ], [ -99.593406569852249, 26.854536540023393 ], [ -99.584356030118315, 26.848095799747906 ], [ -99.5835195703376, 26.832028739699442 ], [ -99.580811910286755, 26.829803450141632 ], [ -99.586847629915283, 26.824821110275519 ], [ -99.589214109519048, 26.814597450091455 ], [ -99.598905689631579, 26.814568420213757 ], [ -99.597060279667403, 26.809607230288542 ], [ -99.603811509779376, 26.807923800086115 ], [ -99.604585220456798, 26.800050980387663 ], [ -99.61285399959911, 26.791630150162742 ], [ -99.61117014985021, 26.782489969637442 ], [ -99.622852479904097, 26.769227769672074 ], [ -99.616143580040003, 26.75436350980717 ], [ -99.618581459591653, 26.726470540209096 ], [ -99.657194829682282, 26.695117979877438 ], [ -99.663196620320647, 26.682911579860015 ], [ -99.659164460340463, 26.670365139667151 ], [ -99.538335249764856, 26.664595619762142 ], [ -99.396824819506733, 26.596565539678171 ], [ -99.409832149588212, 26.442836800399359 ], [ -99.414242980222383, 26.444806380088867 ], [ -99.415692649892961, 26.438169689851946 ], [ -99.421263289834457, 26.437654370311776 ], [ -99.429690539667178, 26.443256460447699 ], [ -99.433295600499548, 26.44178291996748 ], [ -99.446740630019221, 26.445977289668374 ], [ -99.459642110262038, 26.439881179658634 ], [ -99.465767199848102, 26.442628429875594 ], [ -99.462434459492513, 26.403308290313237 ], [ -99.474391260495025, 26.39943258033318 ], [ -99.475541629762688, 26.388604089829926 ], [ -99.577945059879198, 26.413557320194883 ], [ -99.576777599592134, 26.404807459907627 ], [ -99.579862690138398, 26.400233020024835 ], [ -99.589239110053683, 26.404781370054739 ], [ -99.590039549741235, 26.409729369870728 ], [ -99.610884200121717, 26.4086668801983 ], [ -99.610447079795037, 26.398034090025511 ], [ -99.598907619772405, 26.391921569591567 ], [ -99.598817739874733, 26.388372109800837 ], [ -99.606457060007671, 26.387152519765905 ], [ -99.606176919551515, 26.389302119871761 ], [ -99.618776859496322, 26.391082780137545 ], [ -99.620363739517785, 26.394788779812025 ], [ -99.653376220114524, 26.388558489797795 ], [ -99.643248150404503, 26.351107249584132 ], [ -99.663976049499865, 26.351084030228598 ], [ -99.664018949886398, 26.340124120241367 ], [ -99.670992349828154, 26.340113490113733 ], [ -99.671012820288368, 26.344221599868121 ], [ -99.674374580139769, 26.344321740424657 ], [ -99.674409230029795, 26.352454520188562 ], [ -99.688622139997506, 26.352435779630071 ], [ -99.688704519858717, 26.363116030423267 ], [ -99.721747679734705, 26.363096679630296 ], [ -99.7215165100219, 26.368967630370435 ], [ -99.714510399777126, 26.368863480192086 ], [ -99.71444339956561, 26.374012890407908 ], [ -99.725646460308482, 26.374139749647814 ], [ -99.730918379975805, 26.36781233996583 ], [ -99.735660480322949, 26.373582140424755 ], [ -99.728746850121468, 26.380119309635788 ], [ -99.735899379717878, 26.389630280308815 ], [ -99.735423890124935, 26.394495480305494 ], [ -99.721597000139028, 26.410188879905334 ], [ -99.727920880235956, 26.415310510065606 ], [ -99.724788919501094, 26.42185138013642 ], [ -99.728565339859529, 26.423332290033926 ], [ -99.730572909552947, 26.430081020436841 ], [ -99.7278353502345, 26.434392149938255 ], [ -99.722730089714588, 26.435184339644419 ], [ -99.719909940138336, 26.442925110316086 ], [ -99.724405119554874, 26.470996000305437 ], [ -99.721045029552158, 26.482597090336263 ], [ -99.724249859997684, 26.483783690354333 ], [ -99.719194750406118, 26.541995920131328 ], [ -99.712551180157362, 26.541561170094099 ], [ -99.714393910442624, 26.571616719837127 ], [ -99.688575799684259, 26.579626199986802 ], [ -99.690301909908314, 26.599888119803918 ], [ -99.683003400054673, 26.607724539896711 ], [ -99.695803649831731, 26.612827830321304 ], [ -99.707929599950162, 26.598262999650384 ], [ -99.734180340379737, 26.67189406020961 ], [ -99.801477819502963, 26.69071403005643 ], [ -99.778287059847798, 26.744713769727859 ], [ -99.749581779767908, 26.734278060354228 ], [ -99.714951230042416, 26.800057289564545 ], [ -99.704679890427741, 26.793446250072382 ], [ -99.68338111032682, 26.824636879595612 ], [ -99.714020710430816, 26.842288660418511 ], [ -99.682057180197333, 26.888812820115987 ], [ -99.678133289742036, 26.889948109824658 ], [ -99.67886292021042, 26.895786830250106 ], [ -99.666661969556316, 26.89446626022912 ], [ -99.661921519599517, 26.90094060043635 ] ] ] } },
{ "type": "Feature", "properties": { "code": "19037", "stateCode": "19", "municipalityCode": "037", "name": "Mina" }, "geometry": { "type": "Polygon", "coordinates": [ [ [ -100.75303544994533, 26.735207799711436 ], [ -100.69181185997364, 26.609953680297988 ], [ -100.676556510104703, 26.587596020132256 ], [ -100.655109739917194, 26.567605450192158 ], [ -100.64880604980398, 26.552051800185097 ], [ -100.640257680302994, 26.541806949624867 ], [ -100.635821029965015, 26.528924829746202 ], [ -100.636887110335849, 26.521401680041958 ], [ -100.609824319852109, 26.524024260414077 ], [ -100.618968710211618, 26.499320420095337 ], [ -100.619644999892614, 26.493239290387887 ], [ -100.616745249921181, 26.49325217970673 ], [ -100.621219320469422, 26.479070199588847 ], [ -100.613576629807028, 26.47825977001477 ], [ -100.614248709654845, 26.466142690377065 ], [ -100.621268569515735, 26.465645710126349 ], [ -100.613792150347734, 26.456715029635792 ], [ -100.615417769843958, 26.44598869044869 ], [ -100.623734170091538, 26.431871080423736 ], [ -100.514623119555878, 26.433278710074006 ], [ -100.511228449811441, 26.429062059576381 ], [ -100.515010539729488, 26.413282199841674 ], [ -100.508569049695737, 26.40861324974491 ], [ -100.506886980497427, 26.397723489914359 ], [ -100.502463380121796, 26.393260779710491 ], [ -100.507045320109313, 26.38890732013499 ], [ -100.499778720386644, 26.386832479803839 ], [ -100.495933999796634, 26.381493459705037 ], [ -100.503655000314339, 26.368807350166861 ], [ -100.488295020502662, 26.359133539759242 ], [ -100.489640650099687, 26.354628249789606 ], [ -100.481659109696622, 26.346444120367995 ], [ -100.471363509578083, 26.342411050259212 ], [ -100.479856320435388, 26.335484059677423 ], [ -100.472002230491995, 26.33357774000207 ], [ -100.475656219934407, 26.323811309930971 ], [ -100.462992459710975, 26.301897109794886 ], [ -100.466703570213184, 26.296876710023867 ], [ -100.462726309798768, 26.289036950402114 ], [ -100.45188145972044, 26.280596309801982 ], [ -100.449209549938729, 26.269604229912684 ], [ -100.448759630319998, 26.259104540425117 ], [ -100.46416142963281, 26.256211880392939 ], [ -100.499835349645224, 26.212328450431603 ], [ -100.503680779692317, 26.211207199941338 ], [ -100.505320029545885, 26.20606992033386 ], [ -100.500904720219211, 26.201828689912379 ], [ -100.521999030070816, 26.210446509811394 ], [ -100.564892479759877, 26.123343080139463 ], [ -100.539548419790989, 26.107857850305457 ], [ -100.538337550365085, 26.099853879596431 ], [ -100.504970350130492, 26.068690850161509 ], [ -100.474110229524257, 26.047783430362387 ], [ -100.458123029635445, 26.032263650224106 ], [ -100.466170089879242, 26.018137800388114 ], [ -100.47503424977765, 26.02435192037478 ], [ -100.48476008017083, 25.996740319980802 ], [ -100.479013170016344, 25.994656449877777 ], [ -100.479944799930266, 25.989115340415172 ], [ -100.485132289903419, 25.98622752020848 ], [ -100.503089509599548, 25.951626309952331 ], [ -100.495609630363134, 25.903534119987253 ], [ -100.503995029771843, 25.900808940325078 ], [ -100.523585219680186, 25.905873619632807 ], [ -100.574767829583507, 25.881428150409807 ], [ -100.600539569662601, 25.873316370185464 ], [ -100.611614149614965, 25.862735849682306 ], [ -100.61195567962173, 25.947669829713146 ], [ -100.617438980245694, 25.9670791200429 ], [ -100.647500540258591, 25.958732380170705 ], [ -100.657304180242733, 25.950078420020425 ], [ -100.66568034026534, 25.951883230454523 ], [ -100.669347599731637, 25.946664220086024 ], [ -100.675248690048434, 25.950509450021372 ], [ -100.720401510455744, 25.944722710090165 ], [ -100.737434220156359, 25.983477920287722 ], [ -100.753901600110837, 25.96043315011028 ], [ -100.775000180118184, 25.950218950132886 ], [ -100.816152619570119, 25.939954679585586 ], [ -100.818255970489872, 25.950085779568436 ], [ -100.824304799610104, 25.944112719970825 ], [ -100.876878660109313, 25.94721917033155 ], [ -100.905531649831588, 25.956945710148521 ], [ -100.904606088975555, 26.008702230225381 ], [ -100.916415660081029, 26.075610550551044 ], [ -100.94289801898411, 26.086789060095192 ], [ -100.942639428580307, 26.090618051271164 ], [ -100.982742049910755, 26.139477200123377 ], [ -101.047398178607239, 26.169846019813995 ], [ -101.068574659132551, 26.189031031078013 ], [ -101.097619690188495, 26.252910420075079 ], [ -101.206762710050612, 26.369778200344545 ], [ -100.905091170310328, 26.608638109616251 ], [ -100.75303544994533, 26.735207799711436 ] ] ] } },
{ "type": "Feature", "properties": { "code": "19027", "stateCode": "19", "municipalityCode": "027", "name": "Los Herreras" }, "geometry": { "type": "Polygon", "coordinates": [ [ [ -99.395970509881309, 26.094929430377679 ], [ -99.380343080085765, 26.093892740314658 ], [ -99.365163349888206, 26.061138080200674 ], [ -99.365734049625431, 26.054245740074446 ], [ -99.361732259632049, 26.053824830070184 ], [ -99.334251260262022, 25.993512149889469 ], [ -99.335923980009099, 25.938828280237793 ], [ -99.334826879570301, 25.931815920434531 ], [ -99.331999220265274, 25.930684860350127 ], [ -99.332287819701079, 25.914419550388999 ], [ -99.313105830007331, 25.925465679713362 ], [ -99.308019600330084, 25.921263320079042 ], [ -99.305020289970457, 25.907191770440228 ], [ -99.298155749725964, 25.899397779571377 ], [ -99.287814800135124, 25.899929200256654 ], [ -99.28157334009768, 25.90484022965402 ], [ -99.28135526021515, 25.842008519624056 ], [ -99.275596340192109, 25.838079340096371 ], [ -99.36012503048606, 25.782826229569732 ], [ -99.41634951993872, 25.847759750230058 ], [ -99.417743570404255, 25.842893229555024 ], [ -99.428508339775064, 25.842899510031316 ], [ -99.426711110099887, 25.836150620178987 ], [ -99.429957489797886, 25.833762310172382 ], [ -99.439014860429438, 25.840035400026043 ], [ -99.443389419949767, 25.837727879893077 ], [ -99.453418819800348, 25.842283849576035 ], [ -99.477468780147362, 25.8209382500911 ], [ -99.481716680074626, 25.822252149898141 ], [ -99.488317230058456, 25.816221780224225 ], [ -99.503135999626537, 25.846912139877062 ], [ -99.560534829719046, 25.831168649882375 ], [ -99.560655249524416, 25.83793715023177 ], [ -99.551014199644612, 25.840970110145239 ], [ -99.553651659594323, 25.849200429582567 ], [ -99.540116140475547, 25.854611479579681 ], [ -99.538649910143832, 25.858942059772506 ], [ -99.538027420101287, 25.912767309658637 ], [ -99.520328459638989, 25.923560739832027 ], [ -99.560995000460778, 25.994053320417265 ], [ -99.544327979545969, 25.994364910213189 ], [ -99.542086880214669, 26.003445109807267 ], [ -99.532328879930134, 26.002387430269319 ], [ -99.529588319855506, 25.998181149910959 ], [ -99.524085720378153, 25.997176020356349 ], [ -99.509213430144442, 25.998442980175252 ], [ -99.495887579605593, 25.994174219979037 ], [ -99.443387340207451, 25.992663800053098 ], [ -99.404217660327546, 26.005356379798251 ], [ -99.395970509881309, 26.094929430377679 ] ] ] } },
{ "type": "Feature", "properties": { "code": "19020", "stateCode": "19", "municipalityCode": "020", "name": "General Bravo" }, "geometry": { "type": "Polygon", "coordinates": [ [ [ -98.823255689837865, 26.047631150119678 ], [ -98.746287220090068, 26.038041200145891 ], [ -98.746729050366085, 26.035181539878355 ], [ -98.740470169511781, 26.034458510144606 ], [ -98.741150490498313, 26.037355709701341 ], [ -98.585126060300311, 26.017917599805585 ], [ -98.58135055035477, 25.705956739810667 ], [ -98.591637630176223, 25.707542909671695 ], [ -98.591565949640128, 25.723991000375243 ], [ -98.602006279527956, 25.708950430138501 ], [ -98.63080042022203, 25.712877310038174 ], [ -98.630933080227507, 25.719213490071656 ], [ -98.633897569667397, 25.716804860270088 ], [ -98.637736449939524, 25.721216860397853 ], [ -98.638207540314667, 25.710541629558364 ], [ -98.648442829997563, 25.710965000350601 ], [ -98.647715050494753, 25.702379199969137 ], [ -98.668753430187905, 25.705215339975776 ], [ -98.673767540394991, 25.72029992010863 ], [ -98.690818180058798, 25.721810229949948 ], [ -98.690485510235618, 25.65533451009988 ], [ -98.729874079538405, 25.639512089811369 ], [ -98.733742689945416, 25.629428890068226 ], [ -98.755749029870429, 25.623814170343852 ], [ -98.75081889029822, 25.630245109908422 ], [ -98.752648169915474, 25.635626380281217 ], [ -98.762820170341953, 25.631422850086921 ], [ -98.769800489867919, 25.638953819682332 ], [ -98.778603259552554, 25.636802779820506 ], [ -98.783168829593791, 25.655342169603934 ], [ -98.785803719616894, 25.651309379597386 ], [ -98.795493630062168, 25.653531120188216 ], [ -98.804787090343169, 25.642984179802827 ], [ -98.816439380388942, 25.65208971979143 ], [ -98.820745769849353, 25.651643780183004 ], [ -98.837610890008662, 25.627081769917552 ], [ -98.854138890268629, 25.627518519830847 ], [ -98.854853980288397, 25.62433457045422 ], [ -98.86003841984585, 25.628315379932655 ], [ -98.878393750143346, 25.630576019858161 ], [ -98.87880455046367, 25.62324742034335 ], [ -98.889927509631761, 25.608823199983139 ], [ -98.924319139838303, 25.617155179550565 ], [ -98.923986630060099, 25.610282800170598 ], [ -98.936256109882137, 25.600984769937835 ], [ -98.991130119673485, 25.651308450292888 ], [ -99.018540180291552, 25.624186519743102 ], [ -99.023953710337281, 25.624713580201565 ], [ -99.068278260297163, 25.647839480056088 ], [ -99.149270180132419, 25.671333090351691 ], [ -99.158450280304493, 25.680293540142603 ], [ -99.182907660162925, 25.722850480003697 ], [ -99.198452220012001, 25.761936310442294 ], [ -99.209012749903437, 25.773163999888858 ], [ -99.210155350052744, 25.783398830022506 ], [ -99.214868020093348, 25.787838690012826 ], [ -99.182540369777044, 25.798253970431634 ], [ -99.189640320386076, 25.81255442958911 ], [ -99.181686599682422, 25.81997619967823 ], [ -99.189776079591823, 25.836985890217189 ], [ -99.183129940145591, 25.84347665002208 ], [ -99.185412229802154, 25.847816880363862 ], [ -99.183663569969823, 25.854150460347398 ], [ -99.189497339503589, 25.861110680297656 ], [ -99.189128969612867, 25.866474170424542 ], [ -99.183301090451337, 25.868228939602076 ], [ -99.007304219533665, 25.838450249729895 ], [ -98.791646820073225, 25.975196400427432 ], [ -98.792372200382687, 26.032066169979778 ], [ -98.807626860209808, 26.032066049802669 ], [ -98.845908599609913, 26.024527779824762 ], [ -98.823255689837865, 26.047631150119678 ] ] ] } },
{ "type": "Feature", "properties": { "code": "19005", "stateCode": "19", "municipalityCode": "005", "name": "Anáhuac" }, "geometry": { "type": "Polygon", "coordinates": [ [ [ -100.187997480207969, 27.798721970439473 ], [ -99.998844829980499, 27.615279399919288 ], [ -99.93268683028441, 27.674420739584953 ], [ -99.843222580227476, 27.769862819759041 ], [ -99.836216199809044, 27.763182999949848 ], [ -99.82660451970024, 27.76422063013986 ], [ -99.822494310450367, 27.766535169719774 ], [ -99.818522819883015, 27.776341139962401 ], [ -99.809423679838645, 27.768260000426427 ], [ -99.801756970197985, 27.742353490357914 ], [ -99.796503400129168, 27.73588217013441 ], [ -99.787523429594316, 27.730500029568365 ], [ -99.774983399603784, 27.733566350188525 ], [ -99.769360680161228, 27.730887880348288 ], [ -99.760778149584979, 27.721504719561498 ], [ -99.756748229960436, 27.711371600071871 ], [ -99.728146739896644, 27.679126220271328 ], [ -99.926418279851006, 27.549156999933942 ], [ -99.919153629515051, 27.491515180426362 ], [ -99.760378819922153, 27.436958719864993 ], [ -99.74767041949444, 27.277246999930309 ], [ -99.678918750181111, 27.102448289763778 ], [ -99.658911659749123, 27.088189080172068 ], [ -99.650052829523958, 27.065857890223636 ], [ -99.734168120343256, 26.920612859671973 ], [ -99.770131489628866, 26.928418219766584 ], [ -99.766668890450177, 26.889841909848808 ], [ -99.775017279518707, 26.88893784981321 ], [ -99.781206289873623, 26.893652479897639 ], [ -99.79274277025317, 26.888700970283065 ], [ -99.793398259698819, 26.880641969682301 ], [ -99.806618350048012, 26.879705650408713 ], [ -99.805773290374873, 26.883214920192675 ], [ -99.797589540432909, 26.886174820366453 ], [ -99.799301110126791, 26.889772909659165 ], [ -99.805214029502352, 26.889289739769936 ], [ -99.813876340120856, 26.880026249741537 ], [ -99.812881169630316, 26.876599319947978 ], [ -99.802424450209486, 26.873946580188075 ], [ -99.803739780126179, 26.871680289954956 ], [ -99.821133090228756, 26.875323780084127 ], [ -99.828757059557603, 26.888855449863033 ], [ -99.832267429587276, 26.887716550042789 ], [ -99.833003550007007, 26.88361057992908 ], [ -99.834662420376674, 26.886772740260898 ], [ -99.838624720463059, 26.886199750347004 ], [ -99.847776079543195, 26.878876139910442 ], [ -99.849846579736436, 26.882711630333233 ], [ -99.844533679589574, 26.88652398036248 ], [ -99.849232459770249, 26.888278249754958 ], [ -99.858782769946998, 26.879774179827077 ], [ -99.865544620097324, 26.877994319783468 ], [ -99.868843309971908, 26.882663520202467 ], [ -99.929156260227757, 26.858309479954521 ], [ -99.936140950067127, 26.873775220044269 ], [ -99.968659819741148, 26.846425490086432 ], [ -100.006087970279481, 26.921004510160785 ], [ -100.002252310186222, 26.924019000422167 ], [ -100.01921062046074, 26.956230379564978 ], [ -100.003154309843836, 26.973931800232332 ], [ -100.000281060299244, 26.985571420065376 ], [ -99.959846540406758, 27.008823550250973 ], [ -99.968979490382438, 27.011001649623633 ], [ -99.974724369912707, 27.00859457034117 ], [ -99.976893030017834, 27.015128120160334 ], [ -99.987740679732951, 27.012553909642978 ], [ -99.993797349988981, 27.016524150083185 ], [ -99.997191689857885, 27.015088920030855 ], [ -100.012000420479112, 27.024427089750695 ], [ -100.017745600490628, 27.017517969829743 ], [ -100.015791739667478, 27.014951549717004 ], [ -100.023415650010762, 27.011404740019351 ], [ -100.046181459832198, 27.010734319583172 ], [ -100.059880429923496, 27.021418139835507 ], [ -100.069153320306796, 27.019450119872772 ], [ -100.071477139792023, 27.013383139792989 ], [ -100.090799940240785, 27.008686290315069 ], [ -100.090842629640363, 27.028914479584628 ], [ -100.121325750190522, 27.02890439971485 ], [ -100.121335690410618, 27.064975740179008 ], [ -100.100983260065107, 27.064999850088252 ], [ -100.101018369695225, 27.101117419728723 ], [ -100.121314419942351, 27.101066380775048 ], [ -100.121472780446311, 27.13721483090713 ], [ -100.171862079984209, 27.137164221302918 ], [ -100.171908259691151, 27.182255280980304 ], [ -100.18194037959428, 27.1822768906984 ], [ -100.182026260239596, 27.218464659707788 ], [ -100.25275699990793, 27.218431980328621 ], [ -100.252726310328924, 27.24546991003924 ], [ -100.283131220450343, 27.245412909957551 ], [ -100.303623769542938, 27.263715089955618 ], [ -100.303295969999112, 27.273751970851418 ], [ -100.31867725033571, 27.276534000103343 ], [ -100.322337969873061, 27.292800850682976 ], [ -100.346827199499529, 27.292823420905147 ], [ -100.350036489720011, 27.300421600397158 ], [ -100.35639659977204, 27.300149140606901 ], [ -100.359811719749942, 27.307247550090132 ], [ -100.379237650400029, 27.321233231061246 ], [ -100.384768970070539, 27.334311140451042 ], [ -100.399729340140993, 27.340107971101581 ], [ -100.398314060360377, 27.356506909593719 ], [ -100.388247850036365, 27.361379259888032 ], [ -100.385776969516499, 27.371055490506464 ], [ -100.400821420227558, 27.37320401959391 ], [ -100.409100229939597, 27.387768910037565 ], [ -100.417104320208097, 27.388637909688555 ], [ -100.421909230107531, 27.392685000907598 ], [ -100.417699549848038, 27.393632750683345 ], [ -100.350609849851907, 27.684598550429381 ], [ -100.187997480207969, 27.798721970439473 ] ] ] } },
{ "type": "Feature", "properties": { "code": "19019", "stateCode": "19", "municipalityCode": "019", "name": "San Pedro Garza García" }, "geometry": { "type": "Polygon", "coordinates": [ [ [ -100.427451940461296, 25.715678940283343 ], [ -100.403684950455101, 25.702490950424252 ], [ -100.39766578002191, 25.694466890391418 ], [ -100.398162090273033, 25.676793850247197 ], [ -100.395442678739641, 25.673192051425723 ], [ -100.380420349088183, 25.667759910087014 ], [ -100.366779710024275, 25.668069621355478 ], [ -100.363486858566901, 25.671055080620921 ], [ -100.312901939583426, 25.646999740470225 ], [ -100.344122380270036, 25.589792509667525 ], [ -100.42461622033116, 25.636590290021918 ], [ -100.416013170484661, 25.691261999992481 ], [ -100.423012539784864, 25.695210370251836 ], [ -100.427451940461296, 25.715678940283343 ] ] ] } },
{ "type": "Feature", "properties": { "code": "19041", "stateCode": "19", "municipalityCode": "041", "name": "Pesquería" }, "geometry": { "type": "Polygon", "coordinates": [ [ [ -100.114736089748178, 25.836469979841638 ], [ -100.065865428891755, 25.816099339797507 ], [ -100.059472738883969, 25.818577570731488 ], [ -100.05908794049185, 25.815590060303865 ], [ -100.031265349976806, 25.82402531991001 ], [ -100.031301579505026, 25.816778230842754 ], [ -100.018403998847461, 25.803475051140648 ], [ -100.00299597864155, 25.79903963011445 ], [ -99.993269659638358, 25.799695619765018 ], [ -99.992935000428972, 25.791000020491811 ], [ -99.988854709579272, 25.784754430280529 ], [ -99.990110540288782, 25.774837980155521 ], [ -99.979412219756952, 25.765024289765581 ], [ -99.964363019652566, 25.76556183029809 ], [ -99.93289418049423, 25.752182620007023 ], [ -99.908312630026884, 25.754280569720141 ], [ -99.842855520291025, 25.737688180290913 ], [ -99.827736888576496, 25.73923568029792 ], [ -99.798475619775203, 25.724988710281412 ], [ -99.791219419829147, 25.711430720341593 ], [ -99.77919886040911, 25.711017139890973 ], [ -99.766612890470995, 25.695194320111952 ], [ -99.773716109867507, 25.683699180264679 ], [ -99.778551749599274, 25.681152510226138 ], [ -99.782074800417334, 25.671416139825798 ], [ -99.787309599513748, 25.673168139786959 ], [ -99.79990235041231, 25.657564179841597 ], [ -99.802758289847091, 25.657952059743604 ], [ -99.796800740173609, 25.668954460439618 ], [ -99.798931310479517, 25.672942319739175 ], [ -99.810159619557311, 25.671638910153263 ], [ -99.820504259800501, 25.659149080090643 ], [ -99.831135120009492, 25.659244619861262 ], [ -99.831151220258008, 25.66840296959305 ], [ -99.846685019835022, 25.673362539719928 ], [ -99.849447539862055, 25.684947940180646 ], [ -99.871607769786593, 25.684386399765145 ], [ -99.88321690966788, 25.69085851955877 ], [ -99.899597370247847, 25.69186896991847 ], [ -99.90048365034319, 25.687824109909322 ], [ -99.907228349968221, 25.686327049760166 ], [ -99.927953650348769, 25.6945624596637 ], [ -99.945431630428757, 25.69346517999919 ], [ -99.949627490397162, 25.690596370174468 ], [ -99.960732520095419, 25.690942260249599 ], [ -99.966257429746321, 25.682284799904764 ], [ -99.977479229590301, 25.67846163006347 ], [ -99.987384709780429, 25.683276660236729 ], [ -99.998188779579579, 25.683206120248943 ], [ -99.994305460015681, 25.689119920303437 ], [ -99.997722090331592, 25.691755449623521 ], [ -100.039061710403345, 25.695277220067442 ], [ -100.036453749526046, 25.699237829633354 ], [ -100.042365980179454, 25.702107849937985 ], [ -100.052510230111878, 25.703274350096656 ], [ -100.052982320036506, 25.697456349938204 ], [ -100.072404340243992, 25.701033460269517 ], [ -100.106823919584016, 25.701409800327593 ], [ -100.109717089325031, 25.708237890029292 ], [ -100.115609460011711, 25.709131110692528 ], [ -100.115015880347599, 25.715700080089771 ], [ -100.124908118606768, 25.71622236990035 ], [ -100.124298549396556, 25.734620260871516 ], [ -100.148573818479349, 25.731089433899971 ], [ -100.135556338908074, 25.738081152317612 ], [ -100.135188079036482, 25.743250659670913 ], [ -100.104940059814268, 25.767824599711044 ], [ -100.101221709613867, 25.785071770946047 ], [ -100.102116219569922, 25.790898950428321 ], [ -100.105699379312966, 25.792429000341865 ], [ -100.101173418758435, 25.800370969955779 ], [ -100.120690579740895, 25.813505400372669 ], [ -100.128072139788088, 25.814557751141173 ], [ -100.131869750382918, 25.821067181337614 ], [ -100.130244689599124, 25.830339220608561 ], [ -100.114736089748178, 25.836469979841638 ] ] ] } },
{ "type": "Feature", "properties": { "code": "19008", "stateCode": "19", "municipalityCode": "008", "name": "Bustamante" }, "geometry": { "type": "Polygon", "coordinates": [ [ [ -100.607978419888255, 26.710873490028803 ], [ -100.490921349890726, 26.671524110281162 ], [ -100.487588029783268, 26.632173349599277 ], [ -100.467100720138362, 26.640950820232469 ], [ -100.441143939579376, 26.584811739949505 ], [ -100.476151280024169, 26.57082813995526 ], [ -100.481717819675836, 26.584420079754246 ], [ -100.482070119946954, 26.572980599886225 ], [ -100.456985509839413, 26.525387850129583 ], [ -100.438475229967906, 26.514297219904503 ], [ -100.450156350444416, 26.507762879822739 ], [ -100.453195599895992, 26.512736490272815 ], [ -100.460286249715651, 26.50520642963486 ], [ -100.501466380494577, 26.486042880093358 ], [ -100.521175999656933, 26.443239629775302 ], [ -100.514623119555878, 26.433278710074006 ], [ -100.623734170091538, 26.431871080423736 ], [ -100.615417769843958, 26.44598869044869 ], [ -100.613792150347734, 26.456715029635792 ], [ -100.621268569515735, 26.465645710126349 ], [ -100.614248709654845, 26.466142690377065 ], [ -100.613576629807028, 26.47825977001477 ], [ -100.621219320469422, 26.479070199588847 ], [ -100.616745249921181, 26.49325217970673 ], [ -100.619644999892614, 26.493239290387887 ], [ -100.618968710211618, 26.499320420095337 ], [ -100.609824319852109, 26.524024260414077 ], [ -100.636887110335849, 26.521401680041958 ], [ -100.636947850113899, 26.533595879707814 ], [ -100.655109739917194, 26.567605450192158 ], [ -100.676556510104703, 26.587596020132256 ], [ -100.69181185997364, 26.609953680297988 ], [ -100.696092979922085, 26.623354650065604 ], [ -100.691228889850279, 26.613789420299554 ], [ -100.614400199787795, 26.685638890363091 ], [ -100.607978419888255, 26.710873490028803 ] ] ] } },
{ "type": "Feature", "properties": { "code": "19026", "stateCode": "19", "municipalityCode": "026", "name": "Guadalupe" }, "geometry": { "type": "Polygon", "coordinates": [ [ [ -100.206942796520494, 25.731779390795491 ], [ -100.178400302428059, 25.729392493278855 ], [ -100.184614363920886, 25.712449477576811 ], [ -100.176499343418953, 25.711580069076202 ], [ -100.173688758169348, 25.707387072985949 ], [ -100.158267702388841, 25.705793628655368 ], [ -100.154455451857416, 25.708298014305278 ], [ -100.154986334157329, 25.704340428716737 ], [ -100.1412716617169, 25.701891392525788 ], [ -100.138895728124268, 25.704913232491108 ], [ -100.138714008480918, 25.701474110023035 ], [ -100.131471090435511, 25.700613860106969 ], [ -100.13107415279049, 25.697302797610657 ], [ -100.123074373037667, 25.694097340683204 ], [ -100.120523091156883, 25.696743276753093 ], [ -100.122599164103264, 25.697916719372916 ], [ -100.117224647638693, 25.696643892224657 ], [ -100.124629832234803, 25.672518480432007 ], [ -100.187305669376101, 25.636399581134857 ], [ -100.208672833424444, 25.620837557427805 ], [ -100.209237205784376, 25.623092049967024 ], [ -100.243269938607341, 25.62611017043433 ], [ -100.269450887032875, 25.621475310937988 ], [ -100.272813576909869, 25.625664139900785 ], [ -100.269283708519907, 25.640390281242862 ], [ -100.274329706879072, 25.646577171249042 ], [ -100.268170578679019, 25.649976549980799 ], [ -100.273570088472965, 25.655679890640563 ], [ -100.268981599329138, 25.66032082098025 ], [ -100.274224509471196, 25.67352876993051 ], [ -100.271721949921172, 25.676437226428902 ], [ -100.275936940102454, 25.676332459678957 ], [ -100.270908349111608, 25.681435828510317 ], [ -100.261273119215375, 25.68265507968119 ], [ -100.26180213326316, 25.701326166888162 ], [ -100.2541572237362, 25.70620875966679 ], [ -100.232530250294971, 25.710849252441953 ], [ -100.232289479695524, 25.713134518446513 ], [ -100.218924517479209, 25.711727332099265 ], [ -100.203813804831199, 25.718154860322738 ], [ -100.206942796520494, 25.731779390795491 ] ] ] } },
{ "type": "Feature", "properties": { "code": "19051", "stateCode": "19", "municipalityCode": "051", "name": "Villaldama" }, "geometry": { "type": "Polygon", "coordinates": [ [ [ -100.31961513997031, 26.664341550078127 ], [ -100.323393380392829, 26.665016710147246 ], [ -100.326338860356614, 26.649986649678329 ], [ -100.331817919899962, 26.649793660257391 ], [ -100.330615309535517, 26.630715419794726 ], [ -100.305111619701648, 26.622586599800133 ], [ -100.290900950421914, 26.623089219849959 ], [ -100.279161149728949, 26.604104429999417 ], [ -100.264831050331878, 26.564609550014492 ], [ -100.258187710014198, 26.520829139770949 ], [ -100.249637649960192, 26.503980320447731 ], [ -100.241165550002577, 26.500418819713509 ], [ -100.228675079978046, 26.501368719875853 ], [ -100.223411719630562, 26.495482029746164 ], [ -100.224282109623502, 26.482392090141452 ], [ -100.242845549627631, 26.457316769630122 ], [ -100.227089720381301, 26.445059030171425 ], [ -100.227076260221537, 26.440638509664108 ], [ -100.234353019844065, 26.438295060258174 ], [ -100.236796720459225, 26.431439260446442 ], [ -100.224006910286931, 26.427015339699903 ], [ -100.218521540336695, 26.420478649644316 ], [ -100.216379920000776, 26.404632949816165 ], [ -100.197838920432716, 26.392817830189657 ], [ -100.200137350239856, 26.390870429729027 ], [ -100.197838259992864, 26.374655479862749 ], [ -100.200136480483124, 26.366520349805931 ], [ -100.195397490496788, 26.361788309702803 ], [ -100.19501817990421, 26.345134920441978 ], [ -100.192108890024883, 26.343795650191264 ], [ -100.19205377996748, 26.335239149841016 ], [ -100.183941309675973, 26.31951645998539 ], [ -100.189522420090313, 26.296220229952947 ], [ -100.184409580105324, 26.289503220367081 ], [ -100.190311050332042, 26.285474340438729 ], [ -100.201141999559525, 26.285005920228866 ], [ -100.207623770239465, 26.278378709573929 ], [ -100.217537550467711, 26.274754250264788 ], [ -100.22533307981341, 26.266071680239673 ], [ -100.226040350334344, 26.260048600033507 ], [ -100.230188520463329, 26.258257169799435 ], [ -100.232807599496311, 26.262416340321373 ], [ -100.240688620198924, 26.262770709816277 ], [ -100.238846090478134, 26.265511880076218 ], [ -100.248005659994959, 26.271945429612217 ], [ -100.289890679891286, 26.272124370329372 ], [ -100.299148459638062, 26.293662380341274 ], [ -100.298034549529277, 26.296690309918421 ], [ -100.308801780389629, 26.303967480044353 ], [ -100.310948710282204, 26.314228829801742 ], [ -100.319973569628345, 26.318863460355139 ], [ -100.328960939883288, 26.316671149737758 ], [ -100.332099950394436, 26.322662619850924 ], [ -100.339625629692648, 26.325306480284933 ], [ -100.343283140460898, 26.337716880238592 ], [ -100.348544820487831, 26.340613649726215 ], [ -100.346721630278992, 26.34701551014993 ], [ -100.356599419803814, 26.364405780154161 ], [ -100.388285080206344, 26.360677259820452 ], [ -100.393169720308492, 26.395167259944053 ], [ -100.405900460110217, 26.390050120052358 ], [ -100.433948979213923, 26.393652339937745 ], [ -100.442991370290358, 26.389838459964626 ], [ -100.4496084302546, 26.384842020048527 ], [ -100.454045850163908, 26.368768119881736 ], [ -100.481114399963786, 26.346126550003934 ], [ -100.489640650099687, 26.354628249789606 ], [ -100.488295020502662, 26.359133539759242 ], [ -100.503655000314339, 26.368807350166861 ], [ -100.495933999796634, 26.381493459705037 ], [ -100.499778720386644, 26.386832479803839 ], [ -100.507045320109313, 26.38890732013499 ], [ -100.502463380121796, 26.393260779710491 ], [ -100.506886980497427, 26.397723489914359 ], [ -100.508569049695737, 26.40861324974491 ], [ -100.515010539729488, 26.413282199841674 ], [ -100.511228449811441, 26.429062059576381 ], [ -100.521175999656933, 26.443239629775302 ], [ -100.501466380494577, 26.486042880093358 ], [ -100.460286249715651, 26.50520642963486 ], [ -100.453195599895992, 26.512736490272815 ], [ -100.450156350444416, 26.507762879822739 ], [ -100.438475229967906, 26.514297219904503 ], [ -100.456985509839413, 26.525387850129583 ], [ -100.482070119946954, 26.572980599886225 ], [ -100.481717819675836, 26.584420079754246 ], [ -100.476151280024169, 26.57082813995526 ], [ -100.441143939579376, 26.584811739949505 ], [ -100.467100720138362, 26.640950820232469 ], [ -100.390714769739432, 26.673257309564562 ], [ -100.365796060169302, 26.675020220195147 ], [ -100.336042320229495, 26.669657620371982 ], [ -100.344583879508633, 26.6934085201625 ], [ -100.329706229706943, 26.694004030353117 ], [ -100.31961513997031, 26.664341550078127 ] ] ] } },
{ "type": "Feature", "properties": { "code": "19007", "stateCode": "19", "municipalityCode": "007", "name": "Aramberri" }, "geometry": { "type": "Polygon", "coordinates": [ [ [ -99.636379320206018, 24.506670249647527 ], [ -99.589931110005068, 24.39614237038742 ], [ -99.589340819828777, 24.350820600074083 ], [ -99.594289740315986, 24.330913220389387 ], [ -99.647817829974244, 24.218095049909497 ], [ -99.657080630077132, 24.117996580381238 ], [ -99.570901710277539, 24.039366909645054 ], [ -99.578841120210143, 24.036889709988284 ], [ -99.675931750227988, 24.038907059842007 ], [ -99.689341600197807, 24.033245740383293 ], [ -99.720831940397531, 24.027698650280634 ], [ -99.742932740128737, 24.028823309822421 ], [ -99.755029890255742, 24.011430999700675 ], [ -99.749133260003376, 23.997125420314589 ], [ -99.766729780135066, 23.984477920138453 ], [ -99.768233019559489, 23.990786279652248 ], [ -99.77476841954855, 23.99454785037199 ], [ -99.780734719510505, 24.010095090389584 ], [ -99.786559629699155, 24.015011520179314 ], [ -99.788874179645163, 24.01211634047565 ], [ -99.836571489851579, 24.005233580098189 ], [ -99.844165680087329, 23.991252829558672 ], [ -99.842116549793516, 23.983532720350993 ], [ -99.852987690393775, 23.99817191972566 ], [ -99.862005019821694, 23.990431079690648 ], [ -99.86753982048694, 23.997675320006358 ], [ -99.87977165023527, 23.989645150361177 ], [ -99.87816919975181, 24.017205090115674 ], [ -99.918159480393598, 24.002483050187646 ], [ -99.972797060268576, 24.005091050097597 ], [ -99.985497649783397, 23.990869909833982 ], [ -100.008565769580173, 23.942631709554856 ], [ -100.061912109732859, 23.939455630024877 ], [ -100.063455109887499, 23.960354890085025 ], [ -100.102554719927952, 23.957724480131695 ], [ -100.103776089610406, 23.97339007969957 ], [ -100.120956780407781, 23.972219400288981 ], [ -100.123326489985942, 24.000785519974546 ], [ -100.120636889854282, 24.000486970207355 ], [ -100.120173859945083, 24.031303290182599 ], [ -100.103490419866901, 24.035406800155819 ], [ -100.100990780127603, 24.05442799996132 ], [ -100.113145020483472, 24.055371149997431 ], [ -100.170770689782728, 24.075533799916339 ], [ -100.153988680160595, 24.094838820112816 ], [ -100.193864689608802, 24.120252619662338 ], [ -100.193903999906567, 24.132963719742342 ], [ -100.182045399553658, 24.144419679851033 ], [ -100.179787909912307, 24.142370199982047 ], [ -100.179368580184402, 24.146998940305384 ], [ -100.166164309898463, 24.159757399934445 ], [ -100.203159259577532, 24.212347349770642 ], [ -100.198379750067701, 24.212557450418945 ], [ -100.216050850070175, 24.249176489693422 ], [ -100.195771580015005, 24.249253260213354 ], [ -100.193881429862756, 24.245361479966192 ], [ -100.187127119615468, 24.247169520430823 ], [ -100.186972630313562, 24.263699859838265 ], [ -100.169490889949557, 24.263338489749479 ], [ -100.173809170048727, 24.282758630339412 ], [ -100.167137260271829, 24.284005180100056 ], [ -100.153520650215498, 24.298819430337019 ], [ -100.11519308982291, 24.310261970437345 ], [ -100.106111030246652, 24.299269449932272 ], [ -100.073549979792745, 24.309767179920907 ], [ -100.066956379545175, 24.35377199968698 ], [ -100.091067369782877, 24.452456460209238 ], [ -100.076626480016301, 24.442117600388148 ], [ -100.060089370216645, 24.451669719924592 ], [ -100.061340749997143, 24.455723830010299 ], [ -100.023458889815998, 24.459524429616678 ], [ -100.009849220311963, 24.454742650336168 ], [ -99.998093110038781, 24.454470180178603 ], [ -99.999348059847975, 24.464266770400783 ], [ -99.974315920068989, 24.474493600049723 ], [ -99.957434770157974, 24.462868089823917 ], [ -99.938852779691601, 24.464838059891097 ], [ -99.911381420153447, 24.45986401974276 ], [ -99.917894679537056, 24.451512050392818 ], [ -99.908658689781447, 24.447950259773886 ], [ -99.888672680440962, 24.454080490432457 ], [ -99.894190939973711, 24.470248999848494 ], [ -99.854796620102121, 24.500980200366133 ], [ -99.838629800345188, 24.495900890394797 ], [ -99.84784154014713, 24.485578149851808 ], [ -99.839635049601767, 24.471603489725815 ], [ -99.836170859913025, 24.472713549884567 ], [ -99.808456219724022, 24.446425550070384 ], [ -99.801190620213646, 24.429089580285503 ], [ -99.803399620425694, 24.428071290171701 ], [ -99.792293109509842, 24.406719920316604 ], [ -99.775120909920403, 24.410545249648187 ], [ -99.762504089863356, 24.39015576983455 ], [ -99.74400843018924, 24.391677910166674 ], [ -99.740631659826462, 24.40905137043373 ], [ -99.742992370055049, 24.41934537014636 ], [ -99.710313550329019, 24.442124580141741 ], [ -99.719803859719079, 24.483710430066385 ], [ -99.636379320206018, 24.506670249647527 ] ] ] } },
{ "type": "Feature", "properties": { "code": "19050", "stateCode": "19", "municipalityCode": "050", "name": "Vallecillo" }, "geometry": { "type": "Polygon", "coordinates": [ [ [ -99.74426081998871, 26.912149080201466 ], [ -99.739066150137759, 26.907295770061321 ], [ -99.725270349840244, 26.906911630383547 ], [ -99.723528630230319, 26.904117719733691 ], [ -99.727901180100048, 26.903515339995959 ], [ -99.726554770090132, 26.89846876960171 ], [ -99.712877030225556, 26.895815019971568 ], [ -99.709968739909968, 26.898753770387241 ], [ -99.713683680014995, 26.901541689845761 ], [ -99.711044080089209, 26.905539520202161 ], [ -99.703476479929506, 26.905473429984148 ], [ -99.69828666003238, 26.898434980094237 ], [ -99.697067630051677, 26.906716419720901 ], [ -99.692120200238463, 26.908816379573739 ], [ -99.68553703004568, 26.899034309933789 ], [ -99.687473579566884, 26.894668109572287 ], [ -99.67886292021042, 26.895786830250106 ], [ -99.678133289742036, 26.889948109824658 ], [ -99.682057180197333, 26.888812820115987 ], [ -99.714020710430816, 26.842288660418511 ], [ -99.68338111032682, 26.824636879595612 ], [ -99.704679890427741, 26.793446250072382 ], [ -99.714951230042416, 26.800057289564545 ], [ -99.749581779767908, 26.734278060354228 ], [ -99.778287059847798, 26.744713769727859 ], [ -99.801477819502963, 26.69071403005643 ], [ -99.734180340379737, 26.67189406020961 ], [ -99.707929599950162, 26.598262999650384 ], [ -99.695803649831731, 26.612827830321304 ], [ -99.683003400054673, 26.607724539896711 ], [ -99.690301909908314, 26.599888119803918 ], [ -99.688575799684259, 26.579626199986802 ], [ -99.714393910442624, 26.571616719837127 ], [ -99.712551180157362, 26.541561170094099 ], [ -99.719194750406118, 26.541995920131328 ], [ -99.724249859997684, 26.483783690354333 ], [ -99.721045029552158, 26.482597090336263 ], [ -99.724405119554874, 26.470996000305437 ], [ -99.719909940138336, 26.442925110316086 ], [ -99.722730089714588, 26.435184339644419 ], [ -99.7278353502345, 26.434392149938255 ], [ -99.730572909552947, 26.430081020436841 ], [ -99.728565339859529, 26.423332290033926 ], [ -99.724788919501094, 26.42185138013642 ], [ -99.726675480163934, 26.41374013986438 ], [ -99.732536859876532, 26.407966250053061 ], [ -99.738151580169784, 26.413697400343736 ], [ -99.755509569621452, 26.40708219980225 ], [ -99.75124061984954, 26.403494709545473 ], [ -99.75782042046977, 26.396884350346685 ], [ -99.75482325045806, 26.39442471963353 ], [ -99.767496080445753, 26.385531350197493 ], [ -99.773806419632379, 26.391170279705541 ], [ -99.772898000301595, 26.394500859812734 ], [ -99.778738180198573, 26.394067260345036 ], [ -99.777224599741146, 26.402504249682575 ], [ -99.779602650375367, 26.403959449990175 ], [ -99.775768749956057, 26.404463550289265 ], [ -99.774959400386166, 26.407905539840652 ], [ -99.784408549717156, 26.408445079931301 ], [ -99.783462850480305, 26.400168630225295 ], [ -99.789916080455612, 26.403239939890941 ], [ -99.787948600000846, 26.396854830212455 ], [ -99.791955980022692, 26.398511260154645 ], [ -99.79423153984456, 26.396224180316594 ], [ -99.784648479536941, 26.386053400356559 ], [ -99.804409229854016, 26.377826419566123 ], [ -99.810536120167214, 26.370275679624068 ], [ -99.811515459621901, 26.363158549814656 ], [ -99.814234319871375, 26.367012079590822 ], [ -99.846547600373796, 26.377320659643733 ], [ -99.90278230973415, 26.377849889699984 ], [ -99.919761259912846, 26.382290520274974 ], [ -99.920492939929304, 26.386038749659892 ], [ -99.97381357007545, 26.39441682966909 ], [ -99.987746019882991, 26.411680689595254 ], [ -99.988967890057211, 26.418157550137913 ], [ -99.978548379740033, 26.441239770394063 ], [ -99.982679020454952, 26.442770630199686 ], [ -99.980806090370166, 26.446756140274665 ], [ -99.97355165976181, 26.449264259851063 ], [ -99.985571509535589, 26.447264030281069 ], [ -99.992595119769476, 26.449289949570261 ], [ -99.99606954032582, 26.453903880035007 ], [ -99.998761749925706, 26.449836490362031 ], [ -99.998590979931024, 26.455056019954736 ], [ -100.020418650041307, 26.45387357027337 ], [ -100.020052910194678, 26.456881120034161 ], [ -100.009013679629888, 26.455511450301209 ], [ -100.005588479950461, 26.472938600196184 ], [ -100.009465890403419, 26.472995570456497 ], [ -100.009539430315954, 26.467199199594717 ], [ -100.030771740228261, 26.469808680199961 ], [ -100.030437379680549, 26.474607739543185 ], [ -100.036436710021988, 26.47483734987264 ], [ -100.037110909549924, 26.481154170127706 ], [ -100.035574909915113, 26.478162150010096 ], [ -100.030215449962071, 26.477913780435195 ], [ -100.029868680426802, 26.483038050431499 ], [ -100.037208109897449, 26.486292580130712 ], [ -100.039021060092793, 26.493547679997917 ], [ -100.025405090120103, 26.498130689835428 ], [ -100.015269399708799, 26.542236940142697 ], [ -100.023456250441114, 26.540816980251304 ], [ -100.020442259873249, 26.554669419819888 ], [ -100.046514340005743, 26.557276449596682 ], [ -100.037689149808941, 26.588123690099909 ], [ -100.071591340005753, 26.58761063039341 ], [ -100.07321416950181, 26.589377480002618 ], [ -100.059170659764064, 26.599596089755771 ], [ -100.085982570507639, 26.628295119703225 ], [ -100.101373149940017, 26.635701429631563 ], [ -100.037341599723476, 26.673603380227281 ], [ -100.044298229538455, 26.675077910303546 ], [ -100.042897249661749, 26.684151249819433 ], [ -100.045860829744186, 26.694190420341553 ], [ -100.053448779539934, 26.697207120382757 ], [ -100.056582539767433, 26.70262038003851 ], [ -100.055344370478778, 26.721992779981576 ], [ -100.058275820295435, 26.725695480286021 ], [ -100.058874880089959, 26.742133580303108 ], [ -100.061674400061918, 26.746074340013354 ], [ -100.075286019763865, 26.751393620130688 ], [ -100.079621319946725, 26.761168939918978 ], [ -100.083628649551912, 26.760995400350797 ], [ -100.087524279667861, 26.766711260011061 ], [ -100.078142880329594, 26.778320020077015 ], [ -100.077654779657308, 26.785239119771422 ], [ -100.085041690483635, 26.792203339980457 ], [ -100.093654480235728, 26.814565889876622 ], [ -100.097890219659135, 26.818693859832951 ], [ -100.093874580108704, 26.830017029858151 ], [ -100.097943429812702, 26.836982509776963 ], [ -100.083386139900711, 26.849829830206989 ], [ -100.067361540190589, 26.839797749937684 ], [ -100.023985660410489, 26.868312309914653 ], [ -100.03092808979072, 26.879242289712113 ], [ -100.023661370379415, 26.888144029600966 ], [ -100.049422719674254, 26.905789780332796 ], [ -100.046313619813006, 26.911414340119247 ], [ -100.020864059584838, 26.907254979894859 ], [ -100.002567340079338, 26.913985260160185 ], [ -99.968659819741148, 26.846425490086432 ], [ -99.936140950067127, 26.873775220044269 ], [ -99.929156260227757, 26.858309479954521 ], [ -99.868843309971908, 26.882663520202467 ], [ -99.865544620097324, 26.877994319783468 ], [ -99.858782769946998, 26.879774179827077 ], [ -99.849232459770249, 26.888278249754958 ], [ -99.844533679589574, 26.88652398036248 ], [ -99.849846579736436, 26.882711630333233 ], [ -99.847776079543195, 26.878876139910442 ], [ -99.838624720463059, 26.886199750347004 ], [ -99.834662420376674, 26.886772740260898 ], [ -99.833003550007007, 26.88361057992908 ], [ -99.832267429587276, 26.887716550042789 ], [ -99.828757059557603, 26.888855449863033 ], [ -99.821133090228756, 26.875323780084127 ], [ -99.804020780284318, 26.871580829552165 ], [ -99.801916549710711, 26.872778250126846 ], [ -99.803851519760798, 26.874881909851652 ], [ -99.813402739645198, 26.877182890183288 ], [ -99.810009430116324, 26.886714319585689 ], [ -99.798194449848708, 26.889159579791436 ], [ -99.798401179939091, 26.884812109751344 ], [ -99.807149309646562, 26.881557830234939 ], [ -99.803646139698785, 26.879686369663865 ], [ -99.793398259698819, 26.880641969682301 ], [ -99.79274277025317, 26.888700970283065 ], [ -99.781206289873623, 26.893652479897639 ], [ -99.775285720011865, 26.88902651962189 ], [ -99.767576939508274, 26.889016179870897 ], [ -99.764642619947622, 26.893971449689737 ], [ -99.747661369668705, 26.900243819582936 ], [ -99.747330180018409, 26.909657819863249 ], [ -99.74426081998871, 26.912149080201466 ] ] ] } },
{ "type": "Feature", "properties": { "code": "19049", "stateCode": "19", "municipalityCode": "049", "name": "Santiago" }, "geometry": { "type": "Polygon", "coordinates": [ [ [ -100.191788339980732, 25.520414001202017 ], [ -100.178886200020585, 25.518168979843196 ], [ -100.175438050258748, 25.512902141246389 ], [ -100.16744697965062, 25.516942920285508 ], [ -100.131387720194141, 25.470244679737114 ], [ -100.096926569540358, 25.503233049758826 ], [ -100.071215800179772, 25.468779860375047 ], [ -100.06960645980449, 25.470624570249939 ], [ -100.037431619783078, 25.447970509660347 ], [ -100.031338919651375, 25.450871580109666 ], [ -100.043393799694655, 25.440916880231352 ], [ -100.059917109644971, 25.417711599605489 ], [ -100.051176740200944, 25.409334740208866 ], [ -100.07626043042599, 25.394018829911911 ], [ -100.0746352300159, 25.385410050021793 ], [ -100.060682949991829, 25.373548659980809 ], [ -100.058173600155612, 25.36149979986979 ], [ -100.076296350480689, 25.336065770246883 ], [ -100.139797969992244, 25.300104619995885 ], [ -100.133190289728645, 25.294941480374632 ], [ -100.124184649690221, 25.279956979767988 ], [ -100.112459450240095, 25.270203200395052 ], [ -100.113555620281517, 25.266800119790101 ], [ -100.107361459643769, 25.262312889733334 ], [ -100.099327909876465, 25.261930169571656 ], [ -100.101589780281287, 25.255844910383125 ], [ -100.095623059953027, 25.256132229917245 ], [ -100.096751089582028, 25.252855999872754 ], [ -100.092942059573275, 25.254042400319261 ], [ -100.085514520042011, 25.24646882015254 ], [ -100.087224619509925, 25.238313710099987 ], [ -100.132907580106021, 25.259760570072352 ], [ -100.171068249666092, 25.223785889820515 ], [ -100.210135319549181, 25.269499569913751 ], [ -100.221380820117759, 25.267208799770749 ], [ -100.243774520501177, 25.269714459686696 ], [ -100.254138429525753, 25.306908770751505 ], [ -100.263974508504987, 25.30529340042952 ], [ -100.281579619360954, 25.319713720097884 ], [ -100.323353109469608, 25.339985199745097 ], [ -100.391030138892305, 25.328058799538013 ], [ -100.414360379662057, 25.329899919743298 ], [ -100.414560680121937, 25.326998111346246 ], [ -100.470098818984113, 25.337789851286985 ], [ -100.451592909773495, 25.410466650230994 ], [ -100.469340079570188, 25.42172174093384 ], [ -100.492260380016575, 25.430409399578316 ], [ -100.52270309003643, 25.43432472024713 ], [ -100.517463780253422, 25.449036600253027 ], [ -100.525413090372041, 25.449753851061985 ], [ -100.530883149632146, 25.463467650027571 ], [ -100.477053650309102, 25.451416420061538 ], [ -100.4720783399612, 25.453791689805168 ], [ -100.457693830001332, 25.43788273991203 ], [ -100.443730139541827, 25.434950090435798 ], [ -100.425524399698318, 25.435844030352651 ], [ -100.419542950412392, 25.442220310003208 ], [ -100.423175739581623, 25.444495220349189 ], [ -100.417512939712012, 25.451933819956746 ], [ -100.414197829524596, 25.451368509750363 ], [ -100.403604119594235, 25.469010769818635 ], [ -100.386698509843725, 25.455841859916077 ], [ -100.344808060108974, 25.434975889636124 ], [ -100.326252520140841, 25.430313059938833 ], [ -100.296050289718551, 25.413528659965149 ], [ -100.275277459727562, 25.424411420316844 ], [ -100.275880719869804, 25.419908119742757 ], [ -100.271859940215208, 25.419275949938697 ], [ -100.238720649519564, 25.429515110263992 ], [ -100.249899579736507, 25.445342970007427 ], [ -100.257621980359644, 25.482134450427669 ], [ -100.229387920151524, 25.498644290161657 ], [ -100.233185690402564, 25.505420519749489 ], [ -100.230016968091562, 25.507572911823431 ], [ -100.222816169229105, 25.500388591093305 ], [ -100.206128058269456, 25.516108820018662 ], [ -100.197143848949125, 25.514737282208241 ], [ -100.191788339980732, 25.520414001202017 ] ] ] } },
{ "type": "Feature", "properties": { "code": "19034", "stateCode": "19", "municipalityCode": "034", "name": "Marín" }, "geometry": { "type": "Polygon", "coordinates": [ [ [ -99.843692629880465, 26.023440489586044 ], [ -99.844711549879648, 26.020120429940114 ], [ -99.835942049515324, 26.020312230286525 ], [ -99.84112987969344, 26.015145539882948 ], [ -99.816245680121142, 26.018184679965337 ], [ -99.818605059934825, 26.015858859550164 ], [ -99.813349710222312, 26.015379059710895 ], [ -99.813706850150467, 26.011149399979232 ], [ -99.808080339947693, 26.007460819911472 ], [ -99.810670419522992, 26.005658400367874 ], [ -99.803855880482388, 26.006704749825285 ], [ -99.805161369878419, 26.001860950204154 ], [ -99.800711740237873, 26.002308689565467 ], [ -99.80573836965219, 25.998796970186937 ], [ -99.802313229886266, 25.995668579977433 ], [ -99.944151800400576, 25.891502479710187 ], [ -99.951658549790963, 25.894263949621283 ], [ -99.951499309805882, 25.887943619742099 ], [ -99.944970889597556, 25.88358839988107 ], [ -99.970601029707922, 25.888815909682641 ], [ -99.98306081953487, 25.903875079680066 ], [ -99.96917627988644, 25.83831757009257 ], [ -99.965548550095647, 25.834778879805246 ], [ -99.947057019580697, 25.832680489801206 ], [ -99.940055629561257, 25.827260820398518 ], [ -99.934946220240349, 25.827297369611472 ], [ -99.918963429773626, 25.805357719803087 ], [ -99.901080719932594, 25.803285179664513 ], [ -99.904730200045179, 25.790326079856293 ], [ -99.892596250296606, 25.788304350111559 ], [ -99.894094679507731, 25.779164119738265 ], [ -99.90295567992797, 25.776942880151118 ], [ -99.902238549520376, 25.772698980241717 ], [ -99.898244909864246, 25.771587600321563 ], [ -99.900320720159527, 25.764021079682887 ], [ -99.882229339861709, 25.747945909859119 ], [ -99.909712800343769, 25.754448079679239 ], [ -99.93289418049423, 25.752182620007023 ], [ -99.964363019652566, 25.76556183029809 ], [ -99.979412219756952, 25.765024289765581 ], [ -99.990110540288782, 25.774837980155521 ], [ -99.988854709579272, 25.784754430280529 ], [ -99.992935000428972, 25.791000020491811 ], [ -99.993269659638358, 25.799695619765018 ], [ -100.00299597864155, 25.79903963011445 ], [ -100.018403998847461, 25.803475051140648 ], [ -100.031301579505026, 25.816778230842754 ], [ -100.031265349976806, 25.82402531991001 ], [ -100.05908794049185, 25.815590060303865 ], [ -100.059472738883969, 25.818577570731488 ], [ -100.065865428891755, 25.816099339797507 ], [ -100.104176919720331, 25.831546520227072 ], [ -100.097997779738975, 25.834465799919318 ], [ -100.097563379574638, 25.847396949976172 ], [ -100.101091030412576, 25.849079540051004 ], [ -100.096968799991387, 25.853883459932096 ], [ -100.094873849534281, 25.851424479995067 ], [ -100.092952779754867, 25.853291169712357 ], [ -100.092655689629552, 25.859906229693919 ], [ -100.085773920117063, 25.868168690248229 ], [ -100.081988290198069, 25.865860740389863 ], [ -100.083972630372998, 25.870449180415449 ], [ -100.0687600197801, 25.880824750091012 ], [ -100.060873089738493, 25.912549290295441 ], [ -100.064883710109086, 25.918033460013429 ], [ -99.997754780252137, 25.919975109627245 ], [ -99.951502350384885, 25.905196600377838 ], [ -99.950688319944788, 25.908644619791961 ], [ -99.945432570075241, 25.909492549654242 ], [ -99.930100279981104, 25.924235769677274 ], [ -99.924119599977061, 25.926308490024265 ], [ -99.924350319619123, 25.932497480201423 ], [ -99.91429633996492, 25.945755689820384 ], [ -99.914234849891969, 25.958393319637288 ], [ -99.898455750134218, 25.971236459716561 ], [ -99.894129860448402, 25.982546860111984 ], [ -99.880226109842383, 25.994459720267439 ], [ -99.882650430096007, 26.006907619718703 ], [ -99.895158910049403, 26.008024279665594 ], [ -99.891159580416613, 26.010628679768068 ], [ -99.890147860249911, 26.016871629781114 ], [ -99.88458542023001, 26.018536200132541 ], [ -99.884118489974384, 26.021871520318431 ], [ -99.872170950408091, 26.01508214019379 ], [ -99.868468000365468, 26.018501659720769 ], [ -99.870572150299097, 26.015427199948324 ], [ -99.861455580322982, 26.00889689021907 ], [ -99.85049997979668, 26.022135680108647 ], [ -99.843692629880465, 26.023440489586044 ] ] ] } },
{ "type": "Feature", "properties": { "code": "19045", "stateCode": "19", "municipalityCode": "045", "name": "Salinas Victoria" }, "geometry": { "type": "Polygon", "coordinates": [ [ [ -100.393126585848918, 26.394818056593024 ], [ -100.388285080206344, 26.360677259820452 ], [ -100.356599419803814, 26.364405780154161 ], [ -100.346721630278992, 26.34701551014993 ], [ -100.348544820487831, 26.340613649726215 ], [ -100.343283140460898, 26.337716880238592 ], [ -100.339625629692648, 26.325306480284933 ], [ -100.332099950394436, 26.322662619850924 ], [ -100.328960939883288, 26.316671149737758 ], [ -100.319973569628345, 26.318863460355139 ], [ -100.310948710282204, 26.314228829801742 ], [ -100.308801780389629, 26.303967480044353 ], [ -100.298034549529277, 26.296690309918421 ], [ -100.299148459638062, 26.293662380341274 ], [ -100.289890679891286, 26.272124370329372 ], [ -100.248005659994959, 26.271945429612217 ], [ -100.238846090478134, 26.265511880076218 ], [ -100.240688620198924, 26.262770709816277 ], [ -100.232807599496311, 26.262416340321373 ], [ -100.230188520463329, 26.258257169799435 ], [ -100.226040350334344, 26.260048600033507 ], [ -100.22533307981341, 26.266071680239673 ], [ -100.217537550467711, 26.274754250264788 ], [ -100.207623770239465, 26.278378709573929 ], [ -100.201141999559525, 26.285005920228866 ], [ -100.185946800232557, 26.286672259965279 ], [ -100.184409580105324, 26.289503220367081 ], [ -100.189522420090313, 26.296220229952947 ], [ -100.183941309675973, 26.31951645998539 ], [ -100.187691620136448, 26.327930310167208 ], [ -100.10293991967562, 26.319731379707825 ], [ -100.064398519858173, 26.306317689567145 ], [ -100.054422429546278, 26.306321599651749 ], [ -100.057600380458922, 26.301619229934985 ], [ -100.051146259570331, 26.295071150063233 ], [ -100.053744949698313, 26.292938050083169 ], [ -100.045363349636162, 26.276083660175434 ], [ -100.034030570474414, 26.278848740121905 ], [ -100.030359400341666, 26.276299619797516 ], [ -100.035283380329403, 26.270475850042487 ], [ -100.018207860137736, 26.256249280036911 ], [ -100.022749629771823, 26.252274419587778 ], [ -99.955624950213007, 26.238831229563196 ], [ -99.919340090404077, 26.245474740423674 ], [ -99.925266290292527, 26.237549510073567 ], [ -99.933005950332017, 26.201896140141688 ], [ -99.927641540494307, 26.195965479574124 ], [ -99.946392430395619, 26.193743920391604 ], [ -99.966951170491114, 26.200368380400739 ], [ -99.970096720217157, 26.198886569901191 ], [ -99.967113429646801, 26.174162830035314 ], [ -99.970324520416355, 26.170272020381297 ], [ -99.967835449917686, 26.162894849682889 ], [ -99.979267599730605, 26.163974919909261 ], [ -99.988375690274864, 26.160233290264809 ], [ -99.992779549976873, 26.162986139680054 ], [ -99.997034170405826, 26.160417200157198 ], [ -100.00173925014505, 26.164182430280057 ], [ -100.017800879502744, 26.165942170133196 ], [ -100.023029629967269, 26.152049799554174 ], [ -100.066667829582542, 26.131070280104073 ], [ -100.104435179790698, 26.117194679868465 ], [ -100.074791920347181, 26.062558490317151 ], [ -100.118328019704393, 26.038490370266814 ], [ -100.14421911978917, 26.014244399988229 ], [ -100.150284060298432, 26.032875120094019 ], [ -100.158145550083631, 26.043934379951168 ], [ -100.175912880458597, 26.033731510321697 ], [ -100.186266749852535, 26.021547119974542 ], [ -100.195933910385307, 26.018394950148849 ], [ -100.202473890122107, 26.022950720338045 ], [ -100.204673350379636, 26.030414220357162 ], [ -100.233701089784361, 26.020659140321797 ], [ -100.230195280346962, 26.001911149632342 ], [ -100.273109879841769, 26.021706200259185 ], [ -100.273796950448073, 26.016273879877687 ], [ -100.279843890242347, 26.011164219943645 ], [ -100.250807490031931, 26.001378089555075 ], [ -100.242718850036496, 25.984370889598935 ], [ -100.234066770176668, 25.979254740201227 ], [ -100.237845519837279, 25.960915710362084 ], [ -100.232228829631708, 25.96110276996561 ], [ -100.230076030236717, 25.951844819554509 ], [ -100.238701150194174, 25.947347220444289 ], [ -100.244303569872628, 25.93450102986418 ], [ -100.244554948553144, 25.928426231276237 ], [ -100.236274580363656, 25.914592510236496 ], [ -100.241212370130725, 25.906986649993833 ], [ -100.239240920446477, 25.903339290294486 ], [ -100.248235710460904, 25.892790279907331 ], [ -100.253979419879556, 25.879285460263603 ], [ -100.271654290118761, 25.871762569629954 ], [ -100.271746170097714, 25.849460170562725 ], [ -100.298158309836907, 25.848983779973917 ], [ -100.302037934033095, 25.852170804045361 ], [ -100.307691169843096, 25.87988891972056 ], [ -100.310513519885262, 25.878824400325168 ], [ -100.332221919812156, 25.927544690383268 ], [ -100.323353259706323, 25.934400680316433 ], [ -100.322562616888277, 25.939502257767415 ], [ -100.313017321375696, 25.945229721402725 ], [ -100.343762799690239, 25.976035979730948 ], [ -100.36687142038889, 25.973696629725861 ], [ -100.369607400105266, 25.982112520358047 ], [ -100.365945629592375, 25.987107540014616 ], [ -100.371613080331059, 26.006187739713148 ], [ -100.383970510383605, 26.02523774975257 ], [ -100.398471539540125, 26.036967079696662 ], [ -100.40014423045298, 26.043334019875754 ], [ -100.406291310043216, 26.044105689940256 ], [ -100.432290169711919, 26.065274399693966 ], [ -100.485762659911146, 26.093023490300961 ], [ -100.517354510374659, 26.114042619866527 ], [ -100.526030599830506, 26.114954569559 ], [ -100.539548419790989, 26.107857850305457 ], [ -100.564892479759877, 26.123343080139463 ], [ -100.521999030070816, 26.210446509811394 ], [ -100.502248060453937, 26.200767379786317 ], [ -100.505416380495831, 26.206652879827509 ], [ -100.503680779692317, 26.211207199941338 ], [ -100.499835349645224, 26.212328450431603 ], [ -100.46416142963281, 26.256211880392939 ], [ -100.448759630319998, 26.259104540425117 ], [ -100.45188145972044, 26.280596309801982 ], [ -100.462726309798768, 26.289036950402114 ], [ -100.466703570213184, 26.296876710023867 ], [ -100.462992459710975, 26.301897109794886 ], [ -100.475656219934407, 26.323811309930971 ], [ -100.472002230491995, 26.33357774000207 ], [ -100.479856320435388, 26.335484059677423 ], [ -100.471363509578083, 26.342411050259212 ], [ -100.481114399963786, 26.346126550003934 ], [ -100.454045850163908, 26.368768119881736 ], [ -100.4496084302546, 26.384842020048527 ], [ -100.442991370290358, 26.389838459964626 ], [ -100.433948979213923, 26.393652339937745 ], [ -100.405900460110217, 26.390050120052358 ], [ -100.393126585848918, 26.394818056593024 ] ] ] } },
{ "type": "Feature", "properties": { "code": "19038", "stateCode": "19", "municipalityCode": "038", "name": "Montemorelos" }, "geometry": { "type": "Polygon", "coordinates": [ [ [ -99.931833940448755, 25.420341739569562 ], [ -99.827289719578729, 25.339805430040329 ], [ -99.821668520090469, 25.34548758006564 ], [ -99.807413450067273, 25.35129310982753 ], [ -99.800156939597215, 25.368435649619215 ], [ -99.783684290114437, 25.348446460277895 ], [ -99.782445939981244, 25.341050890269052 ], [ -99.795007770273727, 25.283318480084237 ], [ -99.780703689511967, 25.266538000353066 ], [ -99.777108569666311, 25.27198604981519 ], [ -99.775563969859036, 25.270090950433364 ], [ -99.771295570265181, 25.272848550044021 ], [ -99.774058910448574, 25.276082830227715 ], [ -99.765180350239447, 25.280263149702581 ], [ -99.749512689667412, 25.262137800078193 ], [ -99.746498000467824, 25.247337029884736 ], [ -99.740629519787461, 25.239702377890687 ], [ -99.747250570443853, 25.237437420308506 ], [ -99.747881089819316, 25.230979680251668 ], [ -99.751369649632593, 25.228481430079615 ], [ -99.759280120153392, 25.227525019847036 ], [ -99.754563319910233, 25.222723090424733 ], [ -99.750602799529446, 25.20840610979667 ], [ -99.745910089993856, 25.211424630079687 ], [ -99.744509649693683, 25.218163849750592 ], [ -99.743178490114644, 25.211822279773653 ], [ -99.738393539740457, 25.211052369836867 ], [ -99.730245509646167, 25.217947909879062 ], [ -99.722954319608533, 25.218115860002229 ], [ -99.696319999664269, 25.183300279893768 ], [ -99.65800928043052, 25.153303429703477 ], [ -99.664031679629346, 25.146510829660393 ], [ -99.641420740083433, 25.128794510105664 ], [ -99.636931780268256, 25.127837940296903 ], [ -99.627871820225536, 25.134330970051032 ], [ -99.610743030248429, 25.12044750986966 ], [ -99.615053630400766, 25.115952750193948 ], [ -99.583255979721727, 25.090708630320709 ], [ -99.576306860031394, 25.101238690402887 ], [ -99.566735600232789, 25.105369059899168 ], [ -99.565822750412053, 25.111165509875427 ], [ -99.548970740320897, 25.113146479942312 ], [ -99.542509680084564, 25.110705280121511 ], [ -99.539645970232925, 25.114723170068672 ], [ -99.535852490017064, 25.113524110170641 ], [ -99.532213539866902, 25.117263630299423 ], [ -99.529355939656043, 25.115719480226559 ], [ -99.522836579518625, 25.118951460171171 ], [ -99.522248250237922, 25.124729799807788 ], [ -99.518347719921863, 25.123140799668434 ], [ -99.50998285981423, 25.132259719715986 ], [ -99.500727750385693, 25.13296541973229 ], [ -99.501012030396936, 25.137002750282772 ], [ -99.496701140098608, 25.13765915024258 ], [ -99.496920150052091, 25.143044339655873 ], [ -99.487991179905521, 25.150536779858044 ], [ -99.482685709711689, 25.149894029609666 ], [ -99.483169019641565, 25.155238110021379 ], [ -99.480103320333043, 25.154788339790638 ], [ -99.48087140006119, 25.158469320201824 ], [ -99.477587029734366, 25.159005339914028 ], [ -99.479608660187282, 25.145218120352798 ], [ -99.445447949641647, 25.141669400331605 ], [ -99.452156710478022, 25.099385049892867 ], [ -99.41641646045079, 25.093808980414721 ], [ -99.414766430222699, 25.107457479644335 ], [ -99.394447149584437, 25.10380245033673 ], [ -99.398822289689292, 25.080015950200902 ], [ -99.406376709816072, 25.081911460138681 ], [ -99.411059860255946, 25.045961030226181 ], [ -99.369263489758993, 25.037595880221648 ], [ -99.373593169591757, 25.010177979747539 ], [ -99.398213650431998, 25.015536370264439 ], [ -99.409359370109456, 25.021831779766671 ], [ -99.415742550089661, 24.987336539929508 ], [ -99.421944719958873, 24.989678749848839 ], [ -99.423918649819086, 24.995486650206793 ], [ -99.429001200022768, 24.995915569854979 ], [ -99.433465089556705, 24.987816339817332 ], [ -99.425657059640656, 24.984723830130413 ], [ -99.425937050281561, 24.978385000061252 ], [ -99.42061330995179, 24.978479319774209 ], [ -99.420383080033304, 24.968118680054129 ], [ -99.431693140249095, 24.968516120424269 ], [ -99.43059777952638, 24.981520850062221 ], [ -99.440534459572589, 24.984535539545927 ], [ -99.445156060467866, 24.980067120156846 ], [ -99.450177169875019, 24.981332629835805 ], [ -99.454165320491327, 24.988396880256239 ], [ -99.466338800256892, 24.996714719627857 ], [ -99.479047380078853, 24.996976750178874 ], [ -99.485200969685337, 25.003880140162821 ], [ -99.500754479951652, 24.997929650390951 ], [ -99.51492582024747, 24.986654769832487 ], [ -99.511955659547397, 25.00803931014023 ], [ -99.525644340086885, 25.007654450159858 ], [ -99.522862710175858, 24.99239691982174 ], [ -99.528393600087796, 24.995874480304842 ], [ -99.529382289735466, 24.988744430168161 ], [ -99.540252000164799, 24.98937914003298 ], [ -99.548935000271683, 25.000864169617991 ], [ -99.566613120067402, 25.000559289809278 ], [ -99.57397475004818, 24.993309150272868 ], [ -99.594476480348476, 24.990826229981185 ], [ -99.601985719815545, 24.972437740284285 ], [ -99.61583667955513, 24.974855320329617 ], [ -99.616417080164993, 24.964038400024677 ], [ -99.629491310294142, 24.969877089743289 ], [ -99.642762910204993, 24.967456420361586 ], [ -99.650999320208939, 24.978375479610715 ], [ -99.655846580341006, 24.97848991024339 ], [ -99.659432679683221, 24.973045649543455 ], [ -99.656457969546508, 24.963091709981747 ], [ -99.650895000343297, 24.957954279643687 ], [ -99.652132489779603, 24.952838680370295 ], [ -99.656649340031379, 24.95157466027624 ], [ -99.664096289668208, 24.956388550391715 ], [ -99.671795710321604, 24.954318279583863 ], [ -99.675887629883334, 24.947701520213769 ], [ -99.68877991951814, 24.957143229578392 ], [ -99.689288250062418, 24.966467490380879 ], [ -99.694447119528149, 24.963796709821093 ], [ -99.699565119941099, 24.966620049743273 ], [ -99.696689710401429, 24.976346419894423 ], [ -99.700289750226673, 24.976167020016447 ], [ -99.705695799647614, 24.969547850242385 ], [ -99.714383949598897, 24.973982290319341 ], [ -99.71535974046607, 24.983255480327664 ], [ -99.723906920101442, 24.978063600113359 ], [ -99.745756030046522, 24.990498260400745 ], [ -99.755494649591697, 24.989682349832997 ], [ -99.767533430095099, 24.995176319921729 ], [ -99.770093939801683, 24.99186441963381 ], [ -99.781097490115258, 24.997483660310582 ], [ -99.783728769764451, 24.993397680284914 ], [ -99.792654549863087, 24.993807579884425 ], [ -99.796713720219898, 24.998437079696849 ], [ -99.811452249573051, 24.992483680206785 ], [ -99.817637710359548, 24.982454880313075 ], [ -99.828573970073677, 24.978330490377118 ], [ -99.831867140038, 24.974537600067212 ], [ -99.829654910343933, 24.968240449788102 ], [ -99.835815649805411, 24.957877490073049 ], [ -99.860947980111831, 24.946822259829201 ], [ -99.86965827964859, 24.932855980045748 ], [ -99.882219720338909, 24.929961450208424 ], [ -99.888537030272104, 24.936619800068083 ], [ -99.89308221958315, 24.930458879637204 ], [ -99.901398860120082, 24.933222849654015 ], [ -99.909280369686414, 24.927068690156389 ], [ -99.915627999534962, 24.928639109937304 ], [ -99.913877400287944, 24.922643350331015 ], [ -99.920906819877075, 24.918727369703589 ], [ -99.915388650354288, 24.912691320204285 ], [ -99.926907400069112, 24.911686939814196 ], [ -99.932649089828274, 24.915859319606575 ], [ -99.93377904968429, 24.912974080122961 ], [ -99.94566283043909, 24.918615340111835 ], [ -99.987315510383965, 25.044083029626176 ], [ -99.981802649964337, 25.045575679937457 ], [ -99.98409274015107, 25.049951799584221 ], [ -99.98954004959549, 25.050208149970011 ], [ -99.987507260476562, 25.052142539930877 ], [ -99.991584149748135, 25.060111430108883 ], [ -99.985275710177064, 25.069975749925849 ], [ -100.000510829692104, 25.079439029789746 ], [ -100.019214749582943, 25.07493236998932 ], [ -100.019279579862229, 25.07113662035389 ], [ -100.023827949807185, 25.06943013963658 ], [ -100.020278979621196, 25.056669420310815 ], [ -100.027029149915393, 25.057609919701715 ], [ -100.030368690098896, 25.069664349554145 ], [ -100.041218369699209, 25.069590939801497 ], [ -100.04329167985243, 25.075551749944729 ], [ -100.052544280042156, 25.080955490350462 ], [ -100.056930080437184, 25.098857769630285 ], [ -100.06406443004434, 25.110753820117765 ], [ -100.070349309966645, 25.114439310282091 ], [ -100.096538569645645, 25.096574519576535 ], [ -100.095421629807518, 25.114941029575636 ], [ -100.109991219745837, 25.127931980151544 ], [ -100.156812370103438, 25.190467939763071 ], [ -100.155967020268307, 25.202006780110231 ], [ -100.171068249666092, 25.223785889820515 ], [ -100.132907580106021, 25.259760570072352 ], [ -100.071023739587261, 25.230702919620114 ], [ -100.073868219853722, 25.229362769954228 ], [ -100.070286850096252, 25.225186399555895 ], [ -100.066877510266792, 25.228118320027125 ], [ -100.065901220421864, 25.224832850276098 ], [ -100.061857660322445, 25.224300920333977 ], [ -100.056112429825987, 25.229260889657123 ], [ -100.040946980177523, 25.232061800441659 ], [ -100.03786493957962, 25.241560219771173 ], [ -100.028593850229299, 25.253333950367963 ], [ -100.005838520132841, 25.260352820287668 ], [ -99.998812108552485, 25.258990510320551 ], [ -99.991329780155525, 25.26631793987141 ], [ -99.983597599909842, 25.26395762044169 ], [ -99.977727180322773, 25.268129309601644 ], [ -99.971351060194962, 25.265241369572131 ], [ -99.970763679991776, 25.273835350065216 ], [ -99.966192119516805, 25.278920280120445 ], [ -99.957819060305468, 25.27515835019792 ], [ -99.953623220093746, 25.286079309756637 ], [ -99.946724509570501, 25.284115859548393 ], [ -99.944536940453474, 25.287732430204404 ], [ -99.939634600356726, 25.287701340085313 ], [ -99.937397340186848, 25.29945442009609 ], [ -99.948459119974714, 25.296506829805192 ], [ -99.953708139833864, 25.300293579778192 ], [ -99.92779890964799, 25.311978450301257 ], [ -99.929486289683013, 25.316349049734182 ], [ -99.940018370173149, 25.318778430311095 ], [ -99.944639350084728, 25.335089509995335 ], [ -99.943939059888052, 25.339216779607163 ], [ -99.93471125994428, 25.345317749925243 ], [ -99.932783419825824, 25.350005719711532 ], [ -99.934874449606824, 25.355904420293836 ], [ -99.94066044978382, 25.357924749751668 ], [ -99.942425799998404, 25.37420945963612 ], [ -99.931671569678173, 25.376967399935456 ], [ -99.927526970151277, 25.385540649822165 ], [ -99.94032257022505, 25.406609550052075 ], [ -99.931833940448755, 25.420341739569562 ] ] ] } },
{ "type": "Feature", "properties": { "code": "19033", "stateCode": "19", "municipalityCode": "033", "name": "Linares" }, "geometry": { "type": "Polygon", "coordinates": [ [ [ -99.364031739847633, 25.15206948043631 ], [ -99.310432220139589, 25.144640679976789 ], [ -99.312601750416334, 25.106597659788733 ], [ -99.265863449586803, 25.103761149882331 ], [ -99.269366369977746, 25.085115149874568 ], [ -99.253839220328672, 25.083983679651823 ], [ -99.251586679606547, 25.095870579550827 ], [ -99.178863370322276, 25.090206620304155 ], [ -99.183119379676711, 25.073005880224304 ], [ -99.196730170474638, 25.07405808033808 ], [ -99.202020779994598, 25.043199220198989 ], [ -99.182725660463447, 25.0407589997127 ], [ -99.181715229859762, 25.043574660392732 ], [ -99.174100979637572, 25.040776140406717 ], [ -99.171943109770567, 25.045913060437883 ], [ -99.167264370190964, 25.046767449871886 ], [ -99.162905920283194, 25.043559859884187 ], [ -99.163611179909537, 25.03492405019071 ], [ -99.15650947977619, 25.028530320212322 ], [ -99.159918660365548, 25.025831540377496 ], [ -99.164904749619993, 25.029511400189936 ], [ -99.171068950184178, 25.024804970222867 ], [ -99.171742079946895, 25.019727629690685 ], [ -99.178308119713861, 25.017664549631682 ], [ -99.180949540409415, 25.011541550021313 ], [ -99.158942910338766, 24.915988169963416 ], [ -99.207433349876794, 24.86139215000582 ], [ -99.181971259886993, 24.776041059963351 ], [ -99.1886531203114, 24.780679600145877 ], [ -99.212885480381303, 24.771674849553772 ], [ -99.294928489705924, 24.804143710011857 ], [ -99.297195619707864, 24.794116910355019 ], [ -99.306830890298912, 24.792027979729948 ], [ -99.310693859980148, 24.787276110063768 ], [ -99.317867770193445, 24.789830569710503 ], [ -99.331665289968498, 24.776243110077441 ], [ -99.364376689768477, 24.77175545975242 ], [ -99.36788007969902, 24.765560580446966 ], [ -99.376373200277229, 24.761443399815878 ], [ -99.381760800079661, 24.747037820357257 ], [ -99.389412429672248, 24.739792569719718 ], [ -99.397594600024092, 24.739900019848449 ], [ -99.40660458028735, 24.734506259659859 ], [ -99.422943819572836, 24.736750369570732 ], [ -99.424997970134584, 24.73005794043528 ], [ -99.430728020465708, 24.725758340351643 ], [ -99.4425962303402, 24.726836309649894 ], [ -99.448076550369592, 24.73220643043264 ], [ -99.47773549027805, 24.712620969601311 ], [ -99.491936150473052, 24.697698479937408 ], [ -99.494132420108528, 24.687995570399821 ], [ -99.500726060128827, 24.679171260108351 ], [ -99.500574679538218, 24.665985309994252 ], [ -99.496029630218501, 24.651038659701936 ], [ -99.499452279600646, 24.641257950251184 ], [ -99.512827819863702, 24.634481450088042 ], [ -99.528200629817448, 24.631644650252316 ], [ -99.537935689941264, 24.622428819989246 ], [ -99.539770350347553, 24.626786460373069 ], [ -99.545063020033595, 24.626516600401054 ], [ -99.547810680355838, 24.624275849838813 ], [ -99.546220520333563, 24.613074770439713 ], [ -99.557206109775024, 24.608714800071624 ], [ -99.557361219807461, 24.612372339902755 ], [ -99.576076309757482, 24.623597120130025 ], [ -99.585782579603446, 24.624355169695082 ], [ -99.592628429575868, 24.619372780241626 ], [ -99.597034279581223, 24.622670399831755 ], [ -99.609448579988126, 24.622490079841846 ], [ -99.704685680479614, 24.575869170150892 ], [ -99.732977770041188, 24.553990780154859 ], [ -99.772263740379728, 24.586198429801222 ], [ -99.778341380154856, 24.602554830252352 ], [ -99.812233290442535, 24.649311489855933 ], [ -99.81126635005613, 24.674059349560878 ], [ -99.838951310412497, 24.743081080023885 ], [ -99.871227120120579, 24.77546504985898 ], [ -99.875119059882834, 24.796657179817501 ], [ -99.873733549634466, 24.810431830407609 ], [ -99.88049489019798, 24.817930059583436 ], [ -99.891155380457093, 24.823285090125573 ], [ -99.862108739884306, 24.839694060112919 ], [ -99.854248029502969, 24.845716850235814 ], [ -99.853890540316144, 24.850134079819743 ], [ -99.881705229935832, 24.868237569576664 ], [ -99.880053379519353, 24.887440770161803 ], [ -99.884283569961198, 24.898012280221479 ], [ -99.940754450320469, 24.858589999642401 ], [ -99.958928199945916, 24.879217850154255 ], [ -99.956291830464281, 24.886481629737691 ], [ -99.961891970357044, 24.894486400119682 ], [ -99.956972659747478, 24.89691178026666 ], [ -99.949549119837855, 24.893331970284063 ], [ -99.938109689996793, 24.897701380003973 ], [ -99.93657274973981, 24.900920459914243 ], [ -99.941944720334661, 24.907498059993468 ], [ -99.939376579567323, 24.914707829835674 ], [ -99.915388650354288, 24.912691320204285 ], [ -99.920906819877075, 24.918727369703589 ], [ -99.913877400287944, 24.922643350331015 ], [ -99.915627999534962, 24.928639109937304 ], [ -99.909280369686414, 24.927068690156389 ], [ -99.901398860120082, 24.933222849654015 ], [ -99.89308221958315, 24.930458879637204 ], [ -99.888537030272104, 24.936619800068083 ], [ -99.882219720338909, 24.929961450208424 ], [ -99.8690423403647, 24.933218119621408 ], [ -99.860947980111831, 24.946822259829201 ], [ -99.835815649805411, 24.957877490073049 ], [ -99.829654910343933, 24.968240449788102 ], [ -99.831867140038, 24.974537600067212 ], [ -99.828573970073677, 24.978330490377118 ], [ -99.817637710359548, 24.982454880313075 ], [ -99.811452249573051, 24.992483680206785 ], [ -99.796141220042344, 24.998518220213874 ], [ -99.792654549863087, 24.993807579884425 ], [ -99.783728769764451, 24.993397680284914 ], [ -99.781097490115258, 24.997483660310582 ], [ -99.770093939801683, 24.99186441963381 ], [ -99.767533430095099, 24.995176319921729 ], [ -99.755494649591697, 24.989682349832997 ], [ -99.745756030046522, 24.990498260400745 ], [ -99.723906920101442, 24.978063600113359 ], [ -99.71535974046607, 24.983255480327664 ], [ -99.714383949598897, 24.973982290319341 ], [ -99.705695799647614, 24.969547850242385 ], [ -99.700289750226673, 24.976167020016447 ], [ -99.696689710401429, 24.976346419894423 ], [ -99.699565119941099, 24.966620049743273 ], [ -99.694447119528149, 24.963796709821093 ], [ -99.689288250062418, 24.966467490380879 ], [ -99.68877991951814, 24.957143229578392 ], [ -99.677251690150314, 24.947745660219397 ], [ -99.673141139618266, 24.949424540128057 ], [ -99.671795710321604, 24.954318279583863 ], [ -99.664096289668208, 24.956388550391715 ], [ -99.656649340031379, 24.95157466027624 ], [ -99.652132489779603, 24.952838680370295 ], [ -99.650895000343297, 24.957954279643687 ], [ -99.656457969546508, 24.963091709981747 ], [ -99.659432679683221, 24.973045649543455 ], [ -99.655846580341006, 24.97848991024339 ], [ -99.650999320208939, 24.978375479610715 ], [ -99.642762910204993, 24.967456420361586 ], [ -99.629491310294142, 24.969877089743289 ], [ -99.616417080164993, 24.964038400024677 ], [ -99.61583667955513, 24.974855320329617 ], [ -99.601985719815545, 24.972437740284285 ], [ -99.594476480348476, 24.990826229981185 ], [ -99.57397475004818, 24.993309150272868 ], [ -99.566613120067402, 25.000559289809278 ], [ -99.548935000271683, 25.000864169617991 ], [ -99.540252000164799, 24.98937914003298 ], [ -99.529382289735466, 24.988744430168161 ], [ -99.528393600087796, 24.995874480304842 ], [ -99.522862710175858, 24.99239691982174 ], [ -99.525644340086885, 25.007654450159858 ], [ -99.511955659547397, 25.00803931014023 ], [ -99.51492582024747, 24.986654769832487 ], [ -99.500754479951652, 24.997929650390951 ], [ -99.485200969685337, 25.003880140162821 ], [ -99.479047380078853, 24.996976750178874 ], [ -99.466338800256892, 24.996714719627857 ], [ -99.454165320491327, 24.988396880256239 ], [ -99.450177169875019, 24.981332629835805 ], [ -99.445156060467866, 24.980067120156846 ], [ -99.440534459572589, 24.984535539545927 ], [ -99.43059777952638, 24.981520850062221 ], [ -99.431693140249095, 24.968516120424269 ], [ -99.420383080033304, 24.968118680054129 ], [ -99.42061330995179, 24.978479319774209 ], [ -99.425937050281561, 24.978385000061252 ], [ -99.425657059640656, 24.984723830130413 ], [ -99.433465089556705, 24.987816339817332 ], [ -99.429001200022768, 24.995915569854979 ], [ -99.423918649819086, 24.995486650206793 ], [ -99.421944719958873, 24.989678749848839 ], [ -99.415742550089661, 24.987336539929508 ], [ -99.409359370109456, 25.021831779766671 ], [ -99.398213650431998, 25.015536370264439 ], [ -99.373593169591757, 25.010177979747539 ], [ -99.369263489758993, 25.037595880221648 ], [ -99.411059860255946, 25.045961030226181 ], [ -99.406376709816072, 25.081911460138681 ], [ -99.398822289689292, 25.080015950200902 ], [ -99.394447149584437, 25.10380245033673 ], [ -99.414766430222699, 25.107457479644335 ], [ -99.409822579743292, 25.133933369934521 ], [ -99.392966000175804, 25.133359750142841 ], [ -99.395834909746256, 25.119305619717576 ], [ -99.383196090067813, 25.118007770095634 ], [ -99.38043091960435, 25.131945479729804 ], [ -99.368081479954185, 25.130540379994123 ], [ -99.364031739847633, 25.15206948043631 ] ], [ [ -99.732497219523182, 24.933147400264598 ], [ -99.738021449567981, 24.895759719621555 ], [ -99.739952430271003, 24.896778770065744 ], [ -99.737024769822227, 24.885622999936576 ], [ -99.741743950319787, 24.884568979654386 ], [ -99.737981979513819, 24.877240259569746 ], [ -99.740835000470156, 24.876809149970367 ], [ -99.740436570086388, 24.863687849947247 ], [ -99.743384320233915, 24.864136690378206 ], [ -99.741363710364993, 24.837475520184771 ], [ -99.668166739680956, 24.837899399702899 ], [ -99.667492829967699, 24.835237220419387 ], [ -99.665125689568356, 24.838194689984149 ], [ -99.654345999604018, 24.836587860353507 ], [ -99.65006038023742, 24.840618510350076 ], [ -99.635615459541455, 24.834896579772259 ], [ -99.626139820107383, 24.837748260173676 ], [ -99.625797519897233, 24.843346629783657 ], [ -99.61619326014609, 24.843090750166667 ], [ -99.615387350180967, 24.862501720372581 ], [ -99.610170080428972, 24.862520770225206 ], [ -99.610114939881868, 24.867152250227321 ], [ -99.618925690203739, 24.869669140090252 ], [ -99.617738940317679, 24.887071430058381 ], [ -99.613737890295013, 24.886569750263813 ], [ -99.613772890194824, 24.905221350349589 ], [ -99.618385289908659, 24.908455120117381 ], [ -99.616175850157504, 24.92918282025542 ], [ -99.732497219523182, 24.933147400264598 ] ] ] } },
{ "type": "Feature", "properties": { "code": "19010", "stateCode": "19", "municipalityCode": "010", "name": "El Carmen" }, "geometry": { "type": "Polygon", "coordinates": [ [ [ -100.369607400105266, 25.982112520358047 ], [ -100.36687142038889, 25.973696629725861 ], [ -100.343762799690239, 25.976035979730948 ], [ -100.313017321375696, 25.945229721402725 ], [ -100.322562616888277, 25.939502257767415 ], [ -100.323353259706323, 25.934400680316433 ], [ -100.332221919812156, 25.927544690383268 ], [ -100.310513519885262, 25.878824400325168 ], [ -100.307691169843096, 25.87988891972056 ], [ -100.303947289553918, 25.867632620305105 ], [ -100.306904598575656, 25.867851310715981 ], [ -100.302037934033095, 25.852170804045361 ], [ -100.298158309836907, 25.848983779973917 ], [ -100.327340029266239, 25.848577661746766 ], [ -100.327236420236346, 25.846566019972478 ], [ -100.379590779089838, 25.848520060494661 ], [ -100.397332138939035, 25.853632630876159 ], [ -100.407403429322471, 25.863980029997617 ], [ -100.425780738782578, 25.893444181300211 ], [ -100.406525370318136, 25.891094460060891 ], [ -100.380547449749372, 25.92852262964194 ], [ -100.369607400105266, 25.982112520358047 ] ] ] } },
{ "type": "Feature", "properties": { "code": "19023", "stateCode": "19", "municipalityCode": "023", "name": "General Treviño" }, "geometry": { "type": "Polygon", "coordinates": [ [ [ -99.363878139953329, 26.329064510100014 ], [ -99.33366689017933, 26.306357540386411 ], [ -99.332447740061269, 26.25282157002253 ], [ -99.401277780045604, 26.139387800109159 ], [ -99.380343080085765, 26.093892740314658 ], [ -99.475844910017628, 26.099277000415984 ], [ -99.48748781979377, 26.113197659928144 ], [ -99.489797749618688, 26.122785599748063 ], [ -99.503094320492622, 26.125449570417956 ], [ -99.527098890351851, 26.1643865397788 ], [ -99.536621279689768, 26.170695280286868 ], [ -99.539714570088307, 26.167194969918238 ], [ -99.554235649996087, 26.18446822016006 ], [ -99.588872019794252, 26.18411404960985 ], [ -99.589463250337374, 26.235302149630407 ], [ -99.545196119751722, 26.236219879751339 ], [ -99.491986720425231, 26.274412420280193 ], [ -99.48020025033594, 26.273025939976666 ], [ -99.475368320061463, 26.267884079825336 ], [ -99.469944890146948, 26.275276919667633 ], [ -99.462601179642462, 26.266264909938801 ], [ -99.46513010951557, 26.313111540440882 ], [ -99.409729820195423, 26.316974979581939 ], [ -99.401236119655394, 26.30479914019411 ], [ -99.394737229849596, 26.30623992032168 ], [ -99.385849019668072, 26.317146659664349 ], [ -99.372115860223914, 26.321941520443907 ], [ -99.363878139953329, 26.329064510100014 ] ] ] } },
{ "type": "Feature", "properties": { "code": "19009", "stateCode": "19", "municipalityCode": "009", "name": "Cadereyta Jiménez" }, "geometry": { "type": "Polygon", "coordinates": [ [ [ -99.930625750273947, 25.694775089840654 ], [ -99.920033600073054, 25.689283060193876 ], [ -99.916318719803229, 25.691042620399973 ], [ -99.91084908976886, 25.686545909914614 ], [ -99.90048365034319, 25.687824109909322 ], [ -99.900529679576493, 25.691345280143501 ], [ -99.896090599578386, 25.691860200242072 ], [ -99.878099780088846, 25.689855829847165 ], [ -99.871607769786593, 25.684386399765145 ], [ -99.849548119927235, 25.685008850262676 ], [ -99.846685019835022, 25.673362539719928 ], [ -99.831151220258008, 25.66840296959305 ], [ -99.831135120009492, 25.659244619861262 ], [ -99.820504259800501, 25.659149080090643 ], [ -99.817160339690304, 25.666289510379904 ], [ -99.814691080457948, 25.664830649757103 ], [ -99.810159619557311, 25.671638910153263 ], [ -99.802183429777884, 25.673477350297293 ], [ -99.7966654595688, 25.670099419580595 ], [ -99.802758289847091, 25.657952059743604 ], [ -99.79990235041231, 25.657564179841597 ], [ -99.787309599513748, 25.673168139786959 ], [ -99.766735490176487, 25.666374680415672 ], [ -99.764745419775153, 25.653464659782308 ], [ -99.751101049510225, 25.651494029973954 ], [ -99.74892751030643, 25.643589089851659 ], [ -99.750667250302385, 25.629050519896552 ], [ -99.73895181963519, 25.62463822967878 ], [ -99.74045937974617, 25.565823579804313 ], [ -99.736434109624028, 25.546251380310505 ], [ -99.73487225960865, 25.550327999982827 ], [ -99.710882319970494, 25.544388910151522 ], [ -99.697991660498573, 25.529892859785253 ], [ -99.693765660072543, 25.517712450429457 ], [ -99.686335650248751, 25.514111290182623 ], [ -99.687114339662287, 25.504147519640284 ], [ -99.696541879834882, 25.494003620427012 ], [ -99.704148280396453, 25.493639319908795 ], [ -99.71188473955479, 25.500744940253156 ], [ -99.71820278031268, 25.499355059560866 ], [ -99.722282679697159, 25.485079089626357 ], [ -99.72880065992608, 25.48165465958801 ], [ -99.731967340230653, 25.471357250001578 ], [ -99.735960510125821, 25.468864619789912 ], [ -99.74124127987433, 25.473502200226577 ], [ -99.748069450131084, 25.469785309995711 ], [ -99.745785139969755, 25.466089709684468 ], [ -99.754403999571039, 25.457185679835511 ], [ -99.76128027992138, 25.45712067975429 ], [ -99.759649569530637, 25.453439309829495 ], [ -99.766300120248189, 25.445897939870633 ], [ -99.77003257049337, 25.432623770064037 ], [ -99.784873030131124, 25.430601820156994 ], [ -99.78650471003894, 25.423964169625439 ], [ -99.792939150044646, 25.417362939961077 ], [ -99.789691340184689, 25.415795539636903 ], [ -99.793231220277505, 25.408651480143092 ], [ -99.788950679898718, 25.399523349551295 ], [ -99.796515999518519, 25.388224709847272 ], [ -99.792377319658087, 25.378932919591428 ], [ -99.797987449788167, 25.373027460158568 ], [ -99.807413450067273, 25.35129310982753 ], [ -99.821668520090469, 25.34548758006564 ], [ -99.827289719578729, 25.339805430040329 ], [ -99.931833940448755, 25.420341739569562 ], [ -99.94032257022505, 25.406609550052075 ], [ -99.934355820385207, 25.394056740319829 ], [ -99.927844619955891, 25.388230619820728 ], [ -99.928384030043389, 25.380705520050018 ], [ -99.93268096954732, 25.376401079622411 ], [ -99.93987340006143, 25.376566570254496 ], [ -99.950378780336933, 25.371620340106887 ], [ -99.950942339977132, 25.363046769659352 ], [ -99.960101019965066, 25.365928920114783 ], [ -99.965149969521406, 25.361884940166107 ], [ -99.972761480088081, 25.364236489761687 ], [ -99.979609020145176, 25.357256650110969 ], [ -99.991127340288259, 25.354581419949763 ], [ -99.996603370460093, 25.356903140225931 ], [ -100.01485077029696, 25.345125509828605 ], [ -100.025719309727791, 25.3518696599664 ], [ -100.044048220407092, 25.351042199565054 ], [ -100.058597170024527, 25.361930250431453 ], [ -100.060682949991829, 25.373548659980809 ], [ -100.0746352300159, 25.385410050021793 ], [ -100.076370680420055, 25.393716229850849 ], [ -100.051176740200944, 25.409334740208866 ], [ -100.059917109644971, 25.417711599605489 ], [ -100.043393799694655, 25.440916880231352 ], [ -100.031338919651375, 25.450871580109666 ], [ -100.037431619783078, 25.447970509660347 ], [ -100.06960645980449, 25.470624570249939 ], [ -100.071215800179772, 25.468779860375047 ], [ -100.096926569540358, 25.503233049758826 ], [ -100.131387720194141, 25.470244679737114 ], [ -100.178804690046491, 25.530304220301975 ], [ -100.173558749607551, 25.537961940292941 ], [ -100.16927731007894, 25.531123480273326 ], [ -100.162702019872199, 25.528838970253858 ], [ -100.162464170354539, 25.525024369997642 ], [ -100.134175450411732, 25.53661882958901 ], [ -100.127013459667651, 25.534990879908378 ], [ -100.125177000019292, 25.531990580182118 ], [ -100.127725490466801, 25.5307398201819 ], [ -100.122550489535627, 25.527086320202503 ], [ -100.12342983040898, 25.522007680416316 ], [ -100.111381090446429, 25.524330940271387 ], [ -100.107081600364083, 25.516584969731596 ], [ -100.101633140158469, 25.513926749595896 ], [ -100.095122220353446, 25.515481889603578 ], [ -100.088028050049843, 25.512054459597241 ], [ -100.073381089875767, 25.521084030376496 ], [ -100.075865029744136, 25.523357059631085 ], [ -100.071897290207957, 25.525646521124386 ], [ -100.060574059648843, 25.515174940291651 ], [ -100.055314880294517, 25.521096310317311 ], [ -100.050116979513191, 25.516278280031738 ], [ -100.073900680090617, 25.540259219744723 ], [ -100.077309140170584, 25.53389872026046 ], [ -100.110749169510768, 25.564821630224678 ], [ -100.106789510032655, 25.568718019719608 ], [ -100.095772520493057, 25.560624199610309 ], [ -100.101765250047933, 25.566143119883275 ], [ -100.097870910416376, 25.569918800234586 ], [ -100.101818799974396, 25.573568049547834 ], [ -100.098505450479649, 25.576555600107834 ], [ -100.090461180495694, 25.57169066014109 ], [ -100.104381000385146, 25.584517950601271 ], [ -100.094194110267168, 25.598289980992519 ], [ -100.086606480432621, 25.601390061153225 ], [ -100.085772309367229, 25.60688992220425 ], [ -100.080389049796437, 25.605078381145571 ], [ -100.074509710071453, 25.610189121159944 ], [ -100.062814310030404, 25.611409661243322 ], [ -100.056048520247728, 25.627993570443969 ], [ -100.042364197624138, 25.620077769667091 ], [ -100.040238880038046, 25.63766730999922 ], [ -100.066044540042029, 25.652691580232691 ], [ -100.055949829805243, 25.661354089662133 ], [ -100.009035150396244, 25.652188720350956 ], [ -99.996179480311753, 25.666544630349438 ], [ -100.003588880045712, 25.666765510106661 ], [ -99.990121599909315, 25.682308510146726 ], [ -99.977479229590301, 25.67846163006347 ], [ -99.970959020387212, 25.679738570454738 ], [ -99.964776519988916, 25.683477720259688 ], [ -99.964849320328838, 25.686443110448632 ], [ -99.96192634963964, 25.685732450300151 ], [ -99.960732520095419, 25.690942260249599 ], [ -99.930625750273947, 25.694775089840654 ] ] ] } },
{ "type": "Feature", "properties": { "code": "19029", "stateCode": "19", "municipalityCode": "029", "name": "Hualahuises" }, "geometry": { "type": "Polygon", "coordinates": [ [ [ -99.732028180088051, 24.933127720065851 ], [ -99.616175850157504, 24.92918282025542 ], [ -99.618385289908659, 24.908455120117381 ], [ -99.613772890194824, 24.905221350349589 ], [ -99.613737890295013, 24.886569750263813 ], [ -99.617738940317679, 24.887071430058381 ], [ -99.618925690203739, 24.869669140090252 ], [ -99.610114939881868, 24.867152250227321 ], [ -99.610170080428972, 24.862520770225206 ], [ -99.615387350180967, 24.862501720372581 ], [ -99.61619326014609, 24.843090750166667 ], [ -99.625797519897233, 24.843346629783657 ], [ -99.626139820107383, 24.837748260173676 ], [ -99.635615459541455, 24.834896579772259 ], [ -99.65006038023742, 24.840618510350076 ], [ -99.654345999604018, 24.836587860353507 ], [ -99.665125689568356, 24.838194689984149 ], [ -99.667492829967699, 24.835237220419387 ], [ -99.668166739680956, 24.837899399702899 ], [ -99.741363710364993, 24.837475520184771 ], [ -99.743384320233915, 24.864136690378206 ], [ -99.740436570086388, 24.863687849947247 ], [ -99.740835000470156, 24.876809149970367 ], [ -99.737981979513819, 24.877240259569746 ], [ -99.741743950319787, 24.884568979654386 ], [ -99.737024769822227, 24.885622999936576 ], [ -99.739952430271003, 24.896778770065744 ], [ -99.738021449567981, 24.895759719621555 ], [ -99.732028180088051, 24.933127720065851 ] ] ] } },
{ "type": "Feature", "properties": { "code": "19030", "stateCode": "19", "municipalityCode": "030", "name": "Iturbide" }, "geometry": { "type": "Polygon", "coordinates": [ [ [ -99.881355510247616, 24.891890580105404 ], [ -99.881705229935832, 24.868237569576664 ], [ -99.853890540316144, 24.850134079819743 ], [ -99.854248029502969, 24.845716850235814 ], [ -99.862108739884306, 24.839694060112919 ], [ -99.891155380457093, 24.823285090125573 ], [ -99.88049489019798, 24.817930059583436 ], [ -99.873733549634466, 24.810431830407609 ], [ -99.875119059882834, 24.796657179817501 ], [ -99.871227120120579, 24.77546504985898 ], [ -99.838951310412497, 24.743081080023885 ], [ -99.81126635005613, 24.674059349560878 ], [ -99.812233290442535, 24.649311489855933 ], [ -99.778341380154856, 24.602554830252352 ], [ -99.772263740379728, 24.586198429801222 ], [ -99.732977770041188, 24.553990780154859 ], [ -99.710313550329019, 24.442124580141741 ], [ -99.742992370055049, 24.41934537014636 ], [ -99.740631659826462, 24.40905137043373 ], [ -99.74400843018924, 24.391677910166674 ], [ -99.762504089863356, 24.39015576983455 ], [ -99.775120909920403, 24.410545249648187 ], [ -99.792293109509842, 24.406719920316604 ], [ -99.803399620425694, 24.428071290171701 ], [ -99.801190620213646, 24.429089580285503 ], [ -99.808456219724022, 24.446425550070384 ], [ -99.836170859913025, 24.472713549884567 ], [ -99.839635049601767, 24.471603489725815 ], [ -99.84784154014713, 24.485578149851808 ], [ -99.838629800345188, 24.495900890394797 ], [ -99.879003879746136, 24.509183779737434 ], [ -99.875440920212654, 24.527038629651575 ], [ -99.854657749517273, 24.553461920181594 ], [ -99.841516650164465, 24.564839569811568 ], [ -99.854014220218929, 24.595881380397813 ], [ -99.866655709547558, 24.618579630297866 ], [ -99.880567310349647, 24.634148379607183 ], [ -99.89916709004261, 24.650700029820463 ], [ -99.948077249506028, 24.68391608038554 ], [ -99.956443580391038, 24.695307710094728 ], [ -99.966186859927546, 24.700046710059102 ], [ -99.972155430444445, 24.705705999655006 ], [ -99.972102600387686, 24.709412940301213 ], [ -99.981162770143953, 24.713722680033129 ], [ -99.982373690160003, 24.718939879866682 ], [ -99.99635041956985, 24.730566290153593 ], [ -99.982954829617285, 24.744923289677931 ], [ -99.976968050306667, 24.744004340174197 ], [ -99.958421149842124, 24.762895739714779 ], [ -99.948099430426367, 24.763778520302743 ], [ -99.962764690440082, 24.779612949940091 ], [ -99.968994449928331, 24.798726920024613 ], [ -99.981751429618768, 24.813053450363853 ], [ -99.98364552014931, 24.825374520416755 ], [ -99.958909829616246, 24.818961720256961 ], [ -99.944452579539416, 24.832695370013763 ], [ -99.928058229609633, 24.826055030070506 ], [ -99.939754749531673, 24.83761345989036 ], [ -99.939986509825729, 24.842620339848938 ], [ -99.943966280156076, 24.842880079825783 ], [ -99.946839919760293, 24.848805830320877 ], [ -99.944367750185961, 24.853353909602927 ], [ -99.950147049619176, 24.854150290356191 ], [ -99.949682549892572, 24.859190059733077 ], [ -99.955023379903707, 24.860519110302 ], [ -99.954114489788452, 24.865157969636851 ], [ -99.958840000166674, 24.867549709969996 ], [ -99.956542370409167, 24.869381780389737 ], [ -99.964543380451204, 24.871778599908342 ], [ -99.963132679850759, 24.875268660178467 ], [ -99.968536290388144, 24.878634289904447 ], [ -99.969430179817479, 24.891046719653975 ], [ -99.963029679763736, 24.89158490991171 ], [ -99.961891970357044, 24.894486400119682 ], [ -99.956291830464281, 24.886481629737691 ], [ -99.958928199945916, 24.879217850154255 ], [ -99.940754450320469, 24.858589999642401 ], [ -99.884283569961198, 24.898012280221479 ], [ -99.881355510247616, 24.891890580105404 ] ] ] } },
{ "type": "Feature", "properties": { "code": "19006", "stateCode": "19", "municipalityCode": "006", "name": "Apodaca" }, "geometry": { "type": "Polygon", "coordinates": [ [ [ -100.253924864752534, 25.879154750990342 ], [ -100.24286514039278, 25.852389690053112 ], [ -100.235339879768148, 25.863202951186349 ], [ -100.174624969704951, 25.86256685998374 ], [ -100.17244991977384, 25.860360081340012 ], [ -100.169994090305977, 25.862359220183642 ], [ -100.145889979827032, 25.853967570907571 ], [ -100.134713339091206, 25.845772950977441 ], [ -100.127476569162454, 25.847558310277083 ], [ -100.116767649218517, 25.844653691319305 ], [ -100.114088999103146, 25.836939770050371 ], [ -100.130244689599181, 25.830339220608639 ], [ -100.131869750382947, 25.821067181337671 ], [ -100.12807213978806, 25.814557751141233 ], [ -100.120690579740852, 25.813505400372726 ], [ -100.101173418758393, 25.800370969955814 ], [ -100.105699379313009, 25.792429000341865 ], [ -100.101977259972813, 25.790575451131701 ], [ -100.101037400405517, 25.778413770051717 ], [ -100.104940059814325, 25.767824599711005 ], [ -100.112844649253219, 25.759600171242148 ], [ -100.135188079036439, 25.743250659670949 ], [ -100.135556338908131, 25.738081152317591 ], [ -100.148573818479306, 25.731089433899953 ], [ -100.124298549396599, 25.734620260871573 ], [ -100.124908118606726, 25.716222369900319 ], [ -100.11501588034757, 25.715700080089736 ], [ -100.115609460011669, 25.709131110692486 ], [ -100.109717089325088, 25.708237890029334 ], [ -100.106823919583988, 25.701409800327554 ], [ -100.116361378508373, 25.70324904998505 ], [ -100.117041978524313, 25.696597950637781 ], [ -100.122599164103264, 25.697916719372916 ], [ -100.120523091156883, 25.696743276753093 ], [ -100.123074373037667, 25.694097340683204 ], [ -100.13107415279049, 25.697302797610657 ], [ -100.131471090435511, 25.700613860106969 ], [ -100.138714008480918, 25.701474110023035 ], [ -100.138895728124268, 25.704913232491108 ], [ -100.1412716617169, 25.701891392525788 ], [ -100.154986334157329, 25.704340428716737 ], [ -100.154455451857416, 25.708298014305278 ], [ -100.158267702388841, 25.705793628655368 ], [ -100.173688758169348, 25.707387072985949 ], [ -100.176499343418953, 25.711580069076202 ], [ -100.184614363920886, 25.712449477576811 ], [ -100.178400302428059, 25.729392493278855 ], [ -100.206942796520494, 25.731779390795491 ], [ -100.237959630246223, 25.746001250407026 ], [ -100.244855569407719, 25.75560640125941 ], [ -100.267134770321348, 25.764253480957922 ], [ -100.269976877086904, 25.802026139979905 ], [ -100.261253690414037, 25.802012031880857 ], [ -100.265866108623044, 25.830206171257512 ], [ -100.272761230394053, 25.849417980533349 ], [ -100.271654290118718, 25.871762569629954 ], [ -100.253924864752534, 25.879154750990342 ] ] ] } },
{ "type": "Feature", "properties": { "code": "19028", "stateCode": "19", "municipalityCode": "028", "name": "Higueras" }, "geometry": { "type": "Polygon", "coordinates": [ [ [ -100.01507806002904, 26.165182569551813 ], [ -100.00173925014505, 26.164182430280057 ], [ -99.997034170405826, 26.160417200157198 ], [ -99.977634419800907, 26.164119150042627 ], [ -99.961864320199396, 26.162746799733643 ], [ -99.949617449700497, 26.15435100030631 ], [ -99.94819796995786, 26.145581169551988 ], [ -99.940174280440786, 26.13489939978291 ], [ -99.938737380476184, 26.120555940342214 ], [ -99.927959030067072, 26.113948919705475 ], [ -99.92695451010168, 26.096662429634986 ], [ -99.917454920154057, 26.087600750232522 ], [ -99.919428710264356, 26.062944199559674 ], [ -99.915738000297651, 26.064947419553008 ], [ -99.91454105949515, 26.062426720437628 ], [ -99.918889820468266, 26.049467220099476 ], [ -99.90511773968899, 26.037482249590663 ], [ -99.900469830277359, 26.035960940037761 ], [ -99.891558180199269, 26.04210158016695 ], [ -99.883208430176978, 26.037205319917664 ], [ -99.88338899984285, 26.0316220202536 ], [ -99.897758979988339, 26.036502030000054 ], [ -99.900230090279763, 26.030090739855467 ], [ -99.891720339870275, 26.026187649932481 ], [ -99.898450740047494, 26.024485950067561 ], [ -99.896749509952841, 26.016843510188597 ], [ -99.890647969679208, 26.014332019672004 ], [ -99.895158910049403, 26.008024279665594 ], [ -99.882650430096007, 26.006907619718703 ], [ -99.880226109842383, 25.994459720267439 ], [ -99.894129860448402, 25.982546860111984 ], [ -99.898455750134218, 25.971236459716561 ], [ -99.914234849891969, 25.958393319637288 ], [ -99.91429633996492, 25.945755689820384 ], [ -99.924350319619123, 25.932497480201423 ], [ -99.924119599977061, 25.926308490024265 ], [ -99.930100279981104, 25.924235769677274 ], [ -99.945432570075241, 25.909492549654242 ], [ -99.950688319944788, 25.908644619791961 ], [ -99.951502350384885, 25.905196600377838 ], [ -99.997754780252137, 25.919975109627245 ], [ -100.064883710109086, 25.918033460013429 ], [ -100.083889650080579, 25.952046980358229 ], [ -100.081477380083172, 25.95656337038438 ], [ -100.074687799665696, 25.949195679879736 ], [ -100.052015690235976, 25.964379310169473 ], [ -100.062715659604876, 25.977863320067197 ], [ -100.077534430424691, 26.019481619889849 ], [ -100.104371020033156, 25.996524739786917 ], [ -100.11069188010552, 26.012735420119053 ], [ -100.1139895696233, 26.014442829583064 ], [ -100.113484000135685, 26.025203109876461 ], [ -100.117445250129379, 26.029046680199745 ], [ -100.118132449569885, 26.038112279614211 ], [ -100.074791920347181, 26.062558490317151 ], [ -100.104435179790698, 26.117194679868465 ], [ -100.066667829582542, 26.131070280104073 ], [ -100.023029629967269, 26.152049799554174 ], [ -100.021226649631913, 26.162304139780986 ], [ -100.01507806002904, 26.165182569551813 ] ] ] } },
{ "type": "Feature", "properties": { "code": "19025", "stateCode": "19", "municipalityCode": "025", "name": "General Zuazua" }, "geometry": { "type": "Polygon", "coordinates": [ [ [ -100.077534430424691, 26.019481619889849 ], [ -100.062715659604876, 25.977863320067197 ], [ -100.052015690235976, 25.964379310169473 ], [ -100.074687799665696, 25.949195679879736 ], [ -100.081477380083172, 25.95656337038438 ], [ -100.083889650080579, 25.952046980358229 ], [ -100.060873089738493, 25.912549290295441 ], [ -100.0687600197801, 25.880824750091012 ], [ -100.083972630372998, 25.870449180415449 ], [ -100.081988290198069, 25.865860740389863 ], [ -100.085773920117063, 25.868168690248229 ], [ -100.092655689629552, 25.859906229693919 ], [ -100.092952779754867, 25.853291169712357 ], [ -100.094873849534281, 25.851424479995067 ], [ -100.096968799991387, 25.853883459932096 ], [ -100.101799970072278, 25.847992769591695 ], [ -100.097563379574638, 25.847396949976172 ], [ -100.097997779738975, 25.834465799919318 ], [ -100.107980218816053, 25.831772910785727 ], [ -100.114736089748178, 25.836469979841638 ], [ -100.117438400007089, 25.845105119957886 ], [ -100.127476569162397, 25.847558310277119 ], [ -100.134713339091149, 25.845772950977459 ], [ -100.145889979827061, 25.853967570907521 ], [ -100.16999409030592, 25.862359220183592 ], [ -100.172449919773882, 25.860360081339955 ], [ -100.174624969704979, 25.862566859983762 ], [ -100.23533987976819, 25.863202951186359 ], [ -100.242865140392823, 25.85238969005302 ], [ -100.25441222009097, 25.880357999908856 ], [ -100.239275799707841, 25.903254769820464 ], [ -100.241212370130725, 25.906986649993833 ], [ -100.236274580363656, 25.914592510236496 ], [ -100.223094419783209, 25.907897480038141 ], [ -100.217943119906934, 25.914051109616711 ], [ -100.210508279903493, 25.898651249829353 ], [ -100.197570570028176, 25.917231539696207 ], [ -100.190419350494594, 25.915012080053113 ], [ -100.185682380129094, 25.920650179884017 ], [ -100.179944380132483, 25.921146030379209 ], [ -100.176702050121747, 25.914618969961378 ], [ -100.182706619692297, 25.912698549879472 ], [ -100.174101000149037, 25.909968430429892 ], [ -100.157872749848238, 25.923496000394323 ], [ -100.167313919986, 25.932102219869069 ], [ -100.163284659802486, 25.939576420272829 ], [ -100.149363880470304, 25.944790381078008 ], [ -100.139269339884947, 25.961917859845084 ], [ -100.120298109854332, 25.968411749915031 ], [ -100.126164629745332, 25.974479829587541 ], [ -100.122261319938389, 25.98189682989598 ], [ -100.126261889805292, 25.982514860277625 ], [ -100.125947080016488, 25.984846480398389 ], [ -100.111297449740491, 25.990349140070688 ], [ -100.077534430424691, 26.019481619889849 ] ] ] } },
{ "type": "Feature", "properties": { "code": "19046", "stateCode": "19", "municipalityCode": "046", "name": "San Nicolás de los Garza" }, "geometry": { "type": "Polygon", "coordinates": [ [ [ -100.26697237324295, 25.770433481350828 ], [ -100.267134770321348, 25.764253480957922 ], [ -100.244855569407719, 25.75560640125941 ], [ -100.237959630246223, 25.746001250407026 ], [ -100.206680309850483, 25.732762121956817 ], [ -100.203813804831199, 25.718154860322738 ], [ -100.218924517479209, 25.711727332099265 ], [ -100.232289479695524, 25.713134518446513 ], [ -100.232530250294971, 25.710849252441953 ], [ -100.263799510335829, 25.701224370877895 ], [ -100.268223940079466, 25.703272150042242 ], [ -100.268623059339561, 25.708242020261967 ], [ -100.283836950415733, 25.708064571183087 ], [ -100.317056019625994, 25.722662079742292 ], [ -100.317055738709257, 25.734867171055946 ], [ -100.323905419037217, 25.737690680996035 ], [ -100.322121799209597, 25.750110080561704 ], [ -100.336779318705695, 25.762679982341464 ], [ -100.26697237324295, 25.770433481350828 ] ] ] } },
{ "type": "Feature", "properties": { "code": "19021", "stateCode": "19", "municipalityCode": "021", "name": "General Escobedo" }, "geometry": { "type": "Polygon", "coordinates": [ [ [ -100.468464939187442, 25.898266170972281 ], [ -100.44281103028608, 25.890482179723026 ], [ -100.427583220070886, 25.895696050600808 ], [ -100.407403429322471, 25.863980029997617 ], [ -100.397332138939035, 25.853632630876159 ], [ -100.379590779089838, 25.848520060494661 ], [ -100.327236420236346, 25.846566019972478 ], [ -100.327340029266239, 25.848577661746766 ], [ -100.272761230394096, 25.849417980533385 ], [ -100.265866108623001, 25.830206171257469 ], [ -100.26125369041398, 25.802012031880857 ], [ -100.269976877086933, 25.802026139979919 ], [ -100.266977909786576, 25.770549570234458 ], [ -100.340475926948926, 25.762208513866337 ], [ -100.355933168937511, 25.785131932785379 ], [ -100.36730791990243, 25.791422627392908 ], [ -100.387193635946062, 25.797346296531543 ], [ -100.39342951528657, 25.792767658146857 ], [ -100.403502461841768, 25.796542705059039 ], [ -100.411064604549622, 25.7903333601637 ], [ -100.417460247573132, 25.789678421077664 ], [ -100.468464939187442, 25.898266170972281 ] ] ] } },
{ "type": "Feature", "properties": { "code": "19003", "stateCode": "19", "municipalityCode": "003", "name": "Los Aldamas" }, "geometry": { "type": "Polygon", "coordinates": [ [ [ -99.33366689017933, 26.306357540386411 ], [ -99.260001570208132, 26.252849980086538 ], [ -99.197835969980417, 26.258682319654493 ], [ -99.167019419843783, 26.075468279959647 ], [ -99.173307949607448, 26.078311490090019 ], [ -99.188024200178376, 26.075444770226593 ], [ -99.194335399793133, 26.066295709853744 ], [ -99.188292219714356, 26.064387050277336 ], [ -99.191554342007962, 26.060680240469445 ], [ -99.188672199683609, 26.058156490319394 ], [ -99.189410880360072, 26.050081260181589 ], [ -99.193629979974375, 26.045019259888587 ], [ -99.186533419922426, 26.040944540245988 ], [ -99.189731679712281, 26.029831720402392 ], [ -99.198108800123961, 26.024383890291759 ], [ -99.192201619927957, 26.00460188007974 ], [ -99.194641199874226, 25.999518970422692 ], [ -99.192172800108352, 25.993198830063193 ], [ -99.185945739877951, 25.990810460235011 ], [ -99.183014719753146, 25.982943800276999 ], [ -99.178727399734228, 25.986956689929407 ], [ -99.17253140003352, 25.986271450253689 ], [ -99.171397139871161, 25.978377880147026 ], [ -99.178255680008803, 25.978054089956562 ], [ -99.179236889688866, 25.968597179822478 ], [ -99.185749799933362, 25.967461679944485 ], [ -99.188488050398362, 25.958641489610226 ], [ -99.183960370152889, 25.949903890074189 ], [ -99.185568059902138, 25.944896710355813 ], [ -99.182458949098802, 25.934607400461676 ], [ -99.183270549311274, 25.931391739853833 ], [ -99.193577569579745, 25.930704650781394 ], [ -99.19507588925552, 25.927896800162092 ], [ -99.194382970299827, 25.922465310248732 ], [ -99.187034180256632, 25.919805169885954 ], [ -99.192195350013932, 25.908988249632639 ], [ -99.188961370016528, 25.904783400043385 ], [ -99.191446109703506, 25.895464569769501 ], [ -99.212566819553757, 25.894549480428289 ], [ -99.215822049496452, 25.891914780165035 ], [ -99.230047830438181, 25.89446845025482 ], [ -99.241248740039978, 25.88781714994261 ], [ -99.244116859800741, 25.895218509959523 ], [ -99.251185450141634, 25.899638519844924 ], [ -99.250248179833733, 25.902731369756008 ], [ -99.265910849691153, 25.916132550079958 ], [ -99.275425460383474, 25.912171050090915 ], [ -99.287492459718479, 25.900054379753144 ], [ -99.296170429910674, 25.89867660044013 ], [ -99.304984799920774, 25.907127620283173 ], [ -99.306001119935388, 25.91742000011509 ], [ -99.312818229587378, 25.92539862030107 ], [ -99.332287819701079, 25.914419550388999 ], [ -99.331999220265274, 25.930684860350127 ], [ -99.334826879570301, 25.931815920434531 ], [ -99.335923980009099, 25.938828280237793 ], [ -99.334251260262022, 25.993512149889469 ], [ -99.361732259632049, 26.053824830070184 ], [ -99.365734049625431, 26.054245740074446 ], [ -99.365803739946529, 26.062866479752746 ], [ -99.401277780045604, 26.139387800109159 ], [ -99.332447740061269, 26.25282157002253 ], [ -99.33366689017933, 26.306357540386411 ] ] ] } },
{ "type": "Feature", "properties": { "code": "19042", "stateCode": "19", "municipalityCode": "042", "name": "Los Ramones" }, "geometry": { "type": "Polygon", "coordinates": [ [ [ -99.677026380454066, 25.929240940393363 ], [ -99.667561419805409, 25.916485120375679 ], [ -99.66232822954926, 25.900205169901042 ], [ -99.627427889611127, 25.863748350364506 ], [ -99.53869905982414, 25.90160868982997 ], [ -99.539556430125842, 25.855891459920471 ], [ -99.553651659594323, 25.849200429582567 ], [ -99.551014199644612, 25.840970110145239 ], [ -99.560655249524416, 25.83793715023177 ], [ -99.560534829719046, 25.831168649882375 ], [ -99.503135999626537, 25.846912139877062 ], [ -99.488317230058456, 25.816221780224225 ], [ -99.481716680074626, 25.822252149898141 ], [ -99.478586279938568, 25.820326079975125 ], [ -99.471450480160939, 25.825514230349469 ], [ -99.458591400338491, 25.83884822018948 ], [ -99.401815819866997, 25.771576710175673 ], [ -99.405563859952139, 25.766055349645953 ], [ -99.402594949932237, 25.761692859893543 ], [ -99.4261448803571, 25.753682150292903 ], [ -99.441531579910233, 25.743028739867469 ], [ -99.419006820290065, 25.714802119955081 ], [ -99.44546508980838, 25.698233250279127 ], [ -99.443609950019436, 25.69260062022715 ], [ -99.447095020365083, 25.697203169861226 ], [ -99.461227320018324, 25.688232980231255 ], [ -99.413929370285373, 25.623231020313909 ], [ -99.417631650281763, 25.600383650360047 ], [ -99.421173770307917, 25.600386950310032 ], [ -99.432212449550946, 25.536556059839523 ], [ -99.432112319802314, 25.532937800270304 ], [ -99.4263205402126, 25.530111319870816 ], [ -99.417583019778235, 25.531244710423188 ], [ -99.410795829820486, 25.514478310324645 ], [ -99.410982169693852, 25.502571429835875 ], [ -99.411704720049286, 25.499741079692903 ], [ -99.424584180243727, 25.500840849580065 ], [ -99.424203719955358, 25.476795349723179 ], [ -99.439840980109366, 25.478487919906772 ], [ -99.459860119655062, 25.487795459782959 ], [ -99.465959449936435, 25.485149580143833 ], [ -99.458057480436082, 25.460861090229223 ], [ -99.466964949565593, 25.456988939726099 ], [ -99.473713020384537, 25.461191150394974 ], [ -99.485394380199239, 25.460761660157686 ], [ -99.496663919972448, 25.468793980061907 ], [ -99.515542880464892, 25.46123182002755 ], [ -99.514621479529765, 25.453824829750229 ], [ -99.522603430096055, 25.447145229857117 ], [ -99.530793179958309, 25.454562109833031 ], [ -99.532059849569961, 25.4647707102535 ], [ -99.537961399762338, 25.467387060087631 ], [ -99.536155690458813, 25.470398150000452 ], [ -99.54243677950214, 25.476902600066797 ], [ -99.541279430227021, 25.48494014008827 ], [ -99.549651450437892, 25.488122939954931 ], [ -99.565591369963656, 25.487946049715333 ], [ -99.571365259524839, 25.492695630116 ], [ -99.588834750322036, 25.487476090209398 ], [ -99.593326489880127, 25.490819510236904 ], [ -99.594845540088784, 25.500090750285668 ], [ -99.632026830129547, 25.497661290065984 ], [ -99.629653280409698, 25.471224739880558 ], [ -99.641856709806902, 25.470331290398704 ], [ -99.640181749700233, 25.453808349747344 ], [ -99.647800090233659, 25.454971679806476 ], [ -99.649666520484146, 25.476799620342064 ], [ -99.671073429791917, 25.47510046042591 ], [ -99.664285519788919, 25.39624254981792 ], [ -99.674718449727266, 25.398493110330882 ], [ -99.674432220004789, 25.395050479748583 ], [ -99.680257600478129, 25.394898520400531 ], [ -99.682783179936351, 25.424125319792335 ], [ -99.690277749529344, 25.419265540375079 ], [ -99.690495979823183, 25.422141739986959 ], [ -99.70276680030895, 25.42338989038906 ], [ -99.698848140053343, 25.378905719979773 ], [ -99.785180430153488, 25.429966679944016 ], [ -99.77003257049337, 25.432623770064037 ], [ -99.766300120248189, 25.445897939870633 ], [ -99.759649569530637, 25.453439309829495 ], [ -99.76128027992138, 25.45712067975429 ], [ -99.754403999571039, 25.457185679835511 ], [ -99.745785139969755, 25.466089709684468 ], [ -99.748069450131084, 25.469785309995711 ], [ -99.74124127987433, 25.473502200226577 ], [ -99.735960510125821, 25.468864619789912 ], [ -99.731967340230653, 25.471357250001578 ], [ -99.72880065992608, 25.48165465958801 ], [ -99.722282679697159, 25.485079089626357 ], [ -99.71820278031268, 25.499355059560866 ], [ -99.71188473955479, 25.500744940253156 ], [ -99.70438025016611, 25.493745200376505 ], [ -99.697240829981666, 25.493688479553345 ], [ -99.687114339662287, 25.504147519640284 ], [ -99.686201430034188, 25.513366020097706 ], [ -99.693765660072543, 25.517712450429457 ], [ -99.697991660498573, 25.529892859785253 ], [ -99.710882319970494, 25.544388910151522 ], [ -99.73487225960865, 25.550327999982827 ], [ -99.736434109624028, 25.546251380310505 ], [ -99.74045937974617, 25.565823579804313 ], [ -99.738987449798401, 25.624740430373183 ], [ -99.750781249862712, 25.629265490215726 ], [ -99.74892751030643, 25.643589089851659 ], [ -99.751101049510225, 25.651494029973954 ], [ -99.764745419775153, 25.653464659782308 ], [ -99.766735490176487, 25.666374680415672 ], [ -99.782074800417334, 25.671416139825798 ], [ -99.778551749599274, 25.681152510226138 ], [ -99.765759310034611, 25.695458540072185 ], [ -99.758044490060229, 25.73575825997823 ], [ -99.717596400371164, 25.72582688034953 ], [ -99.662057379859903, 25.780989429994349 ], [ -99.680328079686205, 25.791205779963782 ], [ -99.683669939526425, 25.797350110068447 ], [ -99.681455689919915, 25.820749850311998 ], [ -99.683557618961572, 25.825519289769503 ], [ -99.677551289913652, 25.826633290078313 ], [ -99.678782689770657, 25.836157260255643 ], [ -99.674578740369554, 25.836160940387963 ], [ -99.673387380035365, 25.840297320321344 ], [ -99.666495539839232, 25.843541819900292 ], [ -99.666728710256223, 25.847186350357696 ], [ -99.694613710006308, 25.870158800271156 ], [ -99.708119260349264, 25.887956170055883 ], [ -99.704705089620049, 25.893237419606894 ], [ -99.699926149537916, 25.891391509582061 ], [ -99.706849920281272, 25.903010249760971 ], [ -99.677026380454066, 25.929240940393363 ] ] ] } },
{ "type": "Feature", "properties": { "code": "19018", "stateCode": "19", "municipalityCode": "018", "name": "García" }, "geometry": { "type": "Polygon", "coordinates": [ [ [ -100.737434220156359, 25.983477920287722 ], [ -100.720401510455744, 25.944722710090165 ], [ -100.675248690048434, 25.950509450021372 ], [ -100.669347599731637, 25.946664220086024 ], [ -100.66568034026534, 25.951883230454523 ], [ -100.657304180242733, 25.950078420020425 ], [ -100.647500540258591, 25.958732380170705 ], [ -100.617438980245694, 25.9670791200429 ], [ -100.61195567962173, 25.947669829713146 ], [ -100.611614149614965, 25.862735849682306 ], [ -100.600539569662601, 25.873316370185464 ], [ -100.574767829583507, 25.881428150409807 ], [ -100.523585219680186, 25.905873619632807 ], [ -100.503995029771843, 25.900808940325078 ], [ -100.497827120251003, 25.902813520151181 ], [ -100.490187380456206, 25.899070770215239 ], [ -100.468464939187442, 25.898266170972281 ], [ -100.418371918954492, 25.790891050544985 ], [ -100.415367794413527, 25.789419371442591 ], [ -100.441646569521282, 25.720515690135201 ], [ -100.476621089962691, 25.7318580806268 ], [ -100.509827149014825, 25.749954181040017 ], [ -100.51291648000749, 25.743880110508012 ], [ -100.534673419654212, 25.727408399854479 ], [ -100.549474340458474, 25.710109799944746 ], [ -100.554540480222187, 25.713630849637756 ], [ -100.565496029678997, 25.701242719894747 ], [ -100.575735339887572, 25.719225259701261 ], [ -100.591923970325865, 25.722136429564223 ], [ -100.602537650401388, 25.713773689755293 ], [ -100.602452279816276, 25.704414569558452 ], [ -100.645325429938936, 25.693164750176678 ], [ -100.669480340337842, 25.662217150430479 ], [ -100.709071169181897, 25.658353520364159 ], [ -100.699861478904339, 25.638835709877437 ], [ -100.723409829029777, 25.626980340213912 ], [ -100.729772888962259, 25.633895659906464 ], [ -100.783420247657091, 25.639678430032397 ], [ -100.780409828010519, 25.645729429565517 ], [ -100.787775279004549, 25.683597220994614 ], [ -100.803698708921161, 25.70875538021151 ], [ -100.805613950072356, 25.72430180036687 ], [ -100.825123597582234, 25.751721121092693 ], [ -100.861901399625637, 25.818478621268017 ], [ -100.8470687100139, 25.857885721061606 ], [ -100.83576556913745, 25.866594309853223 ], [ -100.82266893904827, 25.916884540831497 ], [ -100.827244819795084, 25.920496710076094 ], [ -100.834424880146784, 25.945042910184206 ], [ -100.824304799610104, 25.944112719970825 ], [ -100.818255970489872, 25.950085779568436 ], [ -100.816152619570119, 25.939954679585586 ], [ -100.775000180118184, 25.950218950132886 ], [ -100.753901600110837, 25.96043315011028 ], [ -100.737434220156359, 25.983477920287722 ] ] ] } },
{ "type": "Feature", "properties": { "code": "19017", "stateCode": "19", "municipalityCode": "017", "name": "Galeana" }, "geometry": { "type": "Polygon", "coordinates": [ [ [ -100.589170708924016, 25.25366425105177 ], [ -100.547839050025033, 25.243631800047481 ], [ -100.472517379059838, 25.231195661275834 ], [ -100.326102079684375, 25.185487049718461 ], [ -100.322929650308552, 25.170720049993182 ], [ -100.297796879582251, 25.152566340324633 ], [ -100.253458449576883, 25.130564219675087 ], [ -100.2721187999839, 25.109796919829353 ], [ -100.263425459885596, 25.105461370425335 ], [ -100.263082309684961, 25.098362539875865 ], [ -100.257830249781648, 25.094383829777801 ], [ -100.255167979688082, 25.096154690253908 ], [ -100.244747420269235, 25.081480689628901 ], [ -100.24593407965915, 25.077218769578355 ], [ -100.238927219603852, 25.065265650026742 ], [ -100.226536349589438, 25.061608919857228 ], [ -100.226352860067038, 25.053069509784905 ], [ -100.213781950325711, 25.045388600437096 ], [ -100.200345620173707, 25.020510880301909 ], [ -100.18824231960923, 25.029179450407639 ], [ -100.184437939721121, 25.020737199641793 ], [ -100.175614940018605, 25.014319249956092 ], [ -100.165531150411482, 25.009817459977675 ], [ -100.159736970476388, 25.013597740265219 ], [ -100.129558799718239, 24.944153080048352 ], [ -100.081925690085939, 24.911010969635928 ], [ -100.065781650137183, 24.889928859845408 ], [ -99.989924150218513, 24.904083769661664 ], [ -99.963333260042859, 24.875583379565484 ], [ -99.964543380451204, 24.871778599908342 ], [ -99.956542370409167, 24.869381780389737 ], [ -99.958840000166674, 24.867549709969996 ], [ -99.954114489788452, 24.865157969636851 ], [ -99.955023379903707, 24.860519110302 ], [ -99.949682549892572, 24.859190059733077 ], [ -99.950147049619176, 24.854150290356191 ], [ -99.944367750185961, 24.853353909602927 ], [ -99.946839919760293, 24.848805830320877 ], [ -99.943966280156076, 24.842880079825783 ], [ -99.939986509825729, 24.842620339848938 ], [ -99.939754749531673, 24.83761345989036 ], [ -99.928058229609633, 24.826055030070506 ], [ -99.944452579539416, 24.832695370013763 ], [ -99.958909829616246, 24.818961720256961 ], [ -99.98364552014931, 24.825374520416755 ], [ -99.981751429618768, 24.813053450363853 ], [ -99.968994449928331, 24.798726920024613 ], [ -99.962764690440082, 24.779612949940091 ], [ -99.948099430426367, 24.763778520302743 ], [ -99.958421149842124, 24.762895739714779 ], [ -99.976968050306667, 24.744004340174197 ], [ -99.982954829617285, 24.744923289677931 ], [ -99.99635041956985, 24.730566290153593 ], [ -99.982373690160003, 24.718939879866682 ], [ -99.981162770143953, 24.713722680033129 ], [ -99.972102600387686, 24.709412940301213 ], [ -99.972155430444445, 24.705705999655006 ], [ -99.966186859927546, 24.700046710059102 ], [ -99.956443580391038, 24.695307710094728 ], [ -99.948077249506028, 24.68391608038554 ], [ -99.89916709004261, 24.650700029820463 ], [ -99.866655709547558, 24.618579630297866 ], [ -99.841516650164465, 24.564839569811568 ], [ -99.854657749517273, 24.553461920181594 ], [ -99.875440920212654, 24.527038629651575 ], [ -99.879003879746136, 24.509183779737434 ], [ -99.854796620102121, 24.500980200366133 ], [ -99.894190939973711, 24.470248999848494 ], [ -99.888672680440962, 24.454080490432457 ], [ -99.908658689781447, 24.447950259773886 ], [ -99.917894679537056, 24.451512050392818 ], [ -99.911381420153447, 24.45986401974276 ], [ -99.938852779691601, 24.464838059891097 ], [ -99.957434770157974, 24.462868089823917 ], [ -99.974315920068989, 24.474493600049723 ], [ -99.999348059847975, 24.464266770400783 ], [ -99.998093110038781, 24.454470180178603 ], [ -100.009849220311963, 24.454742650336168 ], [ -100.023458889815998, 24.459524429616678 ], [ -100.061340749997143, 24.455723830010299 ], [ -100.060089370216645, 24.451669719924592 ], [ -100.076626480016301, 24.442117600388148 ], [ -100.091067369782877, 24.452456460209238 ], [ -100.066956379545175, 24.35377199968698 ], [ -100.073549979792745, 24.309767179920907 ], [ -100.106111030246652, 24.299269449932272 ], [ -100.11519308982291, 24.310261970437345 ], [ -100.153520650215498, 24.298819430337019 ], [ -100.167137260271829, 24.284005180100056 ], [ -100.173809170048727, 24.282758630339412 ], [ -100.169490889949557, 24.263338489749479 ], [ -100.186972630313562, 24.263699859838265 ], [ -100.18677230964758, 24.284986149702732 ], [ -100.181442319797839, 24.283444879580109 ], [ -100.186463649757144, 24.302028600348393 ], [ -100.200769080305861, 24.289690369636219 ], [ -100.257219220166192, 24.317995079989181 ], [ -100.273453419889933, 24.254577980044719 ], [ -100.315166290341068, 24.315838659841628 ], [ -100.348194969757273, 24.311568829588211 ], [ -100.364693380303905, 24.332510630022028 ], [ -100.405236659637822, 24.371846860281508 ], [ -100.432745339818581, 24.439673249613659 ], [ -100.446916740265479, 24.438764050074486 ], [ -100.444021600334722, 24.42170081983279 ], [ -100.49611705048838, 24.409970140187983 ], [ -100.504150450133722, 24.456373549759675 ], [ -100.521922969866225, 24.446932650049479 ], [ -100.55167931042881, 24.438763690239792 ], [ -100.603533340362105, 24.401300059597475 ], [ -100.711210090288958, 24.491521830307388 ], [ -100.742324290458399, 24.460435460101209 ], [ -100.799934119799474, 24.556186079903881 ], [ -100.805472939537282, 24.596340121007461 ], [ -100.796978248822356, 24.750806910743975 ], [ -100.827413488609935, 24.824207890791243 ], [ -100.826132419976318, 24.835004570312581 ], [ -100.727495488895258, 24.918716549584396 ], [ -100.791463000397712, 24.97405068039512 ], [ -100.792063088830645, 24.979148180747117 ], [ -100.821505598728564, 24.996710830856628 ], [ -100.803130449578816, 25.16525845968458 ], [ -100.708887779902597, 25.236457570160674 ], [ -100.62275545031487, 25.250898861281136 ], [ -100.589170708924016, 25.25366425105177 ] ] ] } },
{ "type": "Feature", "properties": { "code": "19016", "stateCode": "19", "municipalityCode": "016", "name": "Doctor González" }, "geometry": { "type": "Polygon", "coordinates": [ [ [ -99.802079660286452, 25.995578249593009 ], [ -99.80302134989094, 25.990340289796588 ], [ -99.795736780444358, 25.990067819662208 ], [ -99.795779680296476, 25.987164649824791 ], [ -99.792143079674631, 25.988974450149694 ], [ -99.78873291964068, 25.984025690198585 ], [ -99.782016849840474, 25.984419480377902 ], [ -99.780484910108314, 25.980045489724969 ], [ -99.766795950131836, 25.984464910244984 ], [ -99.762646999582984, 25.977812619743315 ], [ -99.745045250308792, 25.975592599832254 ], [ -99.742897709599958, 25.966998340193559 ], [ -99.729636710084492, 25.962611850147486 ], [ -99.716597459919328, 25.950007799679621 ], [ -99.702812120231357, 25.949202000115715 ], [ -99.691097710316598, 25.937205339873696 ], [ -99.679380280121251, 25.932258939987936 ], [ -99.67790602978954, 25.929950350200816 ], [ -99.706849920281272, 25.903010249760971 ], [ -99.699926149537916, 25.891391509582061 ], [ -99.704705089620049, 25.893237419606894 ], [ -99.708119260349264, 25.887956170055883 ], [ -99.694613710006308, 25.870158800271156 ], [ -99.666728710256223, 25.847186350357696 ], [ -99.666495539839232, 25.843541819900292 ], [ -99.673387380035365, 25.840297320321344 ], [ -99.674578740369554, 25.836160940387963 ], [ -99.678782689770657, 25.836157260255643 ], [ -99.677551289913652, 25.826633290078313 ], [ -99.683557618961572, 25.825519289769503 ], [ -99.681455689919915, 25.820749850311998 ], [ -99.683669939526425, 25.797350110068447 ], [ -99.680328079686205, 25.791205779963782 ], [ -99.662057379859903, 25.780989429994349 ], [ -99.717596400371164, 25.72582688034953 ], [ -99.758044490060229, 25.73575825997823 ], [ -99.766612890470995, 25.695194320111952 ], [ -99.77919886040911, 25.711017139890973 ], [ -99.791219419829147, 25.711430720341593 ], [ -99.798475619775203, 25.724988710281412 ], [ -99.827736888576496, 25.73923568029792 ], [ -99.842855520291025, 25.737688180290913 ], [ -99.870996949528845, 25.74423251022138 ], [ -99.882229339861709, 25.747945909859119 ], [ -99.889739200046861, 25.75689557967484 ], [ -99.894213509568303, 25.756341279796363 ], [ -99.894119080387512, 25.760080340437899 ], [ -99.90025043037781, 25.763835939852836 ], [ -99.898244909864246, 25.771587600321563 ], [ -99.901908779936647, 25.772326780382532 ], [ -99.902997109565931, 25.776534740196603 ], [ -99.894094679507731, 25.779164119738265 ], [ -99.892596250296606, 25.788304350111559 ], [ -99.904730200045179, 25.790326079856293 ], [ -99.901080719932594, 25.803285179664513 ], [ -99.918963429773626, 25.805357719803087 ], [ -99.934946220240349, 25.827297369611472 ], [ -99.940055629561257, 25.827260820398518 ], [ -99.947057019580697, 25.832680489801206 ], [ -99.965548550095647, 25.834778879805246 ], [ -99.96917627988644, 25.83831757009257 ], [ -99.98306081953487, 25.903875079680066 ], [ -99.970601029707922, 25.888815909682641 ], [ -99.944970889597556, 25.88358839988107 ], [ -99.951499309805882, 25.887943619742099 ], [ -99.951658549790963, 25.894263949621283 ], [ -99.944151800400576, 25.891502479710187 ], [ -99.802079660286452, 25.995578249593009 ] ] ] } },
{ "type": "Feature", "properties": { "code": "19011", "stateCode": "19", "municipalityCode": "011", "name": "Cerralvo" }, "geometry": { "type": "Polygon", "coordinates": [ [ [ -99.62546417979911, 26.248117480186767 ], [ -99.618259680213242, 26.252407519970721 ], [ -99.617251079888774, 26.242491579852878 ], [ -99.611629019933972, 26.244400380030079 ], [ -99.608309450179831, 26.23785605971187 ], [ -99.589463250337374, 26.235302149630407 ], [ -99.588872019794252, 26.18411404960985 ], [ -99.554235649996087, 26.18446822016006 ], [ -99.539714570088307, 26.167194969918238 ], [ -99.536621279689768, 26.170695280286868 ], [ -99.527098890351851, 26.1643865397788 ], [ -99.503094320492622, 26.125449570417956 ], [ -99.489797749618688, 26.122785599748063 ], [ -99.48748781979377, 26.113197659928144 ], [ -99.475844910017628, 26.099277000415984 ], [ -99.573771570309077, 26.094968659636322 ], [ -99.58714272514662, 26.092228059279677 ], [ -99.606498392533268, 26.072971723323175 ], [ -99.585883200367476, 26.041915649991179 ], [ -99.588603279713425, 26.04031085989666 ], [ -99.520328459638989, 25.923560739832027 ], [ -99.538027420101287, 25.912767309658637 ], [ -99.53869905982414, 25.90160868982997 ], [ -99.627427889611127, 25.863748350364506 ], [ -99.66232822954926, 25.900205169901042 ], [ -99.667561419805409, 25.916485120375679 ], [ -99.67291904957699, 25.920564800047142 ], [ -99.673515109523422, 25.927522430017142 ], [ -99.680338179618559, 25.933140920154436 ], [ -99.691097710316598, 25.937205339873696 ], [ -99.702812120231357, 25.949202000115715 ], [ -99.716597459919328, 25.950007799679621 ], [ -99.729636710084492, 25.962611850147486 ], [ -99.742897709599958, 25.966998340193559 ], [ -99.745045250308792, 25.975592599832254 ], [ -99.762646999582984, 25.977812619743315 ], [ -99.766795950131836, 25.984464910244984 ], [ -99.780484910108314, 25.980045489724969 ], [ -99.782016849840474, 25.984419480377902 ], [ -99.78873291964068, 25.984025690198585 ], [ -99.792143079674631, 25.988974450149694 ], [ -99.795779680296476, 25.987164649824791 ], [ -99.795736780444358, 25.990067819662208 ], [ -99.80302134989094, 25.990340289796588 ], [ -99.801579600183331, 25.995116860364707 ], [ -99.80573836965219, 25.998796970186937 ], [ -99.800619380164932, 26.002126979671317 ], [ -99.805161369878419, 26.001860950204154 ], [ -99.803855880482388, 26.006704749825285 ], [ -99.810670419522992, 26.005658400367874 ], [ -99.808080339947693, 26.007460819911472 ], [ -99.813706850150467, 26.011149399979232 ], [ -99.813349710222312, 26.015379059710895 ], [ -99.818605059934825, 26.015858859550164 ], [ -99.816245680121142, 26.018184679965337 ], [ -99.84112987969344, 26.015145539882948 ], [ -99.835942049515324, 26.020312230286525 ], [ -99.844711549879648, 26.020120429940114 ], [ -99.845648450442965, 26.024446949724357 ], [ -99.861455580322982, 26.00889689021907 ], [ -99.870572150299097, 26.015427199948324 ], [ -99.868468000365468, 26.018501659720769 ], [ -99.872170950408091, 26.01508214019379 ], [ -99.884118489974384, 26.021871520318431 ], [ -99.890647969679208, 26.014332019672004 ], [ -99.896749509952841, 26.016843510188597 ], [ -99.898450740047494, 26.024485950067561 ], [ -99.891720339870275, 26.026187649932481 ], [ -99.89995265985219, 26.02859825024748 ], [ -99.897758979988339, 26.036502030000054 ], [ -99.886277979779891, 26.031427890052498 ], [ -99.88338899984285, 26.0316220202536 ], [ -99.883208430176978, 26.037205319917664 ], [ -99.891558180199269, 26.04210158016695 ], [ -99.900469830277359, 26.035960940037761 ], [ -99.90511773968899, 26.037482249590663 ], [ -99.918889820468266, 26.049467220099476 ], [ -99.91454105949515, 26.062426720437628 ], [ -99.915738000297651, 26.064947419553008 ], [ -99.919428710264356, 26.062944199559674 ], [ -99.917454920154057, 26.087600750232522 ], [ -99.92695451010168, 26.096662429634986 ], [ -99.927959030067072, 26.113948919705475 ], [ -99.938737380476184, 26.120555940342214 ], [ -99.940174280440786, 26.13489939978291 ], [ -99.94819796995786, 26.145581169551988 ], [ -99.949617449700497, 26.15435100030631 ], [ -99.961864320199396, 26.162746799733643 ], [ -99.967835449917686, 26.162894849682889 ], [ -99.970668799949848, 26.195384080232557 ], [ -99.966951170491114, 26.200368380400739 ], [ -99.946392430395619, 26.193743920391604 ], [ -99.927641540494307, 26.195965479574124 ], [ -99.920317940255046, 26.18702987970045 ], [ -99.8788407101366, 26.174003820218029 ], [ -99.859299819629243, 26.150876910022497 ], [ -99.828949690282116, 26.153648020371236 ], [ -99.821579629921928, 26.156626319618077 ], [ -99.822605600123367, 26.159930140265573 ], [ -99.815793319507605, 26.169290049576151 ], [ -99.802270290153317, 26.167834889712264 ], [ -99.780120780421498, 26.176200319580548 ], [ -99.738682770486264, 26.17070265029399 ], [ -99.727122079509343, 26.183885450200176 ], [ -99.636218280038989, 26.247268800362512 ], [ -99.627839949960759, 26.256534319861686 ], [ -99.62546417979911, 26.248117480186767 ] ] ] } },
{ "type": "Feature", "properties": { "code": "19044", "stateCode": "19", "municipalityCode": "044", "name": "Sabinas Hidalgo" }, "geometry": { "type": "Polygon", "coordinates": [ [ [ -100.252578380434088, 26.908503180018066 ], [ -100.254512400065906, 26.900207540331479 ], [ -100.247370780134105, 26.898389779911007 ], [ -100.250948080153705, 26.882280030380677 ], [ -100.170195000106006, 26.871965230400686 ], [ -100.137632449984736, 26.810594259729154 ], [ -100.145579770165213, 26.804803539990576 ], [ -100.149038849718551, 26.797386779637836 ], [ -100.08806009036887, 26.799197720215343 ], [ -100.077654779657308, 26.785239119771422 ], [ -100.078142880329594, 26.778320020077015 ], [ -100.087524279667861, 26.766711260011061 ], [ -100.083628649551912, 26.760995400350797 ], [ -100.079621319946725, 26.761168939918978 ], [ -100.075286019763865, 26.751393620130688 ], [ -100.061674400061918, 26.746074340013354 ], [ -100.058874880089959, 26.742133580303108 ], [ -100.058275820295435, 26.725695480286021 ], [ -100.055344370478778, 26.721992779981576 ], [ -100.056582539767433, 26.70262038003851 ], [ -100.053448779539934, 26.697207120382757 ], [ -100.045860829744186, 26.694190420341553 ], [ -100.042897249661749, 26.684151249819433 ], [ -100.044298229538455, 26.675077910303546 ], [ -100.037341599723476, 26.673603380227281 ], [ -100.101373149940017, 26.635701429631563 ], [ -100.085982570507639, 26.628295119703225 ], [ -100.059170659764064, 26.599596089755771 ], [ -100.07321416950181, 26.589377480002618 ], [ -100.071591340005753, 26.58761063039341 ], [ -100.037689149808941, 26.588123690099909 ], [ -100.046514340005743, 26.557276449596682 ], [ -100.020442259873249, 26.554669419819888 ], [ -100.023456250441114, 26.540816980251304 ], [ -100.015269399708799, 26.542236940142697 ], [ -100.025405090120103, 26.498130689835428 ], [ -100.039021060092793, 26.493547679997917 ], [ -100.037208109897449, 26.486292580130712 ], [ -100.029868680426802, 26.483038050431499 ], [ -100.030215449962071, 26.477913780435195 ], [ -100.035574909915113, 26.478162150010096 ], [ -100.037110909549924, 26.481154170127706 ], [ -100.036436710021988, 26.47483734987264 ], [ -100.030437379680549, 26.474607739543185 ], [ -100.030771740228261, 26.469808680199961 ], [ -100.009539430315954, 26.467199199594717 ], [ -100.009465890403419, 26.472995570456497 ], [ -100.005588479950461, 26.472938600196184 ], [ -100.009013679629888, 26.455511450301209 ], [ -100.020052910194678, 26.456881120034161 ], [ -100.020418650041307, 26.45387357027337 ], [ -99.998590979931024, 26.455056019954736 ], [ -99.998761749925706, 26.449836490362031 ], [ -99.99606954032582, 26.453903880035007 ], [ -99.992595119769476, 26.449289949570261 ], [ -99.985571509535589, 26.447264030281069 ], [ -99.97355165976181, 26.449264259851063 ], [ -99.980806090370166, 26.446756140274665 ], [ -99.982679020454952, 26.442770630199686 ], [ -99.978548379740033, 26.441239770394063 ], [ -99.988967890057211, 26.418157550137913 ], [ -99.987746019882991, 26.411680689595254 ], [ -99.97381357007545, 26.39441682966909 ], [ -99.928399060044271, 26.387313849589344 ], [ -99.928442579683249, 26.371631309543229 ], [ -99.922923030458463, 26.371060029771535 ], [ -99.9246683698602, 26.359624890387927 ], [ -99.928031570496245, 26.360615569579991 ], [ -99.927717230060452, 26.355703280118366 ], [ -99.921274370358489, 26.353805779766692 ], [ -99.925544459667123, 26.328691489734879 ], [ -99.928184280383661, 26.328996999992359 ], [ -99.939714230299998, 26.307379109744652 ], [ -99.93500477025394, 26.3067674497015 ], [ -99.955624950213007, 26.238831229563196 ], [ -100.022749629771823, 26.252274419587778 ], [ -100.018207860137736, 26.256249280036911 ], [ -100.035283380329403, 26.270475850042487 ], [ -100.030359400341666, 26.276299619797516 ], [ -100.034030570474414, 26.278848740121905 ], [ -100.045363349636162, 26.276083660175434 ], [ -100.053744949698313, 26.292938050083169 ], [ -100.051146259570331, 26.295071150063233 ], [ -100.057600380458922, 26.301619229934985 ], [ -100.054422429546278, 26.306321599651749 ], [ -100.064398519858173, 26.306317689567145 ], [ -100.10293991967562, 26.319731379707825 ], [ -100.187691620136448, 26.327930310167208 ], [ -100.19205377996748, 26.335239149841016 ], [ -100.192108890024883, 26.343795650191264 ], [ -100.19501817990421, 26.345134920441978 ], [ -100.195397490496788, 26.361788309702803 ], [ -100.200136480483124, 26.366520349805931 ], [ -100.197838259992864, 26.374655479862749 ], [ -100.200137350239856, 26.390870429729027 ], [ -100.197838920432716, 26.392817830189657 ], [ -100.216379920000776, 26.404632949816165 ], [ -100.218521540336695, 26.420478649644316 ], [ -100.224006910286931, 26.427015339699903 ], [ -100.236796720459225, 26.431439260446442 ], [ -100.234353019844065, 26.438295060258174 ], [ -100.227076260221537, 26.440638509664108 ], [ -100.227089720381301, 26.445059030171425 ], [ -100.242845549627631, 26.457316769630122 ], [ -100.224282109623502, 26.482392090141452 ], [ -100.223411719630562, 26.495482029746164 ], [ -100.228675079978046, 26.501368719875853 ], [ -100.241165550002577, 26.500418819713509 ], [ -100.249637649960192, 26.503980320447731 ], [ -100.258187710014198, 26.520829139770949 ], [ -100.264831050331878, 26.564609550014492 ], [ -100.279161149728949, 26.604104429999417 ], [ -100.290900950421914, 26.623089219849959 ], [ -100.305111619701648, 26.622586599800133 ], [ -100.330615309535517, 26.630715419794726 ], [ -100.331817919899962, 26.649793660257391 ], [ -100.326338860356614, 26.649986649678329 ], [ -100.323393380392829, 26.665016710147246 ], [ -100.31961513997031, 26.664341550078127 ], [ -100.329706229706943, 26.694004030353117 ], [ -100.344583879508633, 26.6934085201625 ], [ -100.350867399803349, 26.708043350322438 ], [ -100.344987969751827, 26.716970750038747 ], [ -100.351044849649, 26.745196379587547 ], [ -100.358361420146792, 26.743822020260918 ], [ -100.366005050471998, 26.788401169862528 ], [ -100.305223539505292, 26.790054450089965 ], [ -100.304750909642351, 26.809073309631259 ], [ -100.327010339690432, 26.853605220067298 ], [ -100.300507179848637, 26.847070060360402 ], [ -100.279743059551961, 26.88562734044492 ], [ -100.272245089615836, 26.912913150195404 ], [ -100.252578380434088, 26.908503180018066 ] ] ] } },
{ "type": "Feature", "properties": { "code": "19004", "stateCode": "19", "municipalityCode": "004", "name": "Allende" }, "geometry": { "type": "Polygon", "coordinates": [ [ [ -99.942728579895999, 25.372359290227184 ], [ -99.94066044978382, 25.357924749751668 ], [ -99.935044649800716, 25.356073430161459 ], [ -99.93277199985188, 25.350294020365709 ], [ -99.93471125994428, 25.345317749925243 ], [ -99.944594199548007, 25.337771449552793 ], [ -99.942386619862958, 25.324476139715927 ], [ -99.939230399798021, 25.318034060191057 ], [ -99.929486289683013, 25.316349049734182 ], [ -99.92779890964799, 25.311978450301257 ], [ -99.953708139833864, 25.300293579778192 ], [ -99.948459119974714, 25.296506829805192 ], [ -99.937397340186848, 25.29945442009609 ], [ -99.938528489790869, 25.288906819840058 ], [ -99.944536940453474, 25.287732430204404 ], [ -99.946724509570501, 25.284115859548393 ], [ -99.953623220093746, 25.286079309756637 ], [ -99.957819060305468, 25.27515835019792 ], [ -99.966192119516805, 25.278920280120445 ], [ -99.970763679991776, 25.273835350065216 ], [ -99.971351060194962, 25.265241369572131 ], [ -99.977727180322773, 25.268129309601644 ], [ -99.983597599909842, 25.26395762044169 ], [ -99.991329780155525, 25.26631793987141 ], [ -99.998812108552485, 25.258990510320551 ], [ -100.005838520132841, 25.260352820287668 ], [ -100.028593850229299, 25.253333950367963 ], [ -100.042049049706861, 25.231415859889307 ], [ -100.056112429825987, 25.229260889657123 ], [ -100.061857660322445, 25.224300920333977 ], [ -100.065901220421864, 25.224832850276098 ], [ -100.066494750398235, 25.228062369833346 ], [ -100.071489290023663, 25.225931379681452 ], [ -100.073836430181913, 25.229990179689679 ], [ -100.071023739587261, 25.230702919620114 ], [ -100.087224619509925, 25.238313710099987 ], [ -100.08539854981268, 25.246262179606575 ], [ -100.09277760019107, 25.253917319772871 ], [ -100.101589780281287, 25.255844910383125 ], [ -100.099327909876465, 25.261930169571656 ], [ -100.110494600313672, 25.263806509947305 ], [ -100.11375123009654, 25.267238280372464 ], [ -100.112459450240095, 25.270203200395052 ], [ -100.124184649690221, 25.279956979767988 ], [ -100.133190289728645, 25.294941480374632 ], [ -100.139797969992244, 25.300104619995885 ], [ -100.076296350480689, 25.336065770246883 ], [ -100.058173600155612, 25.36149979986979 ], [ -100.044048220407092, 25.351042199565054 ], [ -100.025719309727791, 25.3518696599664 ], [ -100.01485077029696, 25.345125509828605 ], [ -99.996603370460093, 25.356903140225931 ], [ -99.991127340288259, 25.354581419949763 ], [ -99.979609020145176, 25.357256650110969 ], [ -99.972761480088081, 25.364236489761687 ], [ -99.965149969521406, 25.361884940166107 ], [ -99.960101019965066, 25.365928920114783 ], [ -99.95110225982836, 25.362975350025508 ], [ -99.950781029678325, 25.371200879842618 ], [ -99.942728579895999, 25.372359290227184 ] ] ] } },
{ "type": "Feature", "properties": { "code": "19022", "stateCode": "19", "municipalityCode": "022", "name": "General Terán" }, "geometry": { "type": "Polygon", "coordinates": [ [ [ -99.594673430077037, 25.499072480348595 ], [ -99.593326489880127, 25.490819510236904 ], [ -99.588834750322036, 25.487476090209398 ], [ -99.571365259524839, 25.492695630116 ], [ -99.565591369963656, 25.487946049715333 ], [ -99.549651450437892, 25.488122939954931 ], [ -99.541279430227021, 25.48494014008827 ], [ -99.54243677950214, 25.476902600066797 ], [ -99.536155690458813, 25.470398150000452 ], [ -99.537961399762338, 25.467387060087631 ], [ -99.532059849569961, 25.4647707102535 ], [ -99.530793179958309, 25.454562109833031 ], [ -99.522603430096055, 25.447145229857117 ], [ -99.514621479529765, 25.453824829750229 ], [ -99.515542880464892, 25.46123182002755 ], [ -99.496663919972448, 25.468793980061907 ], [ -99.485394380199239, 25.460761660157686 ], [ -99.473713020384537, 25.461191150394974 ], [ -99.466964949565593, 25.456988939726099 ], [ -99.458057480436082, 25.460861090229223 ], [ -99.465959449936435, 25.485149580143833 ], [ -99.459860119655062, 25.487795459782959 ], [ -99.439840980109366, 25.478487919906772 ], [ -99.417982349660434, 25.475779309815682 ], [ -99.417401850065332, 25.480782750006778 ], [ -99.386724889795445, 25.496776569862291 ], [ -99.35729805036263, 25.478049029894688 ], [ -99.366984750211216, 25.464141110030223 ], [ -99.354367880283448, 25.468132819988231 ], [ -99.352947450124148, 25.465522089871495 ], [ -99.360880880245631, 25.458809739797747 ], [ -99.340575319543831, 25.452411910055108 ], [ -99.323647780079199, 25.437530600229799 ], [ -99.32641433953799, 25.430253180369647 ], [ -99.310852480220618, 25.401626980115953 ], [ -99.279522800382807, 25.401045629683235 ], [ -99.278013690276765, 25.417435859851089 ], [ -99.25856630969227, 25.424544650413338 ], [ -99.255939479638187, 25.413737150306954 ], [ -99.242670079861384, 25.414621829611068 ], [ -99.223281460417738, 25.402049910200301 ], [ -99.231233540098728, 25.395856139712539 ], [ -99.229164680002128, 25.382711459585792 ], [ -99.224403750479027, 25.384972199776691 ], [ -99.223672569717237, 25.377749339658628 ], [ -99.203168310285875, 25.377746279654804 ], [ -99.201944629779248, 25.371354369954492 ], [ -99.190808050372098, 25.375200650405077 ], [ -99.183364689508096, 25.366337260205793 ], [ -99.166921139757804, 25.382823339961565 ], [ -99.113090349865928, 25.3283253400433 ], [ -99.092011259940705, 25.336030939668206 ], [ -99.081654780421687, 25.32354924993572 ], [ -99.056924350077267, 25.259994740442838 ], [ -99.035611290355504, 25.266347090190617 ], [ -99.022407320355498, 25.214678489840139 ], [ -99.072601799732823, 25.214026170263654 ], [ -99.051249089872869, 25.194577400017586 ], [ -99.046484510013556, 25.198018769747861 ], [ -99.044936649909246, 25.193239740010881 ], [ -99.051956969867589, 25.182917220077115 ], [ -99.049358569714983, 25.18085746017972 ], [ -99.069513479546828, 25.172823690394292 ], [ -99.031892510377418, 25.135103739947706 ], [ -99.032084549821732, 25.122962149644508 ], [ -99.03938817985771, 25.119611570380968 ], [ -99.042020090381783, 25.122981980106477 ], [ -99.047932860225941, 25.120281970234014 ], [ -99.052609089517247, 25.127113219883128 ], [ -99.059992309960748, 25.117691459829185 ], [ -99.067737280479292, 25.116133920412036 ], [ -99.067277229855847, 25.110691520305885 ], [ -99.072966119899561, 25.10815947987523 ], [ -99.070201720425942, 25.102720170284261 ], [ -99.078209629844167, 25.100737170031223 ], [ -99.071387319755175, 25.096710980285494 ], [ -99.078763750150088, 25.092120399773652 ], [ -99.074980060043785, 25.088495350281121 ], [ -99.080280750264919, 25.083429349648711 ], [ -99.078730030335834, 25.079165249843772 ], [ -99.08223342978394, 25.073584140015043 ], [ -99.08545782036893, 25.077237050446616 ], [ -99.097512260120254, 25.078216580116273 ], [ -99.094191710302781, 25.074473289880327 ], [ -99.101464430223615, 25.069364480218027 ], [ -99.095771880276899, 25.067004599881489 ], [ -99.0976131100104, 25.063121119729619 ], [ -99.099952350316016, 25.064759350160401 ], [ -99.113786740298707, 25.05614151013172 ], [ -99.127422000389117, 25.055930450408511 ], [ -99.135092799574053, 25.050380019928919 ], [ -99.157650769874522, 25.056450379781207 ], [ -99.160864109885864, 25.054841829609639 ], [ -99.162278599773714, 25.047059749973968 ], [ -99.171943109770567, 25.045913060437883 ], [ -99.174100979637572, 25.040776140406717 ], [ -99.181715229859762, 25.043574660392732 ], [ -99.182725660463447, 25.0407589997127 ], [ -99.202020779994598, 25.043199220198989 ], [ -99.196730170474638, 25.07405808033808 ], [ -99.183119379676711, 25.073005880224304 ], [ -99.178863370322276, 25.090206620304155 ], [ -99.251586679606547, 25.095870579550827 ], [ -99.253839220328672, 25.083983679651823 ], [ -99.269366369977746, 25.085115149874568 ], [ -99.265863449586803, 25.103761149882331 ], [ -99.312601750416334, 25.106597659788733 ], [ -99.310432220139589, 25.144640679976789 ], [ -99.364031739847633, 25.15206948043631 ], [ -99.368081479954185, 25.130540379994123 ], [ -99.38043091960435, 25.131945479729804 ], [ -99.383196090067813, 25.118007770095634 ], [ -99.395834909746256, 25.119305619717576 ], [ -99.392966000175804, 25.133359750142841 ], [ -99.409822579743292, 25.133933369934521 ], [ -99.41641646045079, 25.093808980414721 ], [ -99.452156710478022, 25.099385049892867 ], [ -99.445447949641647, 25.141669400331605 ], [ -99.479608660187282, 25.145218120352798 ], [ -99.477587029734366, 25.159005339914028 ], [ -99.48087140006119, 25.158469320201824 ], [ -99.480103320333043, 25.154788339790638 ], [ -99.483169019641565, 25.155238110021379 ], [ -99.482685709711689, 25.149894029609666 ], [ -99.487991179905521, 25.150536779858044 ], [ -99.496920150052091, 25.143044339655873 ], [ -99.496701140098608, 25.13765915024258 ], [ -99.501012030396936, 25.137002750282772 ], [ -99.500727750385693, 25.13296541973229 ], [ -99.50998285981423, 25.132259719715986 ], [ -99.518347719921863, 25.123140799668434 ], [ -99.522248250237922, 25.124729799807788 ], [ -99.522836579518625, 25.118951460171171 ], [ -99.529355939656043, 25.115719480226559 ], [ -99.532213539866902, 25.117263630299423 ], [ -99.535852490017064, 25.113524110170641 ], [ -99.539645970232925, 25.114723170068672 ], [ -99.542509680084564, 25.110705280121511 ], [ -99.548970740320897, 25.113146479942312 ], [ -99.565822750412053, 25.111165509875427 ], [ -99.566735600232789, 25.105369059899168 ], [ -99.576306860031394, 25.101238690402887 ], [ -99.583255979721727, 25.090708630320709 ], [ -99.615053630400766, 25.115952750193948 ], [ -99.610743030248429, 25.12044750986966 ], [ -99.627871820225536, 25.134330970051032 ], [ -99.636931780268256, 25.127837940296903 ], [ -99.641420740083433, 25.128794510105664 ], [ -99.664031679629346, 25.146510829660393 ], [ -99.65800928043052, 25.153303429703477 ], [ -99.696319999664269, 25.183300279893768 ], [ -99.722954319608533, 25.218115860002229 ], [ -99.730245509646167, 25.217947909879062 ], [ -99.738393539740457, 25.211052369836867 ], [ -99.743178490114644, 25.211822279773653 ], [ -99.744509649693683, 25.218163849750592 ], [ -99.745910089993856, 25.211424630079687 ], [ -99.750602799529446, 25.20840610979667 ], [ -99.754563319910233, 25.222723090424733 ], [ -99.759280120153392, 25.227525019847036 ], [ -99.751369649632593, 25.228481430079615 ], [ -99.747881089819316, 25.230979680251668 ], [ -99.747250570443853, 25.237437420308506 ], [ -99.740629519787461, 25.239702377890687 ], [ -99.746498000467824, 25.247337029884736 ], [ -99.749512689667412, 25.262137800078193 ], [ -99.765180350239447, 25.280263149702581 ], [ -99.774058910448574, 25.276082830227715 ], [ -99.771295570265181, 25.272848550044021 ], [ -99.775563969859036, 25.270090950433364 ], [ -99.777108569666311, 25.27198604981519 ], [ -99.780703689511967, 25.266538000353066 ], [ -99.795007770273727, 25.283318480084237 ], [ -99.782445939981244, 25.341050890269052 ], [ -99.783684290114437, 25.348446460277895 ], [ -99.800156939597215, 25.368435649619215 ], [ -99.792161630113284, 25.379608180141396 ], [ -99.796515999518519, 25.388224709847272 ], [ -99.788950679898718, 25.399523349551295 ], [ -99.793231220277505, 25.408651480143092 ], [ -99.789691340184689, 25.415795539636903 ], [ -99.792939150044646, 25.417362939961077 ], [ -99.78650471003894, 25.423964169625439 ], [ -99.785180430153488, 25.429966679944016 ], [ -99.698848140053343, 25.378905719979773 ], [ -99.70276680030895, 25.42338989038906 ], [ -99.690495979823183, 25.422141739986959 ], [ -99.690277749529344, 25.419265540375079 ], [ -99.682783179936351, 25.424125319792335 ], [ -99.680257600478129, 25.394898520400531 ], [ -99.674432220004789, 25.395050479748583 ], [ -99.674718449727266, 25.398493110330882 ], [ -99.664285519788919, 25.39624254981792 ], [ -99.671073429791917, 25.47510046042591 ], [ -99.649666520484146, 25.476799620342064 ], [ -99.647800090233659, 25.454971679806476 ], [ -99.640181749700233, 25.453808349747344 ], [ -99.641856709806902, 25.470331290398704 ], [ -99.629653280409698, 25.471224739880558 ], [ -99.632026830129547, 25.497661290065984 ], [ -99.594673430077037, 25.499072480348595 ] ] ] } },
{ "type": "Feature", "properties": { "code": "19024", "stateCode": "19", "municipalityCode": "024", "name": "General Zaragoza" }, "geometry": { "type": "Polygon", "coordinates": [ [ [ -99.541892710059756, 24.033649170173263 ], [ -99.54091206020756, 23.997271629867939 ], [ -99.520024859631931, 23.990578139621103 ], [ -99.486939860225434, 23.96050061994567 ], [ -99.456870718774283, 23.866063049737981 ], [ -99.493791079885696, 23.878692980077606 ], [ -99.576680849578295, 23.775462060039015 ], [ -99.602167479773584, 23.762870879987211 ], [ -99.619486320414751, 23.759662400350155 ], [ -99.683377739841362, 23.776648200170396 ], [ -99.769013890092708, 23.784488120452313 ], [ -99.805518909966821, 23.784297920179345 ], [ -99.860659980401138, 23.77446249004274 ], [ -99.882847309625632, 23.723577600346406 ], [ -99.893411909802737, 23.744844479654361 ], [ -99.907917549754458, 23.789972430182871 ], [ -99.910305550330591, 23.785409419741118 ], [ -99.9449577804114, 23.787917170301981 ], [ -99.942281739983656, 23.838018079760026 ], [ -99.972222250272267, 23.840060309705361 ], [ -99.974460920289857, 23.847539769695302 ], [ -99.969028340077756, 23.84722570993738 ], [ -99.964783199910983, 23.857011779737444 ], [ -100.030423939557409, 23.885164919930958 ], [ -100.024271750319414, 23.894389830255246 ], [ -100.017794749935774, 23.942085120447523 ], [ -100.008565769580173, 23.942631709554856 ], [ -99.985497649783397, 23.990869909833982 ], [ -99.972797060268576, 24.005091050097597 ], [ -99.918159480393598, 24.002483050187646 ], [ -99.87816919975181, 24.017205090115674 ], [ -99.87977165023527, 23.989645150361177 ], [ -99.86753982048694, 23.997675320006358 ], [ -99.862005019821694, 23.990431079690648 ], [ -99.852987690393775, 23.99817191972566 ], [ -99.842116549793516, 23.983532720350993 ], [ -99.844165680087329, 23.991252829558672 ], [ -99.836571489851579, 24.005233580098189 ], [ -99.788874179645163, 24.01211634047565 ], [ -99.786559629699155, 24.015011520179314 ], [ -99.780734719510505, 24.010095090389584 ], [ -99.77476841954855, 23.99454785037199 ], [ -99.768233019559489, 23.990786279652248 ], [ -99.766729780135066, 23.984477920138453 ], [ -99.749133260003376, 23.997125420314589 ], [ -99.755029890255742, 24.011430999700675 ], [ -99.742932740128737, 24.028823309822421 ], [ -99.720831940397531, 24.027698650280634 ], [ -99.689341600197807, 24.033245740383293 ], [ -99.675931750227988, 24.038907059842007 ], [ -99.578841120210143, 24.036889709988284 ], [ -99.570901710277539, 24.039366909645054 ], [ -99.541892710059756, 24.033649170173263 ] ] ] } },
{ "type": "Feature", "properties": { "code": "19039", "stateCode": "19", "municipalityCode": "039", "name": "Monterrey" }, "geometry": { "type": "Polygon", "coordinates": [ [ [ -100.387004875271231, 25.797292424525164 ], [ -100.35593316893754, 25.785131932785358 ], [ -100.340475926948884, 25.762208513866319 ], [ -100.336779318705695, 25.762679982341464 ], [ -100.322121799209597, 25.750110080561704 ], [ -100.323905419037217, 25.737690680996035 ], [ -100.317055738709257, 25.734867171055946 ], [ -100.317056019625994, 25.722662079742292 ], [ -100.283836950415733, 25.708064571183087 ], [ -100.268623059339561, 25.708242020261967 ], [ -100.268223940079466, 25.703272150042242 ], [ -100.261815538251724, 25.701228378178978 ], [ -100.261273119215375, 25.68265507968119 ], [ -100.270908349111608, 25.681435828510317 ], [ -100.275936940102454, 25.676332459678957 ], [ -100.271721949921172, 25.676437226428902 ], [ -100.274224509471196, 25.67352876993051 ], [ -100.268985449315906, 25.66003804958028 ], [ -100.273570088472965, 25.655679890640563 ], [ -100.268097319651091, 25.650781170253033 ], [ -100.274292979383574, 25.646981822896134 ], [ -100.269234478287473, 25.639986603952707 ], [ -100.27269868701417, 25.625248095254481 ], [ -100.269450887032875, 25.621475310937988 ], [ -100.243269938607341, 25.62611017043433 ], [ -100.243231118786028, 25.616974520852473 ], [ -100.234631828805576, 25.603094601305827 ], [ -100.216413248823173, 25.58117875162808 ], [ -100.200025167780794, 25.551724421259983 ], [ -100.183763058581604, 25.536710090375244 ], [ -100.167446979650578, 25.516942920285491 ], [ -100.169078199833493, 25.515622480124584 ], [ -100.175438050258705, 25.512902141246354 ], [ -100.178886200020543, 25.518168979843249 ], [ -100.191624738775388, 25.520496381312476 ], [ -100.197143848949096, 25.514737282208298 ], [ -100.206128058269499, 25.516108820018644 ], [ -100.222816169229077, 25.500388591093266 ], [ -100.230016968091604, 25.507572911823431 ], [ -100.233185690402593, 25.505420519749535 ], [ -100.229387920151467, 25.498644290161625 ], [ -100.257621980359687, 25.482134450427726 ], [ -100.266088309808623, 25.497933139785054 ], [ -100.273353850370853, 25.501871889676501 ], [ -100.270972140471159, 25.507652710438343 ], [ -100.278116109617201, 25.51945602001739 ], [ -100.286583800268062, 25.523641580108066 ], [ -100.288592800453685, 25.529181319564898 ], [ -100.294420090059873, 25.528891059743724 ], [ -100.29964424983811, 25.532757260157531 ], [ -100.303205200123372, 25.539318219942416 ], [ -100.318346629811046, 25.547195230136413 ], [ -100.31466661969057, 25.558917919867401 ], [ -100.31884780045381, 25.56083524996259 ], [ -100.317021080218794, 25.571841179564661 ], [ -100.3293374004637, 25.576809229666154 ], [ -100.344422800182073, 25.589251519883376 ], [ -100.312901939583384, 25.6469997404702 ], [ -100.363486858566873, 25.671055080620949 ], [ -100.366779710024232, 25.668069621355443 ], [ -100.380420349088226, 25.667759910087 ], [ -100.395442678739599, 25.673192051425684 ], [ -100.39816209027309, 25.676793850247176 ], [ -100.397665780021953, 25.694466890391492 ], [ -100.403684950455158, 25.702490950424309 ], [ -100.424984399546545, 25.714836489567887 ], [ -100.441646569521325, 25.720515690135141 ], [ -100.415367794413498, 25.789419371442552 ], [ -100.403604602364624, 25.79651496946201 ], [ -100.393429515286613, 25.792767658146843 ], [ -100.387004875271231, 25.797292424525164 ] ] ] } },
{ "type": "Feature", "properties": { "code": "19012", "stateCode": "19", "municipalityCode": "012", "name": "Ciénega de Flores" }, "geometry": { "type": "Polygon", "coordinates": [ [ [ -100.157272029588924, 26.042702019940922 ], [ -100.150284060298432, 26.032875120094019 ], [ -100.14421911978917, 26.014244399988229 ], [ -100.118328019704393, 26.038490370266814 ], [ -100.117445250129379, 26.029046680199745 ], [ -100.113484000135685, 26.025203109876461 ], [ -100.113710739951685, 26.013441280020718 ], [ -100.11069188010552, 26.012735420119053 ], [ -100.104371020033156, 25.996524739786917 ], [ -100.111297449740491, 25.990349140070688 ], [ -100.125947080016488, 25.984846480398389 ], [ -100.126261889805292, 25.982514860277625 ], [ -100.122261319938389, 25.98189682989598 ], [ -100.126164629745332, 25.974479829587541 ], [ -100.120298109854332, 25.968411749915031 ], [ -100.139269339884947, 25.961917859845084 ], [ -100.149363880470304, 25.944790381078008 ], [ -100.163284659802486, 25.939576420272829 ], [ -100.167313919986, 25.932102219869069 ], [ -100.157872749848238, 25.923496000394323 ], [ -100.174101000149037, 25.909968430429892 ], [ -100.182706619692297, 25.912698549879472 ], [ -100.176702050121747, 25.914618969961378 ], [ -100.179944380132483, 25.921146030379209 ], [ -100.185682380129094, 25.920650179884017 ], [ -100.190419350494594, 25.915012080053113 ], [ -100.197570570028176, 25.917231539696207 ], [ -100.210508279903493, 25.898651249829353 ], [ -100.217943119906934, 25.914051109616711 ], [ -100.223094419783209, 25.907897480038141 ], [ -100.236274580363656, 25.914592510236496 ], [ -100.244554948553144, 25.928426231276237 ], [ -100.238701150194174, 25.947347220444289 ], [ -100.230076030236717, 25.951844819554509 ], [ -100.232228829631708, 25.96110276996561 ], [ -100.237845519837279, 25.960915710362084 ], [ -100.234066770176668, 25.979254740201227 ], [ -100.242718850036496, 25.984370889598935 ], [ -100.252427580312158, 26.002893310306128 ], [ -100.261579890103761, 26.003127400122143 ], [ -100.279513980259381, 26.012236509816571 ], [ -100.273796950448073, 26.016273879877687 ], [ -100.272990260189943, 26.021700000339187 ], [ -100.230195280346962, 26.001911149632342 ], [ -100.233701089784361, 26.020659140321797 ], [ -100.204673350379636, 26.030414220357162 ], [ -100.202473890122107, 26.022950720338045 ], [ -100.195933910385307, 26.018394950148849 ], [ -100.186266749852535, 26.021547119974542 ], [ -100.175912880458597, 26.033731510321697 ], [ -100.157272029588924, 26.042702019940922 ] ] ] } }
]
}
