{"type":"FeatureCollection","features":[{"type":"Feature","properties":{"code":"20155","stateCode":"20","municipalityCode":"155","name":"San Ildefonso Sola"},"geometry":{"type":"Polygon","coordinates":[[[-96.93161,16.63801],[-96.92561,16.63774],[-96.92918,16.60949],[-96.92768,16.5841],[-96.93204,16.57913],[-96.92361,16.57507],[-96.95596,16.57564],[-96.95976,16.56751],[-96.95303,16.55603],[-96.96649,16.55656],[-96.97236,16.54981],[-96.96989,16.54835],[-96.97138,16.54599],[-96.97748,16.54519],[-96.98025,16.53942],[-96.97648,16.53524],[-96.97661,16.52779],[-96.98106,16.51597],[-96.98835,16.51445],[-96.99276,16.51738],[-96.99369,16.52974],[-96.98394,16.53667],[-96.98609,16.54305],[-96.98008,16.55241],[-96.98118,16.56041],[-96.97217,16.56706],[-96.96385,16.58952],[-96.96694,16.59176],[-96.97522,16.61714],[-96.98652,16.63002],[-96.97989,16.63149],[-96.96849,16.62766],[-96.96124,16.63156],[-96.94537,16.63022],[-96.93161,16.63801]]]}},{"type":"Feature","properties":{"code":"20481","stateCode":"20","municipalityCode":"481","name":"Santiago Nuyoó"},"geometry":{"type":"Polygon","coordinates":[[[-97.77465,17.07655],[-97.75651,17.06798],[-97.74262,17.07093],[-97.75253,17.06315],[-97.75218,17.05879],[-97.74525,17.05463],[-97.7399,17.05708],[-97.73808,17.05471],[-97.7341,17.04418],[-97.7343,17.03354],[-97.72798,17.02642],[-97.73012,17.01705],[-97.71827,16.99412],[-97.72604,16.98653],[-97.74405,16.97817],[-97.73409,16.97136],[-97.72769,16.97214],[-97.73169,16.96682],[-97.73717,16.96786],[-97.7546,16.95831],[-97.75945,16.96093],[-97.7568,16.96208],[-97.75531,16.97339],[-97.77563,16.97168],[-97.81044,16.96018],[-97.82343,16.9504],[-97.8262,16.94415],[-97.83037,16.94521],[-97.82377,16.96451],[-97.81703,16.96695],[-97.80847,16.9617],[-97.80136,16.96541],[-97.79824,16.97572],[-97.78945,16.97914],[-97.78707,16.99465],[-97.79499,17.00036],[-97.79402,17.0113],[-97.78221,17.01791],[-97.7729,17.00809],[-97.76791,17.01576],[-97.76112,17.038],[-97.76173,17.04359],[-97.76964,17.05033],[-97.77511,17.07321],[-97.77465,17.07655]]]}},{"type":"Feature","properties":{"code":"20378","stateCode":"20","municipalityCode":"378","name":"Santa Cruz Mixtepec"},"geometry":{"type":"Polygon","coordinates":[[[-96.94979,16.81815],[-96.93025,16.81726],[-96.91763,16.80714],[-96.89504,16.80373],[-96.8903,16.80719],[-96.8847,16.80668],[-96.87756,16.80098],[-96.84789,16.79723],[-96.84739,16.79031],[-96.83735,16.78005],[-96.84198,16.7749],[-96.84033,16.77214],[-96.86836,16.77297],[-96.86751,16.76829],[-96.86521,16.77101],[-96.86406,16.76609],[-96.85404,16.76579],[-96.85366,16.76972],[-96.85086,16.76934],[-96.84739,16.76139],[-96.84259,16.76091],[-96.83613,16.76929],[-96.82459,16.76211],[-96.82694,16.75914],[-96.81859,16.75128],[-96.81408,16.75488],[-96.81061,16.74935],[-96.81852,16.74616],[-96.82256,16.74826],[-96.82795,16.74329],[-96.85175,16.75849],[-96.85259,16.75575],[-96.84974,16.75475],[-96.85189,16.75312],[-96.86987,16.76923],[-96.87633,16.78856],[-96.91965,16.79035],[-96.93468,16.7839],[-96.94989,16.7831],[-96.95836,16.77937],[-96.96806,16.78148],[-96.98213,16.79347],[-96.97591,16.80497],[-96.97424,16.81605],[-96.95411,16.81472],[-96.94979,16.81815]]]}},{"type":"Feature","properties":{"code":"20334","stateCode":"20","municipalityCode":"334","name":"Villa de Tututepec"},"geometry":{"type":"MultiPolygon","coordinates":[[[[-97.35297,15.93761],[-97.35188,15.93637],[-97.35279,15.93662],[-97.35297,15.93761]]],[[[-97.46762,16.26447],[-97.45816,16.27018],[-97.45256,16.26778],[-97.46208,16.19843],[-97.44567,16.19872],[-97.44463,16.19289],[-97.43761,16.18789],[-97.44245,16.173],[-97.44101,16.16342],[-97.40679,16.14145],[-97.39073,16.14622],[-97.40403,16.12789],[-97.40382,16.12375],[-97.39861,16.1221],[-97.39748,16.11642],[-97.39113,16.11368],[-97.3917,16.11065],[-97.39599,16.10655],[-97.39714,16.09513],[-97.40524,16.08018],[-97.41131,16.07699],[-97.41503,16.06214],[-97.41036,16.05583],[-97.41534,16.05434],[-97.41695,16.04999],[-97.40689,16.00588],[-97.37944,15.96533],[-97.35962,15.98765],[-97.35059,15.97915],[-97.32127,15.9899],[-97.32293,16.00093],[-97.32062,16.00435],[-97.29571,16.00864],[-97.28973,16.02335],[-97.27782,16.02318],[-97.26912,16.02802],[-97.26193,16.02511],[-97.26312,16.01894],[-97.27618,16.00287],[-97.26409,16.00575],[-97.25857,16.01377],[-97.24979,16.01771],[-97.22693,16.00581],[-97.22111,15.99955],[-97.21629,16.0067],[-97.20242,16.0029],[-97.19234,15.99533],[-97.19701,15.99083],[-97.19394,15.98818],[-97.18393,15.98854],[-97.17897,15.98338],[-97.21058,15.92269],[-97.27376,15.93818],[-97.28882,15.93719],[-97.33381,15.9457],[-97.35869,15.94443],[-97.36794,15.93665],[-97.41012,15.94395],[-97.4221,15.94144],[-97.47749,15.95336],[-97.53138,15.96921],[-97.556,15.96252],[-97.56491,15.96295],[-97.61861,15.97536],[-97.65576,15.9778],[-97.67086,15.97385],[-97.67561,15.96955],[-97.67494,15.96643],[-97.67816,15.96752],[-97.67464,15.96545],[-97.67965,15.9621],[-97.76699,15.97634],[-97.78945,15.98269],[-97.79054,15.98573],[-97.78252,15.9952],[-97.79147,16.0002],[-97.78947,16.0165],[-97.78018,16.02252],[-97.77539,16.03018],[-97.76383,16.02605],[-97.75257,16.03726],[-97.73194,16.07419],[-97.73635,16.07991],[-97.73589,16.08501],[-97.7265,16.09023],[-97.7308,16.09559],[-97.73694,16.12123],[-97.73476,16.13312],[-97.74418,16.14609],[-97.74264,16.16613],[-97.73713,16.16495],[-97.72915,16.17423],[-97.72624,16.18305],[-97.71723,16.18993],[-97.72315,16.20252],[-97.71968,16.21113],[-97.71346,16.21581],[-97.7038,16.21722],[-97.68027,16.23494],[-97.66945,16.23864],[-97.65335,16.22929],[-97.64009,16.2062],[-97.63224,16.20522],[-97.62437,16.20955],[-97.62317,16.21364],[-97.6235,16.23645],[-97.61601,16.2346],[-97.60919,16.22349],[-97.6074,16.23343],[-97.59901,16.24365],[-97.59475,16.24329],[-97.59156,16.23818],[-97.58006,16.23738],[-97.57678,16.2409],[-97.55706,16.24429],[-97.54851,16.24132],[-97.54867,16.24514],[-97.54245,16.24761],[-97.5352,16.24457],[-97.53408,16.24969],[-97.52807,16.24836],[-97.52529,16.25133],[-97.52073,16.24653],[-97.51646,16.24719],[-97.51378,16.25038],[-97.51008,16.24907],[-97.5076,16.25592],[-97.5029,16.25166],[-97.50352,16.25693],[-97.49722,16.25796],[-97.49725,16.26148],[-97.48867,16.26034],[-97.49114,16.26484],[-97.48337,16.26991],[-97.48097,16.26931],[-97.48054,16.26181],[-97.47613,16.26264],[-97.47773,16.26855],[-97.47426,16.27401],[-97.46762,16.26447]]]]}},{"type":"Feature","properties":{"code":"20437","stateCode":"20","municipalityCode":"437","name":"Santa María Tlahuitoltepec"},"geometry":{"type":"Polygon","coordinates":[[[-95.98021,17.1872],[-95.97917,17.17796],[-95.96819,17.15819],[-95.96272,17.13717],[-95.96297,17.13399],[-95.97876,17.12912],[-95.97014,17.1243],[-95.96406,17.10861],[-95.96781,17.10439],[-95.97783,17.1098],[-95.99365,17.10545],[-96.00411,17.09653],[-96.00344,17.07777],[-96.00886,17.07187],[-96.00879,17.06664],[-96.02804,17.06804],[-96.03468,17.06363],[-96.04669,17.07037],[-96.06018,17.06873],[-96.07517,17.07341],[-96.08118,17.07154],[-96.08328,17.06707],[-96.08719,17.07379],[-96.09163,17.0673],[-96.09662,17.07023],[-96.09592,17.07636],[-96.10518,17.07798],[-96.11488,17.07572],[-96.11321,17.06479],[-96.12036,17.06444],[-96.12918,17.07311],[-96.1311,17.08286],[-96.15536,17.0832],[-96.16245,17.08997],[-96.16437,17.09644],[-96.16884,17.09841],[-96.1672,17.10612],[-96.15884,17.11192],[-96.16011,17.1224],[-96.15596,17.12547],[-96.15206,17.12306],[-96.13598,17.12454],[-96.12582,17.12038],[-96.11837,17.12342],[-96.11285,17.11916],[-96.10608,17.12131],[-96.09192,17.11926],[-96.08325,17.12857],[-96.07112,17.1316],[-96.07673,17.13959],[-96.07527,17.15315],[-96.06217,17.16497],[-96.05656,17.16106],[-96.03871,17.16526],[-96.01082,17.14375],[-95.99789,17.17402],[-95.98021,17.1872]]]}},{"type":"Feature","properties":{"code":"20441","stateCode":"20","municipalityCode":"441","name":"Santa María Xadani"},"geometry":{"type":"Polygon","coordinates":[[[-95.02036,16.41985],[-95.00415,16.40299],[-95.00172,16.38621],[-94.99471,16.37778],[-94.97671,16.37111],[-94.97131,16.36599],[-94.96388,16.36865],[-94.95941,16.36631],[-94.96662,16.33738],[-94.98531,16.32824],[-95.00738,16.33341],[-95.02656,16.33211],[-95.0243,16.33702],[-95.03254,16.32987],[-95.02813,16.32648],[-95.03791,16.32585],[-95.03878,16.31761],[-95.04145,16.32239],[-95.06836,16.32587],[-95.07461,16.33298],[-95.08858,16.3679],[-95.06356,16.3683],[-95.06231,16.40298],[-95.04702,16.41201],[-95.04606,16.40311],[-95.04023,16.40921],[-95.02693,16.40497],[-95.02452,16.41781],[-95.02036,16.41985]]]}},{"type":"Feature","properties":{"code":"20446","stateCode":"20","municipalityCode":"446","name":"Santa María Yucuhiti"},"geometry":{"type":"Polygon","coordinates":[[[-97.80902,17.09126],[-97.78643,17.0856],[-97.77465,17.07655],[-97.76964,17.05033],[-97.76173,17.04359],[-97.76109,17.03515],[-97.76541,17.03046],[-97.76599,17.02093],[-97.77205,17.00838],[-97.78221,17.01791],[-97.79467,17.01045],[-97.79499,17.00036],[-97.78707,16.99465],[-97.78685,16.98472],[-97.79114,16.97718],[-97.79824,16.97572],[-97.80136,16.96541],[-97.80847,16.9617],[-97.81703,16.96695],[-97.82419,17.00498],[-97.83734,17.0258],[-97.84095,17.05186],[-97.83498,17.07185],[-97.84335,17.07764],[-97.84392,17.07878],[-97.83206,17.07405],[-97.8162,17.07527],[-97.81481,17.08044],[-97.82048,17.08868],[-97.80902,17.09126]]]}},{"type":"Feature","properties":{"code":"20447","stateCode":"20","municipalityCode":"447","name":"Santa María Zacatepec"},"geometry":{"type":"Polygon","coordinates":[[[-97.90323,16.89223],[-97.89286,16.87749],[-97.89488,16.8725],[-97.88986,16.87223],[-97.88947,16.86184],[-97.87871,16.86349],[-97.8717,16.85646],[-97.87161,16.84294],[-97.88056,16.83042],[-97.87166,16.83196],[-97.86659,16.82684],[-97.86605,16.82064],[-97.86983,16.82084],[-97.86975,16.8181],[-97.86257,16.81534],[-97.86402,16.78588],[-97.85476,16.76548],[-97.85118,16.7462],[-97.84576,16.74399],[-97.83702,16.71707],[-97.83959,16.71166],[-97.85736,16.71864],[-97.89283,16.71157],[-97.89358,16.68087],[-97.90007,16.66407],[-97.92874,16.66058],[-97.94066,16.64353],[-97.97638,16.67982],[-98.02779,16.69776],[-98.03701,16.70615],[-98.03645,16.71192],[-98.04111,16.71308],[-98.0464,16.72202],[-98.05311,16.72404],[-98.05388,16.73007],[-98.058,16.73193],[-98.05912,16.72932],[-98.06723,16.73973],[-98.07447,16.73815],[-98.07943,16.743],[-98.09372,16.73038],[-98.12639,16.75544],[-98.13538,16.75739],[-98.12873,16.76116],[-98.1205,16.75473],[-98.10816,16.76095],[-98.10457,16.78522],[-98.09788,16.79293],[-98.10005,16.79926],[-98.09276,16.80646],[-98.09382,16.812],[-98.08638,16.81631],[-98.0877,16.82168],[-98.08109,16.8334],[-98.084,16.84093],[-98.07464,16.85446],[-98.07596,16.8675],[-98.07233,16.87425],[-98.08072,16.88495],[-98.01558,16.88037],[-98.00386,16.88574],[-97.97461,16.87704],[-97.91856,16.84965],[-97.91322,16.87436],[-97.91688,16.88282],[-97.91388,16.89044],[-97.90323,16.89223]]]}},{"type":"Feature","properties":{"code":"20469","stateCode":"20","municipalityCode":"469","name":"Santiago Juxtlahuaca"},"geometry":{"type":"Polygon","coordinates":[[[-98.0175,17.39717],[-98.00417,17.39619],[-98.00218,17.39266],[-97.98358,17.38998],[-97.96017,17.35982],[-97.94018,17.34637],[-97.93512,17.33558],[-97.90294,17.34933],[-97.91158,17.3297],[-97.92067,17.32373],[-97.94407,17.31681],[-97.94882,17.30464],[-97.92679,17.26369],[-97.91563,17.25068],[-97.90781,17.24903],[-97.89482,17.23379],[-97.90996,17.2158],[-97.9158,17.20236],[-97.89987,17.17993],[-97.89193,17.17847],[-97.88247,17.18297],[-97.88612,17.17791],[-97.88209,17.17214],[-97.8814,17.14947],[-97.89105,17.15193],[-97.88572,17.14728],[-97.88559,17.12925],[-97.89461,17.12819],[-97.88219,17.09313],[-97.87398,17.09538],[-97.87325,17.09281],[-97.87603,17.0618],[-97.89108,17.04589],[-97.92642,17.0494],[-97.95343,17.06759],[-97.9546,17.0646],[-97.9605,17.06926],[-97.96924,17.0545],[-97.97619,17.06231],[-97.98204,17.06366],[-98.00213,17.06013],[-98.01369,17.07138],[-98.01671,17.0887],[-98.03542,17.08488],[-98.03965,17.0748],[-98.05182,17.07431],[-98.04859,17.07084],[-98.03602,17.06878],[-98.04056,17.06534],[-98.02748,17.06217],[-98.02562,17.05591],[-98.02129,17.05572],[-98.02103,17.05895],[-98.01335,17.06203],[-97.99225,17.04894],[-97.98928,17.03616],[-97.98191,17.03166],[-97.98016,17.0246],[-97.99778,17.01852],[-98.02519,17.01922],[-98.00728,17.04014],[-98.04571,17.05726],[-98.0726,17.06438],[-98.06043,17.07867],[-98.06047,17.10794],[-98.06967,17.12413],[-98.0858,17.11773],[-98.0842,17.10604],[-98.09878,17.08385],[-98.11801,17.09552],[-98.13001,17.09548],[-98.15001,17.10243],[-98.15342,17.1104],[-98.16264,17.11051],[-98.16552,17.11492],[-98.17826,17.11459],[-98.18345,17.1177],[-98.17967,17.11715],[-98.17732,17.12109],[-98.17306,17.11889],[-98.16619,17.12525],[-98.15952,17.15765],[-98.16028,17.16725],[-98.16384,17.18753],[-98.1716,17.1921],[-98.15708,17.19853],[-98.1655,17.21836],[-98.17494,17.22482],[-98.17298,17.24152],[-98.16804,17.24893],[-98.20226,17.23117],[-98.21055,17.24363],[-98.20883,17.25577],[-98.21173,17.26116],[-98.19533,17.26189],[-98.19764,17.27592],[-98.18628,17.2867],[-98.16714,17.28278],[-98.12719,17.25329],[-98.1262,17.24253],[-98.12013,17.22861],[-98.10846,17.22209],[-98.08373,17.26114],[-98.08275,17.27991],[-98.0785,17.29366],[-98.04599,17.32737],[-98.03883,17.33211],[-98.02872,17.3333],[-98.02495,17.33741],[-98.0261,17.34418],[-98.01565,17.34681],[-98.01917,17.36953],[-98.01484,17.38011],[-98.0175,17.39717]]]}},{"type":"Feature","properties":{"code":"20440","stateCode":"20","municipalityCode":"440","name":"Santa María Totolapilla"},"geometry":{"type":"Polygon","coordinates":[[[-95.62769,16.68844],[-95.63104,16.68163],[-95.6207,16.67852],[-95.61325,16.66714],[-95.60316,16.66489],[-95.58787,16.6525],[-95.58071,16.65318],[-95.58032,16.64794],[-95.57428,16.6457],[-95.57548,16.63826],[-95.56905,16.63422],[-95.55734,16.63736],[-95.55932,16.62178],[-95.55397,16.61265],[-95.54281,16.6066],[-95.57059,16.57879],[-95.5761,16.56795],[-95.58921,16.56052],[-95.6783,16.612],[-95.67966,16.62191],[-95.67653,16.63761],[-95.68775,16.63815],[-95.6613,16.64864],[-95.65267,16.66288],[-95.65159,16.67176],[-95.66464,16.68949],[-95.65937,16.69066],[-95.64909,16.68443],[-95.64328,16.68616],[-95.64104,16.68202],[-95.6315,16.69051],[-95.62769,16.68844]]]}},{"type":"Feature","properties":{"code":"20513","stateCode":"20","municipalityCode":"513","name":"Santo Domingo Petapa"},"geometry":{"type":"Polygon","coordinates":[[[-95.2675,16.99153],[-95.2586,16.98514],[-95.24296,16.9809],[-95.24131,16.98571],[-95.21772,16.93352],[-95.16999,16.92763],[-95.16371,16.93656],[-95.15353,16.92696],[-95.15416,16.92485],[-95.16608,16.92714],[-95.12966,16.90931],[-95.12882,16.90555],[-95.1401,16.91187],[-95.15509,16.91499],[-95.15075,16.88842],[-95.17523,16.8856],[-95.13094,16.81462],[-95.13543,16.79238],[-95.15086,16.78099],[-95.15447,16.77489],[-95.163,16.77674],[-95.17487,16.77374],[-95.16796,16.77227],[-95.16787,16.76618],[-95.15969,16.76028],[-95.15093,16.76289],[-95.14546,16.75825],[-95.16218,16.7112],[-95.19974,16.71174],[-95.22724,16.71895],[-95.23537,16.72544],[-95.24352,16.7758],[-95.28434,16.89418],[-95.29537,16.916],[-95.32403,16.9491],[-95.32109,16.9511],[-95.32205,16.95847],[-95.31377,16.95674],[-95.31652,16.97735],[-95.31198,16.98317],[-95.30601,16.98106],[-95.30079,16.9855],[-95.29402,16.98359],[-95.28823,16.98607],[-95.28349,16.99108],[-95.27243,16.98878],[-95.2675,16.99153]]]}},{"type":"Feature","properties":{"code":"20278","stateCode":"20","municipalityCode":"278","name":"San Miguel Soyaltepec"},"geometry":{"type":"Polygon","coordinates":[[[-96.42507,18.40016],[-96.41646,18.39461],[-96.41674,18.38986],[-96.41245,18.38708],[-96.41103,18.38121],[-96.40825,18.38219],[-96.40491,18.37812],[-96.39872,18.38318],[-96.39286,18.38249],[-96.39081,18.37569],[-96.38712,18.37447],[-96.38598,18.36528],[-96.38242,18.36458],[-96.3817,18.35584],[-96.37206,18.3466],[-96.31758,18.35827],[-96.3199,18.35517],[-96.31354,18.34591],[-96.31753,18.3401],[-96.31327,18.33501],[-96.31499,18.33139],[-96.3127,18.3276],[-96.30561,18.32903],[-96.30544,18.32484],[-96.30995,18.32235],[-96.30178,18.31802],[-96.31071,18.28626],[-96.30473,18.28043],[-96.30392,18.27332],[-96.29187,18.26573],[-96.29649,18.25859],[-96.2815,18.25844],[-96.26736,18.24511],[-96.26888,18.22472],[-96.25938,18.21399],[-96.26226,18.20933],[-96.2554,18.20767],[-96.25635,18.20014],[-96.27371,18.20209],[-96.27573,18.16785],[-96.283,18.165],[-96.28642,18.1675],[-96.30259,18.15342],[-96.29596,18.14683],[-96.30999,18.15052],[-96.32506,18.16768],[-96.32275,18.15671],[-96.33213,18.16512],[-96.32757,18.15432],[-96.33259,18.1555],[-96.32502,18.14166],[-96.33374,18.14082],[-96.34481,18.14514],[-96.34488,18.13881],[-96.35171,18.14013],[-96.35934,18.13622],[-96.37658,18.14918],[-96.3793,18.15708],[-96.38492,18.15873],[-96.39196,18.146],[-96.39758,18.14602],[-96.39276,18.14273],[-96.39597,18.13929],[-96.40024,18.14131],[-96.40026,18.13396],[-96.40435,18.13828],[-96.41759,18.12313],[-96.43967,18.11373],[-96.44685,18.10084],[-96.46255,18.11049],[-96.47419,18.11281],[-96.46919,18.12374],[-96.48467,18.12407],[-96.48519,18.12794],[-96.48638,18.12411],[-96.4958,18.12431],[-96.48829,18.13641],[-96.50143,18.1645],[-96.51031,18.16789],[-96.51155,18.1809],[-96.51364,18.17954],[-96.51695,18.18391],[-96.5173,18.17845],[-96.52026,18.17844],[-96.53267,18.19031],[-96.53968,18.19097],[-96.55062,18.20009],[-96.55384,18.20555],[-96.54999,18.21649],[-96.55435,18.22368],[-96.55454,18.22132],[-96.55857,18.22192],[-96.55649,18.21577],[-96.55869,18.22032],[-96.56415,18.21655],[-96.57196,18.21872],[-96.57667,18.21628],[-96.58064,18.22004],[-96.58587,18.21508],[-96.58166,18.20942],[-96.59247,18.20545],[-96.60144,18.20499],[-96.61209,18.21168],[-96.6133,18.20883],[-96.61761,18.21115],[-96.62368,18.21976],[-96.61433,18.23707],[-96.60378,18.24257],[-96.60908,18.24707],[-96.60944,18.2508],[-96.60567,18.25237],[-96.60967,18.25465],[-96.60174,18.25076],[-96.59995,18.25768],[-96.59042,18.25746],[-96.59526,18.26167],[-96.59323,18.26778],[-96.60403,18.2699],[-96.61092,18.27537],[-96.60024,18.28486],[-96.60441,18.29164],[-96.5967,18.29718],[-96.59489,18.30364],[-96.60242,18.30451],[-96.61314,18.3132],[-96.62739,18.31227],[-96.62688,18.32926],[-96.63062,18.32649],[-96.63609,18.32853],[-96.63459,18.32486],[-96.64163,18.31942],[-96.6422,18.32492],[-96.64511,18.32256],[-96.64624,18.32567],[-96.6408,18.32683],[-96.64311,18.32855],[-96.64295,18.32962],[-96.63841,18.32952],[-96.64223,18.33311],[-96.63903,18.33354],[-96.63748,18.3293],[-96.63545,18.33277],[-96.64415,18.33534],[-96.64523,18.33387],[-96.64393,18.3375],[-96.64662,18.33442],[-96.64509,18.33045],[-96.65199,18.32666],[-96.64964,18.32986],[-96.65309,18.32984],[-96.65401,18.32739],[-96.65403,18.33248],[-96.65174,18.33042],[-96.65058,18.33328],[-96.64947,18.33024],[-96.64612,18.33654],[-96.65133,18.33467],[-96.65231,18.33805],[-96.64364,18.33952],[-96.65523,18.34343],[-96.65194,18.34111],[-96.65806,18.3423],[-96.65409,18.34002],[-96.65779,18.33833],[-96.65423,18.33841],[-96.65579,18.33491],[-96.66093,18.33966],[-96.65889,18.34084],[-96.66614,18.34137],[-96.65996,18.34877],[-96.66693,18.35185],[-96.66944,18.34995],[-96.6612,18.35832],[-96.63113,18.35332],[-96.61508,18.34402],[-96.61602,18.34164],[-96.61796,18.34495],[-96.62453,18.3479],[-96.63103,18.34894],[-96.62948,18.34697],[-96.61752,18.34333],[-96.61537,18.33966],[-96.61072,18.34344],[-96.60449,18.34102],[-96.60784,18.33698],[-96.60176,18.3311],[-96.5808,18.32263],[-96.57751,18.31781],[-96.56918,18.32504],[-96.56461,18.32508],[-96.56067,18.32189],[-96.56039,18.31688],[-96.55896,18.3209],[-96.55325,18.32158],[-96.55313,18.33322],[-96.54878,18.33735],[-96.54602,18.35065],[-96.54569,18.35905],[-96.55106,18.36209],[-96.54438,18.3686],[-96.53283,18.37084],[-96.54395,18.37792],[-96.53792,18.385],[-96.51178,18.37557],[-96.4991,18.36541],[-96.51161,18.3577],[-96.47599,18.33313],[-96.44686,18.30038],[-96.43844,18.31222],[-96.44085,18.313],[-96.43988,18.31736],[-96.43668,18.31463],[-96.42086,18.32196],[-96.47421,18.38817],[-96.46637,18.39795],[-96.42263,18.36346],[-96.41675,18.36956],[-96.4423,18.39153],[-96.43695,18.39791],[-96.42507,18.40016]]]}},{"type":"Feature","properties":{"code":"20457","stateCode":"20","municipalityCode":"457","name":"Santiago Camotlán"},"geometry":{"type":"Polygon","coordinates":[[[-96.11692,17.66754],[-96.11509,17.66314],[-96.11893,17.65637],[-96.11266,17.6506],[-96.09479,17.64481],[-96.08677,17.63096],[-96.09368,17.62589],[-96.12748,17.6234],[-96.1085,17.61074],[-96.09927,17.60995],[-96.09239,17.60039],[-96.08541,17.59995],[-96.07174,17.58635],[-96.07631,17.56527],[-96.08353,17.54972],[-96.08696,17.54971],[-96.0812,17.54364],[-96.08926,17.53802],[-96.08564,17.52798],[-96.09284,17.52884],[-96.09741,17.52369],[-96.09745,17.51375],[-96.09028,17.50886],[-96.08855,17.50081],[-96.10085,17.48427],[-96.10066,17.46653],[-96.11085,17.45815],[-96.11436,17.44711],[-96.12237,17.44655],[-96.13009,17.44049],[-96.13444,17.45034],[-96.13961,17.45432],[-96.15385,17.45852],[-96.1715,17.45879],[-96.17326,17.45559],[-96.16317,17.44244],[-96.16016,17.42844],[-96.19375,17.43958],[-96.19572,17.43396],[-96.21687,17.4212],[-96.2349,17.4461],[-96.23783,17.44475],[-96.24328,17.44904],[-96.2476,17.47213],[-96.25895,17.47598],[-96.25883,17.47877],[-96.27006,17.48427],[-96.27146,17.49022],[-96.28361,17.49895],[-96.28318,17.51198],[-96.27744,17.51734],[-96.27008,17.53399],[-96.26011,17.53797],[-96.24385,17.53658],[-96.23617,17.54115],[-96.23233,17.56105],[-96.22774,17.56719],[-96.21742,17.5678],[-96.2127,17.57149],[-96.20235,17.57044],[-96.20046,17.56703],[-96.18845,17.56693],[-96.17731,17.57288],[-96.17294,17.5777],[-96.178,17.57957],[-96.17505,17.58559],[-96.1682,17.58965],[-96.17178,17.59265],[-96.16402,17.59921],[-96.16739,17.60392],[-96.16079,17.60685],[-96.16151,17.61707],[-96.15535,17.62045],[-96.15163,17.61426],[-96.14677,17.61474],[-96.15076,17.61825],[-96.15038,17.62709],[-96.15377,17.62853],[-96.15071,17.6386],[-96.1462,17.64049],[-96.14114,17.63672],[-96.1434,17.64504],[-96.14134,17.64708],[-96.13958,17.64193],[-96.13333,17.63834],[-96.13012,17.64633],[-96.1321,17.65115],[-96.12357,17.652],[-96.12475,17.65482],[-96.13805,17.65737],[-96.13742,17.65975],[-96.11692,17.66754]]]}},{"type":"Feature","properties":{"code":"20482","stateCode":"20","municipalityCode":"482","name":"Santiago Pinotepa Nacional"},"geometry":{"type":"Polygon","coordinates":[[[-98.19587,16.47714],[-98.18792,16.47187],[-98.1942,16.46822],[-98.19675,16.4535],[-98.18255,16.45062],[-98.15704,16.45108],[-98.15442,16.42914],[-98.14856,16.42735],[-98.14455,16.43357],[-98.14176,16.42951],[-98.14274,16.42031],[-98.12495,16.41029],[-98.12213,16.40771],[-98.12318,16.4029],[-98.11695,16.40458],[-98.10969,16.3972],[-98.10165,16.39895],[-98.09459,16.39665],[-98.09076,16.39922],[-98.08578,16.39321],[-98.06235,16.39318],[-98.04423,16.40074],[-98.03528,16.39974],[-98.01006,16.42268],[-97.99333,16.40979],[-98.00775,16.38726],[-98.00085,16.38099],[-98.00608,16.37861],[-97.98337,16.35558],[-97.99614,16.34907],[-98.00145,16.34194],[-97.98464,16.33074],[-97.97579,16.3363],[-97.95116,16.31366],[-97.97388,16.29963],[-97.98836,16.3143],[-97.98871,16.31791],[-97.99035,16.31489],[-97.99494,16.31534],[-97.9984,16.31305],[-98.00296,16.29964],[-97.9948,16.29398],[-98.00735,16.28544],[-98.00464,16.27678],[-97.99175,16.27366],[-97.96748,16.24889],[-97.9748,16.239],[-97.97005,16.23347],[-97.96661,16.2339],[-97.96185,16.22088],[-97.96357,16.20523],[-97.97155,16.19415],[-97.96502,16.17993],[-97.97247,16.15647],[-97.98414,16.14408],[-97.98372,16.13411],[-97.9949,16.1296],[-97.98966,16.11517],[-98.10742,16.17928],[-98.18623,16.21224],[-98.19239,16.2216],[-98.20672,16.22959],[-98.24538,16.2419],[-98.32834,16.25783],[-98.32422,16.3089],[-98.30945,16.3528],[-98.29575,16.35737],[-98.23817,16.34065],[-98.23758,16.34742],[-98.23339,16.34789],[-98.20084,16.37302],[-98.19783,16.3874],[-98.21239,16.40458],[-98.22033,16.40573],[-98.21662,16.43656],[-98.2069,16.4393],[-98.20671,16.4528],[-98.21256,16.45909],[-98.21024,16.46943],[-98.20794,16.47587],[-98.19587,16.47714]]]}},{"type":"Feature","properties":{"code":"20329","stateCode":"20","municipalityCode":"329","name":"San Pedro Teozacoalco"},"geometry":{"type":"Polygon","coordinates":[[[-97.24487,17.0506],[-97.23256,17.03569],[-97.23594,17.03165],[-97.23239,17.02228],[-97.23379,17.01779],[-97.22819,17.01489],[-97.22687,17.00557],[-97.25497,17.00185],[-97.26056,17.00614],[-97.26742,17.00511],[-97.27456,17.01351],[-97.28226,17.01055],[-97.28319,17.00645],[-97.27992,16.99482],[-97.2714,16.98559],[-97.2665,16.99792],[-97.2522,16.98979],[-97.23862,16.9907],[-97.23442,16.98673],[-97.23487,16.95907],[-97.24848,16.94366],[-97.24134,16.93767],[-97.23959,16.93096],[-97.3007,16.95178],[-97.32265,16.95022],[-97.32387,16.95544],[-97.31866,16.95804],[-97.31897,16.96444],[-97.31422,16.97132],[-97.31562,16.98172],[-97.32295,16.99689],[-97.32318,17.00908],[-97.31861,17.01482],[-97.32254,17.01984],[-97.32398,17.03018],[-97.3214,17.03918],[-97.3071,17.03703],[-97.30994,17.03213],[-97.30643,17.02535],[-97.30036,17.0289],[-97.28855,17.02782],[-97.27904,17.03777],[-97.27076,17.03865],[-97.27338,17.04797],[-97.26208,17.06871],[-97.2546,17.07546],[-97.24487,17.0506]]]}},{"type":"Feature","properties":{"code":"20330","stateCode":"20","municipalityCode":"330","name":"San Pedro Teutila"},"geometry":{"type":"Polygon","coordinates":[[[-96.62811,18.04622],[-96.62333,18.04118],[-96.61328,18.04493],[-96.60858,18.03857],[-96.60876,18.03159],[-96.60201,18.02875],[-96.58772,18.02812],[-96.58144,18.03358],[-96.54924,18.03816],[-96.53476,18.03209],[-96.52631,18.02349],[-96.51671,18.02062],[-96.52437,17.99931],[-96.53405,18.00325],[-96.55288,18.00276],[-96.55606,17.9735],[-96.57153,17.96847],[-96.58129,17.95156],[-96.59362,17.94594],[-96.60235,17.94867],[-96.60547,17.95908],[-96.6166,17.96061],[-96.63318,17.95658],[-96.63601,17.95735],[-96.6342,17.96161],[-96.64336,17.96617],[-96.66687,17.96926],[-96.67473,17.97641],[-96.68818,17.9683],[-96.70165,17.96579],[-96.69593,17.96373],[-96.70289,17.95764],[-96.70182,17.95409],[-96.69546,17.954],[-96.69516,17.94594],[-96.68537,17.94511],[-96.68279,17.94014],[-96.6769,17.93862],[-96.67742,17.9343],[-96.6694,17.93068],[-96.66897,17.92613],[-96.65599,17.91405],[-96.66688,17.92138],[-96.67584,17.91617],[-96.68323,17.91821],[-96.68112,17.91014],[-96.68393,17.91001],[-96.6864,17.91624],[-96.69292,17.91764],[-96.70436,17.93764],[-96.7099,17.92652],[-96.71403,17.94633],[-96.7318,17.9634],[-96.72608,17.96975],[-96.72761,17.97873],[-96.71556,17.99225],[-96.71358,18.00263],[-96.7046,18.01068],[-96.68519,18.01179],[-96.67614,18.02132],[-96.66495,18.01566],[-96.64214,18.0182],[-96.63403,18.02752],[-96.6349,18.03985],[-96.62811,18.04622]]]}},{"type":"Feature","properties":{"code":"20170","stateCode":"20","municipalityCode":"170","name":"San José Lachiguiri"},"geometry":{"type":"Polygon","coordinates":[[[-96.33676,16.45752],[-96.30741,16.44789],[-96.31011,16.44572],[-96.3076,16.43802],[-96.31012,16.42955],[-96.29955,16.41623],[-96.29277,16.39542],[-96.30042,16.38734],[-96.30497,16.37587],[-96.30375,16.3615],[-96.30678,16.35508],[-96.32561,16.34875],[-96.3387,16.34787],[-96.33641,16.34536],[-96.35257,16.3296],[-96.35287,16.34184],[-96.36197,16.35949],[-96.35773,16.36679],[-96.36,16.37042],[-96.35631,16.37231],[-96.35483,16.39199],[-96.36624,16.40184],[-96.3656,16.40932],[-96.37295,16.41846],[-96.38546,16.41928],[-96.37616,16.43718],[-96.33676,16.45752]]]}},{"type":"Feature","properties":{"code":"20230","stateCode":"20","municipalityCode":"230","name":"San Lorenzo Victoria"},"geometry":{"type":"Polygon","coordinates":[[[-98.12345,17.68487],[-98.11594,17.68393],[-98.1199,17.67325],[-98.11306,17.65473],[-98.10839,17.65126],[-98.09782,17.65444],[-98.09844,17.65071],[-98.10375,17.6486],[-98.10314,17.64415],[-98.0965,17.64791],[-98.0843,17.64453],[-98.08376,17.63427],[-98.08855,17.64131],[-98.09715,17.62531],[-98.09656,17.59905],[-98.10209,17.59639],[-98.10043,17.59236],[-98.10935,17.5697],[-98.12712,17.5705],[-98.12349,17.56738],[-98.1321,17.56435],[-98.13935,17.56541],[-98.13756,17.57997],[-98.12961,17.58527],[-98.12252,17.61808],[-98.15422,17.63665],[-98.14271,17.64648],[-98.15494,17.65282],[-98.15668,17.66075],[-98.16937,17.66743],[-98.16847,17.67131],[-98.16189,17.67221],[-98.16278,17.67908],[-98.14656,17.68273],[-98.13641,17.6798],[-98.12345,17.68487]]]}},{"type":"Feature","properties":{"code":"20184","stateCode":"20","municipalityCode":"184","name":"San Juan Bautista Tuxtepec"},"geometry":{"type":"Polygon","coordinates":[[[-96.30158,18.31788],[-96.28476,18.3094],[-96.28549,18.30169],[-96.27076,18.29782],[-96.27742,18.29402],[-96.27731,18.2881],[-96.27389,18.28592],[-96.27858,18.28382],[-96.27323,18.28106],[-96.27353,18.27553],[-96.26916,18.27398],[-96.27727,18.2714],[-96.27603,18.26581],[-96.28313,18.2689],[-96.28824,18.25976],[-96.28131,18.25913],[-96.26682,18.24566],[-96.26577,18.24306],[-96.26799,18.22445],[-96.24359,18.1971],[-96.231,18.18973],[-96.21748,18.16197],[-96.20313,18.17488],[-96.16974,18.1857],[-96.17024,18.1698],[-96.18759,18.16619],[-96.18281,18.15782],[-96.18828,18.1513],[-96.17967,18.14057],[-96.15423,18.1318],[-96.14857,18.13219],[-96.14363,18.14015],[-96.13564,18.13412],[-96.12258,18.14157],[-96.12305,18.15423],[-96.11715,18.15517],[-96.11432,18.16407],[-96.09918,18.16684],[-96.08423,18.16253],[-96.07948,18.14979],[-96.06886,18.14077],[-96.06638,18.13159],[-96.05698,18.13402],[-96.05139,18.12674],[-96.04701,18.13069],[-96.04687,18.13656],[-96.04311,18.13467],[-96.04105,18.1385],[-96.02601,18.13342],[-96.02094,18.1379],[-96.01636,18.13644],[-96.01015,18.14213],[-96.00035,18.14437],[-95.9933,18.15162],[-95.9859,18.15003],[-95.98168,18.14295],[-95.97926,18.14673],[-95.97604,18.13465],[-95.97852,18.12026],[-95.97292,18.11818],[-95.97328,18.09372],[-95.96682,18.09362],[-95.96786,18.08357],[-95.97333,18.08067],[-95.98353,18.09621],[-95.98706,18.0555],[-95.98443,18.05409],[-95.98555,18.04903],[-95.97865,18.04316],[-95.98144,18.03308],[-95.98884,18.02339],[-95.98135,18.01986],[-95.9824,18.01495],[-95.97941,18.01578],[-95.96755,18.00463],[-95.96788,17.99799],[-95.95499,17.98521],[-95.94215,17.98222],[-95.94966,17.97136],[-95.95144,17.95108],[-95.94429,17.94622],[-95.94426,17.94193],[-95.9517,17.94101],[-95.95191,17.93522],[-95.95102,17.92944],[-95.94567,17.92823],[-95.94501,17.91332],[-95.92328,17.90945],[-95.92444,17.89743],[-95.90034,17.89515],[-95.90705,17.88917],[-95.90113,17.8831],[-95.8951,17.88856],[-95.8885,17.88184],[-95.90485,17.8749],[-95.89558,17.85606],[-95.86932,17.85675],[-95.86822,17.86029],[-95.85029,17.85526],[-95.85452,17.84955],[-95.8485,17.84812],[-95.8502,17.84453],[-95.85729,17.84646],[-95.86353,17.84165],[-95.86118,17.8299],[-95.86523,17.82911],[-95.86638,17.8208],[-95.87951,17.81553],[-95.88051,17.82057],[-95.89708,17.81999],[-95.89876,17.82435],[-95.90126,17.82368],[-95.90748,17.8202],[-95.90603,17.81646],[-95.90267,17.81766],[-95.90096,17.81314],[-95.89048,17.81712],[-95.88515,17.81557],[-95.8845,17.80885],[-95.8989,17.80161],[-95.92353,17.79989],[-95.91975,17.78869],[-95.91343,17.78998],[-95.92276,17.78336],[-95.93463,17.78725],[-95.93757,17.79404],[-95.93978,17.79172],[-95.96772,17.82632],[-95.97615,17.85306],[-95.985,17.85981],[-95.9872,17.86105],[-95.99016,17.86262],[-95.99043,17.86269],[-95.9911,17.85365],[-95.98453,17.84941],[-95.98524,17.84313],[-96.03052,17.89014],[-96.02662,17.89993],[-96.04533,17.90969],[-96.04171,17.91713],[-96.04959,17.92488],[-96.05497,17.92873],[-96.06484,17.92509],[-96.06992,17.93296],[-96.09104,17.92014],[-96.09335,17.93254],[-96.10097,17.93187],[-96.10097,17.94409],[-96.0936,17.94128],[-96.10381,17.94972],[-96.10125,17.96358],[-96.12994,17.98752],[-96.13157,18.00427],[-96.14403,18.00743],[-96.15698,18.00629],[-96.17789,17.99453],[-96.1948,18.00688],[-96.20894,17.98046],[-96.24957,17.99398],[-96.23982,17.9728],[-96.25292,17.97161],[-96.25759,17.99015],[-96.25548,17.9966],[-96.26375,18.00504],[-96.26071,18.01597],[-96.25298,18.01205],[-96.24272,18.01472],[-96.24217,18.02601],[-96.25439,18.04368],[-96.24339,18.04668],[-96.24311,18.05023],[-96.25086,18.05664],[-96.27999,18.03987],[-96.3131,18.08895],[-96.26866,18.11222],[-96.28206,18.12351],[-96.27578,18.12698],[-96.30259,18.15342],[-96.28642,18.1675],[-96.283,18.165],[-96.27573,18.16785],[-96.27371,18.20209],[-96.25635,18.20014],[-96.2554,18.20767],[-96.26226,18.20933],[-96.25938,18.21399],[-96.26888,18.22472],[-96.26736,18.24511],[-96.2815,18.25844],[-96.29649,18.25859],[-96.29187,18.26573],[-96.30392,18.27332],[-96.30473,18.28043],[-96.31071,18.28626],[-96.30561,18.31139],[-96.30158,18.31788]]]}},{"type":"Feature","properties":{"code":"20214","stateCode":"20","municipalityCode":"214","name":"San Juan Quiotepec"},"geometry":{"type":"Polygon","coordinates":[[[-96.67028,17.78763],[-96.65502,17.77283],[-96.64867,17.77286],[-96.66091,17.76139],[-96.66233,17.75605],[-96.64227,17.76529],[-96.63707,17.76483],[-96.63419,17.77453],[-96.62484,17.76692],[-96.6164,17.75341],[-96.61904,17.75079],[-96.61486,17.74568],[-96.61577,17.74023],[-96.6055,17.73376],[-96.59772,17.73401],[-96.60515,17.70922],[-96.61105,17.70407],[-96.57581,17.69046],[-96.5685,17.67054],[-96.57959,17.66043],[-96.58779,17.66054],[-96.60409,17.64769],[-96.61969,17.64406],[-96.62774,17.63666],[-96.6282,17.63453],[-96.61628,17.63136],[-96.6185,17.62558],[-96.61435,17.61486],[-96.60774,17.62089],[-96.60213,17.62124],[-96.59236,17.63387],[-96.54833,17.63556],[-96.5225,17.63283],[-96.51671,17.62424],[-96.52445,17.61698],[-96.56845,17.60035],[-96.58108,17.5905],[-96.58986,17.56331],[-96.62056,17.5578],[-96.6197,17.56701],[-96.63449,17.56148],[-96.64529,17.56304],[-96.65101,17.56024],[-96.65508,17.56335],[-96.65913,17.57138],[-96.65426,17.5774],[-96.65353,17.58757],[-96.6432,17.59677],[-96.63284,17.59453],[-96.6299,17.59685],[-96.62989,17.60339],[-96.64038,17.60221],[-96.6401,17.61039],[-96.64377,17.60734],[-96.64623,17.61189],[-96.64909,17.6095],[-96.65055,17.61571],[-96.64686,17.62151],[-96.65329,17.61908],[-96.65979,17.62333],[-96.65712,17.6266],[-96.6584,17.63048],[-96.66199,17.62937],[-96.66094,17.63423],[-96.66636,17.63134],[-96.66771,17.63662],[-96.67268,17.63632],[-96.67349,17.64243],[-96.66837,17.64121],[-96.66532,17.64622],[-96.67019,17.64365],[-96.67327,17.65131],[-96.68031,17.64943],[-96.68076,17.65892],[-96.68947,17.65343],[-96.69163,17.66207],[-96.68961,17.66556],[-96.69294,17.66433],[-96.70116,17.66868],[-96.70101,17.66511],[-96.70442,17.66544],[-96.70292,17.6737],[-96.69892,17.67699],[-96.70057,17.67902],[-96.69662,17.67844],[-96.69396,17.70727],[-96.67218,17.70884],[-96.65632,17.69584],[-96.64246,17.70128],[-96.6332,17.71556],[-96.65602,17.71889],[-96.66032,17.7136],[-96.67335,17.71819],[-96.67714,17.72438],[-96.68566,17.72717],[-96.6831,17.73789],[-96.67706,17.73952],[-96.67168,17.7468],[-96.67243,17.74905],[-96.67861,17.7469],[-96.68817,17.74912],[-96.67966,17.75471],[-96.67028,17.78763]]]}},{"type":"Feature","properties":{"code":"20220","stateCode":"20","municipalityCode":"220","name":"San Juan Tepeuxila"},"geometry":{"type":"Polygon","coordinates":[[[-96.74532,17.83131],[-96.71535,17.82708],[-96.69686,17.79153],[-96.69155,17.79397],[-96.67181,17.78829],[-96.67966,17.75471],[-96.68817,17.74912],[-96.67861,17.7469],[-96.67243,17.74905],[-96.67168,17.7468],[-96.67706,17.73952],[-96.6831,17.73789],[-96.68573,17.72735],[-96.67714,17.72438],[-96.67335,17.71819],[-96.66032,17.7136],[-96.65602,17.71889],[-96.63314,17.7159],[-96.64246,17.70128],[-96.65632,17.69584],[-96.67218,17.70884],[-96.69396,17.70727],[-96.69662,17.67844],[-96.70057,17.67902],[-96.69892,17.67699],[-96.70292,17.6737],[-96.70442,17.66544],[-96.71829,17.68143],[-96.72491,17.68209],[-96.73111,17.67735],[-96.75152,17.69168],[-96.75962,17.68333],[-96.76291,17.68713],[-96.76702,17.68643],[-96.7715,17.67586],[-96.77605,17.68201],[-96.78033,17.67821],[-96.80317,17.68019],[-96.81211,17.67359],[-96.80755,17.66751],[-96.81559,17.66308],[-96.8216,17.6697],[-96.8207,17.67372],[-96.82849,17.6675],[-96.83301,17.66851],[-96.83178,17.67319],[-96.83623,17.67794],[-96.85137,17.67293],[-96.85608,17.67689],[-96.86457,17.67785],[-96.85921,17.68203],[-96.85685,17.69045],[-96.86304,17.6998],[-96.87158,17.6955],[-96.87447,17.69726],[-96.87648,17.72439],[-96.8802,17.72824],[-96.87524,17.73889],[-96.87502,17.74824],[-96.86814,17.75725],[-96.86037,17.75099],[-96.84921,17.75386],[-96.83127,17.7648],[-96.8162,17.75076],[-96.81549,17.74639],[-96.80743,17.74892],[-96.78912,17.73667],[-96.78176,17.74999],[-96.79735,17.76486],[-96.79881,17.77203],[-96.79002,17.7804],[-96.77682,17.81856],[-96.74511,17.83629],[-96.74532,17.83131]]]}},{"type":"Feature","properties":{"code":"20262","stateCode":"20","municipalityCode":"262","name":"San Miguel Amatlán"},"geometry":{"type":"Polygon","coordinates":[[[-96.47912,17.29323],[-96.4631,17.28978],[-96.43819,17.27837],[-96.43613,17.25929],[-96.43971,17.25594],[-96.44621,17.26154],[-96.45185,17.26124],[-96.4544,17.25696],[-96.45198,17.25376],[-96.46085,17.24647],[-96.4579,17.23707],[-96.45278,17.23333],[-96.45201,17.22394],[-96.45775,17.2197],[-96.44792,17.2124],[-96.4508,17.20657],[-96.4494,17.20181],[-96.45319,17.19833],[-96.44385,17.18146],[-96.44022,17.17982],[-96.43632,17.18244],[-96.43347,17.17973],[-96.43393,17.17023],[-96.43865,17.16829],[-96.43199,17.16103],[-96.42924,17.14926],[-96.42517,17.14709],[-96.41511,17.15053],[-96.40872,17.14503],[-96.44388,17.12517],[-96.46468,17.10606],[-96.46716,17.10697],[-96.46715,17.11526],[-96.4717,17.11909],[-96.46936,17.13375],[-96.47278,17.1393],[-96.46108,17.14742],[-96.45881,17.15415],[-96.47023,17.17104],[-96.47034,17.1877],[-96.46638,17.19682],[-96.47389,17.20825],[-96.47003,17.21853],[-96.47464,17.23167],[-96.48345,17.23993],[-96.48318,17.24516],[-96.47841,17.24602],[-96.47583,17.25302],[-96.46995,17.25597],[-96.47067,17.26232],[-96.46775,17.26613],[-96.47174,17.27178],[-96.47883,17.26879],[-96.48239,17.27302],[-96.48412,17.26892],[-96.49053,17.27192],[-96.49072,17.28146],[-96.47912,17.29323]]]}},{"type":"Feature","properties":{"code":"20266","stateCode":"20","municipalityCode":"266","name":"San Miguel del Puerto"},"geometry":{"type":"Polygon","coordinates":[[[-96.1194,16.11423],[-96.0879,16.09254],[-96.08735,16.09787],[-96.05092,16.09174],[-96.02037,16.07604],[-96.02414,16.06513],[-95.99592,16.03341],[-96.01394,16.04298],[-96.03136,16.04739],[-96.04559,16.03683],[-96.06143,16.03815],[-96.05516,16.0143],[-96.05643,16.00549],[-96.05112,15.9938],[-96.03398,16.00483],[-96.01006,16.00354],[-96.00185,16.02557],[-95.99794,15.96578],[-95.98777,15.95415],[-95.99423,15.95418],[-95.96724,15.9375],[-95.98172,15.91958],[-96.00948,15.89937],[-96.01475,15.87011],[-96.00341,15.80814],[-96.01117,15.80139],[-96.03378,15.7911],[-96.05084,15.78942],[-96.04438,15.79401],[-96.05045,15.80467],[-96.05818,15.81175],[-96.06379,15.81282],[-96.06694,15.82514],[-96.07837,15.82741],[-96.07702,15.84033],[-96.08344,15.83621],[-96.09084,15.83781],[-96.09573,15.83678],[-96.0967,15.83338],[-96.09935,15.83495],[-96.10266,15.84309],[-96.10918,15.84856],[-96.11142,15.85945],[-96.12028,15.86042],[-96.11205,15.87036],[-96.21673,15.86732],[-96.24173,15.87201],[-96.24793,15.87998],[-96.2491,15.89993],[-96.23282,15.90209],[-96.24675,15.91551],[-96.23836,15.93523],[-96.24206,15.9404],[-96.2361,15.94497],[-96.23991,15.95192],[-96.24259,15.94911],[-96.24483,15.95344],[-96.24555,15.96376],[-96.24194,15.95913],[-96.24075,15.96404],[-96.23639,15.96093],[-96.22787,15.96465],[-96.21461,15.95595],[-96.21706,15.94965],[-96.20942,15.94851],[-96.1991,15.95519],[-96.19462,15.96232],[-96.19506,15.9686],[-96.20274,15.97122],[-96.2049,15.97553],[-96.19931,15.9755],[-96.18955,15.9689],[-96.17912,15.97208],[-96.14825,15.95977],[-96.14385,15.9626],[-96.13721,15.98756],[-96.12913,15.98781],[-96.12691,15.98401],[-96.12291,15.98574],[-96.12504,15.98926],[-96.1173,15.997],[-96.12587,16.01024],[-96.11792,16.00655],[-96.12593,16.01663],[-96.12335,16.02034],[-96.13238,16.03035],[-96.14066,16.02729],[-96.15116,16.03459],[-96.16699,16.03468],[-96.17201,16.03921],[-96.16965,16.04369],[-96.1499,16.04294],[-96.1423,16.04566],[-96.13715,16.03786],[-96.14201,16.05053],[-96.13605,16.0591],[-96.13185,16.07555],[-96.13391,16.09585],[-96.12395,16.11209],[-96.1194,16.11423]]]}},{"type":"Feature","properties":{"code":"20265","stateCode":"20","municipalityCode":"265","name":"San Miguel Chimalapa"},"geometry":{"type":"Polygon","coordinates":[[[-94.80941,16.77209],[-94.75802,16.75225],[-94.66684,16.72529],[-94.60478,16.71723],[-94.04429,16.7122],[-94.04559,16.69499],[-94.13347,16.47597],[-94.13092,16.50747],[-94.18621,16.50835],[-94.19077,16.52561],[-94.19884,16.53106],[-94.19989,16.55131],[-94.20499,16.54699],[-94.21093,16.54688],[-94.21352,16.55488],[-94.22702,16.55433],[-94.24513,16.57058],[-94.24693,16.56816],[-94.25316,16.56913],[-94.2565,16.5607],[-94.2702,16.55218],[-94.26879,16.58593],[-94.31292,16.57287],[-94.31607,16.59699],[-94.35868,16.58568],[-94.35917,16.57635],[-94.36695,16.57765],[-94.37666,16.5626],[-94.38738,16.57203],[-94.4042,16.5767],[-94.42341,16.57106],[-94.41567,16.58522],[-94.46402,16.59482],[-94.46841,16.63817],[-94.47981,16.63761],[-94.49011,16.59999],[-94.5376,16.60952],[-94.54064,16.61623],[-94.55526,16.61582],[-94.55614,16.61362],[-94.63707,16.62992],[-94.63503,16.64333],[-94.65109,16.64707],[-94.65274,16.64289],[-94.66452,16.64556],[-94.66888,16.63822],[-94.6951,16.63985],[-94.75963,16.65231],[-94.7536,16.62553],[-94.75514,16.61188],[-94.83432,16.61904],[-94.84897,16.63117],[-94.82988,16.67068],[-94.81361,16.67036],[-94.81152,16.68845],[-94.82698,16.70531],[-94.82245,16.72576],[-94.83517,16.74394],[-94.83544,16.74863],[-94.82148,16.77083],[-94.80941,16.77209]]]}},{"type":"Feature","properties":{"code":"20318","stateCode":"20","municipalityCode":"318","name":"San Pedro Mixtepec"},"geometry":{"type":"Polygon","coordinates":[[[-97.1239,16.03314],[-97.11897,16.03133],[-97.12209,16.02663],[-97.12021,16.02374],[-97.10182,16.01322],[-97.0635,16.00956],[-97.0403,16.00309],[-97.01164,16.00505],[-97.01017,16.01745],[-96.9978,16.01735],[-96.99785,15.98765],[-96.99138,15.994],[-96.98846,15.98672],[-96.98039,15.98938],[-96.9636,15.98571],[-96.95904,15.98952],[-96.9566,15.98718],[-96.94759,15.98931],[-96.93424,15.98718],[-96.92967,15.99024],[-96.92795,15.98823],[-96.92604,15.99201],[-96.91175,15.99451],[-96.90328,15.98763],[-96.90029,15.98947],[-96.8949,15.96872],[-96.97764,15.93032],[-96.99558,15.91856],[-97.01054,15.92333],[-97.01517,15.90494],[-97.05101,15.88357],[-97.06104,15.86065],[-97.0664,15.85654],[-97.0733,15.85809],[-97.07541,15.8559],[-97.07908,15.85982],[-97.08379,15.85861],[-97.08606,15.86255],[-97.10362,15.86899],[-97.14248,15.89698],[-97.21058,15.92269],[-97.17897,15.98338],[-97.16531,15.99173],[-97.14743,15.99576],[-97.13876,16.01313],[-97.14002,16.0169],[-97.13486,16.01685],[-97.13071,16.03052],[-97.1239,16.03314]]]}},{"type":"Feature","properties":{"code":"20327","stateCode":"20","municipalityCode":"327","name":"San Pedro Tapanatepec"},"geometry":{"type":"Polygon","coordinates":[[[-94.19953,16.48407],[-94.13832,16.4613],[-94.05066,16.32971],[-94.03296,16.27594],[-94.04353,16.25569],[-94.03514,16.24828],[-94.0352,16.23955],[-94.04847,16.21617],[-94.10957,16.1791],[-94.10276,16.14252],[-94.10642,16.15089],[-94.15304,16.12315],[-94.16929,16.13564],[-94.20293,16.15306],[-94.21696,16.13563],[-94.24935,16.14661],[-94.28509,16.14371],[-94.3339,16.16598],[-94.39728,16.17777],[-94.39333,16.17741],[-94.39481,16.18029],[-94.38813,16.17925],[-94.41183,16.19461],[-94.4212,16.19654],[-94.42856,16.20597],[-94.44387,16.21515],[-94.4362,16.21903],[-94.4368,16.22143],[-94.41493,16.22079],[-94.3868,16.21134],[-94.39453,16.21878],[-94.44143,16.22915],[-94.43961,16.23316],[-94.44349,16.23641],[-94.43436,16.24514],[-94.43077,16.24466],[-94.43133,16.2474],[-94.42391,16.24349],[-94.42273,16.23727],[-94.40892,16.23559],[-94.41589,16.24261],[-94.41576,16.2488],[-94.41074,16.2499],[-94.4066,16.25852],[-94.41535,16.26604],[-94.41303,16.27371],[-94.41597,16.27188],[-94.41807,16.27423],[-94.41478,16.28545],[-94.3814,16.29662],[-94.37259,16.29624],[-94.36987,16.29922],[-94.36418,16.3386],[-94.34205,16.3426],[-94.3108,16.33478],[-94.29846,16.3497],[-94.29935,16.34251],[-94.28631,16.35481],[-94.27346,16.38056],[-94.27512,16.40095],[-94.25886,16.43267],[-94.24981,16.43776],[-94.23723,16.42618],[-94.2358,16.43052],[-94.22665,16.43052],[-94.2072,16.44538],[-94.20432,16.44403],[-94.20419,16.46505],[-94.19953,16.48407]],[[-94.18681,16.31036],[-94.21405,16.2973],[-94.22901,16.2448],[-94.19943,16.24096],[-94.18468,16.29923],[-94.17868,16.29766],[-94.18409,16.3019],[-94.18024,16.30493],[-94.18214,16.30794],[-94.18681,16.31036]]]}},{"type":"Feature","properties":{"code":"20556","stateCode":"20","municipalityCode":"556","name":"La Trinidad Vista Hermosa"},"geometry":{"type":"Polygon","coordinates":[[[-97.51012,17.79641],[-97.48689,17.77774],[-97.4808,17.78583],[-97.47755,17.76896],[-97.48255,17.76976],[-97.50953,17.75646],[-97.51487,17.7824],[-97.52078,17.78695],[-97.51921,17.79895],[-97.51012,17.79641]]]}},{"type":"Feature","properties":{"code":"20005","stateCode":"20","municipalityCode":"005","name":"Asunción Ixtaltepec"},"geometry":{"type":"Polygon","coordinates":[[[-94.89538,16.82755],[-94.88605,16.83564],[-94.87144,16.81549],[-94.86837,16.81726],[-94.86668,16.81233],[-94.86283,16.81382],[-94.86092,16.80996],[-94.8543,16.80805],[-94.85448,16.80118],[-94.84981,16.79426],[-94.84358,16.80238],[-94.84338,16.81016],[-94.83315,16.81391],[-94.828,16.80559],[-94.81773,16.80425],[-94.81613,16.79329],[-94.81319,16.7936],[-94.80739,16.78512],[-94.81116,16.77283],[-94.82148,16.77083],[-94.83544,16.74863],[-94.83517,16.74394],[-94.82245,16.72576],[-94.82698,16.70531],[-94.81152,16.68845],[-94.81361,16.67036],[-94.82988,16.67068],[-94.84897,16.63117],[-94.83432,16.61904],[-94.85751,16.61631],[-94.87661,16.60933],[-94.8764,16.57638],[-94.88606,16.58194],[-94.89482,16.58033],[-94.9186,16.59139],[-94.92876,16.58281],[-94.92965,16.57848],[-94.95315,16.58268],[-94.95356,16.57083],[-94.96964,16.56826],[-94.97441,16.56224],[-94.97291,16.55873],[-94.97609,16.55446],[-94.96942,16.546],[-94.96923,16.53858],[-94.9797,16.5292],[-94.97663,16.52366],[-94.98103,16.5211],[-94.98182,16.51319],[-95.00723,16.51281],[-95.02228,16.49994],[-95.04737,16.49455],[-95.06201,16.48792],[-95.08318,16.44065],[-95.08274,16.4337],[-95.11979,16.43387],[-95.11982,16.46777],[-95.11224,16.46778],[-95.12835,16.48475],[-95.16272,16.49981],[-95.17848,16.5009],[-95.18302,16.51383],[-95.17748,16.52769],[-95.18258,16.53875],[-95.20231,16.53652],[-95.19146,16.5528],[-95.16603,16.55125],[-95.15958,16.54889],[-95.15629,16.51924],[-95.11986,16.51753],[-95.09309,16.52509],[-95.08811,16.52913],[-95.06973,16.52864],[-95.05991,16.53557],[-95.02139,16.58059],[-95.01625,16.59702],[-95.00075,16.62393],[-95.00077,16.63165],[-95.01504,16.6413],[-95.0178,16.64886],[-95.01066,16.66726],[-94.99958,16.66662],[-95.00101,16.68134],[-95.00952,16.68136],[-95.01042,16.68644],[-95.01775,16.69227],[-95.04378,16.70514],[-95.04404,16.70744],[-95.01527,16.72394],[-94.99824,16.75251],[-95.01859,16.77368],[-94.92257,16.85475],[-94.89538,16.82755]]]}},{"type":"Feature","properties":{"code":"20517","stateCode":"20","municipalityCode":"517","name":"Santo Domingo Tepuxtepec"},"geometry":{"type":"Polygon","coordinates":[[[-96.07483,16.98656],[-96.04741,16.98625],[-96.04658,16.98024],[-96.05238,16.97151],[-96.05062,16.96869],[-96.0442,16.97096],[-96.04418,16.96143],[-96.03467,16.96059],[-96.0298,16.96463],[-96.02265,16.96478],[-96.02555,16.94157],[-96.03683,16.9486],[-96.03362,16.93966],[-96.03908,16.93467],[-96.03951,16.9237],[-96.02626,16.92037],[-96.0199,16.91408],[-96.01298,16.91375],[-96.01208,16.91017],[-96.00679,16.90947],[-96.00158,16.90321],[-95.98746,16.89791],[-95.98329,16.89051],[-95.98905,16.88647],[-96.01707,16.87994],[-96.05683,16.89129],[-96.07203,16.88957],[-96.08199,16.8976],[-96.09948,16.90295],[-96.10441,16.90822],[-96.11171,16.90756],[-96.12465,16.91923],[-96.14184,16.92146],[-96.15347,16.93194],[-96.1714,16.95968],[-96.16381,16.96241],[-96.15129,16.95957],[-96.1317,16.97451],[-96.12798,16.98236],[-96.11734,16.98568],[-96.10408,16.98286],[-96.11069,16.97362],[-96.10398,16.96875],[-96.1088,16.95346],[-96.09508,16.94891],[-96.08339,16.9499],[-96.08006,16.96759],[-96.07144,16.9734],[-96.07483,16.98656]]]}},{"type":"Feature","properties":{"code":"20565","stateCode":"20","municipalityCode":"565","name":"Villa de Zaachila"},"geometry":{"type":"Polygon","coordinates":[[[-96.82102,17.01247],[-96.81221,17.0031],[-96.81072,16.97631],[-96.79788,16.97495],[-96.79744,16.96648],[-96.78826,16.96921],[-96.788,16.96594],[-96.77932,16.9644],[-96.77693,16.95497],[-96.76527,16.95717],[-96.76278,16.96367],[-96.75837,16.96508],[-96.75571,16.96267],[-96.74485,16.96385],[-96.74252,16.9666],[-96.74716,16.972],[-96.73279,16.96755],[-96.7346,16.96157],[-96.72263,16.95899],[-96.72719,16.94591],[-96.71733,16.94483],[-96.66128,16.9235],[-96.66173,16.91612],[-96.67581,16.91809],[-96.68718,16.88638],[-96.70046,16.90113],[-96.7147,16.90683],[-96.72454,16.92489],[-96.73942,16.92903],[-96.74625,16.90395],[-96.75112,16.90509],[-96.75504,16.89887],[-96.75794,16.91469],[-96.75366,16.91692],[-96.75203,16.92342],[-96.7721,16.93122],[-96.76945,16.94528],[-96.79339,16.94646],[-96.82795,16.94217],[-96.82739,16.94649],[-96.84158,16.95025],[-96.84495,16.96517],[-96.85905,16.9619],[-96.85102,16.96794],[-96.85096,16.97641],[-96.84566,16.9841],[-96.83333,16.99056],[-96.84926,17.00254],[-96.8241,17.02108],[-96.82102,17.01247]]]}},{"type":"Feature","properties":{"code":"20503","stateCode":"20","municipalityCode":"503","name":"Santiago Zoochila"},"geometry":{"type":"Polygon","coordinates":[[[-96.25757,17.23629],[-96.24896,17.23227],[-96.25082,17.22606],[-96.238,17.2252],[-96.24118,17.19997],[-96.2393,17.19657],[-96.2459,17.19491],[-96.24811,17.20244],[-96.25198,17.19821],[-96.25468,17.20009],[-96.25676,17.20949],[-96.26832,17.22336],[-96.25757,17.23629]]]}},{"type":"Feature","properties":{"code":"20500","stateCode":"20","municipalityCode":"500","name":"Santiago Yosondúa"},"geometry":{"type":"Polygon","coordinates":[[[-97.56093,16.96612],[-97.55785,16.95352],[-97.5396,16.91988],[-97.54354,16.90379],[-97.5299,16.88164],[-97.5186,16.88127],[-97.51476,16.88629],[-97.51143,16.88582],[-97.509,16.89992],[-97.50473,16.90482],[-97.4592,16.89484],[-97.4737,16.8859],[-97.50571,16.88655],[-97.50885,16.87966],[-97.51473,16.87604],[-97.50964,16.87191],[-97.45473,16.87805],[-97.38343,16.86411],[-97.36741,16.8317],[-97.37122,16.81887],[-97.37998,16.81441],[-97.45169,16.81211],[-97.48955,16.80299],[-97.50142,16.79122],[-97.51952,16.78044],[-97.51994,16.76836],[-97.52954,16.76245],[-97.52774,16.75178],[-97.53585,16.74399],[-97.5422,16.74311],[-97.55292,16.72644],[-97.55944,16.73301],[-97.57072,16.73604],[-97.57631,16.74813],[-97.57568,16.76857],[-97.60383,16.79873],[-97.61579,16.84372],[-97.63052,16.87446],[-97.6298,16.88066],[-97.63541,16.88977],[-97.6334,16.8918],[-97.63641,16.90039],[-97.64391,16.91284],[-97.64222,16.9265],[-97.63706,16.93725],[-97.63336,16.93495],[-97.61843,16.94013],[-97.60273,16.95547],[-97.57897,16.94875],[-97.57628,16.95923],[-97.56644,16.96688],[-97.56093,16.96612]]]}},{"type":"Feature","properties":{"code":"20059","stateCode":"20","municipalityCode":"059","name":"Miahuatlán de Porfirio Díaz"},"geometry":{"type":"Polygon","coordinates":[[[-96.70318,16.49502],[-96.67538,16.48131],[-96.67408,16.4844],[-96.66905,16.48341],[-96.65985,16.48807],[-96.66111,16.47264],[-96.64348,16.46875],[-96.635,16.46174],[-96.63352,16.45598],[-96.62825,16.47239],[-96.62016,16.46944],[-96.61486,16.47206],[-96.61053,16.47086],[-96.61451,16.47064],[-96.61123,16.46918],[-96.61194,16.46374],[-96.60528,16.45928],[-96.5895,16.46953],[-96.59136,16.47304],[-96.5863,16.47714],[-96.56927,16.47645],[-96.55475,16.4809],[-96.55452,16.47769],[-96.54695,16.47452],[-96.55259,16.47084],[-96.55215,16.46322],[-96.56462,16.4593],[-96.57858,16.44989],[-96.57659,16.44674],[-96.53516,16.45323],[-96.53064,16.44504],[-96.53663,16.43961],[-96.5402,16.41232],[-96.55733,16.3784],[-96.55902,16.36336],[-96.54436,16.35232],[-96.53999,16.32437],[-96.52806,16.32199],[-96.52558,16.33304],[-96.51896,16.33693],[-96.5207,16.3402],[-96.51676,16.34566],[-96.52002,16.35771],[-96.50177,16.35568],[-96.50002,16.35861],[-96.50097,16.35182],[-96.49174,16.35019],[-96.48483,16.35389],[-96.45406,16.34684],[-96.42985,16.34943],[-96.43634,16.31983],[-96.45252,16.31292],[-96.46644,16.33202],[-96.47944,16.33942],[-96.47745,16.34818],[-96.48087,16.35055],[-96.4795,16.34703],[-96.48617,16.34648],[-96.48503,16.35039],[-96.49592,16.34569],[-96.50074,16.32886],[-96.50903,16.31939],[-96.51098,16.31049],[-96.51691,16.31293],[-96.51939,16.30942],[-96.52922,16.31314],[-96.52969,16.30066],[-96.51583,16.29787],[-96.5092,16.29243],[-96.50868,16.27192],[-96.48831,16.25089],[-96.50529,16.24464],[-96.51255,16.2464],[-96.52035,16.24144],[-96.52921,16.24097],[-96.5519,16.28914],[-96.56755,16.28057],[-96.59636,16.28017],[-96.59787,16.27672],[-96.61262,16.27193],[-96.61048,16.26493],[-96.64234,16.24212],[-96.6579,16.22704],[-96.65914,16.23611],[-96.69542,16.25258],[-96.71368,16.2415],[-96.73196,16.24266],[-96.73871,16.23555],[-96.76095,16.22834],[-96.76188,16.23748],[-96.77609,16.25175],[-96.7913,16.25278],[-96.79701,16.24801],[-96.80006,16.25034],[-96.79804,16.25518],[-96.80597,16.25796],[-96.8054,16.2626],[-96.81022,16.26089],[-96.80952,16.26714],[-96.8218,16.26996],[-96.81922,16.27563],[-96.82414,16.27509],[-96.82394,16.27959],[-96.82802,16.27958],[-96.83472,16.28902],[-96.83818,16.28747],[-96.83934,16.296],[-96.84444,16.2904],[-96.84659,16.2932],[-96.84427,16.29515],[-96.84705,16.2947],[-96.84972,16.28955],[-96.85595,16.29187],[-96.85489,16.29625],[-96.85828,16.29596],[-96.8597,16.29983],[-96.86232,16.29309],[-96.86496,16.29558],[-96.86882,16.29084],[-96.86697,16.30005],[-96.84983,16.3147],[-96.85252,16.31762],[-96.85655,16.31339],[-96.86197,16.31794],[-96.85612,16.32759],[-96.85171,16.33034],[-96.83809,16.3304],[-96.83599,16.3372],[-96.81696,16.34144],[-96.79554,16.33228],[-96.79429,16.32282],[-96.78717,16.31621],[-96.76316,16.33519],[-96.74019,16.29081],[-96.73519,16.30445],[-96.71842,16.30092],[-96.71284,16.29806],[-96.71895,16.28734],[-96.69834,16.27232],[-96.68971,16.27681],[-96.6761,16.291],[-96.66131,16.28584],[-96.66424,16.28213],[-96.67853,16.28009],[-96.66862,16.27448],[-96.67553,16.26886],[-96.66954,16.26171],[-96.64464,16.26682],[-96.6379,16.2834],[-96.62158,16.29266],[-96.6251,16.29695],[-96.62407,16.31479],[-96.62814,16.32937],[-96.63827,16.32962],[-96.61647,16.35002],[-96.61376,16.35525],[-96.61866,16.35945],[-96.60814,16.36804],[-96.62084,16.38612],[-96.62362,16.40983],[-96.62967,16.41364],[-96.63115,16.41911],[-96.65317,16.37147],[-96.65761,16.3705],[-96.6615,16.36114],[-96.66687,16.36541],[-96.67217,16.35849],[-96.67661,16.36377],[-96.6692,16.38027],[-96.67705,16.3792],[-96.68467,16.38345],[-96.69017,16.39903],[-96.69701,16.40177],[-96.69659,16.40648],[-96.69937,16.40622],[-96.70452,16.41564],[-96.70333,16.4191],[-96.70755,16.42084],[-96.70148,16.42777],[-96.70365,16.43045],[-96.70039,16.44049],[-96.68297,16.42238],[-96.67286,16.43609],[-96.66991,16.4562],[-96.67957,16.46042],[-96.68028,16.46336],[-96.68799,16.4638],[-96.70424,16.44905],[-96.70327,16.44043],[-96.70989,16.42135],[-96.70823,16.41736],[-96.72491,16.42492],[-96.71354,16.44049],[-96.71956,16.44743],[-96.71593,16.4509],[-96.71775,16.45578],[-96.71431,16.4576],[-96.7222,16.46256],[-96.73156,16.45861],[-96.7371,16.47848],[-96.70318,16.49502]]]}},{"type":"Feature","properties":{"code":"20177","stateCode":"20","municipalityCode":"177","name":"San Juan Bautista Cuicatlán"},"geometry":{"type":"Polygon","coordinates":[[[-96.92106,17.94463],[-96.86403,17.92804],[-96.88547,17.90656],[-96.91763,17.90333],[-96.92724,17.90567],[-96.94939,17.86969],[-96.9458,17.8321],[-96.94309,17.8212],[-96.93644,17.81679],[-96.94218,17.80478],[-96.93681,17.79919],[-96.91948,17.79369],[-96.92757,17.79318],[-96.92983,17.78492],[-96.90349,17.76244],[-96.88246,17.75289],[-96.86977,17.7538],[-96.87502,17.74824],[-96.87524,17.73889],[-96.88021,17.72893],[-96.87648,17.72439],[-96.87459,17.69754],[-96.87158,17.6955],[-96.86304,17.6998],[-96.85826,17.69467],[-96.85635,17.68749],[-96.86457,17.67785],[-96.85608,17.67689],[-96.85483,17.67375],[-96.86768,17.65881],[-96.88058,17.62209],[-96.87786,17.58886],[-96.94599,17.6013],[-96.94096,17.60407],[-96.94753,17.61623],[-96.97877,17.60349],[-97.00069,17.58852],[-97.00153,17.57911],[-97.00512,17.5789],[-97.00244,17.57318],[-97.00841,17.56697],[-96.98739,17.55595],[-96.99329,17.54597],[-97.01163,17.5516],[-97.01641,17.54082],[-96.99355,17.52238],[-96.99541,17.50639],[-97.02169,17.51509],[-97.04141,17.53484],[-97.03485,17.55559],[-97.03997,17.55797],[-97.03598,17.56828],[-97.0415,17.58696],[-97.03827,17.59027],[-97.04326,17.64316],[-97.02641,17.64359],[-97.01276,17.64934],[-96.98121,17.71745],[-96.96899,17.72202],[-96.961,17.7343],[-96.9443,17.73543],[-96.95066,17.74396],[-96.94817,17.75487],[-96.95164,17.76429],[-96.96421,17.76434],[-96.96375,17.77195],[-96.95839,17.77457],[-96.96001,17.78433],[-96.98423,17.79328],[-96.98846,17.79783],[-96.99228,17.8137],[-96.99903,17.81771],[-97.00249,17.82507],[-97.01505,17.8097],[-97.02897,17.80184],[-97.02774,17.79409],[-97.0426,17.79584],[-97.05258,17.79024],[-97.07046,17.79065],[-97.0702,17.79501],[-97.07488,17.79852],[-97.09143,17.794],[-97.0936,17.77966],[-97.10003,17.79152],[-97.10592,17.79519],[-97.1147,17.77903],[-97.1198,17.7847],[-97.13623,17.78949],[-97.13623,17.79985],[-97.12607,17.80783],[-97.11768,17.8065],[-97.11617,17.81089],[-97.10843,17.81083],[-97.09248,17.83789],[-97.08721,17.83904],[-97.07906,17.84946],[-97.07067,17.85076],[-97.06678,17.85633],[-97.05825,17.85774],[-97.05236,17.86404],[-97.01165,17.86967],[-97.03092,17.89541],[-97.01981,17.90234],[-97.00202,17.92586],[-97.00381,17.92904],[-97.00024,17.92759],[-96.99913,17.92274],[-96.98541,17.91674],[-96.97748,17.92117],[-96.97176,17.91729],[-96.96293,17.93475],[-96.94705,17.93373],[-96.94179,17.93819],[-96.93614,17.93624],[-96.93261,17.9407],[-96.92453,17.93797],[-96.92106,17.94463]]]}},{"type":"Feature","properties":{"code":"20364","stateCode":"20","municipalityCode":"364","name":"Santa Catarina Juquila"},"geometry":{"type":"Polygon","coordinates":[[[-97.30464,16.39398],[-97.30163,16.38899],[-97.29605,16.39175],[-97.29086,16.38316],[-97.28448,16.38865],[-97.26228,16.37523],[-97.25849,16.36994],[-97.25038,16.37758],[-97.24141,16.37008],[-97.23393,16.37416],[-97.22885,16.37047],[-97.22276,16.37116],[-97.21499,16.36566],[-97.21353,16.36095],[-97.20367,16.36422],[-97.19495,16.35724],[-97.18647,16.35547],[-97.19123,16.34972],[-97.1895,16.34693],[-97.17412,16.35373],[-97.16509,16.35118],[-97.16353,16.35533],[-97.16722,16.3614],[-97.16468,16.36208],[-97.1552,16.35233],[-97.14346,16.35059],[-97.14235,16.27861],[-97.16138,16.26443],[-97.16917,16.26421],[-97.1732,16.25758],[-97.18057,16.25626],[-97.18367,16.25202],[-97.18106,16.24586],[-97.18446,16.24132],[-97.19061,16.24582],[-97.19421,16.24461],[-97.19366,16.24729],[-97.19793,16.24466],[-97.19905,16.23932],[-97.20012,16.24663],[-97.20466,16.2493],[-97.21271,16.24395],[-97.21408,16.24801],[-97.22086,16.24469],[-97.2164,16.23887],[-97.2566,16.23036],[-97.26037,16.23374],[-97.26852,16.23424],[-97.27515,16.23091],[-97.27725,16.22399],[-97.26837,16.20554],[-97.26878,16.19196],[-97.25237,16.17875],[-97.25087,16.17575],[-97.25376,16.17228],[-97.24243,16.15592],[-97.24839,16.15174],[-97.25485,16.15316],[-97.25367,16.15095],[-97.26012,16.14604],[-97.26183,16.13701],[-97.25787,16.11058],[-97.2487,16.11036],[-97.24065,16.07753],[-97.22661,16.05143],[-97.26312,16.01894],[-97.26193,16.02511],[-97.26912,16.02802],[-97.27782,16.02318],[-97.28888,16.02382],[-97.2926,16.02095],[-97.29017,16.01714],[-97.29571,16.00864],[-97.32062,16.00435],[-97.32293,16.00093],[-97.32127,15.9899],[-97.35059,15.97915],[-97.35962,15.98765],[-97.37944,15.96533],[-97.40689,16.00588],[-97.41695,16.04999],[-97.41534,16.05434],[-97.41036,16.05583],[-97.41503,16.06214],[-97.41131,16.07699],[-97.40524,16.08018],[-97.39105,16.11345],[-97.40382,16.12375],[-97.40395,16.12841],[-97.39822,16.13843],[-97.39419,16.13955],[-97.38966,16.15449],[-97.37776,16.15801],[-97.37762,16.16099],[-97.39508,16.17557],[-97.40918,16.18213],[-97.39799,16.18826],[-97.40503,16.19459],[-97.41134,16.19463],[-97.41214,16.20063],[-97.42293,16.20199],[-97.42117,16.20521],[-97.42676,16.20429],[-97.43263,16.21017],[-97.42551,16.21128],[-97.42568,16.21434],[-97.41972,16.2168],[-97.41114,16.22743],[-97.40125,16.23014],[-97.39862,16.22343],[-97.39146,16.22663],[-97.38312,16.21586],[-97.3834,16.20276],[-97.37647,16.19376],[-97.36673,16.20374],[-97.37373,16.20668],[-97.37319,16.21836],[-97.36002,16.22479],[-97.35857,16.23307],[-97.3253,16.22982],[-97.32018,16.23484],[-97.32863,16.24851],[-97.32377,16.26774],[-97.25752,16.28477],[-97.25654,16.29607],[-97.24057,16.31188],[-97.24202,16.32284],[-97.26383,16.31542],[-97.2955,16.31868],[-97.28973,16.33082],[-97.29188,16.33608],[-97.28789,16.33962],[-97.28825,16.34537],[-97.30968,16.33959],[-97.31019,16.3359],[-97.3178,16.33136],[-97.32031,16.33385],[-97.32017,16.35481],[-97.31243,16.362],[-97.3133,16.36534],[-97.30785,16.37268],[-97.30972,16.38718],[-97.30464,16.39398]]]}},{"type":"Feature","properties":{"code":"20057","stateCode":"20","municipalityCode":"057","name":"Matías Romero Avendaño"},"geometry":{"type":"MultiPolygon","coordinates":[[[[-95.17098,17.31066],[-95.17128,17.30385],[-95.15954,17.30415],[-95.1589,17.28767],[-95.17429,17.28722],[-95.17579,17.28299],[-95.17774,17.24138],[-95.17601,17.23237],[-95.17112,17.23205],[-95.16801,17.22234],[-95.17543,17.2228],[-95.17312,17.20372],[-95.18366,17.20454],[-95.18204,17.18647],[-95.18646,17.19185],[-95.21029,17.18627],[-95.22306,17.1799],[-95.23251,17.18007],[-95.23268,17.17712],[-95.24836,17.17032],[-95.24879,17.17519],[-95.28203,17.17366],[-95.28058,17.14959],[-95.29699,17.14887],[-95.30046,17.20744],[-95.26919,17.20796],[-95.26891,17.19722],[-95.28137,17.1969],[-95.28129,17.19246],[-95.21993,17.19159],[-95.21999,17.19554],[-95.20877,17.19455],[-95.20861,17.19887],[-95.20182,17.19834],[-95.20223,17.21182],[-95.21889,17.23542],[-95.19251,17.23352],[-95.19546,17.25229],[-95.19897,17.25241],[-95.19804,17.24757],[-95.20861,17.24869],[-95.20776,17.24394],[-95.22571,17.24446],[-95.22434,17.23984],[-95.23462,17.24077],[-95.23432,17.23659],[-95.26157,17.23851],[-95.26092,17.24722],[-95.2749,17.2452],[-95.27172,17.26958],[-95.26466,17.26503],[-95.26298,17.27652],[-95.26996,17.28145],[-95.2658,17.31169],[-95.2441,17.31173],[-95.2441,17.308],[-95.24823,17.30797],[-95.24802,17.27961],[-95.19501,17.27817],[-95.19493,17.28726],[-95.18946,17.29412],[-95.19247,17.31103],[-95.17098,17.31066]]],[[[-95.12214,17.43199],[-95.07657,17.37293],[-94.97119,17.33097],[-94.96651,17.33437],[-94.96056,17.32307],[-94.95098,17.31565],[-94.94578,17.31414],[-94.93308,17.31898],[-94.92716,17.32514],[-94.91149,17.3143],[-94.90095,17.31706],[-94.89078,17.31106],[-94.889,17.30008],[-94.90913,17.29719],[-94.91477,17.29258],[-94.91309,17.28623],[-94.90425,17.28962],[-94.90135,17.28745],[-94.90965,17.26798],[-94.89543,17.25638],[-94.90957,17.24278],[-94.9053,17.23691],[-94.91046,17.22788],[-94.91121,17.21371],[-94.91541,17.20622],[-94.92302,17.20413],[-94.92281,17.19379],[-94.82358,17.18877],[-94.8259,17.17966],[-94.81292,17.15663],[-94.81758,17.15461],[-94.81578,17.15133],[-94.81081,17.15273],[-94.80961,17.15052],[-94.81367,17.14756],[-94.80194,17.12568],[-94.79633,17.12404],[-94.79997,17.12619],[-94.79477,17.13388],[-94.78963,17.13197],[-94.78771,17.12909],[-94.79532,17.12223],[-94.79022,17.11469],[-94.75486,17.11459],[-94.75265,17.11144],[-94.75989,17.1092],[-94.76304,17.09763],[-94.75061,17.09018],[-94.74939,17.09429],[-94.74209,17.09117],[-94.74809,17.10261],[-94.74255,17.10471],[-94.72415,17.10725],[-94.71786,17.09346],[-94.71006,17.09906],[-94.70642,17.09816],[-94.70525,17.0905],[-94.70186,17.08948],[-94.70634,17.08772],[-94.70523,17.08388],[-94.71039,17.07381],[-94.71443,17.07548],[-94.74243,17.04497],[-94.75316,17.0421],[-94.75464,17.04512],[-94.77703,17.0447],[-94.78212,17.03253],[-94.7945,17.03778],[-94.79704,17.0435],[-94.80344,17.04475],[-94.8067,17.03898],[-94.81142,17.04017],[-94.81188,17.02955],[-94.8211,17.02903],[-94.83595,17.03878],[-94.83889,17.05338],[-94.84774,17.04858],[-94.85133,17.05297],[-94.86454,17.05694],[-94.866,17.05064],[-94.8795,17.05051],[-94.87579,17.05253],[-94.8773,17.06245],[-94.88294,17.06827],[-94.88048,17.0619],[-94.8836,17.05871],[-94.89319,17.06166],[-94.89935,17.05921],[-94.88875,17.04966],[-94.89314,17.0438],[-94.90173,17.04242],[-94.91373,17.04774],[-94.91671,17.04587],[-94.91032,17.03994],[-94.88341,17.03048],[-94.87906,17.02049],[-94.88419,17.01307],[-94.88142,17.00776],[-94.8718,17.00983],[-94.86349,17.00676],[-94.84074,17.01584],[-94.83974,17.01223],[-94.84835,16.99939],[-94.84396,16.9874],[-94.83409,16.98375],[-94.834,16.97874],[-94.81508,16.97462],[-94.82218,16.96243],[-94.80874,16.96215],[-94.79573,16.95041],[-94.78824,16.95371],[-94.77498,16.94898],[-94.77111,16.94059],[-94.77863,16.9384],[-94.78095,16.93353],[-94.77081,16.9283],[-94.77493,16.91238],[-94.78355,16.91081],[-94.7886,16.91454],[-94.79013,16.91003],[-94.79405,16.91046],[-94.7927,16.90698],[-94.79595,16.90348],[-94.80607,16.90712],[-94.82012,16.89991],[-94.82849,16.90118],[-94.83474,16.89531],[-94.85375,16.89321],[-94.8677,16.90963],[-94.88102,16.90957],[-94.88407,16.90082],[-94.89183,16.89435],[-94.89671,16.89769],[-94.9034,16.89724],[-94.91772,16.87876],[-94.92292,16.88661],[-94.93723,16.88962],[-94.93249,16.87733],[-94.94786,16.87695],[-94.95765,16.8675],[-94.9722,16.87032],[-94.97184,16.85957],[-94.98251,16.85744],[-94.98526,16.86112],[-94.9948,16.84994],[-95.00018,16.85124],[-95.00639,16.84812],[-95.01723,16.84805],[-95.02565,16.85711],[-95.02874,16.85027],[-95.03859,16.84869],[-95.04441,16.84416],[-95.05024,16.83306],[-95.06383,16.83537],[-95.06025,16.86129],[-95.05064,16.85975],[-95.05262,16.86516],[-95.04915,16.87214],[-95.04896,16.8898],[-95.0282,16.88107],[-95.02855,16.87848],[-95.01595,16.87895],[-95.01812,16.8849],[-95.01427,16.88742],[-95.02575,16.88593],[-95.0223,16.88806],[-95.0351,16.89311],[-95.0332,16.90056],[-95.046,16.89909],[-95.04622,16.90312],[-95.03635,16.90556],[-95.03042,16.90363],[-95.01864,16.90789],[-95.01438,16.91311],[-95.01122,16.91243],[-95.01137,16.91852],[-94.99299,16.93156],[-94.98799,16.93039],[-94.98155,16.92101],[-94.97106,16.92794],[-94.96239,16.92364],[-94.95359,16.92721],[-94.95569,16.93435],[-94.94887,16.93462],[-94.94312,16.93919],[-94.95085,16.94945],[-94.9409,16.95754],[-94.94471,16.96139],[-94.94713,16.97683],[-94.9542,16.97],[-94.95768,16.97835],[-94.94453,16.98243],[-94.9445,16.98775],[-94.9544,16.99518],[-94.96046,16.99568],[-94.96244,17.00316],[-94.9469,16.99759],[-94.94527,17.00981],[-94.94781,17.01141],[-94.93334,17.02299],[-94.94018,17.02824],[-94.94304,17.02338],[-94.94755,17.02389],[-94.9481,17.0293],[-94.95849,17.03708],[-94.96551,17.03405],[-94.97061,17.03746],[-94.97867,17.03364],[-94.9804,17.04816],[-94.97611,17.05563],[-94.95759,17.06825],[-94.96508,17.07051],[-94.96059,17.08313],[-94.9621,17.09159],[-94.95898,17.09414],[-94.95918,17.10321],[-94.94178,17.11291],[-94.94515,17.1151],[-94.94384,17.12068],[-94.95194,17.12552],[-94.95348,17.14364],[-94.95653,17.14128],[-94.95523,17.1378],[-94.95985,17.14257],[-94.96623,17.13945],[-94.97681,17.14757],[-94.97847,17.14355],[-94.97441,17.12859],[-94.97986,17.12004],[-94.9867,17.11963],[-94.99411,17.11312],[-94.99328,17.09374],[-94.99676,17.10697],[-95.01447,17.12055],[-95.02513,17.11689],[-95.02666,17.1005],[-95.03641,17.117],[-95.05219,17.11925],[-95.05461,17.1133],[-95.04432,17.10625],[-95.04441,17.10352],[-95.04998,17.10131],[-95.05042,17.09635],[-95.0531,17.09734],[-95.0565,17.08953],[-95.06064,17.08756],[-95.06551,17.09054],[-95.06763,17.09731],[-95.07536,17.0992],[-95.06835,17.11622],[-95.07144,17.12267],[-95.06848,17.12784],[-95.072,17.13429],[-95.07012,17.14471],[-95.08489,17.14884],[-95.09612,17.16331],[-95.10706,17.16672],[-95.11328,17.19322],[-95.12973,17.19728],[-95.12797,17.19091],[-95.12226,17.18717],[-95.13703,17.18292],[-95.13693,17.17834],[-95.15852,17.18947],[-95.15872,17.20212],[-95.15358,17.20528],[-95.15802,17.20714],[-95.15535,17.22138],[-95.16611,17.23172],[-95.16549,17.24135],[-95.15352,17.24389],[-95.1555,17.26996],[-95.15306,17.27064],[-95.14805,17.26211],[-95.1465,17.26791],[-95.14064,17.27275],[-95.14873,17.27386],[-95.14797,17.29557],[-95.15212,17.29582],[-95.15382,17.31055],[-95.15334,17.31385],[-95.14163,17.31315],[-95.13535,17.35444],[-95.14362,17.35565],[-95.14423,17.35108],[-95.16836,17.35457],[-95.16876,17.35203],[-95.17821,17.35204],[-95.17915,17.35646],[-95.18979,17.35579],[-95.1902,17.35901],[-95.19275,17.35666],[-95.18892,17.34977],[-95.16845,17.32228],[-95.20339,17.31553],[-95.21836,17.33407],[-95.21781,17.36772],[-95.21417,17.36798],[-95.2142,17.37783],[-95.21664,17.37957],[-95.21211,17.38013],[-95.20566,17.37567],[-95.19775,17.37947],[-95.18676,17.37218],[-95.18253,17.42321],[-95.15265,17.4276],[-95.15259,17.41134],[-95.13887,17.41199],[-95.14449,17.42347],[-95.1438,17.42887],[-95.12214,17.43199]],[[-94.99446,17.25516],[-94.99858,17.25241],[-94.99427,17.23998],[-94.98923,17.23711],[-94.99409,17.23098],[-94.98758,17.23025],[-94.98753,17.20292],[-94.98414,17.19878],[-94.97762,17.21554],[-94.97088,17.21112],[-94.95659,17.21496],[-94.9373,17.20754],[-94.93267,17.20972],[-94.93923,17.22284],[-94.94635,17.22316],[-94.94611,17.22922],[-94.95006,17.22866],[-94.95426,17.23281],[-94.95494,17.2406],[-94.95885,17.2454],[-94.98519,17.25012],[-94.98261,17.26486],[-94.99147,17.26496],[-94.99446,17.25516]]]]}},{"type":"Feature","properties":{"code":"20544","stateCode":"20","municipalityCode":"544","name":"Teococuilco de Marcos Pérez"},"geometry":{"type":"Polygon","coordinates":[[[-96.66995,17.40162],[-96.66335,17.3959],[-96.6611,17.38621],[-96.64802,17.37582],[-96.6372,17.37205],[-96.60929,17.36713],[-96.58562,17.37573],[-96.57746,17.36012],[-96.57623,17.34947],[-96.58852,17.33668],[-96.59296,17.31989],[-96.61834,17.32473],[-96.64445,17.31089],[-96.65276,17.31034],[-96.65635,17.30557],[-96.66688,17.30492],[-96.68167,17.29764],[-96.68678,17.28833],[-96.69411,17.28343],[-96.68778,17.26469],[-96.69777,17.26035],[-96.69812,17.25625],[-96.69418,17.25342],[-96.69772,17.24725],[-96.69499,17.2448],[-96.70544,17.23676],[-96.72716,17.24963],[-96.74742,17.28348],[-96.72948,17.2917],[-96.71371,17.3043],[-96.71963,17.32942],[-96.73378,17.35511],[-96.68744,17.37527],[-96.67089,17.38664],[-96.67536,17.40094],[-96.66995,17.40162]]]}},{"type":"Feature","properties":{"code":"20410","stateCode":"20","municipalityCode":"410","name":"Santa María Ecatepec"},"geometry":{"type":"Polygon","coordinates":[[[-95.84487,16.4388],[-95.80863,16.41718],[-95.75684,16.407],[-95.738,16.38536],[-95.76716,16.34284],[-95.76294,16.34212],[-95.82821,16.31448],[-95.7954,16.27957],[-95.80459,16.27248],[-95.81213,16.25087],[-95.80827,16.21229],[-95.80205,16.21295],[-95.79706,16.20944],[-95.79295,16.21592],[-95.79207,16.21089],[-95.78782,16.21169],[-95.78706,16.2088],[-95.79405,16.1955],[-95.79164,16.18728],[-95.80181,16.18234],[-95.80584,16.17558],[-95.80516,16.1494],[-95.76433,16.08202],[-95.78265,16.05129],[-95.78695,16.03753],[-95.81175,16.01127],[-95.82693,16.0052],[-95.86589,16.07639],[-95.87586,16.11627],[-95.87369,16.12731],[-95.89686,16.12413],[-95.90239,16.12068],[-95.89774,16.10071],[-95.89744,16.09105],[-95.90106,16.08732],[-95.91562,16.09501],[-95.92588,16.09035],[-95.92938,16.10517],[-95.94132,16.09488],[-95.9461,16.09724],[-95.94234,16.11138],[-95.95077,16.11657],[-95.94659,16.12612],[-95.95736,16.1273],[-95.96379,16.13394],[-95.95183,16.13309],[-95.95927,16.14033],[-95.95857,16.15336],[-95.95548,16.1526],[-95.94411,16.14584],[-95.92525,16.14119],[-95.93499,16.12228],[-95.92254,16.1207],[-95.91085,16.12507],[-95.90134,16.14149],[-95.89607,16.14601],[-95.88847,16.14685],[-95.88921,16.15153],[-95.88403,16.14875],[-95.87717,16.1539],[-95.87495,16.15074],[-95.86702,16.15485],[-95.8621,16.15015],[-95.85839,16.15122],[-95.85567,16.16096],[-95.85212,16.15918],[-95.85114,16.16289],[-95.84126,16.16456],[-95.83683,16.17697],[-95.81006,16.18348],[-95.84982,16.20413],[-95.84371,16.20486],[-95.84267,16.20785],[-95.84727,16.20687],[-95.84764,16.21522],[-95.85262,16.20941],[-95.8605,16.21581],[-95.86328,16.21253],[-95.86878,16.21817],[-95.87687,16.2145],[-95.87814,16.21963],[-95.88233,16.21808],[-95.88678,16.22757],[-95.89281,16.2281],[-95.8962,16.23346],[-95.90502,16.2343],[-95.90495,16.23126],[-95.92374,16.23641],[-95.93511,16.23076],[-95.93969,16.22448],[-95.93534,16.21911],[-95.9354,16.21153],[-95.94738,16.20428],[-95.95432,16.2048],[-95.95479,16.19981],[-95.9648,16.19685],[-95.9797,16.20306],[-95.98929,16.19628],[-95.9928,16.1994],[-95.99027,16.20256],[-95.9958,16.2051],[-96.00103,16.20245],[-96.00438,16.20725],[-96.01407,16.20971],[-96.01931,16.21377],[-96.01791,16.21927],[-96.02076,16.21686],[-96.02746,16.22403],[-96.01847,16.24069],[-96.01593,16.25692],[-96.0183,16.26266],[-96.00255,16.25877],[-96.00596,16.264],[-96.00093,16.27238],[-95.99753,16.27199],[-95.98883,16.29428],[-95.98339,16.2934],[-95.96064,16.31309],[-95.98,16.33526],[-95.97493,16.34347],[-95.95734,16.3569],[-95.9432,16.35589],[-95.93292,16.36122],[-95.93153,16.36573],[-95.92547,16.36487],[-95.93153,16.34947],[-95.93998,16.34178],[-95.9455,16.3284],[-95.92851,16.31454],[-95.92844,16.30463],[-95.91266,16.2797],[-95.89845,16.283],[-95.84988,16.38974],[-95.84509,16.38863],[-95.84487,16.4388]]]}},{"type":"Feature","properties":{"code":"20435","stateCode":"20","municipalityCode":"435","name":"Santa María Tepantlali"},"geometry":{"type":"Polygon","coordinates":[[[-95.998,17.00833],[-95.98774,17.00411],[-95.98231,16.99806],[-95.98168,17.00558],[-95.97766,17.00692],[-95.97212,17.004],[-95.97343,16.99917],[-95.95878,16.99198],[-95.94517,16.99502],[-95.95302,16.9344],[-95.97029,16.90677],[-95.9644,16.87681],[-95.97161,16.87927],[-95.98746,16.89791],[-96.00158,16.90321],[-96.00679,16.90947],[-96.01208,16.91017],[-96.01298,16.91375],[-96.0199,16.91408],[-96.02626,16.92037],[-96.04029,16.92477],[-96.03908,16.93467],[-96.03362,16.93966],[-96.03659,16.94897],[-96.02555,16.94157],[-96.02319,16.96547],[-96.01511,16.96307],[-96.01055,16.96665],[-96.01838,16.97871],[-96.02222,16.99277],[-96.01468,17.00486],[-95.998,17.00833]]]}},{"type":"Feature","properties":{"code":"20417","stateCode":"20","municipalityCode":"417","name":"Santa María Jacatepec"},"geometry":{"type":"Polygon","coordinates":[[[-96.20162,17.9942],[-96.19278,17.99211],[-96.20234,17.98366],[-96.19591,17.97531],[-96.20216,17.97115],[-96.20545,17.94828],[-96.20215,17.94086],[-96.2068,17.9362],[-96.20388,17.93575],[-96.20548,17.92917],[-96.18528,17.92137],[-96.17284,17.9316],[-96.17442,17.91209],[-96.16489,17.91206],[-96.16221,17.91484],[-96.16229,17.92544],[-96.14822,17.91783],[-96.1519,17.90947],[-96.1395,17.88786],[-96.13972,17.88459],[-96.14801,17.88315],[-96.14834,17.879],[-96.14228,17.82438],[-96.10538,17.81993],[-96.08532,17.8258],[-96.08182,17.82345],[-96.06938,17.83679],[-96.07708,17.87827],[-96.06175,17.88323],[-96.05369,17.88972],[-96.05127,17.87699],[-96.04212,17.86179],[-96.03052,17.89014],[-95.98524,17.84313],[-95.98453,17.84941],[-95.9911,17.85365],[-95.99043,17.86269],[-95.97615,17.85306],[-95.96932,17.829],[-95.94159,17.79383],[-95.94547,17.79224],[-95.9458,17.78794],[-95.95814,17.78984],[-95.96251,17.78366],[-95.96633,17.79805],[-95.96444,17.80482],[-95.97361,17.81488],[-95.97568,17.81033],[-95.9796,17.81245],[-95.98206,17.80479],[-95.98721,17.80655],[-96.00087,17.79883],[-96.00223,17.79058],[-96.01008,17.78875],[-96.01099,17.78115],[-96.01804,17.78484],[-96.02142,17.77745],[-96.03644,17.77977],[-96.0432,17.77369],[-96.0521,17.77309],[-96.05394,17.76713],[-96.06211,17.76059],[-96.07594,17.7637],[-96.07861,17.75367],[-96.08683,17.74871],[-96.08699,17.74188],[-96.0963,17.75055],[-96.09056,17.75681],[-96.08963,17.76361],[-96.09523,17.78117],[-96.1144,17.8021],[-96.16687,17.79456],[-96.16758,17.78689],[-96.18056,17.78144],[-96.21718,17.78938],[-96.21807,17.79952],[-96.22394,17.79861],[-96.23019,17.80393],[-96.22843,17.81387],[-96.2323,17.82695],[-96.22698,17.8343],[-96.21068,17.8424],[-96.25794,17.83692],[-96.25998,17.86723],[-96.28075,17.8839],[-96.23068,17.89815],[-96.22893,17.90279],[-96.23201,17.91365],[-96.22966,17.91588],[-96.23602,17.92735],[-96.23583,17.94186],[-96.25195,17.97089],[-96.23982,17.9728],[-96.24957,17.99398],[-96.20894,17.98046],[-96.20162,17.9942]]]}},{"type":"Feature","properties":{"code":"20439","stateCode":"20","municipalityCode":"439","name":"Santa María Tonameca"},"geometry":{"type":"Polygon","coordinates":[[[-96.70038,15.90575],[-96.69968,15.86198],[-96.70422,15.83675],[-96.69058,15.8241],[-96.68812,15.82604],[-96.6763,15.81086],[-96.67442,15.79652],[-96.66288,15.78512],[-96.65838,15.78442],[-96.65772,15.78811],[-96.65157,15.78998],[-96.63632,15.78692],[-96.61988,15.7882],[-96.5905,15.79872],[-96.56189,15.79721],[-96.53123,15.81024],[-96.52039,15.7787],[-96.50624,15.75508],[-96.50554,15.69581],[-96.52498,15.66213],[-96.55226,15.66493],[-96.55529,15.66319],[-96.55455,15.65819],[-96.55779,15.65687],[-96.55767,15.65965],[-96.57166,15.6663],[-96.61423,15.67933],[-96.65839,15.70147],[-96.70173,15.71694],[-96.80499,15.73361],[-96.83603,15.73236],[-96.85277,15.7372],[-96.84216,15.7436],[-96.84631,15.75721],[-96.8443,15.76199],[-96.84635,15.78055],[-96.83688,15.79879],[-96.83225,15.80158],[-96.83737,15.80514],[-96.83752,15.81616],[-96.82581,15.82359],[-96.82713,15.83711],[-96.81182,15.89405],[-96.75054,15.88773],[-96.70038,15.90575]]]}},{"type":"Feature","properties":{"code":"20251","stateCode":"20","municipalityCode":"251","name":"San Mateo Nejápam"},"geometry":{"type":"Polygon","coordinates":[[[-98.40349,17.69313],[-98.39777,17.64812],[-98.37723,17.63154],[-98.36915,17.62947],[-98.37476,17.60543],[-98.41015,17.59977],[-98.43311,17.623],[-98.4505,17.63335],[-98.46104,17.63036],[-98.4707,17.6781],[-98.45482,17.67895],[-98.4409,17.68787],[-98.41966,17.69284],[-98.40349,17.69313]]]}},{"type":"Feature","properties":{"code":"20467","stateCode":"20","municipalityCode":"467","name":"Santiago Jamiltepec"},"geometry":{"type":"Polygon","coordinates":[[[-97.70982,16.46381],[-97.6968,16.44117],[-97.70752,16.40568],[-97.70175,16.38936],[-97.70232,16.37412],[-97.69598,16.36266],[-97.68319,16.35274],[-97.70543,16.30791],[-97.71694,16.31883],[-97.74831,16.33758],[-97.75396,16.33662],[-97.75873,16.34219],[-97.77131,16.33891],[-97.7806,16.34235],[-97.77765,16.33496],[-97.7874,16.31818],[-97.77451,16.28457],[-97.77492,16.27907],[-97.76498,16.26991],[-97.76719,16.25357],[-97.73836,16.24177],[-97.65984,16.25222],[-97.64963,16.25515],[-97.63844,16.26515],[-97.61032,16.25765],[-97.59868,16.25919],[-97.59163,16.25268],[-97.6074,16.23343],[-97.60919,16.22349],[-97.61601,16.2346],[-97.62414,16.2359],[-97.62317,16.21364],[-97.63029,16.20575],[-97.64009,16.2062],[-97.65335,16.22929],[-97.66945,16.23864],[-97.68027,16.23494],[-97.7038,16.21722],[-97.7144,16.21542],[-97.7212,16.20942],[-97.72315,16.20252],[-97.71723,16.18993],[-97.72624,16.18305],[-97.72915,16.17423],[-97.73713,16.16495],[-97.74264,16.16613],[-97.74418,16.14609],[-97.73476,16.13312],[-97.73694,16.12123],[-97.7308,16.09559],[-97.7265,16.09023],[-97.73589,16.08501],[-97.73635,16.07991],[-97.73194,16.07419],[-97.75257,16.03726],[-97.76383,16.02605],[-97.77539,16.03018],[-97.78018,16.02252],[-97.78947,16.0165],[-97.79147,16.0002],[-97.78252,15.9952],[-97.79054,15.98573],[-97.80928,16.00036],[-97.85795,16.02748],[-97.90811,16.06516],[-97.88389,16.15285],[-97.87804,16.1934],[-97.84964,16.26614],[-97.8611,16.29596],[-97.83335,16.29898],[-97.79229,16.34699],[-97.79645,16.35775],[-97.77216,16.40431],[-97.7709,16.4121],[-97.77359,16.41351],[-97.75685,16.44101],[-97.73723,16.46097],[-97.70982,16.46381]]]}},{"type":"Feature","properties":{"code":"20559","stateCode":"20","municipalityCode":"559","name":"San Juan Bautista Valle Nacional"},"geometry":{"type":"Polygon","coordinates":[[[-96.35924,17.99592],[-96.34308,17.99259],[-96.33901,17.96628],[-96.33609,17.96827],[-96.27986,17.92201],[-96.27172,17.92694],[-96.27469,17.93145],[-96.26888,17.92907],[-96.26757,17.93129],[-96.25978,17.92743],[-96.256,17.91818],[-96.24283,17.91367],[-96.23111,17.90153],[-96.23068,17.89815],[-96.28075,17.8839],[-96.25998,17.86723],[-96.25794,17.83692],[-96.21068,17.8424],[-96.22698,17.8343],[-96.2323,17.82695],[-96.22843,17.81387],[-96.23019,17.80393],[-96.22394,17.79861],[-96.21807,17.79952],[-96.21718,17.78938],[-96.18056,17.78144],[-96.16758,17.78689],[-96.17069,17.77542],[-96.16222,17.76664],[-96.16731,17.76153],[-96.16537,17.75301],[-96.17918,17.73882],[-96.16854,17.72406],[-96.17802,17.69156],[-96.18514,17.68435],[-96.20973,17.68561],[-96.21704,17.681],[-96.21909,17.68676],[-96.22876,17.68842],[-96.22974,17.68505],[-96.24898,17.69523],[-96.25367,17.69115],[-96.26664,17.70078],[-96.26902,17.7163],[-96.28228,17.72671],[-96.30425,17.71936],[-96.31627,17.69758],[-96.36572,17.66999],[-96.36862,17.67326],[-96.35385,17.69213],[-96.38313,17.69812],[-96.40541,17.68874],[-96.40901,17.6788],[-96.4215,17.67384],[-96.45003,17.67624],[-96.48215,17.66556],[-96.48706,17.65504],[-96.50395,17.65194],[-96.51048,17.6418],[-96.50541,17.65005],[-96.50585,17.66368],[-96.49828,17.71133],[-96.49173,17.71828],[-96.47628,17.71798],[-96.46189,17.73786],[-96.44778,17.74588],[-96.44007,17.79262],[-96.43514,17.80102],[-96.43673,17.80848],[-96.44823,17.81611],[-96.45161,17.84092],[-96.43273,17.85047],[-96.43613,17.86374],[-96.39891,17.94725],[-96.37595,17.93762],[-96.35896,17.9431],[-96.34542,17.93447],[-96.34246,17.93819],[-96.35425,17.95576],[-96.34766,17.96343],[-96.3508,17.97251],[-96.36383,17.98667],[-96.364,17.99893],[-96.35975,17.99893],[-96.35924,17.99592]]]}},{"type":"Feature","properties":{"code":"20169","stateCode":"20","municipalityCode":"169","name":"San José Independencia"},"geometry":{"type":"Polygon","coordinates":[[[-96.63004,18.29993],[-96.62707,18.29837],[-96.62469,18.27784],[-96.61488,18.27383],[-96.60962,18.27541],[-96.60819,18.27172],[-96.59323,18.26778],[-96.59526,18.26167],[-96.59038,18.25799],[-96.59995,18.25768],[-96.60174,18.25076],[-96.60487,18.25369],[-96.60967,18.25465],[-96.60567,18.25237],[-96.60944,18.2508],[-96.60908,18.24707],[-96.60378,18.24257],[-96.61433,18.23707],[-96.614,18.2335],[-96.61713,18.23276],[-96.62532,18.21699],[-96.62613,18.21007],[-96.6356,18.21267],[-96.63435,18.21987],[-96.66105,18.22919],[-96.66734,18.2372],[-96.66735,18.24317],[-96.67509,18.24924],[-96.67902,18.24668],[-96.68996,18.27814],[-96.68795,18.28521],[-96.68054,18.28856],[-96.66687,18.28813],[-96.66167,18.28203],[-96.65405,18.2832],[-96.6463,18.29152],[-96.63004,18.29993]]]}},{"type":"Feature","properties":{"code":"20118","stateCode":"20","municipalityCode":"118","name":"San Bartolomé Quialana"},"geometry":{"type":"Polygon","coordinates":[[[-96.50872,16.92946],[-96.47604,16.92096],[-96.47739,16.90052],[-96.48826,16.88067],[-96.5006,16.86675],[-96.49861,16.86212],[-96.52466,16.87104],[-96.50872,16.92946]]]}},{"type":"Feature","properties":{"code":"20568","stateCode":"20","municipalityCode":"568","name":"Zapotitlán Palmas"},"geometry":{"type":"Polygon","coordinates":[[[-97.87806,17.91781],[-97.83236,17.90853],[-97.83084,17.9137],[-97.82697,17.91457],[-97.81738,17.91483],[-97.81265,17.91171],[-97.80396,17.90252],[-97.80811,17.89966],[-97.81072,17.88469],[-97.80868,17.87664],[-97.80418,17.86484],[-97.79042,17.85199],[-97.79161,17.84525],[-97.80471,17.84653],[-97.83078,17.85708],[-97.84365,17.84464],[-97.85819,17.86446],[-97.86213,17.88672],[-97.8742,17.89997],[-97.87806,17.91781]]]}},{"type":"Feature","properties":{"code":"20460","stateCode":"20","municipalityCode":"460","name":"Santiago Choápam"},"geometry":{"type":"MultiPolygon","coordinates":[[[[-95.96203,17.46095],[-95.95611,17.44602],[-95.89996,17.43875],[-95.9165,17.42417],[-95.92028,17.41854],[-95.9192,17.41165],[-95.89687,17.39859],[-95.88034,17.39616],[-95.87145,17.38754],[-95.86327,17.3877],[-95.85946,17.40346],[-95.84756,17.41148],[-95.82534,17.40218],[-95.81976,17.39737],[-95.82394,17.39441],[-95.82372,17.38508],[-95.82748,17.37969],[-95.82505,17.36782],[-95.81365,17.34687],[-95.80016,17.34218],[-95.79336,17.34399],[-95.77796,17.33305],[-95.79171,17.33233],[-95.79496,17.31324],[-95.80653,17.29381],[-95.83735,17.25957],[-95.84855,17.26368],[-95.85475,17.26028],[-95.87585,17.27342],[-95.88143,17.28194],[-95.89609,17.27914],[-95.89955,17.27297],[-95.90207,17.27886],[-95.89688,17.28767],[-95.89391,17.30304],[-95.88871,17.30529],[-95.89053,17.31503],[-95.88432,17.32655],[-95.88703,17.33038],[-95.88093,17.33591],[-95.8834,17.33927],[-95.88638,17.33497],[-95.90821,17.33305],[-95.91641,17.33652],[-95.9156,17.34063],[-95.91926,17.33837],[-95.93017,17.34232],[-95.93314,17.33859],[-95.93249,17.34102],[-95.94486,17.34349],[-95.95535,17.3713],[-95.96873,17.3797],[-95.99082,17.37958],[-95.99665,17.38568],[-95.99865,17.38546],[-95.99949,17.38036],[-96.00768,17.37807],[-96.00975,17.3709],[-96.01947,17.37028],[-96.02414,17.36487],[-96.03123,17.36863],[-96.03674,17.36261],[-96.04394,17.36577],[-96.03838,17.34369],[-96.07751,17.37092],[-96.07705,17.38253],[-96.08543,17.39053],[-96.07895,17.39828],[-96.07161,17.40011],[-96.06925,17.40492],[-96.06363,17.40408],[-96.06334,17.41162],[-96.05345,17.41798],[-96.0427,17.43057],[-96.04252,17.44573],[-96.03364,17.4543],[-96.01967,17.45325],[-96.02039,17.46237],[-96.01247,17.46138],[-95.99726,17.44942],[-95.9756,17.45548],[-95.96737,17.45376],[-95.96203,17.46095]]],[[[-95.73687,17.51661],[-95.72438,17.50371],[-95.7265,17.50123],[-95.73712,17.50134],[-95.73823,17.49492],[-95.74997,17.49417],[-95.75097,17.48665],[-95.73955,17.47589],[-95.74081,17.47263],[-95.74504,17.47485],[-95.74472,17.46955],[-95.74856,17.46767],[-95.74636,17.4665],[-95.75654,17.46441],[-95.76862,17.46898],[-95.78041,17.46903],[-95.78031,17.4762],[-95.77729,17.4747],[-95.77156,17.47819],[-95.76888,17.49112],[-95.75955,17.49458],[-95.7709,17.51334],[-95.76451,17.51742],[-95.76298,17.50761],[-95.75359,17.50338],[-95.7484,17.50878],[-95.7401,17.50832],[-95.73687,17.51661]]]]}},{"type":"Feature","properties":{"code":"20044","stateCode":"20","municipalityCode":"044","name":"Loma Bonita"},"geometry":{"type":"MultiPolygon","coordinates":[[[[-95.8589,17.84452],[-95.84934,17.82585],[-95.85579,17.80556],[-95.86896,17.79662],[-95.86639,17.77435],[-95.87886,17.77348],[-95.89876,17.76565],[-95.91472,17.79153],[-95.91975,17.78869],[-95.92138,17.79075],[-95.92353,17.79989],[-95.8989,17.80161],[-95.8845,17.80885],[-95.88515,17.81557],[-95.89048,17.81712],[-95.90096,17.81314],[-95.90748,17.8202],[-95.89876,17.82435],[-95.89708,17.81999],[-95.88051,17.82057],[-95.87951,17.81553],[-95.86638,17.8208],[-95.86523,17.82911],[-95.86118,17.8299],[-95.86322,17.8423],[-95.8589,17.84452]]],[[[-95.95446,18.1597],[-95.9395,18.15782],[-95.9324,18.15146],[-95.93643,18.14683],[-95.93334,18.14167],[-95.93139,18.14528],[-95.92574,18.14643],[-95.9222,18.14106],[-95.92213,18.1508],[-95.91465,18.1522],[-95.91236,18.15047],[-95.91349,18.13858],[-95.90716,18.13564],[-95.83317,18.12903],[-95.79992,17.95001],[-95.8485,17.84812],[-95.85452,17.84955],[-95.85029,17.85526],[-95.86822,17.86029],[-95.86932,17.85675],[-95.89558,17.85606],[-95.90485,17.8749],[-95.8885,17.88184],[-95.8951,17.88856],[-95.90113,17.8831],[-95.90705,17.88917],[-95.90034,17.89515],[-95.92444,17.89743],[-95.92328,17.90945],[-95.94501,17.91332],[-95.94567,17.92823],[-95.95102,17.92944],[-95.95191,17.93522],[-95.9517,17.94101],[-95.94426,17.94193],[-95.94429,17.94622],[-95.95144,17.95108],[-95.94966,17.97136],[-95.94215,17.98222],[-95.95499,17.98521],[-95.96788,17.99799],[-95.96755,18.00463],[-95.97941,18.01578],[-95.9824,18.01495],[-95.98135,18.01986],[-95.98884,18.02339],[-95.98144,18.03308],[-95.97865,18.04316],[-95.98555,18.04903],[-95.98443,18.05409],[-95.98706,18.0555],[-95.98353,18.09621],[-95.97333,18.08067],[-95.96786,18.08357],[-95.96682,18.09362],[-95.97328,18.09372],[-95.97292,18.11818],[-95.97852,18.12026],[-95.97604,18.13465],[-95.97926,18.14673],[-95.96694,18.15431],[-95.95842,18.15299],[-95.95908,18.15706],[-95.95446,18.1597]]]]}},{"type":"Feature","properties":{"code":"20507","stateCode":"20","municipalityCode":"507","name":"Santo Domingo Armenta"},"geometry":{"type":"Polygon","coordinates":[[[-98.3606,16.42338],[-98.36807,16.40919],[-98.36163,16.40549],[-98.36459,16.39048],[-98.35039,16.39612],[-98.34747,16.3915],[-98.34088,16.3914],[-98.33701,16.38713],[-98.31554,16.39288],[-98.30916,16.35425],[-98.32422,16.3089],[-98.32834,16.25783],[-98.40649,16.26678],[-98.43168,16.27358],[-98.42611,16.27606],[-98.41988,16.27377],[-98.42462,16.27966],[-98.42159,16.283],[-98.42419,16.29239],[-98.41691,16.30239],[-98.40511,16.34191],[-98.39953,16.38051],[-98.36591,16.42371],[-98.3606,16.42338]]]}},{"type":"Feature","properties":{"code":"20515","stateCode":"20","municipalityCode":"515","name":"Santo Domingo Tehuantepec"},"geometry":{"type":"MultiPolygon","coordinates":[[[[-95.18328,16.39586],[-95.20378,16.37149],[-95.18352,16.34032],[-95.18907,16.33829],[-95.18847,16.34053],[-95.19832,16.34011],[-95.21276,16.34505],[-95.21913,16.33264],[-95.22554,16.33269],[-95.23151,16.32637],[-95.21479,16.32085],[-95.189,16.30156],[-95.19041,16.28228],[-95.18477,16.27809],[-95.18592,16.26879],[-95.18345,16.26665],[-95.17545,16.27101],[-95.17096,16.26934],[-95.17155,16.26379],[-95.17409,16.26334],[-95.16521,16.24979],[-95.16512,16.24452],[-95.18065,16.24272],[-95.18167,16.24994],[-95.19172,16.26425],[-95.27339,16.20568],[-95.28895,16.20646],[-95.28285,16.11699],[-95.28031,16.11561],[-95.27854,16.11088],[-95.27539,16.10799],[-95.27566,16.1074],[-95.2862,16.10098],[-95.30313,16.09905],[-95.30627,16.09406],[-95.33999,16.08727],[-95.35465,16.07852],[-95.37804,16.04635],[-95.37679,16.03739],[-95.36818,16.02069],[-95.39476,16.01336],[-95.39885,16.00628],[-95.42413,15.99971],[-95.42872,15.98499],[-95.43533,15.97592],[-95.48626,15.97563],[-95.49405,15.97296],[-95.49599,15.96633],[-95.51373,15.96385],[-95.52014,15.98761],[-95.51909,16.00326],[-95.53629,16.06306],[-95.57915,16.09549],[-95.57497,16.11068],[-95.58406,16.14266],[-95.59872,16.14198],[-95.61428,16.13252],[-95.61348,16.13527],[-95.61678,16.13624],[-95.60778,16.14941],[-95.59927,16.14787],[-95.60026,16.15293],[-95.59633,16.15719],[-95.59367,16.15509],[-95.59387,16.15784],[-95.58325,16.16213],[-95.57561,16.1602],[-95.57262,16.1621],[-95.57367,16.16701],[-95.56105,16.17006],[-95.54885,16.15935],[-95.54409,16.16109],[-95.54058,16.15708],[-95.53271,16.15537],[-95.5309,16.15124],[-95.52214,16.14945],[-95.52207,16.14148],[-95.51328,16.13223],[-95.50406,16.16111],[-95.50974,16.16584],[-95.48861,16.2431],[-95.47131,16.27409],[-95.47306,16.28537],[-95.48461,16.2954],[-95.5232,16.34603],[-95.50789,16.3539],[-95.49654,16.36397],[-95.4603,16.36455],[-95.34897,16.42589],[-95.28119,16.35854],[-95.2651,16.34944],[-95.25674,16.3488],[-95.25266,16.36084],[-95.23957,16.36513],[-95.24493,16.3741],[-95.2405,16.38198],[-95.22628,16.38493],[-95.21726,16.39154],[-95.20181,16.42588],[-95.19622,16.4086],[-95.18328,16.39586]]],[[[-95.47879,16.93264],[-95.46231,16.92937],[-95.4566,16.91826],[-95.4517,16.91772],[-95.46835,16.88042],[-95.47001,16.88574],[-95.47236,16.88445],[-95.47541,16.88891],[-95.47718,16.89629],[-95.47897,16.89032],[-95.49816,16.8827],[-95.51567,16.89032],[-95.5206,16.88794],[-95.5182,16.89363],[-95.52105,16.89907],[-95.50941,16.89835],[-95.50413,16.90653],[-95.49545,16.91014],[-95.49514,16.92034],[-95.50092,16.92496],[-95.50589,16.92478],[-95.50273,16.92989],[-95.49671,16.92309],[-95.48622,16.92142],[-95.47879,16.93264]]]]}},{"type":"Feature","properties":{"code":"20516","stateCode":"20","municipalityCode":"516","name":"Santo Domingo Teojomulco"},"geometry":{"type":"Polygon","coordinates":[[[-97.20129,16.6988],[-97.19801,16.69436],[-97.19509,16.67065],[-97.20086,16.65792],[-97.19861,16.64697],[-97.15694,16.59083],[-97.17839,16.59808],[-97.19136,16.592],[-97.20044,16.59163],[-97.21568,16.57765],[-97.22546,16.54628],[-97.22301,16.54605],[-97.22573,16.5419],[-97.22133,16.54011],[-97.22931,16.53906],[-97.24091,16.52316],[-97.2484,16.52295],[-97.24963,16.52588],[-97.25661,16.52432],[-97.25607,16.51666],[-97.26137,16.50657],[-97.26947,16.51077],[-97.27669,16.50671],[-97.28547,16.50773],[-97.28928,16.50388],[-97.2868,16.49568],[-97.29001,16.49403],[-97.29884,16.49905],[-97.30499,16.49803],[-97.30214,16.49047],[-97.30745,16.48953],[-97.30951,16.48408],[-97.31793,16.48009],[-97.3321,16.49974],[-97.33419,16.5143],[-97.34743,16.53213],[-97.38,16.55979],[-97.38921,16.57834],[-97.38117,16.58651],[-97.37105,16.59061],[-97.36726,16.58957],[-97.36274,16.58072],[-97.35902,16.58133],[-97.36162,16.5857],[-97.35497,16.59528],[-97.35408,16.60223],[-97.34621,16.61331],[-97.33809,16.61769],[-97.29478,16.60563],[-97.27312,16.61593],[-97.26663,16.62672],[-97.26018,16.62987],[-97.2573,16.63878],[-97.22593,16.64347],[-97.2087,16.66949],[-97.20129,16.6988]]]}},{"type":"Feature","properties":{"code":"20051","stateCode":"20","municipalityCode":"051","name":"Magdalena Teitipac"},"geometry":{"type":"Polygon","coordinates":[[[-96.56234,16.92982],[-96.54634,16.93072],[-96.54449,16.89253],[-96.51851,16.86779],[-96.51939,16.8629],[-96.52589,16.86073],[-96.53385,16.8517],[-96.55673,16.84473],[-96.57698,16.88221],[-96.58973,16.92405],[-96.58154,16.93119],[-96.56767,16.93039],[-96.56766,16.93382],[-96.56234,16.92982]]]}},{"type":"Feature","properties":{"code":"20041","stateCode":"20","municipalityCode":"041","name":"Huautla de Jiménez"},"geometry":{"type":"Polygon","coordinates":[[[-96.75366,18.23444],[-96.75001,18.19303],[-96.755,18.18929],[-96.74511,18.17457],[-96.74825,18.15119],[-96.74492,18.14106],[-96.74809,18.1316],[-96.74476,18.12759],[-96.74247,18.12898],[-96.731,18.07283],[-96.77173,18.10595],[-96.78172,18.10542],[-96.78314,18.1155],[-96.7914,18.11287],[-96.79482,18.11592],[-96.79704,18.11307],[-96.8108,18.11507],[-96.81309,18.11817],[-96.82004,18.11605],[-96.82402,18.10814],[-96.82912,18.10709],[-96.83671,18.0969],[-96.83194,18.0905],[-96.82306,18.09283],[-96.82335,18.08791],[-96.8175,18.09374],[-96.81111,18.09154],[-96.81114,18.07303],[-96.81708,18.06014],[-96.83207,18.07298],[-96.85155,18.07227],[-96.87329,18.0958],[-96.86588,18.10611],[-96.86955,18.11582],[-96.86243,18.12536],[-96.85167,18.15372],[-96.85314,18.16594],[-96.84465,18.18066],[-96.8472,18.18701],[-96.83473,18.18613],[-96.83352,18.19311],[-96.82468,18.19518],[-96.81916,18.19357],[-96.82227,18.18792],[-96.81892,18.18645],[-96.813,18.19294],[-96.81329,18.19888],[-96.79593,18.20109],[-96.79682,18.20514],[-96.7896,18.20716],[-96.76608,18.22874],[-96.76498,18.23279],[-96.75366,18.23444]]]}},{"type":"Feature","properties":{"code":"20042","stateCode":"20","municipalityCode":"042","name":"Ixtlán de Juárez"},"geometry":{"type":"Polygon","coordinates":[[[-96.16532,17.66453],[-96.13601,17.66143],[-96.13805,17.65737],[-96.12332,17.65255],[-96.1326,17.65045],[-96.13012,17.64633],[-96.13333,17.63834],[-96.13958,17.64193],[-96.14134,17.64708],[-96.1434,17.64504],[-96.14114,17.63672],[-96.1462,17.64049],[-96.15071,17.6386],[-96.15377,17.62853],[-96.15038,17.62709],[-96.15076,17.61825],[-96.14677,17.61474],[-96.15163,17.61426],[-96.15535,17.62045],[-96.16151,17.61707],[-96.16079,17.60685],[-96.16739,17.60392],[-96.16402,17.59921],[-96.17178,17.59265],[-96.1682,17.58965],[-96.17505,17.58559],[-96.178,17.57957],[-96.17294,17.5777],[-96.17731,17.57288],[-96.18845,17.56693],[-96.20046,17.56703],[-96.20235,17.57044],[-96.2127,17.57149],[-96.21742,17.5678],[-96.22774,17.56719],[-96.23233,17.56105],[-96.23617,17.54115],[-96.24385,17.53658],[-96.26384,17.53715],[-96.27391,17.52978],[-96.27744,17.51734],[-96.28318,17.51198],[-96.28472,17.50252],[-96.27146,17.49022],[-96.26827,17.48012],[-96.27191,17.47288],[-96.29443,17.4619],[-96.30691,17.44982],[-96.30608,17.44103],[-96.31283,17.43594],[-96.3154,17.42934],[-96.31049,17.41197],[-96.31435,17.39857],[-96.31168,17.39557],[-96.32184,17.3819],[-96.31903,17.37628],[-96.33033,17.3744],[-96.33942,17.38124],[-96.35738,17.3692],[-96.37025,17.36618],[-96.3787,17.35512],[-96.38245,17.36203],[-96.40218,17.34183],[-96.43479,17.34213],[-96.471,17.31232],[-96.46613,17.3086],[-96.45767,17.28888],[-96.47902,17.29406],[-96.49163,17.29326],[-96.49918,17.30902],[-96.48612,17.30803],[-96.4885,17.3194],[-96.49501,17.32836],[-96.49586,17.32473],[-96.50574,17.32345],[-96.51271,17.30879],[-96.51725,17.31143],[-96.52095,17.30715],[-96.5278,17.30967],[-96.52169,17.33521],[-96.52252,17.34525],[-96.50914,17.35854],[-96.49922,17.38123],[-96.49355,17.39574],[-96.49424,17.41278],[-96.47114,17.42697],[-96.45338,17.44763],[-96.43098,17.46299],[-96.42307,17.47153],[-96.42392,17.47563],[-96.41608,17.4787],[-96.40833,17.49514],[-96.39806,17.50114],[-96.40018,17.5094],[-96.39065,17.53705],[-96.39848,17.54908],[-96.39405,17.56166],[-96.39583,17.56996],[-96.38659,17.57315],[-96.37484,17.56994],[-96.3696,17.57404],[-96.36923,17.5814],[-96.35687,17.58233],[-96.35563,17.58952],[-96.35209,17.59173],[-96.33966,17.58215],[-96.31957,17.59132],[-96.3115,17.60155],[-96.29438,17.60573],[-96.29489,17.61336],[-96.29945,17.61844],[-96.29959,17.62391],[-96.29463,17.62826],[-96.29585,17.63176],[-96.30293,17.62996],[-96.31094,17.63885],[-96.30567,17.63934],[-96.30412,17.64701],[-96.29243,17.64401],[-96.28994,17.6486],[-96.29151,17.6535],[-96.28535,17.65364],[-96.2867,17.65732],[-96.27865,17.65856],[-96.25962,17.65426],[-96.25243,17.65638],[-96.25032,17.65034],[-96.23822,17.65245],[-96.23607,17.65004],[-96.16532,17.66453]],[[-96.40519,17.45723],[-96.41911,17.43711],[-96.40003,17.43155],[-96.39549,17.41946],[-96.38785,17.41578],[-96.38861,17.41321],[-96.38435,17.41257],[-96.38169,17.40781],[-96.3952,17.40719],[-96.40433,17.41017],[-96.41688,17.39872],[-96.38384,17.39411],[-96.38212,17.39811],[-96.37928,17.39514],[-96.37323,17.39803],[-96.3739,17.40287],[-96.36896,17.40571],[-96.36122,17.40105],[-96.35909,17.40652],[-96.34864,17.40863],[-96.33979,17.41579],[-96.3385,17.42344],[-96.3487,17.42597],[-96.40519,17.45723]]]}},{"type":"Feature","properties":{"code":"20071","stateCode":"20","municipalityCode":"071","name":"Pluma Hidalgo"},"geometry":{"type":"Polygon","coordinates":[[[-96.46468,15.97517],[-96.46238,15.96837],[-96.45738,15.96748],[-96.45098,15.96902],[-96.44672,15.96603],[-96.44448,15.96966],[-96.44009,15.96669],[-96.43331,15.96978],[-96.42842,15.96618],[-96.41585,15.96822],[-96.41794,15.96427],[-96.39954,15.96464],[-96.39323,15.95618],[-96.38563,15.95465],[-96.39359,15.93731],[-96.39187,15.92389],[-96.38032,15.923],[-96.35213,15.90375],[-96.35726,15.89944],[-96.36103,15.88661],[-96.37243,15.88565],[-96.37347,15.87876],[-96.37096,15.87605],[-96.37531,15.86921],[-96.39109,15.88302],[-96.39212,15.89056],[-96.4004,15.88623],[-96.40592,15.87284],[-96.41009,15.87241],[-96.42611,15.88147],[-96.43227,15.8821],[-96.43335,15.87681],[-96.43771,15.88416],[-96.44191,15.88243],[-96.45738,15.88727],[-96.46078,15.88988],[-96.45945,15.89255],[-96.4689,15.89317],[-96.4709,15.89777],[-96.47928,15.89389],[-96.47125,15.88551],[-96.48948,15.88698],[-96.48734,15.89725],[-96.49323,15.90301],[-96.49445,15.9094],[-96.49042,15.91558],[-96.49187,15.92308],[-96.48656,15.92603],[-96.48697,15.93099],[-96.48053,15.92977],[-96.47387,15.93667],[-96.47301,15.94765],[-96.46776,15.95297],[-96.46719,15.96086],[-96.45627,15.96332],[-96.46095,15.96682],[-96.46851,15.96669],[-96.46468,15.97517]]]}},{"type":"Feature","properties":{"code":"20223","stateCode":"20","municipalityCode":"223","name":"San Juan Yatzona"},"geometry":{"type":"Polygon","coordinates":[[[-96.19375,17.43958],[-96.16016,17.42844],[-96.16064,17.42372],[-96.15075,17.41916],[-96.15139,17.40809],[-96.14335,17.4005],[-96.15998,17.39997],[-96.16058,17.3914],[-96.18003,17.38329],[-96.19774,17.38836],[-96.21276,17.40477],[-96.21324,17.41975],[-96.21851,17.41995],[-96.21932,17.42329],[-96.21687,17.4212],[-96.20865,17.42505],[-96.19572,17.43396],[-96.19375,17.43958]]]}},{"type":"Feature","properties":{"code":"20190","stateCode":"20","municipalityCode":"190","name":"San Juan Cotzocón"},"geometry":{"type":"Polygon","coordinates":[[[-95.25325,17.60154],[-95.12214,17.43199],[-95.1438,17.42887],[-95.14449,17.42347],[-95.13887,17.41199],[-95.15259,17.41134],[-95.15265,17.4276],[-95.18253,17.42321],[-95.18676,17.37218],[-95.19775,17.37947],[-95.20566,17.37567],[-95.21211,17.38013],[-95.21664,17.37957],[-95.2142,17.37783],[-95.21417,17.36798],[-95.21781,17.36772],[-95.21827,17.34189],[-95.22788,17.35316],[-95.2367,17.34634],[-95.25976,17.34552],[-95.26066,17.37225],[-95.26725,17.36249],[-95.26734,17.36597],[-95.27164,17.36802],[-95.28322,17.36333],[-95.28593,17.3613],[-95.2834,17.36008],[-95.28482,17.35149],[-95.29499,17.34699],[-95.29969,17.34783],[-95.29828,17.35827],[-95.30141,17.36475],[-95.30478,17.36686],[-95.31834,17.35517],[-95.32355,17.35924],[-95.32054,17.36445],[-95.32958,17.36171],[-95.32985,17.37205],[-95.34127,17.36577],[-95.3522,17.35425],[-95.36337,17.35475],[-95.36768,17.35884],[-95.37668,17.34958],[-95.38971,17.35368],[-95.40967,17.35139],[-95.40614,17.3374],[-95.41041,17.33143],[-95.41129,17.3225],[-95.4105,17.31569],[-95.40437,17.30727],[-95.40669,17.30231],[-95.38656,17.278],[-95.3935,17.26466],[-95.40047,17.26887],[-95.40771,17.26795],[-95.40334,17.26208],[-95.40897,17.26114],[-95.41486,17.2655],[-95.41386,17.2697],[-95.4176,17.26993],[-95.42266,17.26617],[-95.42336,17.26065],[-95.43563,17.26217],[-95.43895,17.25614],[-95.44261,17.26769],[-95.44822,17.26717],[-95.45004,17.26406],[-95.45337,17.26614],[-95.4616,17.26403],[-95.46487,17.26812],[-95.47022,17.26228],[-95.47949,17.26105],[-95.50087,17.26533],[-95.54148,17.23868],[-95.52781,17.27479],[-95.53603,17.27588],[-95.53608,17.28185],[-95.53972,17.28178],[-95.54223,17.28612],[-95.53519,17.28607],[-95.53231,17.29196],[-95.53852,17.29574],[-95.54427,17.29479],[-95.54639,17.2899],[-95.55032,17.29015],[-95.55231,17.28376],[-95.5585,17.28454],[-95.56955,17.2742],[-95.56562,17.25947],[-95.55672,17.25641],[-95.55899,17.25281],[-95.55773,17.23365],[-95.56131,17.22627],[-95.60163,17.21014],[-95.60148,17.16802],[-95.63299,17.15836],[-95.63701,17.13112],[-95.64229,17.12363],[-95.64748,17.10369],[-95.66488,17.06187],[-95.67149,17.05774],[-95.66889,17.04644],[-95.68321,17.05819],[-95.69268,17.02333],[-95.698,17.02585],[-95.69864,17.03019],[-95.70414,17.02773],[-95.70956,17.0329],[-95.71818,17.02785],[-95.73737,17.03462],[-95.74704,17.03245],[-95.76388,17.04286],[-95.76663,17.04999],[-95.775,17.04762],[-95.77546,17.05263],[-95.77852,17.051],[-95.78336,17.05538],[-95.78744,17.06023],[-95.7852,17.06428],[-95.78747,17.06645],[-95.77864,17.07344],[-95.78519,17.07531],[-95.78555,17.079],[-95.78243,17.08007],[-95.82341,17.12934],[-95.80354,17.15475],[-95.81561,17.17353],[-95.81127,17.18654],[-95.82378,17.18547],[-95.8421,17.20415],[-95.83302,17.20356],[-95.81979,17.20798],[-95.7968,17.20434],[-95.79072,17.2149],[-95.77979,17.21912],[-95.79084,17.22197],[-95.80575,17.23503],[-95.78868,17.25455],[-95.77309,17.26459],[-95.76834,17.26236],[-95.7511,17.26536],[-95.74659,17.27882],[-95.73975,17.28417],[-95.73958,17.27894],[-95.73583,17.2822],[-95.73024,17.28176],[-95.72995,17.2752],[-95.7256,17.27663],[-95.71516,17.27034],[-95.71248,17.26363],[-95.71533,17.25404],[-95.69592,17.24204],[-95.69507,17.23615],[-95.68112,17.23475],[-95.67384,17.24133],[-95.67871,17.24923],[-95.67541,17.25189],[-95.67567,17.24871],[-95.67216,17.24732],[-95.67211,17.2515],[-95.66766,17.25483],[-95.66499,17.27184],[-95.67163,17.2728],[-95.67243,17.27758],[-95.66566,17.27745],[-95.67047,17.28402],[-95.66777,17.28842],[-95.65999,17.29059],[-95.65873,17.29724],[-95.66157,17.29633],[-95.66252,17.29908],[-95.65481,17.3013],[-95.64707,17.30876],[-95.65203,17.31238],[-95.64833,17.31902],[-95.63244,17.3218],[-95.61564,17.34067],[-95.61035,17.34196],[-95.60374,17.3509],[-95.60461,17.356],[-95.60167,17.35944],[-95.60369,17.36335],[-95.59294,17.36845],[-95.5978,17.37446],[-95.579,17.37516],[-95.57828,17.38328],[-95.57213,17.38588],[-95.5693,17.39672],[-95.56586,17.39385],[-95.55737,17.39717],[-95.55107,17.39534],[-95.55093,17.39896],[-95.56248,17.40685],[-95.56367,17.41113],[-95.56116,17.42177],[-95.55332,17.42278],[-95.55223,17.42903],[-95.54809,17.42785],[-95.54571,17.42119],[-95.53671,17.42168],[-95.52762,17.43542],[-95.51534,17.44414],[-95.51294,17.45368],[-95.50904,17.45061],[-95.50892,17.44277],[-95.50418,17.44071],[-95.49853,17.44687],[-95.48997,17.44179],[-95.47689,17.4529],[-95.46795,17.44857],[-95.45663,17.45096],[-95.44597,17.44145],[-95.44296,17.44841],[-95.43098,17.45247],[-95.43415,17.46222],[-95.42705,17.45794],[-95.41974,17.46198],[-95.41812,17.4585],[-95.40669,17.45392],[-95.41043,17.47061],[-95.39606,17.46207],[-95.39235,17.46398],[-95.39235,17.47076],[-95.3866,17.47308],[-95.38927,17.47981],[-95.38013,17.47609],[-95.37157,17.48149],[-95.37253,17.48644],[-95.37006,17.48819],[-95.3605,17.49174],[-95.35372,17.48756],[-95.35091,17.48983],[-95.35558,17.49365],[-95.34981,17.49333],[-95.34848,17.50102],[-95.34205,17.50295],[-95.34763,17.51158],[-95.34515,17.51721],[-95.32984,17.5107],[-95.32567,17.50431],[-95.31456,17.50842],[-95.31276,17.51566],[-95.32765,17.52549],[-95.32695,17.53096],[-95.31449,17.53944],[-95.30162,17.54022],[-95.29124,17.53417],[-95.28503,17.54636],[-95.26618,17.54626],[-95.26752,17.55206],[-95.27502,17.55186],[-95.27782,17.55515],[-95.27519,17.55743],[-95.2687,17.55579],[-95.26422,17.55986],[-95.27085,17.5709],[-95.26375,17.57244],[-95.26422,17.58167],[-95.25671,17.5815],[-95.25558,17.5897],[-95.26015,17.594],[-95.25325,17.60154]]]}},{"type":"Feature","properties":{"code":"20097","stateCode":"20","municipalityCode":"097","name":"San Andrés Solaga"},"geometry":{"type":"Polygon","coordinates":[[[-96.25331,17.31524],[-96.24473,17.31345],[-96.23411,17.29759],[-96.22068,17.2966],[-96.20929,17.30045],[-96.20725,17.29825],[-96.20244,17.30958],[-96.19573,17.31019],[-96.19083,17.30169],[-96.19496,17.29874],[-96.19624,17.29028],[-96.18987,17.28638],[-96.17986,17.28727],[-96.1812,17.27085],[-96.17793,17.26676],[-96.18346,17.26445],[-96.18593,17.25943],[-96.18193,17.25852],[-96.18882,17.25433],[-96.19661,17.25889],[-96.19553,17.24922],[-96.20122,17.25035],[-96.21411,17.236],[-96.22668,17.23349],[-96.23152,17.24419],[-96.22925,17.2574],[-96.24424,17.25825],[-96.2466,17.26315],[-96.2559,17.26256],[-96.26101,17.28085],[-96.27175,17.29134],[-96.26779,17.30132],[-96.25321,17.30781],[-96.25331,17.31524]]]}},{"type":"Feature","properties":{"code":"20098","stateCode":"20","municipalityCode":"098","name":"San Andrés Teotilálpam"},"geometry":{"type":"Polygon","coordinates":[[[-96.51044,18.02533],[-96.4889,18.01415],[-96.49,17.99794],[-96.51112,17.9521],[-96.51929,17.94294],[-96.55657,17.94408],[-96.56538,17.92334],[-96.56117,17.89309],[-96.55192,17.87678],[-96.56475,17.88509],[-96.57019,17.89281],[-96.57348,17.89268],[-96.569,17.90818],[-96.59122,17.91181],[-96.60647,17.90579],[-96.61533,17.90658],[-96.61807,17.89128],[-96.62328,17.88549],[-96.63952,17.88662],[-96.64235,17.88423],[-96.68521,17.89806],[-96.68661,17.89325],[-96.69998,17.89965],[-96.7099,17.92652],[-96.70436,17.93764],[-96.69292,17.91764],[-96.6864,17.91624],[-96.6844,17.91022],[-96.68112,17.91014],[-96.68323,17.91821],[-96.67584,17.91617],[-96.66688,17.92138],[-96.65599,17.91405],[-96.66897,17.92613],[-96.6694,17.93068],[-96.67742,17.9343],[-96.6769,17.93862],[-96.68279,17.94014],[-96.68537,17.94511],[-96.69516,17.94594],[-96.69546,17.954],[-96.70182,17.95409],[-96.70289,17.95764],[-96.69593,17.96373],[-96.70165,17.96579],[-96.68818,17.9683],[-96.67473,17.97641],[-96.66687,17.96926],[-96.64336,17.96617],[-96.6342,17.96161],[-96.63601,17.95735],[-96.63318,17.95658],[-96.6166,17.96061],[-96.60547,17.95908],[-96.60235,17.94867],[-96.59362,17.94594],[-96.58129,17.95156],[-96.57153,17.96847],[-96.55606,17.9735],[-96.55288,18.00276],[-96.53405,18.00325],[-96.52437,17.99931],[-96.51671,18.02062],[-96.51044,18.02533]]]}},{"type":"Feature","properties":{"code":"20101","stateCode":"20","municipalityCode":"101","name":"San Andrés Zabache"},"geometry":{"type":"Polygon","coordinates":[[[-96.8647,16.60975],[-96.85017,16.60441],[-96.83939,16.59295],[-96.84329,16.58611],[-96.85219,16.58685],[-96.87296,16.59914],[-96.87836,16.6087],[-96.87957,16.62331],[-96.8647,16.60975]]]}},{"type":"Feature","properties":{"code":"20104","stateCode":"20","municipalityCode":"104","name":"San Antonino el Alto"},"geometry":{"type":"Polygon","coordinates":[[[-97.05175,16.88124],[-97.04999,16.8782],[-97.04447,16.88041],[-97.03964,16.87746],[-97.03718,16.87202],[-97.03042,16.86798],[-97.0135,16.86703],[-97.00403,16.8632],[-96.98177,16.8318],[-96.94979,16.81815],[-96.95411,16.81472],[-96.97571,16.8149],[-96.97591,16.80497],[-96.98213,16.79347],[-96.99085,16.78809],[-96.98873,16.78317],[-96.9925,16.77729],[-96.99586,16.77323],[-97.01318,16.77899],[-97.01584,16.7622],[-97.02205,16.78607],[-97.03113,16.79392],[-97.03359,16.804],[-97.04029,16.81069],[-97.04309,16.83104],[-97.04638,16.83436],[-97.05994,16.82787],[-97.06559,16.83748],[-97.07532,16.825],[-97.08191,16.82649],[-97.08952,16.81739],[-97.10057,16.82042],[-97.10771,16.81462],[-97.11237,16.81534],[-97.11575,16.82149],[-97.12928,16.83078],[-97.11394,16.84344],[-97.11253,16.85239],[-97.12351,16.85546],[-97.13601,16.84979],[-97.14436,16.83996],[-97.1446,16.83362],[-97.15918,16.83461],[-97.16149,16.83962],[-97.15758,16.8529],[-97.14606,16.85286],[-97.14293,16.85593],[-97.07728,16.86739],[-97.07326,16.87667],[-97.05175,16.88124]]]}},{"type":"Feature","properties":{"code":"20413","stateCode":"20","municipalityCode":"413","name":"Santa María Huatulco"},"geometry":{"type":"MultiPolygon","coordinates":[[[[-96.23133,15.68723],[-96.22712,15.68706],[-96.22825,15.68527],[-96.23133,15.68723]]],[[[-96.2221,15.69094],[-96.22357,15.69021],[-96.22333,15.69084],[-96.2221,15.69094]]],[[[-96.16188,15.72102],[-96.16022,15.71818],[-96.16146,15.71639],[-96.164,15.71818],[-96.16188,15.72102]]],[[[-96.11976,15.74746],[-96.11804,15.74757],[-96.1186,15.74704],[-96.11976,15.74746]]],[[[-96.11725,15.74824],[-96.11707,15.74778],[-96.1176,15.748],[-96.11725,15.74824]]],[[[-96.11608,15.74892],[-96.11584,15.74861],[-96.11597,15.74853],[-96.11608,15.74892]]],[[[-96.11653,15.74915],[-96.11624,15.74914],[-96.11643,15.74887],[-96.11653,15.74915]]],[[[-96.0851,15.76372],[-96.08276,15.76404],[-96.08382,15.76253],[-96.0851,15.76372]]],[[[-96.09473,15.77196],[-96.09504,15.77163],[-96.09511,15.77179],[-96.09473,15.77196]]],[[[-96.25304,15.95251],[-96.24781,15.95744],[-96.2361,15.94497],[-96.24206,15.9404],[-96.23836,15.93523],[-96.24675,15.91551],[-96.23875,15.91056],[-96.23295,15.90025],[-96.24703,15.90193],[-96.24938,15.89926],[-96.24793,15.87998],[-96.24173,15.87201],[-96.21673,15.86732],[-96.11205,15.87036],[-96.12028,15.86042],[-96.11142,15.85945],[-96.10918,15.84856],[-96.10266,15.84309],[-96.1007,15.8365],[-96.0967,15.83338],[-96.09412,15.83748],[-96.08344,15.83621],[-96.07702,15.84033],[-96.07837,15.82741],[-96.06694,15.82514],[-96.06379,15.81282],[-96.05818,15.81175],[-96.05045,15.80467],[-96.04438,15.79401],[-96.05118,15.78994],[-96.04515,15.78868],[-96.05344,15.78726],[-96.063,15.77618],[-96.06602,15.78101],[-96.06752,15.77776],[-96.07286,15.7776],[-96.07607,15.76606],[-96.07977,15.76927],[-96.08387,15.76732],[-96.08944,15.76969],[-96.09119,15.77327],[-96.09667,15.77257],[-96.09988,15.76659],[-96.09575,15.76216],[-96.10569,15.75568],[-96.11173,15.7632],[-96.12035,15.76068],[-96.11862,15.76614],[-96.11918,15.7671],[-96.12048,15.76261],[-96.12296,15.76485],[-96.1205,15.76017],[-96.12516,15.75349],[-96.12273,15.74984],[-96.12822,15.75432],[-96.12803,15.75072],[-96.1299,15.75418],[-96.13145,15.75261],[-96.12923,15.74395],[-96.12391,15.7421],[-96.1272,15.73785],[-96.13211,15.73637],[-96.13216,15.73936],[-96.1416,15.73419],[-96.14561,15.73775],[-96.14679,15.73331],[-96.15202,15.7314],[-96.14375,15.72769],[-96.15359,15.72677],[-96.15269,15.72293],[-96.15856,15.7257],[-96.16616,15.72284],[-96.17219,15.71409],[-96.17803,15.71655],[-96.17902,15.71243],[-96.18225,15.7143],[-96.18353,15.71082],[-96.19066,15.70999],[-96.19282,15.70459],[-96.19738,15.7067],[-96.19764,15.71112],[-96.20297,15.71193],[-96.20516,15.70159],[-96.20859,15.69964],[-96.21077,15.70349],[-96.21683,15.70084],[-96.21423,15.69803],[-96.21635,15.69659],[-96.22581,15.69763],[-96.22436,15.69172],[-96.23525,15.69156],[-96.23825,15.6878],[-96.23736,15.68247],[-96.28092,15.68618],[-96.28598,15.68315],[-96.3047,15.68584],[-96.30778,15.68291],[-96.33307,15.68766],[-96.32855,15.69923],[-96.32936,15.73978],[-96.33686,15.80416],[-96.34742,15.8131],[-96.34919,15.81684],[-96.34569,15.82077],[-96.35983,15.84296],[-96.35879,15.8483],[-96.36129,15.85202],[-96.36341,15.85075],[-96.36563,15.86215],[-96.36986,15.86283],[-96.36769,15.86722],[-96.372,15.86867],[-96.36177,15.87527],[-96.34758,15.86177],[-96.33577,15.86537],[-96.28494,15.8624],[-96.26084,15.86411],[-96.26103,15.87107],[-96.26649,15.87727],[-96.2706,15.89178],[-96.26536,15.91186],[-96.26233,15.9135],[-96.26345,15.91937],[-96.27602,15.92561],[-96.27695,15.91813],[-96.29652,15.92454],[-96.29195,15.93684],[-96.29383,15.93877],[-96.28025,15.94493],[-96.26991,15.94424],[-96.25491,15.96152],[-96.25304,15.95251]]]]}},{"type":"Feature","properties":{"code":"20120","stateCode":"20","municipalityCode":"120","name":"San Bartolomé Zoogocho"},"geometry":{"type":"Polygon","coordinates":[[[-96.24631,17.26304],[-96.24424,17.25825],[-96.22925,17.2574],[-96.23152,17.24419],[-96.22668,17.23349],[-96.23929,17.22858],[-96.24903,17.23229],[-96.26179,17.24719],[-96.24631,17.26304]]]}},{"type":"Feature","properties":{"code":"20121","stateCode":"20","municipalityCode":"121","name":"San Bartolo Soyaltepec"},"geometry":{"type":"Polygon","coordinates":[[[-97.29867,17.65333],[-97.28776,17.64235],[-97.28722,17.65233],[-97.2837,17.64764],[-97.26763,17.65061],[-97.23786,17.64156],[-97.23086,17.64241],[-97.24954,17.62715],[-97.24471,17.60218],[-97.27544,17.57323],[-97.28181,17.57662],[-97.28604,17.58027],[-97.27726,17.59834],[-97.28024,17.60971],[-97.27374,17.61611],[-97.28036,17.62527],[-97.28055,17.63107],[-97.28889,17.63782],[-97.29211,17.63413],[-97.29168,17.62529],[-97.2838,17.6147],[-97.29065,17.61247],[-97.28203,17.59247],[-97.29422,17.57696],[-97.29171,17.56565],[-97.29709,17.56417],[-97.30278,17.56705],[-97.30329,17.56052],[-97.29991,17.55664],[-97.31189,17.56738],[-97.33115,17.57803],[-97.32704,17.57423],[-97.33878,17.57227],[-97.34312,17.57742],[-97.35442,17.57722],[-97.39247,17.56755],[-97.40036,17.54168],[-97.38601,17.54248],[-97.36294,17.53029],[-97.35551,17.5209],[-97.35729,17.51261],[-97.36946,17.49946],[-97.38997,17.50109],[-97.40523,17.54189],[-97.40148,17.54507],[-97.40156,17.55108],[-97.40582,17.55627],[-97.40193,17.55984],[-97.39943,17.57279],[-97.36981,17.57668],[-97.3603,17.58493],[-97.35423,17.58149],[-97.33095,17.58167],[-97.33215,17.58589],[-97.32426,17.60835],[-97.30564,17.61106],[-97.29994,17.61665],[-97.29867,17.65333]]]}},{"type":"Feature","properties":{"code":"20015","stateCode":"20","municipalityCode":"015","name":"Coatecas Altas"},"geometry":{"type":"Polygon","coordinates":[[[-96.66813,16.59244],[-96.66035,16.58375],[-96.6603,16.57834],[-96.64335,16.56353],[-96.64723,16.5468],[-96.63904,16.554],[-96.63126,16.5513],[-96.62168,16.55656],[-96.62214,16.54602],[-96.61407,16.54135],[-96.61122,16.53551],[-96.61076,16.52848],[-96.61366,16.52666],[-96.57421,16.52913],[-96.56118,16.5206],[-96.55904,16.5109],[-96.56277,16.50742],[-96.56034,16.5026],[-96.57358,16.49427],[-96.56609,16.49165],[-96.5587,16.47855],[-96.57988,16.47544],[-96.5863,16.47714],[-96.59136,16.47304],[-96.5895,16.46953],[-96.60528,16.45928],[-96.61194,16.46374],[-96.61123,16.46918],[-96.61451,16.47064],[-96.61062,16.4699],[-96.61053,16.47086],[-96.61486,16.47206],[-96.62016,16.46944],[-96.62825,16.47239],[-96.63352,16.45598],[-96.635,16.46174],[-96.64348,16.46875],[-96.66111,16.47264],[-96.65985,16.48807],[-96.66905,16.48341],[-96.67408,16.4844],[-96.67538,16.48131],[-96.70999,16.50087],[-96.71089,16.50426],[-96.69771,16.50932],[-96.69629,16.51817],[-96.68313,16.53525],[-96.6871,16.54019],[-96.69737,16.543],[-96.67851,16.56053],[-96.67782,16.57286],[-96.68005,16.57378],[-96.67307,16.58746],[-96.68283,16.58886],[-96.66813,16.59244]]]}},{"type":"Feature","properties":{"code":"20125","stateCode":"20","municipalityCode":"125","name":"San Carlos Yautepec"},"geometry":{"type":"Polygon","coordinates":[[[-95.65829,16.90758],[-95.61361,16.8887],[-95.60967,16.8775],[-95.58953,16.88041],[-95.59081,16.87548],[-95.60285,16.86403],[-95.6096,16.86472],[-95.61421,16.87284],[-95.6194,16.87431],[-95.6411,16.85385],[-95.63403,16.85326],[-95.62947,16.84649],[-95.6156,16.84905],[-95.61454,16.85186],[-95.61268,16.84764],[-95.6074,16.84584],[-95.60728,16.83835],[-95.61466,16.83459],[-95.60901,16.82951],[-95.60977,16.82564],[-95.6177,16.82727],[-95.6562,16.81093],[-95.66206,16.8127],[-95.66193,16.81979],[-95.66742,16.81729],[-95.6799,16.82473],[-95.68798,16.81484],[-95.6716,16.80441],[-95.70911,16.78807],[-95.71122,16.77826],[-95.70853,16.76881],[-95.75228,16.72454],[-95.7479,16.72372],[-95.7538,16.72041],[-95.7503,16.7146],[-95.745,16.71579],[-95.74516,16.72071],[-95.74213,16.7228],[-95.73571,16.71715],[-95.73969,16.70212],[-95.75834,16.69628],[-95.75681,16.66746],[-95.77138,16.6536],[-95.78825,16.64311],[-95.78315,16.61995],[-95.76921,16.61708],[-95.77095,16.61282],[-95.77499,16.61247],[-95.77508,16.60818],[-95.75523,16.56257],[-95.76447,16.54474],[-95.76057,16.53739],[-95.68644,16.51169],[-95.75684,16.407],[-95.80863,16.41718],[-95.84487,16.4388],[-95.84781,16.44409],[-95.85508,16.44426],[-95.85994,16.45019],[-95.87094,16.43462],[-95.88182,16.43589],[-95.88581,16.43323],[-95.96375,16.47351],[-95.97778,16.45977],[-95.97988,16.4477],[-95.98777,16.43819],[-96.0,16.44679],[-96.01401,16.44059],[-96.01564,16.43628],[-95.9969,16.42536],[-95.9924,16.41793],[-95.98294,16.41856],[-95.9848,16.41065],[-95.97699,16.40033],[-95.97708,16.39362],[-95.97009,16.38995],[-95.96579,16.39474],[-95.96178,16.39347],[-95.95998,16.37907],[-95.95006,16.3825],[-95.94424,16.38009],[-95.94786,16.38665],[-95.9115,16.41361],[-95.90857,16.40892],[-95.90275,16.41031],[-95.904,16.4056],[-95.90026,16.40458],[-95.8969,16.40829],[-95.89269,16.40528],[-95.88532,16.41026],[-95.88274,16.40832],[-95.88477,16.40546],[-95.87904,16.40497],[-95.87999,16.39942],[-95.86971,16.39677],[-95.8611,16.39895],[-95.8609,16.39471],[-95.85493,16.39293],[-95.85599,16.39016],[-95.85315,16.38894],[-95.85163,16.3844],[-95.89845,16.283],[-95.91266,16.2797],[-95.92844,16.30463],[-95.92851,16.31454],[-95.9455,16.3284],[-95.93998,16.34178],[-95.93153,16.34947],[-95.92589,16.36529],[-95.93153,16.36573],[-95.93292,16.36122],[-95.9432,16.35589],[-95.95734,16.3569],[-95.97493,16.34347],[-95.98,16.33526],[-95.96064,16.31309],[-95.98339,16.2934],[-95.98883,16.29428],[-95.99753,16.27199],[-96.00093,16.27238],[-96.00596,16.264],[-96.00255,16.25877],[-96.01795,16.26295],[-96.02396,16.25399],[-96.0299,16.25697],[-96.03367,16.27395],[-96.02355,16.27423],[-96.02294,16.2768],[-96.00654,16.28088],[-95.99474,16.30155],[-96.00273,16.31154],[-96.00267,16.32331],[-95.99852,16.32245],[-95.99346,16.33012],[-95.98653,16.33147],[-95.99954,16.33935],[-95.99765,16.34509],[-95.9925,16.34482],[-95.98709,16.35378],[-95.99913,16.36444],[-95.99436,16.37019],[-96.0423,16.39161],[-96.05985,16.36831],[-96.07914,16.36638],[-96.09922,16.34194],[-96.08901,16.30114],[-96.09346,16.28809],[-96.11276,16.27092],[-96.11795,16.24734],[-96.11474,16.25052],[-96.11336,16.24855],[-96.11428,16.22857],[-96.10986,16.22273],[-96.10431,16.225],[-96.09979,16.22194],[-96.08939,16.22302],[-96.08533,16.23186],[-96.0654,16.24061],[-96.06443,16.23802],[-96.04368,16.23525],[-96.02076,16.21686],[-96.01791,16.21927],[-96.01878,16.21251],[-96.00438,16.20725],[-96.00103,16.20245],[-95.9958,16.2051],[-95.99027,16.20256],[-95.9928,16.1994],[-95.98929,16.19628],[-95.9797,16.20306],[-95.9648,16.19685],[-95.95479,16.19981],[-95.95432,16.2048],[-95.94738,16.20428],[-95.9354,16.21153],[-95.93534,16.21911],[-95.93969,16.22448],[-95.93511,16.23076],[-95.92374,16.23641],[-95.90495,16.23126],[-95.90374,16.23459],[-95.88678,16.22757],[-95.88233,16.21808],[-95.87814,16.21963],[-95.87687,16.2145],[-95.86878,16.21817],[-95.86328,16.21253],[-95.8605,16.21581],[-95.85262,16.20941],[-95.84764,16.21522],[-95.84727,16.20687],[-95.84267,16.20785],[-95.84371,16.20486],[-95.84982,16.20413],[-95.81006,16.18348],[-95.83683,16.17697],[-95.84126,16.16456],[-95.85114,16.16289],[-95.85212,16.15918],[-95.85567,16.16096],[-95.85839,16.15122],[-95.8621,16.15015],[-95.86702,16.15485],[-95.87495,16.15074],[-95.87717,16.1539],[-95.88403,16.14875],[-95.88921,16.15153],[-95.88847,16.14685],[-95.89607,16.14601],[-95.90134,16.14149],[-95.91085,16.12507],[-95.92254,16.1207],[-95.93499,16.12228],[-95.92525,16.14119],[-95.94411,16.14584],[-95.95857,16.15336],[-95.95927,16.14033],[-95.95183,16.13309],[-95.96256,16.13567],[-95.96365,16.13346],[-95.95736,16.1273],[-95.94659,16.12612],[-95.95077,16.11657],[-95.94234,16.11138],[-95.94638,16.09759],[-95.94132,16.09488],[-95.92938,16.10517],[-95.92588,16.09035],[-95.91562,16.09501],[-95.90106,16.08732],[-95.89744,16.09105],[-95.89774,16.10071],[-95.90239,16.12068],[-95.89686,16.12413],[-95.87369,16.12731],[-95.87586,16.11627],[-95.86589,16.07639],[-95.82693,16.0052],[-95.8524,15.95848],[-95.87838,15.95715],[-95.90983,15.96795],[-95.92467,15.96326],[-95.96724,15.9375],[-95.99423,15.95418],[-95.98777,15.95415],[-95.99794,15.96578],[-96.00185,16.02557],[-96.01006,16.00354],[-96.03398,16.00483],[-96.05128,15.994],[-96.05643,16.00549],[-96.05516,16.0143],[-96.06143,16.03815],[-96.04559,16.03683],[-96.03136,16.04739],[-96.01394,16.04298],[-95.99592,16.03341],[-96.02414,16.06513],[-96.02037,16.07604],[-96.05092,16.09174],[-96.08735,16.09787],[-96.0879,16.09254],[-96.1194,16.11423],[-96.11353,16.13931],[-96.10745,16.14678],[-96.08717,16.15618],[-96.10261,16.16255],[-96.13164,16.20158],[-96.16378,16.20818],[-96.17816,16.22339],[-96.17494,16.22862],[-96.17445,16.24351],[-96.18436,16.25855],[-96.20944,16.2739],[-96.21014,16.27945],[-96.19231,16.30099],[-96.1968,16.3136],[-96.19088,16.31828],[-96.20428,16.35585],[-96.22776,16.33605],[-96.23376,16.33554],[-96.26178,16.34653],[-96.28762,16.37355],[-96.29552,16.392],[-96.25388,16.38309],[-96.2398,16.38863],[-96.19898,16.38704],[-96.18716,16.42288],[-96.20318,16.43608],[-96.22608,16.46406],[-96.24696,16.50465],[-96.26827,16.52784],[-96.25946,16.53289],[-96.2432,16.53041],[-96.24955,16.54684],[-96.25584,16.55187],[-96.2441,16.58566],[-96.25504,16.58965],[-96.26168,16.59551],[-96.26195,16.60081],[-96.20188,16.622],[-96.16926,16.56751],[-96.12643,16.58062],[-96.06878,16.63429],[-96.06074,16.63721],[-96.04873,16.62833],[-96.04479,16.56654],[-96.06062,16.52339],[-96.0597,16.5052],[-96.03509,16.48881],[-96.0321,16.49326],[-96.01838,16.4833],[-96.02784,16.4714],[-96.0185,16.4629],[-95.99936,16.46643],[-95.98261,16.46558],[-95.98332,16.49482],[-95.96427,16.48461],[-95.94016,16.48135],[-95.93361,16.49337],[-95.92653,16.49099],[-95.9274,16.4799],[-95.92439,16.47268],[-95.91678,16.46739],[-95.91157,16.46699],[-95.90016,16.47388],[-95.86394,16.46896],[-95.84476,16.45335],[-95.85927,16.51863],[-95.85053,16.52892],[-95.8382,16.53517],[-95.8384,16.54391],[-95.80302,16.57289],[-95.80373,16.58261],[-95.80815,16.59219],[-95.81705,16.59832],[-95.82098,16.61915],[-95.88076,16.66081],[-95.88988,16.6702],[-95.91475,16.68462],[-95.91894,16.69356],[-95.92384,16.69429],[-95.91808,16.70429],[-95.91406,16.72509],[-95.91613,16.73295],[-95.90965,16.74727],[-95.90746,16.73762],[-95.89647,16.74312],[-95.88925,16.74259],[-95.88215,16.74909],[-95.87737,16.74777],[-95.88154,16.76464],[-95.85867,16.77882],[-95.84209,16.77844],[-95.83733,16.79973],[-95.79295,16.85522],[-95.77764,16.88637],[-95.71701,16.88961],[-95.69442,16.87291],[-95.65829,16.90758]]]}},{"type":"Feature","properties":{"code":"20124","stateCode":"20","municipalityCode":"124","name":"Heroica Villa de San Blas Atempa"},"geometry":{"type":"Polygon","coordinates":[[[-95.14057,16.45671],[-95.12441,16.45147],[-95.12446,16.44129],[-95.1198,16.44084],[-95.11979,16.43387],[-95.08583,16.43373],[-95.09635,16.42003],[-95.1019,16.39785],[-95.09165,16.38827],[-95.09565,16.3798],[-95.07345,16.33159],[-95.09688,16.30683],[-95.10422,16.30676],[-95.1076,16.30365],[-95.12195,16.30706],[-95.11838,16.30234],[-95.11908,16.29261],[-95.12429,16.28348],[-95.12161,16.27248],[-95.12351,16.26492],[-95.14951,16.26375],[-95.1608,16.27295],[-95.16165,16.26473],[-95.17155,16.26379],[-95.17075,16.2688],[-95.17386,16.27079],[-95.18345,16.26665],[-95.18592,16.26879],[-95.18477,16.27809],[-95.19041,16.28228],[-95.189,16.30156],[-95.21479,16.32085],[-95.2183,16.32003],[-95.23151,16.32637],[-95.22554,16.33269],[-95.21913,16.33264],[-95.21276,16.34505],[-95.19832,16.34011],[-95.18847,16.34053],[-95.18907,16.33829],[-95.18352,16.34032],[-95.20378,16.37149],[-95.18328,16.39586],[-95.19622,16.4086],[-95.20094,16.42351],[-95.17532,16.43352],[-95.17278,16.43868],[-95.15289,16.45341],[-95.14057,16.45671]]]}},{"type":"Feature","properties":{"code":"20020","stateCode":"20","municipalityCode":"020","name":"Constancia del Rosario"},"geometry":{"type":"MultiPolygon","coordinates":[[[[-98.01392,17.07432],[-98.00213,17.06013],[-97.98204,17.06366],[-97.97619,17.06231],[-97.96924,17.0545],[-97.9605,17.06926],[-97.9546,17.0646],[-97.95343,17.06759],[-97.92632,17.04937],[-97.93958,17.02931],[-97.94016,17.02111],[-97.94771,17.01863],[-97.95062,17.02719],[-98.01081,17.01106],[-98.01957,17.00441],[-98.03016,17.01576],[-98.02519,17.01922],[-97.99648,17.0189],[-97.98049,17.02426],[-97.98153,17.031],[-97.98928,17.03616],[-97.99132,17.04795],[-98.00645,17.05945],[-98.01335,17.06203],[-98.02103,17.05895],[-98.02129,17.05572],[-98.02562,17.05591],[-98.02748,17.06217],[-98.04056,17.06534],[-98.03602,17.06878],[-98.05186,17.07392],[-98.03965,17.0748],[-98.03542,17.08488],[-98.02325,17.0892],[-98.01604,17.08809],[-98.01392,17.07432]]],[[[-98.06043,17.07867],[-98.0726,17.06438],[-98.08091,17.06658],[-98.09878,17.08385],[-98.0842,17.10604],[-98.0858,17.11773],[-98.06967,17.12413],[-98.06047,17.10794],[-98.06043,17.07867]]]]}},{"type":"Feature","properties":{"code":"20153","stateCode":"20","municipalityCode":"153","name":"San Gabriel Mixtepec"},"geometry":{"type":"Polygon","coordinates":[[[-97.06038,16.13673],[-97.03396,16.11843],[-97.0304,16.08594],[-97.02127,16.07376],[-97.03109,16.06509],[-97.01836,16.06311],[-97.02319,16.05561],[-97.02064,16.0502],[-97.02307,16.0439],[-97.01447,16.0483],[-97.01408,16.04398],[-97.0033,16.0359],[-96.95389,16.02044],[-96.95569,16.02983],[-96.93343,16.02163],[-96.93447,16.01924],[-96.90866,16.01287],[-96.90059,15.989],[-96.90328,15.98763],[-96.91175,15.99451],[-96.91835,15.99442],[-96.93424,15.98718],[-96.94759,15.98931],[-96.9566,15.98718],[-96.95904,15.98952],[-96.96278,15.98585],[-96.96655,15.98813],[-96.9705,15.98597],[-96.98039,15.98938],[-96.98651,15.98637],[-96.99062,15.98781],[-96.98903,15.99263],[-96.99138,15.994],[-96.99785,15.98765],[-96.9978,16.01735],[-97.01017,16.01745],[-97.01164,16.00505],[-97.0403,16.00309],[-97.0635,16.00956],[-97.10182,16.01322],[-97.12165,16.02504],[-97.11874,16.03016],[-97.12228,16.03299],[-97.13071,16.03052],[-97.13546,16.01644],[-97.15292,16.01771],[-97.13371,16.04324],[-97.11858,16.05776],[-97.12802,16.05503],[-97.12569,16.05751],[-97.12757,16.06562],[-97.12444,16.06567],[-97.12372,16.06082],[-97.11726,16.06031],[-97.11169,16.06585],[-97.11101,16.07106],[-97.1158,16.06991],[-97.11474,16.07361],[-97.11879,16.08003],[-97.10635,16.0978],[-97.10261,16.13056],[-97.06038,16.13673]]]}},{"type":"Feature","properties":{"code":"20141","stateCode":"20","municipalityCode":"141","name":"San Francisco del Mar"},"geometry":{"type":"Polygon","coordinates":[[[-94.5796,16.41171],[-94.57946,16.39624],[-94.57148,16.39702],[-94.57141,16.39305],[-94.56763,16.39329],[-94.57268,16.36801],[-94.55221,16.3606],[-94.51351,16.36466],[-94.50752,16.34127],[-94.4907,16.35101],[-94.48614,16.34208],[-94.49164,16.33381],[-94.4922,16.32586],[-94.48868,16.32181],[-94.49746,16.31086],[-94.49415,16.30647],[-94.51048,16.29683],[-94.51318,16.30022],[-94.50939,16.30909],[-94.51575,16.3127],[-94.51437,16.30759],[-94.52297,16.30582],[-94.52491,16.29934],[-94.53207,16.29726],[-94.54314,16.30146],[-94.54451,16.2926],[-94.55308,16.29459],[-94.56218,16.28667],[-94.55895,16.2797],[-94.55603,16.27833],[-94.55885,16.28036],[-94.55657,16.28191],[-94.55391,16.27893],[-94.55877,16.25972],[-94.55112,16.26887],[-94.54752,16.2835],[-94.53395,16.28301],[-94.53642,16.27534],[-94.53361,16.26834],[-94.52592,16.28181],[-94.51008,16.25446],[-94.50503,16.25073],[-94.50475,16.24041],[-94.49344,16.23067],[-94.49326,16.22575],[-94.46498,16.22568],[-94.46397,16.24764],[-94.4456,16.24573],[-94.42905,16.2632],[-94.43376,16.2686],[-94.4333,16.28087],[-94.44566,16.28244],[-94.44462,16.27128],[-94.45074,16.27126],[-94.45135,16.28319],[-94.46203,16.28473],[-94.46153,16.29887],[-94.45104,16.29856],[-94.44771,16.30823],[-94.44097,16.30919],[-94.43948,16.3135],[-94.44547,16.31658],[-94.4484,16.32417],[-94.45468,16.32474],[-94.45337,16.32911],[-94.46036,16.33437],[-94.45906,16.33824],[-94.45341,16.33989],[-94.45496,16.34374],[-94.4656,16.33935],[-94.46293,16.3541],[-94.41094,16.35327],[-94.40708,16.34761],[-94.42128,16.28377],[-94.41478,16.28545],[-94.41807,16.27423],[-94.41597,16.27188],[-94.41303,16.27371],[-94.41535,16.26604],[-94.4066,16.25852],[-94.41074,16.2499],[-94.41576,16.2488],[-94.41576,16.2417],[-94.40892,16.23559],[-94.42273,16.23727],[-94.42391,16.24349],[-94.43133,16.2474],[-94.43077,16.24466],[-94.43436,16.24514],[-94.44349,16.23641],[-94.43972,16.23347],[-94.43996,16.22705],[-94.4051,16.22182],[-94.391,16.21698],[-94.38651,16.21191],[-94.38979,16.21066],[-94.39537,16.2159],[-94.40711,16.21977],[-94.42881,16.22161],[-94.4368,16.22143],[-94.4362,16.21903],[-94.44387,16.21515],[-94.42856,16.20597],[-94.4212,16.19654],[-94.41183,16.19461],[-94.38813,16.17925],[-94.39481,16.18029],[-94.39333,16.17741],[-94.39728,16.17777],[-94.3339,16.16598],[-94.28252,16.1432],[-94.24935,16.14661],[-94.21696,16.13563],[-94.20293,16.15306],[-94.16929,16.13564],[-94.15304,16.12315],[-94.10642,16.15089],[-94.03601,16.02209],[-94.00022,16.00659],[-94.00022,16.00309],[-94.20237,16.09678],[-94.29478,16.13061],[-94.38405,16.15827],[-94.47196,16.1799],[-94.54076,16.19197],[-94.69976,16.20991],[-94.73942,16.20808],[-94.74104,16.21204],[-94.73855,16.21427],[-94.73609,16.21155],[-94.71526,16.21177],[-94.72555,16.21432],[-94.71169,16.21556],[-94.73323,16.21958],[-94.73795,16.22519],[-94.66692,16.36485],[-94.61246,16.3528],[-94.60864,16.3766],[-94.62654,16.40895],[-94.5796,16.41171]]]}},{"type":"Feature","properties":{"code":"20147","stateCode":"20","municipalityCode":"147","name":"San Francisco Nuxaño"},"geometry":{"type":"Polygon","coordinates":[[[-97.32852,17.3906],[-97.31096,17.38369],[-97.31852,17.34087],[-97.33886,17.33352],[-97.35461,17.34856],[-97.36016,17.36521],[-97.35523,17.36744],[-97.3461,17.38626],[-97.32852,17.3906]]]}},{"type":"Feature","properties":{"code":"20150","stateCode":"20","municipalityCode":"150","name":"San Francisco Telixtlahuaca"},"geometry":{"type":"Polygon","coordinates":[[[-96.94939,17.45123],[-96.92811,17.44894],[-96.93317,17.4313],[-96.93021,17.41307],[-96.87248,17.44706],[-96.84358,17.38387],[-96.85276,17.38414],[-96.89249,17.32437],[-96.90058,17.28849],[-96.8985,17.28406],[-96.93964,17.28738],[-96.94725,17.28268],[-96.9568,17.28818],[-96.96289,17.28168],[-96.95976,17.31381],[-96.96289,17.31455],[-96.97457,17.34125],[-96.98226,17.34514],[-96.98863,17.36577],[-96.98828,17.37398],[-96.99631,17.37906],[-96.99647,17.38789],[-97.00288,17.39222],[-97.00261,17.39597],[-97.01503,17.41069],[-97.0106,17.4252],[-97.0176,17.43344],[-97.01459,17.43936],[-96.99539,17.42794],[-96.99665,17.41222],[-96.98222,17.41104],[-96.97545,17.40677],[-96.97519,17.41423],[-96.97138,17.41823],[-96.98477,17.421],[-96.98706,17.42517],[-96.97578,17.42599],[-96.96377,17.43343],[-96.95744,17.43036],[-96.95046,17.43315],[-96.95448,17.44542],[-96.94939,17.45123]]]}},{"type":"Feature","properties":{"code":"20164","stateCode":"20","municipalityCode":"164","name":"San Jorge Nuchita"},"geometry":{"type":"Polygon","coordinates":[[[-98.12372,17.72837],[-98.12062,17.72288],[-98.11109,17.72574],[-98.11158,17.72245],[-98.10736,17.72106],[-98.11059,17.71517],[-98.10745,17.71465],[-98.10259,17.71511],[-98.09564,17.72292],[-98.07818,17.71754],[-98.07182,17.72222],[-98.07153,17.71794],[-98.07025,17.72177],[-98.0645,17.71873],[-98.05812,17.72245],[-98.05704,17.72014],[-98.04984,17.72063],[-98.0515,17.70158],[-98.04784,17.69431],[-98.06013,17.69493],[-98.06104,17.67348],[-98.06995,17.64601],[-98.08526,17.64451],[-98.0965,17.64791],[-98.10234,17.64361],[-98.1042,17.64766],[-98.09844,17.65071],[-98.09782,17.65444],[-98.10839,17.65126],[-98.11306,17.65473],[-98.1199,17.67325],[-98.11594,17.68393],[-98.12348,17.6835],[-98.13512,17.70348],[-98.13305,17.70612],[-98.12549,17.70178],[-98.12114,17.70286],[-98.13115,17.70774],[-98.13656,17.71909],[-98.13193,17.72204],[-98.13457,17.72519],[-98.12372,17.72837]]]}},{"type":"Feature","properties":{"code":"20204","stateCode":"20","municipalityCode":"204","name":"San Juan Lajarcia"},"geometry":{"type":"Polygon","coordinates":[[[-95.91824,16.56267],[-95.87031,16.53016],[-95.85927,16.51863],[-95.84476,16.45335],[-95.86394,16.46896],[-95.90016,16.47388],[-95.91157,16.46699],[-95.91678,16.46739],[-95.92439,16.47268],[-95.9274,16.4799],[-95.92545,16.48906],[-95.92874,16.49283],[-95.93361,16.49337],[-95.94016,16.48135],[-95.96972,16.48677],[-95.98332,16.49482],[-95.98485,16.51692],[-95.99881,16.53134],[-95.94884,16.5475],[-95.94157,16.55979],[-95.91824,16.56267]]]}},{"type":"Feature","properties":{"code":"20035","stateCode":"20","municipalityCode":"035","name":"Guelatao de Juárez"},"geometry":{"type":"Polygon","coordinates":[[[-96.49499,17.32834],[-96.4885,17.3194],[-96.48612,17.30803],[-96.49918,17.30902],[-96.4964,17.29959],[-96.50065,17.3044],[-96.51271,17.30879],[-96.50574,17.32345],[-96.49586,17.32473],[-96.49499,17.32834]]]}},{"type":"Feature","properties":{"code":"20202","stateCode":"20","municipalityCode":"202","name":"San Juan Lachao"},"geometry":{"type":"Polygon","coordinates":[[[-97.11082,16.28232],[-97.08828,16.26662],[-97.07765,16.2712],[-97.0758,16.2628],[-97.06202,16.24531],[-97.05127,16.24482],[-97.0429,16.23559],[-97.02708,16.23237],[-97.01903,16.21612],[-97.02154,16.20102],[-97.01484,16.19094],[-97.01841,16.18791],[-97.02161,16.19336],[-97.02952,16.18856],[-97.03422,16.19364],[-97.0283,16.20023],[-97.02865,16.21257],[-97.05889,16.20836],[-97.06464,16.20198],[-97.05628,16.13639],[-97.06502,16.13981],[-97.06038,16.13673],[-97.10261,16.13056],[-97.10444,16.12368],[-97.11132,16.12249],[-97.11586,16.12341],[-97.10484,16.13088],[-97.1115,16.13321],[-97.11786,16.13126],[-97.1252,16.136],[-97.12439,16.13908],[-97.14597,16.13762],[-97.14937,16.14075],[-97.14492,16.16984],[-97.14787,16.1726],[-97.16122,16.16744],[-97.16175,16.16226],[-97.17237,16.1673],[-97.17999,16.20695],[-97.19932,16.19381],[-97.2163,16.24648],[-97.2138,16.24788],[-97.21271,16.24395],[-97.20466,16.2493],[-97.20012,16.24663],[-97.19905,16.23932],[-97.19793,16.24466],[-97.19366,16.24729],[-97.19421,16.24461],[-97.19061,16.24582],[-97.18446,16.24132],[-97.18106,16.24586],[-97.18367,16.25202],[-97.18057,16.25626],[-97.1732,16.25758],[-97.16917,16.26421],[-97.16138,16.26443],[-97.13011,16.28772],[-97.11082,16.28232]]]}},{"type":"Feature","properties":{"code":"20566","stateCode":"20","municipalityCode":"566","name":"San Mateo Yucutindoo"},"geometry":{"type":"Polygon","coordinates":[[[-97.20879,16.91872],[-97.20709,16.89837],[-97.21388,16.87276],[-97.21791,16.86761],[-97.22157,16.86831],[-97.23281,16.86139],[-97.24547,16.86079],[-97.25039,16.85099],[-97.2674,16.85226],[-97.27774,16.86674],[-97.28302,16.86334],[-97.27849,16.85952],[-97.27547,16.84698],[-97.25709,16.8395],[-97.25719,16.83354],[-97.24418,16.81453],[-97.2536,16.80617],[-97.25732,16.79556],[-97.28106,16.78037],[-97.33158,16.79329],[-97.35411,16.79023],[-97.35942,16.78272],[-97.36582,16.77974],[-97.37189,16.78584],[-97.3852,16.7843],[-97.39537,16.77073],[-97.39656,16.76442],[-97.40224,16.76391],[-97.40737,16.75844],[-97.40721,16.75054],[-97.40353,16.74598],[-97.41059,16.74314],[-97.41353,16.73379],[-97.40875,16.72101],[-97.40842,16.70821],[-97.44924,16.70289],[-97.44931,16.69664],[-97.44438,16.69216],[-97.42747,16.69622],[-97.42417,16.69186],[-97.43452,16.68276],[-97.43446,16.6783],[-97.45065,16.6646],[-97.45317,16.67369],[-97.45606,16.67219],[-97.4603,16.67956],[-97.47723,16.67993],[-97.4848,16.6966],[-97.49635,16.69126],[-97.5091,16.70437],[-97.51144,16.70736],[-97.49979,16.71893],[-97.4996,16.72506],[-97.52398,16.72288],[-97.52441,16.70564],[-97.53131,16.69604],[-97.53056,16.68983],[-97.53424,16.68891],[-97.54495,16.69553],[-97.54114,16.68061],[-97.54828,16.68105],[-97.55484,16.67712],[-97.56426,16.68573],[-97.55962,16.69081],[-97.56112,16.69669],[-97.55544,16.70162],[-97.55679,16.72092],[-97.5422,16.74311],[-97.53585,16.74399],[-97.52774,16.75178],[-97.52954,16.76245],[-97.52005,16.76817],[-97.51819,16.78142],[-97.51469,16.78325],[-97.50995,16.77948],[-97.49994,16.76304],[-97.4644,16.7515],[-97.44824,16.71341],[-97.44991,16.70934],[-97.41438,16.74939],[-97.38539,16.80359],[-97.35598,16.80156],[-97.35476,16.80873],[-97.34612,16.81912],[-97.34064,16.81693],[-97.34278,16.81351],[-97.33893,16.81122],[-97.3356,16.81292],[-97.33356,16.81031],[-97.33201,16.81382],[-97.32448,16.81531],[-97.32009,16.82423],[-97.30625,16.83682],[-97.30018,16.85059],[-97.29502,16.84943],[-97.29152,16.85469],[-97.28933,16.86119],[-97.29134,16.86556],[-97.282,16.87766],[-97.2839,16.89208],[-97.28073,16.89625],[-97.2659,16.89633],[-97.26347,16.89916],[-97.24423,16.90245],[-97.22995,16.90065],[-97.20879,16.91872]]]}},{"type":"Feature","properties":{"code":"20217","stateCode":"20","municipalityCode":"217","name":"San Juan Tamazola"},"geometry":{"type":"Polygon","coordinates":[[[-97.19469,17.25618],[-97.18295,17.25395],[-97.1702,17.20141],[-97.12854,17.16239],[-97.10763,17.17476],[-97.09689,17.16544],[-97.09462,17.15977],[-97.0666,17.14614],[-97.06286,17.12266],[-97.05388,17.11099],[-97.05514,17.09176],[-97.05221,17.08551],[-97.05495,17.08271],[-97.05259,17.07109],[-97.05455,17.06726],[-97.07288,17.06001],[-97.07252,17.07567],[-97.08094,17.0763],[-97.11899,17.0591],[-97.15117,17.0232],[-97.1559,17.0237],[-97.15736,17.02101],[-97.15357,17.01599],[-97.1512,17.00076],[-97.14656,16.99723],[-97.14497,16.98558],[-97.17025,16.97957],[-97.16541,16.99716],[-97.17504,17.00858],[-97.18895,17.0156],[-97.19833,17.03899],[-97.20825,17.0246],[-97.2074,17.00521],[-97.24487,17.0506],[-97.26577,17.1113],[-97.26409,17.1157],[-97.25983,17.11605],[-97.25645,17.12749],[-97.26321,17.15277],[-97.25425,17.15933],[-97.24894,17.17033],[-97.24569,17.17015],[-97.23724,17.17751],[-97.23768,17.18022],[-97.23058,17.18375],[-97.23431,17.18609],[-97.23204,17.18951],[-97.23635,17.19252],[-97.23752,17.20504],[-97.24037,17.20755],[-97.22438,17.22084],[-97.2131,17.24278],[-97.19469,17.25618]]]}},{"type":"Feature","properties":{"code":"20016","stateCode":"20","municipalityCode":"016","name":"Coicoyán de las Flores"},"geometry":{"type":"Polygon","coordinates":[[[-98.26198,17.31547],[-98.25243,17.30762],[-98.25443,17.30305],[-98.25062,17.30154],[-98.25339,17.29541],[-98.24885,17.28971],[-98.22087,17.28381],[-98.21515,17.28678],[-98.21304,17.29242],[-98.18628,17.2867],[-98.19764,17.27592],[-98.19533,17.26189],[-98.21173,17.26116],[-98.20883,17.25577],[-98.21055,17.24363],[-98.20226,17.23117],[-98.16804,17.24893],[-98.17298,17.24152],[-98.17494,17.22482],[-98.1655,17.21836],[-98.15704,17.19793],[-98.1716,17.1921],[-98.16384,17.18753],[-98.15952,17.15765],[-98.16619,17.12525],[-98.17306,17.11889],[-98.17732,17.12109],[-98.17967,17.11715],[-98.18719,17.11648],[-98.19066,17.11957],[-98.19642,17.11609],[-98.21266,17.11872],[-98.21533,17.12453],[-98.2226,17.12215],[-98.2199,17.14505],[-98.22505,17.15228],[-98.22179,17.15239],[-98.21861,17.16029],[-98.22059,17.16423],[-98.21672,17.16923],[-98.21443,17.18451],[-98.21768,17.18686],[-98.21286,17.19065],[-98.20512,17.19102],[-98.20519,17.1991],[-98.2004,17.20381],[-98.20314,17.21629],[-98.2138,17.22491],[-98.21967,17.23632],[-98.24434,17.25147],[-98.26481,17.24636],[-98.27719,17.25008],[-98.28848,17.23822],[-98.30214,17.24629],[-98.3227,17.27484],[-98.29752,17.27268],[-98.28231,17.28737],[-98.27016,17.28778],[-98.2616,17.30226],[-98.26569,17.30775],[-98.26198,17.31547]]]}},{"type":"Feature","properties":{"code":"20229","stateCode":"20","municipalityCode":"229","name":"San Lorenzo Texmelúcan"},"geometry":{"type":"Polygon","coordinates":[[[-97.17839,16.59808],[-97.15694,16.59083],[-97.15364,16.58441],[-97.15085,16.57513],[-97.15219,16.56519],[-97.14753,16.55611],[-97.13462,16.55202],[-97.11773,16.50635],[-97.1216,16.49641],[-97.11889,16.49333],[-97.12149,16.49097],[-97.12006,16.48495],[-97.16475,16.47622],[-97.17892,16.47737],[-97.18945,16.47132],[-97.23668,16.49506],[-97.24798,16.49113],[-97.24767,16.48859],[-97.25772,16.49203],[-97.25844,16.49517],[-97.27142,16.49169],[-97.27365,16.49662],[-97.28681,16.4936],[-97.28795,16.50614],[-97.27669,16.50671],[-97.26947,16.51077],[-97.26137,16.50657],[-97.25607,16.51666],[-97.25661,16.52432],[-97.24963,16.52588],[-97.2484,16.52295],[-97.24091,16.52316],[-97.22931,16.53906],[-97.22133,16.54011],[-97.22573,16.5419],[-97.22301,16.54605],[-97.22546,16.54628],[-97.21568,16.57765],[-97.20044,16.59163],[-97.19136,16.592],[-97.17839,16.59808]]]}},{"type":"Feature","properties":{"code":"20232","stateCode":"20","municipalityCode":"232","name":"San Lucas Ojitlán"},"geometry":{"type":"Polygon","coordinates":[[[-96.32301,18.16564],[-96.30999,18.15052],[-96.29596,18.14683],[-96.28481,18.13642],[-96.27578,18.12698],[-96.28206,18.12351],[-96.26866,18.11222],[-96.3131,18.08895],[-96.28658,18.04731],[-96.27999,18.03987],[-96.25086,18.05664],[-96.24311,18.05023],[-96.24339,18.04668],[-96.25439,18.04368],[-96.24217,18.02601],[-96.24272,18.01472],[-96.25298,18.01205],[-96.26071,18.01597],[-96.26375,18.00504],[-96.25548,17.9966],[-96.25759,17.99015],[-96.25372,17.97308],[-96.23583,17.94186],[-96.23602,17.92735],[-96.22966,17.91588],[-96.23201,17.91365],[-96.22893,17.90279],[-96.23111,17.90153],[-96.24283,17.91367],[-96.256,17.91818],[-96.25978,17.92743],[-96.26757,17.93129],[-96.26888,17.92907],[-96.27469,17.93145],[-96.27172,17.92694],[-96.27986,17.92201],[-96.33609,17.96827],[-96.33901,17.96628],[-96.34308,17.99259],[-96.35674,17.9949],[-96.35975,17.99893],[-96.364,17.99893],[-96.36487,17.9913],[-96.34818,17.96614],[-96.35425,17.95576],[-96.34246,17.93819],[-96.34542,17.93447],[-96.35896,17.9431],[-96.37595,17.93762],[-96.39891,17.94725],[-96.40447,17.95936],[-96.41693,17.96152],[-96.41503,17.93984],[-96.4177,17.94068],[-96.44051,17.96178],[-96.43615,17.96937],[-96.44288,17.97517],[-96.4652,17.96353],[-96.48801,17.96584],[-96.48553,17.97793],[-96.49055,17.97993],[-96.4889,18.01415],[-96.4935,18.01639],[-96.49347,18.0384],[-96.4651,18.0475],[-96.4704,18.05348],[-96.46288,18.07048],[-96.45815,18.07166],[-96.46246,18.07692],[-96.45992,18.08516],[-96.44429,18.10388],[-96.44141,18.11191],[-96.41759,18.12313],[-96.40435,18.13828],[-96.40026,18.13396],[-96.40024,18.14131],[-96.39597,18.13929],[-96.39276,18.14273],[-96.39758,18.14602],[-96.39196,18.146],[-96.38492,18.15873],[-96.3793,18.15708],[-96.37658,18.14918],[-96.35934,18.13622],[-96.35171,18.14013],[-96.34488,18.13881],[-96.34626,18.14409],[-96.34481,18.14514],[-96.33374,18.14082],[-96.32502,18.14166],[-96.33259,18.1555],[-96.32757,18.15432],[-96.33213,18.16512],[-96.32652,18.1626],[-96.32381,18.15663],[-96.3222,18.16285],[-96.32655,18.16688],[-96.32301,18.16564]]]}},{"type":"Feature","properties":{"code":"20235","stateCode":"20","municipalityCode":"235","name":"San Luis Amatlán"},"geometry":{"type":"Polygon","coordinates":[[[-96.47246,16.59493],[-96.4291,16.48721],[-96.41736,16.4827],[-96.41819,16.47985],[-96.42593,16.48005],[-96.42302,16.46585],[-96.41799,16.47124],[-96.4158,16.46165],[-96.41071,16.46705],[-96.40918,16.46195],[-96.4044,16.46189],[-96.40039,16.45602],[-96.39682,16.45521],[-96.39683,16.4605],[-96.37572,16.43642],[-96.4113,16.37692],[-96.41564,16.38424],[-96.43742,16.39193],[-96.45661,16.37955],[-96.45406,16.34684],[-96.47454,16.35328],[-96.49994,16.35128],[-96.50002,16.35861],[-96.50177,16.35568],[-96.52112,16.35645],[-96.52946,16.36401],[-96.53461,16.36291],[-96.53916,16.38187],[-96.5402,16.41232],[-96.53663,16.43961],[-96.53064,16.44504],[-96.53516,16.45323],[-96.57659,16.44674],[-96.57858,16.44989],[-96.56462,16.4593],[-96.55215,16.46322],[-96.55259,16.47084],[-96.54707,16.47348],[-96.55452,16.47769],[-96.55475,16.4809],[-96.55821,16.47945],[-96.56769,16.49307],[-96.57358,16.49427],[-96.56034,16.5026],[-96.56277,16.50742],[-96.55904,16.5109],[-96.56118,16.5206],[-96.54729,16.52518],[-96.54287,16.5222],[-96.53843,16.52444],[-96.53692,16.51835],[-96.52954,16.52091],[-96.5224,16.51353],[-96.50568,16.51601],[-96.50325,16.5443],[-96.49313,16.55906],[-96.49437,16.56273],[-96.48444,16.5832],[-96.47246,16.59493]]]}},{"type":"Feature","properties":{"code":"20236","stateCode":"20","municipalityCode":"236","name":"San Marcial Ozolotepec"},"geometry":{"type":"Polygon","coordinates":[[[-96.41157,16.10012],[-96.39058,16.09406],[-96.38243,16.08687],[-96.3771,16.06814],[-96.35852,16.06089],[-96.36843,16.05349],[-96.36737,16.04328],[-96.38019,16.04559],[-96.38511,16.03703],[-96.39215,16.03217],[-96.38573,16.02672],[-96.3867,16.02039],[-96.39554,16.01063],[-96.40217,16.0086],[-96.3923,15.9993],[-96.40623,15.9907],[-96.41141,15.96632],[-96.41794,15.96427],[-96.41563,15.96803],[-96.42079,15.96765],[-96.4242,15.97097],[-96.42389,15.98201],[-96.4298,15.98194],[-96.43083,15.99151],[-96.43821,15.99803],[-96.43571,15.9987],[-96.43492,16.00876],[-96.42992,16.01003],[-96.42712,16.01572],[-96.42982,16.02011],[-96.42463,16.01832],[-96.4244,16.02409],[-96.42055,16.02226],[-96.42211,16.02604],[-96.41701,16.02924],[-96.41064,16.04247],[-96.41223,16.05191],[-96.40985,16.05558],[-96.41564,16.05922],[-96.41824,16.0709],[-96.42132,16.07315],[-96.42366,16.07122],[-96.4271,16.09195],[-96.42561,16.09837],[-96.41157,16.10012]]]}},{"type":"Feature","properties":{"code":"20525","stateCode":"20","municipalityCode":"525","name":"Santo Domingo Zanatepec"},"geometry":{"type":"Polygon","coordinates":[[[-94.31292,16.57288],[-94.26879,16.58593],[-94.2702,16.55218],[-94.2565,16.5607],[-94.25316,16.56913],[-94.24693,16.56816],[-94.24513,16.57058],[-94.22702,16.55433],[-94.21352,16.55488],[-94.21093,16.54688],[-94.20499,16.54699],[-94.19989,16.55131],[-94.19884,16.53106],[-94.19077,16.52561],[-94.18621,16.50835],[-94.13092,16.50747],[-94.13347,16.47597],[-94.13914,16.46182],[-94.19953,16.48407],[-94.20419,16.46505],[-94.20394,16.44441],[-94.2072,16.44538],[-94.22665,16.43052],[-94.2358,16.43052],[-94.23723,16.42618],[-94.24981,16.43776],[-94.25886,16.43267],[-94.27512,16.40095],[-94.27346,16.38056],[-94.28631,16.35481],[-94.29935,16.34251],[-94.29846,16.3497],[-94.3108,16.33478],[-94.34205,16.3426],[-94.36418,16.3386],[-94.36987,16.29922],[-94.37259,16.29624],[-94.3814,16.29662],[-94.42128,16.28377],[-94.40708,16.34761],[-94.44246,16.39884],[-94.42119,16.42067],[-94.44039,16.43637],[-94.4632,16.42866],[-94.46513,16.41576],[-94.47073,16.41989],[-94.47037,16.42942],[-94.47496,16.44249],[-94.48159,16.44882],[-94.48023,16.4542],[-94.487,16.45615],[-94.47856,16.46123],[-94.47015,16.47492],[-94.46962,16.49462],[-94.46207,16.49589],[-94.43569,16.55282],[-94.42341,16.57106],[-94.4042,16.5767],[-94.38738,16.57203],[-94.37666,16.5626],[-94.36695,16.57765],[-94.35917,16.57635],[-94.35868,16.58568],[-94.31607,16.59699],[-94.31292,16.57288]]]}},{"type":"Feature","properties":{"code":"20526","stateCode":"20","municipalityCode":"526","name":"Santos Reyes Nopala"},"geometry":{"type":"Polygon","coordinates":[[[-97.23395,16.18194],[-97.22073,16.16774],[-97.20175,16.15973],[-97.186,16.14875],[-97.17482,16.13112],[-97.16684,16.12924],[-97.16245,16.13321],[-97.15196,16.1289],[-97.15174,16.13107],[-97.14593,16.13067],[-97.14597,16.13762],[-97.12439,16.13908],[-97.1252,16.136],[-97.11786,16.13126],[-97.1115,16.13321],[-97.10484,16.13088],[-97.11586,16.12341],[-97.10452,16.12367],[-97.10635,16.0978],[-97.11911,16.07771],[-97.11474,16.07361],[-97.1158,16.06991],[-97.11101,16.07106],[-97.11169,16.06585],[-97.11726,16.06031],[-97.12372,16.06082],[-97.12444,16.06567],[-97.12757,16.06562],[-97.12569,16.05751],[-97.12802,16.05503],[-97.11858,16.05776],[-97.13371,16.04324],[-97.15292,16.01771],[-97.13862,16.01474],[-97.14711,15.99614],[-97.16531,15.99173],[-97.17827,15.98314],[-97.18393,15.98854],[-97.19394,15.98818],[-97.19701,15.99083],[-97.19234,15.99533],[-97.20242,16.0029],[-97.21629,16.0067],[-97.22111,15.99955],[-97.22693,16.00581],[-97.24979,16.01771],[-97.25857,16.01377],[-97.26409,16.00575],[-97.27677,16.00382],[-97.22661,16.05143],[-97.24065,16.07753],[-97.2487,16.11036],[-97.25787,16.11058],[-97.26183,16.13701],[-97.26012,16.14604],[-97.25367,16.15095],[-97.25485,16.15316],[-97.24839,16.15174],[-97.24241,16.15539],[-97.2534,16.17443],[-97.23395,16.18194]]]}},{"type":"Feature","properties":{"code":"20052","stateCode":"20","municipalityCode":"052","name":"Magdalena Tequisistlán"},"geometry":{"type":"Polygon","coordinates":[[[-95.70656,16.61222],[-95.72268,16.58915],[-95.71545,16.5836],[-95.67174,16.57263],[-95.66918,16.53646],[-95.63091,16.5285],[-95.58381,16.48083],[-95.53805,16.45716],[-95.53192,16.44405],[-95.52389,16.43748],[-95.5232,16.34603],[-95.50073,16.31549],[-95.51299,16.32303],[-95.60063,16.27337],[-95.62756,16.21015],[-95.60677,16.1717],[-95.60408,16.15745],[-95.61678,16.13624],[-95.61348,16.13527],[-95.61729,16.1292],[-95.62133,16.13102],[-95.62323,16.12493],[-95.62962,16.12157],[-95.63758,16.12535],[-95.65323,16.12616],[-95.68002,16.11681],[-95.70067,16.12319],[-95.72352,16.11183],[-95.72984,16.11701],[-95.7456,16.1557],[-95.75264,16.1638],[-95.74797,16.17731],[-95.75819,16.1932],[-95.7538,16.19494],[-95.73504,16.18782],[-95.734,16.19326],[-95.73738,16.19907],[-95.73181,16.19748],[-95.7307,16.20332],[-95.73823,16.20617],[-95.7431,16.21297],[-95.74464,16.23058],[-95.75047,16.23375],[-95.75607,16.23244],[-95.76994,16.24537],[-95.76255,16.24991],[-95.76334,16.25471],[-95.77112,16.25332],[-95.7855,16.26071],[-95.78082,16.26372],[-95.78404,16.26721],[-95.76817,16.26984],[-95.75574,16.28103],[-95.74464,16.28097],[-95.73711,16.28611],[-95.71635,16.28086],[-95.69533,16.33627],[-95.76716,16.34284],[-95.738,16.38536],[-95.75684,16.407],[-95.68644,16.51169],[-95.76057,16.53739],[-95.76447,16.54474],[-95.74635,16.58729],[-95.73557,16.60371],[-95.72922,16.609],[-95.70656,16.61222]]]}},{"type":"Feature","properties":{"code":"20290","stateCode":"20","municipalityCode":"290","name":"San Nicolás Hidalgo"},"geometry":{"type":"Polygon","coordinates":[[[-98.13623,17.7963],[-98.1287,17.78511],[-98.11221,17.78181],[-98.1147,17.75601],[-98.14364,17.75936],[-98.14331,17.76345],[-98.13191,17.77226],[-98.13083,17.77652],[-98.13741,17.78106],[-98.15291,17.77645],[-98.15523,17.7813],[-98.16201,17.78242],[-98.15959,17.78769],[-98.15132,17.78729],[-98.14903,17.79466],[-98.13623,17.7963]]]}},{"type":"Feature","properties":{"code":"20043","stateCode":"20","municipalityCode":"043","name":"Heroica Ciudad de Juchitán de Zaragoza"},"geometry":{"type":"Polygon","coordinates":[[[-94.83218,16.61887],[-94.79807,16.61575],[-94.80034,16.6093],[-94.79512,16.6087],[-94.80631,16.59287],[-94.80405,16.56314],[-94.81445,16.51925],[-94.8225,16.52713],[-94.83932,16.53386],[-94.83846,16.51964],[-94.84939,16.51541],[-94.85788,16.51905],[-94.86456,16.51061],[-94.87225,16.50889],[-94.87205,16.516],[-94.8638,16.52906],[-94.87347,16.53285],[-94.87996,16.52452],[-94.89303,16.52656],[-94.90147,16.52097],[-94.90395,16.49602],[-94.8979,16.48722],[-94.89817,16.482],[-94.89273,16.47758],[-94.88672,16.45956],[-94.86975,16.46316],[-94.83853,16.44061],[-94.83625,16.44137],[-94.83765,16.45785],[-94.82551,16.45897],[-94.82922,16.46289],[-94.82468,16.46815],[-94.78888,16.4461],[-94.78789,16.44413],[-94.79279,16.44548],[-94.79817,16.44301],[-94.79777,16.43947],[-94.80243,16.43892],[-94.80926,16.40729],[-94.81367,16.40397],[-94.82031,16.40733],[-94.82329,16.4035],[-94.82035,16.39952],[-94.8105,16.39677],[-94.80838,16.39068],[-94.81178,16.38404],[-94.82237,16.37819],[-94.81537,16.37458],[-94.81666,16.36828],[-94.80627,16.36477],[-94.799,16.34665],[-94.77276,16.33273],[-94.77174,16.32974],[-94.79189,16.30767],[-94.80189,16.3054],[-94.80461,16.30158],[-94.82623,16.29234],[-94.86621,16.28141],[-94.85704,16.27707],[-94.85707,16.27396],[-94.84562,16.27213],[-94.85586,16.26147],[-94.84671,16.25086],[-94.83708,16.22716],[-94.80732,16.22236],[-94.7675,16.2231],[-94.75658,16.21011],[-94.86282,16.21412],[-94.9236,16.20758],[-94.93337,16.20901],[-94.94006,16.22384],[-94.94075,16.23296],[-95.05416,16.2243],[-95.08064,16.22607],[-95.10199,16.23331],[-95.11669,16.23478],[-95.11927,16.24532],[-95.11757,16.25583],[-95.12361,16.26514],[-95.1216,16.27222],[-95.12429,16.28348],[-95.11908,16.29261],[-95.11838,16.30234],[-95.12195,16.30706],[-95.1076,16.30365],[-95.10422,16.30676],[-95.09688,16.30683],[-95.07345,16.33159],[-95.06836,16.32587],[-95.04145,16.32239],[-95.03929,16.31761],[-95.03791,16.32585],[-95.02813,16.32648],[-95.03254,16.32987],[-95.0243,16.33702],[-95.02656,16.33211],[-95.00738,16.33341],[-94.98531,16.32824],[-94.97731,16.33034],[-94.96662,16.33738],[-94.95926,16.36549],[-94.96388,16.36865],[-94.97131,16.36599],[-94.97671,16.37111],[-94.99471,16.37778],[-95.00172,16.38621],[-95.00415,16.40299],[-95.01491,16.41634],[-95.01879,16.41548],[-95.02026,16.42027],[-95.02452,16.41781],[-95.02693,16.40497],[-95.04023,16.40921],[-95.04606,16.40311],[-95.04702,16.41201],[-95.06231,16.40298],[-95.06356,16.3683],[-95.08858,16.3679],[-95.09565,16.3798],[-95.09165,16.38827],[-95.1019,16.39785],[-95.10062,16.40167],[-95.03987,16.43201],[-95.04016,16.44974],[-95.03531,16.4497],[-95.04473,16.45908],[-95.02347,16.47268],[-95.02396,16.48079],[-95.01494,16.48356],[-95.0075,16.47696],[-94.9993,16.47652],[-94.99945,16.48081],[-94.98917,16.47785],[-94.9686,16.51535],[-94.97385,16.51794],[-94.9797,16.5292],[-94.96923,16.53858],[-94.96942,16.546],[-94.97609,16.55446],[-94.97291,16.55873],[-94.97441,16.56224],[-94.96964,16.56826],[-94.95356,16.57083],[-94.95315,16.58268],[-94.92965,16.57848],[-94.92876,16.58281],[-94.9186,16.59139],[-94.89482,16.58033],[-94.88606,16.58194],[-94.8764,16.57638],[-94.87661,16.60933],[-94.85751,16.61631],[-94.83218,16.61887]]]}},{"type":"Feature","properties":{"code":"20079","stateCode":"20","municipalityCode":"079","name":"Salina Cruz"},"geometry":{"type":"Polygon","coordinates":[[[-95.19173,16.26425],[-95.18167,16.24994],[-95.18065,16.24272],[-95.16704,16.24278],[-95.16521,16.24979],[-95.16176,16.24],[-95.17934,16.23077],[-95.17911,16.2189],[-95.1435,16.21746],[-95.13929,16.22009],[-95.13685,16.20631],[-95.13872,16.1887],[-95.15226,16.18544],[-95.15713,16.17939],[-95.15141,16.1678],[-95.16881,16.16448],[-95.18839,16.16842],[-95.1923,16.1674],[-95.19454,16.16098],[-95.19337,16.16863],[-95.19744,16.16885],[-95.19315,16.17041],[-95.19401,16.17277],[-95.2029,16.17061],[-95.20199,16.16724],[-95.19791,16.16866],[-95.20074,16.16623],[-95.19694,16.16073],[-95.19792,16.15031],[-95.20253,16.14565],[-95.1983,16.15047],[-95.19829,16.15991],[-95.20892,16.15988],[-95.20963,16.15448],[-95.21223,16.15937],[-95.21305,16.15209],[-95.2151,16.15691],[-95.2335,16.15676],[-95.24811,16.14694],[-95.24749,16.13334],[-95.27033,16.12866],[-95.28005,16.12113],[-95.28031,16.11561],[-95.28285,16.11699],[-95.28895,16.20646],[-95.27339,16.20568],[-95.19173,16.26425]]]}},{"type":"Feature","properties":{"code":"20207","stateCode":"20","municipalityCode":"207","name":"San Juan Mazatlán"},"geometry":{"type":"Polygon","coordinates":[[[-95.25976,17.34552],[-95.2367,17.34634],[-95.22788,17.35316],[-95.21827,17.34189],[-95.21836,17.33407],[-95.20339,17.31553],[-95.16845,17.32228],[-95.18892,17.34977],[-95.19275,17.35666],[-95.1902,17.35901],[-95.18979,17.35579],[-95.17915,17.35646],[-95.17821,17.35204],[-95.16876,17.35203],[-95.16836,17.35457],[-95.14423,17.35108],[-95.14362,17.35565],[-95.13535,17.35444],[-95.14163,17.31315],[-95.15334,17.31385],[-95.15382,17.31055],[-95.17139,17.31281],[-95.17098,17.31066],[-95.19247,17.31103],[-95.18946,17.29412],[-95.19493,17.28726],[-95.19501,17.27817],[-95.24802,17.27961],[-95.24823,17.30797],[-95.2441,17.308],[-95.2441,17.31173],[-95.2658,17.31169],[-95.26996,17.28145],[-95.26298,17.27652],[-95.26466,17.26503],[-95.27172,17.26958],[-95.2749,17.2452],[-95.26092,17.24722],[-95.26157,17.23851],[-95.23432,17.23659],[-95.23462,17.24077],[-95.22434,17.23984],[-95.22571,17.24446],[-95.20776,17.24394],[-95.20861,17.24869],[-95.19804,17.24757],[-95.19897,17.25241],[-95.19546,17.25229],[-95.19251,17.23352],[-95.21889,17.23542],[-95.20223,17.21182],[-95.20182,17.19834],[-95.20861,17.19887],[-95.20877,17.19455],[-95.21999,17.19554],[-95.21993,17.19159],[-95.27213,17.19087],[-95.28129,17.19246],[-95.28137,17.1969],[-95.26891,17.19722],[-95.26919,17.20796],[-95.30046,17.20744],[-95.29699,17.14887],[-95.28058,17.14959],[-95.28203,17.17366],[-95.24879,17.17519],[-95.24572,17.14401],[-95.20082,17.14346],[-95.20097,17.13898],[-95.17563,17.13919],[-95.16887,17.14885],[-95.15414,17.14889],[-95.15406,17.13918],[-95.1417,17.13944],[-95.14147,17.1196],[-95.15026,17.11934],[-95.15536,17.08734],[-95.15769,17.08769],[-95.1572,17.11158],[-95.16186,17.11164],[-95.16204,17.1053],[-95.21467,17.1078],[-95.21521,17.11775],[-95.22955,17.11872],[-95.22939,17.12711],[-95.2911,17.12238],[-95.29511,17.08842],[-95.28163,17.07951],[-95.23996,17.08157],[-95.25183,17.0574],[-95.25559,17.03362],[-95.26412,17.03562],[-95.25077,17.00656],[-95.23572,17.00427],[-95.22876,16.99642],[-95.24027,16.98749],[-95.24296,16.9809],[-95.2586,16.98514],[-95.26771,16.99189],[-95.27243,16.98878],[-95.28349,16.99108],[-95.28823,16.98607],[-95.29402,16.98359],[-95.30079,16.9855],[-95.30601,16.98106],[-95.31198,16.98317],[-95.31652,16.97735],[-95.31423,16.95607],[-95.31749,16.95612],[-95.31851,16.95974],[-95.32205,16.95847],[-95.32109,16.9511],[-95.32403,16.9491],[-95.33352,16.95565],[-95.34841,16.93552],[-95.34116,16.93033],[-95.33993,16.9249],[-95.34696,16.92719],[-95.35388,16.92381],[-95.35989,16.9283],[-95.36593,16.92175],[-95.37879,16.9285],[-95.38288,16.9411],[-95.40612,16.94836],[-95.40837,16.95504],[-95.41227,16.94902],[-95.43278,16.93766],[-95.44072,16.94809],[-95.44835,16.92497],[-95.49326,16.97385],[-95.49842,16.97195],[-95.4976,16.96789],[-95.50402,16.95998],[-95.51242,16.95946],[-95.53098,16.94933],[-95.53993,16.94817],[-95.55063,16.96577],[-95.55737,16.96363],[-95.55755,16.96684],[-95.56191,16.968],[-95.56663,16.96539],[-95.56324,16.98172],[-95.58221,16.98981],[-95.60144,16.97873],[-95.64832,16.98145],[-95.64903,16.9638],[-95.66874,16.95947],[-95.69069,16.98812],[-95.69653,17.00929],[-95.68321,17.05819],[-95.66889,17.04644],[-95.67149,17.05774],[-95.66488,17.06187],[-95.64748,17.10369],[-95.64229,17.12363],[-95.63701,17.13112],[-95.63299,17.15836],[-95.60148,17.16802],[-95.60163,17.21014],[-95.56131,17.22627],[-95.55773,17.23365],[-95.55899,17.25281],[-95.55672,17.25641],[-95.56562,17.25947],[-95.56958,17.27362],[-95.5625,17.28178],[-95.55494,17.28587],[-95.55231,17.28376],[-95.55032,17.29015],[-95.54639,17.2899],[-95.54089,17.2962],[-95.53231,17.29196],[-95.53519,17.28607],[-95.54223,17.28612],[-95.53972,17.28178],[-95.53608,17.28185],[-95.53603,17.27588],[-95.52781,17.27479],[-95.54148,17.23868],[-95.50087,17.26533],[-95.47949,17.26105],[-95.47022,17.26228],[-95.46487,17.26812],[-95.4616,17.26403],[-95.45337,17.26614],[-95.45004,17.26406],[-95.44822,17.26717],[-95.44261,17.26769],[-95.43895,17.25614],[-95.43563,17.26217],[-95.42336,17.26065],[-95.42145,17.26778],[-95.41494,17.27],[-95.41297,17.26386],[-95.40428,17.26162],[-95.40771,17.26795],[-95.40047,17.26887],[-95.39176,17.26548],[-95.38656,17.278],[-95.40669,17.30231],[-95.40437,17.30727],[-95.4105,17.31569],[-95.41129,17.3225],[-95.41041,17.33143],[-95.40614,17.3374],[-95.40967,17.35139],[-95.38971,17.35368],[-95.37668,17.34958],[-95.36768,17.35884],[-95.36337,17.35475],[-95.3522,17.35425],[-95.34127,17.36577],[-95.32985,17.37205],[-95.32958,17.36171],[-95.32054,17.36445],[-95.32355,17.35924],[-95.31834,17.35517],[-95.30478,17.36686],[-95.30141,17.36475],[-95.29828,17.35827],[-95.29969,17.34783],[-95.29499,17.34699],[-95.28482,17.35149],[-95.2834,17.36008],[-95.28593,17.3613],[-95.28322,17.36333],[-95.27164,17.36802],[-95.26734,17.36597],[-95.26725,17.36249],[-95.26066,17.37225],[-95.25976,17.34552]]]}},{"type":"Feature","properties":{"code":"20356","stateCode":"20","municipalityCode":"356","name":"Santa Ana del Valle"},"geometry":{"type":"Polygon","coordinates":[[[-96.46692,17.0514],[-96.44605,17.03767],[-96.44011,17.02786],[-96.44304,17.01692],[-96.44072,17.01418],[-96.45104,16.9848],[-96.48376,16.98231],[-96.49688,16.98705],[-96.46692,17.0514]]]}},{"type":"Feature","properties":{"code":"20340","stateCode":"20","municipalityCode":"340","name":"San Pedro y San Pablo Tequixtepec"},"geometry":{"type":"Polygon","coordinates":[[[-97.65362,18.1788],[-97.65318,18.17529],[-97.61644,18.15275],[-97.60856,18.15291],[-97.60439,18.13739],[-97.60815,18.13101],[-97.59745,18.12646],[-97.56962,18.10339],[-97.56809,18.09211],[-97.57398,18.08348],[-97.57718,18.08288],[-97.57972,18.08835],[-97.58391,18.08625],[-97.59887,18.09052],[-97.6033,18.07544],[-97.61156,18.06847],[-97.61661,18.05762],[-97.63234,18.05642],[-97.63494,18.04396],[-97.64865,18.04598],[-97.65265,18.04302],[-97.66416,18.04393],[-97.66855,18.06451],[-97.68525,18.06518],[-97.68152,18.04919],[-97.6865,18.02871],[-97.69883,18.02169],[-97.72993,18.03732],[-97.74264,18.0491],[-97.74338,18.05635],[-97.76435,18.06864],[-97.77167,18.06837],[-97.79854,18.0358],[-97.7993,18.04853],[-97.80312,18.04045],[-97.8138,18.03839],[-97.81252,18.02887],[-97.83699,18.03143],[-97.83478,18.0498],[-97.82566,18.05348],[-97.81067,18.06772],[-97.84946,18.08374],[-97.86055,18.10271],[-97.83979,18.10738],[-97.82662,18.10378],[-97.82154,18.09116],[-97.82851,18.08631],[-97.82511,18.08227],[-97.81463,18.08202],[-97.80902,18.07808],[-97.80727,18.07147],[-97.8013,18.0688],[-97.79638,18.07295],[-97.79406,18.06916],[-97.78362,18.07016],[-97.77924,18.07506],[-97.77309,18.07475],[-97.76941,18.08272],[-97.76904,18.09777],[-97.77771,18.10538],[-97.78862,18.12421],[-97.77741,18.13358],[-97.76578,18.13354],[-97.76671,18.12768],[-97.76137,18.12268],[-97.74941,18.12585],[-97.73695,18.12423],[-97.725,18.11111],[-97.70992,18.11807],[-97.70741,18.12425],[-97.68137,18.14448],[-97.68322,18.14821],[-97.67776,18.14804],[-97.66945,18.14354],[-97.66682,18.12998],[-97.67519,18.12243],[-97.67766,18.11555],[-97.68886,18.11034],[-97.68188,18.1019],[-97.68761,18.0931],[-97.68367,18.08066],[-97.67214,18.08397],[-97.66744,18.07998],[-97.66014,18.08397],[-97.65943,18.0899],[-97.6494,18.08057],[-97.64218,18.07824],[-97.65261,18.06943],[-97.64535,18.06349],[-97.63986,18.07487],[-97.62281,18.0666],[-97.61773,18.06977],[-97.61645,18.08105],[-97.62005,18.08813],[-97.61499,18.09264],[-97.62096,18.10368],[-97.62304,18.13714],[-97.62863,18.14426],[-97.64344,18.13904],[-97.66632,18.16113],[-97.65362,18.1788]]]}},{"type":"Feature","properties":{"code":"20218","stateCode":"20","municipalityCode":"218","name":"San Juan Teita"},"geometry":{"type":"Polygon","coordinates":[[[-97.44202,17.1256],[-97.41282,17.12092],[-97.39182,17.11389],[-97.40201,17.03328],[-97.41973,17.02367],[-97.44429,17.02726],[-97.45468,17.04094],[-97.45794,17.06142],[-97.456,17.06656],[-97.46057,17.07485],[-97.47233,17.07905],[-97.47746,17.0771],[-97.47133,17.09422],[-97.47546,17.10488],[-97.44739,17.11936],[-97.44202,17.1256]]]}},{"type":"Feature","properties":{"code":"20386","stateCode":"20","municipalityCode":"386","name":"Santa Cruz Zenzontepec"},"geometry":{"type":"Polygon","coordinates":[[[-97.45754,16.60187],[-97.44597,16.59535],[-97.43291,16.59263],[-97.4294,16.59347],[-97.42906,16.59695],[-97.412,16.59327],[-97.40467,16.59708],[-97.38989,16.5795],[-97.37888,16.55819],[-97.39882,16.54491],[-97.40499,16.53482],[-97.39997,16.52314],[-97.40297,16.51239],[-97.39029,16.50142],[-97.38618,16.49168],[-97.39293,16.47885],[-97.38741,16.45496],[-97.37875,16.4495],[-97.38179,16.44534],[-97.3791,16.44262],[-97.38333,16.42567],[-97.39606,16.39574],[-97.41429,16.38975],[-97.43168,16.37931],[-97.43624,16.3733],[-97.43191,16.3641],[-97.43336,16.35557],[-97.44044,16.35058],[-97.44502,16.339],[-97.46806,16.34926],[-97.48229,16.36202],[-97.55189,16.35946],[-97.58938,16.38443],[-97.59265,16.38239],[-97.59772,16.38697],[-97.60594,16.38785],[-97.61255,16.39777],[-97.60806,16.41188],[-97.61039,16.41297],[-97.59336,16.41893],[-97.60432,16.42645],[-97.61209,16.42327],[-97.61914,16.43299],[-97.61727,16.43887],[-97.61376,16.43965],[-97.60935,16.43556],[-97.60207,16.44594],[-97.59404,16.44783],[-97.58738,16.4596],[-97.57773,16.46226],[-97.57251,16.46772],[-97.56517,16.45909],[-97.5609,16.46815],[-97.55427,16.47214],[-97.55355,16.47792],[-97.54074,16.47978],[-97.53944,16.50401],[-97.56546,16.50297],[-97.56154,16.50835],[-97.54688,16.51595],[-97.56982,16.55623],[-97.56986,16.56867],[-97.57489,16.57325],[-97.54853,16.58321],[-97.54825,16.5796],[-97.54276,16.57861],[-97.49702,16.57951],[-97.49571,16.57469],[-97.48901,16.57993],[-97.46995,16.57843],[-97.46721,16.58026],[-97.4655,16.59268],[-97.45754,16.60187]]]}},{"type":"Feature","properties":{"code":"20179","stateCode":"20","municipalityCode":"179","name":"San Juan Bautista Jayacatlán"},"geometry":{"type":"Polygon","coordinates":[[[-96.82391,17.49096],[-96.78779,17.48745],[-96.77224,17.47563],[-96.75221,17.47508],[-96.74458,17.46955],[-96.76436,17.38206],[-96.81754,17.40547],[-96.82243,17.40028],[-96.82064,17.3936],[-96.84367,17.38307],[-96.87248,17.44706],[-96.85312,17.47697],[-96.8431,17.47691],[-96.83748,17.48216],[-96.82954,17.48122],[-96.82391,17.49096]]]}},{"type":"Feature","properties":{"code":"20524","stateCode":"20","municipalityCode":"524","name":"Santo Domingo Yodohino"},"geometry":{"type":"Polygon","coordinates":[[[-97.67765,17.65803],[-97.66044,17.64845],[-97.67182,17.63341],[-97.67186,17.61692],[-97.67549,17.61368],[-97.71597,17.60656],[-97.74347,17.6214],[-97.7271,17.64499],[-97.69078,17.67125],[-97.67765,17.65803]]]}},{"type":"Feature","properties":{"code":"20264","stateCode":"20","municipalityCode":"264","name":"San Miguel Chicahua"},"geometry":{"type":"Polygon","coordinates":[[[-97.17217,17.67712],[-97.16239,17.65101],[-97.16149,17.58878],[-97.17857,17.58731],[-97.20968,17.59691],[-97.24471,17.60218],[-97.24954,17.62715],[-97.2434,17.63388],[-97.17217,17.67712]]]}},{"type":"Feature","properties":{"code":"20333","stateCode":"20","municipalityCode":"333","name":"San Pedro Totolápam"},"geometry":{"type":"Polygon","coordinates":[[[-96.2641,16.72687],[-96.23023,16.70208],[-96.20014,16.72257],[-96.17998,16.73012],[-96.16502,16.73032],[-96.14046,16.73721],[-96.14197,16.73108],[-96.10997,16.69268],[-96.09958,16.67003],[-96.07925,16.64044],[-96.07511,16.63867],[-96.06685,16.64154],[-96.06372,16.63836],[-96.12643,16.58062],[-96.16926,16.56751],[-96.20188,16.622],[-96.27599,16.59643],[-96.31292,16.61712],[-96.329,16.62153],[-96.39697,16.67038],[-96.41523,16.67747],[-96.40388,16.69714],[-96.39483,16.6944],[-96.37736,16.69674],[-96.35076,16.70965],[-96.31344,16.74865],[-96.3076,16.74612],[-96.28402,16.74821],[-96.2641,16.72687]]]}},{"type":"Feature","properties":{"code":"20198","stateCode":"20","municipalityCode":"198","name":"San Juan Guichicovi"},"geometry":{"type":"MultiPolygon","coordinates":[[[[-94.9842,17.26541],[-94.98169,17.25958],[-94.98519,17.25012],[-94.95885,17.2454],[-94.95494,17.2406],[-94.95426,17.23281],[-94.95006,17.22866],[-94.94611,17.22922],[-94.94635,17.22316],[-94.93717,17.22023],[-94.93401,17.20819],[-94.95659,17.21496],[-94.97088,17.21112],[-94.97762,17.21554],[-94.98306,17.19918],[-94.98641,17.2008],[-94.98758,17.23025],[-94.99381,17.23018],[-94.98923,17.23711],[-94.99427,17.23998],[-94.99858,17.25241],[-94.9931,17.25703],[-94.99283,17.26382],[-94.9842,17.26541]]],[[[-95.15382,17.31055],[-95.15212,17.29582],[-95.14797,17.29557],[-95.14873,17.27386],[-95.14064,17.27275],[-95.1465,17.26791],[-95.14805,17.26211],[-95.15306,17.27064],[-95.1555,17.26996],[-95.15352,17.24389],[-95.16549,17.24135],[-95.16611,17.23172],[-95.15535,17.22138],[-95.15802,17.20714],[-95.15358,17.20528],[-95.15872,17.20212],[-95.15852,17.18947],[-95.13693,17.17834],[-95.13703,17.18292],[-95.12226,17.18717],[-95.12797,17.19091],[-95.12973,17.19728],[-95.11328,17.19322],[-95.10706,17.16672],[-95.09612,17.16331],[-95.08489,17.14884],[-95.07012,17.14471],[-95.072,17.13429],[-95.06848,17.12784],[-95.07144,17.12267],[-95.06835,17.11622],[-95.07536,17.0992],[-95.06763,17.09731],[-95.06464,17.08971],[-95.06064,17.08756],[-95.0565,17.08953],[-95.05512,17.09518],[-95.05042,17.09635],[-95.04998,17.10131],[-95.04441,17.10352],[-95.04432,17.10625],[-95.05461,17.1133],[-95.05219,17.11925],[-95.03641,17.117],[-95.02666,17.1005],[-95.02513,17.11689],[-95.01447,17.12055],[-94.99676,17.10697],[-94.99495,17.0934],[-94.99328,17.09374],[-94.99411,17.11312],[-94.9867,17.11963],[-94.97986,17.12004],[-94.97441,17.12859],[-94.97847,17.14355],[-94.97681,17.14757],[-94.96623,17.13945],[-94.95985,17.14257],[-94.95523,17.1378],[-94.95653,17.14128],[-94.95348,17.14364],[-94.95194,17.12552],[-94.94281,17.11916],[-94.94515,17.1151],[-94.94178,17.11291],[-94.95895,17.10355],[-94.95796,17.10044],[-94.96049,17.09941],[-94.96059,17.08313],[-94.96508,17.07051],[-94.95759,17.06825],[-94.97611,17.05563],[-94.9804,17.04816],[-94.97867,17.03364],[-94.97061,17.03746],[-94.96551,17.03405],[-94.95849,17.03708],[-94.9481,17.0293],[-94.94755,17.02389],[-94.94304,17.02338],[-94.94018,17.02824],[-94.93333,17.02292],[-94.94781,17.01141],[-94.94527,17.00981],[-94.9469,16.99759],[-94.96244,17.00316],[-94.96031,16.99611],[-94.96681,16.98953],[-94.96229,16.97643],[-94.96877,16.96948],[-94.96906,16.95947],[-94.9772,16.95226],[-94.99076,16.96012],[-95.00758,16.94623],[-95.01272,16.94726],[-95.01008,16.94409],[-95.01763,16.93825],[-95.01802,16.93425],[-95.03741,16.94493],[-95.04012,16.94034],[-95.03256,16.9326],[-95.03322,16.92449],[-95.0555,16.91708],[-95.05373,16.90985],[-95.056,16.90628],[-95.05939,16.90988],[-95.06352,16.90533],[-95.07254,16.90715],[-95.08354,16.89766],[-95.08508,16.90132],[-95.09152,16.89713],[-95.09823,16.89729],[-95.09869,16.90219],[-95.10543,16.90465],[-95.11382,16.90328],[-95.12498,16.90702],[-95.16608,16.92714],[-95.15416,16.92485],[-95.15353,16.92696],[-95.16371,16.93656],[-95.16999,16.92763],[-95.21772,16.93352],[-95.24131,16.98571],[-95.22876,16.99642],[-95.23572,17.00427],[-95.25077,17.00656],[-95.26412,17.03562],[-95.25559,17.03362],[-95.25183,17.0574],[-95.23996,17.08157],[-95.28163,17.07951],[-95.29511,17.08842],[-95.2911,17.12238],[-95.23525,17.12724],[-95.22939,17.12711],[-95.22955,17.11872],[-95.21521,17.11775],[-95.21467,17.1078],[-95.16204,17.1053],[-95.16186,17.11164],[-95.1572,17.11158],[-95.15769,17.08769],[-95.15536,17.08734],[-95.15026,17.11934],[-95.14147,17.1196],[-95.1417,17.13944],[-95.15406,17.13918],[-95.15414,17.14889],[-95.16887,17.14885],[-95.17563,17.13919],[-95.20097,17.13898],[-95.20082,17.14346],[-95.24572,17.14401],[-95.24836,17.17032],[-95.23268,17.17712],[-95.23251,17.18007],[-95.22306,17.1799],[-95.21029,17.18627],[-95.18646,17.19185],[-95.18204,17.18647],[-95.18366,17.20454],[-95.17312,17.20372],[-95.17543,17.2228],[-95.16801,17.22234],[-95.17112,17.23205],[-95.17601,17.23237],[-95.17774,17.24138],[-95.17579,17.28299],[-95.17429,17.28722],[-95.1589,17.28767],[-95.15954,17.30415],[-95.17128,17.30385],[-95.17139,17.31281],[-95.15382,17.31055]]]]}},{"type":"Feature","properties":{"code":"20365","stateCode":"20","municipalityCode":"365","name":"Santa Catarina Lachatao"},"geometry":{"type":"Polygon","coordinates":[[[-96.47883,17.26879],[-96.47174,17.27178],[-96.46772,17.2658],[-96.47067,17.26232],[-96.46995,17.25597],[-96.47583,17.25302],[-96.47841,17.24602],[-96.48318,17.24516],[-96.48345,17.23993],[-96.47464,17.23167],[-96.47003,17.21853],[-96.47389,17.20825],[-96.46638,17.19682],[-96.47034,17.1877],[-96.47023,17.17104],[-96.45881,17.15415],[-96.46108,17.14742],[-96.47278,17.1393],[-96.46936,17.13375],[-96.4717,17.11909],[-96.4658,17.10903],[-96.46716,17.10697],[-96.47383,17.11179],[-96.49069,17.11323],[-96.50666,17.10267],[-96.53118,17.12038],[-96.53801,17.13147],[-96.52204,17.17531],[-96.5234,17.18926],[-96.53143,17.20739],[-96.5324,17.21723],[-96.54049,17.22947],[-96.50904,17.24181],[-96.49799,17.25244],[-96.49422,17.26949],[-96.49126,17.27153],[-96.48412,17.26892],[-96.48239,17.27302],[-96.47883,17.26879]]]}},{"type":"Feature","properties":{"code":"20002","stateCode":"20","municipalityCode":"002","name":"Acatlán de Pérez Figueroa"},"geometry":{"type":"Polygon","coordinates":[[[-96.58156,18.60198],[-96.56095,18.5877],[-96.54132,18.58825],[-96.5373,18.58395],[-96.52547,18.58777],[-96.51751,18.58157],[-96.51045,18.58428],[-96.50876,18.58946],[-96.50177,18.58733],[-96.49975,18.5895],[-96.48874,18.58125],[-96.47735,18.57994],[-96.47327,18.57331],[-96.46898,18.57383],[-96.46724,18.57084],[-96.46441,18.57392],[-96.45731,18.57044],[-96.45111,18.55713],[-96.45503,18.54929],[-96.4471,18.53668],[-96.43751,18.53177],[-96.43804,18.52875],[-96.42076,18.51046],[-96.42348,18.5018],[-96.41656,18.49927],[-96.4147,18.48289],[-96.41119,18.47692],[-96.41818,18.47606],[-96.41802,18.47048],[-96.4124,18.46476],[-96.4046,18.46778],[-96.40135,18.45984],[-96.4036,18.44635],[-96.4001,18.44417],[-96.40298,18.43992],[-96.39331,18.43706],[-96.38934,18.44048],[-96.39175,18.43674],[-96.38826,18.43477],[-96.38925,18.42838],[-96.38522,18.42933],[-96.38384,18.42411],[-96.3762,18.42465],[-96.37416,18.4174],[-96.36779,18.41737],[-96.36876,18.41453],[-96.36107,18.40969],[-96.36173,18.40708],[-96.35634,18.41168],[-96.35259,18.41025],[-96.34987,18.40151],[-96.34455,18.39851],[-96.34841,18.39463],[-96.34593,18.38996],[-96.34901,18.38865],[-96.34732,18.38228],[-96.33947,18.37565],[-96.33495,18.37983],[-96.33098,18.37917],[-96.33511,18.37259],[-96.32136,18.3679],[-96.31733,18.36454],[-96.32066,18.3603],[-96.31857,18.35926],[-96.37206,18.3466],[-96.3817,18.35584],[-96.38242,18.36458],[-96.38598,18.36528],[-96.38712,18.37447],[-96.39081,18.37569],[-96.39286,18.38249],[-96.39872,18.38318],[-96.40491,18.37812],[-96.40825,18.38219],[-96.41103,18.38121],[-96.41245,18.38708],[-96.41674,18.38986],[-96.41646,18.39461],[-96.42573,18.40085],[-96.42822,18.39773],[-96.43695,18.39791],[-96.4423,18.39153],[-96.41675,18.36956],[-96.42263,18.36346],[-96.46637,18.39795],[-96.47421,18.38817],[-96.42086,18.32196],[-96.43668,18.31463],[-96.43988,18.31736],[-96.44085,18.313],[-96.43844,18.31222],[-96.44686,18.30038],[-96.47599,18.33313],[-96.51161,18.3577],[-96.4991,18.36541],[-96.51178,18.37557],[-96.53792,18.385],[-96.54395,18.37792],[-96.53283,18.37084],[-96.54438,18.3686],[-96.55106,18.36209],[-96.54569,18.35905],[-96.54602,18.35065],[-96.54878,18.33735],[-96.55313,18.33322],[-96.55325,18.32158],[-96.55896,18.3209],[-96.56039,18.31688],[-96.56067,18.32189],[-96.56461,18.32508],[-96.56918,18.32504],[-96.57751,18.31781],[-96.5808,18.32263],[-96.60176,18.3311],[-96.60784,18.33698],[-96.60449,18.34102],[-96.61072,18.34344],[-96.61537,18.33966],[-96.61752,18.34333],[-96.62948,18.34697],[-96.63103,18.34894],[-96.62453,18.3479],[-96.61796,18.34495],[-96.61602,18.34164],[-96.61508,18.34402],[-96.63113,18.35332],[-96.6612,18.35832],[-96.66856,18.35088],[-96.67316,18.35685],[-96.68165,18.34732],[-96.70165,18.35264],[-96.70238,18.3619],[-96.6926,18.36624],[-96.69183,18.38085],[-96.68162,18.37558],[-96.67456,18.3814],[-96.67625,18.38565],[-96.67953,18.38293],[-96.67978,18.38686],[-96.68144,18.38566],[-96.68104,18.4122],[-96.70908,18.4257],[-96.70962,18.43034],[-96.705,18.43201],[-96.70904,18.43242],[-96.70871,18.43589],[-96.70527,18.43545],[-96.70765,18.44264],[-96.70501,18.44826],[-96.70721,18.44893],[-96.7026,18.4544],[-96.705,18.45701],[-96.69288,18.45755],[-96.69275,18.46236],[-96.68819,18.46274],[-96.69079,18.46741],[-96.68254,18.47506],[-96.68309,18.4819],[-96.68368,18.48476],[-96.6863,18.48359],[-96.68425,18.48691],[-96.6876,18.48662],[-96.68566,18.48961],[-96.69108,18.48983],[-96.68235,18.50097],[-96.67543,18.50373],[-96.67325,18.49538],[-96.67018,18.49794],[-96.66958,18.49486],[-96.66182,18.49125],[-96.65363,18.49957],[-96.65161,18.50943],[-96.66505,18.50678],[-96.67159,18.51538],[-96.6569,18.53434],[-96.64779,18.52686],[-96.64175,18.53109],[-96.64281,18.54172],[-96.65484,18.55717],[-96.65668,18.56687],[-96.6405,18.57747],[-96.63806,18.57005],[-96.59415,18.58924],[-96.58156,18.60198]]]}},{"type":"Feature","properties":{"code":"20006","stateCode":"20","municipalityCode":"006","name":"Asunción Nochixtlán"},"geometry":{"type":"MultiPolygon","coordinates":[[[[-97.25339,17.23092],[-97.2596,17.21004],[-97.23778,17.20553],[-97.23635,17.19252],[-97.23204,17.18951],[-97.23431,17.18609],[-97.23058,17.18375],[-97.23768,17.18022],[-97.24205,17.17355],[-97.26765,17.18814],[-97.27885,17.18752],[-97.28686,17.20268],[-97.28344,17.20755],[-97.2874,17.21917],[-97.2792,17.23036],[-97.28207,17.23046],[-97.25339,17.23092]]],[[[-97.19842,17.59158],[-97.17857,17.58731],[-97.16149,17.58878],[-97.13955,17.56146],[-97.13129,17.57911],[-97.09725,17.5737],[-97.06862,17.58248],[-97.08811,17.52471],[-97.10954,17.52459],[-97.13339,17.55191],[-97.13667,17.54631],[-97.14924,17.55078],[-97.16696,17.53837],[-97.1695,17.53997],[-97.18177,17.51361],[-97.18302,17.50802],[-97.17772,17.50645],[-97.17043,17.47868],[-97.15347,17.48194],[-97.14681,17.48068],[-97.143,17.47273],[-97.13022,17.47211],[-97.11198,17.45346],[-97.10365,17.43506],[-97.07981,17.4321],[-97.06859,17.42692],[-97.06026,17.42806],[-97.05578,17.42385],[-97.04906,17.43368],[-97.02211,17.45282],[-97.02914,17.46628],[-97.03376,17.46738],[-97.03076,17.47617],[-97.03227,17.48097],[-97.019,17.48018],[-97.00532,17.48391],[-97.00248,17.4758],[-96.99875,17.44396],[-97.021,17.44937],[-97.01872,17.44578],[-97.02101,17.44125],[-97.0438,17.42006],[-97.07643,17.41781],[-97.09064,17.41977],[-97.10544,17.43183],[-97.14431,17.4014],[-97.12707,17.38908],[-97.09026,17.37602],[-97.08301,17.3769],[-97.08579,17.36197],[-97.09442,17.35137],[-97.09214,17.34572],[-97.10074,17.32975],[-97.10524,17.32733],[-97.10571,17.31311],[-97.13165,17.32547],[-97.15604,17.33053],[-97.16089,17.3777],[-97.1679,17.37612],[-97.16951,17.38326],[-97.19217,17.37332],[-97.19928,17.37564],[-97.2119,17.41935],[-97.22529,17.42016],[-97.2303,17.42447],[-97.2286,17.4277],[-97.23628,17.43088],[-97.23398,17.42655],[-97.25681,17.4491],[-97.26019,17.49894],[-97.24992,17.50781],[-97.25602,17.51098],[-97.25569,17.5291],[-97.23245,17.54464],[-97.19977,17.57884],[-97.19842,17.59158]]]]}},{"type":"Feature","properties":{"code":"20008","stateCode":"20","municipalityCode":"008","name":"Asunción Tlacolulita"},"geometry":{"type":"Polygon","coordinates":[[[-95.69533,16.33627],[-95.71635,16.28086],[-95.73711,16.28611],[-95.74464,16.28097],[-95.75574,16.28103],[-95.76817,16.26984],[-95.78404,16.26721],[-95.78082,16.26372],[-95.7855,16.26071],[-95.77112,16.25332],[-95.76334,16.25471],[-95.76255,16.24991],[-95.76994,16.24537],[-95.75607,16.23244],[-95.75047,16.23375],[-95.74464,16.23058],[-95.7431,16.21297],[-95.73823,16.20617],[-95.7307,16.20332],[-95.73181,16.19748],[-95.73738,16.19907],[-95.734,16.19326],[-95.73504,16.18782],[-95.7538,16.19494],[-95.75819,16.1932],[-95.74797,16.17731],[-95.75264,16.1638],[-95.7456,16.1557],[-95.72984,16.11701],[-95.72352,16.11183],[-95.73013,16.0997],[-95.73512,16.07836],[-95.76433,16.08202],[-95.80516,16.1494],[-95.80584,16.17558],[-95.80181,16.18234],[-95.79164,16.18728],[-95.79405,16.1955],[-95.78706,16.2088],[-95.78782,16.21169],[-95.79207,16.21089],[-95.79295,16.21592],[-95.79706,16.20944],[-95.80205,16.21295],[-95.80827,16.21229],[-95.81213,16.25087],[-95.80459,16.27248],[-95.7954,16.27957],[-95.82821,16.31448],[-95.76272,16.34244],[-95.69533,16.33627]]]}},{"type":"Feature","properties":{"code":"20009","stateCode":"20","municipalityCode":"009","name":"Ayotzintepec"},"geometry":{"type":"Polygon","coordinates":[[[-96.11439,17.80209],[-96.09523,17.78117],[-96.08963,17.76361],[-96.09056,17.75681],[-96.0963,17.75055],[-96.08822,17.7424],[-96.09101,17.73127],[-96.10788,17.73109],[-96.11626,17.72499],[-96.11523,17.71529],[-96.10241,17.70328],[-96.10932,17.67116],[-96.13601,17.66143],[-96.16536,17.66454],[-96.23607,17.65004],[-96.23822,17.65245],[-96.25032,17.65034],[-96.25243,17.65638],[-96.25962,17.65426],[-96.27865,17.65856],[-96.2867,17.65732],[-96.29163,17.6603],[-96.28664,17.67412],[-96.29399,17.67419],[-96.29215,17.68528],[-96.28661,17.68704],[-96.28557,17.69358],[-96.27764,17.69784],[-96.27313,17.70878],[-96.26756,17.71105],[-96.26664,17.70078],[-96.25367,17.69115],[-96.24898,17.69523],[-96.22974,17.68505],[-96.22876,17.68842],[-96.21909,17.68676],[-96.21704,17.681],[-96.20973,17.68561],[-96.18889,17.68385],[-96.18148,17.68632],[-96.16854,17.72406],[-96.17918,17.73882],[-96.16537,17.75301],[-96.16731,17.76153],[-96.16222,17.76664],[-96.17069,17.77542],[-96.16687,17.79456],[-96.11439,17.80209]]]}},{"type":"Feature","properties":{"code":"20010","stateCode":"20","municipalityCode":"010","name":"El Barrio de la Soledad"},"geometry":{"type":"Polygon","coordinates":[[[-94.89984,16.89818],[-94.88789,16.89054],[-94.89199,16.8839],[-94.88928,16.87966],[-94.89559,16.88194],[-94.89507,16.8786],[-94.90126,16.87322],[-94.89569,16.86511],[-94.90173,16.85952],[-94.90256,16.85006],[-94.89535,16.84756],[-94.89506,16.84393],[-94.88605,16.83564],[-94.89538,16.82755],[-94.92257,16.85475],[-95.01859,16.77368],[-94.99824,16.75251],[-95.0137,16.72596],[-95.02191,16.71903],[-95.04404,16.70744],[-95.04378,16.70514],[-95.08969,16.70999],[-95.12262,16.71745],[-95.14518,16.7093],[-95.16218,16.7112],[-95.14546,16.75825],[-95.15093,16.76289],[-95.15969,16.76028],[-95.16787,16.76618],[-95.16796,16.77227],[-95.17487,16.77374],[-95.163,16.77674],[-95.15385,16.77527],[-95.15086,16.78099],[-95.13543,16.79238],[-95.13207,16.80845],[-95.12334,16.80164],[-95.11488,16.8067],[-95.1132,16.81172],[-95.09636,16.82041],[-95.09264,16.81772],[-95.096,16.81112],[-95.0795,16.81576],[-95.06222,16.81458],[-95.04441,16.84416],[-95.03859,16.84869],[-95.02874,16.85027],[-95.02565,16.85711],[-95.01723,16.84805],[-94.9948,16.84994],[-94.98526,16.86112],[-94.98251,16.85744],[-94.97136,16.85996],[-94.9722,16.87032],[-94.95765,16.8675],[-94.94786,16.87695],[-94.93249,16.87733],[-94.93723,16.88962],[-94.92292,16.88661],[-94.91772,16.87876],[-94.89984,16.89818]]]}},{"type":"Feature","properties":{"code":"20414","stateCode":"20","municipalityCode":"414","name":"Santa María Huazolotitlán"},"geometry":{"type":"Polygon","coordinates":[[[-97.92083,16.31609],[-97.90413,16.31323],[-97.89044,16.3013],[-97.8611,16.29596],[-97.84964,16.26614],[-97.87804,16.1934],[-97.88389,16.15285],[-97.90685,16.06253],[-97.9597,16.09924],[-97.98966,16.11517],[-97.99482,16.12475],[-97.9949,16.1296],[-97.98356,16.13432],[-97.98414,16.14408],[-97.97247,16.15647],[-97.96502,16.17993],[-97.97155,16.19415],[-97.96357,16.20523],[-97.96185,16.22088],[-97.96661,16.2339],[-97.97005,16.23347],[-97.9748,16.239],[-97.96748,16.24889],[-97.99175,16.27366],[-98.00464,16.27678],[-98.00761,16.28214],[-98.00465,16.2894],[-97.9948,16.29398],[-98.00291,16.29909],[-97.9984,16.31305],[-97.98871,16.31791],[-97.98836,16.3143],[-97.97388,16.29963],[-97.95116,16.31366],[-97.92083,16.31609]]]}},{"type":"Feature","properties":{"code":"20291","stateCode":"20","municipalityCode":"291","name":"San Pablo Coatlán"},"geometry":{"type":"Polygon","coordinates":[[[-96.83401,16.28616],[-96.82802,16.27958],[-96.82394,16.27959],[-96.82414,16.27509],[-96.81922,16.27563],[-96.8218,16.26996],[-96.80952,16.26714],[-96.81022,16.26089],[-96.8054,16.2626],[-96.80597,16.25796],[-96.79804,16.25518],[-96.80006,16.25034],[-96.79701,16.24801],[-96.78652,16.25299],[-96.77609,16.25175],[-96.76935,16.24733],[-96.76144,16.23659],[-96.76095,16.22834],[-96.73871,16.23555],[-96.73196,16.24266],[-96.71368,16.2415],[-96.69542,16.25258],[-96.71427,16.21111],[-96.7277,16.19082],[-96.72839,16.16702],[-96.73364,16.14045],[-96.78163,16.12207],[-96.79019,16.11193],[-96.79159,16.1087],[-96.78915,16.10683],[-96.7922,16.10231],[-96.79636,16.10293],[-96.80053,16.09871],[-96.80236,16.10201],[-96.81102,16.09968],[-96.81575,16.10388],[-96.8162,16.09858],[-96.81914,16.09768],[-96.82099,16.10118],[-96.825,16.09426],[-96.82839,16.09655],[-96.83226,16.09436],[-96.83045,16.08513],[-96.83676,16.07546],[-96.82897,16.06571],[-96.82881,16.05934],[-96.81553,16.05549],[-96.82195,16.05097],[-96.82641,16.03972],[-96.83211,16.03752],[-96.83518,16.02633],[-96.84211,16.02675],[-96.84527,16.02206],[-96.85413,16.03186],[-96.87492,16.03049],[-96.86937,16.03914],[-96.85865,16.03955],[-96.85744,16.04527],[-96.86491,16.06183],[-96.86015,16.07556],[-96.8675,16.07578],[-96.88188,16.08287],[-96.87673,16.08699],[-96.86613,16.08875],[-96.85678,16.10177],[-96.85208,16.09239],[-96.83382,16.0896],[-96.81721,16.17059],[-96.81168,16.17597],[-96.81625,16.18588],[-96.80781,16.21316],[-96.85043,16.24608],[-96.83683,16.26637],[-96.83401,16.28616]]]}},{"type":"Feature","properties":{"code":"20298","stateCode":"20","municipalityCode":"298","name":"San Pablo Villa de Mitla"},"geometry":{"type":"Polygon","coordinates":[[[-96.24201,17.07708],[-96.23363,17.06439],[-96.22802,17.03732],[-96.21065,17.01176],[-96.20775,17.01218],[-96.20384,17.00699],[-96.20087,16.99452],[-96.19351,16.98801],[-96.1861,16.97092],[-96.1706,16.96341],[-96.17123,16.9593],[-96.15714,16.94034],[-96.15671,16.93628],[-96.16595,16.92441],[-96.18151,16.92137],[-96.20323,16.92526],[-96.20565,16.92883],[-96.20442,16.93824],[-96.20995,16.94098],[-96.20775,16.9437],[-96.23585,16.95809],[-96.24297,16.96907],[-96.25467,16.95713],[-96.28285,16.94457],[-96.28434,16.94913],[-96.2896,16.9503],[-96.3147,16.87528],[-96.31087,16.87281],[-96.32497,16.85832],[-96.33324,16.87478],[-96.35374,16.88629],[-96.3938,16.90088],[-96.41522,16.91854],[-96.41639,16.92388],[-96.41384,16.92281],[-96.41089,16.932],[-96.41323,16.93135],[-96.42308,16.94557],[-96.40894,16.95198],[-96.36596,16.99517],[-96.32456,16.98524],[-96.33282,17.03225],[-96.31835,17.02933],[-96.30708,17.03133],[-96.30231,17.04007],[-96.29643,17.04348],[-96.29655,17.0506],[-96.29295,17.05611],[-96.26189,17.06764],[-96.25224,17.07445],[-96.24201,17.07708]]]}},{"type":"Feature","properties":{"code":"20385","stateCode":"20","municipalityCode":"385","name":"Santa Cruz Xoxocotlán"},"geometry":{"type":"Polygon","coordinates":[[[-96.76465,17.05422],[-96.76375,17.04508],[-96.74879,17.04483],[-96.74767,17.04849],[-96.72318,17.04637],[-96.71501,17.03502],[-96.71811,17.03527],[-96.71899,17.0316],[-96.71287,17.0293],[-96.71616,17.02313],[-96.71306,17.01778],[-96.71867,17.00834],[-96.71696,17.00153],[-96.72516,16.98331],[-96.72854,16.96594],[-96.74716,16.972],[-96.73983,16.99672],[-96.76283,16.99745],[-96.76141,17.00786],[-96.75903,17.00753],[-96.75604,17.01519],[-96.76814,17.0175],[-96.77698,17.01562],[-96.77357,17.01978],[-96.77578,17.01748],[-96.78145,17.01895],[-96.79759,17.02772],[-96.78972,17.03],[-96.78843,17.03337],[-96.79439,17.03387],[-96.80697,17.04416],[-96.78312,17.0411],[-96.77978,17.0346],[-96.76983,17.0417],[-96.7729,17.04801],[-96.76503,17.04965],[-96.76465,17.05422]]]}},{"type":"Feature","properties":{"code":"20023","stateCode":"20","municipalityCode":"023","name":"Cuilápam de Guerrero"},"geometry":{"type":"Polygon","coordinates":[[[-96.83148,17.0498],[-96.82418,17.0418],[-96.81161,17.04107],[-96.80697,17.04416],[-96.79439,17.03387],[-96.78843,17.03337],[-96.78972,17.03],[-96.79759,17.02772],[-96.78145,17.01895],[-96.77578,17.01748],[-96.77357,17.01978],[-96.77698,17.01562],[-96.76814,17.0175],[-96.75604,17.01519],[-96.75903,17.00753],[-96.76141,17.00786],[-96.76283,16.99747],[-96.76669,16.99744],[-96.76277,16.99424],[-96.77253,16.9838],[-96.76263,16.97933],[-96.76437,16.9711],[-96.76075,16.97093],[-96.76116,16.96703],[-96.76527,16.95717],[-96.77693,16.95497],[-96.77932,16.9644],[-96.788,16.96594],[-96.78826,16.96921],[-96.79676,16.96618],[-96.79788,16.97495],[-96.81072,16.97631],[-96.81221,17.0031],[-96.82102,17.01247],[-96.8241,17.02108],[-96.84014,17.00854],[-96.85065,17.02021],[-96.86093,17.02476],[-96.85467,17.02718],[-96.86148,17.02906],[-96.83148,17.0498]]]}},{"type":"Feature","properties":{"code":"20306","stateCode":"20","municipalityCode":"306","name":"San Pedro el Alto"},"geometry":{"type":"Polygon","coordinates":[[[-96.4894,16.07966],[-96.47942,16.07064],[-96.48157,16.06367],[-96.47183,16.0507],[-96.46643,16.04565],[-96.45077,16.04269],[-96.44377,16.0301],[-96.43286,16.03846],[-96.41675,16.03182],[-96.42226,16.0257],[-96.42055,16.02226],[-96.42475,16.02368],[-96.4244,16.01848],[-96.42982,16.02011],[-96.42712,16.01572],[-96.42992,16.01003],[-96.43492,16.00876],[-96.43571,15.9987],[-96.43821,15.99803],[-96.43083,15.99151],[-96.4298,15.98194],[-96.42389,15.98201],[-96.42312,15.96643],[-96.43331,15.96978],[-96.44009,15.96669],[-96.44448,15.96966],[-96.44672,15.96603],[-96.45098,15.96902],[-96.46214,15.96829],[-96.46469,15.97517],[-96.46485,15.97201],[-96.47046,15.97013],[-96.46788,15.97553],[-96.47138,15.97709],[-96.47327,15.98671],[-96.47947,15.98708],[-96.48004,15.98303],[-96.48759,15.99026],[-96.49533,15.98824],[-96.49371,15.99157],[-96.49653,15.9957],[-96.50059,15.99439],[-96.50036,15.99756],[-96.50464,15.99922],[-96.50627,15.99733],[-96.50717,16.00209],[-96.5114,15.99798],[-96.51141,16.00359],[-96.51941,16.00111],[-96.52112,16.00409],[-96.51777,16.00774],[-96.52224,16.0073],[-96.52698,16.01384],[-96.52028,16.01643],[-96.52457,16.02177],[-96.52433,16.02573],[-96.51906,16.0244],[-96.51987,16.03584],[-96.51255,16.0467],[-96.50619,16.04714],[-96.5026,16.05216],[-96.50491,16.06012],[-96.50297,16.06324],[-96.50041,16.05795],[-96.49134,16.06592],[-96.49015,16.07352],[-96.49473,16.07787],[-96.4894,16.07966]]]}},{"type":"Feature","properties":{"code":"20310","stateCode":"20","municipalityCode":"310","name":"San Pedro Ixtlahuaca"},"geometry":{"type":"Polygon","coordinates":[[[-96.8011,17.08185],[-96.79859,17.06531],[-96.78966,17.06661],[-96.78298,17.05055],[-96.76983,17.0417],[-96.77638,17.03512],[-96.77978,17.0346],[-96.78312,17.0411],[-96.80697,17.04416],[-96.81161,17.04107],[-96.82418,17.0418],[-96.8321,17.0501],[-96.86148,17.02906],[-96.8723,17.02597],[-96.87016,17.05098],[-96.83214,17.06022],[-96.82391,17.06942],[-96.81351,17.07055],[-96.81079,17.07662],[-96.8011,17.08185]]]}},{"type":"Feature","properties":{"code":"20309","stateCode":"20","municipalityCode":"309","name":"San Pedro Ixcatlán"},"geometry":{"type":"Polygon","coordinates":[[[-96.55352,18.22243],[-96.54999,18.21649],[-96.55384,18.20555],[-96.55062,18.20009],[-96.53968,18.19097],[-96.53267,18.19031],[-96.52026,18.17844],[-96.5173,18.17845],[-96.51695,18.18391],[-96.51364,18.17954],[-96.51155,18.1809],[-96.51043,18.16809],[-96.50174,18.16486],[-96.49188,18.14829],[-96.48829,18.13641],[-96.4958,18.12431],[-96.48638,18.12411],[-96.48711,18.12782],[-96.48519,18.12794],[-96.48467,18.12407],[-96.46919,18.12374],[-96.47419,18.11281],[-96.48946,18.11617],[-96.55359,18.11671],[-96.56636,18.10957],[-96.58351,18.10872],[-96.58802,18.11647],[-96.59536,18.11765],[-96.5958,18.12591],[-96.57941,18.14021],[-96.59754,18.16417],[-96.58209,18.16758],[-96.59685,18.18043],[-96.62514,18.19255],[-96.62074,18.19352],[-96.62376,18.20396],[-96.6163,18.2024],[-96.61209,18.21168],[-96.60144,18.20499],[-96.59247,18.20545],[-96.58166,18.20942],[-96.58587,18.21508],[-96.58064,18.22004],[-96.57667,18.21628],[-96.57196,18.21872],[-96.56415,18.21655],[-96.55869,18.22032],[-96.55649,18.21577],[-96.55845,18.22227],[-96.55352,18.22243]]]}},{"type":"Feature","properties":{"code":"20324","stateCode":"20","municipalityCode":"324","name":"San Pedro Pochutla"},"geometry":{"type":"Polygon","coordinates":[[[-96.324,15.91758],[-96.3162,15.91386],[-96.28972,15.91365],[-96.28279,15.90632],[-96.27489,15.91006],[-96.27384,15.91772],[-96.26309,15.91871],[-96.26233,15.9135],[-96.26536,15.91186],[-96.2706,15.89178],[-96.26051,15.86806],[-96.26084,15.86411],[-96.27021,15.86308],[-96.31056,15.86582],[-96.31839,15.86363],[-96.33577,15.86537],[-96.34758,15.86177],[-96.36177,15.87527],[-96.372,15.86867],[-96.36769,15.86722],[-96.36986,15.86283],[-96.36563,15.86215],[-96.36341,15.85075],[-96.36129,15.85202],[-96.35879,15.8483],[-96.35983,15.84296],[-96.34569,15.82077],[-96.34919,15.81684],[-96.34742,15.8131],[-96.33686,15.80416],[-96.32936,15.73978],[-96.32855,15.69923],[-96.33307,15.68766],[-96.34493,15.68485],[-96.35159,15.69017],[-96.3647,15.68184],[-96.37532,15.68842],[-96.38729,15.68748],[-96.42283,15.69583],[-96.43047,15.69204],[-96.43343,15.69515],[-96.44049,15.69159],[-96.44244,15.68593],[-96.44518,15.68789],[-96.45304,15.68116],[-96.46459,15.68323],[-96.46702,15.67531],[-96.4774,15.67397],[-96.48162,15.66332],[-96.48528,15.66481],[-96.49084,15.66197],[-96.49153,15.66593],[-96.49512,15.66558],[-96.49487,15.65802],[-96.52498,15.66213],[-96.50554,15.69581],[-96.50624,15.75508],[-96.52039,15.7787],[-96.53123,15.81024],[-96.50434,15.81985],[-96.48939,15.83994],[-96.48812,15.84631],[-96.49042,15.84804],[-96.48322,15.85994],[-96.49018,15.88105],[-96.48948,15.88698],[-96.47125,15.88551],[-96.47928,15.89389],[-96.4709,15.89777],[-96.4689,15.89317],[-96.45945,15.89255],[-96.46078,15.88988],[-96.45738,15.88727],[-96.44191,15.88243],[-96.43771,15.88416],[-96.43335,15.87681],[-96.43227,15.8821],[-96.42611,15.88147],[-96.41009,15.87241],[-96.40592,15.87284],[-96.4004,15.88623],[-96.39212,15.89056],[-96.39109,15.88302],[-96.37531,15.86921],[-96.37096,15.87605],[-96.37347,15.87876],[-96.37243,15.88565],[-96.36103,15.88661],[-96.35726,15.89944],[-96.35213,15.90375],[-96.33876,15.9094],[-96.33273,15.90892],[-96.33495,15.9141],[-96.33309,15.91882],[-96.32578,15.92268],[-96.324,15.91758]]]}},{"type":"Feature","properties":{"code":"20337","stateCode":"20","municipalityCode":"337","name":"San Pedro y San Pablo Ayutla"},"geometry":{"type":"Polygon","coordinates":[[[-96.17428,17.12637],[-96.15994,17.12303],[-96.15828,17.11837],[-96.15884,17.11192],[-96.16425,17.10959],[-96.16931,17.10015],[-96.15832,17.08521],[-96.14918,17.08231],[-96.13337,17.0843],[-96.12883,17.07888],[-96.12918,17.07311],[-96.1208,17.06509],[-96.12178,17.05786],[-96.11758,17.05241],[-96.09369,17.05661],[-96.08269,17.05175],[-96.08016,17.04316],[-96.04632,17.02619],[-96.05716,17.00128],[-96.04386,16.99133],[-96.05468,16.98575],[-96.07476,16.9867],[-96.07144,16.9734],[-96.08006,16.96759],[-96.08264,16.95018],[-96.09508,16.94891],[-96.1088,16.95346],[-96.10398,16.96875],[-96.10549,16.97201],[-96.11052,16.97213],[-96.10408,16.98286],[-96.10682,16.98397],[-96.11734,16.98568],[-96.12798,16.98236],[-96.1317,16.97451],[-96.15129,16.95957],[-96.16381,16.96241],[-96.16981,16.9597],[-96.17553,16.96736],[-96.1861,16.97092],[-96.19351,16.98801],[-96.20087,16.99452],[-96.20795,17.01343],[-96.20903,17.03118],[-96.20647,17.04008],[-96.20083,17.04398],[-96.19783,17.052],[-96.19362,17.05186],[-96.17736,17.06429],[-96.18295,17.10279],[-96.1801,17.10938],[-96.1886,17.11576],[-96.17428,17.12637]]]}},{"type":"Feature","properties":{"code":"20351","stateCode":"20","municipalityCode":"351","name":"San Simón Almolongas"},"geometry":{"type":"Polygon","coordinates":[[[-96.68706,16.46321],[-96.68028,16.46336],[-96.67957,16.46042],[-96.66991,16.4562],[-96.67286,16.43609],[-96.68297,16.42238],[-96.70117,16.44001],[-96.70372,16.42871],[-96.70148,16.42777],[-96.70755,16.42084],[-96.70333,16.4191],[-96.70452,16.41564],[-96.69937,16.40622],[-96.69659,16.40648],[-96.69766,16.38985],[-96.71443,16.37185],[-96.72502,16.36949],[-96.73131,16.3614],[-96.73573,16.36365],[-96.73759,16.35995],[-96.76151,16.3665],[-96.76287,16.37122],[-96.78516,16.37115],[-96.7862,16.39853],[-96.75316,16.39438],[-96.75283,16.39777],[-96.74796,16.39923],[-96.74691,16.40597],[-96.73565,16.40839],[-96.7283,16.42435],[-96.70823,16.41736],[-96.70989,16.42135],[-96.70327,16.44043],[-96.70424,16.44905],[-96.68706,16.46321]]]}},{"type":"Feature","properties":{"code":"20562","stateCode":"20","municipalityCode":"562","name":"Magdalena Yodocono de Porfirio Díaz"},"geometry":{"type":"Polygon","coordinates":[[[-97.36753,17.4066],[-97.36768,17.40145],[-97.34374,17.39205],[-97.35523,17.36744],[-97.39323,17.36372],[-97.44307,17.34844],[-97.44465,17.35595],[-97.44183,17.37005],[-97.42986,17.38628],[-97.39564,17.40106],[-97.36753,17.4066]]]}},{"type":"Feature","properties":{"code":"20426","stateCode":"20","municipalityCode":"426","name":"Santa María Peñoles"},"geometry":{"type":"Polygon","coordinates":[[[-96.96365,17.15125],[-96.93078,17.10597],[-96.93294,17.09791],[-96.92478,17.09641],[-96.92713,17.09305],[-96.92588,17.0816],[-96.94841,17.06042],[-96.95433,17.0636],[-96.9805,17.05057],[-96.98543,17.05663],[-96.99471,17.05737],[-96.99826,17.07255],[-97.0062,17.05547],[-97.01658,17.05956],[-97.02416,17.05007],[-97.02537,17.04626],[-97.01886,17.03425],[-97.02529,17.01524],[-97.02138,17.01285],[-97.01907,17.01582],[-97.00746,17.01031],[-96.99255,17.01308],[-96.98348,17.00337],[-96.97586,17.0046],[-96.97073,16.99799],[-96.96182,16.99641],[-96.95562,16.9848],[-96.94118,16.9874],[-96.96848,16.97417],[-96.99831,16.97697],[-97.00349,16.98462],[-97.01366,16.97994],[-97.02152,16.98122],[-97.02372,16.9722],[-97.03511,16.977],[-97.06334,16.96046],[-97.06929,16.96678],[-97.06575,16.97625],[-97.09154,16.9874],[-97.13102,16.99529],[-97.1474,16.99135],[-97.14656,16.99723],[-97.1512,17.00076],[-97.15357,17.01599],[-97.15736,17.02101],[-97.1559,17.0237],[-97.15117,17.0232],[-97.11899,17.0591],[-97.08094,17.0763],[-97.07252,17.07567],[-97.07288,17.06001],[-97.05736,17.06467],[-97.05259,17.07109],[-97.05483,17.08333],[-97.03523,17.09288],[-97.03118,17.09935],[-97.02883,17.11748],[-97.00733,17.11963],[-97.00088,17.13367],[-96.98661,17.14505],[-96.98347,17.15176],[-96.96365,17.15125]]]}},{"type":"Feature","properties":{"code":"20427","stateCode":"20","municipalityCode":"427","name":"Santa María Petapa"},"geometry":{"type":"Polygon","coordinates":[[[-94.95624,16.99593],[-94.9445,16.98775],[-94.94453,16.98243],[-94.95768,16.97835],[-94.9542,16.97],[-94.94713,16.97683],[-94.94471,16.96139],[-94.9409,16.95754],[-94.95085,16.94945],[-94.9438,16.93774],[-94.95569,16.93435],[-94.9552,16.92614],[-94.96546,16.92355],[-94.97106,16.92794],[-94.98092,16.92101],[-94.98799,16.93039],[-94.99299,16.93156],[-95.01137,16.91852],[-95.01122,16.91243],[-95.01438,16.91311],[-95.01864,16.90789],[-95.03042,16.90363],[-95.03635,16.90556],[-95.04622,16.90312],[-95.046,16.89909],[-95.0332,16.90056],[-95.0351,16.89311],[-95.0223,16.88806],[-95.02575,16.88593],[-95.01427,16.88742],[-95.01812,16.8849],[-95.01602,16.87889],[-95.02635,16.87821],[-95.04896,16.8898],[-95.04915,16.87214],[-95.05262,16.86516],[-95.05064,16.85975],[-95.06025,16.86129],[-95.06412,16.83705],[-95.05024,16.83306],[-95.06222,16.81458],[-95.0795,16.81576],[-95.096,16.81112],[-95.09264,16.81772],[-95.09636,16.82041],[-95.1132,16.81172],[-95.11488,16.8067],[-95.1214,16.80238],[-95.13094,16.80507],[-95.13244,16.81915],[-95.13787,16.82286],[-95.17523,16.8856],[-95.15075,16.88842],[-95.15509,16.91499],[-95.1401,16.91187],[-95.12882,16.90555],[-95.12966,16.90931],[-95.11382,16.90328],[-95.10543,16.90465],[-95.09869,16.90219],[-95.09823,16.89729],[-95.09152,16.89713],[-95.08508,16.90132],[-95.08354,16.89766],[-95.07254,16.90715],[-95.06352,16.90533],[-95.05939,16.90988],[-95.056,16.90628],[-95.05373,16.90985],[-95.0555,16.91708],[-95.03322,16.92449],[-95.03256,16.9326],[-95.04012,16.94034],[-95.03741,16.94493],[-95.01843,16.93417],[-95.01763,16.93825],[-95.01008,16.94409],[-95.01272,16.94726],[-95.00758,16.94623],[-94.99076,16.96012],[-94.98733,16.95609],[-94.97418,16.95295],[-94.96888,16.95993],[-94.96877,16.96948],[-94.96229,16.97643],[-94.96673,16.99226],[-94.95624,16.99593]]]}},{"type":"Feature","properties":{"code":"20021","stateCode":"20","municipalityCode":"021","name":"Cosolapa"},"geometry":{"type":"Polygon","coordinates":[[[-96.68296,18.66949],[-96.67442,18.66594],[-96.66824,18.65595],[-96.65915,18.65049],[-96.655,18.6513],[-96.64581,18.64039],[-96.63165,18.63567],[-96.6225,18.62864],[-96.61668,18.61907],[-96.60683,18.61757],[-96.58417,18.60206],[-96.59415,18.58924],[-96.63806,18.57005],[-96.6405,18.57747],[-96.65668,18.56687],[-96.65484,18.55717],[-96.64281,18.54172],[-96.64127,18.53426],[-96.64779,18.52686],[-96.6569,18.53434],[-96.67159,18.51538],[-96.66505,18.50678],[-96.65161,18.50943],[-96.65363,18.49957],[-96.66182,18.49125],[-96.66958,18.49486],[-96.67018,18.49794],[-96.67325,18.49538],[-96.67543,18.50373],[-96.68236,18.49967],[-96.68228,18.50712],[-96.68802,18.51264],[-96.70287,18.51027],[-96.70617,18.52634],[-96.71415,18.52756],[-96.71903,18.52213],[-96.7269,18.52983],[-96.72428,18.53033],[-96.72579,18.53586],[-96.71905,18.53691],[-96.71183,18.54806],[-96.72422,18.55899],[-96.7156,18.57324],[-96.69963,18.55334],[-96.69094,18.56797],[-96.70215,18.58123],[-96.69331,18.57861],[-96.68876,18.58122],[-96.69383,18.59121],[-96.67901,18.60778],[-96.67246,18.60757],[-96.67497,18.62434],[-96.6887,18.63879],[-96.6811,18.64795],[-96.68402,18.65675],[-96.68296,18.66949]]]}},{"type":"Feature","properties":{"code":"20175","stateCode":"20","municipalityCode":"175","name":"San Juan Bautista Atatlahuca"},"geometry":{"type":"Polygon","coordinates":[[[-96.75016,17.69123],[-96.73111,17.67735],[-96.72491,17.68209],[-96.71829,17.68143],[-96.70375,17.66501],[-96.70071,17.66549],[-96.70116,17.66868],[-96.69294,17.66433],[-96.68961,17.66556],[-96.69163,17.66207],[-96.68947,17.65343],[-96.68076,17.65892],[-96.68031,17.64943],[-96.67327,17.65131],[-96.67263,17.64484],[-96.6648,17.6452],[-96.66837,17.64121],[-96.67349,17.64243],[-96.67268,17.63632],[-96.66771,17.63662],[-96.66636,17.63134],[-96.66094,17.63423],[-96.66199,17.62937],[-96.6584,17.63048],[-96.65712,17.6266],[-96.65979,17.62333],[-96.65329,17.61908],[-96.64686,17.62151],[-96.65055,17.61571],[-96.64909,17.6095],[-96.64623,17.61189],[-96.64377,17.60734],[-96.6401,17.61039],[-96.64038,17.60221],[-96.63254,17.60448],[-96.62929,17.60198],[-96.63284,17.59453],[-96.64482,17.59616],[-96.6544,17.58603],[-96.65388,17.57887],[-96.65882,17.56825],[-96.65101,17.56024],[-96.6967,17.53125],[-96.71846,17.495],[-96.77224,17.47563],[-96.78779,17.48745],[-96.79593,17.4895],[-96.79955,17.49892],[-96.82988,17.50401],[-96.83771,17.50896],[-96.83873,17.51498],[-96.85367,17.51795],[-96.8666,17.52823],[-96.86596,17.53666],[-96.87786,17.58886],[-96.88058,17.62209],[-96.86768,17.65881],[-96.85483,17.67375],[-96.83623,17.67794],[-96.83178,17.67319],[-96.83301,17.66851],[-96.82715,17.6677],[-96.8207,17.67372],[-96.8216,17.6697],[-96.81559,17.66308],[-96.80755,17.66751],[-96.81211,17.67359],[-96.80317,17.68019],[-96.78033,17.67821],[-96.77605,17.68201],[-96.7715,17.67586],[-96.76702,17.68643],[-96.76291,17.68713],[-96.75962,17.68333],[-96.75016,17.69123]]]}},{"type":"Feature","properties":{"code":"20466","stateCode":"20","municipalityCode":"466","name":"Santiago Ixtayutla"},"geometry":{"type":"Polygon","coordinates":[[[-97.76541,16.62483],[-97.74473,16.62365],[-97.72274,16.61412],[-97.71663,16.62048],[-97.70299,16.6222],[-97.68261,16.61767],[-97.67122,16.61965],[-97.65995,16.61745],[-97.63333,16.60635],[-97.62543,16.60915],[-97.61952,16.60077],[-97.62363,16.59388],[-97.62236,16.58664],[-97.61077,16.58706],[-97.59299,16.58238],[-97.58792,16.58404],[-97.57917,16.57401],[-97.57045,16.57052],[-97.56982,16.55623],[-97.5604,16.53754],[-97.54946,16.52399],[-97.54669,16.51448],[-97.55446,16.5133],[-97.56546,16.50297],[-97.53944,16.50401],[-97.54099,16.47937],[-97.55355,16.47792],[-97.55427,16.47214],[-97.5609,16.46815],[-97.56517,16.45909],[-97.57251,16.46772],[-97.57773,16.46226],[-97.58738,16.4596],[-97.59404,16.44783],[-97.60207,16.44594],[-97.60935,16.43556],[-97.61376,16.43965],[-97.61829,16.43778],[-97.62005,16.45238],[-97.63041,16.46512],[-97.66382,16.4761],[-97.67486,16.46428],[-97.70889,16.48444],[-97.71475,16.4746],[-97.72609,16.47082],[-97.73668,16.47882],[-97.73366,16.48304],[-97.74812,16.49832],[-97.75232,16.47968],[-97.76383,16.47656],[-97.78748,16.4775],[-97.80924,16.48371],[-97.81472,16.4809],[-97.82045,16.4839],[-97.83649,16.48263],[-97.84172,16.47789],[-97.85434,16.48101],[-97.8497,16.48515],[-97.84635,16.51058],[-97.8328,16.51371],[-97.8279,16.54323],[-97.83942,16.53631],[-97.85038,16.54633],[-97.85937,16.56567],[-97.8396,16.57802],[-97.84188,16.5933],[-97.82686,16.59683],[-97.80427,16.58854],[-97.79841,16.60069],[-97.77905,16.59309],[-97.79382,16.62159],[-97.76541,16.62483]]]}},{"type":"Feature","properties":{"code":"20468","stateCode":"20","municipalityCode":"468","name":"Santiago Jocotepec"},"geometry":{"type":"Polygon","coordinates":[[[-95.97234,17.81481],[-95.96969,17.80776],[-95.96444,17.80482],[-95.96633,17.79805],[-95.96251,17.78366],[-95.95814,17.78984],[-95.9458,17.78794],[-95.94547,17.79224],[-95.93978,17.79172],[-95.93829,17.79437],[-95.9355,17.78804],[-95.92615,17.78334],[-95.91343,17.78998],[-95.90375,17.76999],[-95.89876,17.76565],[-95.89084,17.76868],[-95.89263,17.76032],[-95.89925,17.75365],[-95.89768,17.74897],[-95.90227,17.73822],[-95.90188,17.72956],[-95.89513,17.72763],[-95.89211,17.72061],[-95.8856,17.72675],[-95.87218,17.72628],[-95.87453,17.71638],[-95.88285,17.71702],[-95.89402,17.71232],[-95.89421,17.70565],[-95.89935,17.70549],[-95.89772,17.69424],[-95.90072,17.69276],[-95.90296,17.69545],[-95.90374,17.69022],[-95.8934,17.6862],[-95.89102,17.67781],[-95.88297,17.67276],[-95.88396,17.66725],[-95.8798,17.66533],[-95.88018,17.66022],[-95.86836,17.6542],[-95.8704,17.64997],[-95.86635,17.64179],[-95.86885,17.631],[-95.86615,17.62666],[-95.86991,17.61733],[-95.8594,17.60432],[-95.87117,17.58449],[-95.88072,17.5802],[-95.88142,17.56735],[-95.88485,17.5651],[-95.89512,17.56737],[-95.89472,17.55547],[-95.92801,17.53755],[-95.92259,17.53067],[-95.90066,17.52815],[-95.89921,17.52484],[-95.89396,17.50976],[-95.8989,17.49428],[-95.89758,17.48951],[-95.90518,17.4826],[-95.9078,17.48285],[-95.90664,17.48628],[-95.91224,17.48449],[-95.91163,17.48803],[-95.91565,17.49149],[-95.95872,17.49383],[-95.99692,17.52109],[-95.99432,17.53962],[-95.99778,17.54863],[-96.00718,17.54775],[-96.01633,17.55226],[-96.02083,17.55682],[-96.017,17.55977],[-96.02194,17.56296],[-96.02561,17.5731],[-96.05147,17.57331],[-96.05637,17.58697],[-96.07174,17.58635],[-96.08541,17.59995],[-96.09239,17.60039],[-96.09927,17.60995],[-96.1085,17.61074],[-96.12748,17.6234],[-96.09368,17.62589],[-96.08669,17.63155],[-96.09083,17.63442],[-96.09479,17.64481],[-96.11266,17.6506],[-96.11893,17.65637],[-96.11509,17.66314],[-96.1174,17.66838],[-96.10932,17.67116],[-96.10241,17.70328],[-96.11523,17.71529],[-96.11563,17.72595],[-96.10788,17.73109],[-96.0903,17.73191],[-96.08683,17.74871],[-96.07861,17.75367],[-96.07594,17.7637],[-96.06211,17.76059],[-96.05394,17.76713],[-96.0521,17.77309],[-96.0432,17.77369],[-96.03644,17.77977],[-96.02142,17.77745],[-96.01804,17.78484],[-96.01099,17.78115],[-96.01008,17.78875],[-96.00223,17.79058],[-96.00087,17.79883],[-95.98721,17.80655],[-95.98206,17.80479],[-95.9796,17.81245],[-95.97568,17.81033],[-95.97234,17.81481]]]}},{"type":"Feature","properties":{"code":"20470","stateCode":"20","municipalityCode":"470","name":"Santiago Lachiguiri"},"geometry":{"type":"Polygon","coordinates":[[[-95.44835,16.92497],[-95.44072,16.94809],[-95.41952,16.91802],[-95.4209,16.91435],[-95.42412,16.91445],[-95.42471,16.90729],[-95.41547,16.89571],[-95.41969,16.88595],[-95.4177,16.8811],[-95.42349,16.87612],[-95.40849,16.86926],[-95.41056,16.86274],[-95.41957,16.85606],[-95.42514,16.86073],[-95.42896,16.85456],[-95.43252,16.85685],[-95.43741,16.8516],[-95.4458,16.85027],[-95.45072,16.85285],[-95.45827,16.85043],[-95.46576,16.84275],[-95.48297,16.83923],[-95.48677,16.83485],[-95.47007,16.81534],[-95.46371,16.77315],[-95.47485,16.75917],[-95.48695,16.7589],[-95.48853,16.74139],[-95.4839,16.74172],[-95.47897,16.73576],[-95.48175,16.72561],[-95.47707,16.72727],[-95.48564,16.70104],[-95.45546,16.66698],[-95.50177,16.6189],[-95.53202,16.62711],[-95.5424,16.61651],[-95.54281,16.6066],[-95.5457,16.60707],[-95.55397,16.61265],[-95.55932,16.62178],[-95.55734,16.63736],[-95.56905,16.63422],[-95.57548,16.63826],[-95.57428,16.6457],[-95.58032,16.64794],[-95.58071,16.65318],[-95.58787,16.6525],[-95.60316,16.66489],[-95.61325,16.66714],[-95.6207,16.67852],[-95.63104,16.68163],[-95.62769,16.68844],[-95.6315,16.69051],[-95.64104,16.68202],[-95.64328,16.68616],[-95.64909,16.68443],[-95.65937,16.69066],[-95.66802,16.68889],[-95.67323,16.69171],[-95.67137,16.6964],[-95.68252,16.69999],[-95.62793,16.73098],[-95.62658,16.72718],[-95.63357,16.72142],[-95.6211,16.72212],[-95.61239,16.71199],[-95.60083,16.73914],[-95.56809,16.76857],[-95.56467,16.81121],[-95.55637,16.819],[-95.56358,16.82189],[-95.57158,16.81582],[-95.58314,16.8139],[-95.59563,16.8222],[-95.57744,16.83234],[-95.56498,16.84439],[-95.57727,16.86545],[-95.58036,16.88236],[-95.54907,16.90202],[-95.52105,16.89907],[-95.5182,16.89363],[-95.5206,16.88794],[-95.51567,16.89032],[-95.49816,16.8827],[-95.47897,16.89032],[-95.47718,16.89629],[-95.47541,16.88891],[-95.47236,16.88445],[-95.47001,16.88574],[-95.46835,16.88042],[-95.4517,16.91772],[-95.4566,16.91826],[-95.46021,16.92753],[-95.47879,16.93264],[-95.48622,16.92142],[-95.49379,16.92176],[-95.51271,16.93702],[-95.51675,16.9359],[-95.51703,16.93878],[-95.52342,16.9391],[-95.52778,16.94526],[-95.531,16.9442],[-95.5303,16.95056],[-95.51449,16.95614],[-95.51242,16.95946],[-95.50253,16.96085],[-95.4976,16.96789],[-95.49842,16.97195],[-95.49326,16.97385],[-95.44835,16.92497]],[[-95.5433,16.76171],[-95.54785,16.75761],[-95.55236,16.75927],[-95.56185,16.74996],[-95.57044,16.74747],[-95.55704,16.73554],[-95.5583,16.72856],[-95.54909,16.72866],[-95.54407,16.72445],[-95.54081,16.73364],[-95.52191,16.73979],[-95.52616,16.74226],[-95.53498,16.73791],[-95.5332,16.74296],[-95.53529,16.74274],[-95.52702,16.75506],[-95.533,16.75382],[-95.52734,16.76098],[-95.5433,16.76171]]]}},{"type":"Feature","properties":{"code":"20479","stateCode":"20","municipalityCode":"479","name":"Santiago Nejapilla"},"geometry":{"type":"Polygon","coordinates":[[[-97.39931,17.46191],[-97.39365,17.45711],[-97.3862,17.45872],[-97.38034,17.44342],[-97.36515,17.42882],[-97.36191,17.41276],[-97.37294,17.40458],[-97.39564,17.40106],[-97.39819,17.40302],[-97.40489,17.42075],[-97.4006,17.43313],[-97.40686,17.44638],[-97.40554,17.45662],[-97.39931,17.46191]]]}},{"type":"Feature","properties":{"code":"20498","stateCode":"20","municipalityCode":"498","name":"Santiago Yaveo"},"geometry":{"type":"Polygon","coordinates":[[[-95.26781,17.7411],[-95.26258,17.73852],[-95.25867,17.72854],[-95.25274,17.73349],[-95.23932,17.7367],[-95.23891,17.73926],[-95.19029,17.69204],[-95.18244,17.69106],[-95.18141,17.6864],[-95.1877,17.68064],[-95.18494,17.67676],[-95.18777,17.67107],[-95.18874,17.64963],[-95.19415,17.65508],[-95.2012,17.64741],[-95.20595,17.65466],[-95.21152,17.64451],[-95.21845,17.63933],[-95.24193,17.63496],[-95.24291,17.64368],[-95.24823,17.64598],[-95.25323,17.64206],[-95.25301,17.63337],[-95.259,17.62901],[-95.24841,17.62558],[-95.25555,17.62157],[-95.27126,17.62473],[-95.27022,17.61574],[-95.27889,17.6148],[-95.27465,17.60946],[-95.26765,17.60828],[-95.26475,17.60156],[-95.25919,17.60772],[-95.25444,17.60883],[-95.25207,17.60616],[-95.26015,17.594],[-95.25558,17.5897],[-95.25671,17.5815],[-95.26422,17.58167],[-95.26375,17.57244],[-95.27085,17.5709],[-95.26422,17.55986],[-95.2687,17.55579],[-95.27519,17.55743],[-95.27782,17.55515],[-95.27502,17.55186],[-95.26752,17.55206],[-95.26618,17.54626],[-95.28503,17.54636],[-95.29124,17.53417],[-95.30162,17.54022],[-95.31449,17.53944],[-95.32695,17.53096],[-95.32765,17.52549],[-95.31276,17.51566],[-95.31456,17.50842],[-95.32567,17.50431],[-95.32984,17.5107],[-95.34515,17.51721],[-95.34763,17.51158],[-95.34205,17.50295],[-95.34848,17.50102],[-95.34981,17.49333],[-95.35558,17.49365],[-95.35091,17.48983],[-95.35372,17.48756],[-95.3605,17.49174],[-95.37006,17.48819],[-95.37253,17.48644],[-95.37157,17.48149],[-95.38013,17.47609],[-95.38927,17.47981],[-95.3866,17.47308],[-95.39235,17.47076],[-95.39235,17.46398],[-95.39606,17.46207],[-95.41043,17.47061],[-95.40669,17.45392],[-95.41812,17.4585],[-95.41974,17.46198],[-95.42705,17.45794],[-95.43415,17.46222],[-95.43098,17.45247],[-95.44296,17.44841],[-95.44418,17.44213],[-95.44597,17.44145],[-95.45663,17.45096],[-95.46795,17.44857],[-95.47689,17.4529],[-95.48997,17.44179],[-95.49853,17.44687],[-95.50418,17.44071],[-95.50892,17.44277],[-95.50904,17.45061],[-95.51294,17.45368],[-95.51534,17.44414],[-95.52762,17.43542],[-95.53671,17.42168],[-95.54571,17.42119],[-95.54809,17.42785],[-95.55223,17.42903],[-95.55332,17.42278],[-95.56116,17.42177],[-95.56367,17.41113],[-95.56248,17.40685],[-95.55093,17.39896],[-95.55107,17.39534],[-95.55737,17.39717],[-95.56586,17.39385],[-95.5693,17.39672],[-95.57213,17.38588],[-95.57828,17.38328],[-95.579,17.37516],[-95.5978,17.37446],[-95.59294,17.36845],[-95.60369,17.36335],[-95.60167,17.35944],[-95.60461,17.356],[-95.60374,17.3509],[-95.61035,17.34196],[-95.61564,17.34067],[-95.63244,17.3218],[-95.64833,17.31902],[-95.65203,17.31238],[-95.64707,17.30876],[-95.65481,17.3013],[-95.66252,17.29908],[-95.66157,17.29633],[-95.65873,17.29724],[-95.65999,17.29059],[-95.66777,17.28842],[-95.67047,17.28402],[-95.66566,17.27745],[-95.67243,17.27758],[-95.67163,17.2728],[-95.66499,17.27184],[-95.66766,17.25483],[-95.67211,17.2515],[-95.67216,17.24732],[-95.67567,17.24871],[-95.67541,17.25189],[-95.67871,17.24923],[-95.67384,17.24133],[-95.68112,17.23475],[-95.69507,17.23615],[-95.69592,17.24204],[-95.71533,17.25404],[-95.71248,17.26363],[-95.71516,17.27034],[-95.7256,17.27663],[-95.72995,17.2752],[-95.73024,17.28176],[-95.73583,17.2822],[-95.73958,17.27894],[-95.73975,17.28417],[-95.74659,17.27882],[-95.75054,17.26575],[-95.76834,17.26236],[-95.77309,17.26459],[-95.78868,17.25455],[-95.80575,17.23503],[-95.82452,17.25625],[-95.83735,17.25957],[-95.80653,17.29381],[-95.79496,17.31324],[-95.79171,17.33233],[-95.77796,17.33305],[-95.76936,17.32282],[-95.74888,17.31849],[-95.72896,17.33555],[-95.73285,17.35255],[-95.72979,17.3601],[-95.74371,17.38286],[-95.70984,17.41034],[-95.69058,17.41966],[-95.68969,17.42561],[-95.67728,17.42697],[-95.67289,17.43537],[-95.66565,17.43703],[-95.66579,17.44086],[-95.65894,17.44569],[-95.67023,17.44684],[-95.67836,17.45158],[-95.66726,17.45919],[-95.66705,17.46259],[-95.68411,17.47608],[-95.66754,17.48374],[-95.66474,17.48077],[-95.66666,17.47794],[-95.66266,17.47479],[-95.63833,17.46889],[-95.62189,17.47669],[-95.60197,17.47658],[-95.60015,17.48213],[-95.59423,17.48227],[-95.58757,17.48951],[-95.58969,17.4976],[-95.58351,17.50173],[-95.59128,17.51379],[-95.59635,17.51373],[-95.59613,17.5092],[-95.60443,17.51278],[-95.6064,17.5065],[-95.61749,17.51933],[-95.61206,17.51549],[-95.60782,17.52378],[-95.59813,17.52512],[-95.58287,17.51929],[-95.57119,17.52953],[-95.57264,17.54864],[-95.56882,17.55124],[-95.56121,17.54622],[-95.55555,17.55864],[-95.55106,17.55339],[-95.53967,17.56057],[-95.53768,17.55699],[-95.532,17.55583],[-95.5251,17.56211],[-95.53111,17.57061],[-95.52629,17.57192],[-95.52479,17.57602],[-95.5174,17.56962],[-95.52127,17.57704],[-95.5147,17.57971],[-95.51402,17.58545],[-95.50368,17.58377],[-95.50183,17.58586],[-95.50718,17.58801],[-95.50632,17.59077],[-95.49765,17.59189],[-95.48418,17.6019],[-95.4781,17.59488],[-95.47934,17.58783],[-95.47057,17.59522],[-95.46302,17.59639],[-95.47245,17.60413],[-95.47314,17.60911],[-95.45446,17.6111],[-95.45608,17.62309],[-95.44611,17.62176],[-95.43423,17.63513],[-95.42683,17.63657],[-95.42549,17.64747],[-95.4185,17.64404],[-95.41303,17.65186],[-95.41029,17.64363],[-95.40716,17.64333],[-95.40296,17.65205],[-95.39532,17.65178],[-95.38681,17.66386],[-95.36966,17.66906],[-95.36789,17.67366],[-95.35174,17.67184],[-95.34951,17.67557],[-95.3516,17.67972],[-95.34376,17.68366],[-95.34006,17.6744],[-95.33381,17.67518],[-95.32875,17.68578],[-95.32135,17.68564],[-95.31665,17.69758],[-95.30661,17.69716],[-95.30997,17.70856],[-95.30259,17.71101],[-95.29781,17.72214],[-95.29118,17.71633],[-95.29224,17.71242],[-95.28672,17.71674],[-95.27999,17.71574],[-95.2792,17.72189],[-95.27164,17.71668],[-95.26555,17.71754],[-95.26307,17.72488],[-95.26833,17.73313],[-95.26781,17.7411]]]}},{"type":"Feature","properties":{"code":"20133","stateCode":"20","municipalityCode":"133","name":"San Esteban Atatlahuca"},"geometry":{"type":"Polygon","coordinates":[[[-97.65325,17.1227],[-97.6332,17.09057],[-97.64596,17.0436],[-97.66324,17.04001],[-97.69549,17.02225],[-97.71788,17.02345],[-97.73009,17.01874],[-97.72798,17.02642],[-97.7343,17.03354],[-97.7341,17.04418],[-97.73808,17.05471],[-97.7399,17.05708],[-97.74525,17.05463],[-97.7522,17.05899],[-97.75253,17.06315],[-97.74262,17.07093],[-97.74237,17.09626],[-97.74585,17.10413],[-97.73756,17.1148],[-97.73855,17.11948],[-97.73424,17.12109],[-97.73263,17.12625],[-97.7275,17.11799],[-97.71737,17.11368],[-97.70581,17.11699],[-97.68611,17.12875],[-97.68067,17.12656],[-97.65368,17.12996],[-97.65325,17.1227]]]}},{"type":"Feature","properties":{"code":"20134","stateCode":"20","municipalityCode":"134","name":"San Felipe Jalapa de Díaz"},"geometry":{"type":"Polygon","coordinates":[[[-96.48718,18.11532],[-96.46255,18.11049],[-96.44685,18.10084],[-96.45992,18.08516],[-96.46246,18.07692],[-96.45815,18.07166],[-96.46288,18.07048],[-96.46988,18.05655],[-96.47036,18.05133],[-96.46594,18.05122],[-96.4651,18.0475],[-96.49347,18.0384],[-96.4935,18.01639],[-96.51058,18.02542],[-96.51671,18.02062],[-96.52457,18.02264],[-96.53476,18.03209],[-96.54924,18.03816],[-96.58144,18.03358],[-96.58772,18.02812],[-96.60201,18.02875],[-96.60876,18.03159],[-96.60858,18.03857],[-96.61328,18.04493],[-96.62333,18.04118],[-96.63248,18.05094],[-96.64801,18.05397],[-96.64792,18.05921],[-96.63938,18.06491],[-96.62859,18.06397],[-96.62155,18.07528],[-96.60367,18.07021],[-96.59201,18.0831],[-96.58229,18.08503],[-96.57679,18.08165],[-96.57018,18.09484],[-96.56059,18.1014],[-96.55661,18.11612],[-96.48718,18.11532]]]}},{"type":"Feature","properties":{"code":"20138","stateCode":"20","municipalityCode":"138","name":"San Francisco Cajonos"},"geometry":{"type":"Polygon","coordinates":[[[-96.24756,17.2021],[-96.2459,17.19491],[-96.2393,17.19657],[-96.21738,17.19312],[-96.21568,17.19583],[-96.21079,17.19175],[-96.19347,17.19081],[-96.19239,17.18674],[-96.19581,17.17817],[-96.21058,17.17754],[-96.21508,17.16829],[-96.22931,17.15722],[-96.2334,17.15951],[-96.23878,17.15655],[-96.24938,17.15734],[-96.25635,17.17134],[-96.26915,17.16915],[-96.2713,17.16531],[-96.28782,17.16478],[-96.30135,17.16821],[-96.3155,17.17863],[-96.34106,17.16759],[-96.34009,17.17982],[-96.31403,17.20396],[-96.30943,17.20412],[-96.30661,17.19774],[-96.28333,17.19261],[-96.26379,17.19469],[-96.24756,17.2021]]]}},{"type":"Feature","properties":{"code":"20149","stateCode":"20","municipalityCode":"149","name":"San Francisco Sola"},"geometry":{"type":"Polygon","coordinates":[[[-96.92656,16.57588],[-96.89548,16.56153],[-96.89526,16.55766],[-96.86523,16.53851],[-96.86196,16.53024],[-96.82972,16.52052],[-96.84501,16.49429],[-96.85415,16.4968],[-96.86501,16.48081],[-96.85442,16.47177],[-96.85447,16.46216],[-96.90931,16.47788],[-96.92198,16.46984],[-96.93448,16.46764],[-96.94037,16.47417],[-96.93355,16.48151],[-96.93416,16.48466],[-96.94507,16.48233],[-96.95509,16.48711],[-96.96443,16.49569],[-96.96324,16.50053],[-96.97521,16.50703],[-96.97615,16.51883],[-96.96145,16.52601],[-96.95192,16.54423],[-96.94693,16.54816],[-96.94024,16.5458],[-96.93927,16.55426],[-96.92951,16.55889],[-96.9237,16.55787],[-96.92402,16.56894],[-96.93239,16.56792],[-96.92973,16.57215],[-96.9365,16.57426],[-96.92656,16.57588]]]}},{"type":"Feature","properties":{"code":"20161","stateCode":"20","municipalityCode":"161","name":"San Jerónimo Sosola"},"geometry":{"type":"Polygon","coordinates":[[[-96.95593,17.53665],[-96.94526,17.48461],[-96.92811,17.44894],[-96.94939,17.45123],[-96.95448,17.44542],[-96.95046,17.43315],[-96.95744,17.43036],[-96.96377,17.43343],[-96.97578,17.42599],[-96.98613,17.42629],[-96.98477,17.421],[-96.97138,17.41823],[-96.97519,17.41423],[-96.97545,17.40677],[-96.98222,17.41104],[-96.99665,17.41222],[-96.99539,17.42794],[-97.01283,17.43917],[-97.01737,17.43597],[-97.0106,17.4252],[-97.01503,17.41069],[-97.00261,17.39597],[-97.00288,17.39222],[-96.99653,17.3879],[-97.0104,17.37619],[-97.01238,17.36402],[-97.02051,17.34941],[-97.02063,17.34281],[-97.0232,17.34227],[-97.02018,17.33809],[-97.03361,17.32898],[-97.03419,17.29746],[-97.02807,17.28727],[-97.03382,17.28438],[-97.03182,17.27899],[-97.03456,17.26537],[-97.03008,17.24371],[-97.03188,17.23164],[-97.04784,17.2489],[-97.04363,17.25322],[-97.07667,17.27953],[-97.09616,17.3056],[-97.10571,17.31311],[-97.10524,17.32733],[-97.10074,17.32975],[-97.09214,17.34572],[-97.09442,17.35137],[-97.08579,17.36197],[-97.08301,17.3769],[-97.09026,17.37602],[-97.12707,17.38908],[-97.14431,17.4014],[-97.10544,17.43183],[-97.09064,17.41977],[-97.07643,17.41781],[-97.0438,17.42006],[-97.02101,17.44125],[-97.01872,17.44578],[-97.021,17.44937],[-96.99875,17.44396],[-97.00532,17.48391],[-97.019,17.48018],[-97.01749,17.49796],[-97.01311,17.50065],[-96.9907,17.5008],[-96.9861,17.50745],[-96.97604,17.50883],[-96.95593,17.53665]]]}},{"type":"Feature","properties":{"code":"20159","stateCode":"20","municipalityCode":"159","name":"San Jerónimo Coatlán"},"geometry":{"type":"Polygon","coordinates":[[[-97.05913,16.36828],[-97.06018,16.36079],[-97.05784,16.35855],[-97.05472,16.36047],[-97.05342,16.35359],[-97.04674,16.35485],[-97.0476,16.34757],[-97.03164,16.35395],[-97.02619,16.35288],[-97.02576,16.35024],[-97.01847,16.34822],[-97.02016,16.34374],[-97.01265,16.33408],[-97.0051,16.3375],[-96.99915,16.3351],[-96.99238,16.32211],[-96.98498,16.32526],[-96.98343,16.32059],[-96.97323,16.31791],[-96.95821,16.32303],[-96.94142,16.32175],[-96.93731,16.32626],[-96.93426,16.32096],[-96.9399,16.31655],[-96.92752,16.31228],[-96.92499,16.3206],[-96.9143,16.32642],[-96.9172,16.32123],[-96.90862,16.31495],[-96.90969,16.30316],[-96.89987,16.30137],[-96.89432,16.29243],[-96.88374,16.29308],[-96.88598,16.28645],[-96.87703,16.28558],[-96.87767,16.27599],[-96.87236,16.28576],[-96.86655,16.28559],[-96.8683,16.29071],[-96.86496,16.29558],[-96.86232,16.29309],[-96.86071,16.29953],[-96.85769,16.29563],[-96.85515,16.29673],[-96.85535,16.29158],[-96.84972,16.28955],[-96.84767,16.29412],[-96.84471,16.2954],[-96.84444,16.2904],[-96.83978,16.29616],[-96.83818,16.28747],[-96.83472,16.28902],[-96.83683,16.26637],[-96.85043,16.24608],[-96.85,16.23111],[-96.85778,16.21503],[-96.8636,16.21237],[-96.8642,16.18454],[-96.89324,16.13681],[-96.909,16.10479],[-96.90982,16.0941],[-96.92839,16.07673],[-96.95616,16.03229],[-96.95389,16.02044],[-97.0033,16.0359],[-97.01408,16.04398],[-97.01447,16.0483],[-97.02307,16.0439],[-97.02064,16.0502],[-97.02319,16.05561],[-97.01836,16.06311],[-97.03109,16.06509],[-97.02127,16.07376],[-97.0304,16.08594],[-97.03396,16.11843],[-97.06502,16.13981],[-97.05628,16.13639],[-97.06464,16.20198],[-97.06051,16.20675],[-97.02865,16.21257],[-97.0283,16.20023],[-97.03422,16.19364],[-97.02952,16.18856],[-97.02161,16.19336],[-97.01841,16.18791],[-97.01484,16.19094],[-97.02154,16.20102],[-97.01903,16.21612],[-97.02708,16.23237],[-97.0429,16.23559],[-97.05127,16.24482],[-97.06202,16.24531],[-97.0758,16.2628],[-97.07765,16.2712],[-97.08778,16.26725],[-97.08102,16.27653],[-97.08492,16.27962],[-97.0887,16.27767],[-97.0853,16.28506],[-97.08841,16.28719],[-97.08681,16.2901],[-97.09039,16.29051],[-97.08469,16.29633],[-97.08172,16.29382],[-97.08112,16.29722],[-97.08501,16.30042],[-97.08,16.30788],[-97.08252,16.30957],[-97.07326,16.31249],[-97.07016,16.31863],[-97.07521,16.33231],[-97.07319,16.33879],[-97.07773,16.35306],[-97.0743,16.3591],[-97.07824,16.36581],[-97.07272,16.36259],[-97.0698,16.36676],[-97.06407,16.36224],[-97.05913,16.36828]]]}},{"type":"Feature","properties":{"code":"20047","stateCode":"20","municipalityCode":"047","name":"Santa Magdalena Jicotlán"},"geometry":{"type":"Polygon","coordinates":[[[-97.5084,17.83043],[-97.49184,17.82502],[-97.46998,17.82381],[-97.4603,17.82875],[-97.45318,17.82489],[-97.44784,17.82666],[-97.45465,17.81499],[-97.45255,17.80993],[-97.45535,17.79226],[-97.47832,17.78082],[-97.4808,17.78583],[-97.48689,17.77774],[-97.51012,17.79641],[-97.5084,17.83043]]]}},{"type":"Feature","properties":{"code":"20094","stateCode":"20","municipalityCode":"094","name":"San Andrés Nuxiño"},"geometry":{"type":"Polygon","coordinates":[[[-97.07517,17.27844],[-97.04363,17.25322],[-97.04784,17.2489],[-97.03188,17.23164],[-96.99594,17.20768],[-96.98393,17.19554],[-96.98363,17.17798],[-96.99139,17.18509],[-96.99471,17.18363],[-97.04025,17.20331],[-97.07287,17.22387],[-97.11583,17.22916],[-97.11889,17.23204],[-97.12766,17.23097],[-97.13098,17.23794],[-97.14139,17.2282],[-97.12824,17.25227],[-97.11385,17.26208],[-97.07517,17.27844]]]}},{"type":"Feature","properties":{"code":"20031","stateCode":"20","municipalityCode":"031","name":"Tamazulápam del Espíritu Santo"},"geometry":{"type":"Polygon","coordinates":[[[-95.99407,17.10373],[-95.97983,17.09371],[-95.9777,17.08711],[-95.97083,17.08117],[-95.9608,17.08298],[-95.96287,17.0664],[-95.97427,17.03918],[-95.97221,17.02256],[-95.95705,17.00098],[-95.94517,16.99502],[-95.95878,16.99198],[-95.97343,16.99917],[-95.97212,17.004],[-95.97766,17.00692],[-95.98168,17.00558],[-95.98231,16.99806],[-95.98774,17.00411],[-95.998,17.00833],[-96.01107,17.00675],[-96.02222,16.99277],[-96.01838,16.97871],[-96.01055,16.96665],[-96.01511,16.96307],[-96.02473,16.96571],[-96.03467,16.96059],[-96.04418,16.96143],[-96.0442,16.97096],[-96.05062,16.96869],[-96.05238,16.97151],[-96.0462,16.98188],[-96.05,16.98738],[-96.04386,16.99133],[-96.05716,17.00128],[-96.04632,17.02619],[-96.08016,17.04316],[-96.08269,17.05175],[-96.09369,17.05661],[-96.11758,17.05241],[-96.12178,17.05786],[-96.1206,17.06455],[-96.1136,17.06445],[-96.11488,17.07572],[-96.10518,17.07798],[-96.09592,17.07636],[-96.09662,17.07023],[-96.09163,17.0673],[-96.08719,17.07379],[-96.08328,17.06707],[-96.08118,17.07154],[-96.07517,17.07341],[-96.06018,17.06873],[-96.04669,17.07037],[-96.03468,17.06363],[-96.02804,17.06804],[-96.00879,17.06664],[-96.00886,17.07187],[-96.00344,17.07777],[-96.00411,17.09653],[-95.99407,17.10373]]]}},{"type":"Feature","properties":{"code":"20279","stateCode":"20","municipalityCode":"279","name":"San Miguel Suchixtepec"},"geometry":{"type":"Polygon","coordinates":[[[-96.44673,16.12729],[-96.4334,16.11657],[-96.42967,16.10219],[-96.4253,16.09742],[-96.4271,16.09195],[-96.42366,16.07122],[-96.42132,16.07315],[-96.41824,16.0709],[-96.41564,16.05922],[-96.40985,16.05558],[-96.41223,16.05191],[-96.41064,16.04247],[-96.41684,16.03169],[-96.43286,16.03846],[-96.44377,16.0301],[-96.45077,16.04269],[-96.46643,16.04565],[-96.47183,16.0507],[-96.48157,16.06367],[-96.47942,16.07064],[-96.48948,16.07981],[-96.49473,16.07787],[-96.49067,16.0752],[-96.48984,16.0687],[-96.49894,16.05878],[-96.50255,16.05925],[-96.5019,16.06391],[-96.51347,16.05762],[-96.51548,16.06139],[-96.49839,16.08215],[-96.51271,16.10228],[-96.48317,16.12013],[-96.46699,16.1097],[-96.46154,16.12432],[-96.44673,16.12729]]]}},{"type":"Feature","properties":{"code":"20401","stateCode":"20","municipalityCode":"401","name":"Santa María Colotepec"},"geometry":{"type":"Polygon","coordinates":[[[-96.8949,15.96872],[-96.85387,15.96618],[-96.82876,15.96093],[-96.83926,15.95893],[-96.84595,15.94956],[-96.83837,15.92089],[-96.81182,15.89405],[-96.82713,15.83711],[-96.82581,15.82359],[-96.83752,15.81616],[-96.83737,15.80514],[-96.83225,15.80158],[-96.83688,15.79879],[-96.84635,15.78055],[-96.8443,15.76199],[-96.84631,15.75721],[-96.84216,15.7436],[-96.85277,15.7372],[-96.861,15.73911],[-96.86057,15.74235],[-96.93521,15.78313],[-97.0243,15.80979],[-97.04947,15.82798],[-97.04602,15.83077],[-97.04654,15.83559],[-97.06226,15.86022],[-97.05101,15.88357],[-97.01517,15.90494],[-97.01054,15.92333],[-96.99558,15.91856],[-96.97764,15.93032],[-96.8949,15.96872]]]}},{"type":"Feature","properties":{"code":"20367","stateCode":"20","municipalityCode":"367","name":"Santa Catarina Mechoacán"},"geometry":{"type":"Polygon","coordinates":[[[-97.83479,16.38762],[-97.82842,16.36934],[-97.80037,16.35517],[-97.79645,16.35775],[-97.79229,16.34699],[-97.83335,16.29898],[-97.8611,16.29596],[-97.87271,16.32517],[-97.86189,16.36504],[-97.86167,16.37621],[-97.86074,16.37919],[-97.85231,16.37866],[-97.85065,16.38324],[-97.83479,16.38762]]]}},{"type":"Feature","properties":{"code":"20359","stateCode":"20","municipalityCode":"359","name":"Santa Ana Yareni"},"geometry":{"type":"Polygon","coordinates":[[[-96.64105,17.42719],[-96.61526,17.41394],[-96.57184,17.41295],[-96.56884,17.40735],[-96.57729,17.39635],[-96.58029,17.39638],[-96.57414,17.39022],[-96.58209,17.38887],[-96.58572,17.38178],[-96.57822,17.37914],[-96.60929,17.36713],[-96.62342,17.36797],[-96.64802,17.37582],[-96.6611,17.38621],[-96.66335,17.3959],[-96.67019,17.40031],[-96.66226,17.42104],[-96.64105,17.42719]]]}},{"type":"Feature","properties":{"code":"20511","stateCode":"20","municipalityCode":"511","name":"Santo Domingo Nuxaá"},"geometry":{"type":"Polygon","coordinates":[[[-97.13034,17.23618],[-97.12766,17.23097],[-97.11889,17.23204],[-97.11583,17.22916],[-97.07287,17.22387],[-97.04025,17.20331],[-96.99471,17.18363],[-96.99139,17.18509],[-96.9827,17.17776],[-96.98347,17.15176],[-96.98661,17.14505],[-97.00088,17.13367],[-97.00733,17.11963],[-97.02883,17.11748],[-97.03118,17.09935],[-97.03523,17.09288],[-97.05313,17.08651],[-97.054,17.11159],[-97.06286,17.12266],[-97.0666,17.14614],[-97.09462,17.15977],[-97.09689,17.16544],[-97.10763,17.17476],[-97.12854,17.16239],[-97.1702,17.20141],[-97.13034,17.23618]]]}},{"type":"Feature","properties":{"code":"20096","stateCode":"20","municipalityCode":"096","name":"San Andrés Sinaxtla"},"geometry":{"type":"Polygon","coordinates":[[[-97.30873,17.50916],[-97.3064,17.50513],[-97.28458,17.49421],[-97.27274,17.4919],[-97.25794,17.48069],[-97.25927,17.46159],[-97.28703,17.46022],[-97.30074,17.47154],[-97.28293,17.4818],[-97.28473,17.48882],[-97.2903,17.48571],[-97.29433,17.4867],[-97.29554,17.49083],[-97.30333,17.49104],[-97.31085,17.48852],[-97.31446,17.47749],[-97.32751,17.47713],[-97.33752,17.50161],[-97.33577,17.50508],[-97.30873,17.50916]]]}},{"type":"Feature","properties":{"code":"20504","stateCode":"20","municipalityCode":"504","name":"Nuevo Zoquiápam"},"geometry":{"type":"Polygon","coordinates":[[[-96.59296,17.31989],[-96.59974,17.2967],[-96.59899,17.28941],[-96.60552,17.28024],[-96.60357,17.26813],[-96.61783,17.25047],[-96.63076,17.2014],[-96.64775,17.18968],[-96.65334,17.17372],[-96.68489,17.23745],[-96.69763,17.24689],[-96.69418,17.25342],[-96.69812,17.25625],[-96.69777,17.26035],[-96.68778,17.26469],[-96.69411,17.28343],[-96.6754,17.30138],[-96.65635,17.30557],[-96.65276,17.31034],[-96.64445,17.31089],[-96.61834,17.32473],[-96.59296,17.31989]]]}},{"type":"Feature","properties":{"code":"20537","stateCode":"20","municipalityCode":"537","name":"Silacayoápam"},"geometry":{"type":"MultiPolygon","coordinates":[[[[-98.32211,17.59747],[-98.31724,17.60219],[-98.303,17.59266],[-98.31401,17.59517],[-98.31351,17.58306],[-98.30759,17.58026],[-98.30689,17.57632],[-98.31955,17.56911],[-98.3285,17.56908],[-98.33495,17.57488],[-98.34092,17.57409],[-98.32584,17.60622],[-98.31949,17.60326],[-98.32211,17.59747]]],[[[-98.24399,17.78773],[-98.23934,17.78828],[-98.23763,17.78332],[-98.23213,17.78463],[-98.2297,17.78075],[-98.21398,17.77558],[-98.22171,17.77143],[-98.21118,17.76349],[-98.21403,17.75483],[-98.21839,17.75206],[-98.21571,17.74636],[-98.20025,17.74374],[-98.2006,17.75943],[-98.19142,17.75887],[-98.18154,17.75569],[-98.15309,17.73374],[-98.12372,17.72845],[-98.13457,17.72519],[-98.13193,17.72204],[-98.13658,17.72068],[-98.13115,17.70774],[-98.12112,17.70364],[-98.12549,17.70178],[-98.13212,17.70589],[-98.13508,17.70437],[-98.12957,17.69023],[-98.12354,17.68535],[-98.13641,17.6798],[-98.14656,17.68273],[-98.16278,17.67908],[-98.16189,17.67221],[-98.16847,17.67131],[-98.16937,17.66743],[-98.15668,17.66075],[-98.15494,17.65282],[-98.14271,17.64648],[-98.15422,17.63665],[-98.12252,17.61808],[-98.12961,17.58527],[-98.13723,17.58177],[-98.13935,17.56541],[-98.12349,17.56738],[-98.12712,17.5705],[-98.10935,17.5697],[-98.10043,17.59236],[-98.10209,17.59639],[-98.09656,17.59905],[-98.09715,17.62531],[-98.08855,17.64131],[-98.08406,17.63317],[-98.0843,17.64453],[-98.06934,17.64673],[-98.06161,17.63588],[-98.06255,17.63094],[-98.05339,17.62576],[-98.0441,17.62734],[-98.03349,17.61012],[-98.04205,17.5905],[-98.04147,17.58185],[-98.03841,17.56682],[-98.03444,17.56597],[-98.03769,17.55453],[-98.02672,17.52788],[-98.02308,17.50945],[-98.02944,17.50826],[-98.0376,17.51185],[-98.046,17.52489],[-98.06726,17.52937],[-98.07299,17.51229],[-98.07252,17.50975],[-98.06341,17.50711],[-98.0653,17.50278],[-98.07216,17.49987],[-98.06431,17.49888],[-98.06694,17.48723],[-98.0709,17.48431],[-98.07804,17.48962],[-98.0856,17.46767],[-98.08951,17.46447],[-98.09657,17.46627],[-98.11173,17.45427],[-98.10813,17.44933],[-98.11599,17.43462],[-98.12471,17.42964],[-98.13286,17.41572],[-98.1298,17.41119],[-98.13345,17.40598],[-98.1325,17.39997],[-98.13956,17.39783],[-98.14175,17.37974],[-98.16753,17.38239],[-98.18569,17.4112],[-98.19498,17.40504],[-98.20364,17.4148],[-98.20196,17.48248],[-98.21209,17.48657],[-98.21289,17.5027],[-98.20426,17.54244],[-98.1995,17.54431],[-98.18332,17.60086],[-98.17638,17.59676],[-98.18182,17.60598],[-98.18218,17.6192],[-98.17982,17.62333],[-98.16678,17.62676],[-98.16531,17.62976],[-98.16998,17.62971],[-98.17662,17.6372],[-98.19677,17.64005],[-98.19913,17.64348],[-98.19364,17.6636],[-98.18214,17.67981],[-98.18154,17.70864],[-98.1822,17.7198],[-98.2014,17.71746],[-98.20317,17.73062],[-98.19805,17.74213],[-98.20755,17.73274],[-98.21141,17.73345],[-98.2204,17.74156],[-98.22675,17.74148],[-98.23805,17.76184],[-98.24456,17.75528],[-98.26475,17.76894],[-98.26479,17.77396],[-98.26967,17.77627],[-98.26759,17.78417],[-98.25749,17.78544],[-98.25252,17.79745],[-98.24399,17.78773]]]]}},{"type":"Feature","properties":{"code":"20543","stateCode":"20","municipalityCode":"543","name":"Tataltepec de Valdés"},"geometry":{"type":"Polygon","coordinates":[[[-97.60594,16.38785],[-97.58152,16.37996],[-97.55189,16.35946],[-97.48229,16.36202],[-97.46806,16.34926],[-97.43705,16.33545],[-97.43995,16.28025],[-97.45855,16.27443],[-97.45908,16.269],[-97.46675,16.26427],[-97.47464,16.27386],[-97.47773,16.26855],[-97.47613,16.26264],[-97.48054,16.26181],[-97.48097,16.26931],[-97.48337,16.26991],[-97.49114,16.26484],[-97.48867,16.26034],[-97.49725,16.26148],[-97.49722,16.25796],[-97.50352,16.25693],[-97.5029,16.25166],[-97.5076,16.25592],[-97.51008,16.24907],[-97.51378,16.25038],[-97.51646,16.24719],[-97.52073,16.24653],[-97.52529,16.25133],[-97.52807,16.24836],[-97.53408,16.24969],[-97.5352,16.24457],[-97.54245,16.24761],[-97.54867,16.24514],[-97.54909,16.24119],[-97.55706,16.24429],[-97.57678,16.2409],[-97.58006,16.23738],[-97.59244,16.23855],[-97.59475,16.24329],[-97.59901,16.24365],[-97.59182,16.25341],[-97.60172,16.26188],[-97.6087,16.28128],[-97.6054,16.2933],[-97.61503,16.2984],[-97.59988,16.31544],[-97.60418,16.31886],[-97.61194,16.31903],[-97.62786,16.33163],[-97.62945,16.33643],[-97.62787,16.33909],[-97.61363,16.34013],[-97.61113,16.34881],[-97.6179,16.35866],[-97.61057,16.36342],[-97.60594,16.38785]]]}},{"type":"Feature","properties":{"code":"20548","stateCode":"20","municipalityCode":"548","name":"Tepelmeme Villa de Morelos"},"geometry":{"type":"Polygon","coordinates":[[[-97.22835,18.17455],[-97.21435,18.16367],[-97.21342,18.10662],[-97.19227,18.03526],[-97.19523,18.01965],[-97.19576,17.97043],[-97.24537,17.91535],[-97.38859,17.82592],[-97.39299,17.8631],[-97.39064,17.87318],[-97.38839,17.87247],[-97.39572,17.88417],[-97.40688,17.88917],[-97.4177,17.90212],[-97.42231,17.91174],[-97.41439,17.9202],[-97.41969,17.93725],[-97.42548,17.94415],[-97.40931,17.95248],[-97.3888,17.99665],[-97.38519,17.99772],[-97.36522,18.04458],[-97.36292,18.07352],[-97.36959,18.0886],[-97.36887,18.10053],[-97.36652,18.10139],[-97.36902,18.10327],[-97.3551,18.11676],[-97.35486,18.1218],[-97.33967,18.13019],[-97.33209,18.14548],[-97.31844,18.14578],[-97.30326,18.15912],[-97.26627,18.15855],[-97.25959,18.1638],[-97.25488,18.16298],[-97.25223,18.16716],[-97.25056,18.16533],[-97.24715,18.16966],[-97.24444,18.16678],[-97.24269,18.17131],[-97.23701,18.1732],[-97.23278,18.17033],[-97.22835,18.17455]]]}},{"type":"Feature","properties":{"code":"20076","stateCode":"20","municipalityCode":"076","name":"La Reforma"},"geometry":{"type":"Polygon","coordinates":[[[-97.82479,16.75387],[-97.80775,16.74322],[-97.81639,16.737],[-97.79838,16.71528],[-97.81748,16.67831],[-97.79741,16.65721],[-97.82127,16.62956],[-97.81749,16.61281],[-97.79841,16.60069],[-97.80427,16.58854],[-97.82686,16.59683],[-97.84188,16.5933],[-97.8396,16.57802],[-97.85937,16.56567],[-97.86928,16.57708],[-97.93474,16.56458],[-97.93095,16.56694],[-97.93258,16.57096],[-97.9196,16.60948],[-97.94066,16.64353],[-97.92874,16.66058],[-97.90007,16.66407],[-97.89358,16.68087],[-97.89283,16.71157],[-97.85736,16.71864],[-97.8467,16.71236],[-97.83932,16.71185],[-97.83702,16.71707],[-97.84576,16.74399],[-97.82479,16.75387]]]}},{"type":"Feature","properties":{"code":"20463","stateCode":"20","municipalityCode":"463","name":"Santiago Huauclilla"},"geometry":{"type":"Polygon","coordinates":[[[-96.98739,17.55595],[-96.97765,17.55095],[-96.98083,17.54573],[-96.95847,17.54565],[-96.95595,17.5344],[-96.97604,17.50883],[-96.9861,17.50745],[-96.9907,17.5008],[-97.01311,17.50065],[-97.01749,17.49796],[-97.019,17.48018],[-97.03227,17.48097],[-97.03076,17.47617],[-97.03376,17.46738],[-97.02914,17.46628],[-97.02211,17.45282],[-97.04906,17.43368],[-97.05578,17.42385],[-97.06026,17.42806],[-97.06859,17.42692],[-97.07981,17.4321],[-97.10365,17.43506],[-97.11198,17.45346],[-97.13022,17.47211],[-97.10726,17.47696],[-97.10092,17.48751],[-97.09695,17.48402],[-97.07247,17.48715],[-97.06922,17.48945],[-97.07379,17.50625],[-97.08103,17.5183],[-97.04928,17.5268],[-97.04141,17.53484],[-97.02169,17.51509],[-96.99541,17.50639],[-96.99355,17.52238],[-97.01641,17.54082],[-97.01163,17.5516],[-96.99329,17.54597],[-96.98739,17.55595]]]}},{"type":"Feature","properties":{"code":"20436","stateCode":"20","municipalityCode":"436","name":"Santa María Texcatitlán"},"geometry":{"type":"Polygon","coordinates":[[[-97.00852,17.75],[-97.01382,17.72112],[-97.04164,17.71292],[-97.04865,17.705],[-97.06642,17.69782],[-97.06901,17.69922],[-97.08737,17.67826],[-97.09708,17.68849],[-97.10114,17.69482],[-97.07909,17.71468],[-97.07416,17.72237],[-97.07504,17.72745],[-97.06553,17.73697],[-97.04244,17.74416],[-97.03337,17.754],[-97.01853,17.75975],[-97.00952,17.75962],[-97.00852,17.75]]]}},{"type":"Feature","properties":{"code":"20523","stateCode":"20","municipalityCode":"523","name":"Santo Domingo Yanhuitlán"},"geometry":{"type":"Polygon","coordinates":[[[-97.33115,17.57803],[-97.31189,17.56738],[-97.29991,17.55664],[-97.3126,17.53973],[-97.31406,17.5229],[-97.30762,17.51112],[-97.29712,17.51516],[-97.29051,17.50315],[-97.29392,17.49934],[-97.3064,17.50513],[-97.31029,17.51009],[-97.33577,17.50508],[-97.33752,17.50161],[-97.32751,17.47713],[-97.34083,17.47804],[-97.3563,17.49131],[-97.38949,17.47375],[-97.39248,17.48289],[-97.38997,17.50109],[-97.36946,17.49946],[-97.35729,17.51261],[-97.35551,17.5209],[-97.36294,17.53029],[-97.38601,17.54248],[-97.40036,17.54168],[-97.39247,17.56755],[-97.35442,17.57722],[-97.34312,17.57742],[-97.33878,17.57227],[-97.32704,17.57423],[-97.33115,17.57803]]]}},{"type":"Feature","properties":{"code":"20054","stateCode":"20","municipalityCode":"054","name":"Magdalena Zahuatlán"},"geometry":{"type":"Polygon","coordinates":[[[-97.2119,17.41935],[-97.19928,17.37564],[-97.2091,17.36616],[-97.24317,17.36448],[-97.24541,17.38535],[-97.2495,17.3932],[-97.2466,17.39687],[-97.25156,17.40553],[-97.24817,17.40414],[-97.22529,17.42016],[-97.2119,17.41935]]]}},{"type":"Feature","properties":{"code":"20168","stateCode":"20","municipalityCode":"168","name":"San José Estancia Grande"},"geometry":{"type":"Polygon","coordinates":[[[-98.25692,16.41113],[-98.21239,16.40458],[-98.19783,16.3874],[-98.20084,16.37302],[-98.23339,16.34789],[-98.23758,16.34742],[-98.23817,16.34065],[-98.29575,16.35737],[-98.30945,16.3528],[-98.31554,16.39288],[-98.26613,16.40227],[-98.25692,16.41113]]]}},{"type":"Feature","properties":{"code":"20185","stateCode":"20","municipalityCode":"185","name":"San Juan Cacahuatepec"},"geometry":{"type":"Polygon","coordinates":[[[-98.12988,16.75555],[-98.1085,16.74162],[-98.1311,16.67936],[-98.14277,16.67946],[-98.15152,16.67459],[-98.15476,16.65637],[-98.14475,16.6494],[-98.14346,16.64121],[-98.1262,16.64316],[-98.11431,16.63443],[-98.09698,16.6292],[-98.09378,16.62474],[-98.08284,16.62616],[-98.07594,16.62345],[-98.07407,16.61761],[-98.06631,16.61288],[-98.07332,16.60932],[-98.06718,16.60508],[-98.06798,16.59626],[-98.07343,16.59644],[-98.07092,16.59288],[-98.08822,16.59287],[-98.09424,16.58866],[-98.0941,16.58225],[-98.08842,16.57918],[-98.09173,16.57739],[-98.08802,16.57053],[-98.09033,16.56221],[-98.10332,16.56034],[-98.10512,16.56986],[-98.11327,16.57006],[-98.11326,16.58512],[-98.12903,16.5865],[-98.14537,16.5842],[-98.14681,16.56809],[-98.1421,16.562],[-98.14518,16.55958],[-98.1481,16.56237],[-98.15429,16.56178],[-98.15572,16.55762],[-98.16391,16.55489],[-98.16633,16.55832],[-98.17056,16.55538],[-98.18754,16.55775],[-98.19443,16.55299],[-98.21361,16.55593],[-98.20118,16.57243],[-98.21074,16.57252],[-98.20334,16.58724],[-98.20467,16.5911],[-98.19378,16.62146],[-98.19667,16.62336],[-98.21421,16.6188],[-98.22004,16.63199],[-98.22846,16.6395],[-98.23433,16.65637],[-98.23307,16.67063],[-98.24631,16.67237],[-98.24344,16.6967],[-98.23797,16.70741],[-98.23489,16.70705],[-98.23353,16.71737],[-98.22135,16.70855],[-98.20154,16.71267],[-98.20552,16.69802],[-98.20027,16.69724],[-98.19521,16.69877],[-98.19213,16.70641],[-98.18439,16.70515],[-98.18251,16.71153],[-98.17521,16.718],[-98.16593,16.72171],[-98.15982,16.7195],[-98.15372,16.72528],[-98.13899,16.72378],[-98.13653,16.73189],[-98.1257,16.73908],[-98.12802,16.74524],[-98.1242,16.75101],[-98.13394,16.75094],[-98.13538,16.75739],[-98.12988,16.75555]]]}},{"type":"Feature","properties":{"code":"20246","stateCode":"20","municipalityCode":"246","name":"San Mateo Cajonos"},"geometry":{"type":"Polygon","coordinates":[[[-96.20024,17.17721],[-96.18587,17.15966],[-96.1791,17.14529],[-96.16211,17.1321],[-96.17844,17.13112],[-96.19748,17.13648],[-96.21629,17.15105],[-96.22316,17.16076],[-96.22184,17.16306],[-96.21508,17.16829],[-96.21058,17.17754],[-96.20024,17.17721]]]}},{"type":"Feature","properties":{"code":"20277","stateCode":"20","municipalityCode":"277","name":"Villa Sola de Vega"},"geometry":{"type":"Polygon","coordinates":[[[-97.22232,16.86687],[-97.22223,16.85668],[-97.22672,16.85403],[-97.22203,16.84915],[-97.21101,16.8585],[-97.20853,16.85597],[-97.20667,16.86293],[-97.19619,16.85528],[-97.16845,16.85192],[-97.16882,16.82859],[-97.17301,16.81903],[-97.17865,16.81732],[-97.17891,16.8072],[-97.1882,16.79522],[-97.18766,16.7851],[-97.18428,16.77986],[-97.17581,16.77673],[-97.1723,16.76539],[-97.16794,16.76423],[-97.16561,16.75833],[-97.14616,16.76355],[-97.15699,16.75086],[-97.1561,16.74755],[-97.17358,16.7356],[-97.1678,16.72632],[-97.16813,16.7151],[-97.17239,16.71695],[-97.17363,16.72361],[-97.18352,16.72891],[-97.20543,16.71921],[-97.18231,16.70728],[-97.18283,16.70094],[-97.17611,16.69096],[-97.16163,16.68581],[-97.17204,16.68199],[-97.1876,16.66535],[-97.18935,16.65785],[-97.18132,16.66226],[-97.16183,16.65932],[-97.1553,16.66656],[-97.14208,16.67172],[-97.13307,16.65224],[-97.12618,16.64749],[-97.11472,16.64694],[-97.10444,16.63779],[-97.09579,16.62455],[-97.10036,16.62099],[-97.09919,16.61756],[-97.10339,16.61667],[-97.10071,16.61381],[-97.09993,16.601],[-97.09072,16.59393],[-97.09051,16.58379],[-97.05565,16.57174],[-97.05798,16.56189],[-97.06678,16.56321],[-97.07858,16.55651],[-97.06909,16.53446],[-97.04342,16.51554],[-97.011,16.53786],[-97.01683,16.54649],[-97.0074,16.54935],[-97.00341,16.54296],[-96.99184,16.54789],[-96.99266,16.56027],[-96.98829,16.58173],[-96.99678,16.59214],[-96.99751,16.61142],[-97.00352,16.63317],[-96.99744,16.64258],[-96.99916,16.64823],[-96.99465,16.6581],[-97.0012,16.67628],[-96.99472,16.67987],[-96.98573,16.6975],[-96.97871,16.69854],[-96.97914,16.72403],[-96.94781,16.72484],[-96.92832,16.64123],[-96.9246,16.63838],[-96.9356,16.63798],[-96.94537,16.63022],[-96.96124,16.63156],[-96.96849,16.62766],[-96.97989,16.63149],[-96.98652,16.63002],[-96.97522,16.61714],[-96.96694,16.59176],[-96.96385,16.58952],[-96.97217,16.56706],[-96.98118,16.56041],[-96.98008,16.55241],[-96.98609,16.54305],[-96.98394,16.53667],[-96.99369,16.52974],[-96.99276,16.51738],[-96.98766,16.51436],[-96.98106,16.51597],[-96.97577,16.53262],[-96.97954,16.54167],[-96.97712,16.54555],[-96.97138,16.54599],[-96.96989,16.54835],[-96.97236,16.54981],[-96.96651,16.55365],[-96.96752,16.55602],[-96.95303,16.55603],[-96.95976,16.56751],[-96.95596,16.57564],[-96.92993,16.57243],[-96.93239,16.56792],[-96.92402,16.56894],[-96.9237,16.55787],[-96.92951,16.55889],[-96.93927,16.55426],[-96.94017,16.55235],[-96.93955,16.54981],[-96.94054,16.54774],[-96.93995,16.54621],[-96.94024,16.5458],[-96.94693,16.54816],[-96.95192,16.54423],[-96.96145,16.52601],[-96.97615,16.51883],[-96.97521,16.50703],[-96.96324,16.50053],[-96.96443,16.49569],[-96.95509,16.48711],[-96.94507,16.48233],[-96.93416,16.48466],[-96.93355,16.48151],[-96.94037,16.47417],[-96.93448,16.46764],[-96.92198,16.46984],[-96.90931,16.47788],[-96.85447,16.46216],[-96.85337,16.45793],[-96.84967,16.4578],[-96.85655,16.45579],[-96.86598,16.44534],[-96.86773,16.42477],[-96.88038,16.40927],[-96.87943,16.40229],[-96.88519,16.37867],[-96.8836,16.37536],[-96.87816,16.37451],[-96.89248,16.36675],[-96.88521,16.35123],[-96.88271,16.34937],[-96.87906,16.35386],[-96.87398,16.34221],[-96.88215,16.33853],[-96.88134,16.3329],[-96.88576,16.32631],[-96.86967,16.3297],[-96.86553,16.32069],[-96.85725,16.31366],[-96.85339,16.31741],[-96.84991,16.31653],[-96.86697,16.30005],[-96.86963,16.29212],[-96.86622,16.28612],[-96.87333,16.28484],[-96.87597,16.2764],[-96.87907,16.27896],[-96.87703,16.28558],[-96.88598,16.28645],[-96.88374,16.29308],[-96.89432,16.29243],[-96.89987,16.30137],[-96.90969,16.30316],[-96.90862,16.31495],[-96.9172,16.32123],[-96.9143,16.32642],[-96.92499,16.3206],[-96.92752,16.31228],[-96.9399,16.31655],[-96.93426,16.32096],[-96.93731,16.32626],[-96.94142,16.32175],[-96.95821,16.32303],[-96.97323,16.31791],[-96.98343,16.32059],[-96.98498,16.32526],[-96.99238,16.32211],[-96.99915,16.3351],[-97.0051,16.3375],[-97.01265,16.33408],[-97.02016,16.34374],[-97.01847,16.34822],[-97.02576,16.35024],[-97.02619,16.35288],[-97.03164,16.35395],[-97.0476,16.34757],[-97.04674,16.35485],[-97.05342,16.35359],[-97.05472,16.36047],[-97.05784,16.35855],[-97.06018,16.36079],[-97.05913,16.36828],[-97.06407,16.36224],[-97.07058,16.36685],[-97.07224,16.3627],[-97.0776,16.36614],[-97.08285,16.36273],[-97.08189,16.35522],[-97.08693,16.34698],[-97.09726,16.34738],[-97.10498,16.36507],[-97.1134,16.36215],[-97.12031,16.35198],[-97.12565,16.35825],[-97.129,16.35126],[-97.13353,16.35582],[-97.13807,16.35074],[-97.1552,16.35233],[-97.16578,16.36198],[-97.16509,16.35118],[-97.17412,16.35373],[-97.18872,16.34674],[-97.19123,16.34972],[-97.18662,16.3531],[-97.18729,16.35624],[-97.19495,16.35724],[-97.20367,16.36422],[-97.21353,16.36095],[-97.21664,16.36706],[-97.23093,16.37294],[-97.22598,16.37393],[-97.22129,16.38043],[-97.22136,16.3902],[-97.21072,16.39826],[-97.21184,16.40596],[-97.20456,16.40536],[-97.20656,16.41756],[-97.2043,16.42092],[-97.19149,16.42552],[-97.18142,16.42247],[-97.17856,16.4246],[-97.17693,16.43187],[-97.17426,16.4326],[-97.17505,16.43755],[-97.171,16.43803],[-97.16715,16.45004],[-97.16017,16.45848],[-97.16475,16.47622],[-97.12006,16.48495],[-97.12149,16.49097],[-97.11889,16.49333],[-97.1216,16.49641],[-97.11773,16.50635],[-97.13462,16.55202],[-97.14592,16.55425],[-97.15219,16.56519],[-97.15085,16.57513],[-97.15994,16.598],[-97.19861,16.64697],[-97.20086,16.65792],[-97.19509,16.67065],[-97.19907,16.69796],[-97.20547,16.69968],[-97.21089,16.70904],[-97.21529,16.70707],[-97.21971,16.71017],[-97.21577,16.71292],[-97.22105,16.71584],[-97.22006,16.73812],[-97.18813,16.757],[-97.18571,16.76276],[-97.22443,16.75292],[-97.25748,16.75742],[-97.27669,16.76794],[-97.2794,16.77991],[-97.25756,16.79531],[-97.25196,16.80853],[-97.24644,16.81005],[-97.24418,16.81453],[-97.25719,16.83354],[-97.25709,16.8395],[-97.27547,16.84698],[-97.27849,16.85952],[-97.28302,16.86334],[-97.27774,16.86674],[-97.2674,16.85226],[-97.25039,16.85099],[-97.24547,16.86079],[-97.23281,16.86139],[-97.22232,16.86687]]]}},{"type":"Feature","properties":{"code":"20542","stateCode":"20","municipalityCode":"542","name":"Taniche"},"geometry":{"type":"Polygon","coordinates":[[[-96.7849,16.58585],[-96.7491,16.58191],[-96.76094,16.57591],[-96.74925,16.57575],[-96.74882,16.57105],[-96.74505,16.5721],[-96.74247,16.56838],[-96.75426,16.5618],[-96.77564,16.56058],[-96.78627,16.54886],[-96.78821,16.55044],[-96.7849,16.58585]]]}},{"type":"Feature","properties":{"code":"20357","stateCode":"20","municipalityCode":"357","name":"Santa Ana Tavela"},"geometry":{"type":"Polygon","coordinates":[[[-95.91894,16.69356],[-95.91475,16.68462],[-95.88988,16.6702],[-95.88076,16.66081],[-95.82098,16.61915],[-95.81705,16.59832],[-95.80815,16.59219],[-95.80373,16.58261],[-95.80302,16.57289],[-95.8384,16.54391],[-95.8382,16.53517],[-95.85053,16.52892],[-95.85927,16.51863],[-95.87031,16.53016],[-95.91824,16.56267],[-95.94157,16.55979],[-95.92957,16.58807],[-95.92942,16.59783],[-95.94927,16.6169],[-95.95226,16.63055],[-95.95686,16.62703],[-95.95473,16.65794],[-95.94648,16.66156],[-95.93049,16.67846],[-95.92384,16.69429],[-95.91894,16.69356]]]}},{"type":"Feature","properties":{"code":"20489","stateCode":"20","municipalityCode":"489","name":"Santiago Tetepec"},"geometry":{"type":"Polygon","coordinates":[[[-97.66382,16.4761],[-97.63041,16.46512],[-97.62005,16.45238],[-97.61704,16.42784],[-97.61209,16.42327],[-97.60432,16.42645],[-97.59336,16.41893],[-97.61039,16.41297],[-97.60806,16.41188],[-97.61255,16.39777],[-97.60594,16.38785],[-97.60612,16.37972],[-97.61071,16.37066],[-97.61057,16.36342],[-97.61813,16.35752],[-97.61112,16.348],[-97.61465,16.33936],[-97.62599,16.33951],[-97.62945,16.33643],[-97.62786,16.33163],[-97.61194,16.31903],[-97.60418,16.31886],[-97.59988,16.31544],[-97.61503,16.2984],[-97.6054,16.2933],[-97.6087,16.28128],[-97.60566,16.26862],[-97.59868,16.25919],[-97.61032,16.25765],[-97.63844,16.26515],[-97.64963,16.25515],[-97.65984,16.25222],[-97.73836,16.24177],[-97.76719,16.25357],[-97.76498,16.26991],[-97.77492,16.27907],[-97.77451,16.28457],[-97.7874,16.31818],[-97.77765,16.33496],[-97.7806,16.34235],[-97.77131,16.33891],[-97.75873,16.34219],[-97.75396,16.33662],[-97.74831,16.33758],[-97.71694,16.31883],[-97.70543,16.30791],[-97.68319,16.35274],[-97.69598,16.36266],[-97.70232,16.37412],[-97.70175,16.38936],[-97.70752,16.40568],[-97.69809,16.44299],[-97.6841,16.46928],[-97.67486,16.46428],[-97.66382,16.4761]]]}},{"type":"Feature","properties":{"code":"20490","stateCode":"20","municipalityCode":"490","name":"Santiago Texcalcingo"},"geometry":{"type":"Polygon","coordinates":[[[-96.97552,18.23251],[-96.9635,18.22911],[-96.95246,18.22003],[-96.94091,18.21957],[-96.94815,18.21709],[-96.95567,18.20683],[-96.96348,18.20209],[-96.98433,18.1996],[-96.99365,18.20231],[-97.00409,18.19861],[-97.00943,18.20787],[-97.00238,18.2135],[-96.99878,18.22734],[-96.97552,18.23251]]]}},{"type":"Feature","properties":{"code":"20502","stateCode":"20","municipalityCode":"502","name":"Santiago Zacatepec"},"geometry":{"type":"Polygon","coordinates":[[[-95.88034,17.28102],[-95.87585,17.27342],[-95.85475,17.26028],[-95.84855,17.26368],[-95.82452,17.25625],[-95.80072,17.23007],[-95.79084,17.22197],[-95.77979,17.21912],[-95.79072,17.2149],[-95.7968,17.20434],[-95.81979,17.20798],[-95.83302,17.20356],[-95.8421,17.20415],[-95.82378,17.18547],[-95.81127,17.18654],[-95.82015,17.15953],[-95.81886,17.14363],[-95.82785,17.1371],[-95.85133,17.12816],[-95.89437,17.13195],[-95.90945,17.12443],[-95.92681,17.13944],[-95.96272,17.13717],[-95.96819,17.15819],[-95.97917,17.17796],[-95.98059,17.1887],[-95.96515,17.19852],[-95.95737,17.21727],[-95.94338,17.22554],[-95.93486,17.23575],[-95.92972,17.23324],[-95.92572,17.23869],[-95.91588,17.23493],[-95.90907,17.2386],[-95.90733,17.23609],[-95.90213,17.23713],[-95.89678,17.26081],[-95.89993,17.26801],[-95.89814,17.27723],[-95.88034,17.28102]]]}},{"type":"Feature","properties":{"code":"20163","stateCode":"20","municipalityCode":"163","name":"San Jerónimo Tecóatl"},"geometry":{"type":"Polygon","coordinates":[[[-96.90142,18.17158],[-96.89133,18.16519],[-96.90276,18.14878],[-96.91835,18.14819],[-96.92532,18.14409],[-96.93183,18.14644],[-96.94037,18.14127],[-96.94388,18.13475],[-96.95044,18.1356],[-96.96087,18.1293],[-96.96533,18.1203],[-96.96961,18.13206],[-96.95196,18.14603],[-96.93936,18.17153],[-96.91366,18.16942],[-96.90142,18.17158]]]}},{"type":"Feature","properties":{"code":"20166","stateCode":"20","municipalityCode":"166","name":"San José Chiltepec"},"geometry":{"type":"Polygon","coordinates":[[[-96.15698,18.00629],[-96.13157,18.00427],[-96.12994,17.98752],[-96.10125,17.96358],[-96.10381,17.94972],[-96.0936,17.94128],[-96.10097,17.94409],[-96.10097,17.93187],[-96.09335,17.93254],[-96.09104,17.92014],[-96.06992,17.93296],[-96.06484,17.92509],[-96.05497,17.92873],[-96.04171,17.91713],[-96.04533,17.90969],[-96.02662,17.89993],[-96.04212,17.86179],[-96.05127,17.87699],[-96.05369,17.88972],[-96.06175,17.88323],[-96.07708,17.87827],[-96.06938,17.83679],[-96.08182,17.82345],[-96.08532,17.8258],[-96.10538,17.81993],[-96.14228,17.82438],[-96.14834,17.879],[-96.14801,17.88315],[-96.13972,17.88459],[-96.1395,17.88786],[-96.1519,17.90947],[-96.14822,17.91783],[-96.16229,17.92544],[-96.16221,17.91484],[-96.16489,17.91206],[-96.17442,17.91209],[-96.17284,17.9316],[-96.18528,17.92137],[-96.20548,17.92917],[-96.20388,17.93575],[-96.2068,17.9362],[-96.20215,17.94086],[-96.20545,17.94828],[-96.20216,17.97115],[-96.19591,17.97531],[-96.20234,17.98366],[-96.19278,17.99211],[-96.20162,17.9942],[-96.1948,18.00688],[-96.17789,17.99453],[-96.15698,18.00629]]]}},{"type":"Feature","properties":{"code":"20237","stateCode":"20","municipalityCode":"237","name":"San Marcos Arteaga"},"geometry":{"type":"Polygon","coordinates":[[[-97.91035,17.80543],[-97.90347,17.78644],[-97.89702,17.78155],[-97.90256,17.77015],[-97.91028,17.76946],[-97.91172,17.75782],[-97.9022,17.75836],[-97.89273,17.74903],[-97.87103,17.73678],[-97.86986,17.73891],[-97.85941,17.7348],[-97.85434,17.72918],[-97.84547,17.73576],[-97.83449,17.73057],[-97.83401,17.73598],[-97.83059,17.73453],[-97.83017,17.737],[-97.82222,17.73851],[-97.82526,17.73993],[-97.82329,17.74218],[-97.81989,17.7419],[-97.82315,17.75025],[-97.84041,17.75449],[-97.83575,17.75694],[-97.82199,17.75447],[-97.81766,17.75006],[-97.81472,17.75176],[-97.81689,17.75614],[-97.79991,17.74901],[-97.79393,17.75347],[-97.79066,17.73901],[-97.79425,17.73677],[-97.79163,17.73649],[-97.79279,17.73461],[-97.78063,17.73112],[-97.77783,17.73643],[-97.77342,17.72845],[-97.77325,17.70354],[-97.77785,17.6944],[-97.78939,17.7167],[-97.80373,17.71442],[-97.80279,17.70612],[-97.82034,17.70776],[-97.82698,17.70478],[-97.83168,17.72598],[-97.84093,17.71986],[-97.847,17.72376],[-97.83875,17.70503],[-97.84605,17.69676],[-97.84638,17.68953],[-97.85218,17.69156],[-97.8572,17.68694],[-97.86214,17.69268],[-97.86685,17.69331],[-97.86861,17.69938],[-97.87798,17.70442],[-97.88213,17.70421],[-97.89362,17.69459],[-97.9031,17.70059],[-97.92126,17.69752],[-97.91946,17.71079],[-97.93903,17.71629],[-97.94071,17.72515],[-97.93759,17.72566],[-97.94564,17.73316],[-97.95551,17.7292],[-97.97484,17.73332],[-97.97864,17.72947],[-97.98661,17.73105],[-97.99127,17.72469],[-98.00025,17.72408],[-98.00422,17.72899],[-98.00974,17.72468],[-98.02326,17.72923],[-98.01841,17.73977],[-98.02893,17.74743],[-98.04238,17.74303],[-98.03933,17.73718],[-98.0472,17.73353],[-98.04984,17.72063],[-98.05704,17.72014],[-98.05812,17.72245],[-98.06103,17.71913],[-98.06686,17.71968],[-98.0651,17.73153],[-98.06995,17.73981],[-98.0601,17.74048],[-98.05886,17.74399],[-98.04483,17.7422],[-98.05371,17.75239],[-98.04503,17.75642],[-98.02233,17.74911],[-98.00933,17.73746],[-97.98987,17.75228],[-97.94636,17.74627],[-97.94779,17.75096],[-97.94475,17.75519],[-97.95106,17.77371],[-97.95597,17.77821],[-97.96174,17.77792],[-97.96474,17.78415],[-97.91035,17.80543]]]}},{"type":"Feature","properties":{"code":"20506","stateCode":"20","municipalityCode":"506","name":"Santo Domingo Albarradas"},"geometry":{"type":"Polygon","coordinates":[[[-96.18818,17.1154],[-96.1801,17.10938],[-96.18295,17.10279],[-96.17736,17.06429],[-96.19362,17.05186],[-96.19783,17.052],[-96.20083,17.04398],[-96.20577,17.0413],[-96.20903,17.03118],[-96.20775,17.01218],[-96.21065,17.01176],[-96.22889,17.03899],[-96.23363,17.06439],[-96.24072,17.0741],[-96.24886,17.09582],[-96.22534,17.10126],[-96.21612,17.09896],[-96.2021,17.10128],[-96.19233,17.10511],[-96.18818,17.1154]]]}},{"type":"Feature","properties":{"code":"20508","stateCode":"20","municipalityCode":"508","name":"Santo Domingo Chihuitán"},"geometry":{"type":"Polygon","coordinates":[[[-95.16926,16.69486],[-95.16441,16.65429],[-95.15443,16.65763],[-95.15149,16.6087],[-95.13909,16.59458],[-95.13328,16.59428],[-95.13218,16.58918],[-95.13815,16.59097],[-95.14097,16.58772],[-95.14617,16.56486],[-95.15945,16.56796],[-95.15958,16.54889],[-95.1869,16.55249],[-95.1849,16.589],[-95.17735,16.61108],[-95.18539,16.61184],[-95.19838,16.62352],[-95.19974,16.71174],[-95.16218,16.7112],[-95.16926,16.69486]]]}},{"type":"Feature","properties":{"code":"20205","stateCode":"20","municipalityCode":"205","name":"San Juan Lalana"},"geometry":{"type":"Polygon","coordinates":[[[-95.89814,17.70558],[-95.87102,17.70217],[-95.86751,17.68484],[-95.85291,17.67531],[-95.84404,17.67312],[-95.84415,17.66848],[-95.83063,17.65263],[-95.80801,17.6468],[-95.80564,17.64344],[-95.80965,17.63817],[-95.80059,17.62762],[-95.78564,17.63344],[-95.78111,17.63888],[-95.7825,17.62577],[-95.77274,17.62154],[-95.77366,17.60585],[-95.77723,17.60431],[-95.77597,17.60869],[-95.78038,17.61112],[-95.78905,17.61086],[-95.7947,17.60352],[-95.80349,17.6071],[-95.80876,17.59319],[-95.79185,17.58636],[-95.78943,17.59492],[-95.79269,17.59635],[-95.79298,17.60143],[-95.78175,17.60303],[-95.77148,17.5997],[-95.77393,17.5945],[-95.77156,17.58869],[-95.76493,17.58926],[-95.75886,17.58498],[-95.75069,17.5864],[-95.74758,17.58354],[-95.7449,17.58599],[-95.7338,17.57548],[-95.7269,17.57803],[-95.72956,17.57106],[-95.72404,17.55729],[-95.72809,17.55198],[-95.72199,17.54924],[-95.72048,17.54353],[-95.72515,17.53623],[-95.7133,17.53617],[-95.70879,17.5319],[-95.70658,17.53402],[-95.70224,17.51853],[-95.69971,17.52243],[-95.69104,17.52495],[-95.69216,17.5309],[-95.68515,17.53753],[-95.67396,17.53384],[-95.64847,17.53989],[-95.6468,17.54233],[-95.6541,17.56039],[-95.64703,17.55569],[-95.64449,17.54654],[-95.62715,17.54798],[-95.61997,17.541],[-95.61554,17.5427],[-95.60709,17.53982],[-95.60803,17.54499],[-95.60512,17.54901],[-95.60362,17.54452],[-95.59931,17.54367],[-95.59875,17.53461],[-95.59056,17.53828],[-95.58487,17.5352],[-95.57775,17.5387],[-95.57706,17.54575],[-95.57264,17.54864],[-95.57125,17.5453],[-95.57119,17.52953],[-95.58287,17.51929],[-95.59813,17.52512],[-95.60782,17.52378],[-95.61206,17.51549],[-95.61749,17.51933],[-95.6064,17.5065],[-95.60443,17.51278],[-95.59613,17.5092],[-95.59635,17.51373],[-95.59128,17.51379],[-95.58351,17.50173],[-95.58969,17.4976],[-95.58757,17.48951],[-95.59423,17.48227],[-95.60015,17.48213],[-95.60197,17.47658],[-95.62189,17.47669],[-95.63833,17.46889],[-95.66266,17.47479],[-95.66666,17.47794],[-95.66474,17.48077],[-95.66754,17.48374],[-95.68411,17.47608],[-95.66705,17.46259],[-95.66726,17.45919],[-95.67836,17.45158],[-95.67023,17.44684],[-95.65894,17.44569],[-95.66579,17.44086],[-95.66565,17.43703],[-95.67289,17.43537],[-95.67728,17.42697],[-95.68969,17.42561],[-95.69058,17.41966],[-95.70984,17.41034],[-95.74371,17.38286],[-95.72979,17.3601],[-95.73285,17.35255],[-95.72896,17.33555],[-95.74888,17.31849],[-95.76936,17.32282],[-95.79336,17.34399],[-95.80016,17.34218],[-95.81365,17.34687],[-95.82505,17.36782],[-95.82748,17.37969],[-95.82372,17.38508],[-95.82394,17.39441],[-95.81976,17.39737],[-95.82534,17.40218],[-95.84756,17.41148],[-95.85946,17.40346],[-95.86327,17.3877],[-95.86874,17.38699],[-95.88034,17.39616],[-95.89687,17.39859],[-95.9192,17.41165],[-95.92028,17.41854],[-95.9165,17.42417],[-95.89996,17.43875],[-95.95611,17.44602],[-95.97516,17.49225],[-95.96788,17.50053],[-95.95555,17.49184],[-95.91565,17.49149],[-95.91169,17.48414],[-95.90664,17.48628],[-95.9078,17.48285],[-95.89758,17.48951],[-95.8989,17.49428],[-95.89396,17.50976],[-95.90066,17.52815],[-95.92259,17.53067],[-95.92801,17.53755],[-95.89472,17.55547],[-95.89512,17.56737],[-95.88485,17.5651],[-95.88142,17.56735],[-95.88072,17.5802],[-95.87117,17.58449],[-95.85928,17.60624],[-95.86991,17.61733],[-95.86615,17.62666],[-95.86885,17.631],[-95.86635,17.64179],[-95.8704,17.64997],[-95.86836,17.6542],[-95.88018,17.66022],[-95.8798,17.66533],[-95.88396,17.66725],[-95.88297,17.67276],[-95.89102,17.67781],[-95.8934,17.6862],[-95.90374,17.69022],[-95.90296,17.69545],[-95.90072,17.69276],[-95.89772,17.69424],[-95.89814,17.70558]],[[-95.73738,17.51566],[-95.7401,17.50832],[-95.7484,17.50878],[-95.75359,17.50338],[-95.76298,17.50761],[-95.76451,17.51742],[-95.7709,17.51334],[-95.75955,17.49458],[-95.76888,17.49112],[-95.77156,17.47819],[-95.77729,17.4747],[-95.78031,17.4762],[-95.78041,17.46903],[-95.76862,17.46898],[-95.75654,17.46441],[-95.74636,17.4665],[-95.74856,17.46767],[-95.74472,17.46955],[-95.74504,17.47485],[-95.74081,17.47263],[-95.73955,17.47589],[-95.75097,17.48665],[-95.74997,17.49417],[-95.73823,17.49492],[-95.73712,17.50134],[-95.7265,17.50123],[-95.72438,17.50371],[-95.73738,17.51566]]]}},{"type":"Feature","properties":{"code":"20271","stateCode":"20","municipalityCode":"271","name":"San Miguel Mixtepec"},"geometry":{"type":"Polygon","coordinates":[[[-96.89755,16.79118],[-96.876,16.78794],[-96.8948,16.77484],[-96.90966,16.7691],[-96.91299,16.76348],[-96.88563,16.7269],[-96.97914,16.72403],[-96.98078,16.73259],[-97.01584,16.7622],[-97.01449,16.77781],[-96.99586,16.77323],[-96.98873,16.78317],[-96.99085,16.78809],[-96.98213,16.79347],[-96.96806,16.78148],[-96.95831,16.77937],[-96.94989,16.7831],[-96.93468,16.7839],[-96.91965,16.79035],[-96.89755,16.79118]]]}},{"type":"Feature","properties":{"code":"20545","stateCode":"20","municipalityCode":"545","name":"Teotitlán de Flores Magón"},"geometry":{"type":"Polygon","coordinates":[[[-97.00904,18.20587],[-97.00333,18.19543],[-97.00436,18.18486],[-96.99641,18.17152],[-96.99511,18.15336],[-97.00489,18.14331],[-97.04604,18.12184],[-97.07851,18.112],[-97.07719,18.10993],[-97.09458,18.1011],[-97.09947,18.09088],[-97.08865,18.08745],[-97.08735,18.07899],[-97.09316,18.07017],[-97.10993,18.07006],[-97.11611,18.06392],[-97.11519,18.04488],[-97.12772,18.04425],[-97.13038,18.04945],[-97.13506,18.04646],[-97.1438,18.05021],[-97.15304,18.04115],[-97.16632,18.04302],[-97.16503,18.03897],[-97.17009,18.03572],[-97.18328,18.03234],[-97.19227,18.03526],[-97.21342,18.10662],[-97.18819,18.12643],[-97.17347,18.10548],[-97.12702,18.11618],[-97.11925,18.09626],[-97.10848,18.10972],[-97.10948,18.11867],[-97.11581,18.11588],[-97.12281,18.12163],[-97.12112,18.12846],[-97.11801,18.12515],[-97.11598,18.12816],[-97.1189,18.13567],[-97.11019,18.14216],[-97.08872,18.14917],[-97.04209,18.15657],[-97.03771,18.1725],[-97.0402,18.17482],[-97.00904,18.20587]]]}},{"type":"Feature","properties":{"code":"20546","stateCode":"20","municipalityCode":"546","name":"Teotitlán del Valle"},"geometry":{"type":"Polygon","coordinates":[[[-96.49069,17.11323],[-96.47383,17.11179],[-96.46716,17.10697],[-96.4698,17.09239],[-96.4631,17.08076],[-96.46845,17.07335],[-96.47002,17.05968],[-96.46692,17.0514],[-96.49688,16.98705],[-96.52549,16.99471],[-96.53721,17.04462],[-96.53632,17.0592],[-96.54223,17.06652],[-96.55399,17.0455],[-96.56059,17.01616],[-96.56897,17.01919],[-96.56894,17.01045],[-96.58158,17.01637],[-96.57837,17.02965],[-96.58086,17.03726],[-96.59601,17.04803],[-96.59037,17.05187],[-96.58886,17.05704],[-96.54668,17.08427],[-96.54769,17.0874],[-96.53461,17.10599],[-96.52328,17.11399],[-96.50666,17.10267],[-96.49069,17.11323]]]}},{"type":"Feature","properties":{"code":"20547","stateCode":"20","municipalityCode":"547","name":"Teotongo"},"geometry":{"type":"Polygon","coordinates":[[[-97.56623,17.78883],[-97.5532,17.78031],[-97.51851,17.78702],[-97.51487,17.7824],[-97.50953,17.75646],[-97.52149,17.74843],[-97.50876,17.72527],[-97.50212,17.72348],[-97.50613,17.71837],[-97.50132,17.72264],[-97.49442,17.72102],[-97.51028,17.7166],[-97.52348,17.70274],[-97.54448,17.71127],[-97.56241,17.73168],[-97.56596,17.75232],[-97.57514,17.76116],[-97.57157,17.7672],[-97.57426,17.77885],[-97.56623,17.78883]]]}},{"type":"Feature","properties":{"code":"20186","stateCode":"20","municipalityCode":"186","name":"San Juan Cieneguilla"},"geometry":{"type":"Polygon","coordinates":[[[-98.28232,17.93496],[-98.27332,17.92237],[-98.26223,17.92688],[-98.26125,17.92233],[-98.2702,17.9156],[-98.25848,17.9033],[-98.25832,17.89546],[-98.25346,17.88942],[-98.25477,17.88363],[-98.24755,17.88323],[-98.24654,17.87844],[-98.20975,17.87976],[-98.20712,17.887],[-98.20089,17.87391],[-98.19918,17.84187],[-98.20096,17.83523],[-98.20925,17.82656],[-98.2079,17.82452],[-98.21691,17.81668],[-98.22592,17.81895],[-98.23131,17.81544],[-98.24091,17.81876],[-98.24907,17.84144],[-98.24938,17.8612],[-98.24645,17.86511],[-98.25463,17.87704],[-98.27882,17.88269],[-98.28533,17.87406],[-98.28525,17.86768],[-98.29407,17.86284],[-98.28352,17.85588],[-98.27723,17.86024],[-98.27515,17.85591],[-98.26896,17.85404],[-98.27469,17.84587],[-98.26977,17.83975],[-98.26824,17.82527],[-98.27603,17.83125],[-98.28675,17.83377],[-98.29973,17.83147],[-98.30611,17.83691],[-98.32049,17.82944],[-98.34925,17.85953],[-98.33179,17.87998],[-98.32849,17.87914],[-98.32,17.88794],[-98.31677,17.8864],[-98.3159,17.88957],[-98.3024,17.89271],[-98.30083,17.90786],[-98.29041,17.91465],[-98.29195,17.91972],[-98.28232,17.93496]]]}},{"type":"Feature","properties":{"code":"20227","stateCode":"20","municipalityCode":"227","name":"San Lorenzo Cacaotepec"},"geometry":{"type":"Polygon","coordinates":[[[-96.78366,17.16206],[-96.7832,17.15894],[-96.77401,17.1602],[-96.77314,17.15466],[-96.77812,17.15394],[-96.77811,17.14851],[-96.77194,17.1487],[-96.76935,17.14095],[-96.77547,17.13911],[-96.77863,17.14482],[-96.78203,17.14138],[-96.77337,17.12667],[-96.78038,17.12352],[-96.78235,17.12837],[-96.79213,17.12598],[-96.79186,17.11935],[-96.80016,17.11709],[-96.79732,17.11228],[-96.78657,17.10773],[-96.78722,17.10497],[-96.80322,17.10644],[-96.81656,17.09821],[-96.80978,17.09055],[-96.82866,17.08909],[-96.83261,17.09606],[-96.82209,17.12492],[-96.82649,17.14694],[-96.81317,17.14972],[-96.81252,17.15219],[-96.8086,17.14928],[-96.81258,17.1461],[-96.81103,17.1409],[-96.80317,17.14386],[-96.80913,17.15426],[-96.79995,17.15246],[-96.7981,17.16193],[-96.78366,17.16206]]]}},{"type":"Feature","properties":{"code":"20261","stateCode":"20","municipalityCode":"261","name":"San Miguel Amatitlán"},"geometry":{"type":"Polygon","coordinates":[[[-98.12958,17.98749],[-98.11303,17.97843],[-98.11083,17.98186],[-98.09887,17.98168],[-98.09473,17.9853],[-98.0752,17.98062],[-98.06546,17.98557],[-98.05918,17.98194],[-98.05162,17.98219],[-98.05165,17.92745],[-98.01017,17.93332],[-97.9833,17.92442],[-97.98912,17.90648],[-97.98274,17.88589],[-97.97413,17.87926],[-97.90851,17.84895],[-97.91035,17.80543],[-97.96474,17.78415],[-97.97702,17.80727],[-97.97384,17.81084],[-97.97664,17.82012],[-97.96327,17.84202],[-97.96598,17.86472],[-97.96971,17.86919],[-97.97491,17.86849],[-97.97967,17.87458],[-97.98328,17.87281],[-97.98647,17.87571],[-97.99209,17.87053],[-97.99919,17.87782],[-98.00574,17.87895],[-98.01629,17.87084],[-98.01419,17.86492],[-98.01711,17.86251],[-98.00788,17.84543],[-98.01441,17.8432],[-98.0222,17.83425],[-98.04005,17.82641],[-98.0456,17.8199],[-98.04637,17.82863],[-98.05301,17.83583],[-98.05668,17.84613],[-98.06209,17.84566],[-98.06925,17.85895],[-98.06933,17.88208],[-98.10003,17.89259],[-98.07752,17.90229],[-98.08081,17.91194],[-98.09572,17.90641],[-98.09531,17.92773],[-98.11148,17.95087],[-98.11053,17.98082],[-98.11296,17.97816],[-98.11467,17.97836],[-98.11609,17.97602],[-98.12992,17.97798],[-98.13214,17.98344],[-98.12958,17.98749]]]}},{"type":"Feature","properties":{"code":"20552","stateCode":"20","municipalityCode":"552","name":"Tlacotepec Plumas"},"geometry":{"type":"Polygon","coordinates":[[[-97.52573,17.91755],[-97.4869,17.90857],[-97.47032,17.88974],[-97.43384,17.87721],[-97.42838,17.84303],[-97.43113,17.83538],[-97.42779,17.82888],[-97.45318,17.82489],[-97.4603,17.82875],[-97.4684,17.82523],[-97.46886,17.838],[-97.4931,17.86414],[-97.51421,17.87595],[-97.528,17.89504],[-97.52573,17.91755]]]}},{"type":"Feature","properties":{"code":"20550","stateCode":"20","municipalityCode":"550","name":"San Jerónimo Tlacochahuaya"},"geometry":{"type":"Polygon","coordinates":[[[-96.54223,17.06652],[-96.53632,17.0592],[-96.53721,17.04462],[-96.52549,16.99471],[-96.51245,16.99167],[-96.5193,16.9709],[-96.55048,16.97662],[-96.56087,16.98732],[-96.57242,16.97973],[-96.57984,17.00122],[-96.59117,17.00634],[-96.59237,17.00224],[-96.59511,17.0031],[-96.59156,17.01058],[-96.58112,17.01677],[-96.56894,17.01045],[-96.56897,17.01919],[-96.56059,17.01616],[-96.55399,17.0455],[-96.54223,17.06652]]]}},{"type":"Feature","properties":{"code":"20253","stateCode":"20","municipalityCode":"253","name":"San Mateo Piñas"},"geometry":{"type":"Polygon","coordinates":[[[-96.37897,16.04533],[-96.36737,16.04328],[-96.35065,16.02644],[-96.33353,16.02466],[-96.32461,16.02613],[-96.32013,16.03031],[-96.29214,16.03495],[-96.29216,16.02958],[-96.28459,16.02051],[-96.28891,16.0189],[-96.29404,16.02171],[-96.29742,16.01156],[-96.31014,16.01259],[-96.31058,16.0084],[-96.29671,16.00355],[-96.28991,15.99431],[-96.27847,15.99565],[-96.2737,15.9851],[-96.28111,15.97503],[-96.28079,15.97049],[-96.26388,15.97014],[-96.26509,15.96326],[-96.25878,15.95931],[-96.2556,15.96134],[-96.25904,15.95407],[-96.26991,15.94424],[-96.28025,15.94493],[-96.29433,15.93839],[-96.29195,15.93684],[-96.29652,15.92454],[-96.27695,15.91813],[-96.27602,15.92561],[-96.26309,15.91871],[-96.27384,15.91772],[-96.27489,15.91006],[-96.28279,15.90632],[-96.28972,15.91365],[-96.3162,15.91386],[-96.324,15.91758],[-96.32578,15.92268],[-96.33309,15.91882],[-96.33495,15.9141],[-96.33273,15.90892],[-96.33876,15.9094],[-96.35213,15.90375],[-96.38032,15.923],[-96.39187,15.92389],[-96.39359,15.93731],[-96.38563,15.95465],[-96.39323,15.95618],[-96.39954,15.96464],[-96.40327,15.96278],[-96.41205,15.9652],[-96.40623,15.9907],[-96.3923,15.9993],[-96.40217,16.0086],[-96.39554,16.01063],[-96.3867,16.02039],[-96.38573,16.02672],[-96.39231,16.0319],[-96.37897,16.04533]]]}},{"type":"Feature","properties":{"code":"20254","stateCode":"20","municipalityCode":"254","name":"San Mateo Río Hondo"},"geometry":{"type":"Polygon","coordinates":[[[-96.48921,16.18752],[-96.47585,16.17913],[-96.4697,16.1817],[-96.45648,16.17598],[-96.44872,16.17683],[-96.44142,16.17158],[-96.43177,16.15759],[-96.42933,16.14047],[-96.4163,16.1535],[-96.40289,16.15734],[-96.40668,16.14361],[-96.40436,16.13898],[-96.41509,16.1268],[-96.4145,16.11658],[-96.42084,16.11236],[-96.43337,16.11261],[-96.43594,16.12003],[-96.44895,16.12764],[-96.46154,16.12432],[-96.46699,16.1097],[-96.48317,16.12013],[-96.51271,16.10228],[-96.49839,16.08215],[-96.51548,16.06139],[-96.51347,16.05762],[-96.50404,16.06018],[-96.5026,16.05216],[-96.50619,16.04714],[-96.51255,16.0467],[-96.51987,16.03584],[-96.51906,16.0244],[-96.52445,16.02563],[-96.52049,16.01595],[-96.52576,16.01634],[-96.52517,16.01212],[-96.53974,16.01333],[-96.54186,16.02001],[-96.55147,16.02431],[-96.55064,16.03056],[-96.5474,16.03075],[-96.54925,16.03391],[-96.5399,16.03962],[-96.54173,16.04726],[-96.55416,16.04884],[-96.5694,16.0591],[-96.57337,16.06325],[-96.56675,16.06549],[-96.5643,16.07013],[-96.57735,16.08176],[-96.62748,16.09421],[-96.63407,16.1127],[-96.6216,16.11351],[-96.59805,16.14121],[-96.59213,16.14306],[-96.59132,16.14904],[-96.58388,16.1575],[-96.58416,16.17081],[-96.55958,16.18051],[-96.55225,16.17784],[-96.51388,16.18796],[-96.50083,16.1836],[-96.48921,16.18752]]]}},{"type":"Feature","properties":{"code":"20272","stateCode":"20","municipalityCode":"272","name":"San Miguel Panixtlahuaca"},"geometry":{"type":"Polygon","coordinates":[[[-97.37245,16.30973],[-97.37361,16.30502],[-97.36535,16.29973],[-97.36508,16.29563],[-97.35554,16.2852],[-97.35338,16.26826],[-97.32567,16.27748],[-97.3225,16.2751],[-97.32863,16.24851],[-97.32018,16.23484],[-97.3253,16.22982],[-97.35857,16.23307],[-97.36002,16.22479],[-97.37319,16.21836],[-97.37373,16.20668],[-97.36673,16.20374],[-97.37647,16.19376],[-97.3834,16.20276],[-97.38312,16.21586],[-97.39146,16.22663],[-97.39862,16.22343],[-97.40125,16.23014],[-97.41114,16.22743],[-97.41972,16.2168],[-97.42568,16.21434],[-97.42551,16.21128],[-97.43263,16.21017],[-97.42676,16.20429],[-97.42117,16.20521],[-97.42293,16.20199],[-97.41214,16.20063],[-97.41162,16.19487],[-97.40503,16.19459],[-97.39799,16.18826],[-97.40918,16.18213],[-97.39508,16.17557],[-97.38337,16.16372],[-97.37844,16.164],[-97.37752,16.15829],[-97.38966,16.15449],[-97.39073,16.14622],[-97.40679,16.14145],[-97.44101,16.16342],[-97.44245,16.173],[-97.43761,16.18789],[-97.44463,16.19289],[-97.44567,16.19872],[-97.46208,16.19843],[-97.45256,16.26778],[-97.45816,16.27018],[-97.45902,16.27387],[-97.43995,16.28025],[-97.4393,16.27607],[-97.42885,16.28565],[-97.42478,16.29317],[-97.43289,16.30486],[-97.42662,16.30838],[-97.41961,16.30869],[-97.41658,16.30359],[-97.41078,16.303],[-97.40218,16.3075],[-97.37245,16.30973]]]}},{"type":"Feature","properties":{"code":"20273","stateCode":"20","municipalityCode":"273","name":"San Miguel Peras"},"geometry":{"type":"Polygon","coordinates":[[[-96.9402,16.98756],[-96.92675,16.98185],[-96.92492,16.97435],[-96.91743,16.96841],[-96.92029,16.96209],[-96.9174,16.95803],[-96.92757,16.95029],[-96.93255,16.95108],[-96.94593,16.94426],[-96.95322,16.93086],[-96.96287,16.92688],[-96.96391,16.91037],[-96.97154,16.90134],[-96.97135,16.88694],[-96.97712,16.88249],[-96.98702,16.88433],[-96.99374,16.8666],[-97.00253,16.86225],[-97.0135,16.86703],[-97.02913,16.86758],[-97.03683,16.87168],[-97.03964,16.87746],[-97.04447,16.88041],[-97.04999,16.8782],[-97.05303,16.88224],[-97.07326,16.87667],[-97.07672,16.86851],[-97.08166,16.88791],[-97.08909,16.89848],[-97.09306,16.91869],[-97.08325,16.93433],[-97.06889,16.94009],[-97.07178,16.94928],[-97.06929,16.96678],[-97.06304,16.96048],[-97.03532,16.97693],[-97.02424,16.97206],[-97.02152,16.98122],[-97.01366,16.97994],[-97.00429,16.98457],[-96.99831,16.97697],[-96.96848,16.97417],[-96.9562,16.98225],[-96.95047,16.98193],[-96.9402,16.98756]]]}},{"type":"Feature","properties":{"code":"20275","stateCode":"20","municipalityCode":"275","name":"San Miguel Quetzaltepec"},"geometry":{"type":"Polygon","coordinates":[[[-95.78134,17.07144],[-95.78747,17.06645],[-95.7852,17.06428],[-95.78744,17.06023],[-95.78336,17.05538],[-95.77852,17.051],[-95.77546,17.05263],[-95.775,17.04762],[-95.76663,17.04999],[-95.76388,17.04286],[-95.74704,17.03245],[-95.73737,17.03462],[-95.71818,17.02785],[-95.71283,17.03294],[-95.70414,17.02773],[-95.69797,17.02964],[-95.698,17.02585],[-95.69268,17.02333],[-95.69653,17.00929],[-95.69217,16.99352],[-95.70325,16.9994],[-95.71947,16.99032],[-95.7185,16.98531],[-95.71133,16.97852],[-95.71591,16.97671],[-95.72578,16.98161],[-95.72985,16.97971],[-95.73049,16.96606],[-95.73535,16.96],[-95.72951,16.94159],[-95.73287,16.93774],[-95.73315,16.92694],[-95.74093,16.91809],[-95.74345,16.90173],[-95.73961,16.8957],[-95.74462,16.8882],[-95.77766,16.88637],[-95.81424,16.89019],[-95.8363,16.88698],[-95.83937,16.89079],[-95.83655,16.89952],[-95.82994,16.90181],[-95.82553,16.90817],[-95.84349,16.9032],[-95.84782,16.90598],[-95.84773,16.91901],[-95.8434,16.9244],[-95.84578,16.94106],[-95.82749,16.95472],[-95.81348,16.95678],[-95.80925,16.96027],[-95.7971,16.96005],[-95.80143,16.97515],[-95.83554,17.01966],[-95.83832,17.02912],[-95.8512,17.03183],[-95.84966,17.03916],[-95.84646,17.04855],[-95.81917,17.06673],[-95.81296,17.06602],[-95.80261,17.07147],[-95.78134,17.07144]]]}},{"type":"Feature","properties":{"code":"20551","stateCode":"20","municipalityCode":"551","name":"Tlacolula de Matamoros"},"geometry":{"type":"MultiPolygon","coordinates":[[[[-96.16502,16.73032],[-96.17998,16.73012],[-96.20014,16.72257],[-96.1984,16.81073],[-96.16871,16.81462],[-96.15017,16.81099],[-96.14615,16.79846],[-96.14046,16.73721],[-96.16502,16.73032]]],[[[-96.48392,16.98237],[-96.45104,16.9848],[-96.45379,16.97372],[-96.45929,16.96651],[-96.44133,16.96193],[-96.43833,16.96708],[-96.40894,16.95198],[-96.42308,16.94557],[-96.41323,16.93135],[-96.41089,16.932],[-96.41384,16.92281],[-96.42665,16.93006],[-96.42637,16.92393],[-96.41929,16.92045],[-96.42933,16.91125],[-96.43418,16.91096],[-96.50872,16.92946],[-96.52466,16.87104],[-96.54449,16.89253],[-96.54634,16.93072],[-96.5087,16.92956],[-96.50663,16.95477],[-96.5193,16.9709],[-96.51245,16.99167],[-96.48392,16.98237]]]]}},{"type":"Feature","properties":{"code":"20553","stateCode":"20","municipalityCode":"553","name":"Tlalixtac de Cabrera"},"geometry":{"type":"Polygon","coordinates":[[[-96.62248,17.14481],[-96.60724,17.11922],[-96.5978,17.1174],[-96.59222,17.12171],[-96.53801,17.13147],[-96.52328,17.11399],[-96.53783,17.10026],[-96.60259,17.09016],[-96.61405,17.07063],[-96.62474,17.07465],[-96.62683,17.06655],[-96.63542,17.06365],[-96.63529,17.05322],[-96.64022,17.05315],[-96.64293,17.04145],[-96.66326,17.00961],[-96.66632,17.0093],[-96.66941,17.0123],[-96.66684,17.02125],[-96.6734,17.04858],[-96.66361,17.05936],[-96.66126,17.06713],[-96.66393,17.07153],[-96.66082,17.09034],[-96.65511,17.09379],[-96.65054,17.14575],[-96.64273,17.14411],[-96.63633,17.13553],[-96.62248,17.14481]]]}},{"type":"Feature","properties":{"code":"20493","stateCode":"20","municipalityCode":"493","name":"Santiago Tillo"},"geometry":{"type":"Polygon","coordinates":[[[-97.31085,17.48852],[-97.29554,17.49083],[-97.29338,17.48614],[-97.28473,17.48882],[-97.28243,17.4862],[-97.28293,17.4818],[-97.30074,17.47154],[-97.29563,17.46672],[-97.30406,17.46037],[-97.30174,17.45122],[-97.32208,17.44861],[-97.32689,17.44372],[-97.33889,17.44929],[-97.33765,17.46914],[-97.34083,17.47804],[-97.31911,17.47606],[-97.31446,17.47749],[-97.31085,17.48852]]]}},{"type":"Feature","properties":{"code":"20554","stateCode":"20","municipalityCode":"554","name":"Totontepec Villa de Morelos"},"geometry":{"type":"Polygon","coordinates":[[[-96.06703,17.32802],[-96.06495,17.31775],[-96.04675,17.31715],[-96.03856,17.32296],[-96.02906,17.32183],[-96.0215,17.3157],[-95.98948,17.31992],[-95.9964,17.31672],[-95.98656,17.30998],[-95.97807,17.31292],[-95.96768,17.30186],[-95.97275,17.29418],[-95.96961,17.2866],[-95.94983,17.29124],[-95.93948,17.28231],[-95.94125,17.27846],[-95.93842,17.27647],[-95.93527,17.27954],[-95.9246,17.27252],[-95.91874,17.27487],[-95.89955,17.27297],[-95.89678,17.26081],[-95.90213,17.23713],[-95.90733,17.23609],[-95.90907,17.2386],[-95.91588,17.23493],[-95.92572,17.23869],[-95.92972,17.23324],[-95.93486,17.23575],[-95.94338,17.22554],[-95.95737,17.21727],[-95.96515,17.19852],[-95.99789,17.17402],[-96.01082,17.14375],[-96.03871,17.16526],[-96.05656,17.16106],[-96.06148,17.16401],[-96.06093,17.17058],[-96.06843,17.18621],[-96.06352,17.19674],[-96.06406,17.20504],[-96.08833,17.21068],[-96.11417,17.20813],[-96.12611,17.22229],[-96.1461,17.23118],[-96.13784,17.23416],[-96.13674,17.23797],[-96.13018,17.23775],[-96.11284,17.2604],[-96.1053,17.26136],[-96.10031,17.27267],[-96.0927,17.2792],[-96.08535,17.28068],[-96.08109,17.2908],[-96.08801,17.29532],[-96.08055,17.30155],[-96.08524,17.30375],[-96.08139,17.31091],[-96.08224,17.32299],[-96.06962,17.32345],[-96.06703,17.32802]]]}},{"type":"Feature","properties":{"code":"20555","stateCode":"20","municipalityCode":"555","name":"Trinidad Zaachila"},"geometry":{"type":"Polygon","coordinates":[[[-96.82795,16.94217],[-96.76945,16.94528],[-96.7721,16.93122],[-96.75203,16.92342],[-96.75366,16.91692],[-96.75751,16.91666],[-96.75759,16.90233],[-96.76577,16.91125],[-96.76426,16.9175],[-96.76912,16.91479],[-96.77845,16.91742],[-96.8006,16.91649],[-96.82539,16.92266],[-96.82962,16.93452],[-96.82795,16.94217]]]}},{"type":"Feature","properties":{"code":"20018","stateCode":"20","municipalityCode":"018","name":"Concepción Buenavista"},"geometry":{"type":"Polygon","coordinates":[[[-97.4029,18.10749],[-97.39457,18.10006],[-97.38819,18.10225],[-97.37987,18.09442],[-97.37629,18.0947],[-97.37425,18.10142],[-97.36887,18.10053],[-97.36959,18.0886],[-97.36292,18.07352],[-97.36522,18.04458],[-97.38519,17.99772],[-97.3888,17.99665],[-97.40931,17.95248],[-97.42548,17.94415],[-97.41969,17.93725],[-97.41439,17.9202],[-97.42231,17.91174],[-97.4177,17.90212],[-97.40688,17.88917],[-97.39572,17.88417],[-97.38839,17.87247],[-97.39064,17.87318],[-97.39299,17.8631],[-97.40255,17.85983],[-97.40642,17.86873],[-97.43588,17.89194],[-97.45022,17.90853],[-97.52212,17.93931],[-97.53048,17.93085],[-97.53624,17.93238],[-97.53633,17.94091],[-97.5604,17.95217],[-97.57924,17.97389],[-97.583,17.98331],[-97.5729,17.98203],[-97.56667,17.97484],[-97.55207,17.97194],[-97.52548,17.97602],[-97.52206,17.97247],[-97.51388,17.97312],[-97.49842,17.97972],[-97.48347,17.98041],[-97.48355,18.00861],[-97.48047,18.01006],[-97.48261,18.02487],[-97.46521,18.02841],[-97.46874,18.03071],[-97.46481,18.03156],[-97.46262,18.03783],[-97.45947,18.03577],[-97.45638,18.04376],[-97.45322,18.04375],[-97.45493,18.04833],[-97.44749,18.05347],[-97.44855,18.06507],[-97.44446,18.06395],[-97.44136,18.07194],[-97.43575,18.06822],[-97.43487,18.07073],[-97.42556,18.06928],[-97.42579,18.07454],[-97.41584,18.08634],[-97.41842,18.08954],[-97.41412,18.09714],[-97.41134,18.09655],[-97.41133,18.10228],[-97.40548,18.10194],[-97.4029,18.10749]]]}},{"type":"Feature","properties":{"code":"20036","stateCode":"20","municipalityCode":"036","name":"Guevea de Humboldt"},"geometry":{"type":"MultiPolygon","coordinates":[[[[-95.54144,16.76082],[-95.52714,16.76057],[-95.533,16.75382],[-95.52702,16.75506],[-95.53529,16.74274],[-95.5332,16.74296],[-95.53457,16.73715],[-95.52666,16.74027],[-95.52896,16.74173],[-95.52191,16.73979],[-95.54081,16.73364],[-95.54407,16.72445],[-95.54909,16.72866],[-95.5583,16.72856],[-95.55704,16.73554],[-95.57043,16.74797],[-95.56245,16.74958],[-95.55236,16.75927],[-95.54785,16.75761],[-95.54144,16.76082]]],[[[-95.40689,16.94899],[-95.38412,16.94204],[-95.37879,16.9285],[-95.36593,16.92175],[-95.35989,16.9283],[-95.35388,16.92381],[-95.34696,16.92719],[-95.34036,16.92453],[-95.33777,16.93056],[-95.32997,16.93278],[-95.32861,16.91774],[-95.324,16.91307],[-95.31441,16.91484],[-95.30028,16.88938],[-95.31897,16.78795],[-95.37673,16.74937],[-95.46319,16.76972],[-95.47007,16.81534],[-95.48677,16.83485],[-95.48297,16.83923],[-95.46576,16.84275],[-95.45827,16.85043],[-95.43741,16.8516],[-95.43252,16.85685],[-95.42896,16.85456],[-95.42514,16.86073],[-95.41957,16.85606],[-95.41056,16.86274],[-95.40849,16.86926],[-95.42349,16.87612],[-95.4177,16.8811],[-95.41969,16.88595],[-95.4154,16.89654],[-95.42397,16.90497],[-95.42479,16.91294],[-95.41952,16.91802],[-95.43278,16.93766],[-95.41227,16.94902],[-95.40837,16.95504],[-95.40689,16.94899]]]]}},{"type":"Feature","properties":{"code":"20338","stateCode":"20","municipalityCode":"338","name":"Villa de Etla"},"geometry":{"type":"Polygon","coordinates":[[[-96.81046,17.20847],[-96.80375,17.21445],[-96.80431,17.21269],[-96.80414,17.21141],[-96.80348,17.21002],[-96.79596,17.212],[-96.79433,17.20464],[-96.79035,17.20248],[-96.79198,17.20041],[-96.78704,17.20064],[-96.78561,17.19603],[-96.78207,17.19552],[-96.78263,17.20011],[-96.77366,17.20321],[-96.77409,17.19247],[-96.7716,17.19087],[-96.77934,17.18345],[-96.77914,17.17955],[-96.78387,17.17937],[-96.78438,17.18399],[-96.78038,17.18479],[-96.78209,17.191],[-96.78426,17.19088],[-96.78383,17.18529],[-96.78929,17.18899],[-96.78873,17.18421],[-96.80997,17.18309],[-96.80839,17.1958],[-96.80397,17.19976],[-96.80478,17.20726],[-96.81046,17.20847]]]}},{"type":"Feature","properties":{"code":"20344","stateCode":"20","municipalityCode":"344","name":"San Sebastián Coatlán"},"geometry":{"type":"Polygon","coordinates":[[[-96.85043,16.24608],[-96.80781,16.21316],[-96.81625,16.18588],[-96.81168,16.17597],[-96.81721,16.17059],[-96.83382,16.0896],[-96.85208,16.09239],[-96.85678,16.10177],[-96.86613,16.08875],[-96.87673,16.08699],[-96.88188,16.08287],[-96.8675,16.07578],[-96.86015,16.07556],[-96.86491,16.06183],[-96.85744,16.04527],[-96.85865,16.03955],[-96.86937,16.03914],[-96.87492,16.03049],[-96.85477,16.03196],[-96.85007,16.02961],[-96.85025,16.02505],[-96.84653,16.02402],[-96.84393,16.01726],[-96.84693,16.01092],[-96.84043,16.01064],[-96.83751,16.00691],[-96.84423,16.00093],[-96.8344,16.00079],[-96.83772,15.99727],[-96.83733,15.98878],[-96.82653,15.9765],[-96.83009,15.97457],[-96.82742,15.97064],[-96.83175,15.96685],[-96.82876,15.96093],[-96.85387,15.96618],[-96.86838,15.96482],[-96.8949,15.96872],[-96.90866,16.01287],[-96.93447,16.01924],[-96.93343,16.02163],[-96.95569,16.02983],[-96.95616,16.03229],[-96.92839,16.07673],[-96.90982,16.0941],[-96.909,16.10479],[-96.89324,16.13681],[-96.8642,16.18454],[-96.8636,16.21237],[-96.85778,16.21503],[-96.85,16.23111],[-96.85043,16.24608]]]}},{"type":"Feature","properties":{"code":"20366","stateCode":"20","municipalityCode":"366","name":"Santa Catarina Loxicha"},"geometry":{"type":"Polygon","coordinates":[[[-96.73364,16.14045],[-96.66555,16.09943],[-96.64992,16.08549],[-96.65182,16.07907],[-96.65491,16.07845],[-96.65292,16.07181],[-96.65744,16.07177],[-96.651,16.06222],[-96.65554,16.06084],[-96.65555,16.05512],[-96.66345,16.05799],[-96.66488,16.05448],[-96.66195,16.05098],[-96.66981,16.04728],[-96.67155,16.04282],[-96.67526,16.045],[-96.68052,16.04088],[-96.68894,16.04217],[-96.68489,16.03739],[-96.69024,16.03531],[-96.68996,16.02822],[-96.69564,16.02857],[-96.70311,16.02145],[-96.70836,16.02656],[-96.70866,16.01889],[-96.71213,16.02009],[-96.71034,16.01516],[-96.71356,16.01283],[-96.72073,16.01163],[-96.72544,16.01626],[-96.72584,16.01124],[-96.73312,16.00608],[-96.73795,16.00522],[-96.74095,16.00895],[-96.74877,15.99326],[-96.75309,15.99426],[-96.75725,15.99864],[-96.75376,16.00809],[-96.75907,16.00986],[-96.75678,16.01508],[-96.75879,16.01781],[-96.75462,16.0231],[-96.75736,16.02918],[-96.76421,16.03395],[-96.7691,16.03229],[-96.7733,16.03944],[-96.77062,16.04629],[-96.76735,16.04608],[-96.77363,16.06892],[-96.76648,16.07507],[-96.76793,16.08243],[-96.76585,16.08058],[-96.76012,16.08373],[-96.75954,16.10381],[-96.75114,16.10335],[-96.76201,16.12749],[-96.73364,16.14045]]]}},{"type":"Feature","properties":{"code":"20377","stateCode":"20","municipalityCode":"377","name":"Santa Cruz Itundujia"},"geometry":{"type":"Polygon","coordinates":[[[-97.65653,16.91875],[-97.64235,16.91822],[-97.64259,16.90859],[-97.63641,16.90039],[-97.6334,16.8918],[-97.63541,16.88977],[-97.6298,16.88066],[-97.63052,16.87446],[-97.61579,16.84372],[-97.60383,16.79873],[-97.57568,16.76857],[-97.57447,16.73956],[-97.56631,16.73369],[-97.55944,16.73301],[-97.55292,16.72644],[-97.55679,16.72092],[-97.55544,16.70162],[-97.56112,16.69669],[-97.55962,16.69081],[-97.56439,16.68637],[-97.55393,16.67482],[-97.56021,16.673],[-97.56316,16.66397],[-97.59084,16.6562],[-97.59925,16.65039],[-97.60215,16.64233],[-97.61146,16.63657],[-97.6075,16.63069],[-97.61578,16.62463],[-97.61568,16.61621],[-97.62588,16.60805],[-97.63333,16.60635],[-97.64913,16.61453],[-97.67122,16.61965],[-97.68261,16.61767],[-97.70299,16.6222],[-97.71663,16.62048],[-97.72274,16.61412],[-97.74473,16.62365],[-97.76637,16.62496],[-97.79382,16.62159],[-97.77905,16.59309],[-97.79841,16.60069],[-97.81749,16.61281],[-97.82127,16.62956],[-97.79741,16.65721],[-97.81748,16.67831],[-97.80605,16.70314],[-97.76908,16.76169],[-97.75177,16.77929],[-97.75249,16.78485],[-97.73724,16.81172],[-97.7104,16.84182],[-97.69346,16.85147],[-97.68569,16.86786],[-97.66934,16.88078],[-97.67115,16.89158],[-97.66368,16.89962],[-97.65653,16.91875]]]}},{"type":"Feature","properties":{"code":"20451","stateCode":"20","municipalityCode":"451","name":"Santiago Apoala"},"geometry":{"type":"Polygon","coordinates":[[[-97.10694,17.71744],[-97.10114,17.69482],[-97.08779,17.67826],[-97.10782,17.65785],[-97.1187,17.64057],[-97.11486,17.59334],[-97.13129,17.57911],[-97.13955,17.56146],[-97.16149,17.58878],[-97.16239,17.65101],[-97.17258,17.67795],[-97.17955,17.67327],[-97.16116,17.70642],[-97.16114,17.70356],[-97.13792,17.70582],[-97.10694,17.71744]]]}},{"type":"Feature","properties":{"code":"20404","stateCode":"20","municipalityCode":"404","name":"Santa María Chachoápam"},"geometry":{"type":"Polygon","coordinates":[[[-97.28809,17.6376],[-97.28055,17.63107],[-97.28036,17.62527],[-97.27374,17.61611],[-97.28024,17.60971],[-97.27726,17.59834],[-97.28604,17.58027],[-97.28092,17.57601],[-97.27544,17.57323],[-97.24471,17.60218],[-97.20968,17.59691],[-97.19842,17.59158],[-97.1976,17.5849],[-97.19977,17.57884],[-97.23245,17.54464],[-97.25569,17.5291],[-97.24639,17.54247],[-97.25222,17.55228],[-97.25901,17.54736],[-97.25607,17.56138],[-97.27027,17.56346],[-97.2809,17.55742],[-97.28308,17.55051],[-97.27392,17.5357],[-97.27358,17.52865],[-97.27003,17.53081],[-97.26701,17.52638],[-97.27568,17.51774],[-97.28891,17.51753],[-97.30762,17.51112],[-97.31406,17.5229],[-97.31417,17.53563],[-97.30774,17.54936],[-97.29991,17.55664],[-97.30329,17.56052],[-97.30278,17.56705],[-97.29709,17.56417],[-97.29171,17.56565],[-97.29422,17.57696],[-97.28203,17.59247],[-97.29065,17.61247],[-97.2838,17.6147],[-97.29168,17.62529],[-97.29211,17.63413],[-97.28809,17.6376]]]}},{"type":"Feature","properties":{"code":"20407","stateCode":"20","municipalityCode":"407","name":"Santa María Chimalapa"},"geometry":{"type":"Polygon","coordinates":[[[-94.82348,17.18876],[-94.3663,17.16476],[-93.86743,17.13696],[-94.04559,16.69499],[-94.04429,16.7122],[-94.60478,16.71723],[-94.66684,16.72529],[-94.75802,16.75225],[-94.81116,16.77283],[-94.80739,16.78512],[-94.81319,16.7936],[-94.81613,16.79329],[-94.81773,16.80425],[-94.828,16.80559],[-94.83459,16.81453],[-94.84338,16.81016],[-94.84358,16.80238],[-94.84981,16.79426],[-94.85448,16.80118],[-94.8543,16.80805],[-94.86092,16.80996],[-94.86283,16.81382],[-94.86668,16.81233],[-94.86837,16.81726],[-94.87144,16.81549],[-94.89535,16.84756],[-94.90256,16.85006],[-94.90173,16.85952],[-94.89569,16.86511],[-94.90126,16.87322],[-94.89507,16.8786],[-94.89559,16.88194],[-94.88898,16.88006],[-94.89199,16.8839],[-94.88789,16.89054],[-94.89162,16.89583],[-94.88407,16.90082],[-94.88122,16.90945],[-94.8677,16.90963],[-94.85375,16.89321],[-94.83474,16.89531],[-94.82849,16.90118],[-94.82012,16.89991],[-94.80607,16.90712],[-94.79595,16.90348],[-94.7927,16.90698],[-94.79405,16.91046],[-94.79013,16.91003],[-94.7886,16.91454],[-94.78355,16.91081],[-94.77461,16.91277],[-94.77081,16.9283],[-94.78095,16.93353],[-94.77863,16.9384],[-94.77102,16.94142],[-94.7758,16.94937],[-94.78824,16.95371],[-94.79573,16.95041],[-94.80874,16.96215],[-94.82218,16.96243],[-94.81508,16.97462],[-94.834,16.97874],[-94.83409,16.98375],[-94.84396,16.9874],[-94.84822,16.99902],[-94.83974,17.01223],[-94.84126,17.01628],[-94.86349,17.00676],[-94.8718,17.00983],[-94.88142,17.00776],[-94.88419,17.01307],[-94.87906,17.02049],[-94.88341,17.03048],[-94.91032,17.03994],[-94.91671,17.04587],[-94.91373,17.04774],[-94.90173,17.04242],[-94.89314,17.0438],[-94.88875,17.04966],[-94.89935,17.05921],[-94.89319,17.06166],[-94.8836,17.05871],[-94.88048,17.0619],[-94.88294,17.06827],[-94.8773,17.06245],[-94.87579,17.05253],[-94.8795,17.05051],[-94.866,17.05064],[-94.86454,17.05694],[-94.85133,17.05297],[-94.84774,17.04858],[-94.83889,17.05338],[-94.83595,17.03878],[-94.8211,17.02903],[-94.81188,17.02955],[-94.81142,17.04017],[-94.8067,17.03898],[-94.80344,17.04475],[-94.79704,17.0435],[-94.7945,17.03778],[-94.78212,17.03253],[-94.77703,17.0447],[-94.74431,17.04362],[-94.71443,17.07548],[-94.71039,17.07381],[-94.70523,17.08388],[-94.70634,17.08772],[-94.70186,17.08948],[-94.70525,17.0905],[-94.70807,17.09928],[-94.7172,17.09337],[-94.72035,17.09535],[-94.71913,17.09799],[-94.72537,17.10764],[-94.73391,17.10401],[-94.74748,17.10367],[-94.74209,17.09117],[-94.74939,17.09429],[-94.75061,17.09018],[-94.76304,17.09763],[-94.75989,17.1092],[-94.75265,17.11144],[-94.75486,17.11459],[-94.79022,17.11469],[-94.79532,17.12223],[-94.78771,17.12909],[-94.78963,17.13197],[-94.79477,17.13388],[-94.79997,17.12619],[-94.79633,17.12404],[-94.80194,17.12568],[-94.81367,17.14756],[-94.80961,17.15052],[-94.81081,17.15273],[-94.81578,17.15133],[-94.81758,17.15461],[-94.81292,17.15663],[-94.8259,17.17966],[-94.82348,17.18876]]]}},{"type":"Feature","properties":{"code":"20558","stateCode":"20","municipalityCode":"558","name":"Valerio Trujano"},"geometry":{"type":"Polygon","coordinates":[[[-97.00188,17.82414],[-96.99903,17.81771],[-96.99228,17.8137],[-96.98846,17.79783],[-96.98423,17.79328],[-96.96001,17.78433],[-96.95839,17.77457],[-96.96375,17.77195],[-96.96421,17.76434],[-96.95164,17.76429],[-96.94817,17.75487],[-96.95066,17.74396],[-96.9443,17.73543],[-96.961,17.7343],[-96.96899,17.72202],[-97.01382,17.72112],[-97.00842,17.74051],[-97.00952,17.75962],[-97.02775,17.80244],[-97.01505,17.8097],[-97.0106,17.8183],[-97.00188,17.82414]]]}},{"type":"Feature","properties":{"code":"20561","stateCode":"20","municipalityCode":"561","name":"Yaxe"},"geometry":{"type":"Polygon","coordinates":[[[-96.46657,16.7599],[-96.43261,16.73969],[-96.41889,16.73616],[-96.4153,16.72326],[-96.41216,16.72248],[-96.41382,16.70515],[-96.41762,16.69942],[-96.41512,16.69439],[-96.41803,16.68976],[-96.40492,16.69341],[-96.42282,16.66863],[-96.47217,16.6569],[-96.47222,16.66393],[-96.47628,16.66965],[-96.46209,16.66354],[-96.47154,16.70204],[-96.48867,16.71841],[-96.48521,16.73444],[-96.48882,16.74831],[-96.47838,16.7433],[-96.47137,16.74967],[-96.46657,16.7599]]]}},{"type":"Feature","properties":{"code":"20056","stateCode":"20","municipalityCode":"056","name":"Mártires de Tacubaya"},"geometry":{"type":"Polygon","coordinates":[[[-98.20847,16.58477],[-98.20553,16.58593],[-98.21074,16.57252],[-98.20118,16.57243],[-98.21499,16.55726],[-98.19443,16.55299],[-98.18812,16.55762],[-98.20231,16.51032],[-98.27771,16.51285],[-98.28221,16.5464],[-98.29283,16.55778],[-98.26943,16.55846],[-98.26029,16.56296],[-98.24987,16.56351],[-98.2415,16.56777],[-98.24098,16.57276],[-98.22927,16.58089],[-98.20732,16.58989],[-98.20847,16.58477]]]}},{"type":"Feature","properties":{"code":"20563","stateCode":"20","municipalityCode":"563","name":"Yogana"},"geometry":{"type":"Polygon","coordinates":[[[-96.77921,16.48029],[-96.7371,16.47848],[-96.73499,16.47075],[-96.75211,16.45551],[-96.76304,16.43957],[-96.77191,16.4076],[-96.77855,16.39701],[-96.79415,16.39843],[-96.81607,16.41643],[-96.83583,16.42093],[-96.85229,16.43197],[-96.86832,16.43611],[-96.86361,16.44834],[-96.84784,16.45993],[-96.84176,16.46021],[-96.83211,16.45275],[-96.82511,16.45731],[-96.81011,16.46012],[-96.80605,16.45823],[-96.79768,16.4699],[-96.77921,16.48029]]]}},{"type":"Feature","properties":{"code":"20497","stateCode":"20","municipalityCode":"497","name":"Santiago Yaitepec"},"geometry":{"type":"Polygon","coordinates":[[[-97.19934,16.19387],[-97.21981,16.1827],[-97.22511,16.17712],[-97.2241,16.17263],[-97.2351,16.18222],[-97.25062,16.17549],[-97.25606,16.1834],[-97.26878,16.19196],[-97.26837,16.20554],[-97.27725,16.22399],[-97.27578,16.22993],[-97.26852,16.23424],[-97.26037,16.23374],[-97.2566,16.23036],[-97.2164,16.23887],[-97.22086,16.24469],[-97.2163,16.24648],[-97.19934,16.19387]]]}},{"type":"Feature","properties":{"code":"20549","stateCode":"20","municipalityCode":"549","name":"Heroica Villa Tezoatlán de Segura y Luna, Cuna de la Independencia de Oaxaca"},"geometry":{"type":"Polygon","coordinates":[[[-97.83168,17.72598],[-97.82698,17.70478],[-97.82034,17.70776],[-97.80279,17.70612],[-97.80373,17.71442],[-97.78939,17.7167],[-97.77785,17.6944],[-97.77362,17.69568],[-97.77245,17.69179],[-97.77073,17.69419],[-97.77079,17.68029],[-97.75729,17.66044],[-97.74835,17.66309],[-97.73197,17.67473],[-97.72145,17.6597],[-97.71604,17.6591],[-97.71559,17.65236],[-97.7271,17.64499],[-97.74211,17.62558],[-97.74123,17.61382],[-97.74438,17.60288],[-97.73648,17.59114],[-97.75725,17.5751],[-97.8041,17.52506],[-97.81529,17.52106],[-97.83014,17.52616],[-97.83554,17.52178],[-97.85741,17.48193],[-97.85441,17.45083],[-97.86358,17.44473],[-97.86357,17.43585],[-97.88568,17.42013],[-97.89123,17.42651],[-97.90202,17.42692],[-97.90384,17.43667],[-97.90836,17.43722],[-97.90825,17.44635],[-97.91292,17.44395],[-97.91713,17.44655],[-97.91667,17.45629],[-97.92521,17.46467],[-97.93315,17.45978],[-97.95609,17.45622],[-97.96168,17.45791],[-97.96424,17.47732],[-97.97074,17.47468],[-97.96906,17.48112],[-97.97606,17.49638],[-97.97189,17.50402],[-97.97222,17.52923],[-97.95839,17.52976],[-97.94909,17.52666],[-97.9375,17.53037],[-97.94031,17.53917],[-97.94523,17.54004],[-97.94715,17.5579],[-97.95065,17.55451],[-97.95732,17.55484],[-97.95537,17.55853],[-97.96224,17.58024],[-97.95193,17.61856],[-97.9451,17.61232],[-97.92743,17.61838],[-97.93493,17.65572],[-97.89055,17.67969],[-97.86861,17.69938],[-97.86685,17.69331],[-97.86214,17.69268],[-97.8572,17.68694],[-97.85218,17.69156],[-97.84638,17.68953],[-97.84605,17.69676],[-97.83875,17.70503],[-97.847,17.72376],[-97.84093,17.71986],[-97.83168,17.72598]]]}},{"type":"Feature","properties":{"code":"20564","stateCode":"20","municipalityCode":"564","name":"Yutanduchi de Guerrero"},"geometry":{"type":"Polygon","coordinates":[[[-97.31821,17.127],[-97.2926,17.12196],[-97.26928,17.11006],[-97.26416,17.10512],[-97.25409,17.07549],[-97.26208,17.06871],[-97.27338,17.04797],[-97.27076,17.03865],[-97.27904,17.03777],[-97.28855,17.02782],[-97.30036,17.0289],[-97.30682,17.02549],[-97.30994,17.03213],[-97.3071,17.03703],[-97.3214,17.03918],[-97.32442,17.05021],[-97.33398,17.05563],[-97.33276,17.06455],[-97.33838,17.0651],[-97.33523,17.06748],[-97.33669,17.07337],[-97.32795,17.07297],[-97.32865,17.0843],[-97.32055,17.09772],[-97.32348,17.11238],[-97.3214,17.12178],[-97.32689,17.12598],[-97.31821,17.127]]]}},{"type":"Feature","properties":{"code":"20099","stateCode":"20","municipalityCode":"099","name":"San Andrés Tepetlapa"},"geometry":{"type":"Polygon","coordinates":[[[-98.40349,17.69313],[-98.38669,17.68416],[-98.38411,17.67107],[-98.3767,17.66134],[-98.36643,17.65807],[-98.36968,17.64377],[-98.36619,17.63843],[-98.37123,17.63001],[-98.37723,17.63154],[-98.40041,17.65296],[-98.40349,17.69313]]]}},{"type":"Feature","properties":{"code":"20491","stateCode":"20","municipalityCode":"491","name":"Santiago Textitlán"},"geometry":{"type":"Polygon","coordinates":[[[-97.33158,16.79329],[-97.28106,16.78037],[-97.27784,16.78199],[-97.27982,16.77876],[-97.27647,16.76737],[-97.25748,16.75742],[-97.22443,16.75292],[-97.18571,16.76276],[-97.18813,16.757],[-97.22006,16.73812],[-97.22105,16.71584],[-97.21577,16.71292],[-97.21971,16.71017],[-97.21529,16.70707],[-97.21089,16.70904],[-97.20253,16.69899],[-97.2087,16.66949],[-97.22593,16.64347],[-97.24682,16.64221],[-97.27521,16.66012],[-97.27836,16.6496],[-97.29773,16.65749],[-97.29905,16.66049],[-97.29195,16.67034],[-97.32119,16.68954],[-97.4086,16.68579],[-97.43446,16.6783],[-97.43452,16.68276],[-97.42446,16.69272],[-97.42747,16.69622],[-97.44361,16.69194],[-97.44931,16.69664],[-97.44924,16.70289],[-97.44611,16.70481],[-97.44212,16.70315],[-97.40842,16.70821],[-97.40875,16.72101],[-97.41353,16.73379],[-97.41059,16.74314],[-97.40353,16.74598],[-97.40721,16.75054],[-97.40737,16.75844],[-97.40224,16.76391],[-97.39656,16.76442],[-97.39537,16.77073],[-97.3852,16.7843],[-97.37189,16.78584],[-97.36582,16.77974],[-97.35942,16.78272],[-97.35411,16.79023],[-97.33158,16.79329]]]}},{"type":"Feature","properties":{"code":"20379","stateCode":"20","municipalityCode":"379","name":"Santa Cruz Nundaco"},"geometry":{"type":"Polygon","coordinates":[[[-97.72465,17.19651],[-97.71023,17.19338],[-97.70444,17.18897],[-97.67858,17.12685],[-97.68611,17.12875],[-97.70581,17.11699],[-97.71737,17.11368],[-97.7241,17.11557],[-97.73263,17.12625],[-97.72748,17.12886],[-97.72985,17.13517],[-97.75256,17.1487],[-97.75589,17.15911],[-97.75266,17.16467],[-97.75512,17.17031],[-97.72465,17.19651]]]}},{"type":"Feature","properties":{"code":"20494","stateCode":"20","municipalityCode":"494","name":"Santiago Tlazoyaltepec"},"geometry":{"type":"Polygon","coordinates":[[[-96.99825,17.07201],[-96.99471,17.05737],[-96.98543,17.05663],[-96.98113,17.05054],[-96.95433,17.0636],[-96.93604,17.05929],[-96.93811,17.05693],[-96.93636,17.03454],[-96.92969,17.02645],[-96.93201,17.01827],[-96.92395,17.00767],[-96.92288,16.99144],[-96.92675,16.98185],[-96.94103,16.98821],[-96.95562,16.9848],[-96.96182,16.99641],[-96.97073,16.99799],[-96.97586,17.0046],[-96.98348,17.00337],[-96.99255,17.01308],[-97.00746,17.01031],[-97.01907,17.01582],[-97.02138,17.01285],[-97.02529,17.01524],[-97.01886,17.03425],[-97.02537,17.04626],[-97.02416,17.05007],[-97.01658,17.05956],[-97.0062,17.05547],[-96.99825,17.07201]]]}},{"type":"Feature","properties":{"code":"20499","stateCode":"20","municipalityCode":"499","name":"Santiago Yolomécatl"},"geometry":{"type":"Polygon","coordinates":[[[-97.58814,17.51756],[-97.53384,17.48234],[-97.52661,17.4527],[-97.54069,17.44345],[-97.54915,17.42698],[-97.54998,17.4145],[-97.56309,17.41402],[-97.57802,17.43599],[-97.59685,17.45376],[-97.61237,17.458],[-97.62396,17.48619],[-97.62371,17.50012],[-97.58814,17.51756]]]}},{"type":"Feature","properties":{"code":"20058","stateCode":"20","municipalityCode":"058","name":"Mazatlán Villa de Flores"},"geometry":{"type":"Polygon","coordinates":[[[-96.87329,18.0958],[-96.85155,18.07227],[-96.83207,18.07298],[-96.81708,18.06014],[-96.81357,18.05555],[-96.81684,18.0473],[-96.81355,18.04666],[-96.81558,18.04376],[-96.81186,18.03235],[-96.81607,18.03331],[-96.82662,18.02456],[-96.82742,18.01888],[-96.83891,18.013],[-96.87166,18.01041],[-96.8834,18.00018],[-96.8886,17.98888],[-96.89611,17.99161],[-96.90371,17.97967],[-96.91802,17.97465],[-96.91263,17.959],[-96.88889,17.93358],[-96.92106,17.94463],[-96.92453,17.93797],[-96.93261,17.9407],[-96.93614,17.93624],[-96.93452,17.94272],[-96.94141,17.94607],[-96.9585,17.96869],[-96.96994,18.00206],[-96.98323,18.02696],[-96.98891,18.0602],[-96.96634,18.09031],[-96.93959,18.08669],[-96.93144,18.0729],[-96.92875,18.07779],[-96.91587,18.0854],[-96.90517,18.08127],[-96.89777,18.08228],[-96.89792,18.0756],[-96.89009,18.0724],[-96.87329,18.0958]]]}},{"type":"Feature","properties":{"code":"20569","stateCode":"20","municipalityCode":"569","name":"Santa Inés de Zaragoza"},"geometry":{"type":"Polygon","coordinates":[[[-97.14557,17.32774],[-97.13165,17.32547],[-97.10194,17.31191],[-97.07667,17.27953],[-97.12824,17.25227],[-97.14594,17.22125],[-97.1702,17.20141],[-97.18295,17.25395],[-97.1778,17.30101],[-97.14557,17.32774]]]}},{"type":"Feature","properties":{"code":"20570","stateCode":"20","municipalityCode":"570","name":"Zimatlán de Álvarez"},"geometry":{"type":"MultiPolygon","coordinates":[[[[-96.83892,16.7843],[-96.83064,16.77953],[-96.82268,16.78181],[-96.81927,16.77459],[-96.81176,16.77844],[-96.80853,16.77608],[-96.80457,16.7603],[-96.80213,16.7604],[-96.79567,16.7434],[-96.80146,16.73769],[-96.81852,16.74616],[-96.81015,16.75033],[-96.81408,16.75488],[-96.81859,16.75128],[-96.82694,16.75914],[-96.82459,16.76211],[-96.83424,16.76853],[-96.83681,16.7689],[-96.84259,16.76091],[-96.84739,16.76139],[-96.85086,16.76934],[-96.85366,16.76972],[-96.85404,16.76579],[-96.86406,16.76609],[-96.86521,16.77101],[-96.86751,16.76829],[-96.86836,16.77297],[-96.84033,16.77214],[-96.84198,16.7749],[-96.83735,16.78005],[-96.83892,16.7843]]],[[[-97.12351,16.85546],[-97.11159,16.8507],[-97.11394,16.84344],[-97.12928,16.83078],[-97.11575,16.82149],[-97.11237,16.81534],[-97.10771,16.81462],[-97.10057,16.82042],[-97.08952,16.81739],[-97.08241,16.8263],[-97.07532,16.825],[-97.06559,16.83748],[-97.05994,16.82787],[-97.04638,16.83436],[-97.0442,16.83288],[-97.04029,16.81069],[-97.03359,16.804],[-97.03113,16.79392],[-97.02235,16.78664],[-97.01673,16.7664],[-97.02426,16.75913],[-97.02717,16.76177],[-97.02192,16.77345],[-97.03171,16.76941],[-97.04711,16.77019],[-97.09621,16.72938],[-97.09769,16.72322],[-97.08468,16.70877],[-97.08878,16.70448],[-97.08004,16.70087],[-97.06873,16.70762],[-97.06707,16.70172],[-97.07766,16.69859],[-97.07492,16.67951],[-97.08292,16.66247],[-97.08424,16.62659],[-97.07954,16.61884],[-97.0882,16.59233],[-97.08779,16.5843],[-97.09009,16.58363],[-97.08984,16.5879],[-97.09262,16.58915],[-97.09072,16.59393],[-97.09993,16.601],[-97.10071,16.61381],[-97.10339,16.61667],[-97.09919,16.61756],[-97.1005,16.62069],[-97.09714,16.62111],[-97.09593,16.62507],[-97.11472,16.64694],[-97.12618,16.64749],[-97.13307,16.65224],[-97.14077,16.67104],[-97.1548,16.66686],[-97.16183,16.65932],[-97.18132,16.66226],[-97.18935,16.65785],[-97.1876,16.66535],[-97.17204,16.68199],[-97.16163,16.68581],[-97.17204,16.68793],[-97.17871,16.69311],[-97.18283,16.70094],[-97.18231,16.70728],[-97.2056,16.71817],[-97.18352,16.72891],[-97.17363,16.72361],[-97.17239,16.71695],[-97.16813,16.7151],[-97.1678,16.72632],[-97.17358,16.7356],[-97.1561,16.74755],[-97.15699,16.75086],[-97.14616,16.76355],[-97.16561,16.75833],[-97.16794,16.76423],[-97.1723,16.76539],[-97.17581,16.77673],[-97.18428,16.77986],[-97.18766,16.7851],[-97.1882,16.79522],[-97.17891,16.8072],[-97.17865,16.81732],[-97.17301,16.81903],[-97.16882,16.82859],[-97.16985,16.84666],[-97.1599,16.84847],[-97.1619,16.84105],[-97.15918,16.83461],[-97.1446,16.83362],[-97.14436,16.83996],[-97.13777,16.84849],[-97.12351,16.85546]]],[[[-96.76912,16.91479],[-96.76426,16.9175],[-96.76577,16.91125],[-96.771,16.90889],[-96.77215,16.904],[-96.78762,16.906],[-96.78804,16.89719],[-96.78082,16.89504],[-96.78178,16.88847],[-96.77842,16.88306],[-96.7613,16.87503],[-96.75555,16.87917],[-96.7504,16.87719],[-96.75881,16.85403],[-96.75533,16.82794],[-96.79472,16.83942],[-96.78674,16.843],[-96.79921,16.84435],[-96.79814,16.84803],[-96.81329,16.85046],[-96.81485,16.83054],[-96.85832,16.85146],[-96.8526,16.86262],[-96.85014,16.87682],[-96.82681,16.89555],[-96.82425,16.91111],[-96.81344,16.91105],[-96.81235,16.91822],[-96.76912,16.91479]]],[[[-96.90272,16.93354],[-96.9031,16.92766],[-96.92008,16.91801],[-96.9254,16.90642],[-96.91791,16.88998],[-96.9192,16.88053],[-96.93529,16.89659],[-96.94888,16.90158],[-96.95515,16.90055],[-96.96414,16.91089],[-96.96287,16.92688],[-96.95594,16.9305],[-96.90272,16.93354]]]]}},{"type":"Feature","properties":{"code":"20567","stateCode":"20","municipalityCode":"567","name":"Zapotitlán Lagunas"},"geometry":{"type":"Polygon","coordinates":[[[-98.34877,17.89312],[-98.33179,17.87998],[-98.34925,17.85953],[-98.32049,17.82944],[-98.30611,17.83691],[-98.29973,17.83147],[-98.30641,17.81015],[-98.30695,17.75624],[-98.32087,17.72958],[-98.33096,17.72812],[-98.35633,17.71632],[-98.36608,17.70376],[-98.38139,17.70589],[-98.40349,17.69313],[-98.4409,17.68787],[-98.45482,17.67895],[-98.47384,17.67808],[-98.48617,17.68099],[-98.48966,17.70344],[-98.48636,17.70511],[-98.48911,17.72171],[-98.4867,17.73373],[-98.49662,17.76156],[-98.49394,17.77297],[-98.47067,17.78909],[-98.42496,17.83959],[-98.42489,17.86599],[-98.39876,17.86091],[-98.39809,17.86549],[-98.38928,17.86989],[-98.38973,17.8771],[-98.3826,17.88367],[-98.37077,17.88264],[-98.37022,17.87991],[-98.36286,17.88163],[-98.34877,17.89312]]]}},{"type":"Feature","properties":{"code":"20423","stateCode":"20","municipalityCode":"423","name":"Santa María Nduayaco"},"geometry":{"type":"Polygon","coordinates":[[[-97.48967,17.45578],[-97.46589,17.42695],[-97.46593,17.3995],[-97.44415,17.35761],[-97.44274,17.34948],[-97.50861,17.37786],[-97.53977,17.37772],[-97.54516,17.38877],[-97.54044,17.39145],[-97.54078,17.40382],[-97.55326,17.39884],[-97.54915,17.42698],[-97.54069,17.44345],[-97.52661,17.4527],[-97.52141,17.44955],[-97.48967,17.45578]]]}},{"type":"Feature","properties":{"code":"20528","stateCode":"20","municipalityCode":"528","name":"Santos Reyes Tepejillo"},"geometry":{"type":"Polygon","coordinates":[[[-97.92459,17.46422],[-97.91667,17.45629],[-97.91713,17.44655],[-97.91292,17.44395],[-97.90882,17.44694],[-97.90858,17.43792],[-97.90596,17.43649],[-97.91489,17.41422],[-97.95496,17.39459],[-97.96022,17.35988],[-97.98358,17.38998],[-97.99624,17.39242],[-97.98513,17.39955],[-97.97478,17.42251],[-97.97906,17.43291],[-97.97554,17.44732],[-97.97886,17.45609],[-97.9758,17.4537],[-97.97445,17.45696],[-97.96445,17.45818],[-97.96571,17.46312],[-97.95609,17.45622],[-97.93315,17.45978],[-97.93098,17.46333],[-97.92459,17.46422]]]}},{"type":"Feature","properties":{"code":"20112","stateCode":"20","municipalityCode":"112","name":"San Baltazar Chichicápam"},"geometry":{"type":"Polygon","coordinates":[[[-96.52464,16.8392],[-96.50197,16.8215],[-96.48969,16.79247],[-96.45482,16.76616],[-96.46599,16.76191],[-96.47137,16.74967],[-96.47838,16.7433],[-96.48882,16.74831],[-96.48521,16.73444],[-96.48867,16.71841],[-96.47154,16.70204],[-96.46209,16.66354],[-96.48938,16.67173],[-96.50632,16.69782],[-96.5182,16.70611],[-96.51296,16.75601],[-96.5185,16.75668],[-96.52327,16.76218],[-96.55207,16.80628],[-96.56069,16.82645],[-96.55673,16.84473],[-96.53385,16.8517],[-96.52464,16.8392]]]}},{"type":"Feature","properties":{"code":"20510","stateCode":"20","municipalityCode":"510","name":"Santo Domingo Ixcatlán"},"geometry":{"type":"Polygon","coordinates":[[[-97.51065,16.93688],[-97.50712,16.9324],[-97.51064,16.91563],[-97.50244,16.90485],[-97.5081,16.90186],[-97.51143,16.88582],[-97.51476,16.88629],[-97.5186,16.88127],[-97.5299,16.88164],[-97.54354,16.90379],[-97.5396,16.91988],[-97.54313,16.92609],[-97.53757,16.93193],[-97.5197,16.93131],[-97.51065,16.93688]]]}},{"type":"Feature","properties":{"code":"20129","stateCode":"20","municipalityCode":"129","name":"San Cristóbal Suchixtlahuaca"},"geometry":{"type":"Polygon","coordinates":[[[-97.3681,17.7693],[-97.34492,17.7653],[-97.35193,17.74142],[-97.34645,17.72673],[-97.34567,17.70224],[-97.36213,17.7053],[-97.37486,17.70066],[-97.39,17.68721],[-97.40205,17.68332],[-97.43222,17.71351],[-97.40854,17.73879],[-97.41838,17.73687],[-97.42057,17.74263],[-97.41621,17.74066],[-97.41356,17.74384],[-97.40232,17.74575],[-97.38463,17.75528],[-97.3681,17.7693]]]}},{"type":"Feature","properties":{"code":"20371","stateCode":"20","municipalityCode":"371","name":"Santa Catarina Ticuá"},"geometry":{"type":"Polygon","coordinates":[[[-97.51484,17.09241],[-97.50478,17.06911],[-97.51294,17.06786],[-97.52002,17.03371],[-97.52736,17.01794],[-97.55344,17.0464],[-97.56594,17.07225],[-97.54909,17.08551],[-97.51484,17.09241]]]}},{"type":"Feature","properties":{"code":"20424","stateCode":"20","municipalityCode":"424","name":"Santa María Ozolotepec"},"geometry":{"type":"Polygon","coordinates":[[[-96.36887,16.17036],[-96.34607,16.16534],[-96.33759,16.15525],[-96.32862,16.15326],[-96.32399,16.14841],[-96.31843,16.15062],[-96.32264,16.141],[-96.31328,16.13962],[-96.30564,16.13546],[-96.30405,16.13006],[-96.29537,16.12784],[-96.29411,16.12455],[-96.31149,16.09213],[-96.30972,16.08847],[-96.2959,16.08514],[-96.30052,16.07962],[-96.28649,16.0608],[-96.2865,16.04369],[-96.2819,16.0439],[-96.27724,16.03897],[-96.29922,16.03246],[-96.32013,16.03031],[-96.3277,16.02551],[-96.35065,16.02644],[-96.36744,16.04333],[-96.36843,16.05349],[-96.35852,16.06089],[-96.3771,16.06814],[-96.38267,16.08711],[-96.4002,16.0978],[-96.41208,16.10023],[-96.42551,16.09831],[-96.42914,16.1013],[-96.42867,16.1063],[-96.43331,16.11262],[-96.42084,16.11236],[-96.4145,16.11658],[-96.41509,16.1268],[-96.40436,16.13898],[-96.40668,16.14361],[-96.40289,16.15734],[-96.36887,16.17036]]]}},{"type":"Feature","properties":{"code":"20406","stateCode":"20","municipalityCode":"406","name":"Santa María Chilchotla"},"geometry":{"type":"Polygon","coordinates":[[[-96.73057,18.39801],[-96.72865,18.39574],[-96.7415,18.38386],[-96.73405,18.37884],[-96.73306,18.37412],[-96.71727,18.38041],[-96.69772,18.38207],[-96.69631,18.36486],[-96.70317,18.36055],[-96.70165,18.35264],[-96.68033,18.34735],[-96.67316,18.35685],[-96.66944,18.34995],[-96.66693,18.35185],[-96.65996,18.34877],[-96.66614,18.34137],[-96.65889,18.34084],[-96.66093,18.33966],[-96.65579,18.33491],[-96.65423,18.33841],[-96.65779,18.33833],[-96.65409,18.34002],[-96.65806,18.3423],[-96.65194,18.34111],[-96.65523,18.34343],[-96.64364,18.33952],[-96.65231,18.33805],[-96.65133,18.33467],[-96.65083,18.33588],[-96.64612,18.33654],[-96.64947,18.33024],[-96.65058,18.33328],[-96.65174,18.33042],[-96.65403,18.33248],[-96.65401,18.32739],[-96.65309,18.32984],[-96.64964,18.32986],[-96.65197,18.32814],[-96.65199,18.32666],[-96.64509,18.33045],[-96.64662,18.33442],[-96.64393,18.3375],[-96.64312,18.33743],[-96.64494,18.33631],[-96.64523,18.33387],[-96.64415,18.33534],[-96.63545,18.33277],[-96.63748,18.3293],[-96.63903,18.33354],[-96.64223,18.33311],[-96.63841,18.32952],[-96.64295,18.32962],[-96.6408,18.32683],[-96.64624,18.32567],[-96.64511,18.32256],[-96.6422,18.32492],[-96.64163,18.31942],[-96.63459,18.32486],[-96.63609,18.32853],[-96.63062,18.32649],[-96.62576,18.3288],[-96.62739,18.31227],[-96.61314,18.3132],[-96.60242,18.30451],[-96.59489,18.30364],[-96.5967,18.29718],[-96.60441,18.29164],[-96.60024,18.28486],[-96.60647,18.28184],[-96.6074,18.27693],[-96.61213,18.27385],[-96.6236,18.27698],[-96.62707,18.29837],[-96.63097,18.30011],[-96.6372,18.29419],[-96.64765,18.29057],[-96.65405,18.2832],[-96.66167,18.28203],[-96.66847,18.28836],[-96.68677,18.28598],[-96.68979,18.27719],[-96.68256,18.2614],[-96.6914,18.26148],[-96.69912,18.26613],[-96.7013,18.25389],[-96.71293,18.25076],[-96.753,18.22625],[-96.75367,18.23449],[-96.76498,18.23279],[-96.76608,18.22874],[-96.7896,18.20716],[-96.79682,18.20514],[-96.79593,18.20109],[-96.81329,18.19888],[-96.813,18.19294],[-96.81892,18.18645],[-96.82227,18.18792],[-96.81916,18.19357],[-96.82468,18.19518],[-96.83352,18.19311],[-96.83473,18.18613],[-96.84681,18.18743],[-96.84589,18.17949],[-96.85008,18.18442],[-96.84958,18.19224],[-96.84302,18.19489],[-96.84113,18.20074],[-96.84706,18.20897],[-96.84353,18.21326],[-96.848,18.2204],[-96.84693,18.23434],[-96.85149,18.23114],[-96.85426,18.2332],[-96.8553,18.24129],[-96.84622,18.24685],[-96.84474,18.25534],[-96.84171,18.25645],[-96.84266,18.26503],[-96.83867,18.26766],[-96.84323,18.27107],[-96.83726,18.27192],[-96.82926,18.28397],[-96.82567,18.2964],[-96.81757,18.30079],[-96.82228,18.31016],[-96.82182,18.32068],[-96.80954,18.32933],[-96.80027,18.32931],[-96.79481,18.33199],[-96.79536,18.3349],[-96.78421,18.33833],[-96.78271,18.34733],[-96.786,18.35345],[-96.78043,18.36353],[-96.7635,18.37501],[-96.76276,18.38323],[-96.74985,18.38161],[-96.75464,18.39216],[-96.73057,18.39801]]]}},{"type":"Feature","properties":{"code":"20422","stateCode":"20","municipalityCode":"422","name":"Santa María Nativitas"},"geometry":{"type":"Polygon","coordinates":[[[-97.3308,17.67942],[-97.30641,17.66908],[-97.30951,17.66428],[-97.30926,17.65604],[-97.2997,17.65477],[-97.29722,17.63866],[-97.29994,17.61665],[-97.30564,17.61106],[-97.32426,17.60835],[-97.3342,17.62062],[-97.38327,17.65349],[-97.34261,17.67846],[-97.3308,17.67942]]]}},{"type":"Feature","properties":{"code":"20450","stateCode":"20","municipalityCode":"450","name":"Santiago Amoltepec"},"geometry":{"type":"Polygon","coordinates":[[[-97.50075,16.72509],[-97.49979,16.71893],[-97.51144,16.70736],[-97.49635,16.69126],[-97.4848,16.6966],[-97.47723,16.67993],[-97.46081,16.67979],[-97.45606,16.67219],[-97.45317,16.67369],[-97.45276,16.66706],[-97.42859,16.61843],[-97.4074,16.59645],[-97.412,16.59327],[-97.42906,16.59695],[-97.4294,16.59347],[-97.43291,16.59263],[-97.44377,16.59442],[-97.45754,16.60187],[-97.4655,16.59268],[-97.46882,16.57896],[-97.48901,16.57993],[-97.49571,16.57469],[-97.49702,16.57951],[-97.54276,16.57861],[-97.54825,16.5796],[-97.54853,16.58321],[-97.57712,16.57265],[-97.58792,16.58404],[-97.59299,16.58238],[-97.61077,16.58706],[-97.62236,16.58664],[-97.62363,16.59388],[-97.61952,16.60077],[-97.62543,16.60915],[-97.61568,16.61621],[-97.61578,16.62463],[-97.6075,16.63069],[-97.61162,16.63528],[-97.61025,16.63892],[-97.60215,16.64233],[-97.59925,16.65039],[-97.59294,16.65512],[-97.56316,16.66397],[-97.56021,16.673],[-97.55437,16.67432],[-97.55294,16.67959],[-97.54114,16.68061],[-97.54457,16.69604],[-97.53424,16.68891],[-97.53079,16.68958],[-97.53131,16.69604],[-97.52441,16.70564],[-97.52318,16.72359],[-97.50075,16.72509]]]}},{"type":"Feature","properties":{"code":"20075","stateCode":"20","municipalityCode":"075","name":"Reforma de Pineda"},"geometry":{"type":"Polygon","coordinates":[[[-94.44039,16.43637],[-94.42119,16.42067],[-94.44246,16.39884],[-94.41101,16.35329],[-94.46293,16.3541],[-94.45661,16.37719],[-94.46285,16.37736],[-94.46043,16.38349],[-94.4706,16.39124],[-94.46803,16.402],[-94.47579,16.40577],[-94.46567,16.41332],[-94.4632,16.42866],[-94.44039,16.43637]]]}},{"type":"Feature","properties":{"code":"20501","stateCode":"20","municipalityCode":"501","name":"Santiago Yucuyachi"},"geometry":{"type":"Polygon","coordinates":[[[-98.19922,17.64404],[-98.19677,17.64005],[-98.1789,17.63812],[-98.16998,17.62971],[-98.16531,17.62976],[-98.16678,17.62676],[-98.17982,17.62333],[-98.18244,17.61055],[-98.17638,17.59676],[-98.18332,17.60086],[-98.18785,17.58468],[-98.19232,17.58449],[-98.19809,17.57524],[-98.20793,17.57838],[-98.21332,17.58894],[-98.21403,17.60233],[-98.22382,17.59075],[-98.24003,17.58873],[-98.25779,17.60485],[-98.25518,17.59881],[-98.25882,17.60083],[-98.26169,17.59863],[-98.25703,17.59359],[-98.25833,17.58928],[-98.26639,17.59979],[-98.27436,17.5993],[-98.27166,17.60383],[-98.27312,17.61442],[-98.26853,17.6178],[-98.26283,17.61731],[-98.26005,17.63089],[-98.2618,17.63996],[-98.23051,17.64016],[-98.21908,17.64324],[-98.20488,17.64075],[-98.21519,17.6068],[-98.20642,17.62075],[-98.19922,17.64404]]]}},{"type":"Feature","properties":{"code":"20505","stateCode":"20","municipalityCode":"505","name":"Santo Domingo Ingenio"},"geometry":{"type":"Polygon","coordinates":[[[-94.65109,16.64707],[-94.63503,16.64333],[-94.63879,16.62648],[-94.61984,16.60032],[-94.63851,16.60174],[-94.63833,16.59912],[-94.64613,16.5953],[-94.65889,16.59497],[-94.66209,16.57748],[-94.68131,16.5747],[-94.6834,16.55508],[-94.7036,16.56591],[-94.72772,16.48887],[-94.7418,16.49843],[-94.76087,16.50482],[-94.78521,16.5077],[-94.81445,16.51925],[-94.80405,16.56314],[-94.80631,16.59287],[-94.79512,16.6087],[-94.80034,16.6093],[-94.79807,16.61575],[-94.75514,16.61188],[-94.7536,16.62553],[-94.75963,16.65231],[-94.6951,16.63985],[-94.66888,16.63822],[-94.66452,16.64556],[-94.65274,16.64289],[-94.65109,16.64707]]]}},{"type":"Feature","properties":{"code":"20459","stateCode":"20","municipalityCode":"459","name":"Villa de Santiago Chazumba"},"geometry":{"type":"Polygon","coordinates":[[[-97.65311,18.29105],[-97.64398,18.27942],[-97.63748,18.23204],[-97.63818,18.21183],[-97.63402,18.20007],[-97.63594,18.1936],[-97.65162,18.17695],[-97.65459,18.17957],[-97.66632,18.16113],[-97.64344,18.13904],[-97.62863,18.14426],[-97.62304,18.13714],[-97.62096,18.10368],[-97.61499,18.09264],[-97.62005,18.08813],[-97.61645,18.08105],[-97.61729,18.07102],[-97.62281,18.0666],[-97.63817,18.07517],[-97.64535,18.06349],[-97.65261,18.06943],[-97.64218,18.07824],[-97.6494,18.08057],[-97.65943,18.0899],[-97.66014,18.08397],[-97.66744,18.07998],[-97.67214,18.08397],[-97.68367,18.08066],[-97.68761,18.0931],[-97.68188,18.1019],[-97.68886,18.11034],[-97.67766,18.11555],[-97.67519,18.12243],[-97.66682,18.12998],[-97.66945,18.14354],[-97.67776,18.14804],[-97.68322,18.14821],[-97.68137,18.14448],[-97.70741,18.12425],[-97.70992,18.11807],[-97.725,18.11111],[-97.73695,18.12423],[-97.74941,18.12585],[-97.76137,18.12268],[-97.76547,18.12606],[-97.7681,18.13824],[-97.74557,18.14962],[-97.72607,18.17159],[-97.72892,18.17332],[-97.73014,18.17004],[-97.73728,18.17639],[-97.74172,18.17463],[-97.7408,18.17712],[-97.74466,18.1789],[-97.74258,18.18084],[-97.75036,18.18404],[-97.75189,18.18768],[-97.74638,18.20782],[-97.75611,18.20822],[-97.77088,18.21617],[-97.77242,18.18917],[-97.7861,18.18596],[-97.78768,18.1731],[-97.79828,18.17081],[-97.82086,18.17172],[-97.82739,18.16923],[-97.83059,18.17135],[-97.83457,18.16698],[-97.84424,18.17385],[-97.85052,18.18306],[-97.84991,18.18951],[-97.85923,18.19229],[-97.8441,18.21615],[-97.82296,18.2234],[-97.82762,18.23694],[-97.81546,18.26205],[-97.7973,18.28317],[-97.78319,18.28628],[-97.74975,18.27576],[-97.72127,18.27605],[-97.71413,18.27965],[-97.71086,18.28534],[-97.69971,18.28823],[-97.6593,18.2931],[-97.65311,18.29105]]]}},{"type":"Feature","properties":{"code":"20477","stateCode":"20","municipalityCode":"477","name":"Santiago Minas"},"geometry":{"type":"Polygon","coordinates":[[[-97.29838,16.49885],[-97.29001,16.49403],[-97.2863,16.49568],[-97.28643,16.49352],[-97.27365,16.49662],[-97.27142,16.49169],[-97.25844,16.49517],[-97.25772,16.49203],[-97.24767,16.48859],[-97.24798,16.49113],[-97.23668,16.49506],[-97.18945,16.47132],[-97.17892,16.47737],[-97.16475,16.47622],[-97.16017,16.45848],[-97.16715,16.45004],[-97.171,16.43803],[-97.17505,16.43755],[-97.17426,16.4326],[-97.17693,16.43187],[-97.17856,16.4246],[-97.18142,16.42247],[-97.19149,16.42552],[-97.20554,16.41964],[-97.20456,16.40536],[-97.21212,16.40559],[-97.21072,16.39826],[-97.2217,16.38978],[-97.22129,16.38043],[-97.2263,16.37368],[-97.23393,16.37416],[-97.24141,16.37008],[-97.25211,16.37762],[-97.25849,16.36994],[-97.26228,16.37523],[-97.28448,16.38865],[-97.29086,16.38316],[-97.29605,16.39175],[-97.30163,16.38899],[-97.30591,16.39432],[-97.31068,16.38609],[-97.3191,16.3856],[-97.31979,16.39112],[-97.31015,16.39732],[-97.31048,16.40101],[-97.31849,16.40186],[-97.3235,16.39562],[-97.3281,16.39831],[-97.32859,16.40576],[-97.32048,16.41121],[-97.32239,16.41672],[-97.33071,16.41555],[-97.33372,16.42302],[-97.34527,16.41698],[-97.35192,16.4199],[-97.36066,16.41865],[-97.36538,16.42919],[-97.37215,16.43115],[-97.38148,16.44425],[-97.37875,16.4495],[-97.38126,16.45253],[-97.37061,16.46084],[-97.35209,16.46068],[-97.34434,16.46847],[-97.338,16.4667],[-97.33897,16.46384],[-97.33414,16.46404],[-97.33477,16.46884],[-97.32948,16.46609],[-97.328,16.47593],[-97.32164,16.47287],[-97.31494,16.47698],[-97.31779,16.48067],[-97.3133,16.4812],[-97.30953,16.48776],[-97.30136,16.49168],[-97.30499,16.49803],[-97.29838,16.49885]]]}},{"type":"Feature","properties":{"code":"20484","stateCode":"20","municipalityCode":"484","name":"Santiago Tamazola"},"geometry":{"type":"Polygon","coordinates":[[[-98.25575,17.87708],[-98.24645,17.86511],[-98.24938,17.8612],[-98.24907,17.84144],[-98.24091,17.81876],[-98.23131,17.81544],[-98.22592,17.81895],[-98.21691,17.81668],[-98.20096,17.83523],[-98.19757,17.7955],[-98.19455,17.81062],[-98.16822,17.81083],[-98.15778,17.79392],[-98.15146,17.79369],[-98.14914,17.7901],[-98.15132,17.78729],[-98.15959,17.78769],[-98.16201,17.78242],[-98.15523,17.7813],[-98.15291,17.77645],[-98.13741,17.78106],[-98.13083,17.77652],[-98.14451,17.75937],[-98.14653,17.76397],[-98.16117,17.76671],[-98.16344,17.77145],[-98.17662,17.77146],[-98.18849,17.7758],[-98.20091,17.77397],[-98.20848,17.78171],[-98.21326,17.77509],[-98.2297,17.78075],[-98.23213,17.78463],[-98.23763,17.78332],[-98.23934,17.78828],[-98.24796,17.78939],[-98.25252,17.79745],[-98.25749,17.78544],[-98.26759,17.78417],[-98.26967,17.77627],[-98.26479,17.77396],[-98.26475,17.76894],[-98.24456,17.75528],[-98.23805,17.76184],[-98.22675,17.74148],[-98.2204,17.74156],[-98.21509,17.73534],[-98.20755,17.73274],[-98.19805,17.74213],[-98.20317,17.73062],[-98.2014,17.71746],[-98.1815,17.71873],[-98.18214,17.67981],[-98.19364,17.6636],[-98.20642,17.62075],[-98.21519,17.6068],[-98.20488,17.64075],[-98.21908,17.64324],[-98.23051,17.64016],[-98.2618,17.63996],[-98.26005,17.63089],[-98.26283,17.61731],[-98.30474,17.62265],[-98.30036,17.63316],[-98.301,17.64995],[-98.26683,17.70031],[-98.26926,17.70234],[-98.26426,17.7025],[-98.26756,17.71984],[-98.27515,17.72768],[-98.27052,17.72879],[-98.26566,17.73945],[-98.2552,17.74364],[-98.27249,17.74677],[-98.27658,17.75153],[-98.26504,17.7569],[-98.27801,17.77369],[-98.28139,17.79214],[-98.28038,17.808],[-98.27592,17.81561],[-98.26276,17.82234],[-98.26824,17.82527],[-98.26977,17.83975],[-98.27442,17.84423],[-98.27389,17.84937],[-98.26896,17.85404],[-98.27515,17.85591],[-98.27723,17.86024],[-98.28352,17.85588],[-98.29407,17.86284],[-98.28525,17.86768],[-98.28533,17.87406],[-98.27882,17.88269],[-98.25575,17.87708]]]}},{"type":"Feature","properties":{"code":"20485","stateCode":"20","municipalityCode":"485","name":"Santiago Tapextla"},"geometry":{"type":"Polygon","coordinates":[[[-98.45418,16.38579],[-98.39928,16.38003],[-98.40511,16.34191],[-98.41691,16.30239],[-98.42419,16.29239],[-98.42159,16.283],[-98.42462,16.27966],[-98.42012,16.27351],[-98.44779,16.27785],[-98.55263,16.31595],[-98.54735,16.3212],[-98.54991,16.32614],[-98.54675,16.32572],[-98.54221,16.3327],[-98.54294,16.34311],[-98.52609,16.35696],[-98.50911,16.36306],[-98.50816,16.36042],[-98.5016,16.36179],[-98.49493,16.36504],[-98.49499,16.36864],[-98.48548,16.3688],[-98.48394,16.37415],[-98.47943,16.3731],[-98.47086,16.38116],[-98.46084,16.38327],[-98.45595,16.38042],[-98.45418,16.38579]]]}},{"type":"Feature","properties":{"code":"20492","stateCode":"20","municipalityCode":"492","name":"Santiago Tilantongo"},"geometry":{"type":"Polygon","coordinates":[[[-97.31496,17.34068],[-97.30607,17.33649],[-97.29999,17.32121],[-97.30198,17.29032],[-97.29884,17.28529],[-97.29955,17.26968],[-97.29094,17.24728],[-97.28823,17.23014],[-97.29748,17.20992],[-97.3093,17.19789],[-97.31335,17.18667],[-97.31194,17.17121],[-97.31841,17.16427],[-97.32521,17.16305],[-97.33315,17.15395],[-97.33159,17.14413],[-97.3249,17.13288],[-97.32687,17.12551],[-97.3214,17.12178],[-97.32348,17.11238],[-97.32055,17.09772],[-97.32865,17.0843],[-97.32795,17.07297],[-97.33669,17.07337],[-97.33523,17.06748],[-97.34105,17.06104],[-97.34479,17.06363],[-97.3476,17.05967],[-97.35063,17.06214],[-97.3494,17.05756],[-97.35381,17.0566],[-97.35366,17.05245],[-97.3648,17.05951],[-97.38073,17.09579],[-97.37569,17.09738],[-97.37254,17.10901],[-97.3667,17.11331],[-97.36809,17.12861],[-97.36508,17.14387],[-97.36859,17.16213],[-97.39288,17.15979],[-97.38473,17.17648],[-97.40153,17.17708],[-97.40639,17.17148],[-97.40304,17.15778],[-97.41481,17.15885],[-97.42356,17.15045],[-97.43098,17.18511],[-97.42836,17.18909],[-97.43188,17.19791],[-97.43082,17.21397],[-97.42676,17.22567],[-97.42564,17.24719],[-97.42062,17.24457],[-97.41489,17.29194],[-97.41414,17.28556],[-97.4104,17.28256],[-97.40849,17.25263],[-97.41337,17.23429],[-97.40772,17.2329],[-97.3997,17.23815],[-97.39931,17.24921],[-97.39019,17.24955],[-97.37934,17.2555],[-97.35738,17.25459],[-97.36026,17.25536],[-97.36192,17.26752],[-97.35593,17.279],[-97.34886,17.28403],[-97.36852,17.29643],[-97.3887,17.30115],[-97.39605,17.30647],[-97.36708,17.31455],[-97.33886,17.33352],[-97.31496,17.34068]]]}},{"type":"Feature","properties":{"code":"20495","stateCode":"20","municipalityCode":"495","name":"Santiago Xanica"},"geometry":{"type":"Polygon","coordinates":[[[-96.28069,16.08496],[-96.272,16.08048],[-96.25922,16.07903],[-96.26542,16.07808],[-96.26256,16.07488],[-96.26659,16.07089],[-96.2686,16.05097],[-96.26483,16.04684],[-96.2567,16.04622],[-96.23816,16.03519],[-96.23373,16.03611],[-96.23629,16.03092],[-96.22413,16.02311],[-96.21484,16.02907],[-96.21005,16.01364],[-96.20144,16.0194],[-96.19308,16.01931],[-96.18719,16.01655],[-96.18572,16.00869],[-96.17229,16.01089],[-96.16699,16.03468],[-96.15116,16.03459],[-96.14066,16.02729],[-96.13238,16.03035],[-96.12335,16.02034],[-96.12593,16.01663],[-96.11792,16.00655],[-96.12587,16.01024],[-96.1173,15.997],[-96.12504,15.98926],[-96.12291,15.98574],[-96.12691,15.98401],[-96.12913,15.98781],[-96.13721,15.98756],[-96.14385,15.9626],[-96.14825,15.95977],[-96.17912,15.97208],[-96.18955,15.9689],[-96.20222,15.9762],[-96.20546,15.9744],[-96.19506,15.9686],[-96.19462,15.96232],[-96.20673,15.94939],[-96.21706,15.94965],[-96.21461,15.95595],[-96.22923,15.96496],[-96.23639,15.96093],[-96.24147,15.96375],[-96.24194,15.95913],[-96.24555,15.96376],[-96.24483,15.95344],[-96.24781,15.95744],[-96.25346,15.95263],[-96.25491,15.96152],[-96.25878,15.95931],[-96.26509,15.96326],[-96.26388,15.97014],[-96.28079,15.97049],[-96.28111,15.97503],[-96.2737,15.9851],[-96.27579,15.99334],[-96.28035,15.99665],[-96.28991,15.99431],[-96.29671,16.00355],[-96.31077,16.00918],[-96.30909,16.01283],[-96.29742,16.01156],[-96.29404,16.02171],[-96.28891,16.0189],[-96.28459,16.02051],[-96.29216,16.02958],[-96.29214,16.03495],[-96.27724,16.03897],[-96.2819,16.0439],[-96.2865,16.04369],[-96.28649,16.0608],[-96.30052,16.07962],[-96.29536,16.0858],[-96.28069,16.08496]]]}},{"type":"Feature","properties":{"code":"20514","stateCode":"20","municipalityCode":"514","name":"Santo Domingo Roayaga"},"geometry":{"type":"Polygon","coordinates":[[[-96.07751,17.37092],[-96.03838,17.34369],[-96.0316,17.34724],[-96.02839,17.34205],[-96.0096,17.34187],[-96.0,17.33416],[-95.99342,17.33313],[-95.98948,17.31992],[-96.0215,17.3157],[-96.02906,17.32183],[-96.03856,17.32296],[-96.04675,17.31715],[-96.06495,17.31775],[-96.06701,17.32825],[-96.06962,17.32345],[-96.08224,17.32299],[-96.08139,17.31091],[-96.08524,17.30375],[-96.08055,17.30155],[-96.08801,17.29532],[-96.10501,17.3045],[-96.11551,17.30498],[-96.13071,17.32815],[-96.12412,17.35063],[-96.08505,17.35279],[-96.07878,17.36258],[-96.07751,17.37092]]]}},{"type":"Feature","properties":{"code":"20534","stateCode":"20","municipalityCode":"534","name":"San Vicente Coatlán"},"geometry":{"type":"Polygon","coordinates":[[[-96.85519,16.43276],[-96.83583,16.42093],[-96.81607,16.41643],[-96.79415,16.39843],[-96.7862,16.39853],[-96.78516,16.37115],[-96.78081,16.37283],[-96.77573,16.34759],[-96.76316,16.33519],[-96.78717,16.31621],[-96.79429,16.32282],[-96.79554,16.33228],[-96.81426,16.34129],[-96.83599,16.3372],[-96.83809,16.3304],[-96.85284,16.32997],[-96.86197,16.31794],[-96.86889,16.32942],[-96.88603,16.32675],[-96.88134,16.3329],[-96.88215,16.33853],[-96.87398,16.34221],[-96.87906,16.35386],[-96.88271,16.34937],[-96.88521,16.35123],[-96.89241,16.36585],[-96.87786,16.37523],[-96.8836,16.37536],[-96.88519,16.37867],[-96.87943,16.40229],[-96.88038,16.40927],[-96.86773,16.42477],[-96.86798,16.43588],[-96.85519,16.43276]]]}},{"type":"Feature","properties":{"code":"20117","stateCode":"20","municipalityCode":"117","name":"San Bartolomé Loxicha"},"geometry":{"type":"Polygon","coordinates":[[[-96.70806,16.02625],[-96.68217,15.97865],[-96.70045,15.9068],[-96.72101,15.89667],[-96.75054,15.88773],[-96.81182,15.89405],[-96.83837,15.92089],[-96.84595,15.94956],[-96.84339,15.95569],[-96.83692,15.95962],[-96.82506,15.9595],[-96.81999,15.96637],[-96.81221,15.96296],[-96.79339,15.96373],[-96.79019,15.96779],[-96.78381,15.96287],[-96.78278,15.96847],[-96.7772,15.96467],[-96.76848,15.97383],[-96.76252,15.97254],[-96.76122,15.97618],[-96.7645,15.97971],[-96.75958,15.98003],[-96.76129,15.98533],[-96.75402,15.98613],[-96.74095,16.00895],[-96.73795,16.00522],[-96.73312,16.00608],[-96.72303,16.01668],[-96.72073,16.01163],[-96.71356,16.01283],[-96.71034,16.01516],[-96.71213,16.02009],[-96.70866,16.01889],[-96.70806,16.02625]]]}},{"type":"Feature","properties":{"code":"20512","stateCode":"20","municipalityCode":"512","name":"Santo Domingo Ozolotepec"},"geometry":{"type":"Polygon","coordinates":[[[-96.34407,16.22693],[-96.33514,16.20654],[-96.33785,16.20736],[-96.34672,16.19935],[-96.32143,16.19318],[-96.28697,16.20108],[-96.27328,16.19818],[-96.26835,16.21375],[-96.26483,16.19631],[-96.25127,16.18999],[-96.25011,16.18671],[-96.25457,16.1869],[-96.27441,16.16488],[-96.29411,16.12455],[-96.29836,16.13028],[-96.30405,16.13006],[-96.30699,16.13627],[-96.32264,16.141],[-96.31843,16.15062],[-96.32316,16.14814],[-96.32862,16.15326],[-96.33478,16.15345],[-96.34607,16.16534],[-96.36947,16.17065],[-96.37717,16.16801],[-96.37844,16.1758],[-96.37334,16.18563],[-96.35417,16.20016],[-96.35956,16.20558],[-96.35721,16.213],[-96.34407,16.22693]]]}},{"type":"Feature","properties":{"code":"20518","stateCode":"20","municipalityCode":"518","name":"Santo Domingo Tlatayápam"},"geometry":{"type":"Polygon","coordinates":[[[-97.35009,17.41692],[-97.34675,17.41312],[-97.31952,17.40947],[-97.31617,17.38787],[-97.32852,17.3906],[-97.3461,17.38626],[-97.34374,17.39205],[-97.36768,17.40145],[-97.366,17.41025],[-97.35009,17.41692]]]}},{"type":"Feature","properties":{"code":"20206","stateCode":"20","municipalityCode":"206","name":"San Juan de los Cués"},"geometry":{"type":"Polygon","coordinates":[[[-96.96634,18.09031],[-96.98891,18.0602],[-96.98323,18.02696],[-97.04564,17.97691],[-97.04678,17.98441],[-97.04141,17.9883],[-97.0624,17.9994],[-97.06831,17.99208],[-97.08889,18.0094],[-97.11423,18.0418],[-97.11695,18.0593],[-97.10993,18.07006],[-97.07361,18.067],[-96.96774,18.1105],[-96.96634,18.09031]]]}},{"type":"Feature","properties":{"code":"20521","stateCode":"20","municipalityCode":"521","name":"Santo Domingo Tonaltepec"},"geometry":{"type":"Polygon","coordinates":[[[-97.38324,17.6534],[-97.3342,17.62062],[-97.32426,17.60835],[-97.33215,17.58589],[-97.33095,17.58167],[-97.35423,17.58149],[-97.3603,17.58493],[-97.36981,17.57668],[-97.37336,17.5892],[-97.38123,17.59628],[-97.37109,17.61046],[-97.37263,17.63284],[-97.36869,17.6374],[-97.3777,17.64225],[-97.38324,17.6534]]]}},{"type":"Feature","properties":{"code":"20001","stateCode":"20","municipalityCode":"001","name":"Abejones"},"geometry":{"type":"Polygon","coordinates":[[[-96.61963,17.56628],[-96.62106,17.55787],[-96.61708,17.55768],[-96.61519,17.54733],[-96.60942,17.54151],[-96.61148,17.52797],[-96.60497,17.52676],[-96.59819,17.51173],[-96.60191,17.50516],[-96.60102,17.49972],[-96.58564,17.48303],[-96.58482,17.47898],[-96.58812,17.47525],[-96.58212,17.46429],[-96.58503,17.45637],[-96.57153,17.45387],[-96.57686,17.44893],[-96.5808,17.45049],[-96.58282,17.44162],[-96.57273,17.43575],[-96.57184,17.41295],[-96.61005,17.41289],[-96.64492,17.427],[-96.6342,17.43716],[-96.64153,17.44448],[-96.64092,17.46099],[-96.65498,17.46769],[-96.6618,17.47558],[-96.64931,17.4876],[-96.64528,17.49866],[-96.63495,17.50646],[-96.65654,17.50637],[-96.67208,17.48748],[-96.70805,17.49217],[-96.71552,17.50232],[-96.6967,17.53125],[-96.64529,17.56304],[-96.63449,17.56148],[-96.61963,17.56628]]]}},{"type":"Feature","properties":{"code":"20256","stateCode":"20","municipalityCode":"256","name":"San Mateo Tlapiltepec"},"geometry":{"type":"Polygon","coordinates":[[[-97.42779,17.82888],[-97.40637,17.82143],[-97.4002,17.8232],[-97.40722,17.79382],[-97.41317,17.78388],[-97.42308,17.77931],[-97.44825,17.78553],[-97.45625,17.79129],[-97.45283,17.80204],[-97.45465,17.81499],[-97.44871,17.82563],[-97.42779,17.82888]]]}},{"type":"Feature","properties":{"code":"20003","stateCode":"20","municipalityCode":"003","name":"Asunción Cacalotepec"},"geometry":{"type":"Polygon","coordinates":[[[-95.94153,17.08813],[-95.91086,17.06539],[-95.90199,17.06319],[-95.89099,17.049],[-95.88156,17.04301],[-95.88523,17.03364],[-95.90072,17.02584],[-95.89139,17.02577],[-95.88024,17.01729],[-95.87282,17.01571],[-95.86992,17.01063],[-95.87472,17.00658],[-95.87128,17.00253],[-95.87855,16.99335],[-95.89186,16.98888],[-95.90394,16.9954],[-95.90637,16.99138],[-95.90894,16.99578],[-95.93182,17.00018],[-95.93551,16.99568],[-95.94517,16.99502],[-95.95705,17.00098],[-95.97221,17.02256],[-95.97427,17.03918],[-95.96287,17.0664],[-95.9608,17.08298],[-95.94906,17.08345],[-95.94153,17.08813]]]}},{"type":"Feature","properties":{"code":"20263","stateCode":"20","municipalityCode":"263","name":"San Miguel Coatlán"},"geometry":{"type":"Polygon","coordinates":[[[-96.69532,16.25254],[-96.65914,16.23611],[-96.6548,16.21058],[-96.64619,16.2015],[-96.64566,16.19541],[-96.65197,16.1807],[-96.63679,16.17146],[-96.63662,16.16506],[-96.64729,16.15019],[-96.64661,16.14531],[-96.6387,16.13991],[-96.63278,16.12767],[-96.63407,16.1127],[-96.62748,16.09421],[-96.64399,16.08666],[-96.65035,16.08577],[-96.66555,16.09943],[-96.73364,16.14045],[-96.72839,16.16702],[-96.7277,16.19082],[-96.71427,16.21111],[-96.69532,16.25254]]]}},{"type":"Feature","properties":{"code":"20004","stateCode":"20","municipalityCode":"004","name":"Asunción Cuyotepeji"},"geometry":{"type":"Polygon","coordinates":[[[-97.64255,17.95812],[-97.63352,17.95477],[-97.60587,17.95489],[-97.58997,17.94518],[-97.57944,17.93151],[-97.56876,17.92818],[-97.56682,17.92194],[-97.57577,17.91494],[-97.5739,17.91086],[-97.59474,17.90169],[-97.65944,17.90751],[-97.69716,17.9063],[-97.71208,17.90962],[-97.74499,17.94802],[-97.74526,17.95619],[-97.73857,17.96028],[-97.70719,17.94669],[-97.67499,17.94927],[-97.64255,17.95812]]]}},{"type":"Feature","properties":{"code":"20007","stateCode":"20","municipalityCode":"007","name":"Asunción Ocotlán"},"geometry":{"type":"Polygon","coordinates":[[[-96.72768,16.77178],[-96.71292,16.7657],[-96.71305,16.75387],[-96.71829,16.75489],[-96.71963,16.75093],[-96.74045,16.76262],[-96.73821,16.77104],[-96.72768,16.77178]]]}},{"type":"Feature","properties":{"code":"20267","stateCode":"20","municipalityCode":"267","name":"San Miguel del Río"},"geometry":{"type":"Polygon","coordinates":[[[-96.57959,17.34785],[-96.57215,17.3488],[-96.57277,17.34369],[-96.56914,17.343],[-96.572,17.33928],[-96.56461,17.33549],[-96.5628,17.32957],[-96.55682,17.32979],[-96.55498,17.32538],[-96.54866,17.3264],[-96.56428,17.31484],[-96.56554,17.30963],[-96.59296,17.31989],[-96.58852,17.33668],[-96.57959,17.34785]]]}},{"type":"Feature","properties":{"code":"20011","stateCode":"20","municipalityCode":"011","name":"Calihualá"},"geometry":{"type":"Polygon","coordinates":[[[-98.25212,17.59705],[-98.24034,17.58979],[-98.23742,17.58254],[-98.23907,17.57788],[-98.23443,17.57892],[-98.24277,17.56848],[-98.23713,17.56328],[-98.23161,17.56588],[-98.22093,17.55223],[-98.20426,17.54244],[-98.21289,17.5027],[-98.23385,17.50378],[-98.26846,17.51925],[-98.277,17.51526],[-98.31104,17.51394],[-98.31926,17.53146],[-98.3001,17.52682],[-98.29198,17.53328],[-98.28327,17.53351],[-98.28274,17.54419],[-98.27903,17.54708],[-98.2846,17.57038],[-98.27956,17.57152],[-98.28726,17.58057],[-98.27641,17.59908],[-98.26639,17.59979],[-98.25833,17.58928],[-98.25703,17.59359],[-98.26169,17.59863],[-98.25882,17.60083],[-98.25518,17.59881],[-98.25779,17.60485],[-98.25212,17.59705]]]}},{"type":"Feature","properties":{"code":"20027","stateCode":"20","municipalityCode":"027","name":"Chiquihuitlán de Benito Juárez"},"geometry":{"type":"Polygon","coordinates":[[[-96.7347,18.0199],[-96.73133,18.01669],[-96.72436,18.01799],[-96.71581,18.00767],[-96.70927,18.00476],[-96.71358,18.00263],[-96.71556,17.99225],[-96.72761,17.97873],[-96.72608,17.96975],[-96.7318,17.9634],[-96.7283,17.95832],[-96.73795,17.9652],[-96.77396,17.96519],[-96.78036,17.98735],[-96.77662,18.0162],[-96.7347,18.0199]]]}},{"type":"Feature","properties":{"code":"20030","stateCode":"20","municipalityCode":"030","name":"El Espinal"},"geometry":{"type":"Polygon","coordinates":[[[-94.97663,16.52366],[-94.9686,16.51535],[-94.98917,16.47785],[-94.99945,16.48081],[-94.9993,16.47652],[-95.0075,16.47696],[-95.01494,16.48356],[-95.02396,16.48079],[-95.02347,16.47268],[-95.04473,16.45908],[-95.03531,16.4497],[-95.04016,16.44974],[-95.03987,16.43201],[-95.10062,16.40167],[-95.09635,16.42003],[-95.08583,16.43373],[-95.08274,16.4337],[-95.08318,16.44065],[-95.06201,16.48792],[-95.04737,16.49455],[-95.02228,16.49994],[-95.00723,16.51281],[-94.98182,16.51319],[-94.98103,16.5211],[-94.97663,16.52366]]]}},{"type":"Feature","properties":{"code":"20519","stateCode":"20","municipalityCode":"519","name":"Santo Domingo Tomaltepec"},"geometry":{"type":"Polygon","coordinates":[[[-96.53783,17.10026],[-96.54769,17.0874],[-96.54668,17.08427],[-96.58886,17.05704],[-96.59828,17.04318],[-96.60927,17.03971],[-96.62451,17.04581],[-96.62562,17.04933],[-96.6235,17.04868],[-96.62233,17.05292],[-96.63529,17.05322],[-96.63542,17.06365],[-96.62683,17.06655],[-96.62474,17.07465],[-96.61405,17.07063],[-96.60259,17.09016],[-96.53783,17.10026]]]}},{"type":"Feature","properties":{"code":"20034","stateCode":"20","municipalityCode":"034","name":"Guadalupe de Ramírez"},"geometry":{"type":"Polygon","coordinates":[[[-98.21097,17.78117],[-98.20091,17.77397],[-98.18849,17.7758],[-98.17662,17.77146],[-98.16344,17.77145],[-98.16117,17.76671],[-98.14653,17.76397],[-98.14451,17.75937],[-98.11148,17.75496],[-98.12005,17.72936],[-98.15309,17.73374],[-98.18154,17.75569],[-98.19142,17.75887],[-98.2006,17.75943],[-98.20025,17.74374],[-98.21571,17.74636],[-98.21839,17.75206],[-98.21403,17.75483],[-98.21118,17.76349],[-98.22171,17.77143],[-98.21795,17.77176],[-98.21654,17.77587],[-98.21326,17.77509],[-98.21097,17.78117]]]}},{"type":"Feature","properties":{"code":"20013","stateCode":"20","municipalityCode":"013","name":"Ciénega de Zimatlán"},"geometry":{"type":"Polygon","coordinates":[[[-96.76241,16.90499],[-96.75881,16.90536],[-96.75759,16.90233],[-96.75567,16.907],[-96.75609,16.90145],[-96.75454,16.9065],[-96.75504,16.89887],[-96.75112,16.90509],[-96.74625,16.90395],[-96.74492,16.90828],[-96.73915,16.90731],[-96.74748,16.90298],[-96.74612,16.89787],[-96.75179,16.89411],[-96.75377,16.87808],[-96.75719,16.87875],[-96.76031,16.87497],[-96.77842,16.88306],[-96.78178,16.88847],[-96.78082,16.89504],[-96.78804,16.89719],[-96.78762,16.906],[-96.77215,16.904],[-96.771,16.90889],[-96.76577,16.91125],[-96.76241,16.90499]]]}},{"type":"Feature","properties":{"code":"20017","stateCode":"20","municipalityCode":"017","name":"La Compañía"},"geometry":{"type":"Polygon","coordinates":[[[-96.92409,16.63724],[-96.90931,16.62523],[-96.90812,16.61859],[-96.89946,16.60948],[-96.89669,16.61719],[-96.87957,16.62331],[-96.87836,16.6087],[-96.87296,16.59914],[-96.85219,16.58685],[-96.84532,16.5861],[-96.83939,16.59295],[-96.83118,16.61674],[-96.83749,16.61798],[-96.83507,16.62774],[-96.82517,16.63084],[-96.79827,16.60742],[-96.79823,16.59824],[-96.79381,16.59281],[-96.79625,16.5911],[-96.78514,16.58319],[-96.78821,16.55044],[-96.77689,16.53993],[-96.79156,16.537],[-96.79151,16.53426],[-96.79361,16.53666],[-96.799,16.53058],[-96.79244,16.52592],[-96.79555,16.52302],[-96.80541,16.53202],[-96.81671,16.52749],[-96.84774,16.53699],[-96.84334,16.55177],[-96.85487,16.55138],[-96.86775,16.55784],[-96.87536,16.55734],[-96.87766,16.56342],[-96.89526,16.55766],[-96.89548,16.56153],[-96.93204,16.57913],[-96.92768,16.5841],[-96.9282,16.63161],[-96.92409,16.63724]]]}},{"type":"Feature","properties":{"code":"20049","stateCode":"20","municipalityCode":"049","name":"Magdalena Ocotlán"},"geometry":{"type":"Polygon","coordinates":[[[-96.73207,16.72117],[-96.6956,16.71905],[-96.69596,16.69715],[-96.73329,16.69695],[-96.73207,16.72117]]]}},{"type":"Feature","properties":{"code":"20520","stateCode":"20","municipalityCode":"520","name":"Santo Domingo Tonalá"},"geometry":{"type":"Polygon","coordinates":[[[-98.02597,17.7467],[-98.01841,17.73977],[-98.02326,17.72923],[-98.00974,17.72468],[-98.00422,17.72899],[-98.00025,17.72408],[-97.99127,17.72469],[-97.98661,17.73105],[-97.97864,17.72947],[-97.97484,17.73332],[-97.95551,17.7292],[-97.94564,17.73316],[-97.93759,17.72566],[-97.94071,17.72515],[-97.93903,17.71629],[-97.91946,17.71079],[-97.92126,17.69752],[-97.9031,17.70059],[-97.89362,17.69459],[-97.88124,17.70437],[-97.86861,17.69938],[-97.89055,17.67969],[-97.93493,17.65572],[-97.92743,17.61838],[-97.9451,17.61254],[-97.94613,17.62974],[-97.95261,17.62915],[-97.98291,17.6425],[-97.99297,17.63177],[-98.00144,17.64203],[-98.00689,17.63789],[-98.01159,17.64095],[-98.01477,17.63364],[-98.02093,17.63665],[-98.02383,17.64315],[-98.03494,17.63879],[-98.03661,17.63442],[-98.04222,17.63477],[-98.04436,17.62702],[-98.05339,17.62576],[-98.06255,17.63094],[-98.06161,17.63588],[-98.06934,17.64673],[-98.06104,17.67348],[-98.06013,17.69493],[-98.04784,17.69431],[-98.0515,17.70158],[-98.05022,17.72603],[-98.0472,17.73353],[-98.03946,17.73687],[-98.04238,17.74303],[-98.02597,17.7467]]]}},{"type":"Feature","properties":{"code":"20019","stateCode":"20","municipalityCode":"019","name":"Concepción Pápalo"},"geometry":{"type":"Polygon","coordinates":[[[-96.84897,17.93355],[-96.83856,17.92208],[-96.83112,17.92215],[-96.82433,17.91799],[-96.78772,17.88748],[-96.78931,17.87809],[-96.76483,17.86117],[-96.75789,17.85964],[-96.73453,17.86931],[-96.7101,17.86918],[-96.69707,17.84537],[-96.70581,17.83959],[-96.71548,17.84801],[-96.7463,17.85296],[-96.75591,17.85873],[-96.77046,17.84999],[-96.77884,17.83416],[-96.80499,17.83276],[-96.81274,17.82167],[-96.84284,17.83265],[-96.86323,17.82266],[-96.89475,17.82302],[-96.91637,17.82903],[-96.9315,17.82576],[-96.93144,17.82059],[-96.93582,17.81691],[-96.94309,17.8212],[-96.94844,17.84667],[-96.94939,17.86969],[-96.92724,17.90567],[-96.91763,17.90333],[-96.88547,17.90656],[-96.86159,17.93018],[-96.84897,17.93355]]]}},{"type":"Feature","properties":{"code":"20022","stateCode":"20","municipalityCode":"022","name":"Cosoltepec"},"geometry":{"type":"Polygon","coordinates":[[[-97.77088,18.21617],[-97.75611,18.20822],[-97.74638,18.20782],[-97.75189,18.18768],[-97.75036,18.18404],[-97.74258,18.18084],[-97.74466,18.1789],[-97.7408,18.17712],[-97.74172,18.17463],[-97.73728,18.17639],[-97.73014,18.17004],[-97.72892,18.17332],[-97.72607,18.17159],[-97.74557,18.14962],[-97.7681,18.13824],[-97.76609,18.13356],[-97.77741,18.13358],[-97.78862,18.12421],[-97.77771,18.10538],[-97.76904,18.09777],[-97.76941,18.08272],[-97.77378,18.07431],[-97.77924,18.07506],[-97.78362,18.07016],[-97.79051,18.0693],[-97.79474,18.06949],[-97.79638,18.07295],[-97.8013,18.0688],[-97.80727,18.07147],[-97.81117,18.07994],[-97.82762,18.08463],[-97.82154,18.09116],[-97.82662,18.10378],[-97.83979,18.10738],[-97.86055,18.10271],[-97.86722,18.1149],[-97.86748,18.14457],[-97.85734,18.15558],[-97.85363,18.16792],[-97.8479,18.17248],[-97.84447,18.16972],[-97.8392,18.17132],[-97.83457,18.16698],[-97.83059,18.17135],[-97.82463,18.16935],[-97.78768,18.1731],[-97.7861,18.18596],[-97.77242,18.18917],[-97.77088,18.21617]]]}},{"type":"Feature","properties":{"code":"20024","stateCode":"20","municipalityCode":"024","name":"Cuyamecalco Villa de Zaragoza"},"geometry":{"type":"Polygon","coordinates":[[[-96.83522,18.01598],[-96.81175,17.96123],[-96.80222,17.95066],[-96.80196,17.94221],[-96.80886,17.93433],[-96.80917,17.92895],[-96.81246,17.9318],[-96.82392,17.92441],[-96.83486,17.92763],[-96.83448,17.92232],[-96.83856,17.92208],[-96.85038,17.93453],[-96.86403,17.92804],[-96.88889,17.93358],[-96.91263,17.959],[-96.91802,17.97465],[-96.90371,17.97967],[-96.89611,17.99161],[-96.8886,17.98888],[-96.8834,18.00018],[-96.87166,18.01041],[-96.83967,18.01272],[-96.83522,18.01598]]]}},{"type":"Feature","properties":{"code":"20025","stateCode":"20","municipalityCode":"025","name":"Chahuites"},"geometry":{"type":"Polygon","coordinates":[[[-94.18608,16.3107],[-94.18024,16.30493],[-94.18409,16.3019],[-94.17868,16.29766],[-94.18468,16.29923],[-94.19943,16.24096],[-94.22901,16.2448],[-94.21405,16.2973],[-94.18608,16.3107]]]}},{"type":"Feature","properties":{"code":"20026","stateCode":"20","municipalityCode":"026","name":"Chalcatongo de Hidalgo"},"geometry":{"type":"Polygon","coordinates":[[[-97.56469,17.06973],[-97.55344,17.0464],[-97.52736,17.01794],[-97.52552,17.0005],[-97.51788,16.97946],[-97.50991,16.98323],[-97.49907,16.97717],[-97.48238,16.97356],[-97.46395,16.93788],[-97.48608,16.94699],[-97.50583,16.95078],[-97.51413,16.9339],[-97.5197,16.93131],[-97.53757,16.93193],[-97.54313,16.92609],[-97.55785,16.95352],[-97.56004,16.96597],[-97.56644,16.96688],[-97.57739,16.95805],[-97.57897,16.94875],[-97.60273,16.95547],[-97.61843,16.94013],[-97.63336,16.93495],[-97.63706,16.93725],[-97.6382,16.94628],[-97.63415,16.9556],[-97.63732,16.95987],[-97.63404,16.96347],[-97.63062,16.98743],[-97.61362,16.99907],[-97.58943,17.05357],[-97.56469,17.06973]]]}},{"type":"Feature","properties":{"code":"20029","stateCode":"20","municipalityCode":"029","name":"Eloxochitlán de Flores Magón"},"geometry":{"type":"Polygon","coordinates":[[[-96.8566,18.24302],[-96.85464,18.23354],[-96.85149,18.23114],[-96.84693,18.23434],[-96.848,18.2204],[-96.84353,18.21326],[-96.84706,18.20897],[-96.84113,18.20074],[-96.84302,18.19489],[-96.84958,18.19224],[-96.85008,18.18442],[-96.84589,18.17949],[-96.85314,18.16594],[-96.85101,18.16296],[-96.85321,18.15172],[-96.86905,18.15784],[-96.869,18.16194],[-96.86344,18.16302],[-96.86333,18.16615],[-96.90142,18.17158],[-96.89937,18.19305],[-96.90231,18.19866],[-96.89808,18.20066],[-96.89963,18.20277],[-96.89672,18.20555],[-96.88297,18.21058],[-96.88173,18.21856],[-96.87511,18.2179],[-96.8647,18.22343],[-96.86694,18.22856],[-96.86223,18.2375],[-96.86631,18.24202],[-96.8566,18.24302]]]}},{"type":"Feature","properties":{"code":"20032","stateCode":"20","municipalityCode":"032","name":"Fresnillo de Trujano"},"geometry":{"type":"Polygon","coordinates":[[[-98.11053,17.98082],[-98.11148,17.95087],[-98.09531,17.92773],[-98.09572,17.90641],[-98.08081,17.91194],[-98.07752,17.90229],[-98.09269,17.89472],[-98.10407,17.89328],[-98.09999,17.88328],[-98.10844,17.87793],[-98.11384,17.88596],[-98.12682,17.88881],[-98.13047,17.89366],[-98.14038,17.89102],[-98.14237,17.89656],[-98.15581,17.89726],[-98.14961,17.90047],[-98.14537,17.90913],[-98.15146,17.90491],[-98.15543,17.90594],[-98.1566,17.91475],[-98.15249,17.9179],[-98.15983,17.92656],[-98.16604,17.91934],[-98.1714,17.92155],[-98.1729,17.93234],[-98.16899,17.93495],[-98.17356,17.94193],[-98.17071,17.94262],[-98.16961,17.95283],[-98.1657,17.95402],[-98.16235,17.96264],[-98.15602,17.96275],[-98.15035,17.97084],[-98.14406,17.97064],[-98.12814,17.97934],[-98.11609,17.97602],[-98.11053,17.98082]]]}},{"type":"Feature","properties":{"code":"20033","stateCode":"20","municipalityCode":"033","name":"Guadalupe Etla"},"geometry":{"type":"Polygon","coordinates":[[[-96.78152,17.19086],[-96.78038,17.18479],[-96.78438,17.18399],[-96.78387,17.17937],[-96.78909,17.18128],[-96.79413,17.17867],[-96.79653,17.18147],[-96.7966,17.17791],[-96.80325,17.17587],[-96.79972,17.16096],[-96.81403,17.16829],[-96.81654,17.18326],[-96.78873,17.18421],[-96.78929,17.18899],[-96.78383,17.18529],[-96.78426,17.19088],[-96.78152,17.19086]]]}},{"type":"Feature","properties":{"code":"20050","stateCode":"20","municipalityCode":"050","name":"Magdalena Peñasco"},"geometry":{"type":"Polygon","coordinates":[[[-97.54025,17.29034],[-97.52533,17.28754],[-97.52137,17.29048],[-97.5011,17.26999],[-97.4958,17.27049],[-97.48986,17.2655],[-97.49171,17.23493],[-97.50239,17.23446],[-97.51274,17.23927],[-97.54572,17.20745],[-97.57256,17.19388],[-97.57752,17.18566],[-97.5787,17.17539],[-97.61261,17.22219],[-97.60989,17.25288],[-97.56144,17.26567],[-97.5502,17.27502],[-97.54421,17.28734],[-97.54463,17.29418],[-97.53849,17.29471],[-97.54025,17.29034]]]}},{"type":"Feature","properties":{"code":"20536","stateCode":"20","municipalityCode":"536","name":"San Vicente Nuñú"},"geometry":{"type":"Polygon","coordinates":[[[-97.42639,17.48162],[-97.41521,17.48058],[-97.39876,17.4673],[-97.40554,17.45662],[-97.40686,17.44638],[-97.4006,17.43313],[-97.40489,17.42075],[-97.39564,17.40106],[-97.42986,17.38628],[-97.44183,17.37005],[-97.44415,17.35761],[-97.46593,17.3995],[-97.46897,17.44814],[-97.46319,17.47539],[-97.44633,17.48142],[-97.44259,17.48101],[-97.44054,17.47624],[-97.43413,17.47683],[-97.42639,17.48162]]]}},{"type":"Feature","properties":{"code":"20037","stateCode":"20","municipalityCode":"037","name":"Mesones Hidalgo"},"geometry":{"type":"Polygon","coordinates":[[[-97.99271,16.98574],[-97.96251,16.97055],[-97.94979,16.94776],[-97.94811,16.93442],[-97.95079,16.93503],[-97.95003,16.9314],[-97.95322,16.92891],[-97.94847,16.92548],[-97.9495,16.92101],[-97.94167,16.90725],[-97.94296,16.9051],[-97.93143,16.90464],[-97.91238,16.88906],[-97.91688,16.8831],[-97.91322,16.87436],[-97.91856,16.84965],[-97.97461,16.87704],[-98.00386,16.88574],[-98.01558,16.88037],[-98.08092,16.88527],[-98.08711,16.91396],[-98.09564,16.92374],[-98.10049,16.94067],[-98.10746,16.94203],[-98.10648,16.95672],[-98.11126,16.95887],[-98.09711,16.96888],[-98.10199,16.96032],[-98.0489,16.97166],[-98.03651,16.97858],[-98.03322,16.97665],[-98.03991,16.96996],[-98.02617,16.96668],[-97.99271,16.98574]]]}},{"type":"Feature","properties":{"code":"20040","stateCode":"20","municipalityCode":"040","name":"Huautepec"},"geometry":{"type":"Polygon","coordinates":[[[-96.79364,18.11062],[-96.78309,18.11547],[-96.78172,18.10542],[-96.77173,18.10595],[-96.731,18.07283],[-96.76191,18.05539],[-96.77726,18.05877],[-96.78363,18.04969],[-96.78474,18.0367],[-96.7918,18.02833],[-96.79045,18.02422],[-96.81202,18.03107],[-96.81558,18.04376],[-96.81355,18.04666],[-96.81684,18.0473],[-96.81357,18.05555],[-96.81697,18.06247],[-96.81114,18.07303],[-96.8123,18.08814],[-96.80449,18.10013],[-96.80654,18.10783],[-96.80211,18.10767],[-96.80059,18.11136],[-96.79364,18.11062]]]}},{"type":"Feature","properties":{"code":"20045","stateCode":"20","municipalityCode":"045","name":"Magdalena Apasco"},"geometry":{"type":"Polygon","coordinates":[[[-96.81623,17.27862],[-96.80712,17.26836],[-96.80653,17.26198],[-96.80114,17.26114],[-96.77997,17.26811],[-96.78731,17.24608],[-96.79772,17.23019],[-96.7956,17.21702],[-96.80114,17.21675],[-96.80091,17.21348],[-96.8062,17.21673],[-96.80757,17.22223],[-96.80329,17.22454],[-96.80484,17.23533],[-96.81825,17.23679],[-96.81905,17.23231],[-96.81448,17.23101],[-96.81492,17.2239],[-96.81976,17.21832],[-96.82349,17.21915],[-96.82369,17.22392],[-96.83034,17.21614],[-96.83376,17.22132],[-96.83607,17.21915],[-96.84547,17.22138],[-96.84808,17.22892],[-96.84465,17.23012],[-96.84203,17.23851],[-96.83654,17.23935],[-96.83579,17.24335],[-96.83112,17.24271],[-96.82728,17.24861],[-96.83002,17.25003],[-96.83305,17.28425],[-96.81623,17.27862]]]}},{"type":"Feature","properties":{"code":"20053","stateCode":"20","municipalityCode":"053","name":"Magdalena Tlacotepec"},"geometry":{"type":"Polygon","coordinates":[[[-95.33149,16.57489],[-95.26592,16.54437],[-95.20231,16.53546],[-95.18258,16.53875],[-95.17748,16.52769],[-95.18302,16.51383],[-95.17929,16.50214],[-95.17518,16.50005],[-95.17553,16.49403],[-95.17919,16.48992],[-95.1847,16.49087],[-95.18814,16.48803],[-95.18821,16.46621],[-95.19723,16.46213],[-95.24277,16.4578],[-95.26338,16.47146],[-95.27457,16.48476],[-95.31896,16.49567],[-95.33149,16.57489]]]}},{"type":"Feature","properties":{"code":"20046","stateCode":"20","municipalityCode":"046","name":"Magdalena Jaltepec"},"geometry":{"type":"Polygon","coordinates":[[[-97.1679,17.37612],[-97.16089,17.3777],[-97.15604,17.33053],[-97.14825,17.3279],[-97.1778,17.30101],[-97.18295,17.25395],[-97.19513,17.2563],[-97.2131,17.24278],[-97.22438,17.22084],[-97.23852,17.20793],[-97.2596,17.21004],[-97.25339,17.23092],[-97.28207,17.23046],[-97.2792,17.23036],[-97.28635,17.22274],[-97.28344,17.20755],[-97.28686,17.20268],[-97.27885,17.18752],[-97.26765,17.18814],[-97.24302,17.17339],[-97.24894,17.17033],[-97.25425,17.15933],[-97.26321,17.15277],[-97.25645,17.12749],[-97.25983,17.11605],[-97.26409,17.1157],[-97.26577,17.1113],[-97.26416,17.10512],[-97.2926,17.12196],[-97.3263,17.12679],[-97.3249,17.13288],[-97.33159,17.14413],[-97.33315,17.15395],[-97.32521,17.16305],[-97.31841,17.16427],[-97.31194,17.17121],[-97.31335,17.18667],[-97.3093,17.19789],[-97.29748,17.20992],[-97.28823,17.23014],[-97.29094,17.24728],[-97.29955,17.26968],[-97.29884,17.28529],[-97.30198,17.29032],[-97.25797,17.32073],[-97.24317,17.36448],[-97.2091,17.36616],[-97.19928,17.37564],[-97.19217,17.37332],[-97.16951,17.38326],[-97.1679,17.37612]]]}},{"type":"Feature","properties":{"code":"20172","stateCode":"20","municipalityCode":"172","name":"San Juan Achiutla"},"geometry":{"type":"Polygon","coordinates":[[[-97.51017,17.37801],[-97.49794,17.37368],[-97.44274,17.34948],[-97.48829,17.33422],[-97.49166,17.326],[-97.50921,17.31587],[-97.52917,17.33057],[-97.53292,17.35846],[-97.52941,17.37744],[-97.51017,17.37801]]]}},{"type":"Feature","properties":{"code":"20048","stateCode":"20","municipalityCode":"048","name":"Magdalena Mixtepec"},"geometry":{"type":"Polygon","coordinates":[[[-96.88804,16.94489],[-96.88183,16.91531],[-96.88372,16.90018],[-96.87619,16.88808],[-96.85645,16.88591],[-96.84788,16.87929],[-96.85897,16.87235],[-96.86783,16.87846],[-96.87275,16.87392],[-96.88726,16.87122],[-96.89289,16.87465],[-96.9053,16.87242],[-96.92409,16.86419],[-96.92921,16.87468],[-96.93599,16.87666],[-96.94379,16.88425],[-96.95578,16.88543],[-96.96999,16.89226],[-96.97017,16.90553],[-96.96391,16.91037],[-96.95515,16.90055],[-96.94888,16.90158],[-96.93529,16.89659],[-96.9192,16.88053],[-96.91791,16.88998],[-96.92563,16.90388],[-96.92026,16.91784],[-96.90336,16.92743],[-96.90158,16.93357],[-96.88804,16.94489]]]}},{"type":"Feature","properties":{"code":"20522","stateCode":"20","municipalityCode":"522","name":"Santo Domingo Xagacía"},"geometry":{"type":"Polygon","coordinates":[[[-96.26948,17.15858],[-96.24014,17.15669],[-96.23986,17.14664],[-96.24183,17.13494],[-96.25041,17.13376],[-96.2449,17.11898],[-96.24881,17.11015],[-96.24579,17.10167],[-96.24886,17.09582],[-96.25774,17.10211],[-96.26851,17.09923],[-96.30358,17.10371],[-96.3176,17.09971],[-96.32586,17.1044],[-96.34042,17.10246],[-96.35255,17.10567],[-96.35999,17.11835],[-96.34696,17.12437],[-96.34593,17.12875],[-96.33778,17.13504],[-96.32349,17.14241],[-96.30413,17.1388],[-96.29401,17.14272],[-96.29133,17.14947],[-96.28124,17.15531],[-96.26948,17.15858]]]}},{"type":"Feature","properties":{"code":"20456","stateCode":"20","municipalityCode":"456","name":"Santiago Cacaloxtepec"},"geometry":{"type":"Polygon","coordinates":[[[-97.71873,17.76223],[-97.68974,17.74233],[-97.68868,17.72382],[-97.7078,17.73137],[-97.71962,17.71438],[-97.77055,17.69472],[-97.77145,17.69209],[-97.77362,17.69568],[-97.77785,17.6944],[-97.77325,17.70354],[-97.77462,17.71366],[-97.77013,17.72214],[-97.75069,17.73921],[-97.7536,17.75285],[-97.7464,17.75355],[-97.73493,17.76536],[-97.72292,17.7685],[-97.71873,17.76223]]]}},{"type":"Feature","properties":{"code":"20060","stateCode":"20","municipalityCode":"060","name":"Mixistlán de la Reforma"},"geometry":{"type":"Polygon","coordinates":[[[-96.13804,17.22633],[-96.12611,17.22229],[-96.11417,17.20813],[-96.08833,17.21068],[-96.06406,17.20504],[-96.06352,17.19674],[-96.06843,17.18621],[-96.0612,17.16917],[-96.06233,17.16437],[-96.07527,17.15315],[-96.07749,17.14411],[-96.07112,17.1316],[-96.08325,17.12857],[-96.09192,17.11926],[-96.10608,17.12131],[-96.11285,17.11916],[-96.11837,17.12342],[-96.12582,17.12038],[-96.13598,17.12454],[-96.16201,17.12466],[-96.16184,17.13222],[-96.15382,17.13505],[-96.13806,17.15262],[-96.13477,17.15437],[-96.13034,17.15172],[-96.12629,17.16248],[-96.11663,17.16586],[-96.11963,17.17546],[-96.11359,17.18231],[-96.11606,17.19223],[-96.13867,17.20731],[-96.13804,17.22633]]]}},{"type":"Feature","properties":{"code":"20061","stateCode":"20","municipalityCode":"061","name":"Monjas"},"geometry":{"type":"Polygon","coordinates":[[[-96.63115,16.41911],[-96.62333,16.40909],[-96.6206,16.38556],[-96.60814,16.36804],[-96.61866,16.35945],[-96.61376,16.35525],[-96.61647,16.35002],[-96.63827,16.32962],[-96.64455,16.33531],[-96.63188,16.35497],[-96.64533,16.36067],[-96.64921,16.37051],[-96.65325,16.37205],[-96.63115,16.41911]]]}},{"type":"Feature","properties":{"code":"20062","stateCode":"20","municipalityCode":"062","name":"Natividad"},"geometry":{"type":"Polygon","coordinates":[[[-96.42183,17.31008],[-96.41566,17.29943],[-96.42749,17.29494],[-96.4363,17.29657],[-96.4367,17.30134],[-96.42183,17.31008]]]}},{"type":"Feature","properties":{"code":"20063","stateCode":"20","municipalityCode":"063","name":"Nazareno Etla"},"geometry":{"type":"Polygon","coordinates":[[[-96.83532,17.18937],[-96.81803,17.18727],[-96.81446,17.17438],[-96.84584,17.17352],[-96.8417,17.17878],[-96.84123,17.18725],[-96.83532,17.18937]]]}},{"type":"Feature","properties":{"code":"20065","stateCode":"20","municipalityCode":"065","name":"Ixpantepec Nieves"},"geometry":{"type":"Polygon","coordinates":[[[-98.03769,17.55453],[-98.01963,17.55271],[-98.00815,17.54704],[-98.00565,17.53691],[-97.98933,17.54609],[-97.97871,17.54812],[-97.97141,17.53454],[-97.97074,17.52189],[-97.97203,17.50288],[-97.97606,17.49638],[-97.96906,17.48112],[-97.97074,17.47468],[-97.96424,17.47732],[-97.96133,17.46038],[-97.96571,17.46312],[-97.96445,17.45818],[-97.97445,17.45696],[-97.9758,17.4537],[-97.97886,17.45609],[-97.97928,17.45326],[-97.98788,17.45434],[-97.99662,17.46732],[-97.99828,17.48326],[-98.01121,17.5008],[-98.0409,17.46701],[-98.06131,17.46959],[-98.06839,17.47604],[-98.07309,17.48246],[-98.06694,17.48723],[-98.06431,17.49888],[-98.07216,17.49987],[-98.0653,17.50278],[-98.06341,17.50711],[-98.07252,17.50975],[-98.07299,17.51229],[-98.06726,17.52937],[-98.046,17.52489],[-98.0376,17.51185],[-98.02944,17.50826],[-98.02308,17.50945],[-98.02672,17.52788],[-98.03769,17.55453]]]}},{"type":"Feature","properties":{"code":"20069","stateCode":"20","municipalityCode":"069","name":"La Pe"},"geometry":{"type":"Polygon","coordinates":[[[-96.81383,16.66118],[-96.79941,16.66059],[-96.79292,16.65483],[-96.79889,16.64326],[-96.79598,16.63842],[-96.78061,16.63461],[-96.76987,16.62244],[-96.76636,16.6265],[-96.7575,16.61643],[-96.77399,16.60082],[-96.78514,16.58319],[-96.79625,16.5911],[-96.79381,16.59281],[-96.79823,16.59824],[-96.79827,16.60742],[-96.82517,16.63084],[-96.81504,16.65081],[-96.81383,16.66118]]]}},{"type":"Feature","properties":{"code":"20070","stateCode":"20","municipalityCode":"070","name":"Pinotepa de Don Luis"},"geometry":{"type":"Polygon","coordinates":[[[-97.99084,16.45056],[-97.95912,16.44272],[-97.92303,16.42567],[-97.92395,16.39509],[-97.91772,16.38599],[-97.93547,16.38102],[-97.94894,16.37228],[-97.95997,16.36179],[-97.96051,16.35677],[-97.97117,16.36039],[-97.98337,16.35558],[-98.00608,16.37861],[-98.00085,16.38099],[-98.00775,16.38726],[-97.99333,16.40979],[-98.01006,16.42268],[-97.99877,16.43264],[-97.99084,16.45056]]]}},{"type":"Feature","properties":{"code":"20072","stateCode":"20","municipalityCode":"072","name":"San José del Progreso"},"geometry":{"type":"Polygon","coordinates":[[[-96.7074,16.73959],[-96.68023,16.73009],[-96.68413,16.72146],[-96.68198,16.71174],[-96.6647,16.70824],[-96.6337,16.71161],[-96.63385,16.70612],[-96.62911,16.70279],[-96.62256,16.70652],[-96.59467,16.6567],[-96.60209,16.64782],[-96.64186,16.63002],[-96.64737,16.62293],[-96.64296,16.6171],[-96.6556,16.6112],[-96.67009,16.61993],[-96.67008,16.62273],[-96.69143,16.6328],[-96.69309,16.63894],[-96.71196,16.63676],[-96.71807,16.62447],[-96.7201,16.62585],[-96.70897,16.64616],[-96.70959,16.65526],[-96.72841,16.67697],[-96.71876,16.69336],[-96.72038,16.69699],[-96.69596,16.69715],[-96.6956,16.71905],[-96.72721,16.72111],[-96.72968,16.72546],[-96.72909,16.73024],[-96.71337,16.72711],[-96.71395,16.7389],[-96.70873,16.73693],[-96.7074,16.73959]]]}},{"type":"Feature","properties":{"code":"20074","stateCode":"20","municipalityCode":"074","name":"Santa Catarina Quioquitani"},"geometry":{"type":"Polygon","coordinates":[[[-96.30321,16.36262],[-96.29696,16.36046],[-96.29385,16.34905],[-96.28211,16.3409],[-96.2785,16.3319],[-96.27976,16.32583],[-96.27215,16.317],[-96.25988,16.31292],[-96.24287,16.31455],[-96.23778,16.3123],[-96.23595,16.30293],[-96.21011,16.27922],[-96.20901,16.27351],[-96.22322,16.27971],[-96.24252,16.27502],[-96.25704,16.2857],[-96.27607,16.28489],[-96.2882,16.28975],[-96.29939,16.31],[-96.30533,16.31397],[-96.30795,16.32738],[-96.31003,16.32724],[-96.30795,16.35461],[-96.30321,16.36262]]]}},{"type":"Feature","properties":{"code":"20078","stateCode":"20","municipalityCode":"078","name":"Rojas de Cuauhtémoc"},"geometry":{"type":"Polygon","coordinates":[[[-96.61524,17.02454],[-96.60889,17.02152],[-96.60848,17.01823],[-96.61385,17.01102],[-96.6154,17.00098],[-96.62463,17.0029],[-96.62599,16.98755],[-96.65561,16.98616],[-96.66454,17.00692],[-96.66326,17.00961],[-96.64467,17.00728],[-96.622,17.01696],[-96.61524,17.02454]]]}},{"type":"Feature","properties":{"code":"20077","stateCode":"20","municipalityCode":"077","name":"Reyes Etla"},"geometry":{"type":"Polygon","coordinates":[[[-96.81821,17.23679],[-96.80484,17.23533],[-96.80329,17.22454],[-96.80757,17.22223],[-96.80488,17.2151],[-96.81048,17.20726],[-96.80478,17.20726],[-96.80397,17.19976],[-96.80839,17.1958],[-96.80961,17.18277],[-96.81725,17.18229],[-96.82521,17.19928],[-96.8271,17.19728],[-96.84067,17.21117],[-96.84757,17.21124],[-96.84678,17.21664],[-96.83929,17.21595],[-96.83376,17.22132],[-96.83034,17.21614],[-96.82369,17.22392],[-96.82349,17.21915],[-96.81976,17.21832],[-96.81443,17.22672],[-96.81448,17.23101],[-96.81905,17.23231],[-96.81821,17.23679]]]}},{"type":"Feature","properties":{"code":"20081","stateCode":"20","municipalityCode":"081","name":"San Agustín Atenango"},"geometry":{"type":"Polygon","coordinates":[[[-97.9824,17.64227],[-97.95261,17.62915],[-97.94613,17.62974],[-97.9451,17.61232],[-97.95193,17.61856],[-97.96224,17.58024],[-97.95537,17.55853],[-97.95732,17.55484],[-97.95065,17.55451],[-97.94715,17.5579],[-97.94487,17.55337],[-97.94523,17.54004],[-97.94031,17.53917],[-97.9375,17.53037],[-97.94423,17.52699],[-97.97182,17.53021],[-97.97871,17.54812],[-97.98933,17.54609],[-98.00565,17.53691],[-98.00815,17.54704],[-98.01963,17.55271],[-98.03769,17.55453],[-98.03444,17.56597],[-98.03841,17.56682],[-98.04205,17.5905],[-98.03349,17.61012],[-98.04436,17.62702],[-98.04222,17.63477],[-98.03661,17.63442],[-98.03494,17.63879],[-98.02383,17.64315],[-98.02093,17.63665],[-98.01477,17.63364],[-98.01159,17.64095],[-98.00689,17.63789],[-98.00144,17.64203],[-97.99297,17.63177],[-97.9824,17.64227]]]}},{"type":"Feature","properties":{"code":"20092","stateCode":"20","municipalityCode":"092","name":"San Andrés Ixtlahuaca"},"geometry":{"type":"Polygon","coordinates":[[[-96.83187,17.09482],[-96.81843,17.07795],[-96.81378,17.07745],[-96.81351,17.07055],[-96.82305,17.07],[-96.83214,17.06022],[-96.87016,17.05098],[-96.87268,17.02986],[-96.88084,17.0269],[-96.88473,17.02938],[-96.90331,17.02138],[-96.90756,17.02218],[-96.90886,17.04983],[-96.8767,17.05565],[-96.87036,17.09175],[-96.86511,17.08862],[-96.86274,17.07772],[-96.85668,17.07174],[-96.85035,17.07364],[-96.84287,17.08475],[-96.84592,17.08353],[-96.85074,17.08814],[-96.83187,17.09482]]]}},{"type":"Feature","properties":{"code":"20080","stateCode":"20","municipalityCode":"080","name":"San Agustín Amatengo"},"geometry":{"type":"Polygon","coordinates":[[[-96.87695,16.56318],[-96.87536,16.55734],[-96.86775,16.55784],[-96.85487,16.55138],[-96.84334,16.55177],[-96.84774,16.53699],[-96.81671,16.52749],[-96.80541,16.53202],[-96.79555,16.52302],[-96.79244,16.52592],[-96.799,16.53058],[-96.79361,16.53666],[-96.79151,16.53426],[-96.79156,16.537],[-96.77689,16.53993],[-96.77093,16.53586],[-96.7744,16.52883],[-96.76464,16.52283],[-96.75796,16.50568],[-96.75264,16.5027],[-96.75276,16.49075],[-96.76591,16.49358],[-96.80097,16.49248],[-96.79486,16.48853],[-96.79433,16.48289],[-96.80418,16.47603],[-96.80958,16.47591],[-96.82576,16.47715],[-96.84752,16.48896],[-96.85265,16.48878],[-96.85176,16.49281],[-96.85884,16.49151],[-96.85415,16.4968],[-96.84543,16.49386],[-96.82972,16.52052],[-96.86196,16.53024],[-96.86523,16.53851],[-96.89526,16.55766],[-96.87695,16.56318]]]}},{"type":"Feature","properties":{"code":"20084","stateCode":"20","municipalityCode":"084","name":"San Agustín Etla"},"geometry":{"type":"Polygon","coordinates":[[[-96.68489,17.23745],[-96.65747,17.18108],[-96.69707,17.18771],[-96.75102,17.17016],[-96.76407,17.16275],[-96.77103,17.17519],[-96.77332,17.17392],[-96.77343,17.17412],[-96.77077,17.17596],[-96.78023,17.1738],[-96.7716,17.19087],[-96.77409,17.19247],[-96.77366,17.20321],[-96.73898,17.2142],[-96.69499,17.2448],[-96.68489,17.23745]]]}},{"type":"Feature","properties":{"code":"20082","stateCode":"20","municipalityCode":"082","name":"San Agustín Chayuco"},"geometry":{"type":"Polygon","coordinates":[[[-97.85447,16.55424],[-97.83942,16.53631],[-97.8279,16.54323],[-97.8328,16.51371],[-97.84635,16.51058],[-97.8497,16.48515],[-97.85434,16.48101],[-97.84172,16.47789],[-97.83649,16.48263],[-97.82045,16.4839],[-97.81472,16.4809],[-97.80924,16.48371],[-97.78748,16.4775],[-97.76383,16.47656],[-97.75232,16.47968],[-97.74812,16.49832],[-97.73366,16.48304],[-97.73668,16.47882],[-97.72609,16.47082],[-97.71475,16.4746],[-97.70889,16.48444],[-97.6841,16.46928],[-97.69809,16.44299],[-97.70982,16.46381],[-97.73723,16.46097],[-97.75685,16.44101],[-97.77359,16.41351],[-97.7709,16.4121],[-97.77216,16.40431],[-97.77928,16.38699],[-97.80037,16.35517],[-97.81764,16.36217],[-97.8315,16.37266],[-97.83448,16.38874],[-97.82832,16.38248],[-97.82549,16.38865],[-97.83381,16.40258],[-97.85509,16.42571],[-97.83807,16.43864],[-97.84524,16.44357],[-97.84778,16.4505],[-97.85554,16.45349],[-97.88247,16.47926],[-97.86893,16.5037],[-97.87544,16.51534],[-97.85447,16.55424]]]}},{"type":"Feature","properties":{"code":"20086","stateCode":"20","municipalityCode":"086","name":"San Agustín Tlacotepec"},"geometry":{"type":"Polygon","coordinates":[[[-97.50914,17.23585],[-97.49171,17.23493],[-97.48281,17.22988],[-97.47959,17.20729],[-97.48278,17.1616],[-97.49157,17.16519],[-97.50885,17.16337],[-97.51054,17.16808],[-97.518,17.17068],[-97.52045,17.1755],[-97.5344,17.17126],[-97.57319,17.18831],[-97.57256,17.19388],[-97.54572,17.20745],[-97.51274,17.23927],[-97.50914,17.23585]]]}},{"type":"Feature","properties":{"code":"20083","stateCode":"20","municipalityCode":"083","name":"San Agustín de las Juntas"},"geometry":{"type":"Polygon","coordinates":[[[-96.69946,17.0181],[-96.66286,17.00532],[-96.65091,16.97781],[-96.68181,16.96347],[-96.7073,16.98262],[-96.71111,16.99861],[-96.71862,17.0005],[-96.71867,17.00834],[-96.71303,17.01804],[-96.70008,17.01372],[-96.69946,17.0181]]]}},{"type":"Feature","properties":{"code":"20087","stateCode":"20","municipalityCode":"087","name":"San Agustín Yatareni"},"geometry":{"type":"Polygon","coordinates":[[[-96.69233,17.09334],[-96.68799,17.09073],[-96.68834,17.08707],[-96.68363,17.08588],[-96.66082,17.09034],[-96.66305,17.07528],[-96.68499,17.07408],[-96.68544,17.06725],[-96.69601,17.06899],[-96.69233,17.09334]]]}},{"type":"Feature","properties":{"code":"20089","stateCode":"20","municipalityCode":"089","name":"San Andrés Dinicuiti"},"geometry":{"type":"Polygon","coordinates":[[[-97.63526,17.74557],[-97.62651,17.71995],[-97.62631,17.70283],[-97.6284,17.69619],[-97.63155,17.6966],[-97.64198,17.6688],[-97.6632,17.66416],[-97.67579,17.6559],[-97.69078,17.67125],[-97.71559,17.65236],[-97.71604,17.6591],[-97.72145,17.6597],[-97.73197,17.67473],[-97.74835,17.66309],[-97.75729,17.66044],[-97.77079,17.68029],[-97.77055,17.69472],[-97.71907,17.71467],[-97.7078,17.73137],[-97.68868,17.72382],[-97.68974,17.74233],[-97.63526,17.74557]]]}},{"type":"Feature","properties":{"code":"20090","stateCode":"20","municipalityCode":"090","name":"San Andrés Huaxpaltepec"},"geometry":{"type":"Polygon","coordinates":[[[-97.91682,16.38623],[-97.86018,16.37832],[-97.87271,16.32517],[-97.8611,16.29596],[-97.89044,16.3013],[-97.90413,16.31323],[-97.92083,16.31609],[-97.95116,16.31366],[-97.97579,16.3363],[-97.98464,16.33074],[-98.00145,16.34194],[-97.98714,16.35521],[-97.97117,16.36039],[-97.96051,16.35677],[-97.95997,16.36179],[-97.94894,16.37228],[-97.93547,16.38102],[-97.91682,16.38623]]]}},{"type":"Feature","properties":{"code":"20091","stateCode":"20","municipalityCode":"091","name":"San Andrés Huayápam"},"geometry":{"type":"Polygon","coordinates":[[[-96.65887,17.17109],[-96.65334,17.17372],[-96.65008,17.15208],[-96.65511,17.09379],[-96.66082,17.09034],[-96.68834,17.08707],[-96.6839,17.12442],[-96.67241,17.16573],[-96.66336,17.17636],[-96.65887,17.17109]]]}},{"type":"Feature","properties":{"code":"20095","stateCode":"20","municipalityCode":"095","name":"San Andrés Paxtlán"},"geometry":{"type":"Polygon","coordinates":[[[-96.55463,16.25379],[-96.55268,16.25094],[-96.54779,16.25266],[-96.54855,16.24945],[-96.53488,16.25137],[-96.52893,16.24081],[-96.48831,16.25089],[-96.47691,16.23175],[-96.48401,16.22719],[-96.48705,16.21348],[-96.48449,16.20906],[-96.48449,16.18623],[-96.49043,16.18757],[-96.50594,16.18371],[-96.51388,16.18796],[-96.55225,16.17784],[-96.55958,16.18051],[-96.58416,16.17081],[-96.58511,16.19081],[-96.54059,16.2072],[-96.56472,16.20298],[-96.53864,16.21628],[-96.55745,16.25188],[-96.55463,16.25379]]]}},{"type":"Feature","properties":{"code":"20100","stateCode":"20","municipalityCode":"100","name":"San Andrés Yaá"},"geometry":{"type":"Polygon","coordinates":[[[-96.11551,17.30498],[-96.10501,17.3045],[-96.08109,17.2908],[-96.08535,17.28068],[-96.0927,17.2792],[-96.10133,17.27158],[-96.1053,17.26136],[-96.11144,17.26105],[-96.12037,17.27203],[-96.12699,17.26811],[-96.13709,17.27692],[-96.15474,17.27391],[-96.15928,17.2673],[-96.17051,17.26491],[-96.18088,17.26975],[-96.18121,17.28551],[-96.14517,17.30989],[-96.15199,17.31224],[-96.14668,17.32368],[-96.13071,17.32815],[-96.11551,17.30498]]]}},{"type":"Feature","properties":{"code":"20199","stateCode":"20","municipalityCode":"199","name":"San Juan Ihualtepec"},"geometry":{"type":"Polygon","coordinates":[[[-98.2865,17.83374],[-98.27603,17.83125],[-98.26276,17.82234],[-98.27592,17.81561],[-98.28038,17.808],[-98.28139,17.79214],[-98.27801,17.77369],[-98.26504,17.7569],[-98.27658,17.75153],[-98.27249,17.74677],[-98.2552,17.744],[-98.26566,17.73945],[-98.27052,17.72879],[-98.27515,17.72768],[-98.26756,17.71984],[-98.26426,17.7025],[-98.30608,17.71518],[-98.32087,17.72958],[-98.30695,17.75624],[-98.30879,17.76656],[-98.30549,17.81723],[-98.29973,17.83147],[-98.2865,17.83374]]]}},{"type":"Feature","properties":{"code":"20102","stateCode":"20","municipalityCode":"102","name":"San Andrés Zautla"},"geometry":{"type":"Polygon","coordinates":[[[-96.84547,17.22138],[-96.83607,17.21915],[-96.83929,17.21595],[-96.84678,17.21664],[-96.84757,17.21124],[-96.84067,17.21117],[-96.8271,17.19728],[-96.82521,17.19928],[-96.81843,17.18723],[-96.83557,17.18973],[-96.84123,17.18725],[-96.84675,17.16622],[-96.8555,17.15859],[-96.85375,17.15602],[-96.87123,17.14297],[-96.86517,17.1778],[-96.87146,17.18114],[-96.88803,17.17908],[-96.89363,17.16891],[-96.90023,17.16743],[-96.90042,17.16344],[-96.95251,17.16136],[-96.96365,17.15125],[-96.98347,17.15176],[-96.9827,17.17776],[-96.97909,17.17688],[-96.9353,17.2031],[-96.92386,17.20326],[-96.90782,17.21399],[-96.8768,17.20875],[-96.86432,17.20349],[-96.8641,17.20977],[-96.85046,17.21405],[-96.85256,17.21739],[-96.84756,17.21745],[-96.84547,17.22138]]]}},{"type":"Feature","properties":{"code":"20233","stateCode":"20","municipalityCode":"233","name":"San Lucas Quiaviní"},"geometry":{"type":"Polygon","coordinates":[[[-96.42276,16.92938],[-96.42332,16.92681],[-96.41639,16.92388],[-96.41522,16.91854],[-96.42688,16.91141],[-96.42333,16.90514],[-96.42191,16.88473],[-96.42634,16.84123],[-96.43904,16.83333],[-96.48513,16.86255],[-96.49127,16.85751],[-96.49778,16.86064],[-96.5006,16.86675],[-96.48826,16.88067],[-96.47739,16.90052],[-96.47604,16.92096],[-96.42933,16.91125],[-96.41929,16.92045],[-96.42637,16.92393],[-96.42665,16.93006],[-96.42276,16.92938]]]}},{"type":"Feature","properties":{"code":"20103","stateCode":"20","municipalityCode":"103","name":"San Antonino Castillo Velasco"},"geometry":{"type":"Polygon","coordinates":[[[-96.69711,16.8405],[-96.69833,16.83874],[-96.69427,16.83757],[-96.69895,16.82836],[-96.68173,16.82015],[-96.67703,16.81261],[-96.67076,16.8107],[-96.67341,16.79988],[-96.68198,16.79713],[-96.68439,16.79197],[-96.69244,16.79655],[-96.7,16.7967],[-96.70049,16.81008],[-96.71437,16.81236],[-96.70669,16.82366],[-96.70512,16.84188],[-96.69711,16.8405]]]}},{"type":"Feature","properties":{"code":"20105","stateCode":"20","municipalityCode":"105","name":"San Antonino Monte Verde"},"geometry":{"type":"Polygon","coordinates":[[[-97.73648,17.59114],[-97.73128,17.57313],[-97.69711,17.54973],[-97.69842,17.50886],[-97.69604,17.50597],[-97.69835,17.50271],[-97.69552,17.49816],[-97.69905,17.49328],[-97.69777,17.48048],[-97.70135,17.45526],[-97.78306,17.48339],[-97.79374,17.49179],[-97.80338,17.50862],[-97.80435,17.52679],[-97.75725,17.5751],[-97.73648,17.59114]]]}},{"type":"Feature","properties":{"code":"20107","stateCode":"20","municipalityCode":"107","name":"San Antonio de la Cal"},"geometry":{"type":"Polygon","coordinates":[[[-96.70439,17.05055],[-96.70124,17.04989],[-96.70218,17.04041],[-96.66684,17.02125],[-96.66941,17.0123],[-96.66326,17.00961],[-96.66286,17.00532],[-96.69946,17.0181],[-96.70008,17.01372],[-96.71405,17.019],[-96.71616,17.02313],[-96.7121,17.03097],[-96.71391,17.03347],[-96.70798,17.0311],[-96.70226,17.03965],[-96.70673,17.0424],[-96.70439,17.05055]]]}},{"type":"Feature","properties":{"code":"20108","stateCode":"20","municipalityCode":"108","name":"San Antonio Huitepec"},"geometry":{"type":"Polygon","coordinates":[[[-97.13064,16.99516],[-97.09154,16.9874],[-97.06575,16.97625],[-97.0718,16.95343],[-97.06889,16.94009],[-97.08325,16.93433],[-97.09306,16.91869],[-97.08942,16.89953],[-97.08166,16.88791],[-97.07728,16.86739],[-97.14293,16.85593],[-97.14606,16.85286],[-97.15758,16.8529],[-97.16003,16.84849],[-97.16831,16.84821],[-97.16845,16.85192],[-97.17872,16.85511],[-97.19619,16.85528],[-97.20667,16.86293],[-97.20853,16.85597],[-97.21101,16.8585],[-97.22203,16.84915],[-97.22672,16.85403],[-97.22223,16.85668],[-97.22196,16.86803],[-97.21791,16.86761],[-97.21388,16.87276],[-97.20709,16.89837],[-97.20879,16.91872],[-97.19561,16.96027],[-97.19659,16.97672],[-97.14497,16.98558],[-97.1474,16.99135],[-97.13064,16.99516]]]}},{"type":"Feature","properties":{"code":"20109","stateCode":"20","municipalityCode":"109","name":"San Antonio Nanahuatípam"},"geometry":{"type":"Polygon","coordinates":[[[-97.16814,18.19792],[-97.16101,18.18975],[-97.16147,18.18521],[-97.15425,18.18159],[-97.14416,18.16913],[-97.14403,18.16343],[-97.14051,18.17333],[-97.13382,18.17413],[-97.13864,18.1671],[-97.13389,18.15772],[-97.1239,18.16246],[-97.11376,18.14947],[-97.10574,18.14809],[-97.0902,18.15303],[-97.08872,18.14917],[-97.11019,18.14216],[-97.1189,18.13567],[-97.11598,18.12816],[-97.11801,18.12515],[-97.12112,18.12846],[-97.12281,18.12163],[-97.11581,18.11588],[-97.10948,18.11867],[-97.10848,18.10972],[-97.11925,18.09626],[-97.12702,18.11618],[-97.17347,18.10548],[-97.18819,18.12643],[-97.21342,18.10662],[-97.21435,18.16367],[-97.20522,18.17148],[-97.18722,18.17516],[-97.19235,18.19237],[-97.18339,18.19901],[-97.16737,18.2009],[-97.16814,18.19792]]]}},{"type":"Feature","properties":{"code":"20110","stateCode":"20","municipalityCode":"110","name":"San Antonio Sinicahua"},"geometry":{"type":"Polygon","coordinates":[[[-97.57319,17.18831],[-97.54238,17.17354],[-97.5502,17.16775],[-97.54531,17.15972],[-97.55238,17.14278],[-97.56154,17.13641],[-97.56266,17.12975],[-97.5692,17.12226],[-97.58546,17.11145],[-97.58531,17.12187],[-97.60575,17.15899],[-97.59821,17.16991],[-97.5875,17.16907],[-97.57701,17.16188],[-97.57885,17.17721],[-97.57703,17.18664],[-97.57319,17.18831]]]}},{"type":"Feature","properties":{"code":"20111","stateCode":"20","municipalityCode":"111","name":"San Antonio Tepetlapa"},"geometry":{"type":"Polygon","coordinates":[[[-97.98303,16.57408],[-97.97502,16.57109],[-97.97993,16.56081],[-97.97451,16.5585],[-97.99404,16.54392],[-98.00747,16.53847],[-98.00286,16.53164],[-98.02312,16.51737],[-98.03805,16.51764],[-98.03887,16.51412],[-98.05102,16.51084],[-98.05414,16.50302],[-98.07929,16.5127],[-98.09061,16.49484],[-98.09622,16.49831],[-98.1005,16.49551],[-98.10901,16.49625],[-98.09227,16.5145],[-98.10156,16.52046],[-98.10064,16.52715],[-98.0949,16.53245],[-98.10332,16.56034],[-98.08912,16.5627],[-98.08893,16.57029],[-98.07885,16.5655],[-98.06144,16.56452],[-98.03986,16.56863],[-97.99051,16.56863],[-97.98303,16.57408]]]}},{"type":"Feature","properties":{"code":"20527","stateCode":"20","municipalityCode":"527","name":"Santos Reyes Pápalo"},"geometry":{"type":"Polygon","coordinates":[[[-96.81274,17.82167],[-96.82534,17.80652],[-96.83316,17.77763],[-96.82682,17.77423],[-96.81524,17.75802],[-96.8162,17.75076],[-96.83127,17.7648],[-96.84921,17.75386],[-96.86037,17.75099],[-96.86814,17.75725],[-96.86977,17.7538],[-96.88246,17.75289],[-96.90349,17.76244],[-96.92983,17.78492],[-96.92757,17.79318],[-96.91948,17.79369],[-96.93681,17.79919],[-96.94218,17.80478],[-96.93562,17.81929],[-96.93144,17.82059],[-96.9315,17.82576],[-96.91807,17.82887],[-96.89886,17.82613],[-96.89475,17.82302],[-96.86369,17.82262],[-96.84284,17.83265],[-96.81274,17.82167]]]}},{"type":"Feature","properties":{"code":"20116","stateCode":"20","municipalityCode":"116","name":"San Bartolomé Ayautla"},"geometry":{"type":"Polygon","coordinates":[[[-96.6802,18.11056],[-96.66178,18.10363],[-96.64765,18.08183],[-96.63938,18.06491],[-96.64792,18.05921],[-96.64801,18.05397],[-96.63248,18.05094],[-96.63027,18.04584],[-96.63601,18.03717],[-96.63403,18.02752],[-96.64214,18.0182],[-96.66495,18.01566],[-96.67614,18.02132],[-96.68519,18.01179],[-96.69901,18.01206],[-96.71156,18.00598],[-96.71981,18.01418],[-96.71953,18.03606],[-96.7253,18.04371],[-96.72531,18.05181],[-96.72094,18.04743],[-96.71375,18.05375],[-96.70644,18.05521],[-96.69779,18.05055],[-96.68854,18.05044],[-96.68151,18.04355],[-96.67829,18.04428],[-96.67072,18.08269],[-96.71122,18.10744],[-96.70621,18.11094],[-96.69665,18.10304],[-96.68939,18.10796],[-96.68583,18.10637],[-96.6802,18.11056]]]}},{"type":"Feature","properties":{"code":"20114","stateCode":"20","municipalityCode":"114","name":"San Baltazar Yatzachi el Bajo"},"geometry":{"type":"Polygon","coordinates":[[[-96.18186,17.25837],[-96.17828,17.25065],[-96.18179,17.24629],[-96.18003,17.24262],[-96.18457,17.242],[-96.18314,17.23352],[-96.18389,17.22906],[-96.1885,17.22677],[-96.18786,17.21623],[-96.1921,17.21302],[-96.19123,17.20747],[-96.19441,17.20736],[-96.19252,17.19154],[-96.2393,17.19657],[-96.24118,17.19997],[-96.238,17.2252],[-96.25082,17.22606],[-96.24896,17.23227],[-96.23929,17.22858],[-96.21411,17.236],[-96.20181,17.25001],[-96.19512,17.2496],[-96.19661,17.25889],[-96.18882,17.25433],[-96.18186,17.25837]]]}},{"type":"Feature","properties":{"code":"20115","stateCode":"20","municipalityCode":"115","name":"San Bartolo Coyotepec"},"geometry":{"type":"MultiPolygon","coordinates":[[[[-96.73942,16.92903],[-96.72454,16.92489],[-96.7147,16.90683],[-96.70046,16.90113],[-96.70813,16.88983],[-96.71571,16.90591],[-96.731,16.90402],[-96.74492,16.90828],[-96.73942,16.92903]]],[[[-96.65987,16.96991],[-96.65847,16.92626],[-96.66128,16.9235],[-96.71733,16.94483],[-96.72719,16.94591],[-96.72263,16.95899],[-96.72832,16.9614],[-96.72782,16.96597],[-96.70788,16.96187],[-96.68181,16.96347],[-96.6549,16.9773],[-96.65987,16.96991]]]]}},{"type":"Feature","properties":{"code":"20119","stateCode":"20","municipalityCode":"119","name":"San Bartolomé Yucuañe"},"geometry":{"type":"Polygon","coordinates":[[[-97.42062,17.24457],[-97.42564,17.24719],[-97.43211,17.20109],[-97.42275,17.14674],[-97.43567,17.13397],[-97.44253,17.13409],[-97.43998,17.14865],[-97.44526,17.16293],[-97.45722,17.1747],[-97.46954,17.16983],[-97.4709,17.16651],[-97.47852,17.16851],[-97.48198,17.16434],[-97.48315,17.18437],[-97.47959,17.20729],[-97.48281,17.22988],[-97.49171,17.23493],[-97.48986,17.2655],[-97.4958,17.27049],[-97.41489,17.29194],[-97.42062,17.24457]]]}},{"type":"Feature","properties":{"code":"20014","stateCode":"20","municipalityCode":"014","name":"Ciudad Ixtepec"},"geometry":{"type":"Polygon","coordinates":[[[-95.12262,16.71745],[-95.08969,16.70999],[-95.04378,16.70514],[-95.01775,16.69227],[-95.01042,16.68644],[-95.00952,16.68136],[-95.00101,16.68134],[-94.99958,16.66662],[-95.01066,16.66726],[-95.0178,16.64886],[-95.01504,16.6413],[-95.00077,16.63165],[-95.00075,16.62393],[-95.02767,16.57175],[-95.05991,16.53557],[-95.06973,16.52864],[-95.08811,16.52913],[-95.09309,16.52509],[-95.11986,16.51753],[-95.15629,16.51924],[-95.15945,16.56796],[-95.14617,16.56486],[-95.14097,16.58772],[-95.13815,16.59097],[-95.13218,16.58918],[-95.13328,16.59428],[-95.13909,16.59458],[-95.15149,16.6087],[-95.15443,16.65763],[-95.16441,16.65429],[-95.16926,16.69486],[-95.16218,16.7112],[-95.14518,16.7093],[-95.12262,16.71745]]]}},{"type":"Feature","properties":{"code":"20123","stateCode":"20","municipalityCode":"123","name":"San Bernardo Mixtepec"},"geometry":{"type":"Polygon","coordinates":[[[-96.96973,16.89202],[-96.95578,16.88543],[-96.94379,16.88425],[-96.93599,16.87666],[-96.92921,16.87468],[-96.92409,16.86419],[-96.9053,16.87242],[-96.89289,16.87465],[-96.88726,16.87122],[-96.87275,16.87392],[-96.86783,16.87846],[-96.85897,16.87235],[-96.84788,16.87929],[-96.85832,16.85146],[-96.84845,16.8468],[-96.84855,16.80989],[-96.84562,16.80144],[-96.84789,16.79723],[-96.87756,16.80098],[-96.8847,16.80668],[-96.8903,16.80719],[-96.89504,16.80373],[-96.91763,16.80714],[-96.93025,16.81726],[-96.94979,16.81815],[-96.98177,16.8318],[-97.00253,16.86225],[-96.9936,16.86678],[-96.98702,16.88433],[-96.97712,16.88249],[-96.96973,16.89202]]]}},{"type":"Feature","properties":{"code":"20122","stateCode":"20","municipalityCode":"122","name":"San Bartolo Yautepec"},"geometry":{"type":"Polygon","coordinates":[[[-95.96375,16.47351],[-95.88581,16.43323],[-95.88182,16.43589],[-95.87094,16.43462],[-95.85994,16.45019],[-95.85402,16.44361],[-95.84781,16.44409],[-95.84487,16.4388],[-95.84509,16.38863],[-95.84988,16.38974],[-95.85163,16.3844],[-95.85493,16.39293],[-95.8609,16.39471],[-95.86069,16.39877],[-95.86971,16.39677],[-95.87999,16.39942],[-95.87904,16.40497],[-95.88477,16.40546],[-95.88274,16.40832],[-95.88532,16.41026],[-95.89269,16.40528],[-95.89438,16.40869],[-95.90382,16.40541],[-95.90275,16.41031],[-95.90857,16.40892],[-95.9115,16.41361],[-95.94786,16.38665],[-95.94424,16.38009],[-95.95006,16.3825],[-95.95998,16.37907],[-95.96178,16.39347],[-95.96579,16.39474],[-95.97009,16.38995],[-95.97708,16.39362],[-95.97699,16.40033],[-95.9848,16.41065],[-95.98294,16.41856],[-95.9924,16.41793],[-95.9969,16.42536],[-96.01564,16.43628],[-96.01401,16.44059],[-96.0,16.44679],[-95.99161,16.43862],[-95.98777,16.43819],[-95.97988,16.4477],[-95.97778,16.45977],[-95.96375,16.47351]]]}},{"type":"Feature","properties":{"code":"20126","stateCode":"20","municipalityCode":"126","name":"San Cristóbal Amatlán"},"geometry":{"type":"Polygon","coordinates":[[[-96.43709,16.3918],[-96.41564,16.38424],[-96.4113,16.37692],[-96.4158,16.3672],[-96.40052,16.3524],[-96.39114,16.35095],[-96.38595,16.33888],[-96.37563,16.33161],[-96.35257,16.3296],[-96.33641,16.34536],[-96.3387,16.34787],[-96.30625,16.354],[-96.30859,16.33831],[-96.31102,16.3375],[-96.31003,16.32724],[-96.30621,16.32201],[-96.31115,16.3208],[-96.33343,16.28978],[-96.33983,16.28972],[-96.34724,16.27976],[-96.34881,16.25564],[-96.34405,16.22695],[-96.35721,16.213],[-96.37941,16.21685],[-96.386,16.22983],[-96.38349,16.23823],[-96.38961,16.2481],[-96.38882,16.26746],[-96.39677,16.26449],[-96.40451,16.27308],[-96.42221,16.28266],[-96.4286,16.2895],[-96.43234,16.30231],[-96.43472,16.3021],[-96.43397,16.31528],[-96.43708,16.31863],[-96.42985,16.34943],[-96.45406,16.34684],[-96.45803,16.37588],[-96.45661,16.37955],[-96.43709,16.3918]]]}},{"type":"Feature","properties":{"code":"20127","stateCode":"20","municipalityCode":"127","name":"San Cristóbal Amoltepec"},"geometry":{"type":"Polygon","coordinates":[[[-97.5842,17.31846],[-97.54857,17.29524],[-97.54547,17.29713],[-97.54421,17.28734],[-97.5502,17.27502],[-97.56144,17.26567],[-97.61378,17.25301],[-97.61123,17.26818],[-97.6172,17.27258],[-97.61658,17.27827],[-97.60872,17.28178],[-97.59849,17.29907],[-97.59134,17.29952],[-97.5842,17.31846]]]}},{"type":"Feature","properties":{"code":"20128","stateCode":"20","municipalityCode":"128","name":"San Cristóbal Lachirioag"},"geometry":{"type":"Polygon","coordinates":[[[-96.17598,17.36865],[-96.17031,17.37257],[-96.15613,17.3654],[-96.15411,17.33807],[-96.15618,17.33917],[-96.15719,17.33402],[-96.16173,17.33412],[-96.16217,17.32619],[-96.17429,17.32736],[-96.18167,17.34106],[-96.19809,17.34452],[-96.20087,17.35476],[-96.20993,17.36136],[-96.21192,17.36633],[-96.2095,17.36159],[-96.19599,17.35966],[-96.19225,17.36319],[-96.18903,17.36206],[-96.18987,17.36581],[-96.18584,17.36593],[-96.18346,17.3698],[-96.18544,17.37307],[-96.18253,17.37504],[-96.17598,17.36865]]]}},{"type":"Feature","properties":{"code":"20529","stateCode":"20","municipalityCode":"529","name":"Santos Reyes Yucuná"},"geometry":{"type":"Polygon","coordinates":[[[-97.97702,17.80727],[-97.96245,17.77857],[-97.95597,17.77821],[-97.95106,17.77371],[-97.94475,17.75519],[-97.94779,17.75096],[-97.94636,17.74627],[-97.98987,17.75228],[-98.00933,17.73746],[-98.02233,17.74911],[-98.04052,17.75661],[-98.05371,17.75239],[-98.06465,17.76188],[-98.07384,17.76189],[-98.06591,17.78157],[-98.05903,17.77966],[-98.05234,17.78458],[-98.04315,17.78033],[-98.03974,17.78411],[-98.03741,17.78726],[-98.04171,17.79529],[-98.04114,17.80105],[-98.03232,17.80799],[-98.01116,17.79744],[-97.98494,17.80133],[-97.97702,17.80727]]]}},{"type":"Feature","properties":{"code":"20131","stateCode":"20","municipalityCode":"131","name":"San Dionisio Ocotepec"},"geometry":{"type":"Polygon","coordinates":[[[-96.30928,16.87315],[-96.23921,16.84488],[-96.21751,16.86717],[-96.2053,16.83933],[-96.1984,16.81073],[-96.20014,16.72257],[-96.23023,16.70208],[-96.25123,16.71503],[-96.28402,16.74821],[-96.3076,16.74612],[-96.31344,16.74865],[-96.35076,16.70965],[-96.37736,16.69674],[-96.39483,16.6944],[-96.40388,16.69714],[-96.41566,16.73932],[-96.42408,16.74676],[-96.41526,16.76525],[-96.41163,16.81409],[-96.40187,16.81081],[-96.3668,16.81923],[-96.34908,16.80356],[-96.33603,16.83811],[-96.32466,16.85077],[-96.32497,16.85832],[-96.30928,16.87315]]]}},{"type":"Feature","properties":{"code":"20130","stateCode":"20","municipalityCode":"130","name":"San Dionisio del Mar"},"geometry":{"type":"Polygon","coordinates":[[[-94.70816,16.44443],[-94.64166,16.43519],[-94.60864,16.3766],[-94.61246,16.3528],[-94.66692,16.36485],[-94.73795,16.22519],[-94.73323,16.21958],[-94.71272,16.21676],[-94.72555,16.21432],[-94.71829,16.21334],[-94.71526,16.21177],[-94.73609,16.21155],[-94.7381,16.21436],[-94.74104,16.21204],[-94.73942,16.20808],[-94.74369,16.20814],[-94.75658,16.21011],[-94.7675,16.2231],[-94.80732,16.22236],[-94.83708,16.22716],[-94.84671,16.25086],[-94.85586,16.26147],[-94.84562,16.27213],[-94.85707,16.27396],[-94.85704,16.27707],[-94.86621,16.28141],[-94.82623,16.29234],[-94.80461,16.30158],[-94.80189,16.3054],[-94.79189,16.30767],[-94.77174,16.32974],[-94.77276,16.33273],[-94.799,16.34665],[-94.80627,16.36477],[-94.81666,16.36828],[-94.81537,16.37458],[-94.82237,16.37819],[-94.81881,16.37805],[-94.80883,16.38857],[-94.8105,16.39677],[-94.82353,16.40271],[-94.82031,16.40733],[-94.81367,16.40397],[-94.80926,16.40729],[-94.80243,16.43892],[-94.79777,16.43947],[-94.79817,16.44301],[-94.79279,16.44548],[-94.78789,16.44413],[-94.78888,16.4461],[-94.77406,16.43783],[-94.76599,16.41893],[-94.76414,16.40207],[-94.75451,16.40982],[-94.73193,16.41602],[-94.70816,16.44443]]]}},{"type":"Feature","properties":{"code":"20152","stateCode":"20","municipalityCode":"152","name":"San Francisco Tlapancingo"},"geometry":{"type":"Polygon","coordinates":[[[-98.31926,17.53146],[-98.31104,17.51394],[-98.277,17.51526],[-98.26846,17.51925],[-98.23385,17.50378],[-98.21289,17.5027],[-98.21209,17.48657],[-98.20196,17.48248],[-98.20359,17.43139],[-98.21975,17.42898],[-98.26358,17.43993],[-98.29564,17.44271],[-98.29988,17.45297],[-98.32956,17.46869],[-98.33238,17.47198],[-98.32901,17.47873],[-98.31188,17.47749],[-98.3203,17.50688],[-98.33074,17.5115],[-98.33364,17.52551],[-98.32963,17.53326],[-98.31926,17.53146]]]}},{"type":"Feature","properties":{"code":"20132","stateCode":"20","municipalityCode":"132","name":"San Dionisio Ocotlán"},"geometry":{"type":"Polygon","coordinates":[[[-96.64727,16.76485],[-96.65645,16.75995],[-96.65102,16.75231],[-96.64565,16.75375],[-96.63838,16.7493],[-96.64343,16.74573],[-96.64822,16.74795],[-96.65255,16.74304],[-96.6633,16.74556],[-96.66225,16.7424],[-96.64538,16.7419],[-96.64875,16.73576],[-96.65951,16.73396],[-96.66346,16.73827],[-96.67425,16.73808],[-96.6735,16.74275],[-96.69011,16.7458],[-96.68379,16.75604],[-96.679,16.75409],[-96.67252,16.75948],[-96.67092,16.76615],[-96.65727,16.76481],[-96.65291,16.76735],[-96.64727,16.76485]]]}},{"type":"Feature","properties":{"code":"20135","stateCode":"20","municipalityCode":"135","name":"San Felipe Tejalápam"},"geometry":{"type":"Polygon","coordinates":[[[-96.85375,17.15602],[-96.83556,17.15476],[-96.83159,17.14346],[-96.82649,17.14694],[-96.82209,17.12492],[-96.82997,17.1016],[-96.83946,17.09009],[-96.85074,17.08814],[-96.84592,17.08353],[-96.84287,17.08475],[-96.85035,17.07364],[-96.85668,17.07174],[-96.86274,17.07772],[-96.86511,17.08862],[-96.87036,17.09175],[-96.8767,17.05565],[-96.90886,17.04983],[-96.90756,17.02218],[-96.90331,17.02138],[-96.92409,17.0068],[-96.93233,17.01924],[-96.92969,17.02645],[-96.93636,17.03454],[-96.93811,17.05693],[-96.93604,17.05929],[-96.94684,17.06178],[-96.92588,17.0816],[-96.92713,17.09305],[-96.92478,17.09641],[-96.934,17.0996],[-96.92159,17.1194],[-96.87108,17.13872],[-96.87123,17.14297],[-96.85375,17.15602]]]}},{"type":"Feature","properties":{"code":"20136","stateCode":"20","municipalityCode":"136","name":"San Felipe Usila"},"geometry":{"type":"Polygon","coordinates":[[[-96.49004,17.99649],[-96.49055,17.97993],[-96.48553,17.97793],[-96.48801,17.96584],[-96.4652,17.96353],[-96.44288,17.97517],[-96.43615,17.96937],[-96.44051,17.96178],[-96.42318,17.94415],[-96.41503,17.93984],[-96.41693,17.96152],[-96.40447,17.95936],[-96.39891,17.94725],[-96.43613,17.86374],[-96.43273,17.85047],[-96.45161,17.84092],[-96.44823,17.81611],[-96.43673,17.80848],[-96.43514,17.80102],[-96.44007,17.79262],[-96.44778,17.74588],[-96.46189,17.73786],[-96.47628,17.71798],[-96.49173,17.71828],[-96.49828,17.71133],[-96.50585,17.66368],[-96.50541,17.65005],[-96.51048,17.6418],[-96.54279,17.65246],[-96.55773,17.66602],[-96.56598,17.66646],[-96.57581,17.69046],[-96.61105,17.70407],[-96.60515,17.70922],[-96.59772,17.73401],[-96.60273,17.73306],[-96.59941,17.74574],[-96.59575,17.7485],[-96.59499,17.76712],[-96.59162,17.76545],[-96.58882,17.76976],[-96.58291,17.77133],[-96.5624,17.79431],[-96.56473,17.79723],[-96.56256,17.8058],[-96.57801,17.83564],[-96.57322,17.84592],[-96.56435,17.84827],[-96.5644,17.85269],[-96.55367,17.85925],[-96.55368,17.86513],[-96.54675,17.86959],[-96.56117,17.89309],[-96.56538,17.92334],[-96.55657,17.94408],[-96.51929,17.94294],[-96.51112,17.9521],[-96.49004,17.99649]]]}},{"type":"Feature","properties":{"code":"20137","stateCode":"20","municipalityCode":"137","name":"San Francisco Cahuacuá"},"geometry":{"type":"Polygon","coordinates":[[[-97.3007,16.95178],[-97.20879,16.91872],[-97.22995,16.90065],[-97.24423,16.90245],[-97.26347,16.89916],[-97.2659,16.89633],[-97.28073,16.89625],[-97.2839,16.89208],[-97.282,16.87766],[-97.29134,16.86556],[-97.28933,16.86119],[-97.29152,16.85469],[-97.29502,16.84943],[-97.30018,16.85059],[-97.30625,16.83682],[-97.32009,16.82423],[-97.32448,16.81531],[-97.33201,16.81382],[-97.33356,16.81031],[-97.3356,16.81292],[-97.33893,16.81122],[-97.34278,16.81351],[-97.34064,16.81693],[-97.34612,16.81912],[-97.35476,16.80873],[-97.35598,16.80156],[-97.38539,16.80359],[-97.41438,16.74939],[-97.44991,16.70934],[-97.44824,16.71341],[-97.4644,16.7515],[-97.49994,16.76304],[-97.51469,16.78325],[-97.48955,16.80299],[-97.45169,16.81211],[-97.37998,16.81441],[-97.37122,16.81887],[-97.36714,16.8275],[-97.37377,16.84757],[-97.38343,16.86411],[-97.40802,16.86786],[-97.41246,16.87244],[-97.41062,16.87616],[-97.42843,16.88838],[-97.41682,16.89323],[-97.4061,16.91063],[-97.40773,16.91529],[-97.41469,16.91399],[-97.41854,16.92766],[-97.42874,16.93336],[-97.43385,16.93189],[-97.43367,16.9359],[-97.43876,16.93531],[-97.43924,16.93863],[-97.43703,16.94087],[-97.37943,16.94078],[-97.3541,16.94501],[-97.34846,16.94253],[-97.32462,16.95007],[-97.3007,16.95178]]]}},{"type":"Feature","properties":{"code":"20139","stateCode":"20","municipalityCode":"139","name":"San Francisco Chapulapa"},"geometry":{"type":"Polygon","coordinates":[[[-96.74323,17.96585],[-96.74802,17.95108],[-96.74112,17.94088],[-96.74279,17.92556],[-96.75237,17.91685],[-96.75077,17.90727],[-96.76083,17.89085],[-96.76236,17.86725],[-96.73067,17.89227],[-96.73904,17.89608],[-96.73722,17.89801],[-96.74044,17.90679],[-96.73171,17.91592],[-96.72448,17.91667],[-96.72136,17.92293],[-96.7129,17.92218],[-96.7099,17.92652],[-96.69998,17.89965],[-96.68095,17.89054],[-96.69739,17.87442],[-96.71277,17.86808],[-96.73453,17.86931],[-96.75789,17.85964],[-96.76483,17.86117],[-96.78931,17.87809],[-96.78772,17.88748],[-96.79187,17.89079],[-96.77334,17.91702],[-96.78318,17.94722],[-96.77396,17.96519],[-96.74323,17.96585]]]}},{"type":"Feature","properties":{"code":"20142","stateCode":"20","municipalityCode":"142","name":"San Francisco Huehuetlán"},"geometry":{"type":"Polygon","coordinates":[[[-96.92036,18.23874],[-96.92459,18.23321],[-96.92337,18.21641],[-96.92905,18.20178],[-96.9204,18.19045],[-96.92514,18.17217],[-96.93486,18.16999],[-96.95331,18.17813],[-96.95347,18.19577],[-96.94993,18.20398],[-96.92991,18.22289],[-96.92771,18.23268],[-96.92036,18.23874]]]}},{"type":"Feature","properties":{"code":"20140","stateCode":"20","municipalityCode":"140","name":"San Francisco Chindúa"},"geometry":{"type":"Polygon","coordinates":[[[-97.29911,17.44632],[-97.29569,17.4392],[-97.28778,17.4367],[-97.28473,17.43164],[-97.28651,17.42852],[-97.2815,17.4246],[-97.29207,17.42472],[-97.28775,17.41946],[-97.29534,17.39795],[-97.31096,17.38369],[-97.31617,17.38787],[-97.31952,17.40947],[-97.34675,17.41312],[-97.35037,17.41695],[-97.36191,17.41276],[-97.36308,17.42603],[-97.32933,17.42326],[-97.32605,17.43098],[-97.31416,17.4315],[-97.30236,17.43798],[-97.30722,17.44319],[-97.29911,17.44632]]]}},{"type":"Feature","properties":{"code":"20160","stateCode":"20","municipalityCode":"160","name":"San Jerónimo Silacayoapilla"},"geometry":{"type":"Polygon","coordinates":[[[-97.85363,17.84686],[-97.84482,17.83249],[-97.83383,17.82352],[-97.8266,17.79067],[-97.82594,17.77058],[-97.82937,17.76615],[-97.83703,17.78095],[-97.84383,17.77591],[-97.84728,17.77683],[-97.84807,17.78102],[-97.85627,17.77073],[-97.88077,17.76955],[-97.90347,17.78644],[-97.91061,17.80338],[-97.90775,17.83542],[-97.85363,17.84686]]]}},{"type":"Feature","properties":{"code":"20143","stateCode":"20","municipalityCode":"143","name":"San Francisco Ixhuatán"},"geometry":{"type":"Polygon","coordinates":[[[-94.56514,16.44204],[-94.49753,16.43929],[-94.46513,16.41576],[-94.47579,16.40577],[-94.46803,16.402],[-94.4706,16.39124],[-94.46043,16.38349],[-94.46285,16.37736],[-94.45661,16.37719],[-94.4656,16.33935],[-94.45496,16.34374],[-94.45341,16.33989],[-94.45906,16.33824],[-94.46036,16.33437],[-94.45337,16.32911],[-94.45468,16.32474],[-94.4484,16.32417],[-94.44547,16.31658],[-94.43948,16.3135],[-94.44097,16.30919],[-94.44771,16.30823],[-94.45104,16.29856],[-94.46153,16.29887],[-94.46203,16.28473],[-94.45135,16.28319],[-94.45074,16.27126],[-94.44462,16.27128],[-94.44566,16.28244],[-94.4333,16.28087],[-94.43376,16.2686],[-94.42905,16.2632],[-94.4456,16.24573],[-94.46397,16.24764],[-94.46498,16.22568],[-94.49326,16.22575],[-94.49344,16.23067],[-94.50475,16.24041],[-94.50503,16.25073],[-94.51008,16.25446],[-94.52592,16.28181],[-94.53361,16.26834],[-94.53642,16.27534],[-94.53395,16.28301],[-94.54752,16.2835],[-94.55112,16.26887],[-94.55877,16.25972],[-94.55391,16.27893],[-94.55657,16.28191],[-94.55754,16.27848],[-94.56237,16.28548],[-94.55385,16.29413],[-94.54451,16.2926],[-94.54314,16.30146],[-94.53363,16.29746],[-94.52532,16.29913],[-94.52297,16.30582],[-94.51437,16.30759],[-94.51575,16.3127],[-94.50939,16.30909],[-94.51318,16.30022],[-94.51048,16.29683],[-94.49415,16.30647],[-94.49746,16.31086],[-94.48868,16.32181],[-94.4922,16.32586],[-94.49164,16.33381],[-94.48606,16.34074],[-94.48929,16.35076],[-94.50752,16.34127],[-94.51351,16.36466],[-94.55221,16.3606],[-94.57268,16.36801],[-94.56688,16.38868],[-94.57148,16.39702],[-94.57946,16.39624],[-94.5796,16.41171],[-94.62654,16.40895],[-94.64166,16.43519],[-94.61078,16.4373],[-94.5785,16.4452],[-94.56588,16.44605],[-94.56514,16.44204]]]}},{"type":"Feature","properties":{"code":"20144","stateCode":"20","municipalityCode":"144","name":"San Francisco Jaltepetongo"},"geometry":{"type":"Polygon","coordinates":[[[-97.2495,17.3932],[-97.24324,17.36366],[-97.25797,17.32073],[-97.30198,17.29032],[-97.29999,17.32121],[-97.30607,17.33649],[-97.2992,17.3582],[-97.28902,17.37324],[-97.2892,17.37995],[-97.27319,17.3889],[-97.25612,17.39297],[-97.2495,17.3932]]]}},{"type":"Feature","properties":{"code":"20145","stateCode":"20","municipalityCode":"145","name":"San Francisco Lachigoló"},"geometry":{"type":"Polygon","coordinates":[[[-96.59601,17.04803],[-96.58086,17.03726],[-96.57837,17.02965],[-96.58158,17.01637],[-96.59499,17.00645],[-96.61385,17.01102],[-96.60707,17.02584],[-96.61232,17.02698],[-96.60927,17.03971],[-96.59828,17.04318],[-96.59601,17.04803]]]}},{"type":"Feature","properties":{"code":"20531","stateCode":"20","municipalityCode":"531","name":"Santo Tomás Mazaltepec"},"geometry":{"type":"Polygon","coordinates":[[[-96.87097,17.18088],[-96.86517,17.1778],[-96.87108,17.13872],[-96.92159,17.1194],[-96.93078,17.10597],[-96.96365,17.15125],[-96.95251,17.16136],[-96.90042,17.16344],[-96.90023,17.16743],[-96.89363,17.16891],[-96.88803,17.17908],[-96.87097,17.18088]]]}},{"type":"Feature","properties":{"code":"20146","stateCode":"20","municipalityCode":"146","name":"San Francisco Logueche"},"geometry":{"type":"Polygon","coordinates":[[[-96.37402,16.4192],[-96.3656,16.40932],[-96.36624,16.40184],[-96.35483,16.39199],[-96.35631,16.37231],[-96.36,16.37042],[-96.35773,16.36679],[-96.36197,16.35949],[-96.35287,16.34184],[-96.35257,16.3296],[-96.37563,16.33161],[-96.38595,16.33888],[-96.39114,16.35095],[-96.40052,16.3524],[-96.4158,16.3672],[-96.38546,16.41928],[-96.37402,16.4192]]]}},{"type":"Feature","properties":{"code":"20148","stateCode":"20","municipalityCode":"148","name":"San Francisco Ozolotepec"},"geometry":{"type":"Polygon","coordinates":[[[-96.20782,16.14508],[-96.19712,16.11614],[-96.17873,16.11109],[-96.17455,16.11252],[-96.16022,16.10146],[-96.16466,16.10031],[-96.1649,16.09097],[-96.16252,16.09208],[-96.16511,16.08414],[-96.16275,16.08246],[-96.16728,16.08237],[-96.16957,16.07782],[-96.17551,16.07564],[-96.17173,16.07084],[-96.1794,16.06634],[-96.17652,16.0564],[-96.17917,16.05447],[-96.19159,16.05487],[-96.2083,16.05056],[-96.2302,16.06341],[-96.2223,16.07716],[-96.21149,16.08378],[-96.20659,16.08313],[-96.20969,16.08634],[-96.21502,16.08414],[-96.22154,16.08606],[-96.24319,16.11699],[-96.20782,16.14508]]]}},{"type":"Feature","properties":{"code":"20151","stateCode":"20","municipalityCode":"151","name":"San Francisco Teopan"},"geometry":{"type":"Polygon","coordinates":[[[-97.57924,17.97389],[-97.5604,17.95217],[-97.53633,17.94091],[-97.53624,17.93238],[-97.53048,17.93085],[-97.53955,17.92026],[-97.52573,17.91755],[-97.52902,17.90223],[-97.52131,17.88296],[-97.4931,17.86414],[-97.46886,17.838],[-97.46998,17.82381],[-97.49914,17.82705],[-97.54352,17.85428],[-97.55279,17.85591],[-97.56109,17.86429],[-97.57566,17.87109],[-97.58327,17.86736],[-97.58092,17.87102],[-97.58441,17.88343],[-97.61694,17.90203],[-97.59474,17.90169],[-97.57883,17.90792],[-97.5739,17.91086],[-97.57577,17.91494],[-97.56682,17.92194],[-97.56876,17.92818],[-97.57944,17.93151],[-97.59082,17.94583],[-97.58752,17.96834],[-97.57924,17.97389]]]}},{"type":"Feature","properties":{"code":"20157","stateCode":"20","municipalityCode":"157","name":"San Jacinto Amilpas"},"geometry":{"type":"Polygon","coordinates":[[[-96.76145,17.11386],[-96.75524,17.10941],[-96.75181,17.10158],[-96.75455,17.09131],[-96.74488,17.07323],[-96.74826,17.07872],[-96.75388,17.07529],[-96.7607,17.08486],[-96.75853,17.08639],[-96.76732,17.10465],[-96.766,17.11287],[-96.76145,17.11386]]]}},{"type":"Feature","properties":{"code":"20248","stateCode":"20","municipalityCode":"248","name":"San Mateo del Mar"},"geometry":{"type":"Polygon","coordinates":[[[-94.94068,16.23241],[-94.93337,16.20901],[-94.9236,16.20758],[-95.06272,16.18399],[-95.13872,16.1887],[-95.13685,16.20631],[-95.14001,16.22518],[-95.12754,16.22789],[-95.12545,16.23588],[-95.10199,16.23331],[-95.08064,16.22607],[-95.05416,16.2243],[-94.94068,16.23241]]]}},{"type":"Feature","properties":{"code":"20158","stateCode":"20","municipalityCode":"158","name":"San Jacinto Tlacotepec"},"geometry":{"type":"Polygon","coordinates":[[[-97.38024,16.55971],[-97.34603,16.5306],[-97.33191,16.51082],[-97.3321,16.49974],[-97.32743,16.49043],[-97.31494,16.47698],[-97.32164,16.47287],[-97.32735,16.4766],[-97.32869,16.46682],[-97.33477,16.46884],[-97.33414,16.46404],[-97.33943,16.46403],[-97.338,16.4667],[-97.34434,16.46847],[-97.34878,16.46177],[-97.36921,16.46132],[-97.38126,16.45253],[-97.38741,16.45496],[-97.39204,16.47029],[-97.39293,16.47885],[-97.38618,16.49168],[-97.39029,16.50142],[-97.40297,16.51239],[-97.39997,16.52314],[-97.40499,16.53482],[-97.39882,16.54491],[-97.37888,16.55819],[-97.38024,16.55971]]]}},{"type":"Feature","properties":{"code":"20162","stateCode":"20","municipalityCode":"162","name":"San Jerónimo Taviche"},"geometry":{"type":"Polygon","coordinates":[[[-96.63174,16.74821],[-96.61295,16.74571],[-96.60247,16.73933],[-96.59704,16.74395],[-96.58358,16.73436],[-96.57622,16.74093],[-96.56554,16.73979],[-96.55736,16.73684],[-96.55212,16.7291],[-96.54719,16.73094],[-96.54189,16.7292],[-96.54198,16.72639],[-96.52571,16.73664],[-96.51562,16.73742],[-96.5182,16.70611],[-96.52812,16.70504],[-96.53934,16.66366],[-96.56952,16.67128],[-96.59467,16.6567],[-96.62256,16.70652],[-96.61142,16.72081],[-96.60641,16.71684],[-96.60064,16.72561],[-96.60664,16.72635],[-96.60919,16.73334],[-96.6207,16.74221],[-96.63624,16.7456],[-96.63174,16.74821]]]}},{"type":"Feature","properties":{"code":"20176","stateCode":"20","municipalityCode":"176","name":"San Juan Bautista Coixtlahuaca"},"geometry":{"type":"Polygon","coordinates":[[[-97.25309,17.81613],[-97.19866,17.79659],[-97.19268,17.77643],[-97.17768,17.75838],[-97.17456,17.74487],[-97.16656,17.73451],[-97.16116,17.70642],[-97.17955,17.67327],[-97.23086,17.64241],[-97.23786,17.64156],[-97.26763,17.65061],[-97.2837,17.64764],[-97.28722,17.65233],[-97.28776,17.64235],[-97.2997,17.65477],[-97.30926,17.65604],[-97.30951,17.66428],[-97.30641,17.66908],[-97.32511,17.6791],[-97.33401,17.68036],[-97.34261,17.67846],[-97.38327,17.65349],[-97.38865,17.66691],[-97.40161,17.68444],[-97.39,17.68721],[-97.37486,17.70066],[-97.36213,17.7053],[-97.34567,17.70224],[-97.34645,17.72673],[-97.35193,17.74142],[-97.34507,17.7638],[-97.30224,17.76933],[-97.25309,17.81613]]]}},{"type":"Feature","properties":{"code":"20165","stateCode":"20","municipalityCode":"165","name":"San José Ayuquila"},"geometry":{"type":"Polygon","coordinates":[[[-97.98647,17.9786],[-97.97938,17.96444],[-97.96756,17.9707],[-97.95172,17.96657],[-97.93738,17.9679],[-97.93496,17.96102],[-97.93971,17.96034],[-97.94885,17.94816],[-97.94429,17.94807],[-97.93799,17.94067],[-97.93972,17.93387],[-97.93634,17.92529],[-97.95818,17.95046],[-97.96469,17.94499],[-97.96696,17.9364],[-97.98214,17.92747],[-97.98339,17.94188],[-98.00517,17.94932],[-98.00488,17.96656],[-97.98647,17.9786]]]}},{"type":"Feature","properties":{"code":"20167","stateCode":"20","municipalityCode":"167","name":"San José del Peñasco"},"geometry":{"type":"Polygon","coordinates":[[[-96.50507,16.3246],[-96.50353,16.32066],[-96.4943,16.31639],[-96.47428,16.278],[-96.46435,16.24107],[-96.47691,16.23175],[-96.48831,16.25089],[-96.50868,16.27192],[-96.5092,16.29243],[-96.51583,16.29787],[-96.52969,16.30066],[-96.52922,16.31314],[-96.51939,16.30942],[-96.51691,16.31293],[-96.51098,16.31049],[-96.50507,16.3246]]]}},{"type":"Feature","properties":{"code":"20530","stateCode":"20","municipalityCode":"530","name":"Santo Tomás Jalieza"},"geometry":{"type":"Polygon","coordinates":[[[-96.65847,16.92626],[-96.63028,16.91901],[-96.63293,16.91719],[-96.62842,16.888],[-96.61506,16.89622],[-96.60994,16.89249],[-96.61045,16.88308],[-96.58032,16.83993],[-96.62745,16.82492],[-96.65572,16.82745],[-96.66204,16.83612],[-96.66628,16.83726],[-96.66654,16.83432],[-96.67187,16.83829],[-96.67554,16.83503],[-96.68167,16.83675],[-96.68268,16.85232],[-96.67848,16.86913],[-96.65807,16.86249],[-96.6599,16.87296],[-96.66688,16.8729],[-96.67041,16.87746],[-96.67682,16.87333],[-96.67626,16.87832],[-96.66658,16.89415],[-96.66128,16.9235],[-96.65847,16.92626]]]}},{"type":"Feature","properties":{"code":"20187","stateCode":"20","municipalityCode":"187","name":"San Juan Coatzóspam"},"geometry":{"type":"Polygon","coordinates":[[[-96.73841,18.111],[-96.72557,18.10526],[-96.71122,18.10744],[-96.67072,18.08269],[-96.67829,18.04428],[-96.68151,18.04355],[-96.68854,18.05044],[-96.69779,18.05055],[-96.70644,18.05521],[-96.71375,18.05375],[-96.72094,18.04743],[-96.72531,18.05181],[-96.7253,18.04371],[-96.71953,18.03606],[-96.71981,18.01418],[-96.72436,18.01799],[-96.73133,18.01669],[-96.73899,18.02063],[-96.74923,18.01733],[-96.78535,18.01603],[-96.7918,18.02833],[-96.78474,18.0367],[-96.78128,18.05482],[-96.77726,18.05877],[-96.76191,18.05539],[-96.731,18.07283],[-96.74247,18.12898],[-96.73841,18.111]]]}},{"type":"Feature","properties":{"code":"20171","stateCode":"20","municipalityCode":"171","name":"San José Tenango"},"geometry":{"type":"Polygon","coordinates":[[[-96.69952,18.26574],[-96.68256,18.2614],[-96.67902,18.24668],[-96.67509,18.24924],[-96.66735,18.24317],[-96.66734,18.2372],[-96.66105,18.22919],[-96.63435,18.21987],[-96.63655,18.21645],[-96.63366,18.21096],[-96.6258,18.21031],[-96.62368,18.21976],[-96.6133,18.20883],[-96.6163,18.2024],[-96.62376,18.20396],[-96.62074,18.19352],[-96.62514,18.19255],[-96.59685,18.18043],[-96.58209,18.16758],[-96.59754,18.16417],[-96.57941,18.14021],[-96.5958,18.12591],[-96.59586,18.11835],[-96.58802,18.11647],[-96.58351,18.10872],[-96.55746,18.11297],[-96.56059,18.1014],[-96.57018,18.09484],[-96.57679,18.08165],[-96.58229,18.08503],[-96.59201,18.0831],[-96.60367,18.07021],[-96.62155,18.07528],[-96.62859,18.06397],[-96.63907,18.06429],[-96.66178,18.10363],[-96.6802,18.11056],[-96.69665,18.10304],[-96.70621,18.11094],[-96.72288,18.10521],[-96.73841,18.111],[-96.74247,18.12898],[-96.74476,18.12759],[-96.74809,18.1316],[-96.74492,18.14106],[-96.74825,18.15119],[-96.74511,18.17457],[-96.755,18.18929],[-96.75001,18.19303],[-96.753,18.22625],[-96.71293,18.25076],[-96.70074,18.25426],[-96.69952,18.26574]]]}},{"type":"Feature","properties":{"code":"20188","stateCode":"20","municipalityCode":"188","name":"San Juan Colorado"},"geometry":{"type":"Polygon","coordinates":[[[-97.85937,16.56567],[-97.85447,16.55424],[-97.87544,16.51534],[-97.86893,16.5037],[-97.88247,16.47926],[-97.85931,16.45714],[-97.8681,16.44884],[-97.88335,16.43916],[-97.89368,16.43751],[-97.90124,16.44021],[-97.90804,16.43284],[-97.91312,16.43466],[-97.91756,16.42761],[-97.92303,16.42567],[-97.95912,16.44272],[-97.99084,16.45056],[-97.98988,16.46148],[-97.91323,16.51837],[-97.92089,16.54706],[-97.94465,16.56397],[-97.86928,16.57708],[-97.85937,16.56567]]]}},{"type":"Feature","properties":{"code":"20173","stateCode":"20","municipalityCode":"173","name":"San Juan Atepec"},"geometry":{"type":"Polygon","coordinates":[[[-96.3954,17.54381],[-96.39065,17.53705],[-96.40018,17.5094],[-96.39806,17.50114],[-96.40833,17.49514],[-96.41608,17.4787],[-96.42392,17.47563],[-96.42307,17.47153],[-96.43098,17.46299],[-96.45338,17.44763],[-96.47114,17.42697],[-96.49424,17.41278],[-96.5004,17.40681],[-96.49861,17.40379],[-96.51129,17.40545],[-96.53332,17.41494],[-96.56842,17.41022],[-96.57184,17.41274],[-96.57273,17.43575],[-96.58282,17.44162],[-96.5808,17.45049],[-96.57686,17.44893],[-96.57153,17.45387],[-96.58503,17.45637],[-96.58268,17.46377],[-96.55905,17.47102],[-96.51301,17.4767],[-96.49951,17.48095],[-96.49599,17.48502],[-96.48572,17.486],[-96.47843,17.50283],[-96.47078,17.51049],[-96.47222,17.51344],[-96.46394,17.51668],[-96.45317,17.51523],[-96.43337,17.51871],[-96.42561,17.52399],[-96.42568,17.52903],[-96.41208,17.53055],[-96.3954,17.54381]]]}},{"type":"Feature","properties":{"code":"20174","stateCode":"20","municipalityCode":"174","name":"Ánimas Trujano"},"geometry":{"type":"Polygon","coordinates":[[[-96.71858,17.0005],[-96.71111,16.99861],[-96.7073,16.98262],[-96.7173,16.97588],[-96.72543,16.98133],[-96.71858,17.0005]]]}},{"type":"Feature","properties":{"code":"20191","stateCode":"20","municipalityCode":"191","name":"San Juan Chicomezúchil"},"geometry":{"type":"Polygon","coordinates":[[[-96.5152,17.31107],[-96.49877,17.3033],[-96.49163,17.29326],[-96.47902,17.29406],[-96.49072,17.28146],[-96.49053,17.27192],[-96.49422,17.26949],[-96.49799,17.25244],[-96.5169,17.23763],[-96.52017,17.26018],[-96.51269,17.27177],[-96.51694,17.28069],[-96.52804,17.28417],[-96.52889,17.28814],[-96.52385,17.29469],[-96.52713,17.29876],[-96.52498,17.30015],[-96.5278,17.30967],[-96.52095,17.30715],[-96.5152,17.31107]]]}},{"type":"Feature","properties":{"code":"20196","stateCode":"20","municipalityCode":"196","name":"San Juan Evangelista Analco"},"geometry":{"type":"Polygon","coordinates":[[[-96.53264,17.41483],[-96.51129,17.40545],[-96.49861,17.40379],[-96.52485,17.38519],[-96.56938,17.39659],[-96.57483,17.39243],[-96.58019,17.3938],[-96.56817,17.41041],[-96.53264,17.41483]]]}},{"type":"Feature","properties":{"code":"20178","stateCode":"20","municipalityCode":"178","name":"San Juan Bautista Guelache"},"geometry":{"type":"Polygon","coordinates":[[[-96.72716,17.24963],[-96.70544,17.23676],[-96.73898,17.2142],[-96.78263,17.20011],[-96.78207,17.19552],[-96.78561,17.19603],[-96.78747,17.20086],[-96.79198,17.20041],[-96.79035,17.20248],[-96.79433,17.20464],[-96.79596,17.212],[-96.80362,17.2101],[-96.80375,17.21445],[-96.79966,17.21462],[-96.80114,17.21675],[-96.7956,17.21702],[-96.79772,17.23019],[-96.78731,17.24608],[-96.77997,17.26811],[-96.74742,17.28348],[-96.72716,17.24963]]]}},{"type":"Feature","properties":{"code":"20197","stateCode":"20","municipalityCode":"197","name":"San Juan Guelavía"},"geometry":{"type":"Polygon","coordinates":[[[-96.56087,16.98732],[-96.55048,16.97662],[-96.5193,16.9709],[-96.50663,16.95477],[-96.5087,16.92956],[-96.53094,16.93211],[-96.56234,16.92982],[-96.56766,16.93382],[-96.56761,16.94675],[-96.57105,16.94765],[-96.56839,16.96288],[-96.57242,16.97973],[-96.56087,16.98732]]]}},{"type":"Feature","properties":{"code":"20180","stateCode":"20","municipalityCode":"180","name":"San Juan Bautista Lo de Soto"},"geometry":{"type":"Polygon","coordinates":[[[-98.31664,16.56987],[-98.31856,16.53899],[-98.31218,16.509],[-98.31334,16.49107],[-98.31222,16.48531],[-98.30846,16.4832],[-98.31344,16.47514],[-98.30875,16.47053],[-98.29806,16.47464],[-98.29236,16.469],[-98.29923,16.46682],[-98.30787,16.45642],[-98.31215,16.44494],[-98.31881,16.44483],[-98.3178,16.45732],[-98.32212,16.45439],[-98.32795,16.45638],[-98.32712,16.46294],[-98.33229,16.46361],[-98.3326,16.46851],[-98.33746,16.46737],[-98.33527,16.47061],[-98.34089,16.47337],[-98.3383,16.47785],[-98.33195,16.47244],[-98.33599,16.48112],[-98.35475,16.47656],[-98.35754,16.48092],[-98.35232,16.48503],[-98.35253,16.48943],[-98.35772,16.4926],[-98.36884,16.49118],[-98.36764,16.50058],[-98.38733,16.49779],[-98.38332,16.51266],[-98.39251,16.52738],[-98.39514,16.54684],[-98.38365,16.5452],[-98.38342,16.54964],[-98.37609,16.55229],[-98.34028,16.55817],[-98.32997,16.57275],[-98.31664,16.56987]]]}},{"type":"Feature","properties":{"code":"20215","stateCode":"20","municipalityCode":"215","name":"San Juan Sayultepec"},"geometry":{"type":"Polygon","coordinates":[[[-97.28703,17.46022],[-97.25927,17.46159],[-97.25681,17.4491],[-97.28778,17.4367],[-97.29569,17.4392],[-97.29927,17.44656],[-97.30722,17.44319],[-97.30236,17.43798],[-97.31074,17.43265],[-97.32605,17.43098],[-97.32509,17.44764],[-97.30174,17.45122],[-97.30406,17.46037],[-97.29563,17.46672],[-97.28703,17.46022]]]}},{"type":"Feature","properties":{"code":"20181","stateCode":"20","municipalityCode":"181","name":"San Juan Bautista Suchitepec"},"geometry":{"type":"Polygon","coordinates":[[[-97.68525,18.06518],[-97.66855,18.06451],[-97.66416,18.04393],[-97.65265,18.04302],[-97.64865,18.04598],[-97.61846,18.04111],[-97.6124,18.03169],[-97.59683,18.01944],[-97.59804,17.96103],[-97.58924,17.95866],[-97.59082,17.94583],[-97.60587,17.95489],[-97.63352,17.95477],[-97.64327,17.95825],[-97.65965,17.95237],[-97.68006,17.95012],[-97.68262,17.95804],[-97.67429,17.96444],[-97.6754,17.97428],[-97.68324,17.97625],[-97.6874,17.98298],[-97.68924,17.98835],[-97.68583,17.99044],[-97.6845,17.9976],[-97.68596,18.01582],[-97.69383,18.01731],[-97.68965,18.02042],[-97.68152,18.04919],[-97.68525,18.06518]]]}},{"type":"Feature","properties":{"code":"20480","stateCode":"20","municipalityCode":"480","name":"Santiago Nundiche"},"geometry":{"type":"Polygon","coordinates":[[[-97.64811,17.37856],[-97.62592,17.36898],[-97.62603,17.36543],[-97.63214,17.34741],[-97.64573,17.34334],[-97.64632,17.33401],[-97.65615,17.3237],[-97.66322,17.321],[-97.67974,17.32146],[-97.69327,17.31095],[-97.75079,17.29679],[-97.75319,17.2989],[-97.76097,17.2963],[-97.76936,17.29988],[-97.76051,17.34845],[-97.74712,17.35195],[-97.73977,17.34809],[-97.69811,17.352],[-97.64811,17.37856]]]}},{"type":"Feature","properties":{"code":"20182","stateCode":"20","municipalityCode":"182","name":"San Juan Bautista Tlacoatzintepec"},"geometry":{"type":"Polygon","coordinates":[[[-96.569,17.90818],[-96.57348,17.89268],[-96.56921,17.89203],[-96.54675,17.86959],[-96.55368,17.86513],[-96.55367,17.85925],[-96.5644,17.85269],[-96.56435,17.84827],[-96.57322,17.84592],[-96.57675,17.83788],[-96.58589,17.83102],[-96.59613,17.8284],[-96.61282,17.85471],[-96.63651,17.87156],[-96.64235,17.88423],[-96.63952,17.88662],[-96.62328,17.88549],[-96.61807,17.89128],[-96.61533,17.90658],[-96.60647,17.90579],[-96.59122,17.91181],[-96.569,17.90818]]]}},{"type":"Feature","properties":{"code":"20183","stateCode":"20","municipalityCode":"183","name":"San Juan Bautista Tlachichilco"},"geometry":{"type":"Polygon","coordinates":[[[-98.30483,17.64511],[-98.30877,17.62932],[-98.30363,17.62786],[-98.30474,17.62265],[-98.26853,17.6178],[-98.27331,17.61402],[-98.27225,17.60158],[-98.28726,17.58057],[-98.27956,17.57152],[-98.2846,17.57038],[-98.27903,17.54708],[-98.28274,17.54419],[-98.28327,17.53351],[-98.29198,17.53328],[-98.3001,17.52682],[-98.32963,17.53326],[-98.34116,17.54192],[-98.34479,17.54838],[-98.3453,17.56259],[-98.35348,17.56486],[-98.35099,17.57138],[-98.35459,17.57898],[-98.3614,17.57928],[-98.35919,17.5841],[-98.36473,17.58262],[-98.37697,17.60535],[-98.37138,17.61565],[-98.36915,17.62947],[-98.37123,17.63001],[-98.36638,17.63784],[-98.35168,17.64025],[-98.34842,17.64454],[-98.30483,17.64511]],[[-98.32584,17.60622],[-98.34161,17.57471],[-98.33495,17.57488],[-98.3285,17.56908],[-98.31955,17.56911],[-98.3061,17.57754],[-98.31351,17.58306],[-98.31401,17.59517],[-98.303,17.59266],[-98.31724,17.60219],[-98.32078,17.59619],[-98.31949,17.60326],[-98.32584,17.60622]]]}},{"type":"Feature","properties":{"code":"20189","stateCode":"20","municipalityCode":"189","name":"San Juan Comaltepec"},"geometry":{"type":"Polygon","coordinates":[[[-95.99228,17.38087],[-95.96923,17.37989],[-95.95554,17.37148],[-95.94486,17.34349],[-95.93249,17.34102],[-95.93314,17.33859],[-95.93017,17.34232],[-95.91926,17.33837],[-95.9156,17.34063],[-95.91641,17.33652],[-95.90821,17.33305],[-95.88638,17.33497],[-95.8834,17.33927],[-95.88087,17.33511],[-95.88703,17.33038],[-95.88432,17.32655],[-95.89053,17.31503],[-95.88871,17.30529],[-95.89391,17.30304],[-95.89688,17.28767],[-95.90207,17.27886],[-95.89955,17.27297],[-95.91874,17.27487],[-95.9246,17.27252],[-95.93527,17.27954],[-95.93842,17.27647],[-95.94125,17.27846],[-95.93948,17.28231],[-95.94983,17.29124],[-95.96961,17.2866],[-95.97275,17.29418],[-95.96768,17.30186],[-95.97807,17.31292],[-95.98656,17.30998],[-95.9964,17.31672],[-95.98948,17.31992],[-95.99342,17.33313],[-96.0,17.33416],[-96.0096,17.34187],[-96.02839,17.34205],[-96.0316,17.34724],[-96.03838,17.34369],[-96.04486,17.36508],[-96.03674,17.36261],[-96.03123,17.36863],[-96.02414,17.36487],[-96.01947,17.37028],[-96.00975,17.3709],[-96.00768,17.37807],[-95.99949,17.38036],[-95.99865,17.38546],[-95.99228,17.38087]]]}},{"type":"Feature","properties":{"code":"20192","stateCode":"20","municipalityCode":"192","name":"San Juan Chilateca"},"geometry":{"type":"Polygon","coordinates":[[[-96.68085,16.83909],[-96.68167,16.83675],[-96.67554,16.83503],[-96.67187,16.83829],[-96.66934,16.83473],[-96.66204,16.83612],[-96.65572,16.82745],[-96.65911,16.81601],[-96.67237,16.82363],[-96.67636,16.82445],[-96.67479,16.82147],[-96.68941,16.82681],[-96.68808,16.83563],[-96.68235,16.83383],[-96.68282,16.83641],[-96.68085,16.83909]]]}},{"type":"Feature","properties":{"code":"20193","stateCode":"20","municipalityCode":"193","name":"San Juan del Estado"},"geometry":{"type":"Polygon","coordinates":[[[-96.81709,17.40527],[-96.72359,17.36084],[-96.73378,17.35511],[-96.71963,17.32942],[-96.71371,17.3043],[-96.72948,17.2917],[-96.80114,17.26114],[-96.80653,17.26198],[-96.80712,17.26836],[-96.81623,17.27862],[-96.83305,17.28425],[-96.82241,17.3489],[-96.81088,17.38341],[-96.8222,17.37954],[-96.84367,17.38307],[-96.82064,17.3936],[-96.82243,17.40028],[-96.81709,17.40527]]]}},{"type":"Feature","properties":{"code":"20194","stateCode":"20","municipalityCode":"194","name":"San Juan del Río"},"geometry":{"type":"Polygon","coordinates":[[[-96.1562,16.93684],[-96.14049,16.92056],[-96.12465,16.91923],[-96.11171,16.90756],[-96.10441,16.90822],[-96.08997,16.89829],[-96.13633,16.86479],[-96.1714,16.85684],[-96.18289,16.85779],[-96.1899,16.86382],[-96.20238,16.86487],[-96.21624,16.87371],[-96.2304,16.87784],[-96.21778,16.89748],[-96.21275,16.89956],[-96.20393,16.89522],[-96.19841,16.90875],[-96.19157,16.91574],[-96.1795,16.92216],[-96.16595,16.92441],[-96.1562,16.93684]]]}},{"type":"Feature","properties":{"code":"20195","stateCode":"20","municipalityCode":"195","name":"San Juan Diuxi"},"geometry":{"type":"Polygon","coordinates":[[[-97.39149,17.30827],[-97.39605,17.30647],[-97.39015,17.30185],[-97.36852,17.29643],[-97.34886,17.28403],[-97.35593,17.279],[-97.36192,17.26752],[-97.36026,17.25536],[-97.35738,17.25459],[-97.37934,17.2555],[-97.39019,17.24955],[-97.39931,17.24921],[-97.3997,17.23815],[-97.41015,17.23273],[-97.41337,17.23429],[-97.40849,17.25263],[-97.4104,17.28256],[-97.41414,17.28556],[-97.42062,17.31564],[-97.39149,17.30827]]]}},{"type":"Feature","properties":{"code":"20210","stateCode":"20","municipalityCode":"210","name":"San Juan Ñumí"},"geometry":{"type":"Polygon","coordinates":[[[-97.82908,17.52561],[-97.81529,17.52106],[-97.8041,17.52506],[-97.80338,17.50862],[-97.79374,17.49179],[-97.78306,17.48339],[-97.70135,17.45526],[-97.70222,17.45109],[-97.69818,17.44522],[-97.66698,17.4181],[-97.66237,17.40822],[-97.65494,17.40307],[-97.65627,17.39071],[-97.65029,17.3796],[-97.68151,17.35871],[-97.69811,17.352],[-97.73977,17.34809],[-97.74712,17.35195],[-97.76051,17.34845],[-97.78513,17.39702],[-97.83715,17.43512],[-97.84584,17.46319],[-97.84556,17.50277],[-97.83554,17.52178],[-97.82908,17.52561]]]}},{"type":"Feature","properties":{"code":"20200","stateCode":"20","municipalityCode":"200","name":"San Juan Juquila Mixes"},"geometry":{"type":"Polygon","coordinates":[[[-95.93467,16.99974],[-95.90894,16.99578],[-95.90637,16.99138],[-95.90394,16.9954],[-95.89021,16.98901],[-95.88105,16.99375],[-95.87413,16.98802],[-95.86964,16.9881],[-95.87484,16.98174],[-95.87654,16.97222],[-95.85727,16.96268],[-95.86668,16.96042],[-95.87348,16.96411],[-95.88037,16.96013],[-95.87768,16.95642],[-95.86978,16.95692],[-95.87387,16.94072],[-95.86704,16.93254],[-95.84411,16.93814],[-95.84599,16.93284],[-95.84373,16.92222],[-95.84773,16.91901],[-95.8482,16.91218],[-95.84604,16.90351],[-95.82553,16.90817],[-95.82994,16.90181],[-95.83655,16.89952],[-95.83937,16.89079],[-95.8363,16.88698],[-95.81424,16.89019],[-95.77764,16.88637],[-95.79295,16.85522],[-95.83733,16.79973],[-95.84209,16.77844],[-95.85867,16.77882],[-95.88154,16.76464],[-95.87737,16.74777],[-95.88215,16.74909],[-95.88925,16.74259],[-95.89647,16.74312],[-95.90746,16.73762],[-95.91278,16.76788],[-95.90734,16.79271],[-95.95091,16.82437],[-95.97154,16.84466],[-95.97649,16.85961],[-95.96428,16.87728],[-95.97029,16.90677],[-95.95302,16.9344],[-95.94517,16.99502],[-95.93551,16.99568],[-95.93467,16.99974]]]}},{"type":"Feature","properties":{"code":"20201","stateCode":"20","municipalityCode":"201","name":"San Juan Juquila Vijanos"},"geometry":{"type":"Polygon","coordinates":[[[-96.30484,17.36216],[-96.28728,17.36264],[-96.27742,17.35278],[-96.27336,17.3603],[-96.27109,17.35825],[-96.27575,17.35225],[-96.27342,17.34377],[-96.27713,17.3411],[-96.26385,17.33292],[-96.25464,17.33617],[-96.24424,17.31255],[-96.25396,17.31562],[-96.25321,17.30781],[-96.26674,17.30214],[-96.27248,17.29289],[-96.28165,17.29696],[-96.34025,17.301],[-96.35365,17.29196],[-96.35427,17.30089],[-96.36329,17.31229],[-96.34192,17.33214],[-96.31531,17.33814],[-96.32016,17.34404],[-96.31103,17.34848],[-96.31723,17.35461],[-96.31872,17.36437],[-96.31319,17.3682],[-96.30484,17.36216]]]}},{"type":"Feature","properties":{"code":"20203","stateCode":"20","municipalityCode":"203","name":"San Juan Lachigalla"},"geometry":{"type":"Polygon","coordinates":[[[-96.59367,16.61853],[-96.53266,16.60799],[-96.51353,16.60882],[-96.49603,16.59823],[-96.47698,16.59249],[-96.48444,16.5832],[-96.49437,16.56273],[-96.49313,16.55906],[-96.50325,16.5443],[-96.50568,16.51601],[-96.5224,16.51353],[-96.52954,16.52091],[-96.53692,16.51835],[-96.53843,16.52444],[-96.54287,16.5222],[-96.54729,16.52518],[-96.56101,16.52049],[-96.57421,16.52913],[-96.59295,16.52845],[-96.6016,16.60204],[-96.59367,16.61853]]]}},{"type":"Feature","properties":{"code":"20208","stateCode":"20","municipalityCode":"208","name":"San Juan Mixtepec"},"geometry":{"type":"Polygon","coordinates":[[[-97.84556,17.50277],[-97.84584,17.46319],[-97.83715,17.43512],[-97.78513,17.39702],[-97.76051,17.34845],[-97.76835,17.31066],[-97.77287,17.26021],[-97.78271,17.24403],[-97.77979,17.23819],[-97.816,17.22862],[-97.80864,17.23715],[-97.80979,17.24344],[-97.8208,17.23835],[-97.83654,17.24175],[-97.82849,17.25705],[-97.83471,17.26496],[-97.83992,17.25927],[-97.86134,17.24921],[-97.86494,17.24201],[-97.87217,17.24552],[-97.88021,17.2428],[-97.88778,17.23659],[-97.88471,17.23274],[-97.8952,17.23383],[-97.90781,17.24903],[-97.91563,17.25068],[-97.92679,17.26369],[-97.94882,17.30464],[-97.94407,17.31681],[-97.92067,17.32373],[-97.91158,17.3297],[-97.90294,17.34933],[-97.93512,17.33558],[-97.94018,17.34637],[-97.96022,17.35988],[-97.95496,17.39459],[-97.91489,17.41422],[-97.90609,17.43676],[-97.90384,17.43667],[-97.90202,17.42692],[-97.89123,17.42651],[-97.88568,17.42013],[-97.86357,17.43585],[-97.86358,17.44473],[-97.85441,17.45083],[-97.85741,17.48193],[-97.84556,17.50277]]]}},{"type":"Feature","properties":{"code":"20209","stateCode":"20","municipalityCode":"209","name":"San Juan Mixtepec"},"geometry":{"type":"Polygon","coordinates":[[[-96.3072,16.31852],[-96.29585,16.30345],[-96.29924,16.28908],[-96.2944,16.27743],[-96.29694,16.26718],[-96.29004,16.26166],[-96.29181,16.24833],[-96.27811,16.23771],[-96.26935,16.22231],[-96.26835,16.21375],[-96.27328,16.19818],[-96.28697,16.20108],[-96.32143,16.19318],[-96.33722,16.19591],[-96.34712,16.2],[-96.33785,16.20736],[-96.33514,16.20654],[-96.34407,16.22693],[-96.34881,16.25564],[-96.34724,16.27976],[-96.33983,16.28972],[-96.33343,16.28978],[-96.31115,16.3208],[-96.30621,16.32201],[-96.3072,16.31852]]]}},{"type":"Feature","properties":{"code":"20284","stateCode":"20","municipalityCode":"284","name":"San Miguel Tilquiápam"},"geometry":{"type":"Polygon","coordinates":[[[-96.56044,16.83164],[-96.55207,16.80628],[-96.52327,16.76218],[-96.5185,16.75668],[-96.51296,16.75601],[-96.51562,16.73742],[-96.52571,16.73664],[-96.54107,16.72652],[-96.54719,16.73094],[-96.55212,16.7291],[-96.55736,16.73684],[-96.56554,16.73979],[-96.57622,16.74093],[-96.58358,16.73436],[-96.58924,16.73929],[-96.59229,16.73846],[-96.60273,16.74905],[-96.60744,16.76239],[-96.60438,16.77974],[-96.60051,16.77948],[-96.59531,16.79134],[-96.58032,16.83993],[-96.55673,16.84473],[-96.56044,16.83164]]]}},{"type":"Feature","properties":{"code":"20219","stateCode":"20","municipalityCode":"219","name":"San Juan Teitipac"},"geometry":{"type":"Polygon","coordinates":[[[-96.59984,16.9407],[-96.58579,16.92991],[-96.58154,16.93119],[-96.58973,16.92405],[-96.58929,16.91792],[-96.57698,16.88221],[-96.55673,16.84473],[-96.58032,16.83993],[-96.61045,16.88308],[-96.60994,16.89249],[-96.61506,16.89622],[-96.62842,16.888],[-96.63293,16.91719],[-96.62563,16.92386],[-96.6224,16.93848],[-96.60947,16.94259],[-96.59984,16.9407]]]}},{"type":"Feature","properties":{"code":"20216","stateCode":"20","municipalityCode":"216","name":"San Juan Tabaá"},"geometry":{"type":"Polygon","coordinates":[[[-96.21743,17.34178],[-96.21533,17.33799],[-96.20638,17.33611],[-96.19269,17.34009],[-96.1976,17.33293],[-96.19379,17.32625],[-96.19402,17.31154],[-96.20244,17.30958],[-96.20725,17.29825],[-96.20929,17.30045],[-96.22068,17.2966],[-96.23607,17.29801],[-96.2469,17.318],[-96.24268,17.31875],[-96.23938,17.32727],[-96.22639,17.33817],[-96.21743,17.34178]]]}},{"type":"Feature","properties":{"code":"20221","stateCode":"20","municipalityCode":"221","name":"San Juan Teposcolula"},"geometry":{"type":"Polygon","coordinates":[[[-97.38462,17.65691],[-97.3777,17.64225],[-97.36869,17.6374],[-97.37263,17.63284],[-97.37109,17.61046],[-97.38123,17.59628],[-97.37336,17.5892],[-97.36981,17.57668],[-97.39943,17.57279],[-97.40193,17.55984],[-97.40582,17.55627],[-97.40156,17.55108],[-97.40148,17.54507],[-97.40523,17.54189],[-97.40034,17.52773],[-97.41099,17.53033],[-97.43903,17.52105],[-97.46103,17.54633],[-97.45842,17.55837],[-97.45903,17.59811],[-97.44526,17.60489],[-97.43131,17.61778],[-97.4205,17.6188],[-97.42312,17.62102],[-97.40935,17.64814],[-97.38462,17.65691]]]}},{"type":"Feature","properties":{"code":"20222","stateCode":"20","municipalityCode":"222","name":"San Juan Yaeé"},"geometry":{"type":"Polygon","coordinates":[[[-96.26775,17.48358],[-96.25317,17.47262],[-96.2476,17.47213],[-96.24328,17.44904],[-96.23988,17.44844],[-96.25176,17.44233],[-96.2607,17.42744],[-96.26899,17.4224],[-96.27049,17.41457],[-96.28595,17.4093],[-96.29044,17.41328],[-96.29244,17.40711],[-96.31109,17.40756],[-96.3154,17.42934],[-96.31283,17.43594],[-96.30608,17.44103],[-96.30691,17.44982],[-96.29443,17.4619],[-96.27191,17.47288],[-96.26775,17.48358]]]}},{"type":"Feature","properties":{"code":"20541","stateCode":"20","municipalityCode":"541","name":"Tanetze de Zaragoza"},"geometry":{"type":"Polygon","coordinates":[[[-96.29044,17.41328],[-96.27166,17.39619],[-96.26962,17.38853],[-96.27288,17.37846],[-96.27744,17.37675],[-96.27345,17.36564],[-96.27742,17.35278],[-96.28728,17.36264],[-96.30484,17.36216],[-96.31319,17.3682],[-96.32184,17.3819],[-96.31168,17.39557],[-96.31435,17.39857],[-96.31109,17.40756],[-96.29244,17.40711],[-96.29044,17.41328]]]}},{"type":"Feature","properties":{"code":"20224","stateCode":"20","municipalityCode":"224","name":"San Juan Yucuita"},"geometry":{"type":"Polygon","coordinates":[[[-97.26842,17.56348],[-97.25607,17.56138],[-97.25901,17.54736],[-97.25222,17.55228],[-97.24639,17.54247],[-97.25569,17.52918],[-97.25602,17.51098],[-97.24992,17.50781],[-97.26019,17.49894],[-97.25794,17.48069],[-97.27274,17.4919],[-97.29392,17.49934],[-97.29043,17.5033],[-97.29712,17.51516],[-97.27568,17.51774],[-97.26701,17.52638],[-97.27003,17.53081],[-97.27358,17.52865],[-97.27392,17.5357],[-97.2836,17.55304],[-97.2809,17.55742],[-97.26842,17.56348]]]}},{"type":"Feature","properties":{"code":"20225","stateCode":"20","municipalityCode":"225","name":"San Lorenzo"},"geometry":{"type":"Polygon","coordinates":[[[-97.85931,16.45714],[-97.84778,16.4505],[-97.84524,16.44357],[-97.83807,16.43864],[-97.85509,16.42571],[-97.83199,16.40007],[-97.82549,16.38865],[-97.82647,16.3832],[-97.83448,16.38874],[-97.85065,16.38324],[-97.85231,16.37866],[-97.86886,16.37816],[-97.91303,16.38505],[-97.92187,16.38945],[-97.92303,16.42567],[-97.91756,16.42761],[-97.91312,16.43466],[-97.90804,16.43284],[-97.90124,16.44021],[-97.89368,16.43751],[-97.88335,16.43916],[-97.85931,16.45714]]]}},{"type":"Feature","properties":{"code":"20226","stateCode":"20","municipalityCode":"226","name":"San Lorenzo Albarradas"},"geometry":{"type":"Polygon","coordinates":[[[-96.24295,16.96906],[-96.23585,16.95809],[-96.20775,16.9437],[-96.20995,16.94098],[-96.20442,16.93824],[-96.20427,16.92605],[-96.18151,16.92137],[-96.19841,16.90875],[-96.20393,16.89522],[-96.21275,16.89956],[-96.21778,16.89748],[-96.2304,16.87784],[-96.21624,16.87371],[-96.20238,16.86487],[-96.1899,16.86382],[-96.18289,16.85779],[-96.16803,16.85736],[-96.15845,16.84929],[-96.15092,16.82523],[-96.15017,16.81099],[-96.16871,16.81462],[-96.1984,16.81073],[-96.2053,16.83933],[-96.21751,16.86717],[-96.23921,16.84488],[-96.3147,16.87528],[-96.2896,16.9503],[-96.28434,16.94913],[-96.28285,16.94457],[-96.25467,16.95713],[-96.24295,16.96906]]]}},{"type":"Feature","properties":{"code":"20228","stateCode":"20","municipalityCode":"228","name":"San Lorenzo Cuaunecuiltitla"},"geometry":{"type":"Polygon","coordinates":[[[-96.92098,18.24023],[-96.91615,18.23064],[-96.91305,18.23854],[-96.90473,18.23759],[-96.90814,18.20479],[-96.91284,18.19608],[-96.9204,18.19045],[-96.92905,18.20178],[-96.92318,18.21748],[-96.92459,18.23321],[-96.92036,18.23874],[-96.92771,18.23268],[-96.92991,18.22289],[-96.93636,18.21659],[-96.93701,18.22078],[-96.93257,18.22121],[-96.93025,18.2329],[-96.92098,18.24023]]]}},{"type":"Feature","properties":{"code":"20231","stateCode":"20","municipalityCode":"231","name":"San Lucas Camotlán"},"geometry":{"type":"Polygon","coordinates":[[[-95.70059,16.99933],[-95.69217,16.99352],[-95.66874,16.95947],[-95.64903,16.9638],[-95.64832,16.98145],[-95.60532,16.9785],[-95.60679,16.97072],[-95.64072,16.94459],[-95.64943,16.94549],[-95.65842,16.90763],[-95.69442,16.87291],[-95.71701,16.88961],[-95.74462,16.8882],[-95.73961,16.8957],[-95.74345,16.90173],[-95.74093,16.91809],[-95.73315,16.92694],[-95.73287,16.93774],[-95.72951,16.94159],[-95.73535,16.96],[-95.73049,16.96606],[-95.72985,16.97971],[-95.72578,16.98161],[-95.71591,16.97671],[-95.71133,16.97852],[-95.7185,16.98531],[-95.71947,16.99032],[-95.70059,16.99933]]]}},{"type":"Feature","properties":{"code":"20239","stateCode":"20","municipalityCode":"239","name":"San Martín Huamelúlpam"},"geometry":{"type":"Polygon","coordinates":[[[-97.57441,17.42763],[-97.56306,17.41511],[-97.56351,17.40104],[-97.57254,17.39275],[-97.57378,17.38584],[-97.58724,17.38415],[-97.60286,17.37475],[-97.60318,17.36726],[-97.61183,17.36242],[-97.61938,17.36282],[-97.62315,17.36806],[-97.65029,17.3796],[-97.65627,17.39071],[-97.65494,17.40307],[-97.64277,17.41207],[-97.60994,17.41357],[-97.59744,17.42299],[-97.58413,17.42217],[-97.58025,17.42748],[-97.57441,17.42763]]]}},{"type":"Feature","properties":{"code":"20234","stateCode":"20","municipalityCode":"234","name":"San Lucas Zoquiápam"},"geometry":{"type":"Polygon","coordinates":[[[-96.90741,18.14988],[-96.89293,18.14518],[-96.88321,18.14763],[-96.88481,18.12936],[-96.86121,18.12856],[-96.86955,18.11582],[-96.86588,18.10611],[-96.89009,18.0724],[-96.89792,18.0756],[-96.89777,18.08228],[-96.90517,18.08127],[-96.91587,18.0854],[-96.92875,18.07779],[-96.93144,18.0729],[-96.93959,18.08669],[-96.95747,18.09085],[-96.96508,18.08822],[-96.96794,18.12405],[-96.96533,18.1203],[-96.96087,18.1293],[-96.95044,18.1356],[-96.94388,18.13475],[-96.94037,18.14127],[-96.93183,18.14644],[-96.92532,18.14409],[-96.90741,18.14988]]]}},{"type":"Feature","properties":{"code":"20240","stateCode":"20","municipalityCode":"240","name":"San Martín Itunyoso"},"geometry":{"type":"Polygon","coordinates":[[[-97.83688,17.26443],[-97.82849,17.25705],[-97.83654,17.24175],[-97.8208,17.23835],[-97.80979,17.24344],[-97.8091,17.23637],[-97.82096,17.22731],[-97.80423,17.22591],[-97.80108,17.21241],[-97.80267,17.19989],[-97.81861,17.19225],[-97.82478,17.18375],[-97.83409,17.18189],[-97.84069,17.1858],[-97.84243,17.19176],[-97.8496,17.1949],[-97.84706,17.20059],[-97.85494,17.20779],[-97.87486,17.19643],[-97.87852,17.19987],[-97.88271,17.18299],[-97.89193,17.17847],[-97.89987,17.17993],[-97.9158,17.20236],[-97.90996,17.2158],[-97.89482,17.23379],[-97.88471,17.23274],[-97.88778,17.23659],[-97.87328,17.24543],[-97.86494,17.24201],[-97.86134,17.24921],[-97.83992,17.25927],[-97.83688,17.26443]]]}},{"type":"Feature","properties":{"code":"20241","stateCode":"20","municipalityCode":"241","name":"San Martín Lachilá"},"geometry":{"type":"Polygon","coordinates":[[[-96.87168,16.63173],[-96.84594,16.62976],[-96.84945,16.62662],[-96.84845,16.621],[-96.83118,16.61674],[-96.83939,16.59295],[-96.85017,16.60441],[-96.86429,16.60937],[-96.87957,16.62331],[-96.87168,16.63173]]]}},{"type":"Feature","properties":{"code":"20242","stateCode":"20","municipalityCode":"242","name":"San Martín Peras"},"geometry":{"type":"Polygon","coordinates":[[[-98.33238,17.47198],[-98.29988,17.45297],[-98.29564,17.44271],[-98.26358,17.43993],[-98.21975,17.42898],[-98.20359,17.43139],[-98.20364,17.4148],[-98.19498,17.40504],[-98.18569,17.4112],[-98.16753,17.38239],[-98.15706,17.38121],[-98.15156,17.37495],[-98.16961,17.36793],[-98.16592,17.33449],[-98.16929,17.32755],[-98.16463,17.31098],[-98.16714,17.28278],[-98.21304,17.29242],[-98.21515,17.28678],[-98.22087,17.28381],[-98.24885,17.28971],[-98.25339,17.29541],[-98.25062,17.30154],[-98.25443,17.30305],[-98.25243,17.30762],[-98.26269,17.31557],[-98.26569,17.30775],[-98.2616,17.30226],[-98.27016,17.28778],[-98.28231,17.28737],[-98.29752,17.27268],[-98.3227,17.27484],[-98.31784,17.30239],[-98.30481,17.32752],[-98.28737,17.32901],[-98.30491,17.3943],[-98.33585,17.4563],[-98.33238,17.47198]]]}},{"type":"Feature","properties":{"code":"20243","stateCode":"20","municipalityCode":"243","name":"San Martín Tilcajete"},"geometry":{"type":"Polygon","coordinates":[[[-96.66173,16.91612],[-96.66658,16.89415],[-96.67682,16.87333],[-96.68248,16.87266],[-96.68338,16.85491],[-96.68687,16.85353],[-96.69081,16.84198],[-96.69511,16.83999],[-96.70941,16.8441],[-96.72248,16.86871],[-96.7123,16.87321],[-96.70317,16.88836],[-96.69651,16.89237],[-96.70543,16.89382],[-96.70046,16.90113],[-96.68718,16.88638],[-96.67581,16.91809],[-96.66173,16.91612]]]}},{"type":"Feature","properties":{"code":"20244","stateCode":"20","municipalityCode":"244","name":"San Martín Toxpalan"},"geometry":{"type":"Polygon","coordinates":[[[-96.99511,18.15336],[-96.96914,18.13231],[-96.96586,18.11944],[-96.96797,18.11041],[-97.06328,18.07017],[-97.07775,18.06664],[-97.09316,18.07017],[-97.08674,18.08161],[-97.08875,18.08753],[-97.09947,18.09088],[-97.09458,18.1011],[-97.07719,18.10993],[-97.07851,18.112],[-97.04604,18.12184],[-97.00489,18.14331],[-96.99511,18.15336]]]}},{"type":"Feature","properties":{"code":"20249","stateCode":"20","municipalityCode":"249","name":"San Mateo Yoloxochitlán"},"geometry":{"type":"Polygon","coordinates":[[[-96.8647,18.15578],[-96.85321,18.15172],[-96.86121,18.12856],[-96.88481,18.12936],[-96.88321,18.14763],[-96.8647,18.15578]]]}},{"type":"Feature","properties":{"code":"20245","stateCode":"20","municipalityCode":"245","name":"San Martín Zacatepec"},"geometry":{"type":"Polygon","coordinates":[[[-98.08165,17.85695],[-98.06554,17.85501],[-98.06241,17.84606],[-98.05668,17.84613],[-98.05301,17.83583],[-98.04637,17.82863],[-98.04654,17.82103],[-98.04393,17.8194],[-98.04059,17.82204],[-98.03235,17.80845],[-98.04114,17.80105],[-98.04171,17.79529],[-98.03741,17.78726],[-98.04315,17.78033],[-98.05234,17.78458],[-98.05903,17.77966],[-98.06591,17.78157],[-98.06956,17.77186],[-98.07827,17.78151],[-98.09526,17.81214],[-98.11584,17.83425],[-98.10204,17.84875],[-98.08965,17.83702],[-98.0823,17.84576],[-98.08429,17.85313],[-98.08165,17.85695]]]}},{"type":"Feature","properties":{"code":"20269","stateCode":"20","municipalityCode":"269","name":"San Miguel el Grande"},"geometry":{"type":"Polygon","coordinates":[[[-97.63224,17.1654],[-97.6243,17.15943],[-97.60575,17.15899],[-97.58531,17.12187],[-97.58546,17.11145],[-97.56806,17.07098],[-97.56469,17.06973],[-97.58943,17.05357],[-97.61362,16.99907],[-97.6214,16.99219],[-97.64333,16.98303],[-97.64061,17.00339],[-97.651,17.00924],[-97.6457,17.02487],[-97.64287,17.02394],[-97.65023,17.03805],[-97.64588,17.04379],[-97.6332,17.09057],[-97.65325,17.1227],[-97.64126,17.14775],[-97.63461,17.13983],[-97.63224,17.1654]]]}},{"type":"Feature","properties":{"code":"20247","stateCode":"20","municipalityCode":"247","name":"Capulálpam de Méndez"},"geometry":{"type":"Polygon","coordinates":[[[-96.43162,17.34295],[-96.40218,17.34183],[-96.36329,17.31229],[-96.37936,17.30368],[-96.40109,17.30517],[-96.4155,17.29975],[-96.42337,17.31013],[-96.4367,17.30134],[-96.43474,17.29553],[-96.44437,17.2947],[-96.45114,17.2889],[-96.45957,17.28809],[-96.46322,17.28981],[-96.45767,17.28888],[-96.45895,17.29475],[-96.471,17.31232],[-96.43162,17.34295]]]}},{"type":"Feature","properties":{"code":"20250","stateCode":"20","municipalityCode":"250","name":"San Mateo Etlatongo"},"geometry":{"type":"Polygon","coordinates":[[[-97.2568,17.44909],[-97.23398,17.42655],[-97.23628,17.43088],[-97.2286,17.4277],[-97.2303,17.42447],[-97.22529,17.42016],[-97.24817,17.40414],[-97.2632,17.40586],[-97.29534,17.39795],[-97.28775,17.41946],[-97.29207,17.42472],[-97.2815,17.4246],[-97.28651,17.42852],[-97.28473,17.43164],[-97.28778,17.4367],[-97.2568,17.44909]]]}},{"type":"Feature","properties":{"code":"20255","stateCode":"20","municipalityCode":"255","name":"San Mateo Sindihui"},"geometry":{"type":"Polygon","coordinates":[[[-97.39182,17.11389],[-97.3648,17.05951],[-97.35366,17.05245],[-97.35381,17.0566],[-97.3494,17.05756],[-97.35063,17.06214],[-97.3476,17.05967],[-97.34618,17.06354],[-97.34146,17.06094],[-97.33838,17.0651],[-97.33412,17.0651],[-97.33357,17.05482],[-97.32779,17.05386],[-97.32371,17.04883],[-97.32139,17.03907],[-97.32286,17.02154],[-97.31861,17.01482],[-97.32318,17.00908],[-97.32295,16.99689],[-97.31425,16.97202],[-97.31924,16.96364],[-97.31831,16.95879],[-97.32343,16.95654],[-97.32265,16.95022],[-97.34846,16.94253],[-97.3541,16.94501],[-97.37943,16.94078],[-97.43703,16.94087],[-97.42822,16.95135],[-97.42477,16.94915],[-97.4212,16.951],[-97.42248,16.97596],[-97.4169,16.99683],[-97.42167,17.0192],[-97.41973,17.02367],[-97.40201,17.03328],[-97.39182,17.11389]]]}},{"type":"Feature","properties":{"code":"20252","stateCode":"20","municipalityCode":"252","name":"San Mateo Peñasco"},"geometry":{"type":"Polygon","coordinates":[[[-97.45769,17.17486],[-97.44526,17.16293],[-97.43986,17.14827],[-97.44278,17.13415],[-97.43751,17.13387],[-97.43764,17.13161],[-97.44526,17.1207],[-97.47359,17.10491],[-97.48336,17.1201],[-97.49059,17.14036],[-97.51541,17.14466],[-97.52527,17.13477],[-97.5481,17.12171],[-97.558,17.12089],[-97.56705,17.12523],[-97.56154,17.13641],[-97.55238,17.14278],[-97.54531,17.15972],[-97.5502,17.16775],[-97.54238,17.17354],[-97.5344,17.17126],[-97.52045,17.1755],[-97.518,17.17068],[-97.51054,17.16808],[-97.50885,17.16337],[-97.49157,17.16519],[-97.48547,17.16128],[-97.47852,17.16851],[-97.4709,17.16651],[-97.46954,17.16983],[-97.45769,17.17486]]]}},{"type":"Feature","properties":{"code":"20257","stateCode":"20","municipalityCode":"257","name":"San Melchor Betaza"},"geometry":{"type":"Polygon","coordinates":[[[-96.13626,17.27679],[-96.12699,17.26811],[-96.12037,17.27203],[-96.11144,17.26105],[-96.13018,17.23775],[-96.13674,17.23797],[-96.13784,17.23416],[-96.1461,17.23118],[-96.13804,17.22633],[-96.13867,17.20731],[-96.16601,17.21059],[-96.16899,17.22999],[-96.18422,17.2372],[-96.18457,17.242],[-96.18003,17.24262],[-96.18179,17.24629],[-96.17828,17.25065],[-96.18563,17.26036],[-96.17791,17.26688],[-96.17051,17.26491],[-96.16006,17.26705],[-96.15474,17.27391],[-96.13626,17.27679]]]}},{"type":"Feature","properties":{"code":"20258","stateCode":"20","municipalityCode":"258","name":"San Miguel Achiutla"},"geometry":{"type":"Polygon","coordinates":[[[-97.44307,17.34844],[-97.43171,17.32567],[-97.42062,17.31564],[-97.41489,17.29194],[-97.49786,17.27001],[-97.5011,17.26999],[-97.52137,17.29048],[-97.52533,17.28754],[-97.54025,17.29034],[-97.53849,17.29471],[-97.53073,17.29459],[-97.52578,17.30659],[-97.53469,17.33307],[-97.50921,17.31587],[-97.49166,17.326],[-97.48829,17.33422],[-97.44307,17.34844]]]}},{"type":"Feature","properties":{"code":"20259","stateCode":"20","municipalityCode":"259","name":"San Miguel Ahuehuetitlán"},"geometry":{"type":"Polygon","coordinates":[[[-98.30608,17.71518],[-98.27192,17.70524],[-98.26683,17.70031],[-98.301,17.64995],[-98.29932,17.64141],[-98.30363,17.62786],[-98.30877,17.62932],[-98.30483,17.64511],[-98.34842,17.64454],[-98.35168,17.64025],[-98.36592,17.63721],[-98.36968,17.64377],[-98.36677,17.65859],[-98.3767,17.66134],[-98.38411,17.67107],[-98.38669,17.68416],[-98.40349,17.69313],[-98.38139,17.70589],[-98.36608,17.70376],[-98.35633,17.71632],[-98.33096,17.72812],[-98.32087,17.72958],[-98.30608,17.71518]]]}},{"type":"Feature","properties":{"code":"20260","stateCode":"20","municipalityCode":"260","name":"San Miguel Aloápam"},"geometry":{"type":"Polygon","coordinates":[[[-96.6436,17.49954],[-96.64931,17.4876],[-96.6618,17.47558],[-96.65498,17.46769],[-96.64092,17.46099],[-96.64153,17.44448],[-96.6342,17.43716],[-96.64492,17.427],[-96.66226,17.42104],[-96.66639,17.40562],[-96.67536,17.40094],[-96.67089,17.38664],[-96.68744,17.37527],[-96.72359,17.36084],[-96.76436,17.38206],[-96.74458,17.46955],[-96.75221,17.47508],[-96.77224,17.47563],[-96.71846,17.495],[-96.71552,17.50232],[-96.71042,17.49324],[-96.684,17.48744],[-96.67208,17.48748],[-96.65654,17.50637],[-96.63495,17.50646],[-96.6436,17.49954]]]}},{"type":"Feature","properties":{"code":"20268","stateCode":"20","municipalityCode":"268","name":"San Miguel Ejutla"},"geometry":{"type":"Polygon","coordinates":[[[-96.74786,16.61806],[-96.71869,16.60884],[-96.72135,16.59486],[-96.72802,16.59284],[-96.72894,16.58103],[-96.74789,16.57023],[-96.74925,16.57575],[-96.76094,16.57591],[-96.75018,16.58067],[-96.74248,16.59166],[-96.744,16.60549],[-96.7495,16.60015],[-96.75109,16.60565],[-96.74789,16.60875],[-96.74786,16.61806]]]}},{"type":"Feature","properties":{"code":"20276","stateCode":"20","municipalityCode":"276","name":"San Miguel Santa Flor"},"geometry":{"type":"Polygon","coordinates":[[[-96.80222,17.95066],[-96.79179,17.93614],[-96.78418,17.94153],[-96.78318,17.94722],[-96.77334,17.91702],[-96.79187,17.89079],[-96.82433,17.91799],[-96.83448,17.92232],[-96.83486,17.92763],[-96.82392,17.92441],[-96.81246,17.9318],[-96.80917,17.92895],[-96.80886,17.93433],[-96.80196,17.94221],[-96.80222,17.95066]]]}},{"type":"Feature","properties":{"code":"20281","stateCode":"20","municipalityCode":"281","name":"San Miguel Tecomatlán"},"geometry":{"type":"Polygon","coordinates":[[[-97.25251,17.40613],[-97.2466,17.39687],[-97.24952,17.39318],[-97.27319,17.3889],[-97.2892,17.37995],[-97.28902,17.37324],[-97.2992,17.3582],[-97.30596,17.33644],[-97.31852,17.34087],[-97.31096,17.38369],[-97.29596,17.39879],[-97.25251,17.40613]]]}},{"type":"Feature","properties":{"code":"20274","stateCode":"20","municipalityCode":"274","name":"San Miguel Piedras"},"geometry":{"type":"Polygon","coordinates":[[[-97.19819,17.03835],[-97.18895,17.0156],[-97.17504,17.00858],[-97.16543,16.99631],[-97.17025,16.97957],[-97.19659,16.97672],[-97.19561,16.96027],[-97.20876,16.91873],[-97.21245,16.91808],[-97.24094,16.93039],[-97.2409,16.93704],[-97.2483,16.94257],[-97.23406,16.96197],[-97.23565,16.9885],[-97.2522,16.98979],[-97.2665,16.99792],[-97.2714,16.98559],[-97.27992,16.99482],[-97.28319,17.00645],[-97.28226,17.01055],[-97.27456,17.01351],[-97.26742,17.00511],[-97.26056,17.00614],[-97.25497,17.00185],[-97.22687,17.00557],[-97.22819,17.01489],[-97.23379,17.01779],[-97.23239,17.02228],[-97.23594,17.03165],[-97.23256,17.03569],[-97.2074,17.00521],[-97.20825,17.0246],[-97.19819,17.03835]]]}},{"type":"Feature","properties":{"code":"20532","stateCode":"20","municipalityCode":"532","name":"Santo Tomás Ocotepec"},"geometry":{"type":"Polygon","coordinates":[[[-97.76087,17.17256],[-97.75512,17.17031],[-97.75266,17.16467],[-97.75589,17.15911],[-97.75256,17.1487],[-97.7341,17.13929],[-97.72748,17.12886],[-97.73855,17.11948],[-97.73756,17.1148],[-97.74585,17.10413],[-97.74237,17.09626],[-97.74262,17.07093],[-97.75651,17.06798],[-97.77654,17.07652],[-97.77904,17.08158],[-97.78643,17.0856],[-97.81097,17.09175],[-97.82048,17.08868],[-97.81481,17.08044],[-97.8162,17.07527],[-97.82619,17.07646],[-97.83111,17.07396],[-97.84828,17.07786],[-97.85298,17.08866],[-97.83899,17.11286],[-97.82623,17.11155],[-97.81099,17.11954],[-97.80743,17.12499],[-97.80169,17.12707],[-97.80169,17.13826],[-97.79453,17.15578],[-97.78408,17.16438],[-97.76087,17.17256]]]}},{"type":"Feature","properties":{"code":"20280","stateCode":"20","municipalityCode":"280","name":"Villa Talea de Castro"},"geometry":{"type":"Polygon","coordinates":[[[-96.2186,17.42371],[-96.21851,17.41995],[-96.21324,17.41975],[-96.21276,17.40477],[-96.19774,17.38836],[-96.1909,17.38546],[-96.18265,17.37325],[-96.18544,17.37307],[-96.18346,17.3698],[-96.18584,17.36593],[-96.18987,17.36581],[-96.18903,17.36206],[-96.19225,17.36319],[-96.19599,17.35966],[-96.2095,17.36159],[-96.21002,17.36411],[-96.21192,17.36633],[-96.20993,17.36136],[-96.20087,17.35476],[-96.19934,17.34563],[-96.19205,17.34006],[-96.20638,17.33611],[-96.21533,17.33799],[-96.21758,17.342],[-96.22267,17.34034],[-96.23938,17.32727],[-96.24268,17.31875],[-96.2469,17.318],[-96.25464,17.33617],[-96.26385,17.33292],[-96.27713,17.3411],[-96.27342,17.34377],[-96.27567,17.35348],[-96.27109,17.35825],[-96.27736,17.37712],[-96.26767,17.38545],[-96.25451,17.38357],[-96.24423,17.38703],[-96.23625,17.40421],[-96.2186,17.42371]]]}},{"type":"Feature","properties":{"code":"20533","stateCode":"20","municipalityCode":"533","name":"Santo Tomás Tamazulapan"},"geometry":{"type":"Polygon","coordinates":[[[-96.5519,16.28914],[-96.53488,16.25137],[-96.54552,16.24917],[-96.54894,16.24952],[-96.54798,16.25272],[-96.55745,16.25188],[-96.53864,16.21628],[-96.56472,16.20298],[-96.54059,16.2072],[-96.58511,16.19081],[-96.6011,16.21446],[-96.60858,16.21791],[-96.63668,16.24625],[-96.61048,16.26493],[-96.61262,16.27193],[-96.59787,16.27672],[-96.59636,16.28017],[-96.56755,16.28057],[-96.5519,16.28914]]]}},{"type":"Feature","properties":{"code":"20368","stateCode":"20","municipalityCode":"368","name":"Santa Catarina Minas"},"geometry":{"type":"Polygon","coordinates":[[[-96.58032,16.83993],[-96.60051,16.77948],[-96.60438,16.77974],[-96.60744,16.76239],[-96.60273,16.74905],[-96.59704,16.74395],[-96.60247,16.73933],[-96.61295,16.74571],[-96.63577,16.74889],[-96.63011,16.76411],[-96.63836,16.76676],[-96.63315,16.80671],[-96.61768,16.82676],[-96.58032,16.83993]]]}},{"type":"Feature","properties":{"code":"20282","stateCode":"20","municipalityCode":"282","name":"San Miguel Tenango"},"geometry":{"type":"Polygon","coordinates":[[[-95.50073,16.31549],[-95.47306,16.28537],[-95.47131,16.27409],[-95.48861,16.2431],[-95.50974,16.16584],[-95.50406,16.16111],[-95.51328,16.13223],[-95.52207,16.14148],[-95.52214,16.14945],[-95.5309,16.15124],[-95.53271,16.15537],[-95.54058,16.15708],[-95.54409,16.16109],[-95.54885,16.15935],[-95.56105,16.17006],[-95.57367,16.16701],[-95.57262,16.1621],[-95.57561,16.1602],[-95.58325,16.16213],[-95.59387,16.15784],[-95.59367,16.15509],[-95.59633,16.15719],[-95.60026,16.15293],[-95.59927,16.14787],[-95.6084,16.14811],[-95.60408,16.15745],[-95.60677,16.1717],[-95.62756,16.21015],[-95.60063,16.27337],[-95.51299,16.32303],[-95.50073,16.31549]]]}},{"type":"Feature","properties":{"code":"20283","stateCode":"20","municipalityCode":"283","name":"San Miguel Tequixtepec"},"geometry":{"type":"Polygon","coordinates":[[[-97.24346,17.84535],[-97.24658,17.82044],[-97.24324,17.81253],[-97.25309,17.81613],[-97.30224,17.76933],[-97.34507,17.7638],[-97.3681,17.7693],[-97.38463,17.75528],[-97.40232,17.74575],[-97.4051,17.75418],[-97.41684,17.76924],[-97.39939,17.77539],[-97.3742,17.77776],[-97.39588,17.82421],[-97.38859,17.82592],[-97.24537,17.91535],[-97.24346,17.84535]]]}},{"type":"Feature","properties":{"code":"20535","stateCode":"20","municipalityCode":"535","name":"San Vicente Lachixío"},"geometry":{"type":"Polygon","coordinates":[[[-96.97914,16.72403],[-96.97871,16.69854],[-96.98573,16.6975],[-96.99472,16.67987],[-97.0012,16.67628],[-96.99465,16.6581],[-96.99916,16.64823],[-96.99744,16.64258],[-97.00352,16.63317],[-96.99751,16.61142],[-96.99678,16.59214],[-97.00548,16.59983],[-97.03016,16.60521],[-97.02714,16.61093],[-97.03769,16.61863],[-97.05281,16.60848],[-97.02576,16.59714],[-97.02106,16.57554],[-97.03936,16.57457],[-97.04826,16.56924],[-97.09009,16.58363],[-97.08779,16.5843],[-97.0882,16.59233],[-97.07954,16.61884],[-97.08424,16.62659],[-97.08292,16.66247],[-97.07492,16.67951],[-97.07766,16.69859],[-97.06707,16.70172],[-97.07179,16.7185],[-96.97914,16.72403]]]}},{"type":"Feature","properties":{"code":"20286","stateCode":"20","municipalityCode":"286","name":"San Miguel Tlacotepec"},"geometry":{"type":"Polygon","coordinates":[[[-98.01121,17.5008],[-97.99828,17.48326],[-97.99306,17.45977],[-97.98788,17.45434],[-97.98004,17.45416],[-97.97554,17.44732],[-97.97906,17.43291],[-97.97478,17.42251],[-97.98513,17.39955],[-97.99624,17.39242],[-98.01089,17.39809],[-98.01772,17.39737],[-98.0187,17.40264],[-98.01357,17.40479],[-98.02846,17.41848],[-98.03498,17.41928],[-98.04718,17.43838],[-98.04887,17.45329],[-98.0409,17.46701],[-98.01121,17.5008]]]}},{"type":"Feature","properties":{"code":"20285","stateCode":"20","municipalityCode":"285","name":"San Miguel Tlacamama"},"geometry":{"type":"Polygon","coordinates":[[[-98.13499,16.4922],[-98.10846,16.49554],[-98.10896,16.48463],[-98.10516,16.47678],[-98.09719,16.47167],[-98.08701,16.45753],[-98.0675,16.44388],[-98.03466,16.42871],[-98.01819,16.41449],[-98.03528,16.39974],[-98.04423,16.40074],[-98.06235,16.39318],[-98.08578,16.39321],[-98.09076,16.39922],[-98.09459,16.39665],[-98.10165,16.39895],[-98.10969,16.3972],[-98.11695,16.40458],[-98.12318,16.4029],[-98.12213,16.40771],[-98.12495,16.41029],[-98.14274,16.42031],[-98.14176,16.42951],[-98.14455,16.43357],[-98.14856,16.42735],[-98.15442,16.42914],[-98.15704,16.45108],[-98.18255,16.45062],[-98.19675,16.4535],[-98.1942,16.46822],[-98.18843,16.47268],[-98.15678,16.48057],[-98.13499,16.4922]]]}},{"type":"Feature","properties":{"code":"20288","stateCode":"20","municipalityCode":"288","name":"San Miguel Yotao"},"geometry":{"type":"Polygon","coordinates":[[[-96.33033,17.3744],[-96.31903,17.37628],[-96.31333,17.37159],[-96.31348,17.36773],[-96.31872,17.36437],[-96.31723,17.35461],[-96.31103,17.34848],[-96.32016,17.34404],[-96.31465,17.33894],[-96.32334,17.33444],[-96.32809,17.3361],[-96.34192,17.33214],[-96.36329,17.31229],[-96.4023,17.34192],[-96.38245,17.36203],[-96.3787,17.35512],[-96.37025,17.36618],[-96.35738,17.3692],[-96.33942,17.38124],[-96.33033,17.3744]]]}},{"type":"Feature","properties":{"code":"20289","stateCode":"20","municipalityCode":"289","name":"San Nicolás"},"geometry":{"type":"Polygon","coordinates":[[[-96.73486,16.47031],[-96.73156,16.45861],[-96.7222,16.46256],[-96.71431,16.4576],[-96.71775,16.45578],[-96.71593,16.4509],[-96.71956,16.44743],[-96.71354,16.44049],[-96.72491,16.42492],[-96.7283,16.42435],[-96.73565,16.40839],[-96.74691,16.40597],[-96.74796,16.39923],[-96.75283,16.39777],[-96.75283,16.39454],[-96.77797,16.39853],[-96.77191,16.4076],[-96.76304,16.43957],[-96.75211,16.45551],[-96.73486,16.47031]]]}},{"type":"Feature","properties":{"code":"20292","stateCode":"20","municipalityCode":"292","name":"San Pablo Cuatro Venados"},"geometry":{"type":"Polygon","coordinates":[[[-96.8723,17.02597],[-96.86148,17.02906],[-96.85467,17.02718],[-96.86093,17.02476],[-96.85065,17.02021],[-96.84014,17.00854],[-96.84926,17.00254],[-96.83333,16.99056],[-96.8486,16.98043],[-96.85371,16.96475],[-96.87119,16.96031],[-96.87438,16.95469],[-96.8803,16.95283],[-96.90158,16.93357],[-96.91366,16.93466],[-96.92034,16.93086],[-96.92733,16.93409],[-96.93572,16.93339],[-96.94878,16.92908],[-96.95322,16.93086],[-96.94593,16.94426],[-96.93255,16.95108],[-96.92757,16.95029],[-96.9174,16.95803],[-96.92029,16.96209],[-96.91743,16.96841],[-96.92492,16.97435],[-96.92675,16.98185],[-96.92288,16.99144],[-96.92409,17.0068],[-96.90842,17.01913],[-96.88473,17.02938],[-96.88084,17.0269],[-96.87268,17.02986],[-96.8723,17.02597]]]}},{"type":"Feature","properties":{"code":"20380","stateCode":"20","municipalityCode":"380","name":"Santa Cruz Papalutla"},"geometry":{"type":"Polygon","coordinates":[[[-96.5939,16.97771],[-96.5702,16.97064],[-96.56839,16.96288],[-96.57105,16.94765],[-96.56761,16.94675],[-96.56767,16.93039],[-96.58579,16.92991],[-96.60301,16.94249],[-96.5939,16.97771]]]}},{"type":"Feature","properties":{"code":"20294","stateCode":"20","municipalityCode":"294","name":"San Pablo Huitzo"},"geometry":{"type":"Polygon","coordinates":[[[-96.82241,17.3489],[-96.83305,17.28425],[-96.8529,17.2636],[-96.8505,17.25519],[-96.85979,17.26003],[-96.86211,17.25703],[-96.85977,17.25374],[-96.87548,17.26759],[-96.88763,17.26756],[-96.90084,17.26238],[-96.90296,17.26506],[-96.91916,17.26446],[-96.96561,17.24707],[-96.96366,17.28726],[-96.96289,17.28168],[-96.9568,17.28818],[-96.94725,17.28268],[-96.93964,17.28738],[-96.89792,17.28431],[-96.90058,17.28849],[-96.89249,17.32437],[-96.85276,17.38414],[-96.8222,17.37954],[-96.81088,17.38341],[-96.82241,17.3489]]]}},{"type":"Feature","properties":{"code":"20295","stateCode":"20","municipalityCode":"295","name":"San Pablo Huixtepec"},"geometry":{"type":"Polygon","coordinates":[[[-96.81327,16.85046],[-96.79814,16.84803],[-96.79921,16.84435],[-96.78674,16.843],[-96.79472,16.83942],[-96.75533,16.82794],[-96.75126,16.81147],[-96.75989,16.8152],[-96.76091,16.81209],[-96.76589,16.81241],[-96.76444,16.79568],[-96.77633,16.79935],[-96.79452,16.79499],[-96.79987,16.80181],[-96.80368,16.80072],[-96.82306,16.80956],[-96.83789,16.80137],[-96.81765,16.78322],[-96.83064,16.77953],[-96.84739,16.79031],[-96.84845,16.8468],[-96.81485,16.83054],[-96.81327,16.85046]]]}},{"type":"Feature","properties":{"code":"20538","stateCode":"20","municipalityCode":"538","name":"Sitio de Xitlapehua"},"geometry":{"type":"Polygon","coordinates":[[[-96.5402,16.41232],[-96.53916,16.38187],[-96.53461,16.36291],[-96.52946,16.36401],[-96.51716,16.3496],[-96.52081,16.33959],[-96.51896,16.33693],[-96.52558,16.33304],[-96.52806,16.32199],[-96.53999,16.32437],[-96.54436,16.35232],[-96.55902,16.36336],[-96.55733,16.3784],[-96.5402,16.41232]]]}},{"type":"Feature","properties":{"code":"20296","stateCode":"20","municipalityCode":"296","name":"San Pablo Macuiltianguis"},"geometry":{"type":"Polygon","coordinates":[[[-96.39617,17.56877],[-96.39405,17.56166],[-96.39848,17.54908],[-96.3961,17.54424],[-96.40121,17.53685],[-96.40807,17.5356],[-96.41606,17.52924],[-96.42568,17.52903],[-96.42646,17.52307],[-96.43716,17.51728],[-96.45803,17.51499],[-96.46124,17.517],[-96.47222,17.51344],[-96.47078,17.51049],[-96.47843,17.50283],[-96.48572,17.486],[-96.49599,17.48502],[-96.49951,17.48095],[-96.51301,17.4767],[-96.55905,17.47102],[-96.58181,17.46344],[-96.58812,17.47525],[-96.58482,17.47898],[-96.58603,17.48393],[-96.60102,17.49972],[-96.60191,17.50516],[-96.59819,17.51173],[-96.60497,17.52676],[-96.61148,17.52797],[-96.60942,17.54151],[-96.61519,17.54733],[-96.61708,17.55768],[-96.62002,17.55819],[-96.58986,17.56331],[-96.58537,17.57081],[-96.58681,17.56419],[-96.58109,17.55885],[-96.58295,17.55755],[-96.5727,17.5509],[-96.5599,17.55218],[-96.55304,17.54846],[-96.54361,17.55387],[-96.53615,17.54724],[-96.52107,17.55474],[-96.48736,17.55977],[-96.45288,17.554],[-96.44488,17.55003],[-96.42399,17.5564],[-96.41657,17.55224],[-96.39617,17.56877]]]}},{"type":"Feature","properties":{"code":"20297","stateCode":"20","municipalityCode":"297","name":"San Pablo Tijaltepec"},"geometry":{"type":"Polygon","coordinates":[[[-97.47573,17.07906],[-97.46057,17.07485],[-97.45611,17.06691],[-97.45794,17.06142],[-97.45468,17.04094],[-97.44429,17.02726],[-97.41973,17.02367],[-97.42184,17.01792],[-97.4169,16.99683],[-97.42248,16.97596],[-97.4212,16.951],[-97.42477,16.94915],[-97.42822,16.95135],[-97.43703,16.94087],[-97.44642,16.93799],[-97.44446,16.93284],[-97.45116,16.93087],[-97.46395,16.93788],[-97.48238,16.97356],[-97.49907,16.97717],[-97.50991,16.98323],[-97.51788,16.97946],[-97.52739,17.01122],[-97.51259,17.06831],[-97.49019,17.07122],[-97.47573,17.07906]]]}},{"type":"Feature","properties":{"code":"20304","stateCode":"20","municipalityCode":"304","name":"San Pedro Coxcaltepec Cántaros"},"geometry":{"type":"Polygon","coordinates":[[[-97.04756,17.58851],[-97.0415,17.58696],[-97.03598,17.56828],[-97.03997,17.55797],[-97.0349,17.55377],[-97.04449,17.52948],[-97.08103,17.5183],[-97.07379,17.50625],[-97.06922,17.48945],[-97.09695,17.48402],[-97.10092,17.48751],[-97.10726,17.47696],[-97.13022,17.47211],[-97.143,17.47273],[-97.14681,17.48068],[-97.15347,17.48194],[-97.17043,17.47868],[-97.17772,17.50645],[-97.18302,17.50802],[-97.1695,17.53997],[-97.16696,17.53837],[-97.14924,17.55078],[-97.1354,17.54673],[-97.13339,17.55191],[-97.10954,17.52459],[-97.08811,17.52471],[-97.06862,17.58248],[-97.04756,17.58851]]]}},{"type":"Feature","properties":{"code":"20299","stateCode":"20","municipalityCode":"299","name":"San Pablo Yaganiza"},"geometry":{"type":"Polygon","coordinates":[[[-96.22316,17.16076],[-96.19748,17.13648],[-96.17844,17.13112],[-96.16184,17.13222],[-96.16184,17.12447],[-96.17428,17.12637],[-96.1886,17.11576],[-96.19233,17.10511],[-96.2021,17.10128],[-96.21612,17.09896],[-96.22534,17.10126],[-96.24084,17.0958],[-96.24714,17.09716],[-96.24881,17.11015],[-96.2449,17.11898],[-96.25041,17.13376],[-96.24155,17.1353],[-96.24014,17.15669],[-96.2334,17.15951],[-96.22931,17.15722],[-96.22316,17.16076]]]}},{"type":"Feature","properties":{"code":"20300","stateCode":"20","municipalityCode":"300","name":"San Pedro Amuzgos"},"geometry":{"type":"Polygon","coordinates":[[[-98.0794,16.74297],[-98.07447,16.73815],[-98.06723,16.73973],[-98.05912,16.72932],[-98.058,16.73193],[-98.05467,16.73066],[-98.05311,16.72404],[-98.0464,16.72202],[-98.04111,16.71308],[-98.03645,16.71192],[-98.03701,16.70615],[-98.02779,16.69776],[-98.02343,16.6663],[-98.04004,16.65264],[-98.04195,16.63626],[-98.04707,16.62755],[-98.06198,16.61929],[-98.06631,16.61288],[-98.07407,16.61761],[-98.07594,16.62345],[-98.08284,16.62616],[-98.09378,16.62474],[-98.09698,16.6292],[-98.11431,16.63443],[-98.1262,16.64316],[-98.14346,16.64121],[-98.14475,16.6494],[-98.15476,16.65637],[-98.15152,16.67459],[-98.14277,16.67946],[-98.1311,16.67936],[-98.1085,16.74162],[-98.09372,16.73038],[-98.0794,16.74297]]]}},{"type":"Feature","properties":{"code":"20308","stateCode":"20","municipalityCode":"308","name":"San Pedro Huilotepec"},"geometry":{"type":"Polygon","coordinates":[[[-95.1608,16.27295],[-95.14951,16.26375],[-95.12351,16.26492],[-95.11757,16.25583],[-95.11927,16.24532],[-95.11669,16.23478],[-95.12545,16.23588],[-95.12754,16.22789],[-95.14001,16.22518],[-95.13929,16.22009],[-95.1435,16.21746],[-95.17911,16.2189],[-95.17934,16.23077],[-95.16176,16.24],[-95.17409,16.26334],[-95.16165,16.26473],[-95.1608,16.27295]]]}},{"type":"Feature","properties":{"code":"20301","stateCode":"20","municipalityCode":"301","name":"San Pedro Apóstol"},"geometry":{"type":"Polygon","coordinates":[[[-96.74202,16.75265],[-96.74046,16.75719],[-96.72655,16.74928],[-96.71968,16.74909],[-96.71847,16.74651],[-96.72325,16.74038],[-96.71395,16.7389],[-96.71337,16.72711],[-96.73258,16.73093],[-96.73242,16.72808],[-96.75246,16.72977],[-96.74389,16.73329],[-96.74565,16.73888],[-96.75138,16.74127],[-96.74981,16.75012],[-96.75566,16.75653],[-96.75467,16.75842],[-96.74202,16.75265]]]}},{"type":"Feature","properties":{"code":"20311","stateCode":"20","municipalityCode":"311","name":"San Pedro Jaltepetongo"},"geometry":{"type":"Polygon","coordinates":[[[-96.97088,17.72229],[-96.98121,17.71745],[-97.01276,17.64934],[-97.02641,17.64359],[-97.04272,17.64413],[-97.04463,17.65679],[-97.05601,17.67164],[-97.07986,17.6858],[-97.06988,17.69862],[-97.04865,17.705],[-97.04164,17.71292],[-97.01382,17.72112],[-96.97088,17.72229]]]}},{"type":"Feature","properties":{"code":"20302","stateCode":"20","municipalityCode":"302","name":"San Pedro Atoyac"},"geometry":{"type":"Polygon","coordinates":[[[-97.95367,16.56956],[-97.92089,16.54706],[-97.91323,16.51837],[-97.95499,16.48577],[-97.98233,16.47396],[-97.99253,16.47471],[-98.01123,16.49929],[-98.01906,16.49952],[-98.0218,16.50396],[-98.03619,16.50767],[-98.04174,16.51368],[-98.03755,16.51787],[-98.03021,16.51559],[-98.02312,16.51737],[-98.00286,16.53164],[-98.00747,16.53847],[-97.99404,16.54392],[-97.97451,16.5585],[-97.97258,16.55665],[-97.9775,16.55216],[-97.97043,16.54688],[-97.95936,16.55196],[-97.95412,16.56049],[-97.95367,16.56956]]]}},{"type":"Feature","properties":{"code":"20303","stateCode":"20","municipalityCode":"303","name":"San Pedro Cajonos"},"geometry":{"type":"Polygon","coordinates":[[[-96.25745,17.17151],[-96.24938,17.15734],[-96.27267,17.15789],[-96.27424,17.16517],[-96.25745,17.17151]]]}},{"type":"Feature","properties":{"code":"20305","stateCode":"20","municipalityCode":"305","name":"San Pedro Comitancillo"},"geometry":{"type":"Polygon","coordinates":[[[-95.16155,16.49927],[-95.12835,16.48475],[-95.11224,16.46778],[-95.11982,16.46777],[-95.1198,16.44084],[-95.12446,16.44129],[-95.12441,16.45147],[-95.14059,16.45725],[-95.15289,16.45341],[-95.17278,16.43868],[-95.17532,16.43352],[-95.20094,16.42351],[-95.21365,16.43518],[-95.20705,16.46155],[-95.18821,16.46621],[-95.18814,16.48803],[-95.17571,16.49311],[-95.17518,16.50005],[-95.16155,16.49927]]]}},{"type":"Feature","properties":{"code":"20321","stateCode":"20","municipalityCode":"321","name":"San Pedro Nopala"},"geometry":{"type":"Polygon","coordinates":[[[-97.57566,17.87109],[-97.55279,17.85591],[-97.54352,17.85428],[-97.50678,17.83049],[-97.51053,17.8143],[-97.51012,17.79641],[-97.51921,17.79895],[-97.52078,17.78695],[-97.5532,17.78031],[-97.56623,17.78883],[-97.57426,17.77885],[-97.57392,17.77335],[-97.60485,17.75545],[-97.61708,17.7554],[-97.63726,17.76845],[-97.64489,17.76817],[-97.65017,17.78548],[-97.62647,17.80841],[-97.62238,17.8188],[-97.59531,17.85608],[-97.58719,17.86541],[-97.57566,17.87109]]]}},{"type":"Feature","properties":{"code":"20332","stateCode":"20","municipalityCode":"332","name":"San Pedro Topiltepec"},"geometry":{"type":"Polygon","coordinates":[[[-97.35377,17.49108],[-97.34408,17.48344],[-97.33883,17.47244],[-97.33889,17.44929],[-97.32689,17.44372],[-97.32568,17.43265],[-97.32933,17.42326],[-97.34356,17.42363],[-97.35001,17.42693],[-97.36477,17.42417],[-97.3687,17.43399],[-97.37984,17.44279],[-97.38441,17.45182],[-97.38949,17.47375],[-97.35377,17.49108]]]}},{"type":"Feature","properties":{"code":"20307","stateCode":"20","municipalityCode":"307","name":"San Pedro Huamelula"},"geometry":{"type":"Polygon","coordinates":[[[-95.58406,16.14266],[-95.57497,16.11068],[-95.57915,16.09549],[-95.53629,16.06306],[-95.59389,16.02444],[-95.61722,16.01983],[-95.66499,15.99388],[-95.69922,15.98871],[-95.70718,15.96062],[-95.7121,15.90779],[-95.77002,15.8946],[-95.78003,15.88475],[-95.77662,15.87129],[-95.80615,15.86936],[-95.87555,15.85245],[-95.8849,15.84442],[-95.94755,15.83162],[-95.96222,15.8262],[-95.96596,15.81921],[-95.98067,15.8123],[-96.00341,15.80814],[-96.01475,15.87011],[-96.00948,15.89937],[-95.98172,15.91958],[-95.96639,15.93842],[-95.92467,15.96326],[-95.90983,15.96795],[-95.87838,15.95715],[-95.8524,15.95848],[-95.82693,16.0052],[-95.81175,16.01127],[-95.78695,16.03753],[-95.78265,16.05129],[-95.76433,16.08202],[-95.73512,16.07836],[-95.73013,16.0997],[-95.72352,16.11183],[-95.711,16.11956],[-95.70067,16.12319],[-95.68002,16.11681],[-95.65323,16.12616],[-95.63758,16.12535],[-95.62962,16.12157],[-95.62323,16.12493],[-95.62133,16.13102],[-95.61729,16.1292],[-95.59872,16.14198],[-95.58406,16.14266]]]}},{"type":"Feature","properties":{"code":"20312","stateCode":"20","municipalityCode":"312","name":"San Pedro Jicayán"},"geometry":{"type":"Polygon","coordinates":[[[-98.043,16.51418],[-98.03619,16.50767],[-98.0218,16.50396],[-98.01906,16.49952],[-98.01123,16.49929],[-97.99253,16.47471],[-97.98233,16.47396],[-97.96669,16.47833],[-97.98988,16.46148],[-97.99092,16.45017],[-97.99877,16.43264],[-98.01819,16.41449],[-98.03466,16.42871],[-98.0675,16.44388],[-98.08701,16.45753],[-98.10893,16.4845],[-98.10846,16.49554],[-98.09622,16.49831],[-98.09061,16.49484],[-98.08685,16.50278],[-98.08394,16.50189],[-98.08025,16.51241],[-98.05414,16.50302],[-98.05152,16.51037],[-98.043,16.51418]]]}},{"type":"Feature","properties":{"code":"20313","stateCode":"20","municipalityCode":"313","name":"San Pedro Jocotipac"},"geometry":{"type":"Polygon","coordinates":[[[-97.02775,17.80244],[-97.00952,17.75962],[-97.01853,17.75975],[-97.03337,17.754],[-97.04244,17.74416],[-97.06553,17.73697],[-97.07504,17.72745],[-97.07416,17.72237],[-97.07909,17.71468],[-97.10114,17.69482],[-97.11372,17.7509],[-97.1119,17.7606],[-97.1147,17.77903],[-97.10592,17.79519],[-97.10003,17.79152],[-97.0936,17.77966],[-97.08982,17.79464],[-97.07334,17.79852],[-97.07046,17.79065],[-97.05258,17.79024],[-97.0426,17.79584],[-97.02774,17.79409],[-97.02775,17.80244]]]}},{"type":"Feature","properties":{"code":"20314","stateCode":"20","municipalityCode":"314","name":"San Pedro Juchatengo"},"geometry":{"type":"Polygon","coordinates":[[[-97.07829,16.36512],[-97.0743,16.3591],[-97.07773,16.35306],[-97.07319,16.33879],[-97.07521,16.33231],[-97.07016,16.31863],[-97.07326,16.31249],[-97.08252,16.30957],[-97.08,16.30788],[-97.08501,16.30042],[-97.08112,16.29722],[-97.08172,16.29382],[-97.08469,16.29633],[-97.09039,16.29051],[-97.08681,16.2901],[-97.08841,16.28719],[-97.0853,16.28506],[-97.0887,16.27767],[-97.08586,16.27973],[-97.08117,16.27726],[-97.0843,16.27072],[-97.08828,16.26662],[-97.11082,16.28232],[-97.13011,16.28772],[-97.14235,16.27861],[-97.14346,16.35059],[-97.13752,16.35077],[-97.13353,16.35582],[-97.129,16.35126],[-97.12565,16.35825],[-97.12031,16.35198],[-97.1134,16.36215],[-97.10498,16.36507],[-97.09726,16.34738],[-97.08693,16.34698],[-97.08189,16.35522],[-97.08285,16.36273],[-97.07829,16.36512]]]}},{"type":"Feature","properties":{"code":"20331","stateCode":"20","municipalityCode":"331","name":"San Pedro Tidaá"},"geometry":{"type":"Polygon","coordinates":[[[-97.36016,17.36521],[-97.35461,17.34856],[-97.33886,17.33352],[-97.36708,17.31455],[-97.39149,17.30827],[-97.42062,17.31564],[-97.43171,17.32567],[-97.44258,17.34371],[-97.44307,17.34844],[-97.39323,17.36372],[-97.36016,17.36521]]]}},{"type":"Feature","properties":{"code":"20315","stateCode":"20","municipalityCode":"315","name":"San Pedro Mártir"},"geometry":{"type":"Polygon","coordinates":[[[-96.69844,16.76399],[-96.69011,16.7458],[-96.68769,16.74568],[-96.68681,16.74257],[-96.69221,16.73599],[-96.68912,16.73356],[-96.70778,16.73972],[-96.71207,16.73681],[-96.72325,16.74038],[-96.71847,16.74651],[-96.71968,16.74909],[-96.7232,16.74822],[-96.72214,16.75178],[-96.71963,16.75093],[-96.71829,16.75489],[-96.71305,16.75387],[-96.71475,16.75781],[-96.71199,16.76299],[-96.70621,16.7601],[-96.69844,16.76399]]]}},{"type":"Feature","properties":{"code":"20316","stateCode":"20","municipalityCode":"316","name":"San Pedro Mártir Quiechapa"},"geometry":{"type":"Polygon","coordinates":[[[-96.25946,16.53289],[-96.26827,16.52784],[-96.24696,16.50465],[-96.22608,16.46406],[-96.20318,16.43608],[-96.18716,16.42288],[-96.19898,16.38704],[-96.2398,16.38863],[-96.25388,16.38309],[-96.29552,16.392],[-96.29285,16.40058],[-96.29903,16.40971],[-96.29955,16.41623],[-96.31012,16.42955],[-96.3076,16.43802],[-96.31002,16.44611],[-96.30741,16.44789],[-96.29099,16.43957],[-96.28417,16.52218],[-96.27992,16.53601],[-96.25946,16.53289]]]}},{"type":"Feature","properties":{"code":"20317","stateCode":"20","municipalityCode":"317","name":"San Pedro Mártir Yucuxaco"},"geometry":{"type":"Polygon","coordinates":[[[-97.6398,17.50163],[-97.62428,17.49893],[-97.622,17.49185],[-97.62396,17.48619],[-97.61237,17.458],[-97.59685,17.45376],[-97.57802,17.43599],[-97.57441,17.42763],[-97.58025,17.42748],[-97.58413,17.42217],[-97.59744,17.42299],[-97.60994,17.41357],[-97.64277,17.41207],[-97.65494,17.40307],[-97.66237,17.40822],[-97.66698,17.4181],[-97.6992,17.44661],[-97.70222,17.45109],[-97.69992,17.46729],[-97.6398,17.50163]]]}},{"type":"Feature","properties":{"code":"20360","stateCode":"20","municipalityCode":"360","name":"Santa Ana Zegache"},"geometry":{"type":"Polygon","coordinates":[[[-96.72248,16.86871],[-96.71331,16.84817],[-96.7051,16.84275],[-96.70669,16.82366],[-96.71215,16.8149],[-96.71437,16.81236],[-96.73793,16.80982],[-96.75158,16.81316],[-96.75586,16.82598],[-96.75827,16.85813],[-96.74258,16.85325],[-96.7408,16.8623],[-96.72248,16.86871]]]}},{"type":"Feature","properties":{"code":"20319","stateCode":"20","municipalityCode":"319","name":"San Pedro Mixtepec"},"geometry":{"type":"Polygon","coordinates":[[[-96.29605,16.30175],[-96.2882,16.28975],[-96.27607,16.28489],[-96.25704,16.2857],[-96.24252,16.27502],[-96.22322,16.27971],[-96.18436,16.25855],[-96.17445,16.24351],[-96.17494,16.22862],[-96.17816,16.22339],[-96.16378,16.20818],[-96.13164,16.20158],[-96.10261,16.16255],[-96.12059,16.15007],[-96.14874,16.15361],[-96.17973,16.1627],[-96.19339,16.16989],[-96.20747,16.16443],[-96.21067,16.17014],[-96.21758,16.17364],[-96.21735,16.18526],[-96.25011,16.18671],[-96.25411,16.19289],[-96.26483,16.19631],[-96.26935,16.22231],[-96.27811,16.23771],[-96.29181,16.24833],[-96.29004,16.26166],[-96.29694,16.26718],[-96.2944,16.27743],[-96.29924,16.28908],[-96.29605,16.30175]]]}},{"type":"Feature","properties":{"code":"20320","stateCode":"20","municipalityCode":"320","name":"San Pedro Molinos"},"geometry":{"type":"Polygon","coordinates":[[[-97.5289,17.13197],[-97.52582,17.12825],[-97.51989,17.09287],[-97.54909,17.08551],[-97.56806,17.07098],[-97.58546,17.11145],[-97.56705,17.12523],[-97.55123,17.12103],[-97.5289,17.13197]]]}},{"type":"Feature","properties":{"code":"20322","stateCode":"20","municipalityCode":"322","name":"San Pedro Ocopetatillo"},"geometry":{"type":"Polygon","coordinates":[[[-96.90573,18.20035],[-96.89937,18.19305],[-96.90142,18.17158],[-96.91366,18.16942],[-96.92514,18.17217],[-96.92235,18.18951],[-96.90573,18.20035]]]}},{"type":"Feature","properties":{"code":"20323","stateCode":"20","municipalityCode":"323","name":"San Pedro Ocotepec"},"geometry":{"type":"Polygon","coordinates":[[[-95.8349,17.01915],[-95.80143,16.97515],[-95.7971,16.96005],[-95.80925,16.96027],[-95.81348,16.95678],[-95.82749,16.95472],[-95.85292,16.93393],[-95.86704,16.93254],[-95.87387,16.94072],[-95.86978,16.95692],[-95.87768,16.95642],[-95.88021,16.96111],[-95.87348,16.96411],[-95.86668,16.96042],[-95.85727,16.96268],[-95.87654,16.97222],[-95.87484,16.98174],[-95.86921,16.98836],[-95.85959,16.99162],[-95.85033,16.99029],[-95.8465,16.99618],[-95.84725,17.00375],[-95.83784,17.00974],[-95.8349,17.01915]]]}},{"type":"Feature","properties":{"code":"20325","stateCode":"20","municipalityCode":"325","name":"San Pedro Quiatoni"},"geometry":{"type":"Polygon","coordinates":[[[-96.08842,16.89837],[-96.08199,16.8976],[-96.07203,16.88957],[-96.05683,16.89129],[-96.01707,16.87994],[-95.98905,16.88647],[-95.9818,16.89134],[-95.97161,16.87927],[-95.9644,16.87681],[-95.97649,16.85961],[-95.97154,16.84466],[-95.9419,16.81625],[-95.90734,16.79271],[-95.91278,16.76788],[-95.90965,16.74727],[-95.91613,16.73295],[-95.91406,16.72509],[-95.91808,16.70429],[-95.93049,16.67846],[-95.94648,16.66156],[-95.98325,16.65094],[-96.01039,16.65242],[-96.0336,16.63229],[-96.04476,16.63123],[-96.06685,16.64154],[-96.07511,16.63867],[-96.07925,16.64044],[-96.09958,16.67003],[-96.10997,16.69268],[-96.14197,16.73108],[-96.14615,16.79846],[-96.15092,16.82523],[-96.15845,16.84929],[-96.16803,16.85736],[-96.13633,16.86479],[-96.08842,16.89837]]]}},{"type":"Feature","properties":{"code":"20326","stateCode":"20","municipalityCode":"326","name":"San Pedro Sochiápam"},"geometry":{"type":"Polygon","coordinates":[[[-96.68521,17.89806],[-96.64236,17.88425],[-96.63651,17.87156],[-96.61282,17.85471],[-96.59613,17.8284],[-96.58589,17.83102],[-96.57675,17.83788],[-96.57768,17.83125],[-96.56256,17.8058],[-96.56473,17.79723],[-96.5624,17.79431],[-96.56776,17.79085],[-96.57,17.78306],[-96.59162,17.76545],[-96.59499,17.76712],[-96.59575,17.7485],[-96.59941,17.74574],[-96.60273,17.73306],[-96.61577,17.74023],[-96.61486,17.74568],[-96.61904,17.75079],[-96.6164,17.75341],[-96.62484,17.76692],[-96.63419,17.77453],[-96.63707,17.76483],[-96.64227,17.76529],[-96.66233,17.75605],[-96.66091,17.76139],[-96.64867,17.77286],[-96.65502,17.77283],[-96.67689,17.79048],[-96.69155,17.79397],[-96.69686,17.79153],[-96.71535,17.82708],[-96.6967,17.84648],[-96.7101,17.86918],[-96.69739,17.87442],[-96.68095,17.89054],[-96.68661,17.89325],[-96.68521,17.89806]]]}},{"type":"Feature","properties":{"code":"20328","stateCode":"20","municipalityCode":"328","name":"San Pedro Taviche"},"geometry":{"type":"Polygon","coordinates":[[[-96.50632,16.69782],[-96.48938,16.67173],[-96.47628,16.66965],[-96.47222,16.66393],[-96.47227,16.6553],[-96.49143,16.64809],[-96.49576,16.64265],[-96.48113,16.61881],[-96.47215,16.6104],[-96.47698,16.59249],[-96.49603,16.59823],[-96.51353,16.60882],[-96.53266,16.60799],[-96.61198,16.62171],[-96.6098,16.6386],[-96.59467,16.6567],[-96.56952,16.67128],[-96.53934,16.66366],[-96.52812,16.70504],[-96.5182,16.70611],[-96.50632,16.69782]]]}},{"type":"Feature","properties":{"code":"20335","stateCode":"20","municipalityCode":"335","name":"San Pedro Yaneri"},"geometry":{"type":"Polygon","coordinates":[[[-96.405,17.45763],[-96.3487,17.42597],[-96.3385,17.42344],[-96.34011,17.41532],[-96.34864,17.40863],[-96.35909,17.40652],[-96.36122,17.40105],[-96.36896,17.40571],[-96.3739,17.40287],[-96.37323,17.39803],[-96.37928,17.39514],[-96.38212,17.39811],[-96.38384,17.39411],[-96.41688,17.39872],[-96.40433,17.41017],[-96.3952,17.40719],[-96.38169,17.40781],[-96.38435,17.41257],[-96.38861,17.41321],[-96.38785,17.41578],[-96.39549,17.41946],[-96.40003,17.43155],[-96.41911,17.43711],[-96.405,17.45763]]]}},{"type":"Feature","properties":{"code":"20336","stateCode":"20","municipalityCode":"336","name":"San Pedro Yólox"},"geometry":{"type":"Polygon","coordinates":[[[-96.38313,17.69812],[-96.35385,17.69213],[-96.36862,17.67326],[-96.36572,17.66999],[-96.37908,17.6634],[-96.38084,17.67353],[-96.38319,17.67402],[-96.40764,17.64296],[-96.38216,17.62668],[-96.39669,17.61965],[-96.41823,17.59411],[-96.42027,17.59655],[-96.42268,17.59274],[-96.4296,17.59365],[-96.44129,17.58607],[-96.45102,17.58815],[-96.46257,17.59955],[-96.47316,17.59896],[-96.48321,17.59201],[-96.49603,17.59138],[-96.50292,17.58699],[-96.51651,17.5893],[-96.53935,17.56932],[-96.56031,17.57882],[-96.56948,17.59892],[-96.52445,17.61698],[-96.51671,17.62424],[-96.5225,17.63283],[-96.54833,17.63556],[-96.59236,17.63387],[-96.60213,17.62124],[-96.60774,17.62089],[-96.61435,17.61486],[-96.6185,17.62558],[-96.61628,17.63136],[-96.62851,17.63552],[-96.61969,17.64406],[-96.60561,17.64684],[-96.58779,17.66054],[-96.57959,17.66043],[-96.5685,17.67054],[-96.56598,17.66646],[-96.55773,17.66602],[-96.54776,17.65956],[-96.54279,17.65246],[-96.51048,17.6418],[-96.50395,17.65194],[-96.48706,17.65504],[-96.48215,17.66556],[-96.45003,17.67624],[-96.4215,17.67384],[-96.40901,17.6788],[-96.40541,17.68874],[-96.38313,17.69812]]]}},{"type":"Feature","properties":{"code":"20339","stateCode":"20","municipalityCode":"339","name":"San Pedro y San Pablo Teposcolula"},"geometry":{"type":"Polygon","coordinates":[[[-97.50905,17.55891],[-97.47376,17.54514],[-97.46103,17.54633],[-97.43903,17.52105],[-97.41099,17.53033],[-97.40034,17.52773],[-97.38997,17.50109],[-97.39248,17.48289],[-97.3862,17.45872],[-97.39365,17.45711],[-97.4007,17.46246],[-97.39876,17.4673],[-97.4035,17.47297],[-97.41521,17.48058],[-97.42818,17.48164],[-97.43413,17.47683],[-97.44054,17.47624],[-97.44259,17.48101],[-97.44633,17.48142],[-97.46319,17.47539],[-97.46897,17.44814],[-97.46589,17.42695],[-97.49051,17.45651],[-97.52141,17.44955],[-97.52661,17.4527],[-97.53384,17.48234],[-97.58814,17.51756],[-97.62428,17.49893],[-97.6398,17.50163],[-97.65044,17.5349],[-97.63906,17.54116],[-97.63302,17.54044],[-97.62948,17.53334],[-97.62532,17.5398],[-97.6181,17.53621],[-97.6119,17.53764],[-97.60849,17.54004],[-97.61353,17.54552],[-97.61016,17.54744],[-97.61536,17.55296],[-97.60435,17.55321],[-97.60186,17.55062],[-97.6053,17.54245],[-97.59924,17.53723],[-97.60079,17.53135],[-97.59285,17.52784],[-97.59075,17.52146],[-97.58707,17.52207],[-97.57997,17.55489],[-97.55321,17.55809],[-97.5349,17.54531],[-97.51711,17.54211],[-97.50905,17.55891]]]}},{"type":"Feature","properties":{"code":"20341","stateCode":"20","municipalityCode":"341","name":"San Pedro Yucunama"},"geometry":{"type":"Polygon","coordinates":[[[-97.50168,17.61461],[-97.46881,17.60561],[-97.45903,17.59811],[-97.45842,17.55837],[-97.46103,17.54633],[-97.47376,17.54514],[-97.49101,17.54897],[-97.50905,17.55891],[-97.49695,17.58505],[-97.50168,17.61461]]]}},{"type":"Feature","properties":{"code":"20342","stateCode":"20","municipalityCode":"342","name":"San Raymundo Jalpan"},"geometry":{"type":"Polygon","coordinates":[[[-96.7637,16.99893],[-96.73983,16.99672],[-96.74761,16.96994],[-96.74252,16.9666],[-96.74485,16.96385],[-96.76278,16.96367],[-96.76263,16.97933],[-96.77253,16.9838],[-96.76277,16.99424],[-96.76681,16.9967],[-96.7637,16.99893]]]}},{"type":"Feature","properties":{"code":"20343","stateCode":"20","municipalityCode":"343","name":"San Sebastián Abasolo"},"geometry":{"type":"Polygon","coordinates":[[[-96.59407,17.00668],[-96.59511,17.0031],[-96.59237,17.00224],[-96.59117,17.00634],[-96.57984,17.00122],[-96.5702,16.97064],[-96.594,16.97774],[-96.59691,16.96637],[-96.61065,16.97179],[-96.65091,16.97781],[-96.65561,16.98616],[-96.62599,16.98755],[-96.62579,16.98012],[-96.61698,16.97955],[-96.61131,16.97936],[-96.61078,16.98349],[-96.60609,16.98181],[-96.60525,16.97067],[-96.59888,16.98681],[-96.60692,16.9944],[-96.60542,16.99897],[-96.60196,16.99811],[-96.60122,17.00526],[-96.59407,17.00668]]]}},{"type":"Feature","properties":{"code":"20345","stateCode":"20","municipalityCode":"345","name":"San Sebastián Ixcapa"},"geometry":{"type":"Polygon","coordinates":[[[-98.14537,16.5842],[-98.11326,16.58512],[-98.11327,16.57006],[-98.10512,16.56986],[-98.0949,16.53245],[-98.10064,16.52715],[-98.10156,16.52046],[-98.09227,16.5145],[-98.10893,16.49482],[-98.1267,16.4954],[-98.15678,16.48057],[-98.16797,16.47962],[-98.18792,16.47187],[-98.19886,16.47813],[-98.21085,16.47914],[-98.20996,16.49021],[-98.20459,16.4938],[-98.20517,16.49666],[-98.20121,16.49709],[-98.20151,16.50419],[-98.20392,16.50294],[-98.20053,16.52276],[-98.19231,16.53986],[-98.18812,16.55762],[-98.17056,16.55538],[-98.16633,16.55832],[-98.16391,16.55489],[-98.15572,16.55762],[-98.15429,16.56178],[-98.1481,16.56237],[-98.14518,16.55958],[-98.1421,16.562],[-98.14681,16.56809],[-98.14537,16.5842]]]}},{"type":"Feature","properties":{"code":"20346","stateCode":"20","municipalityCode":"346","name":"San Sebastián Nicananduta"},"geometry":{"type":"Polygon","coordinates":[[[-97.66485,17.5681],[-97.66183,17.55737],[-97.65419,17.54957],[-97.6398,17.50163],[-97.69992,17.46729],[-97.69905,17.49328],[-97.69552,17.49816],[-97.69835,17.50271],[-97.69604,17.50597],[-97.69842,17.50886],[-97.69711,17.54973],[-97.68215,17.56266],[-97.66485,17.5681]]]}},{"type":"Feature","properties":{"code":"20347","stateCode":"20","municipalityCode":"347","name":"San Sebastián Río Hondo"},"geometry":{"type":"Polygon","coordinates":[[[-96.40677,16.26281],[-96.38544,16.24314],[-96.38323,16.23696],[-96.386,16.22983],[-96.37941,16.21685],[-96.35721,16.213],[-96.35956,16.20558],[-96.35417,16.20016],[-96.37334,16.18563],[-96.37844,16.1758],[-96.37717,16.16801],[-96.41519,16.15413],[-96.42933,16.14047],[-96.43177,16.15759],[-96.44142,16.17158],[-96.44872,16.17683],[-96.45648,16.17598],[-96.4697,16.1817],[-96.47585,16.17913],[-96.48585,16.18526],[-96.48449,16.20906],[-96.48705,16.21348],[-96.48401,16.22719],[-96.46582,16.23838],[-96.46163,16.24741],[-96.44369,16.23874],[-96.43255,16.25677],[-96.42032,16.24723],[-96.4155,16.24956],[-96.40677,16.26281]]]}},{"type":"Feature","properties":{"code":"20539","stateCode":"20","municipalityCode":"539","name":"Soledad Etla"},"geometry":{"type":"Polygon","coordinates":[[[-96.82089,17.17569],[-96.82077,17.1734],[-96.81654,17.17429],[-96.81158,17.16614],[-96.80032,17.1606],[-96.79995,17.15246],[-96.80913,17.15426],[-96.80317,17.14386],[-96.81103,17.1409],[-96.81258,17.1461],[-96.8086,17.14928],[-96.81252,17.15219],[-96.83159,17.14346],[-96.83556,17.15476],[-96.85375,17.15602],[-96.8555,17.15859],[-96.84675,17.16622],[-96.84469,17.1742],[-96.82089,17.17569]]]}},{"type":"Feature","properties":{"code":"20211","stateCode":"20","municipalityCode":"211","name":"San Juan Ozolotepec"},"geometry":{"type":"Polygon","coordinates":[[[-96.25457,16.1869],[-96.21735,16.18526],[-96.21758,16.17364],[-96.21067,16.17014],[-96.20747,16.16443],[-96.19339,16.16989],[-96.17973,16.1627],[-96.14874,16.15361],[-96.12059,16.15007],[-96.10261,16.16255],[-96.08717,16.15618],[-96.10745,16.14678],[-96.11353,16.13931],[-96.1194,16.11423],[-96.12395,16.11209],[-96.13391,16.09585],[-96.13185,16.07555],[-96.13605,16.0591],[-96.14201,16.05053],[-96.13715,16.03786],[-96.1423,16.04566],[-96.1499,16.04294],[-96.17142,16.04321],[-96.17193,16.03897],[-96.16672,16.03424],[-96.17157,16.02316],[-96.16864,16.01946],[-96.17229,16.01089],[-96.18572,16.00869],[-96.18719,16.01655],[-96.19308,16.01931],[-96.20144,16.0194],[-96.21005,16.01364],[-96.21484,16.02907],[-96.22413,16.02311],[-96.23629,16.03092],[-96.23373,16.03611],[-96.23816,16.03519],[-96.2686,16.05097],[-96.26659,16.07089],[-96.26256,16.07488],[-96.26542,16.07808],[-96.25922,16.07903],[-96.30972,16.08847],[-96.31149,16.09213],[-96.27441,16.16488],[-96.25457,16.1869]],[[-96.20808,16.1458],[-96.24319,16.11699],[-96.22154,16.08606],[-96.21502,16.08414],[-96.20969,16.08634],[-96.20659,16.08313],[-96.21149,16.08378],[-96.2223,16.07716],[-96.2302,16.06341],[-96.2083,16.05056],[-96.19159,16.05487],[-96.17917,16.05447],[-96.17652,16.0564],[-96.1794,16.06634],[-96.17173,16.07084],[-96.17551,16.07564],[-96.16957,16.07782],[-96.16728,16.08237],[-96.16275,16.08246],[-96.16511,16.08414],[-96.16252,16.09208],[-96.1649,16.09097],[-96.16466,16.10031],[-96.16113,16.1005],[-96.16111,16.10381],[-96.17455,16.11252],[-96.17873,16.11109],[-96.19712,16.11614],[-96.20808,16.1458]]]}},{"type":"Feature","properties":{"code":"20212","stateCode":"20","municipalityCode":"212","name":"San Juan Petlapa"},"geometry":{"type":"Polygon","coordinates":[[[-96.05743,17.58735],[-96.05247,17.5739],[-96.04381,17.57144],[-96.02561,17.5731],[-96.02194,17.56296],[-96.017,17.55977],[-96.02083,17.55682],[-96.01633,17.55226],[-96.00718,17.54775],[-95.99778,17.54863],[-95.99432,17.53962],[-95.99692,17.52109],[-95.96788,17.50053],[-95.97516,17.49225],[-95.96203,17.46095],[-95.96804,17.45354],[-95.97519,17.45554],[-95.99755,17.44942],[-96.01007,17.46035],[-96.02039,17.46237],[-96.01881,17.45376],[-96.03292,17.45475],[-96.04036,17.44878],[-96.04394,17.4393],[-96.0427,17.43057],[-96.05345,17.41798],[-96.06334,17.41162],[-96.064,17.40364],[-96.06925,17.40492],[-96.07161,17.40011],[-96.07895,17.39828],[-96.08543,17.39053],[-96.08628,17.39574],[-96.09221,17.39238],[-96.09787,17.39653],[-96.10254,17.40411],[-96.10076,17.41192],[-96.12627,17.44437],[-96.11436,17.44711],[-96.11085,17.45815],[-96.10066,17.46653],[-96.10085,17.48427],[-96.08855,17.50081],[-96.09028,17.50886],[-96.09745,17.51375],[-96.09698,17.52523],[-96.09284,17.52884],[-96.08564,17.52798],[-96.08926,17.53802],[-96.0812,17.54364],[-96.08696,17.54971],[-96.08353,17.54972],[-96.07631,17.56527],[-96.07174,17.58635],[-96.05743,17.58735]]]}},{"type":"Feature","properties":{"code":"20213","stateCode":"20","municipalityCode":"213","name":"San Juan Quiahije"},"geometry":{"type":"Polygon","coordinates":[[[-97.37877,16.442],[-97.37215,16.43115],[-97.36538,16.42919],[-97.36066,16.41865],[-97.35192,16.4199],[-97.34527,16.41698],[-97.33372,16.42302],[-97.33071,16.41555],[-97.32239,16.41672],[-97.32096,16.4103],[-97.32859,16.40576],[-97.32732,16.39743],[-97.3235,16.39562],[-97.31849,16.40186],[-97.31048,16.40101],[-97.31015,16.39732],[-97.31588,16.39549],[-97.32059,16.3882],[-97.31746,16.38535],[-97.30843,16.3871],[-97.30738,16.37463],[-97.3133,16.36534],[-97.31243,16.362],[-97.32017,16.35481],[-97.32202,16.34572],[-97.31794,16.33144],[-97.31019,16.3359],[-97.30968,16.33959],[-97.28825,16.34537],[-97.28789,16.33962],[-97.29188,16.33608],[-97.28973,16.33082],[-97.2955,16.31868],[-97.26383,16.31542],[-97.24202,16.32284],[-97.24057,16.31188],[-97.25654,16.29607],[-97.25752,16.28477],[-97.32377,16.26774],[-97.3225,16.2751],[-97.32567,16.27748],[-97.35338,16.26826],[-97.35554,16.2852],[-97.36508,16.29563],[-97.36535,16.29973],[-97.37361,16.30502],[-97.37245,16.30973],[-97.40218,16.3075],[-97.41078,16.303],[-97.41586,16.30315],[-97.42167,16.309],[-97.43289,16.30486],[-97.42485,16.29277],[-97.43971,16.27644],[-97.43705,16.33545],[-97.44502,16.339],[-97.44044,16.35058],[-97.43336,16.35557],[-97.43191,16.3641],[-97.43624,16.3733],[-97.43168,16.37931],[-97.41429,16.38975],[-97.39445,16.39736],[-97.37877,16.442]]]}},{"type":"Feature","properties":{"code":"20348","stateCode":"20","municipalityCode":"348","name":"San Sebastián Tecomaxtlahuaca"},"geometry":{"type":"Polygon","coordinates":[[[-98.06461,17.4729],[-98.04072,17.46693],[-98.04887,17.45329],[-98.04718,17.43838],[-98.03498,17.41928],[-98.02846,17.41848],[-98.01357,17.40479],[-98.01922,17.40119],[-98.01484,17.38011],[-98.01917,17.36953],[-98.01565,17.34681],[-98.0261,17.34418],[-98.02495,17.33741],[-98.02872,17.3333],[-98.03883,17.33211],[-98.04599,17.32737],[-98.0785,17.29366],[-98.08275,17.27991],[-98.08373,17.26114],[-98.10846,17.22209],[-98.12013,17.22861],[-98.1262,17.24253],[-98.12719,17.25329],[-98.16714,17.28278],[-98.16463,17.31098],[-98.16929,17.32755],[-98.16592,17.33449],[-98.16961,17.36793],[-98.15156,17.37495],[-98.15706,17.38121],[-98.14131,17.38018],[-98.14121,17.37577],[-98.13628,17.38587],[-98.11738,17.38804],[-98.09831,17.3946],[-98.09109,17.41404],[-98.09285,17.41596],[-98.07084,17.44891],[-98.06461,17.4729]]]}},{"type":"Feature","properties":{"code":"20349","stateCode":"20","municipalityCode":"349","name":"San Sebastián Teitipac"},"geometry":{"type":"Polygon","coordinates":[[[-96.6549,16.9773],[-96.61065,16.97179],[-96.59691,16.96637],[-96.60301,16.94249],[-96.62015,16.94102],[-96.62546,16.93162],[-96.62563,16.92386],[-96.63054,16.91911],[-96.65847,16.92626],[-96.65987,16.96991],[-96.6549,16.9773]]]}},{"type":"Feature","properties":{"code":"20540","stateCode":"20","municipalityCode":"540","name":"Villa de Tamazulápam del Progreso"},"geometry":{"type":"Polygon","coordinates":[[[-97.57257,17.77097],[-97.57165,17.76648],[-97.57514,17.76116],[-97.56596,17.75232],[-97.56241,17.73168],[-97.54448,17.71127],[-97.52348,17.70274],[-97.52507,17.66764],[-97.51343,17.62906],[-97.5375,17.62867],[-97.56421,17.61684],[-97.57157,17.61684],[-97.5856,17.63258],[-97.64198,17.6688],[-97.63155,17.6966],[-97.6284,17.69619],[-97.62631,17.70283],[-97.62651,17.71995],[-97.6309,17.73737],[-97.64489,17.76817],[-97.63726,17.76845],[-97.61327,17.75431],[-97.60411,17.75563],[-97.57782,17.77272],[-97.57257,17.77097]]]}},{"type":"Feature","properties":{"code":"20350","stateCode":"20","municipalityCode":"350","name":"San Sebastián Tutla"},"geometry":{"type":"MultiPolygon","coordinates":[[[[-96.69353,17.054],[-96.68654,17.04797],[-96.69044,17.03562],[-96.70218,17.04041],[-96.70181,17.04469],[-96.69621,17.04337],[-96.69353,17.054]]],[[[-96.68546,17.06743],[-96.66341,17.06055],[-96.6734,17.04858],[-96.66684,17.02125],[-96.68346,17.03156],[-96.67908,17.06289],[-96.68376,17.06369],[-96.68498,17.0592],[-96.68735,17.05952],[-96.68546,17.06743]]]]}},{"type":"Feature","properties":{"code":"20352","stateCode":"20","municipalityCode":"352","name":"San Simón Zahuatlán"},"geometry":{"type":"Polygon","coordinates":[[[-98.0052,17.87821],[-97.99919,17.87782],[-97.99209,17.87053],[-97.98561,17.87591],[-97.9851,17.87325],[-97.97643,17.87263],[-97.97397,17.86783],[-97.96971,17.86919],[-97.96598,17.86472],[-97.96327,17.84202],[-97.97664,17.82012],[-97.97384,17.81084],[-97.97825,17.80507],[-97.98494,17.80133],[-98.01116,17.79744],[-98.03232,17.80799],[-98.04059,17.82204],[-98.0456,17.8199],[-98.04005,17.82641],[-98.0222,17.83425],[-98.01441,17.8432],[-98.00788,17.84543],[-98.01711,17.86251],[-98.01419,17.86492],[-98.01629,17.87084],[-98.0052,17.87821]]]}},{"type":"Feature","properties":{"code":"20353","stateCode":"20","municipalityCode":"353","name":"Santa Ana"},"geometry":{"type":"Polygon","coordinates":[[[-96.71384,16.37071],[-96.70903,16.35632],[-96.69539,16.35301],[-96.69293,16.35003],[-96.70303,16.35285],[-96.6991,16.34934],[-96.70054,16.34106],[-96.69046,16.33538],[-96.68691,16.32603],[-96.68966,16.30882],[-96.70227,16.29608],[-96.71895,16.28734],[-96.71284,16.29806],[-96.73519,16.30445],[-96.74019,16.29081],[-96.76316,16.33519],[-96.77573,16.34759],[-96.78081,16.37283],[-96.76287,16.37122],[-96.76151,16.3665],[-96.73759,16.35995],[-96.73573,16.36365],[-96.73131,16.3614],[-96.72502,16.36949],[-96.71384,16.37071]]]}},{"type":"Feature","properties":{"code":"20354","stateCode":"20","municipalityCode":"354","name":"Santa Ana Ateixtlahuaca"},"geometry":{"type":"Polygon","coordinates":[[[-96.87874,18.24385],[-96.86334,18.23987],[-96.86328,18.23297],[-96.86694,18.22856],[-96.8647,18.22343],[-96.87511,18.2179],[-96.88173,18.21856],[-96.88297,18.21058],[-96.89865,18.20428],[-96.90228,18.19567],[-96.90649,18.20054],[-96.913,18.19594],[-96.90695,18.20937],[-96.90473,18.23759],[-96.87874,18.24385]]]}},{"type":"Feature","properties":{"code":"20355","stateCode":"20","municipalityCode":"355","name":"Santa Ana Cuauhtémoc"},"geometry":{"type":"Polygon","coordinates":[[[-96.81414,18.03348],[-96.80312,18.02617],[-96.79485,18.0273],[-96.78535,18.01603],[-96.77662,18.0162],[-96.78036,17.98735],[-96.77396,17.96519],[-96.78418,17.94153],[-96.79179,17.93614],[-96.81175,17.96123],[-96.83621,18.01412],[-96.82847,18.01796],[-96.82662,18.02456],[-96.81414,18.03348]]]}},{"type":"Feature","properties":{"code":"20358","stateCode":"20","municipalityCode":"358","name":"Santa Ana Tlapacoyan"},"geometry":{"type":"Polygon","coordinates":[[[-96.87501,16.78769],[-96.86987,16.76923],[-96.85606,16.75576],[-96.85107,16.75265],[-96.85064,16.75819],[-96.83527,16.74627],[-96.82795,16.74329],[-96.82256,16.74826],[-96.80146,16.73769],[-96.82186,16.72035],[-96.83103,16.70311],[-96.85349,16.71697],[-96.88563,16.7269],[-96.91252,16.7624],[-96.90966,16.7691],[-96.87501,16.78769]]]}},{"type":"Feature","properties":{"code":"20362","stateCode":"20","municipalityCode":"362","name":"Santa Catarina Cuixtla"},"geometry":{"type":"Polygon","coordinates":[[[-96.62814,16.32937],[-96.62407,16.31479],[-96.6251,16.29695],[-96.62158,16.29266],[-96.6379,16.2834],[-96.64464,16.26682],[-96.6698,16.26181],[-96.67553,16.26886],[-96.66862,16.27448],[-96.67853,16.28009],[-96.66424,16.28213],[-96.66113,16.28541],[-96.6761,16.291],[-96.65836,16.31342],[-96.63827,16.32962],[-96.62814,16.32937]]]}},{"type":"Feature","properties":{"code":"20361","stateCode":"20","municipalityCode":"361","name":"Santa Catalina Quierí"},"geometry":{"type":"Polygon","coordinates":[[[-96.29552,16.392],[-96.28401,16.36727],[-96.26178,16.34653],[-96.23376,16.33554],[-96.22776,16.33605],[-96.20428,16.35585],[-96.19088,16.31828],[-96.1968,16.3136],[-96.19231,16.30099],[-96.21011,16.27922],[-96.23595,16.30293],[-96.23778,16.3123],[-96.24287,16.31455],[-96.26136,16.31324],[-96.2716,16.31663],[-96.27767,16.32276],[-96.28211,16.3409],[-96.29405,16.34929],[-96.29736,16.36098],[-96.30468,16.36256],[-96.30497,16.37587],[-96.30004,16.38785],[-96.29552,16.392]]]}},{"type":"Feature","properties":{"code":"20363","stateCode":"20","municipalityCode":"363","name":"Santa Catarina Ixtepeji"},"geometry":{"type":"Polygon","coordinates":[[[-96.54813,17.3245],[-96.5278,17.30967],[-96.52498,17.30015],[-96.52713,17.29876],[-96.52385,17.29469],[-96.52875,17.28889],[-96.52804,17.28417],[-96.51694,17.28069],[-96.51269,17.27177],[-96.52017,17.26018],[-96.5169,17.23763],[-96.54049,17.22947],[-96.53318,17.21922],[-96.53143,17.20739],[-96.5234,17.18926],[-96.52225,17.17211],[-96.52964,17.15912],[-96.52785,17.15532],[-96.53801,17.13147],[-96.59222,17.12171],[-96.5978,17.1174],[-96.60724,17.11922],[-96.62249,17.1449],[-96.63633,17.13553],[-96.64273,17.14411],[-96.65054,17.14575],[-96.65334,17.17372],[-96.64775,17.18968],[-96.63076,17.2014],[-96.61783,17.25047],[-96.60357,17.26813],[-96.60552,17.28024],[-96.59899,17.28941],[-96.59974,17.2967],[-96.59296,17.31989],[-96.56554,17.30963],[-96.56428,17.31484],[-96.54813,17.3245]]]}},{"type":"Feature","properties":{"code":"20373","stateCode":"20","municipalityCode":"373","name":"Santa Catarina Zapoquila"},"geometry":{"type":"Polygon","coordinates":[[[-97.56809,18.09211],[-97.56682,18.08165],[-97.56174,18.07296],[-97.56379,18.06258],[-97.55632,18.05168],[-97.55763,18.04688],[-97.54391,18.03344],[-97.53405,18.04634],[-97.52237,18.04465],[-97.50592,18.02782],[-97.49919,18.02979],[-97.48924,18.02559],[-97.47972,18.0272],[-97.48261,18.02487],[-97.48047,18.01006],[-97.48355,18.00861],[-97.48347,17.98041],[-97.49842,17.97972],[-97.51388,17.97312],[-97.52206,17.97247],[-97.52548,17.97602],[-97.55207,17.97194],[-97.56667,17.97484],[-97.5729,17.98203],[-97.583,17.98331],[-97.57927,17.97398],[-97.58752,17.96834],[-97.58927,17.95867],[-97.59804,17.96103],[-97.59683,18.01944],[-97.6124,18.03169],[-97.61742,18.04053],[-97.63494,18.04396],[-97.63234,18.05642],[-97.61661,18.05762],[-97.61156,18.06847],[-97.6033,18.07544],[-97.59887,18.09052],[-97.58391,18.08625],[-97.57972,18.08835],[-97.57718,18.08288],[-97.56809,18.09211]]]}},{"type":"Feature","properties":{"code":"20369","stateCode":"20","municipalityCode":"369","name":"Santa Catarina Quiané"},"geometry":{"type":"Polygon","coordinates":[[[-96.73838,16.9071],[-96.731,16.90402],[-96.71571,16.90591],[-96.70813,16.88983],[-96.70543,16.89382],[-96.69651,16.89237],[-96.70317,16.88836],[-96.7123,16.87321],[-96.7408,16.8623],[-96.74258,16.85325],[-96.75827,16.85813],[-96.7504,16.87719],[-96.75377,16.87808],[-96.75179,16.89411],[-96.74612,16.89787],[-96.74708,16.90345],[-96.73838,16.9071]]]}},{"type":"Feature","properties":{"code":"20370","stateCode":"20","municipalityCode":"370","name":"Santa Catarina Tayata"},"geometry":{"type":"Polygon","coordinates":[[[-97.54516,17.38877],[-97.53977,17.37772],[-97.52941,17.37744],[-97.53292,17.35846],[-97.52917,17.33057],[-97.53469,17.33307],[-97.52578,17.30659],[-97.53377,17.29338],[-97.54463,17.29418],[-97.54563,17.29717],[-97.54857,17.29524],[-97.57784,17.31232],[-97.59101,17.32766],[-97.57985,17.33807],[-97.57247,17.34083],[-97.57118,17.34565],[-97.55784,17.35763],[-97.54981,17.35959],[-97.55956,17.38837],[-97.5558,17.38638],[-97.54516,17.38877]]]}},{"type":"Feature","properties":{"code":"20381","stateCode":"20","municipalityCode":"381","name":"Santa Cruz Tacache de Mina"},"geometry":{"type":"Polygon","coordinates":[[[-98.14067,17.84439],[-98.13147,17.80973],[-98.14319,17.80613],[-98.13637,17.79651],[-98.14903,17.79466],[-98.14914,17.7901],[-98.15146,17.79369],[-98.15778,17.79392],[-98.16822,17.81083],[-98.19455,17.81062],[-98.19757,17.7955],[-98.20096,17.83523],[-98.19918,17.84187],[-98.19814,17.83839],[-98.19496,17.84015],[-98.1952,17.83589],[-98.18361,17.83269],[-98.17681,17.84225],[-98.172,17.83998],[-98.16587,17.84476],[-98.15412,17.83898],[-98.15033,17.84304],[-98.14067,17.84439]]]}},{"type":"Feature","properties":{"code":"20372","stateCode":"20","municipalityCode":"372","name":"Santa Catarina Yosonotú"},"geometry":{"type":"Polygon","coordinates":[[[-97.64596,17.04358],[-97.65006,17.03448],[-97.64287,17.02394],[-97.6457,17.02487],[-97.651,17.00924],[-97.64061,17.00339],[-97.64333,16.98303],[-97.62974,16.98863],[-97.63515,16.96609],[-97.64354,16.96967],[-97.64621,16.98297],[-97.66107,16.97469],[-97.68121,16.98797],[-97.68616,16.9983],[-97.69061,17.00033],[-97.69602,16.99627],[-97.70516,17.01037],[-97.71049,17.00615],[-97.72254,17.0046],[-97.72199,17.0],[-97.72583,17.00542],[-97.73009,17.01874],[-97.71788,17.02345],[-97.69549,17.02225],[-97.66324,17.04001],[-97.64596,17.04358]]]}},{"type":"Feature","properties":{"code":"20374","stateCode":"20","municipalityCode":"374","name":"Santa Cruz Acatepec"},"geometry":{"type":"Polygon","coordinates":[[[-96.90142,18.17158],[-96.86333,18.16615],[-96.86344,18.16302],[-96.869,18.16194],[-96.86905,18.15784],[-96.8569,18.15333],[-96.8651,18.15582],[-96.89293,18.14518],[-96.90276,18.14878],[-96.89133,18.16519],[-96.90142,18.17158]]]}},{"type":"Feature","properties":{"code":"20293","stateCode":"20","municipalityCode":"293","name":"San Pablo Etla"},"geometry":{"type":"Polygon","coordinates":[[[-96.69707,17.18771],[-96.65747,17.18108],[-96.65334,17.17372],[-96.65887,17.17109],[-96.66336,17.17636],[-96.67272,17.164],[-96.7098,17.15621],[-96.73728,17.14376],[-96.74429,17.14497],[-96.74762,17.13821],[-96.77132,17.13111],[-96.76712,17.12593],[-96.77812,17.12252],[-96.7779,17.12555],[-96.77337,17.12667],[-96.7801,17.13418],[-96.77768,17.13731],[-96.78175,17.14436],[-96.77786,17.14462],[-96.77547,17.13911],[-96.76935,17.14095],[-96.77194,17.1487],[-96.77811,17.14851],[-96.77812,17.15394],[-96.77314,17.15466],[-96.77401,17.1602],[-96.7832,17.15894],[-96.78377,17.16279],[-96.79972,17.16096],[-96.80325,17.17587],[-96.7966,17.17791],[-96.79653,17.18147],[-96.79413,17.17867],[-96.78909,17.18128],[-96.77914,17.17955],[-96.77934,17.18345],[-96.77431,17.18711],[-96.78023,17.1738],[-96.77077,17.17596],[-96.77343,17.17412],[-96.77103,17.17519],[-96.76407,17.16275],[-96.70822,17.18575],[-96.69707,17.18771]]]}},{"type":"Feature","properties":{"code":"20382","stateCode":"20","municipalityCode":"382","name":"Santa Cruz Tacahua"},"geometry":{"type":"Polygon","coordinates":[[[-97.50583,16.95078],[-97.48608,16.94699],[-97.45116,16.93087],[-97.44338,16.93393],[-97.44642,16.93799],[-97.43703,16.94087],[-97.43876,16.93531],[-97.43367,16.9359],[-97.43385,16.93189],[-97.42874,16.93336],[-97.41854,16.92766],[-97.41469,16.91399],[-97.40773,16.91529],[-97.40607,16.91043],[-97.41682,16.89323],[-97.42843,16.88838],[-97.45238,16.89945],[-97.4592,16.89484],[-97.46495,16.89503],[-97.50244,16.90485],[-97.51064,16.91563],[-97.50712,16.9324],[-97.51075,16.93702],[-97.5102,16.94425],[-97.50583,16.95078]]]}},{"type":"Feature","properties":{"code":"20375","stateCode":"20","municipalityCode":"375","name":"Santa Cruz Amilpas"},"geometry":{"type":"Polygon","coordinates":[[[-96.68177,17.06335],[-96.67869,17.06132],[-96.68346,17.03156],[-96.69044,17.03562],[-96.68654,17.04797],[-96.69353,17.054],[-96.68845,17.05279],[-96.68177,17.06335]]]}},{"type":"Feature","properties":{"code":"20376","stateCode":"20","municipalityCode":"376","name":"Santa Cruz de Bravo"},"geometry":{"type":"Polygon","coordinates":[[[-98.21412,17.6007],[-98.21332,17.58894],[-98.20746,17.57777],[-98.19809,17.57524],[-98.19232,17.58449],[-98.18785,17.58468],[-98.1995,17.54431],[-98.20426,17.54244],[-98.22093,17.55223],[-98.23161,17.56588],[-98.23713,17.56328],[-98.24277,17.56848],[-98.23443,17.57892],[-98.23907,17.57788],[-98.23742,17.58254],[-98.24003,17.58873],[-98.22382,17.59075],[-98.21652,17.60159],[-98.21412,17.6007]]]}},{"type":"Feature","properties":{"code":"20383","stateCode":"20","municipalityCode":"383","name":"Santa Cruz Tayata"},"geometry":{"type":"Polygon","coordinates":[[[-97.54998,17.4145],[-97.55301,17.41048],[-97.55326,17.39884],[-97.54078,17.40382],[-97.54044,17.39145],[-97.55176,17.38675],[-97.55923,17.38859],[-97.55988,17.38765],[-97.54981,17.35959],[-97.55784,17.35763],[-97.57118,17.34565],[-97.57247,17.34083],[-97.57985,17.33807],[-97.58065,17.35884],[-97.58965,17.36828],[-97.60286,17.37475],[-97.58724,17.38415],[-97.57378,17.38584],[-97.57254,17.39275],[-97.56351,17.40104],[-97.56309,17.41402],[-97.54998,17.4145]]]}},{"type":"Feature","properties":{"code":"20408","stateCode":"20","municipalityCode":"408","name":"Santa María del Rosario"},"geometry":{"type":"Polygon","coordinates":[[[-97.60029,17.3728],[-97.58965,17.36828],[-97.58065,17.35884],[-97.57985,17.33807],[-97.59101,17.32766],[-97.5854,17.31962],[-97.60648,17.3167],[-97.61133,17.31197],[-97.61603,17.31219],[-97.61541,17.32362],[-97.62178,17.33162],[-97.62876,17.33078],[-97.63214,17.34741],[-97.6259,17.36922],[-97.61938,17.36282],[-97.61183,17.36242],[-97.60476,17.36534],[-97.60029,17.3728]]]}},{"type":"Feature","properties":{"code":"20384","stateCode":"20","municipalityCode":"384","name":"Santa Cruz Xitla"},"geometry":{"type":"Polygon","coordinates":[[[-96.69571,16.40225],[-96.69017,16.39903],[-96.68467,16.38345],[-96.67705,16.3792],[-96.6692,16.38027],[-96.67661,16.36377],[-96.67217,16.35849],[-96.66687,16.36541],[-96.6615,16.36114],[-96.65761,16.3705],[-96.65317,16.37147],[-96.64921,16.37051],[-96.64533,16.36067],[-96.63188,16.35497],[-96.64455,16.33531],[-96.63827,16.32962],[-96.65836,16.31342],[-96.68971,16.27681],[-96.69834,16.27232],[-96.71895,16.28734],[-96.70227,16.29608],[-96.68966,16.30882],[-96.68784,16.31704],[-96.68691,16.32603],[-96.69046,16.33538],[-96.70054,16.34106],[-96.6991,16.34934],[-96.70303,16.35285],[-96.69293,16.35003],[-96.70903,16.35632],[-96.71443,16.37185],[-96.69858,16.38769],[-96.69571,16.40225]]]}},{"type":"Feature","properties":{"code":"20387","stateCode":"20","municipalityCode":"387","name":"Santa Gertrudis"},"geometry":{"type":"Polygon","coordinates":[[[-96.8213,16.80845],[-96.80368,16.80072],[-96.79987,16.80181],[-96.79452,16.79499],[-96.77633,16.79935],[-96.76444,16.79568],[-96.76378,16.79807],[-96.75435,16.79747],[-96.75894,16.77449],[-96.77066,16.76536],[-96.77583,16.76542],[-96.78271,16.75313],[-96.79567,16.7434],[-96.80213,16.7604],[-96.80457,16.7603],[-96.80853,16.77608],[-96.81176,16.77844],[-96.81927,16.77459],[-96.82268,16.78181],[-96.81746,16.78356],[-96.83789,16.80137],[-96.8213,16.80845]]]}},{"type":"Feature","properties":{"code":"20411","stateCode":"20","municipalityCode":"411","name":"Santa María Guelacé"},"geometry":{"type":"Polygon","coordinates":[[[-96.61105,17.01086],[-96.59855,17.00675],[-96.60196,16.99811],[-96.60542,16.99897],[-96.60692,16.9944],[-96.59888,16.98681],[-96.60525,16.97067],[-96.60609,16.98181],[-96.61078,16.98349],[-96.61131,16.97936],[-96.62579,16.98012],[-96.62463,17.0029],[-96.6154,17.00098],[-96.61511,17.00737],[-96.61105,17.01086]]]}},{"type":"Feature","properties":{"code":"20388","stateCode":"20","municipalityCode":"388","name":"Santa Inés del Monte"},"geometry":{"type":"Polygon","coordinates":[[[-96.84495,16.96517],[-96.84158,16.95025],[-96.82739,16.94649],[-96.82962,16.93452],[-96.82539,16.92266],[-96.81235,16.91822],[-96.81344,16.91105],[-96.82425,16.91111],[-96.82943,16.89248],[-96.84805,16.87954],[-96.85645,16.88591],[-96.87502,16.88696],[-96.88341,16.89962],[-96.88183,16.91531],[-96.88804,16.94489],[-96.87119,16.96031],[-96.84495,16.96517]]]}},{"type":"Feature","properties":{"code":"20106","stateCode":"20","municipalityCode":"106","name":"San Antonio Acutla"},"geometry":{"type":"Polygon","coordinates":[[[-97.48015,17.76897],[-97.48334,17.75744],[-97.47872,17.7509],[-97.47785,17.73686],[-97.4701,17.7321],[-97.48832,17.72209],[-97.50132,17.72264],[-97.50613,17.71837],[-97.50212,17.72348],[-97.50876,17.72527],[-97.52149,17.74843],[-97.48015,17.76897]]]}},{"type":"Feature","properties":{"code":"20055","stateCode":"20","municipalityCode":"055","name":"Mariscala de Juárez"},"geometry":{"type":"Polygon","coordinates":[[[-98.15906,17.92587],[-98.15249,17.9179],[-98.1566,17.91475],[-98.15543,17.90594],[-98.14495,17.90786],[-98.14961,17.90047],[-98.15581,17.89726],[-98.14237,17.89656],[-98.14038,17.89102],[-98.13047,17.89366],[-98.12682,17.88881],[-98.11384,17.88596],[-98.10844,17.87793],[-98.09999,17.88328],[-98.10407,17.89328],[-98.06933,17.88208],[-98.06838,17.85484],[-98.08264,17.85787],[-98.0823,17.84576],[-98.08965,17.83702],[-98.10204,17.84875],[-98.11584,17.83425],[-98.09526,17.81214],[-98.07827,17.78151],[-98.06956,17.77186],[-98.07384,17.76189],[-98.06465,17.76188],[-98.06101,17.75688],[-98.05468,17.75588],[-98.04483,17.7422],[-98.05886,17.74399],[-98.0601,17.74048],[-98.06995,17.73981],[-98.0651,17.73153],[-98.06686,17.71968],[-98.07025,17.72177],[-98.07153,17.71794],[-98.07182,17.72222],[-98.07818,17.71754],[-98.09564,17.72292],[-98.10259,17.71511],[-98.10745,17.71465],[-98.11059,17.71517],[-98.10736,17.72106],[-98.11158,17.72245],[-98.11176,17.72618],[-98.12156,17.72389],[-98.12372,17.72845],[-98.12005,17.72936],[-98.11148,17.75496],[-98.1147,17.75601],[-98.11221,17.78181],[-98.1287,17.78511],[-98.14319,17.80613],[-98.13147,17.80973],[-98.14067,17.84439],[-98.15033,17.84304],[-98.15412,17.83898],[-98.16587,17.84476],[-98.172,17.83998],[-98.17681,17.84225],[-98.18361,17.83269],[-98.19392,17.83514],[-98.19496,17.84015],[-98.19771,17.83827],[-98.19929,17.84062],[-98.20089,17.87391],[-98.20712,17.887],[-98.20276,17.8924],[-98.19592,17.89224],[-98.19644,17.8955],[-98.18182,17.89589],[-98.17091,17.90206],[-98.16757,17.90987],[-98.17046,17.91486],[-98.16629,17.91578],[-98.16491,17.92205],[-98.15906,17.92587]]]}},{"type":"Feature","properties":{"code":"20390","stateCode":"20","municipalityCode":"390","name":"Santa Lucía del Camino"},"geometry":{"type":"MultiPolygon","coordinates":[[[[-96.66306,17.07523],[-96.6635,17.06955],[-96.66107,17.06896],[-96.66386,17.06065],[-96.68546,17.06743],[-96.68499,17.07408],[-96.66306,17.07523]]],[[[-96.70639,17.08182],[-96.69388,17.0794],[-96.69601,17.06899],[-96.68542,17.067],[-96.68811,17.05336],[-96.69336,17.05454],[-96.69621,17.04337],[-96.70181,17.04469],[-96.70124,17.04989],[-96.70548,17.05131],[-96.71069,17.06305],[-96.70595,17.07256],[-96.70639,17.08182]]]]}},{"type":"Feature","properties":{"code":"20391","stateCode":"20","municipalityCode":"391","name":"Santa Lucía Miahuatlán"},"geometry":{"type":"Polygon","coordinates":[[[-96.63668,16.24625],[-96.59077,16.20177],[-96.5851,16.19137],[-96.58355,16.16626],[-96.58394,16.1573],[-96.59132,16.14904],[-96.59213,16.14306],[-96.59805,16.14121],[-96.6216,16.11351],[-96.63407,16.1127],[-96.63278,16.12767],[-96.6387,16.13991],[-96.64661,16.14531],[-96.64729,16.15019],[-96.63662,16.16506],[-96.63679,16.17146],[-96.65197,16.1807],[-96.64566,16.19541],[-96.64619,16.2015],[-96.6548,16.21058],[-96.6579,16.22704],[-96.63668,16.24625]]]}},{"type":"Feature","properties":{"code":"20418","stateCode":"20","municipalityCode":"418","name":"Santa María Jalapa del Marqués"},"geometry":{"type":"Polygon","coordinates":[[[-95.45546,16.66698],[-95.38013,16.60161],[-95.34279,16.60246],[-95.34034,16.59747],[-95.34333,16.59546],[-95.33149,16.57489],[-95.31896,16.49567],[-95.33633,16.44181],[-95.34897,16.42589],[-95.4603,16.36455],[-95.49654,16.36397],[-95.50789,16.3539],[-95.5232,16.34603],[-95.52389,16.43748],[-95.53192,16.44405],[-95.53805,16.45716],[-95.58381,16.48083],[-95.63091,16.5285],[-95.66918,16.53646],[-95.67174,16.57263],[-95.71545,16.5836],[-95.72268,16.58915],[-95.70656,16.61222],[-95.68912,16.61468],[-95.6783,16.612],[-95.58921,16.56052],[-95.5761,16.56795],[-95.57059,16.57879],[-95.54281,16.6066],[-95.5424,16.61651],[-95.53202,16.62711],[-95.50177,16.6189],[-95.45546,16.66698]]]}},{"type":"Feature","properties":{"code":"20392","stateCode":"20","municipalityCode":"392","name":"Santa Lucía Monteverde"},"geometry":{"type":"Polygon","coordinates":[[[-97.70516,17.01037],[-97.69602,16.99627],[-97.69061,17.00033],[-97.68616,16.9983],[-97.68121,16.98797],[-97.66107,16.97469],[-97.64621,16.98297],[-97.64354,16.96967],[-97.63389,16.96438],[-97.63732,16.95987],[-97.63415,16.9556],[-97.64256,16.91952],[-97.65407,16.92112],[-97.65653,16.91875],[-97.69938,16.91615],[-97.73316,16.90008],[-97.78497,16.90109],[-97.78882,16.90856],[-97.79283,16.90116],[-97.84519,16.90258],[-97.84811,16.92403],[-97.84547,16.92145],[-97.82874,16.92638],[-97.80653,16.95497],[-97.80844,16.95435],[-97.80737,16.96066],[-97.77563,16.97168],[-97.75531,16.97339],[-97.7568,16.96208],[-97.75945,16.96093],[-97.75753,16.95859],[-97.74965,16.95892],[-97.73717,16.96786],[-97.73169,16.96682],[-97.72769,16.97214],[-97.73409,16.97136],[-97.74405,16.97817],[-97.72604,16.98653],[-97.71827,16.99412],[-97.72254,17.0046],[-97.71049,17.00615],[-97.70516,17.01037]]]}},{"type":"Feature","properties":{"code":"20393","stateCode":"20","municipalityCode":"393","name":"Santa Lucía Ocotlán"},"geometry":{"type":"Polygon","coordinates":[[[-96.68755,16.74555],[-96.6735,16.74275],[-96.67425,16.73808],[-96.66346,16.73827],[-96.65951,16.73396],[-96.64875,16.73576],[-96.65748,16.72063],[-96.63744,16.71132],[-96.6647,16.70824],[-96.68198,16.71174],[-96.68413,16.72146],[-96.68023,16.73009],[-96.69221,16.73599],[-96.68755,16.74555]]]}},{"type":"Feature","properties":{"code":"20394","stateCode":"20","municipalityCode":"394","name":"Santa María Alotepec"},"geometry":{"type":"Polygon","coordinates":[[[-95.80354,17.15475],[-95.82341,17.12934],[-95.78243,17.08007],[-95.78555,17.079],[-95.78519,17.07531],[-95.77867,17.07291],[-95.80261,17.07147],[-95.81296,17.06602],[-95.81917,17.06673],[-95.84646,17.04855],[-95.8512,17.03183],[-95.83683,17.02703],[-95.8349,17.01915],[-95.83784,17.00974],[-95.84741,17.0035],[-95.8465,16.99618],[-95.85033,16.99029],[-95.85959,16.99162],[-95.86412,16.98837],[-95.87413,16.98802],[-95.87872,16.99292],[-95.87128,17.00253],[-95.87472,17.00658],[-95.86992,17.01063],[-95.87282,17.01571],[-95.88024,17.01729],[-95.89139,17.02577],[-95.90072,17.02584],[-95.88523,17.03364],[-95.88156,17.04301],[-95.87054,17.03982],[-95.86618,17.06318],[-95.88118,17.10627],[-95.866,17.11303],[-95.88965,17.1164],[-95.89276,17.10845],[-95.89641,17.10839],[-95.91075,17.12175],[-95.89437,17.13195],[-95.85133,17.12816],[-95.82785,17.1371],[-95.81886,17.14363],[-95.82015,17.15953],[-95.81561,17.17353],[-95.80354,17.15475]]]}},{"type":"Feature","properties":{"code":"20395","stateCode":"20","municipalityCode":"395","name":"Santa María Apazco"},"geometry":{"type":"Polygon","coordinates":[[[-97.07984,17.68579],[-97.05601,17.67164],[-97.04463,17.65679],[-97.03827,17.59027],[-97.0415,17.58696],[-97.04756,17.58851],[-97.07554,17.58195],[-97.09725,17.5737],[-97.13129,17.57911],[-97.11486,17.59334],[-97.1187,17.64057],[-97.10782,17.65785],[-97.07984,17.68579]]]}},{"type":"Feature","properties":{"code":"20396","stateCode":"20","municipalityCode":"396","name":"Santa María la Asunción"},"geometry":{"type":"Polygon","coordinates":[[[-96.81224,18.11776],[-96.8108,18.11507],[-96.79687,18.11308],[-96.79482,18.11592],[-96.79154,18.11301],[-96.80654,18.10783],[-96.80449,18.10013],[-96.81027,18.09088],[-96.8175,18.09374],[-96.82335,18.08791],[-96.82333,18.09297],[-96.83519,18.09217],[-96.83656,18.09897],[-96.82912,18.10709],[-96.82402,18.10814],[-96.81921,18.11671],[-96.81224,18.11776]]]}},{"type":"Feature","properties":{"code":"20397","stateCode":"20","municipalityCode":"397","name":"Heroica Ciudad de Tlaxiaco"},"geometry":{"type":"Polygon","coordinates":[[[-97.63214,17.34741],[-97.62876,17.33078],[-97.62178,17.33162],[-97.61541,17.32362],[-97.61656,17.31249],[-97.61133,17.31197],[-97.60648,17.3167],[-97.58479,17.31899],[-97.59134,17.29952],[-97.59849,17.29907],[-97.60872,17.28178],[-97.61795,17.27504],[-97.61123,17.26818],[-97.61493,17.25763],[-97.61378,17.25301],[-97.60989,17.25288],[-97.61261,17.22219],[-97.5787,17.17539],[-97.57701,17.16188],[-97.58816,17.16915],[-97.59821,17.16991],[-97.60576,17.15896],[-97.6243,17.15943],[-97.63359,17.16641],[-97.63461,17.13983],[-97.64126,17.14775],[-97.65325,17.1227],[-97.65368,17.12996],[-97.67858,17.12685],[-97.70444,17.18897],[-97.71023,17.19338],[-97.72522,17.19666],[-97.75278,17.17083],[-97.75896,17.16973],[-97.76177,17.17285],[-97.77187,17.17014],[-97.7934,17.15686],[-97.80169,17.13826],[-97.80169,17.12707],[-97.80743,17.12499],[-97.81355,17.13633],[-97.80847,17.14119],[-97.80731,17.15796],[-97.81962,17.17468],[-97.82146,17.18745],[-97.81794,17.19273],[-97.80267,17.19989],[-97.80108,17.21241],[-97.80423,17.22591],[-97.82096,17.22731],[-97.77979,17.23819],[-97.78271,17.24403],[-97.77287,17.26021],[-97.76936,17.29988],[-97.76097,17.2963],[-97.75319,17.2989],[-97.75079,17.29679],[-97.69327,17.31095],[-97.67974,17.32146],[-97.6586,17.32212],[-97.64632,17.33401],[-97.64573,17.34334],[-97.63214,17.34741]]]}},{"type":"Feature","properties":{"code":"20398","stateCode":"20","municipalityCode":"398","name":"Ayoquezco de Aldama"},"geometry":{"type":"Polygon","coordinates":[[[-96.88303,16.72711],[-96.86719,16.71914],[-96.85349,16.71697],[-96.84416,16.70969],[-96.84222,16.6983],[-96.84537,16.694],[-96.83556,16.68516],[-96.84423,16.67355],[-96.84637,16.64785],[-96.85228,16.64522],[-96.8535,16.63188],[-96.87168,16.63173],[-96.87957,16.62331],[-96.89669,16.61719],[-96.89946,16.60948],[-96.90812,16.61859],[-96.90931,16.62523],[-96.92832,16.64123],[-96.94781,16.72484],[-96.88303,16.72711]]]}},{"type":"Feature","properties":{"code":"20399","stateCode":"20","municipalityCode":"399","name":"Santa María Atzompa"},"geometry":{"type":"Polygon","coordinates":[[[-96.78234,17.12836],[-96.77305,17.11237],[-96.76638,17.11205],[-96.76732,17.10465],[-96.75853,17.08639],[-96.7607,17.08486],[-96.75773,17.07957],[-96.7683,17.07345],[-96.76465,17.06009],[-96.77324,17.05859],[-96.77359,17.04887],[-96.76983,17.0417],[-96.78298,17.05055],[-96.78966,17.06661],[-96.79859,17.06531],[-96.8011,17.08185],[-96.81397,17.07192],[-96.81378,17.07745],[-96.81843,17.07795],[-96.82886,17.08907],[-96.80978,17.09055],[-96.81656,17.09821],[-96.80322,17.10644],[-96.78722,17.10497],[-96.78657,17.10773],[-96.79732,17.11228],[-96.80016,17.11709],[-96.79186,17.11935],[-96.79213,17.12598],[-96.78234,17.12836]]]}},{"type":"Feature","properties":{"code":"20400","stateCode":"20","municipalityCode":"400","name":"Santa María Camotlán"},"geometry":{"type":"Polygon","coordinates":[[[-97.71291,17.91042],[-97.69076,17.90564],[-97.65944,17.90751],[-97.61694,17.90203],[-97.58441,17.88343],[-97.58108,17.87035],[-97.59531,17.85608],[-97.61878,17.82359],[-97.68298,17.83178],[-97.69474,17.8414],[-97.69093,17.85034],[-97.69502,17.86514],[-97.70576,17.87846],[-97.70377,17.88254],[-97.71405,17.88499],[-97.72123,17.8947],[-97.7188,17.90482],[-97.71291,17.91042]]]}},{"type":"Feature","properties":{"code":"20402","stateCode":"20","municipalityCode":"402","name":"Santa María Cortijo"},"geometry":{"type":"Polygon","coordinates":[[[-98.33179,16.47397],[-98.34072,16.47711],[-98.34089,16.47337],[-98.33527,16.47061],[-98.33746,16.46737],[-98.3326,16.46851],[-98.33229,16.46361],[-98.32689,16.4626],[-98.32795,16.45638],[-98.32212,16.45439],[-98.3178,16.45732],[-98.31881,16.44483],[-98.31215,16.44494],[-98.30787,16.45642],[-98.29586,16.46887],[-98.28392,16.468],[-98.27927,16.46175],[-98.28234,16.46219],[-98.28343,16.4588],[-98.27864,16.45525],[-98.25655,16.45447],[-98.25466,16.45978],[-98.25692,16.41113],[-98.26613,16.40227],[-98.32451,16.3911],[-98.32805,16.38762],[-98.33806,16.38747],[-98.34088,16.3914],[-98.34747,16.3915],[-98.34998,16.39612],[-98.36459,16.39048],[-98.36163,16.40549],[-98.36807,16.40919],[-98.36045,16.42334],[-98.36591,16.42371],[-98.34947,16.44559],[-98.35988,16.47171],[-98.35752,16.47769],[-98.35083,16.47579],[-98.34302,16.48106],[-98.33599,16.48112],[-98.33179,16.47397]]]}},{"type":"Feature","properties":{"code":"20154","stateCode":"20","municipalityCode":"154","name":"San Ildefonso Amatlán"},"geometry":{"type":"Polygon","coordinates":[[[-96.48069,16.35055],[-96.47745,16.34818],[-96.47944,16.33942],[-96.46644,16.33202],[-96.45252,16.31292],[-96.43634,16.31983],[-96.43472,16.3021],[-96.43234,16.30231],[-96.4286,16.2895],[-96.42221,16.28266],[-96.40451,16.27308],[-96.39677,16.26449],[-96.38882,16.26746],[-96.38973,16.24911],[-96.40692,16.26286],[-96.4155,16.24956],[-96.42032,16.24723],[-96.43255,16.25677],[-96.44369,16.23874],[-96.46163,16.24741],[-96.46435,16.24102],[-96.47428,16.278],[-96.48613,16.30247],[-96.4943,16.31639],[-96.50353,16.32066],[-96.50507,16.3246],[-96.50074,16.32886],[-96.49592,16.34569],[-96.48503,16.35039],[-96.48617,16.34648],[-96.4795,16.34703],[-96.48069,16.35055]]]}},{"type":"Feature","properties":{"code":"20156","stateCode":"20","municipalityCode":"156","name":"San Ildefonso Villa Alta"},"geometry":{"type":"Polygon","coordinates":[[[-96.1715,17.45879],[-96.13894,17.45401],[-96.13009,17.44049],[-96.12625,17.44213],[-96.11761,17.43563],[-96.10076,17.41192],[-96.10254,17.40411],[-96.09787,17.39653],[-96.09221,17.39238],[-96.08628,17.39574],[-96.0854,17.39037],[-96.07705,17.38253],[-96.07751,17.37092],[-96.07878,17.36258],[-96.08505,17.35279],[-96.12412,17.35063],[-96.13071,17.32815],[-96.14668,17.32368],[-96.15199,17.31224],[-96.14517,17.30989],[-96.15041,17.30444],[-96.18026,17.287],[-96.18987,17.28638],[-96.19624,17.29028],[-96.19496,17.29874],[-96.19083,17.30169],[-96.19573,17.31019],[-96.19379,17.32625],[-96.1976,17.33293],[-96.19466,17.3338],[-96.1927,17.34239],[-96.18167,17.34106],[-96.17429,17.32736],[-96.16174,17.32639],[-96.16173,17.33412],[-96.15719,17.33402],[-96.15618,17.33917],[-96.15411,17.33807],[-96.15651,17.36055],[-96.15031,17.35838],[-96.15217,17.35304],[-96.1425,17.35922],[-96.14279,17.36449],[-96.13582,17.37125],[-96.14162,17.37339],[-96.14332,17.37758],[-96.14509,17.38539],[-96.1414,17.39433],[-96.14599,17.39857],[-96.14335,17.4005],[-96.15139,17.40809],[-96.15075,17.41916],[-96.16064,17.42372],[-96.16317,17.44244],[-96.17326,17.45559],[-96.1715,17.45879]]]}},{"type":"Feature","properties":{"code":"20403","stateCode":"20","municipalityCode":"403","name":"Santa María Coyotepec"},"geometry":{"type":"Polygon","coordinates":[[[-96.70662,16.98296],[-96.68181,16.96347],[-96.70788,16.96187],[-96.72782,16.96597],[-96.72848,16.96033],[-96.7346,16.96157],[-96.72766,16.96742],[-96.7252,16.98013],[-96.7173,16.97588],[-96.70662,16.98296]]]}},{"type":"Feature","properties":{"code":"20419","stateCode":"20","municipalityCode":"419","name":"Santa María Jaltianguis"},"geometry":{"type":"Polygon","coordinates":[[[-96.49424,17.41278],[-96.49355,17.39574],[-96.50914,17.35854],[-96.52252,17.34525],[-96.52169,17.33521],[-96.5278,17.30967],[-96.53235,17.31538],[-96.54159,17.31781],[-96.54866,17.3264],[-96.55498,17.32538],[-96.55682,17.32979],[-96.5628,17.32957],[-96.56461,17.33549],[-96.572,17.33928],[-96.56914,17.343],[-96.57277,17.34369],[-96.57215,17.3488],[-96.57619,17.34983],[-96.57746,17.36012],[-96.58523,17.3709],[-96.58536,17.37789],[-96.57822,17.37914],[-96.58572,17.38178],[-96.58209,17.38887],[-96.57742,17.38813],[-96.56938,17.39659],[-96.52485,17.38519],[-96.49861,17.40379],[-96.5004,17.40681],[-96.49424,17.41278]]]}},{"type":"Feature","properties":{"code":"20405","stateCode":"20","municipalityCode":"405","name":"Villa de Chilapa de Díaz"},"geometry":{"type":"Polygon","coordinates":[[[-97.64198,17.6688],[-97.5856,17.63258],[-97.57157,17.61684],[-97.56421,17.61684],[-97.56261,17.59452],[-97.55222,17.58203],[-97.55153,17.56036],[-97.55774,17.55621],[-97.57997,17.55489],[-97.58707,17.52207],[-97.59091,17.52148],[-97.59285,17.52784],[-97.60062,17.53102],[-97.59924,17.53723],[-97.6053,17.54245],[-97.60186,17.55062],[-97.60435,17.55321],[-97.61536,17.55296],[-97.60849,17.54004],[-97.6181,17.53621],[-97.62532,17.5398],[-97.62948,17.53334],[-97.63302,17.54044],[-97.63906,17.54116],[-97.65044,17.5349],[-97.65419,17.54957],[-97.66183,17.55737],[-97.66473,17.56814],[-97.68215,17.56266],[-97.69711,17.54973],[-97.70245,17.55193],[-97.73128,17.57313],[-97.73823,17.5954],[-97.74396,17.60125],[-97.74123,17.61382],[-97.74347,17.6214],[-97.71597,17.60656],[-97.67549,17.61368],[-97.67186,17.61692],[-97.67182,17.63341],[-97.66044,17.64845],[-97.67579,17.6559],[-97.6632,17.66416],[-97.64198,17.6688]]]}},{"type":"Feature","properties":{"code":"20409","stateCode":"20","municipalityCode":"409","name":"Santa María del Tule"},"geometry":{"type":"Polygon","coordinates":[[[-96.62742,17.05446],[-96.62233,17.05292],[-96.6235,17.04868],[-96.62562,17.04933],[-96.62451,17.04581],[-96.60927,17.03971],[-96.61232,17.02698],[-96.60707,17.02584],[-96.60832,17.02092],[-96.61526,17.02456],[-96.622,17.01696],[-96.64467,17.00728],[-96.66326,17.00961],[-96.64293,17.04145],[-96.64022,17.05315],[-96.63077,17.05173],[-96.62742,17.05446]]]}},{"type":"Feature","properties":{"code":"20412","stateCode":"20","municipalityCode":"412","name":"Santa María Guienagati"},"geometry":{"type":"Polygon","coordinates":[[[-95.33296,16.95533],[-95.32403,16.9491],[-95.29537,16.916],[-95.28434,16.89418],[-95.24352,16.7758],[-95.23537,16.72544],[-95.24025,16.71851],[-95.24231,16.73149],[-95.24864,16.7303],[-95.26078,16.70121],[-95.27374,16.70013],[-95.28254,16.69485],[-95.28687,16.70184],[-95.30056,16.69785],[-95.30433,16.68077],[-95.29953,16.67537],[-95.30141,16.67312],[-95.30908,16.6745],[-95.30532,16.66962],[-95.30544,16.65677],[-95.31778,16.65828],[-95.32233,16.64933],[-95.31591,16.65082],[-95.30935,16.6414],[-95.32191,16.63864],[-95.33521,16.62912],[-95.35311,16.64368],[-95.37555,16.63266],[-95.38013,16.60161],[-95.45546,16.66698],[-95.48564,16.70104],[-95.47707,16.72727],[-95.48175,16.72561],[-95.47876,16.73521],[-95.4839,16.74172],[-95.48802,16.74076],[-95.4894,16.74746],[-95.48668,16.75917],[-95.47485,16.75917],[-95.46371,16.77315],[-95.46319,16.76972],[-95.37673,16.74937],[-95.31897,16.78795],[-95.30028,16.88938],[-95.31441,16.91484],[-95.324,16.91307],[-95.32861,16.91774],[-95.32997,16.93278],[-95.3403,16.92838],[-95.34841,16.93552],[-95.33296,16.95533]]]}},{"type":"Feature","properties":{"code":"20415","stateCode":"20","municipalityCode":"415","name":"Santa María Ipalapa"},"geometry":{"type":"Polygon","coordinates":[[[-98.02779,16.69776],[-97.97638,16.67982],[-97.94569,16.65066],[-97.9204,16.61322],[-97.93258,16.57096],[-97.93095,16.56694],[-97.94465,16.56397],[-97.95427,16.56975],[-97.95412,16.56049],[-97.95936,16.55196],[-97.96798,16.54705],[-97.9775,16.55216],[-97.97258,16.55665],[-97.97965,16.56003],[-97.97481,16.57039],[-97.97962,16.57388],[-97.99051,16.56863],[-98.03986,16.56863],[-98.07568,16.56484],[-98.08463,16.56713],[-98.09177,16.57692],[-98.08842,16.57918],[-98.09476,16.5839],[-98.09424,16.58866],[-98.08822,16.59287],[-98.07028,16.59318],[-98.07359,16.59618],[-98.06798,16.59626],[-98.06624,16.60247],[-98.07332,16.60932],[-98.04683,16.62788],[-98.04195,16.63626],[-98.04004,16.65264],[-98.02343,16.6663],[-98.02779,16.69776]]]}},{"type":"Feature","properties":{"code":"20287","stateCode":"20","municipalityCode":"287","name":"San Miguel Tulancingo"},"geometry":{"type":"Polygon","coordinates":[[[-97.44825,17.78553],[-97.42308,17.77931],[-97.4154,17.77105],[-97.41684,17.76924],[-97.4051,17.75418],[-97.40232,17.74575],[-97.41356,17.74384],[-97.41621,17.74066],[-97.42057,17.74263],[-97.41838,17.73687],[-97.40854,17.73879],[-97.43222,17.71351],[-97.45333,17.72538],[-97.46269,17.72112],[-97.4701,17.7321],[-97.47785,17.73686],[-97.47872,17.7509],[-97.48334,17.75744],[-97.48015,17.76897],[-97.47755,17.76896],[-97.47832,17.78082],[-97.45625,17.79129],[-97.44825,17.78553]]]}},{"type":"Feature","properties":{"code":"20416","stateCode":"20","municipalityCode":"416","name":"Santa María Ixcatlán"},"geometry":{"type":"Polygon","coordinates":[[[-97.21862,17.86804],[-97.20449,17.85917],[-97.20797,17.86825],[-97.17635,17.90148],[-97.16155,17.89949],[-97.13488,17.90558],[-97.12539,17.90422],[-97.11223,17.89074],[-97.10212,17.88835],[-97.0768,17.90112],[-97.0758,17.8964],[-97.05939,17.88078],[-97.04805,17.86399],[-97.06678,17.85633],[-97.07067,17.85076],[-97.07906,17.84946],[-97.08721,17.83904],[-97.09248,17.83789],[-97.10843,17.81083],[-97.11617,17.81089],[-97.11768,17.8065],[-97.12607,17.80783],[-97.13916,17.79827],[-97.15386,17.80426],[-97.1588,17.80321],[-97.18334,17.7876],[-97.19525,17.7843],[-97.19866,17.79659],[-97.2461,17.81542],[-97.24346,17.84535],[-97.24537,17.91535],[-97.21862,17.86804]]]}},{"type":"Feature","properties":{"code":"20420","stateCode":"20","municipalityCode":"420","name":"Santa María Lachixío"},"geometry":{"type":"Polygon","coordinates":[[[-97.02197,16.77258],[-97.02722,16.76034],[-97.02212,16.75954],[-97.01673,16.7664],[-97.00775,16.75428],[-96.99874,16.75014],[-96.98078,16.73259],[-96.97914,16.72403],[-97.07179,16.7185],[-97.06873,16.70762],[-97.08004,16.70087],[-97.08878,16.70448],[-97.08468,16.70788],[-97.08581,16.71151],[-97.09365,16.71627],[-97.09769,16.72322],[-97.0915,16.7349],[-97.04711,16.77019],[-97.03171,16.76941],[-97.02197,16.77258]]]}},{"type":"Feature","properties":{"code":"20421","stateCode":"20","municipalityCode":"421","name":"Santa María Mixtequilla"},"geometry":{"type":"Polygon","coordinates":[[[-95.31896,16.49567],[-95.27457,16.48476],[-95.26338,16.47146],[-95.24277,16.4578],[-95.20705,16.46155],[-95.21365,16.43518],[-95.20903,16.429],[-95.20181,16.42588],[-95.21726,16.39154],[-95.22628,16.38493],[-95.2416,16.38092],[-95.24493,16.3741],[-95.23957,16.36513],[-95.25266,16.36084],[-95.25674,16.3488],[-95.26921,16.35106],[-95.28119,16.35854],[-95.34897,16.42589],[-95.33633,16.44181],[-95.31896,16.49567]]]}},{"type":"Feature","properties":{"code":"20425","stateCode":"20","municipalityCode":"425","name":"Santa María Pápalo"},"geometry":{"type":"Polygon","coordinates":[[[-96.7556,17.85869],[-96.7463,17.85296],[-96.71548,17.84801],[-96.70423,17.84073],[-96.71431,17.82725],[-96.74532,17.83131],[-96.74511,17.83629],[-96.77682,17.81856],[-96.79002,17.7804],[-96.79908,17.77137],[-96.79735,17.76486],[-96.78176,17.74999],[-96.78912,17.73667],[-96.80743,17.74892],[-96.81549,17.74639],[-96.81524,17.75802],[-96.82682,17.77423],[-96.83316,17.77763],[-96.82534,17.80652],[-96.80499,17.83276],[-96.77884,17.83416],[-96.77046,17.84999],[-96.7556,17.85869]]]}},{"type":"Feature","properties":{"code":"20428","stateCode":"20","municipalityCode":"428","name":"Santa María Quiegolani"},"geometry":{"type":"Polygon","coordinates":[[[-96.0423,16.39161],[-95.99436,16.37019],[-95.99913,16.36444],[-95.98709,16.35378],[-95.9925,16.34482],[-95.99765,16.34509],[-95.99954,16.33935],[-95.98653,16.33147],[-95.99346,16.33012],[-95.99852,16.32245],[-96.00267,16.32331],[-96.00273,16.31154],[-95.99474,16.30155],[-96.00654,16.28088],[-96.02294,16.2768],[-96.02355,16.27423],[-96.03367,16.27395],[-96.0299,16.25697],[-96.02396,16.25399],[-96.0183,16.26266],[-96.01599,16.25774],[-96.01847,16.24069],[-96.02551,16.2259],[-96.03167,16.22601],[-96.04482,16.23581],[-96.06443,16.23802],[-96.0654,16.24061],[-96.08533,16.23186],[-96.08939,16.22302],[-96.09979,16.22194],[-96.10431,16.225],[-96.10986,16.22273],[-96.11428,16.22857],[-96.11336,16.24855],[-96.11474,16.25052],[-96.11795,16.24734],[-96.11276,16.27092],[-96.09346,16.28809],[-96.08901,16.30114],[-96.09922,16.34194],[-96.07914,16.36638],[-96.05985,16.36831],[-96.0423,16.39161]]]}},{"type":"Feature","properties":{"code":"20432","stateCode":"20","municipalityCode":"432","name":"Santa María Temaxcalapa"},"geometry":{"type":"Polygon","coordinates":[[[-96.15998,17.39997],[-96.14371,17.39836],[-96.1414,17.39433],[-96.14509,17.38539],[-96.14162,17.37339],[-96.13582,17.37125],[-96.14279,17.36449],[-96.1425,17.35922],[-96.15217,17.35304],[-96.15031,17.35838],[-96.15651,17.36055],[-96.15652,17.36607],[-96.17031,17.37257],[-96.17598,17.36865],[-96.1909,17.38546],[-96.18003,17.38329],[-96.16058,17.3914],[-96.15998,17.39997]]]}},{"type":"Feature","properties":{"code":"20429","stateCode":"20","municipalityCode":"429","name":"Santa María Sola"},"geometry":{"type":"Polygon","coordinates":[[[-97.03508,16.61869],[-97.02692,16.61044],[-97.03016,16.60521],[-97.00548,16.59983],[-96.98829,16.58173],[-96.99266,16.56027],[-96.99184,16.54789],[-97.00341,16.54296],[-97.0074,16.54935],[-97.01683,16.54649],[-97.011,16.53786],[-97.04151,16.5152],[-97.06909,16.53446],[-97.07858,16.55651],[-97.06678,16.56321],[-97.05798,16.56189],[-97.05565,16.57174],[-97.04826,16.56924],[-97.03936,16.57457],[-97.02106,16.57554],[-97.02576,16.59714],[-97.05281,16.60848],[-97.03508,16.61869]]]}},{"type":"Feature","properties":{"code":"20430","stateCode":"20","municipalityCode":"430","name":"Santa María Tataltepec"},"geometry":{"type":"Polygon","coordinates":[[[-97.40153,17.17708],[-97.38473,17.17648],[-97.39374,17.16027],[-97.36859,17.16213],[-97.36508,17.14387],[-97.36809,17.12861],[-97.3667,17.11331],[-97.37254,17.10901],[-97.37569,17.09738],[-97.38073,17.09579],[-97.39182,17.11389],[-97.41282,17.12092],[-97.44202,17.1256],[-97.41481,17.15885],[-97.40304,17.15778],[-97.40639,17.17148],[-97.40153,17.17708]]]}},{"type":"Feature","properties":{"code":"20431","stateCode":"20","municipalityCode":"431","name":"Santa María Tecomavaca"},"geometry":{"type":"Polygon","coordinates":[[[-97.14566,18.04943],[-97.13506,18.04646],[-97.13038,18.04945],[-97.12772,18.04425],[-97.11519,18.04488],[-97.08889,18.0094],[-97.06831,17.99208],[-97.0624,17.9994],[-97.04141,17.9883],[-97.04678,17.98441],[-97.04564,17.97691],[-96.98323,18.02696],[-96.96994,18.00206],[-96.9585,17.96869],[-96.94141,17.94607],[-96.93452,17.94272],[-96.93614,17.93624],[-96.94179,17.93819],[-96.94705,17.93373],[-96.96293,17.93475],[-96.97176,17.91729],[-96.97748,17.92117],[-96.98541,17.91674],[-96.99913,17.92274],[-97.00024,17.92759],[-97.00381,17.92904],[-97.00202,17.92586],[-97.01981,17.90234],[-97.03092,17.89541],[-97.01165,17.86967],[-97.04805,17.86399],[-97.05939,17.88078],[-97.0758,17.8964],[-97.0768,17.90112],[-97.10212,17.88835],[-97.11223,17.89074],[-97.12539,17.90422],[-97.13488,17.90558],[-97.16155,17.89949],[-97.17635,17.90148],[-97.20797,17.86825],[-97.20449,17.85917],[-97.21768,17.86609],[-97.24537,17.91535],[-97.19576,17.97043],[-97.19523,18.01965],[-97.19227,18.03526],[-97.17966,18.03312],[-97.16503,18.03897],[-97.16632,18.04302],[-97.15304,18.04115],[-97.14566,18.04943]]]}},{"type":"Feature","properties":{"code":"20270","stateCode":"20","municipalityCode":"270","name":"San Miguel Huautla"},"geometry":{"type":"Polygon","coordinates":[[[-97.15283,17.80389],[-97.1404,17.79824],[-97.13623,17.79985],[-97.13623,17.78949],[-97.1198,17.7847],[-97.1147,17.77903],[-97.1119,17.7606],[-97.11372,17.7509],[-97.10694,17.71744],[-97.13792,17.70582],[-97.16114,17.70356],[-97.16656,17.73451],[-97.17456,17.74487],[-97.17768,17.75838],[-97.19268,17.77643],[-97.19525,17.7843],[-97.18631,17.78614],[-97.1588,17.80321],[-97.15283,17.80389]]]}},{"type":"Feature","properties":{"code":"20433","stateCode":"20","municipalityCode":"433","name":"Santa María Temaxcaltepec"},"geometry":{"type":"Polygon","coordinates":[[[-97.17968,16.20532],[-97.17237,16.1673],[-97.16175,16.16226],[-97.16122,16.16744],[-97.14967,16.17309],[-97.14492,16.16984],[-97.14937,16.14075],[-97.14597,16.13762],[-97.14593,16.13067],[-97.15586,16.12887],[-97.16245,16.13321],[-97.16684,16.12924],[-97.17482,16.13112],[-97.186,16.14875],[-97.20175,16.15973],[-97.22073,16.16774],[-97.2241,16.17263],[-97.22511,16.17712],[-97.21981,16.1827],[-97.17968,16.20532]]]}},{"type":"Feature","properties":{"code":"20442","stateCode":"20","municipalityCode":"442","name":"Santa María Yalina"},"geometry":{"type":"Polygon","coordinates":[[[-96.33749,17.30076],[-96.28165,17.29696],[-96.27088,17.29256],[-96.26101,17.28085],[-96.25795,17.26471],[-96.25086,17.26117],[-96.26179,17.24719],[-96.25336,17.23665],[-96.25757,17.23629],[-96.26607,17.227],[-96.28023,17.23062],[-96.28679,17.2427],[-96.30578,17.25183],[-96.30655,17.25479],[-96.3138,17.25569],[-96.31933,17.26742],[-96.32424,17.27094],[-96.34092,17.27521],[-96.34921,17.27156],[-96.35365,17.29196],[-96.33749,17.30076]]]}},{"type":"Feature","properties":{"code":"20438","stateCode":"20","municipalityCode":"438","name":"Santa María Tlalixtac"},"geometry":{"type":"Polygon","coordinates":[[[-96.74309,17.96596],[-96.73795,17.9652],[-96.7144,17.94684],[-96.7099,17.92652],[-96.7129,17.92218],[-96.72136,17.92293],[-96.72448,17.91667],[-96.73171,17.91592],[-96.74044,17.90679],[-96.73722,17.89801],[-96.73904,17.89608],[-96.73067,17.89227],[-96.76236,17.86725],[-96.76083,17.89085],[-96.75077,17.90727],[-96.75237,17.91685],[-96.74279,17.92556],[-96.74112,17.94088],[-96.74802,17.95108],[-96.74309,17.96596]]]}},{"type":"Feature","properties":{"code":"20434","stateCode":"20","municipalityCode":"434","name":"Santa María Teopoxco"},"geometry":{"type":"Polygon","coordinates":[[[-96.93874,18.21981],[-96.93684,18.21603],[-96.94993,18.20398],[-96.95347,18.19577],[-96.95154,18.19084],[-96.95433,18.1815],[-96.95331,18.17813],[-96.93936,18.17153],[-96.95196,18.14603],[-96.96914,18.13231],[-96.99539,18.1535],[-96.99802,18.17742],[-97.00436,18.18486],[-97.00409,18.19861],[-96.99365,18.20231],[-96.98433,18.1996],[-96.96348,18.20209],[-96.95567,18.20683],[-96.94745,18.2176],[-96.93874,18.21981]]]}},{"type":"Feature","properties":{"code":"20444","stateCode":"20","municipalityCode":"444","name":"Santa María Yolotepec"},"geometry":{"type":"Polygon","coordinates":[[[-97.45238,16.89945],[-97.4208,16.88477],[-97.41062,16.87616],[-97.41246,16.87244],[-97.40802,16.86786],[-97.45473,16.87805],[-97.50964,16.87191],[-97.51473,16.87604],[-97.50885,16.87966],[-97.50571,16.88655],[-97.47228,16.88616],[-97.45238,16.89945]]]}},{"type":"Feature","properties":{"code":"20443","stateCode":"20","municipalityCode":"443","name":"Santa María Yavesía"},"geometry":{"type":"Polygon","coordinates":[[[-96.43971,17.25594],[-96.43855,17.25924],[-96.42953,17.25834],[-96.42784,17.25162],[-96.41079,17.23895],[-96.36179,17.2309],[-96.37222,17.21201],[-96.36706,17.18795],[-96.37012,17.16131],[-96.39356,17.14451],[-96.41079,17.14554],[-96.41511,17.15053],[-96.42517,17.14709],[-96.42924,17.14926],[-96.43199,17.16103],[-96.43865,17.16829],[-96.43393,17.17023],[-96.43347,17.17973],[-96.43709,17.18256],[-96.44314,17.18102],[-96.44871,17.18692],[-96.45319,17.19833],[-96.4494,17.20181],[-96.4508,17.20657],[-96.44792,17.2124],[-96.45775,17.2197],[-96.45201,17.22394],[-96.45278,17.23333],[-96.4579,17.23707],[-96.46085,17.24647],[-96.45198,17.25376],[-96.4544,17.25696],[-96.45185,17.26124],[-96.44621,17.26154],[-96.43971,17.25594]]]}},{"type":"Feature","properties":{"code":"20445","stateCode":"20","municipalityCode":"445","name":"Santa María Yosoyúa"},"geometry":{"type":"Polygon","coordinates":[[[-97.51292,17.14464],[-97.49059,17.14036],[-97.48336,17.1201],[-97.4748,17.10655],[-97.47133,17.09422],[-97.47401,17.08494],[-97.47746,17.0771],[-97.49019,17.07122],[-97.50478,17.06911],[-97.51484,17.09241],[-97.51989,17.09287],[-97.52257,17.09817],[-97.52582,17.12825],[-97.52972,17.13295],[-97.51292,17.14464]]]}},{"type":"Feature","properties":{"code":"20448","stateCode":"20","municipalityCode":"448","name":"Santa María Zaniza"},"geometry":{"type":"Polygon","coordinates":[[[-97.29195,16.67034],[-97.29905,16.66049],[-97.29773,16.65749],[-97.27836,16.6496],[-97.27521,16.66012],[-97.24682,16.64221],[-97.25787,16.63843],[-97.26018,16.62987],[-97.26663,16.62672],[-97.27312,16.61593],[-97.29478,16.60563],[-97.33809,16.61769],[-97.34621,16.61331],[-97.35408,16.60223],[-97.35497,16.59528],[-97.36162,16.5857],[-97.35902,16.58133],[-97.36274,16.58072],[-97.36726,16.58957],[-97.37105,16.59061],[-97.38117,16.58651],[-97.38921,16.57834],[-97.40467,16.59708],[-97.4074,16.59645],[-97.42859,16.61843],[-97.45065,16.6646],[-97.43446,16.6783],[-97.4086,16.68579],[-97.38284,16.68777],[-97.32119,16.68954],[-97.29195,16.67034]]]}},{"type":"Feature","properties":{"code":"20449","stateCode":"20","municipalityCode":"449","name":"Santa María Zoquitlán"},"geometry":{"type":"Polygon","coordinates":[[[-96.39697,16.67038],[-96.329,16.62153],[-96.31292,16.61712],[-96.27599,16.59643],[-96.26195,16.60081],[-96.26168,16.59551],[-96.25504,16.58965],[-96.2441,16.58566],[-96.25584,16.55187],[-96.24955,16.54684],[-96.2432,16.53041],[-96.27992,16.53601],[-96.28417,16.52218],[-96.29099,16.43957],[-96.31221,16.45046],[-96.33676,16.45752],[-96.3766,16.43694],[-96.39683,16.4605],[-96.39682,16.45521],[-96.40039,16.45602],[-96.4044,16.46189],[-96.40918,16.46195],[-96.41071,16.46705],[-96.4158,16.46165],[-96.41799,16.47124],[-96.42302,16.46585],[-96.42593,16.48005],[-96.41819,16.47985],[-96.41736,16.4827],[-96.4291,16.48721],[-96.47246,16.59493],[-96.47698,16.59249],[-96.47215,16.6104],[-96.48113,16.61881],[-96.49576,16.64265],[-96.49143,16.64809],[-96.47217,16.6569],[-96.42282,16.66863],[-96.41523,16.67747],[-96.39697,16.67038]]]}},{"type":"Feature","properties":{"code":"20452","stateCode":"20","municipalityCode":"452","name":"Santiago Apóstol"},"geometry":{"type":"Polygon","coordinates":[[[-96.71305,16.81223],[-96.70049,16.81008],[-96.70079,16.77302],[-96.70438,16.77297],[-96.71252,16.78486],[-96.72514,16.79282],[-96.73586,16.79204],[-96.74922,16.77632],[-96.75894,16.77449],[-96.75158,16.81316],[-96.73793,16.80982],[-96.71305,16.81223]]]}},{"type":"Feature","properties":{"code":"20453","stateCode":"20","municipalityCode":"453","name":"Santiago Astata"},"geometry":{"type":"MultiPolygon","coordinates":[[[[-95.57637,15.94186],[-95.57428,15.94035],[-95.57689,15.9414],[-95.57637,15.94186]]],[[[-95.51373,15.96385],[-95.56853,15.95779],[-95.5794,15.95184],[-95.58442,15.94448],[-95.60557,15.94246],[-95.61333,15.93573],[-95.61351,15.93076],[-95.64532,15.92338],[-95.64886,15.91916],[-95.65976,15.91685],[-95.66134,15.9128],[-95.7121,15.90779],[-95.70718,15.96062],[-95.69922,15.98871],[-95.66499,15.99388],[-95.61722,16.01983],[-95.59389,16.02444],[-95.53629,16.06306],[-95.51909,16.00326],[-95.52014,15.98761],[-95.51373,15.96385]]]]}},{"type":"Feature","properties":{"code":"20454","stateCode":"20","municipalityCode":"454","name":"Santiago Atitlán"},"geometry":{"type":"Polygon","coordinates":[[[-95.92681,17.13944],[-95.90945,17.12443],[-95.91076,17.12014],[-95.89641,17.10839],[-95.89276,17.10845],[-95.88965,17.1164],[-95.866,17.11303],[-95.88118,17.10627],[-95.86618,17.06318],[-95.87054,17.03982],[-95.88493,17.04424],[-95.90199,17.06319],[-95.91086,17.06539],[-95.94155,17.08815],[-95.94906,17.08345],[-95.96964,17.08073],[-95.9777,17.08711],[-95.97983,17.09371],[-95.99407,17.10373],[-95.97783,17.1098],[-95.96781,17.10439],[-95.96404,17.11381],[-95.97014,17.1243],[-95.97876,17.12912],[-95.96297,17.13399],[-95.96272,17.13717],[-95.92681,17.13944]]]}},{"type":"Feature","properties":{"code":"20455","stateCode":"20","municipalityCode":"455","name":"Santiago Ayuquililla"},"geometry":{"type":"Polygon","coordinates":[[[-98.03016,17.99186],[-98.02578,17.98584],[-98.01971,17.98567],[-98.01515,17.98055],[-97.99453,17.97473],[-98.00488,17.96656],[-98.00517,17.94932],[-97.98339,17.94188],[-97.98214,17.92747],[-97.96696,17.9364],[-97.96469,17.94499],[-97.95818,17.95046],[-97.93597,17.92484],[-97.9363,17.91718],[-97.92076,17.91734],[-97.9031,17.90916],[-97.90692,17.89936],[-97.90851,17.84895],[-97.97413,17.87926],[-97.98274,17.88589],[-97.98912,17.90648],[-97.9833,17.92442],[-98.01017,17.93332],[-98.05165,17.92745],[-98.05162,17.98219],[-98.04757,17.98107],[-98.04671,17.97621],[-98.0377,17.98271],[-98.03787,17.98753],[-98.03016,17.99186]]]}},{"type":"Feature","properties":{"code":"20458","stateCode":"20","municipalityCode":"458","name":"Santiago Comaltepec"},"geometry":{"type":"Polygon","coordinates":[[[-96.28228,17.72671],[-96.2674,17.71133],[-96.27313,17.70878],[-96.27706,17.69848],[-96.28471,17.69453],[-96.28621,17.68751],[-96.29155,17.68605],[-96.29089,17.68245],[-96.29412,17.68017],[-96.29168,17.67724],[-96.29399,17.67419],[-96.28664,17.67412],[-96.28803,17.66508],[-96.292,17.66113],[-96.28535,17.65364],[-96.29151,17.6535],[-96.28994,17.6486],[-96.29243,17.64401],[-96.30412,17.64701],[-96.30567,17.63934],[-96.31094,17.63885],[-96.30293,17.62996],[-96.29585,17.63176],[-96.29463,17.62826],[-96.29959,17.62391],[-96.29945,17.61844],[-96.29369,17.60713],[-96.3115,17.60155],[-96.32463,17.58851],[-96.33966,17.58215],[-96.35209,17.59173],[-96.35563,17.58952],[-96.35687,17.58233],[-96.36923,17.5814],[-96.37119,17.57213],[-96.37484,17.56994],[-96.39139,17.57219],[-96.41657,17.55224],[-96.42399,17.5564],[-96.44488,17.55003],[-96.45288,17.554],[-96.48736,17.55977],[-96.52107,17.55474],[-96.53615,17.54724],[-96.54361,17.55387],[-96.55304,17.54846],[-96.5599,17.55218],[-96.5727,17.5509],[-96.58295,17.55755],[-96.58109,17.55885],[-96.58681,17.56419],[-96.58108,17.5905],[-96.56966,17.59799],[-96.56377,17.59049],[-96.56031,17.57882],[-96.53935,17.56932],[-96.51651,17.5893],[-96.50292,17.58699],[-96.49603,17.59138],[-96.48321,17.59201],[-96.47316,17.59896],[-96.46257,17.59955],[-96.45102,17.58815],[-96.44129,17.58607],[-96.4296,17.59365],[-96.42268,17.59274],[-96.42027,17.59655],[-96.41823,17.59411],[-96.39669,17.61965],[-96.38216,17.62668],[-96.40764,17.64296],[-96.38319,17.67402],[-96.38084,17.67353],[-96.37908,17.6634],[-96.37686,17.66366],[-96.31627,17.69758],[-96.30425,17.71936],[-96.28228,17.72671]]]}},{"type":"Feature","properties":{"code":"20461","stateCode":"20","municipalityCode":"461","name":"Santiago del Río"},"geometry":{"type":"Polygon","coordinates":[[[-98.07741,17.48922],[-98.0709,17.48431],[-98.07309,17.48246],[-98.06459,17.47001],[-98.07084,17.44891],[-98.09285,17.41596],[-98.09109,17.41404],[-98.09831,17.3946],[-98.11738,17.38804],[-98.13628,17.38587],[-98.14121,17.37577],[-98.13963,17.39764],[-98.1325,17.39997],[-98.13345,17.40598],[-98.12982,17.41092],[-98.13286,17.41572],[-98.12471,17.42964],[-98.11599,17.43462],[-98.10813,17.44933],[-98.11173,17.45427],[-98.09657,17.46627],[-98.08951,17.46447],[-98.0856,17.46767],[-98.07741,17.48922]]]}},{"type":"Feature","properties":{"code":"20462","stateCode":"20","municipalityCode":"462","name":"Santiago Huajolotitlán"},"geometry":{"type":"Polygon","coordinates":[[[-97.71527,17.88626],[-97.70377,17.88254],[-97.70576,17.87846],[-97.69502,17.86514],[-97.69093,17.85034],[-97.69474,17.8414],[-97.68298,17.83178],[-97.61878,17.82359],[-97.63397,17.79901],[-97.65017,17.78548],[-97.63526,17.74557],[-97.68974,17.74233],[-97.71873,17.76223],[-97.72747,17.77377],[-97.73207,17.78374],[-97.72571,17.7874],[-97.73389,17.79005],[-97.72733,17.79812],[-97.73033,17.80306],[-97.73923,17.80556],[-97.74531,17.80337],[-97.73413,17.81189],[-97.73553,17.81693],[-97.74986,17.81918],[-97.7429,17.82193],[-97.73966,17.83081],[-97.74177,17.83633],[-97.73622,17.84075],[-97.73408,17.85404],[-97.72758,17.8581],[-97.73021,17.86074],[-97.71339,17.87522],[-97.71711,17.87593],[-97.71527,17.88626]]]}},{"type":"Feature","properties":{"code":"20464","stateCode":"20","municipalityCode":"464","name":"Santiago Ihuitlán Plumas"},"geometry":{"type":"Polygon","coordinates":[[[-97.52212,17.93931],[-97.45022,17.90853],[-97.43588,17.89194],[-97.40642,17.86873],[-97.40255,17.85983],[-97.39299,17.8631],[-97.38859,17.82592],[-97.40637,17.82143],[-97.42776,17.82866],[-97.43113,17.83538],[-97.42838,17.84303],[-97.43384,17.87721],[-97.47032,17.88974],[-97.49253,17.91135],[-97.53955,17.92026],[-97.52212,17.93931]]]}},{"type":"Feature","properties":{"code":"20465","stateCode":"20","municipalityCode":"465","name":"Santiago Ixcuintepec"},"geometry":{"type":"Polygon","coordinates":[[[-95.58221,16.98981],[-95.56324,16.98172],[-95.56663,16.96539],[-95.56191,16.968],[-95.55755,16.96684],[-95.55737,16.96363],[-95.55063,16.96577],[-95.53993,16.94817],[-95.53098,16.94933],[-95.531,16.9442],[-95.52778,16.94526],[-95.52342,16.9391],[-95.51703,16.93878],[-95.51675,16.9359],[-95.51271,16.93702],[-95.50273,16.92989],[-95.50589,16.92478],[-95.50061,16.9248],[-95.49412,16.91791],[-95.49545,16.91014],[-95.50413,16.90653],[-95.50941,16.89835],[-95.54907,16.90202],[-95.58036,16.88236],[-95.57814,16.86536],[-95.59109,16.87135],[-95.58953,16.88041],[-95.60967,16.8775],[-95.61361,16.8887],[-95.6585,16.90767],[-95.65856,16.91437],[-95.65001,16.93604],[-95.64943,16.94549],[-95.64072,16.94459],[-95.60679,16.97072],[-95.60532,16.9785],[-95.58221,16.98981]]]}},{"type":"Feature","properties":{"code":"20471","stateCode":"20","municipalityCode":"471","name":"Santiago Lalopa"},"geometry":{"type":"Polygon","coordinates":[[[-96.23783,17.44475],[-96.2349,17.4461],[-96.22584,17.43024],[-96.2186,17.42371],[-96.23625,17.40421],[-96.24423,17.38703],[-96.25451,17.38357],[-96.26948,17.38489],[-96.27166,17.39619],[-96.28595,17.4093],[-96.27049,17.41457],[-96.26899,17.4224],[-96.2607,17.42744],[-96.25176,17.44233],[-96.24251,17.4482],[-96.23783,17.44475]]]}},{"type":"Feature","properties":{"code":"20472","stateCode":"20","municipalityCode":"472","name":"Santiago Laollaga"},"geometry":{"type":"Polygon","coordinates":[[[-95.24231,16.73149],[-95.24025,16.71851],[-95.23537,16.72544],[-95.22724,16.71895],[-95.19974,16.71174],[-95.19838,16.62352],[-95.18539,16.61184],[-95.17735,16.61108],[-95.1849,16.589],[-95.1869,16.55249],[-95.19146,16.5528],[-95.20231,16.53546],[-95.26592,16.54437],[-95.33149,16.57489],[-95.34333,16.59546],[-95.34034,16.59747],[-95.34279,16.60246],[-95.38013,16.60161],[-95.37555,16.63266],[-95.35311,16.64368],[-95.33521,16.62912],[-95.32191,16.63864],[-95.30935,16.6414],[-95.31591,16.65082],[-95.32233,16.64933],[-95.31778,16.65828],[-95.30544,16.65677],[-95.30532,16.66962],[-95.30908,16.6745],[-95.30141,16.67312],[-95.29953,16.67537],[-95.30427,16.6801],[-95.30238,16.69584],[-95.29195,16.70148],[-95.28687,16.70184],[-95.28254,16.69485],[-95.27374,16.70013],[-95.26078,16.70121],[-95.24864,16.7303],[-95.24231,16.73149]]]}},{"type":"Feature","properties":{"code":"20473","stateCode":"20","municipalityCode":"473","name":"Santiago Laxopa"},"geometry":{"type":"Polygon","coordinates":[[[-96.34679,17.2741],[-96.32424,17.27094],[-96.31933,17.26742],[-96.3138,17.25569],[-96.30655,17.25479],[-96.30578,17.25183],[-96.28679,17.2427],[-96.28023,17.23062],[-96.26607,17.227],[-96.26832,17.22336],[-96.25676,17.20949],[-96.2546,17.2007],[-96.27182,17.19264],[-96.29318,17.1931],[-96.30661,17.19774],[-96.30943,17.20412],[-96.31403,17.20396],[-96.34009,17.17982],[-96.34106,17.16759],[-96.3155,17.17863],[-96.30135,17.16821],[-96.27424,17.16517],[-96.27267,17.15789],[-96.29133,17.14947],[-96.29401,17.14272],[-96.30413,17.1388],[-96.32349,17.14241],[-96.33778,17.13504],[-96.34593,17.12875],[-96.34696,17.12437],[-96.35601,17.12126],[-96.36045,17.13348],[-96.37961,17.15499],[-96.37012,17.16131],[-96.36726,17.17255],[-96.36706,17.18795],[-96.37222,17.21201],[-96.36179,17.2309],[-96.3571,17.26507],[-96.34679,17.2741]]]}},{"type":"Feature","properties":{"code":"20474","stateCode":"20","municipalityCode":"474","name":"Santiago Llano Grande"},"geometry":{"type":"Polygon","coordinates":[[[-98.2917,16.57007],[-98.29283,16.55778],[-98.28221,16.5464],[-98.27771,16.51285],[-98.20231,16.51032],[-98.20392,16.50294],[-98.20151,16.50419],[-98.20121,16.49709],[-98.20517,16.49666],[-98.20459,16.4938],[-98.20996,16.49021],[-98.21155,16.48003],[-98.19721,16.47727],[-98.20794,16.47587],[-98.21024,16.46943],[-98.21256,16.45909],[-98.20671,16.4528],[-98.2069,16.4393],[-98.21662,16.43656],[-98.22033,16.40573],[-98.25692,16.41113],[-98.25466,16.45978],[-98.25655,16.45447],[-98.27864,16.45525],[-98.28343,16.4588],[-98.28234,16.46219],[-98.27927,16.46175],[-98.28392,16.468],[-98.28967,16.46699],[-98.29806,16.47464],[-98.3102,16.47067],[-98.31344,16.47514],[-98.30846,16.4832],[-98.31222,16.48531],[-98.31334,16.49107],[-98.31218,16.509],[-98.31856,16.53899],[-98.31664,16.56987],[-98.2917,16.57007]]]}},{"type":"Feature","properties":{"code":"20475","stateCode":"20","municipalityCode":"475","name":"Santiago Matatlán"},"geometry":{"type":"Polygon","coordinates":[[[-96.41522,16.91854],[-96.3938,16.90088],[-96.35374,16.88629],[-96.33324,16.87478],[-96.32497,16.85832],[-96.32466,16.85077],[-96.33603,16.83811],[-96.34908,16.80356],[-96.3668,16.81923],[-96.40187,16.81081],[-96.41163,16.81409],[-96.41526,16.76525],[-96.42408,16.74676],[-96.41566,16.73932],[-96.40388,16.69714],[-96.40492,16.69341],[-96.41803,16.68976],[-96.41512,16.69439],[-96.41762,16.69942],[-96.41382,16.70515],[-96.41216,16.72248],[-96.4153,16.72326],[-96.41889,16.73616],[-96.43261,16.73969],[-96.46657,16.7599],[-96.45482,16.76616],[-96.48969,16.79247],[-96.50197,16.8215],[-96.51866,16.83205],[-96.53385,16.8517],[-96.52589,16.86073],[-96.51939,16.8629],[-96.51851,16.86779],[-96.49861,16.86212],[-96.49363,16.85769],[-96.48513,16.86255],[-96.43904,16.83333],[-96.42634,16.84123],[-96.42191,16.88473],[-96.42333,16.90514],[-96.42688,16.91141],[-96.41522,16.91854]]]}},{"type":"Feature","properties":{"code":"20476","stateCode":"20","municipalityCode":"476","name":"Santiago Miltepec"},"geometry":{"type":"Polygon","coordinates":[[[-97.6865,18.02871],[-97.69383,18.01731],[-97.68596,18.01582],[-97.6845,17.9976],[-97.68929,17.98792],[-97.68324,17.97625],[-97.6754,17.97428],[-97.67397,17.96606],[-97.68222,17.95918],[-97.68111,17.94952],[-97.70719,17.94669],[-97.73857,17.96028],[-97.74455,17.95624],[-97.75203,17.97287],[-97.76847,17.9769],[-97.76492,17.99083],[-97.76962,17.9976],[-97.76484,18.00677],[-97.75353,18.00471],[-97.72854,18.01223],[-97.71875,18.00382],[-97.69974,18.00164],[-97.69899,18.02227],[-97.6865,18.02871]]]}},{"type":"Feature","properties":{"code":"20389","stateCode":"20","municipalityCode":"389","name":"Santa Inés Yatzeche"},"geometry":{"type":"Polygon","coordinates":[[[-96.75881,16.81483],[-96.75126,16.81147],[-96.75435,16.79747],[-96.76562,16.79854],[-96.76589,16.81241],[-96.75881,16.81483]]]}},{"type":"Feature","properties":{"code":"20478","stateCode":"20","municipalityCode":"478","name":"Santiago Nacaltepec"},"geometry":{"type":"Polygon","coordinates":[[[-96.94753,17.61623],[-96.94096,17.60407],[-96.94599,17.6013],[-96.87786,17.58886],[-96.86596,17.53666],[-96.8666,17.52823],[-96.85367,17.51795],[-96.83873,17.51498],[-96.83771,17.50896],[-96.82988,17.50401],[-96.79955,17.49892],[-96.79593,17.4895],[-96.82391,17.49096],[-96.82954,17.48122],[-96.83748,17.48216],[-96.8431,17.47691],[-96.85312,17.47697],[-96.87248,17.44706],[-96.93021,17.41307],[-96.93317,17.4313],[-96.92811,17.44894],[-96.94526,17.48461],[-96.95847,17.54565],[-96.98083,17.54573],[-96.97765,17.55095],[-97.00841,17.56697],[-97.00244,17.57318],[-97.00512,17.5789],[-97.00153,17.57911],[-97.00069,17.58852],[-96.97877,17.60349],[-96.94753,17.61623]]]}},{"type":"Feature","properties":{"code":"20012","stateCode":"20","municipalityCode":"012","name":"Candelaria Loxicha"},"geometry":{"type":"Polygon","coordinates":[[[-96.51141,16.00359],[-96.51162,15.99803],[-96.50717,16.00209],[-96.50627,15.99733],[-96.50464,15.99922],[-96.50036,15.99756],[-96.50059,15.99439],[-96.49653,15.9957],[-96.4941,15.98767],[-96.48759,15.99026],[-96.48004,15.98303],[-96.47947,15.98708],[-96.47327,15.98671],[-96.47138,15.97709],[-96.46788,15.97553],[-96.47065,15.97254],[-96.46851,15.96669],[-96.45623,15.96373],[-96.46719,15.96086],[-96.46776,15.95297],[-96.47301,15.94765],[-96.47387,15.93667],[-96.48053,15.92977],[-96.48697,15.93099],[-96.48656,15.92603],[-96.49187,15.92308],[-96.49042,15.91558],[-96.49402,15.90496],[-96.48734,15.89725],[-96.49018,15.88105],[-96.48326,15.85972],[-96.49042,15.84804],[-96.48812,15.84631],[-96.48939,15.83994],[-96.50434,15.81985],[-96.56627,15.79641],[-96.57568,15.81687],[-96.57356,15.8213],[-96.58841,15.83756],[-96.58728,15.84364],[-96.58394,15.84437],[-96.58311,15.85492],[-96.58776,15.85748],[-96.58019,15.87669],[-96.58017,15.88507],[-96.5838,15.90182],[-96.5892,15.90499],[-96.58152,15.90835],[-96.5732,15.92058],[-96.5605,15.91519],[-96.55452,15.9179],[-96.55585,15.92348],[-96.55044,15.92272],[-96.54562,15.93074],[-96.53885,15.935],[-96.54152,15.93767],[-96.53745,15.94506],[-96.53868,15.95908],[-96.54252,15.96223],[-96.53898,15.97081],[-96.54879,15.97761],[-96.54658,15.99996],[-96.54368,15.99638],[-96.53429,15.99484],[-96.52453,16.00238],[-96.51141,16.00359]]]}},{"type":"Feature","properties":{"code":"20028","stateCode":"20","municipalityCode":"028","name":"Heroica Ciudad de Ejutla de Crespo"},"geometry":{"type":"Polygon","coordinates":[[[-96.76774,16.74158],[-96.75246,16.72977],[-96.73242,16.72808],[-96.73317,16.73085],[-96.72909,16.73024],[-96.72721,16.72111],[-96.73207,16.72117],[-96.73329,16.69695],[-96.72038,16.69699],[-96.71876,16.69336],[-96.72841,16.67697],[-96.72941,16.66851],[-96.73841,16.67235],[-96.73775,16.6544],[-96.7432,16.64576],[-96.73115,16.64114],[-96.72768,16.64958],[-96.72396,16.64341],[-96.71652,16.64118],[-96.70897,16.64616],[-96.7201,16.62585],[-96.71807,16.62447],[-96.71196,16.63676],[-96.69309,16.63894],[-96.69143,16.6328],[-96.67008,16.62273],[-96.67009,16.61993],[-96.6556,16.6112],[-96.64296,16.6171],[-96.64737,16.62293],[-96.64186,16.63002],[-96.60209,16.64782],[-96.6098,16.6386],[-96.61198,16.62171],[-96.59367,16.61853],[-96.6016,16.60204],[-96.59295,16.52845],[-96.61366,16.52666],[-96.61076,16.52848],[-96.61122,16.53551],[-96.61407,16.54135],[-96.62214,16.54602],[-96.62168,16.55656],[-96.63126,16.5513],[-96.63904,16.554],[-96.64723,16.5468],[-96.64335,16.56353],[-96.6603,16.57834],[-96.66035,16.58375],[-96.66535,16.59066],[-96.66813,16.59244],[-96.68283,16.58886],[-96.67307,16.58746],[-96.68005,16.57378],[-96.67782,16.57286],[-96.67851,16.56053],[-96.69737,16.543],[-96.6871,16.54019],[-96.68313,16.53525],[-96.69629,16.51817],[-96.69771,16.50932],[-96.71089,16.50426],[-96.70322,16.49506],[-96.7371,16.47848],[-96.77921,16.48029],[-96.79196,16.47459],[-96.80629,16.45812],[-96.81011,16.46012],[-96.82511,16.45731],[-96.83255,16.45275],[-96.84318,16.46071],[-96.85337,16.45793],[-96.85442,16.47177],[-96.86492,16.47967],[-96.85912,16.49146],[-96.85176,16.49281],[-96.85265,16.48878],[-96.84752,16.48896],[-96.82576,16.47715],[-96.80958,16.47591],[-96.80418,16.47603],[-96.79433,16.48289],[-96.79486,16.48853],[-96.80097,16.49248],[-96.76591,16.49358],[-96.75276,16.49075],[-96.75264,16.5027],[-96.75796,16.50568],[-96.76464,16.52283],[-96.7744,16.52883],[-96.77093,16.53586],[-96.78648,16.5504],[-96.77564,16.56058],[-96.76964,16.55921],[-96.76522,16.56281],[-96.75683,16.56147],[-96.74442,16.56509],[-96.74243,16.57027],[-96.74505,16.5721],[-96.72894,16.58103],[-96.72802,16.59284],[-96.72135,16.59486],[-96.71918,16.60135],[-96.71869,16.60884],[-96.72332,16.61176],[-96.7479,16.61808],[-96.74789,16.60875],[-96.75109,16.60565],[-96.7495,16.60015],[-96.744,16.60549],[-96.74156,16.59874],[-96.7434,16.58899],[-96.7491,16.58191],[-96.7849,16.58585],[-96.76887,16.60688],[-96.7575,16.61643],[-96.76636,16.6265],[-96.76987,16.62244],[-96.78061,16.63461],[-96.79598,16.63842],[-96.79889,16.64326],[-96.79292,16.65483],[-96.79941,16.66059],[-96.81383,16.66118],[-96.82031,16.63924],[-96.82517,16.63084],[-96.83507,16.62774],[-96.83749,16.61801],[-96.84845,16.621],[-96.84945,16.62662],[-96.84594,16.62976],[-96.8535,16.63188],[-96.85228,16.64522],[-96.84637,16.64785],[-96.84423,16.67355],[-96.83556,16.68516],[-96.84537,16.694],[-96.84222,16.6983],[-96.84416,16.70969],[-96.83103,16.70311],[-96.82546,16.71334],[-96.78257,16.69195],[-96.77211,16.70379],[-96.74497,16.705],[-96.74479,16.7213],[-96.76254,16.71591],[-96.77823,16.73354],[-96.76774,16.74158]]]}},{"type":"Feature","properties":{"code":"20039","stateCode":"20","municipalityCode":"039","name":"Heroica Ciudad de Huajuapan de León"},"geometry":{"type":"MultiPolygon","coordinates":[[[[-97.77431,17.97607],[-97.75203,17.97287],[-97.74455,17.95624],[-97.74499,17.94802],[-97.71291,17.91042],[-97.7188,17.90482],[-97.72123,17.8947],[-97.71527,17.88626],[-97.71711,17.87593],[-97.71339,17.87522],[-97.73021,17.86074],[-97.72758,17.8581],[-97.73408,17.85404],[-97.73622,17.84075],[-97.74177,17.83633],[-97.73966,17.83081],[-97.7429,17.82193],[-97.74986,17.81918],[-97.73553,17.81693],[-97.73413,17.81189],[-97.74567,17.80417],[-97.73923,17.80556],[-97.73033,17.80306],[-97.72801,17.79953],[-97.72975,17.79278],[-97.73389,17.79005],[-97.72571,17.7874],[-97.73207,17.78374],[-97.72292,17.7685],[-97.73493,17.76536],[-97.7464,17.75355],[-97.7536,17.75285],[-97.75069,17.73921],[-97.77212,17.71815],[-97.77783,17.73643],[-97.78063,17.73112],[-97.79425,17.73677],[-97.79066,17.73901],[-97.79393,17.75347],[-97.79991,17.74901],[-97.81689,17.75614],[-97.81472,17.75176],[-97.81766,17.75006],[-97.82199,17.75447],[-97.83575,17.75694],[-97.84041,17.75449],[-97.82315,17.75025],[-97.81989,17.7419],[-97.82329,17.74218],[-97.82526,17.73993],[-97.82222,17.73851],[-97.83017,17.737],[-97.83059,17.73453],[-97.83401,17.73598],[-97.83449,17.73057],[-97.84547,17.73576],[-97.85466,17.72921],[-97.85941,17.7348],[-97.86986,17.73891],[-97.87103,17.73678],[-97.89273,17.74903],[-97.9022,17.75836],[-97.91172,17.75782],[-97.91028,17.76946],[-97.90256,17.77015],[-97.89702,17.78155],[-97.88077,17.76955],[-97.85627,17.77073],[-97.84807,17.78102],[-97.84728,17.77683],[-97.84383,17.77591],[-97.83703,17.78095],[-97.82873,17.76629],[-97.82594,17.77058],[-97.8263,17.78857],[-97.83383,17.82352],[-97.84482,17.83249],[-97.85363,17.84686],[-97.90775,17.83542],[-97.90692,17.89936],[-97.90311,17.90922],[-97.88467,17.91374],[-97.87911,17.91791],[-97.8742,17.89997],[-97.86213,17.88672],[-97.85819,17.86446],[-97.84365,17.84464],[-97.83078,17.85708],[-97.80471,17.84653],[-97.79161,17.84525],[-97.79042,17.85199],[-97.80418,17.86484],[-97.81072,17.88469],[-97.80811,17.89966],[-97.80396,17.90252],[-97.81921,17.91582],[-97.81121,17.93813],[-97.81276,17.94646],[-97.80346,17.95378],[-97.80337,17.96046],[-97.78956,17.9618],[-97.78002,17.96645],[-97.77266,17.97058],[-97.77431,17.97607]]],[[[-97.7993,18.04853],[-97.79675,18.01621],[-97.78997,18.01326],[-97.79092,18.00416],[-97.81657,17.99348],[-97.8214,17.98816],[-97.82627,17.97268],[-97.8426,17.99608],[-97.84273,18.01893],[-97.8369,18.03264],[-97.83238,18.02969],[-97.81252,18.02887],[-97.81293,18.0393],[-97.80312,18.04045],[-97.7993,18.04853]]]]}},{"type":"Feature","properties":{"code":"20064","stateCode":"20","municipalityCode":"064","name":"Nejapa de Madero"},"geometry":{"type":"MultiPolygon","coordinates":[[[[-95.95473,16.65794],[-95.95686,16.62703],[-95.95226,16.63055],[-95.94927,16.6169],[-95.92942,16.59783],[-95.92957,16.58807],[-95.94884,16.5475],[-95.99881,16.53134],[-95.98485,16.51692],[-95.98228,16.50729],[-95.98261,16.46558],[-95.99936,16.46643],[-96.0185,16.4629],[-96.02784,16.4714],[-96.01838,16.4833],[-96.0321,16.49326],[-96.03509,16.48881],[-96.0597,16.5052],[-96.06062,16.52339],[-96.04479,16.56654],[-96.04873,16.62833],[-96.06074,16.63721],[-96.04476,16.63123],[-96.0336,16.63229],[-96.01039,16.65242],[-95.98325,16.65094],[-95.95473,16.65794]]],[[[-95.58819,16.86873],[-95.57707,16.86547],[-95.56498,16.84439],[-95.57744,16.83234],[-95.59563,16.8222],[-95.58314,16.8139],[-95.57158,16.81582],[-95.56358,16.82189],[-95.55795,16.82159],[-95.55599,16.81801],[-95.56467,16.81121],[-95.56809,16.76857],[-95.60083,16.73914],[-95.61239,16.71199],[-95.6211,16.72212],[-95.63357,16.72142],[-95.62658,16.72718],[-95.62793,16.73098],[-95.68252,16.69999],[-95.67137,16.6964],[-95.67323,16.69171],[-95.66464,16.68949],[-95.65159,16.67176],[-95.65267,16.66288],[-95.6613,16.64864],[-95.68775,16.63815],[-95.67653,16.63761],[-95.67966,16.62191],[-95.6783,16.612],[-95.68912,16.61468],[-95.72922,16.609],[-95.74635,16.58729],[-95.75523,16.56257],[-95.77508,16.60818],[-95.77499,16.61247],[-95.77095,16.61282],[-95.76936,16.61762],[-95.78315,16.61995],[-95.78825,16.64311],[-95.77138,16.6536],[-95.75681,16.66746],[-95.75834,16.69628],[-95.73969,16.70212],[-95.73571,16.71715],[-95.74213,16.7228],[-95.74516,16.72071],[-95.745,16.71579],[-95.7503,16.7146],[-95.7538,16.72041],[-95.7479,16.72372],[-95.75228,16.72454],[-95.70853,16.76881],[-95.71122,16.77826],[-95.70911,16.78807],[-95.6716,16.80441],[-95.68798,16.81484],[-95.6799,16.82473],[-95.66742,16.81729],[-95.66193,16.81979],[-95.66206,16.8127],[-95.6562,16.81093],[-95.6177,16.82727],[-95.61059,16.82525],[-95.60869,16.82881],[-95.61452,16.83569],[-95.60728,16.83835],[-95.6074,16.84584],[-95.61268,16.84764],[-95.61454,16.85186],[-95.6156,16.84905],[-95.62947,16.84649],[-95.63403,16.85326],[-95.6411,16.85385],[-95.6194,16.87431],[-95.61421,16.87284],[-95.6085,16.86424],[-95.60285,16.86403],[-95.59164,16.87457],[-95.58819,16.86873]]]]}},{"type":"Feature","properties":{"code":"20066","stateCode":"20","municipalityCode":"066","name":"Santiago Niltepec"},"geometry":{"type":"Polygon","coordinates":[[[-94.46841,16.63817],[-94.46402,16.59482],[-94.41567,16.58522],[-94.43569,16.55282],[-94.46207,16.49589],[-94.46962,16.49462],[-94.47015,16.47492],[-94.47856,16.46123],[-94.487,16.45615],[-94.48023,16.4542],[-94.48159,16.44882],[-94.47496,16.44249],[-94.46945,16.42546],[-94.47073,16.41989],[-94.49753,16.43929],[-94.56514,16.44204],[-94.56588,16.44605],[-94.61078,16.4373],[-94.64166,16.43519],[-94.70816,16.44443],[-94.73193,16.41602],[-94.75451,16.40982],[-94.76414,16.40207],[-94.76947,16.43035],[-94.77406,16.43783],[-94.78888,16.4461],[-94.78141,16.44784],[-94.78187,16.45358],[-94.77518,16.45559],[-94.77113,16.45211],[-94.76722,16.45593],[-94.74862,16.45842],[-94.73833,16.47756],[-94.73281,16.47677],[-94.72489,16.48184],[-94.72751,16.48994],[-94.7036,16.56591],[-94.6834,16.55508],[-94.68131,16.5747],[-94.66209,16.57748],[-94.65889,16.59497],[-94.64613,16.5953],[-94.63833,16.59912],[-94.63851,16.60174],[-94.61984,16.60032],[-94.63567,16.62093],[-94.63879,16.62648],[-94.63707,16.62992],[-94.55614,16.61362],[-94.55526,16.61582],[-94.54064,16.61623],[-94.5376,16.60952],[-94.49011,16.59999],[-94.47981,16.63761],[-94.46841,16.63817]]]}},{"type":"Feature","properties":{"code":"20067","stateCode":"20","municipalityCode":"067","name":"Oaxaca de Juárez"},"geometry":{"type":"Polygon","coordinates":[[[-96.67272,17.164],[-96.6839,17.12442],[-96.68799,17.09073],[-96.69239,17.09356],[-96.69428,17.08164],[-96.70639,17.08182],[-96.70737,17.06659],[-96.71033,17.06617],[-96.70959,17.05747],[-96.70453,17.05066],[-96.70673,17.0424],[-96.7024,17.04054],[-96.70471,17.0337],[-96.70798,17.0311],[-96.71391,17.03347],[-96.71287,17.0293],[-96.71899,17.0316],[-96.71811,17.03527],[-96.71501,17.03502],[-96.72318,17.04637],[-96.74767,17.04849],[-96.74879,17.04483],[-96.76375,17.04508],[-96.76465,17.05422],[-96.76503,17.04965],[-96.7729,17.04801],[-96.77324,17.05859],[-96.76465,17.06009],[-96.76736,17.07478],[-96.75773,17.07957],[-96.75388,17.07529],[-96.74826,17.07872],[-96.74488,17.07323],[-96.75455,17.09131],[-96.75181,17.10158],[-96.75524,17.10941],[-96.7616,17.11404],[-96.77305,17.11237],[-96.7803,17.12264],[-96.76803,17.12523],[-96.77132,17.13111],[-96.74762,17.13821],[-96.74429,17.14497],[-96.73728,17.14376],[-96.68919,17.16189],[-96.67272,17.164]]]}},{"type":"Feature","properties":{"code":"20068","stateCode":"20","municipalityCode":"068","name":"Ocotlán de Morelos"},"geometry":{"type":"Polygon","coordinates":[[[-96.66915,16.87582],[-96.65887,16.87187],[-96.65807,16.86249],[-96.67848,16.86913],[-96.68268,16.85232],[-96.68235,16.83383],[-96.68808,16.83563],[-96.69063,16.82874],[-96.68039,16.82273],[-96.67237,16.82363],[-96.65911,16.81601],[-96.65572,16.82745],[-96.62745,16.82492],[-96.61768,16.82676],[-96.63315,16.80671],[-96.63836,16.76676],[-96.63011,16.76411],[-96.63624,16.7456],[-96.6207,16.74221],[-96.60919,16.73334],[-96.60664,16.72635],[-96.60064,16.72561],[-96.60641,16.71684],[-96.61142,16.72081],[-96.62256,16.70652],[-96.62911,16.70279],[-96.63385,16.70612],[-96.6337,16.71161],[-96.65748,16.72063],[-96.64538,16.7419],[-96.66225,16.7424],[-96.6633,16.74556],[-96.65255,16.74304],[-96.64822,16.74795],[-96.64343,16.74573],[-96.63838,16.7493],[-96.64565,16.75375],[-96.65102,16.75231],[-96.65645,16.75995],[-96.64727,16.76484],[-96.65291,16.76735],[-96.65727,16.76481],[-96.67092,16.76615],[-96.67252,16.75948],[-96.679,16.75409],[-96.68379,16.75604],[-96.69003,16.74675],[-96.69844,16.76399],[-96.70621,16.7601],[-96.72977,16.77266],[-96.73821,16.77104],[-96.74045,16.76262],[-96.72085,16.75086],[-96.7232,16.74822],[-96.74046,16.75719],[-96.74202,16.75265],[-96.75467,16.75842],[-96.74981,16.75012],[-96.75138,16.74127],[-96.74565,16.73888],[-96.74389,16.73329],[-96.75246,16.72977],[-96.76886,16.74262],[-96.77823,16.73354],[-96.76254,16.71591],[-96.74479,16.7213],[-96.74497,16.705],[-96.77211,16.70379],[-96.78257,16.69195],[-96.82476,16.71314],[-96.81602,16.72714],[-96.78271,16.75313],[-96.77583,16.76542],[-96.77066,16.76536],[-96.76005,16.77421],[-96.74922,16.77632],[-96.73586,16.79204],[-96.72451,16.79273],[-96.71252,16.78486],[-96.70438,16.77297],[-96.70079,16.77302],[-96.7,16.7967],[-96.69244,16.79655],[-96.68439,16.79197],[-96.68198,16.79713],[-96.67341,16.79988],[-96.67076,16.8107],[-96.67703,16.81261],[-96.68173,16.82015],[-96.69895,16.82836],[-96.69427,16.83757],[-96.69833,16.83874],[-96.6925,16.83982],[-96.68687,16.85353],[-96.68338,16.85491],[-96.68248,16.87266],[-96.66915,16.87582]]]}},{"type":"Feature","properties":{"code":"20073","stateCode":"20","municipalityCode":"073","name":"Putla Villa de Guerrero"},"geometry":{"type":"MultiPolygon","coordinates":[[[[-97.73044,16.81852],[-97.75249,16.78485],[-97.75177,16.77929],[-97.76836,16.76248],[-97.79436,16.75715],[-97.80458,16.76609],[-97.80876,16.7638],[-97.82207,16.77834],[-97.82163,16.78079],[-97.80825,16.78402],[-97.81105,16.81305],[-97.7765,16.81955],[-97.7812,16.81602],[-97.78093,16.81244],[-97.77107,16.79761],[-97.7629,16.80119],[-97.75946,16.80771],[-97.74782,16.81613],[-97.73592,16.82012],[-97.73044,16.81852]]],[[[-97.85334,17.20778],[-97.84706,17.20059],[-97.8496,17.1949],[-97.84193,17.19132],[-97.84069,17.1858],[-97.83056,17.18152],[-97.82963,17.18433],[-97.82146,17.18653],[-97.81962,17.17468],[-97.80731,17.15796],[-97.80847,17.14119],[-97.81355,17.13633],[-97.8085,17.12256],[-97.82623,17.11155],[-97.83899,17.11286],[-97.85322,17.08693],[-97.84828,17.07786],[-97.84392,17.07878],[-97.83498,17.07185],[-97.84095,17.05186],[-97.83734,17.0258],[-97.82419,17.00498],[-97.81703,16.96695],[-97.82662,16.9621],[-97.83037,16.94521],[-97.8262,16.94415],[-97.82343,16.9504],[-97.81044,16.96018],[-97.80737,16.96066],[-97.80844,16.95435],[-97.80653,16.95497],[-97.82874,16.92638],[-97.84547,16.92145],[-97.8553,16.93104],[-97.88122,16.93517],[-97.87194,16.92843],[-97.87144,16.91758],[-97.86205,16.91254],[-97.86409,16.90889],[-97.85476,16.89849],[-97.87152,16.8995],[-97.91388,16.89044],[-97.93143,16.90464],[-97.94296,16.9051],[-97.94167,16.90725],[-97.9495,16.92101],[-97.94847,16.92548],[-97.95322,16.92891],[-97.95003,16.9314],[-97.95079,16.93503],[-97.94811,16.93442],[-97.94979,16.94776],[-97.96251,16.97055],[-97.99392,16.98635],[-98.02617,16.96668],[-98.03991,16.96996],[-98.03322,16.97665],[-98.03651,16.97858],[-98.0489,16.97166],[-98.10199,16.96032],[-98.07523,17.00722],[-98.05749,17.02378],[-98.03516,17.02112],[-98.01957,17.00441],[-98.01081,17.01106],[-97.95062,17.02719],[-97.94771,17.01863],[-97.94179,17.02039],[-97.92817,17.04896],[-97.89108,17.04589],[-97.88129,17.05474],[-97.87603,17.0618],[-97.87325,17.09281],[-97.87398,17.09538],[-97.88219,17.09313],[-97.89461,17.12819],[-97.88548,17.12998],[-97.88572,17.14728],[-97.89105,17.15193],[-97.8814,17.14947],[-97.88209,17.17214],[-97.88612,17.17791],[-97.88232,17.18222],[-97.87907,17.19906],[-97.87486,17.19643],[-97.85334,17.20778]]]]}},{"type":"Feature","properties":{"code":"20085","stateCode":"20","municipalityCode":"085","name":"San Agustín Loxicha"},"geometry":{"type":"Polygon","coordinates":[[[-96.61506,16.09298],[-96.59304,16.08386],[-96.57735,16.08176],[-96.5643,16.07013],[-96.56675,16.06549],[-96.57337,16.06325],[-96.5694,16.0591],[-96.55416,16.04884],[-96.54173,16.04726],[-96.5399,16.03962],[-96.54925,16.03391],[-96.5474,16.03075],[-96.55064,16.03056],[-96.55147,16.02431],[-96.54186,16.02001],[-96.53974,16.01333],[-96.5249,16.01382],[-96.52224,16.0073],[-96.51777,16.00774],[-96.52083,16.00178],[-96.52453,16.00238],[-96.53429,15.99484],[-96.54368,15.99638],[-96.54658,15.99996],[-96.54879,15.97761],[-96.53898,15.97081],[-96.54252,15.96223],[-96.53868,15.95908],[-96.53745,15.94506],[-96.54152,15.93767],[-96.53885,15.935],[-96.54562,15.93074],[-96.55044,15.92272],[-96.55585,15.92348],[-96.55452,15.9179],[-96.5605,15.91519],[-96.5732,15.92058],[-96.58152,15.90835],[-96.58828,15.90716],[-96.5892,15.90499],[-96.5838,15.90182],[-96.58017,15.88507],[-96.58278,15.87147],[-96.58797,15.87462],[-96.59067,15.87006],[-96.60225,15.86548],[-96.63135,15.87468],[-96.63001,15.87915],[-96.63663,15.88672],[-96.63923,15.90078],[-96.7023,15.84125],[-96.69968,15.86198],[-96.70045,15.9068],[-96.68217,15.97865],[-96.70854,16.02644],[-96.70391,16.02154],[-96.69955,16.02246],[-96.69564,16.02857],[-96.68996,16.02822],[-96.69024,16.03531],[-96.68497,16.03695],[-96.68894,16.04217],[-96.68052,16.04088],[-96.67526,16.045],[-96.67155,16.04282],[-96.66981,16.04728],[-96.66195,16.05098],[-96.66488,16.05448],[-96.66345,16.05799],[-96.65521,16.05543],[-96.65554,16.06084],[-96.65103,16.06344],[-96.65737,16.07221],[-96.65292,16.07181],[-96.65557,16.07515],[-96.65035,16.08577],[-96.63032,16.09384],[-96.61506,16.09298]]]}},{"type":"Feature","properties":{"code":"20088","stateCode":"20","municipalityCode":"088","name":"San Andrés Cabecera Nueva"},"geometry":{"type":"Polygon","coordinates":[[[-97.8553,16.93104],[-97.84811,16.92403],[-97.84519,16.90258],[-97.79283,16.90116],[-97.78882,16.90856],[-97.78497,16.90109],[-97.73316,16.90008],[-97.69938,16.91615],[-97.65653,16.91875],[-97.66368,16.89962],[-97.67115,16.89158],[-97.66934,16.88078],[-97.68569,16.86786],[-97.69346,16.85147],[-97.7104,16.84182],[-97.73044,16.81852],[-97.73592,16.82012],[-97.74782,16.81613],[-97.75946,16.80771],[-97.7629,16.80119],[-97.77107,16.79761],[-97.78093,16.81244],[-97.7812,16.81602],[-97.7765,16.81955],[-97.81105,16.81305],[-97.80825,16.78402],[-97.82163,16.78079],[-97.82207,16.77834],[-97.80876,16.7638],[-97.80458,16.76609],[-97.79436,16.75715],[-97.76836,16.76248],[-97.79838,16.71528],[-97.81639,16.737],[-97.80748,16.74267],[-97.81594,16.7497],[-97.8203,16.74924],[-97.82513,16.75451],[-97.84393,16.74395],[-97.85118,16.7462],[-97.85476,16.76548],[-97.86402,16.78588],[-97.86257,16.81534],[-97.86975,16.8181],[-97.86983,16.82084],[-97.86605,16.82064],[-97.86635,16.82572],[-97.87066,16.83149],[-97.88056,16.83042],[-97.87161,16.84294],[-97.8717,16.85646],[-97.87871,16.86349],[-97.88947,16.86184],[-97.88986,16.87223],[-97.89488,16.8725],[-97.89286,16.87749],[-97.90323,16.89223],[-97.87152,16.8995],[-97.85476,16.89849],[-97.86409,16.90889],[-97.86205,16.91254],[-97.87144,16.91758],[-97.87194,16.92843],[-97.88122,16.93517],[-97.8553,16.93104]]]}},{"type":"Feature","properties":{"code":"20483","stateCode":"20","municipalityCode":"483","name":"Santiago Suchilquitongo"},"geometry":{"type":"Polygon","coordinates":[[[-96.83305,17.28425],[-96.83002,17.25003],[-96.82728,17.24861],[-96.83112,17.24271],[-96.83579,17.24335],[-96.83654,17.23935],[-96.84203,17.23851],[-96.84465,17.23012],[-96.84808,17.22892],[-96.84579,17.22299],[-96.84756,17.21745],[-96.85256,17.21739],[-96.85046,17.21405],[-96.8641,17.20977],[-96.86432,17.20349],[-96.8768,17.20875],[-96.90782,17.21399],[-96.92386,17.20326],[-96.9353,17.2031],[-96.97909,17.17688],[-96.98363,17.17798],[-96.98393,17.19554],[-96.99535,17.20718],[-96.97541,17.22351],[-96.96845,17.22438],[-96.96561,17.24707],[-96.91916,17.26446],[-96.90296,17.26506],[-96.90084,17.26238],[-96.88763,17.26756],[-96.87548,17.26759],[-96.85977,17.25374],[-96.86211,17.25703],[-96.85979,17.26003],[-96.8505,17.25519],[-96.8529,17.2636],[-96.83305,17.28425]]]}},{"type":"Feature","properties":{"code":"20486","stateCode":"20","municipalityCode":"486","name":"Villa Tejúpam de la Unión"},"geometry":{"type":"Polygon","coordinates":[[[-97.46269,17.72112],[-97.45333,17.72538],[-97.43222,17.71351],[-97.40086,17.68343],[-97.38462,17.65691],[-97.40935,17.64814],[-97.42312,17.62102],[-97.4205,17.6188],[-97.43131,17.61778],[-97.44526,17.60489],[-97.45953,17.59788],[-97.46881,17.60561],[-97.50168,17.61461],[-97.51343,17.62906],[-97.52507,17.66764],[-97.52348,17.70274],[-97.51028,17.7166],[-97.48832,17.72209],[-97.4701,17.7321],[-97.46269,17.72112]]]}},{"type":"Feature","properties":{"code":"20093","stateCode":"20","municipalityCode":"093","name":"San Andrés Lagunas"},"geometry":{"type":"Polygon","coordinates":[[[-97.51343,17.62906],[-97.50168,17.61461],[-97.49695,17.58505],[-97.51364,17.54668],[-97.51711,17.54211],[-97.52549,17.54234],[-97.5349,17.54531],[-97.55321,17.55809],[-97.55222,17.58203],[-97.56261,17.59452],[-97.56421,17.61684],[-97.5375,17.62867],[-97.51343,17.62906]]]}},{"type":"Feature","properties":{"code":"20113","stateCode":"20","municipalityCode":"113","name":"San Baltazar Loxicha"},"geometry":{"type":"Polygon","coordinates":[[[-96.76201,16.12749],[-96.75114,16.10335],[-96.75954,16.10381],[-96.76012,16.08373],[-96.76585,16.08058],[-96.76793,16.08243],[-96.76648,16.07507],[-96.77363,16.06892],[-96.76735,16.04608],[-96.77062,16.04629],[-96.7733,16.03944],[-96.7691,16.03229],[-96.76421,16.03395],[-96.75736,16.02918],[-96.75427,16.02156],[-96.7587,16.01807],[-96.75678,16.01508],[-96.75907,16.00986],[-96.75358,16.00755],[-96.75725,15.99864],[-96.74877,15.99326],[-96.75402,15.98613],[-96.76129,15.98533],[-96.75958,15.98003],[-96.7645,15.97971],[-96.76122,15.97618],[-96.76252,15.97254],[-96.76848,15.97383],[-96.7772,15.96467],[-96.78278,15.96847],[-96.78381,15.96287],[-96.79019,15.96779],[-96.79339,15.96373],[-96.81221,15.96296],[-96.81999,15.96637],[-96.82506,15.9595],[-96.82847,15.96031],[-96.83175,15.96685],[-96.82742,15.97064],[-96.83009,15.97457],[-96.82653,15.9765],[-96.83733,15.98878],[-96.83772,15.99727],[-96.8344,16.00079],[-96.84423,16.00093],[-96.83751,16.00691],[-96.84043,16.01064],[-96.84693,16.01092],[-96.84211,16.02675],[-96.83518,16.02633],[-96.83211,16.03752],[-96.82641,16.03972],[-96.82195,16.05097],[-96.81553,16.05549],[-96.82881,16.05934],[-96.82897,16.06571],[-96.83676,16.07546],[-96.83045,16.08513],[-96.83226,16.09436],[-96.82839,16.09655],[-96.825,16.09426],[-96.82099,16.10118],[-96.81914,16.09768],[-96.8162,16.09858],[-96.81575,16.10388],[-96.81102,16.09968],[-96.80236,16.10201],[-96.80053,16.09871],[-96.79636,16.10293],[-96.7922,16.10231],[-96.78915,16.10683],[-96.79159,16.1087],[-96.79019,16.11193],[-96.78072,16.12239],[-96.76201,16.12749]]]}},{"type":"Feature","properties":{"code":"20487","stateCode":"20","municipalityCode":"487","name":"Santiago Tenango"},"geometry":{"type":"Polygon","coordinates":[[[-96.99647,17.38789],[-96.99631,17.37906],[-96.98828,17.37398],[-96.98863,17.36577],[-96.98226,17.34514],[-96.97457,17.34125],[-96.96289,17.31455],[-96.95976,17.31381],[-96.96845,17.22438],[-96.97541,17.22351],[-96.99535,17.20718],[-97.0314,17.23188],[-97.03008,17.24371],[-97.03456,17.26537],[-97.03182,17.27899],[-97.03382,17.28438],[-97.02807,17.28727],[-97.03419,17.29746],[-97.03361,17.32898],[-97.02018,17.33809],[-97.0232,17.34227],[-97.02063,17.34281],[-97.02051,17.34941],[-97.01238,17.36402],[-97.0104,17.37619],[-96.99647,17.38789]]]}},{"type":"Feature","properties":{"code":"20488","stateCode":"20","municipalityCode":"488","name":"Santiago Tepetlapa"},"geometry":{"type":"Polygon","coordinates":[[[-97.39588,17.82421],[-97.3742,17.77776],[-97.39939,17.77539],[-97.41394,17.76994],[-97.42308,17.77931],[-97.41317,17.78388],[-97.40722,17.79382],[-97.4002,17.8232],[-97.39588,17.82421]]]}},{"type":"Feature","properties":{"code":"20496","stateCode":"20","municipalityCode":"496","name":"Santiago Xiacuí"},"geometry":{"type":"Polygon","coordinates":[[[-96.36225,17.31137],[-96.35427,17.30089],[-96.34921,17.27156],[-96.3571,17.26507],[-96.36179,17.2309],[-96.41079,17.23895],[-96.42784,17.25162],[-96.42953,17.25834],[-96.4346,17.25772],[-96.4373,17.26082],[-96.43819,17.27837],[-96.45957,17.28809],[-96.45114,17.2889],[-96.43724,17.29628],[-96.42749,17.29494],[-96.40521,17.30448],[-96.37936,17.30368],[-96.36225,17.31137]]]}},{"type":"Feature","properties":{"code":"20509","stateCode":"20","municipalityCode":"509","name":"Santo Domingo de Morelos"},"geometry":{"type":"Polygon","coordinates":[[[-96.63663,15.88672],[-96.63001,15.87915],[-96.63135,15.87468],[-96.60225,15.86548],[-96.59067,15.87006],[-96.58797,15.87462],[-96.58278,15.87147],[-96.58776,15.85748],[-96.58311,15.85492],[-96.58394,15.84437],[-96.58728,15.84364],[-96.58841,15.83756],[-96.57356,15.8213],[-96.57568,15.81687],[-96.56627,15.79641],[-96.5905,15.79872],[-96.61988,15.7882],[-96.65464,15.78961],[-96.65838,15.78442],[-96.66317,15.78533],[-96.67442,15.79652],[-96.6763,15.81086],[-96.68812,15.82604],[-96.69058,15.8241],[-96.70422,15.83675],[-96.70319,15.84099],[-96.66723,15.87162],[-96.63923,15.90078],[-96.63663,15.88672]]]}},{"type":"Feature","properties":{"code":"20557","stateCode":"20","municipalityCode":"557","name":"Unión Hidalgo"},"geometry":{"type":"Polygon","coordinates":[[[-94.83913,16.53371],[-94.8225,16.52713],[-94.81314,16.51856],[-94.78521,16.5077],[-94.76087,16.50482],[-94.7418,16.49843],[-94.72417,16.48327],[-94.73281,16.47677],[-94.73833,16.47756],[-94.74795,16.45882],[-94.76722,16.45593],[-94.77113,16.45211],[-94.77518,16.45559],[-94.78187,16.45358],[-94.78141,16.44784],[-94.78455,16.44865],[-94.78463,16.44615],[-94.78888,16.4461],[-94.82468,16.46815],[-94.82922,16.46289],[-94.82551,16.45897],[-94.83765,16.45785],[-94.83625,16.44137],[-94.83853,16.44061],[-94.86975,16.46316],[-94.88672,16.45956],[-94.89273,16.47758],[-94.89817,16.482],[-94.8979,16.48722],[-94.90395,16.49602],[-94.90187,16.52041],[-94.89303,16.52656],[-94.87996,16.52452],[-94.87347,16.53285],[-94.87002,16.5321],[-94.8638,16.52906],[-94.87205,16.516],[-94.87255,16.50915],[-94.86864,16.5082],[-94.85788,16.51905],[-94.84939,16.51541],[-94.83846,16.51964],[-94.83913,16.53371]]]}},{"type":"Feature","properties":{"code":"20560","stateCode":"20","municipalityCode":"560","name":"Villa Díaz Ordaz"},"geometry":{"type":"Polygon","coordinates":[[[-96.37961,17.15499],[-96.36045,17.13348],[-96.35577,17.12071],[-96.35999,17.11835],[-96.35255,17.10567],[-96.34042,17.10246],[-96.32586,17.1044],[-96.3176,17.09971],[-96.30358,17.10371],[-96.26851,17.09923],[-96.25571,17.10167],[-96.24886,17.09582],[-96.24201,17.07708],[-96.29295,17.05611],[-96.29655,17.0506],[-96.29643,17.04348],[-96.30231,17.04007],[-96.30708,17.03133],[-96.31835,17.02933],[-96.33282,17.03225],[-96.32456,16.98524],[-96.36596,16.99517],[-96.40894,16.95198],[-96.43833,16.96708],[-96.44133,16.96193],[-96.45929,16.96651],[-96.45379,16.97372],[-96.44072,17.01418],[-96.44304,17.01692],[-96.44011,17.02786],[-96.44605,17.03767],[-96.46211,17.04639],[-96.468,17.05337],[-96.46845,17.07335],[-96.4631,17.08076],[-96.4698,17.09239],[-96.46932,17.10037],[-96.46716,17.10697],[-96.46298,17.10714],[-96.44388,17.12517],[-96.40872,17.14503],[-96.39356,17.14451],[-96.37961,17.15499]]]}},{"type":"Feature","properties":{"code":"20038","stateCode":"20","municipalityCode":"038","name":"Villa Hidalgo Yalálag"},"geometry":{"type":"Polygon","coordinates":[[[-96.18422,17.2372],[-96.16899,17.22999],[-96.16601,17.21059],[-96.13474,17.20605],[-96.12918,17.19888],[-96.11606,17.19223],[-96.11353,17.18299],[-96.11963,17.17546],[-96.11663,17.16586],[-96.12629,17.16248],[-96.13034,17.15172],[-96.13477,17.15437],[-96.14295,17.14929],[-96.15851,17.13167],[-96.16717,17.13494],[-96.1791,17.14529],[-96.18587,17.15966],[-96.20024,17.17721],[-96.19553,17.17847],[-96.19239,17.18674],[-96.19446,17.20713],[-96.19123,17.20747],[-96.1921,17.21302],[-96.18786,17.21623],[-96.1885,17.22677],[-96.18389,17.22906],[-96.18422,17.2372]]]}},{"type":"Feature","properties":{"code":"20238","stateCode":"20","municipalityCode":"238","name":"Heroico San Martín de los Cansecos"},"geometry":{"type":"Polygon","coordinates":[[[-96.72841,16.67697],[-96.70959,16.65526],[-96.71019,16.64695],[-96.71652,16.64118],[-96.72396,16.64341],[-96.72768,16.64958],[-96.73115,16.64114],[-96.7432,16.64576],[-96.73775,16.6544],[-96.73841,16.67235],[-96.72941,16.66851],[-96.72841,16.67697]]]}}]}