{"type":"FeatureCollection","features":[{"type":"Feature","properties":{"code":"21053","stateCode":"21","municipalityCode":"053","name":"Chignahuapan"},"geometry":{"type":"Polygon","coordinates":[[[-98.15745,19.97509],[-98.15432,19.97036],[-98.15712,19.96705],[-98.15329,19.95048],[-98.13958,19.95759],[-98.13713,19.95597],[-98.13467,19.96424],[-98.12424,19.97074],[-98.11637,19.96272],[-98.11587,19.96498],[-98.11244,19.9626],[-98.10536,19.96418],[-98.10047,19.957],[-98.09438,19.95893],[-98.09221,19.95506],[-98.0893,19.95605],[-98.08754,19.95076],[-98.08226,19.95261],[-98.07186,19.92388],[-98.06405,19.92241],[-98.06642,19.91929],[-98.06437,19.91087],[-98.05381,19.89937],[-98.05404,19.89559],[-98.05147,19.89508],[-98.04623,19.90239],[-98.03877,19.90159],[-98.03506,19.90491],[-98.03078,19.89891],[-98.023,19.89615],[-98.0265,19.88616],[-98.02357,19.87975],[-98.02551,19.87137],[-98.02198,19.86774],[-98.01554,19.869],[-98.01221,19.86527],[-98.00559,19.86998],[-97.99819,19.86007],[-97.98728,19.85994],[-97.97872,19.85252],[-97.97015,19.85197],[-97.9675,19.84929],[-97.97003,19.84296],[-97.9608,19.83329],[-97.96508,19.82226],[-97.97374,19.81931],[-97.96707,19.8141],[-97.96958,19.81134],[-97.97558,19.81621],[-97.98644,19.81286],[-97.98005,19.80328],[-97.98913,19.7921],[-97.998,19.78789],[-97.99126,19.78382],[-97.98928,19.77845],[-97.99237,19.77133],[-97.98868,19.75816],[-97.97603,19.75542],[-97.98148,19.74777],[-97.97995,19.7432],[-97.99948,19.74093],[-98.01235,19.74425],[-98.01188,19.73499],[-98.00598,19.72822],[-98.01773,19.72342],[-98.024,19.70768],[-98.03503,19.69829],[-98.04141,19.7006],[-98.05292,19.71314],[-98.05599,19.72586],[-98.06597,19.72808],[-98.06811,19.71601],[-98.0644,19.70901],[-98.07429,19.70069],[-98.08281,19.70076],[-98.08389,19.69379],[-98.09045,19.68946],[-98.0927,19.6833],[-98.09092,19.67762],[-98.10101,19.66805],[-98.10002,19.67116],[-98.10651,19.68178],[-98.11774,19.68826],[-98.14373,19.68365],[-98.14861,19.68092],[-98.14864,19.67691],[-98.16556,19.66748],[-98.17017,19.67313],[-98.1813,19.6737],[-98.18737,19.67973],[-98.19025,19.67795],[-98.18982,19.67101],[-98.19504,19.67505],[-98.20686,19.67468],[-98.20958,19.67717],[-98.22802,19.67445],[-98.22808,19.68042],[-98.24107,19.67584],[-98.24435,19.68538],[-98.25241,19.69313],[-98.25532,19.71883],[-98.23626,19.72333],[-98.21511,19.74131],[-98.20934,19.73835],[-98.1957,19.74162],[-98.19785,19.74879],[-98.19551,19.75337],[-98.19867,19.75824],[-98.19438,19.76537],[-98.21072,19.77427],[-98.22142,19.77358],[-98.21616,19.77842],[-98.22564,19.77979],[-98.22984,19.77448],[-98.23482,19.77705],[-98.2447,19.79192],[-98.25103,19.79506],[-98.24971,19.80607],[-98.25318,19.81175],[-98.25086,19.81276],[-98.25488,19.81919],[-98.26458,19.823],[-98.26539,19.83839],[-98.26923,19.84495],[-98.28675,19.8491],[-98.30529,19.84587],[-98.30175,19.84738],[-98.315,19.85512],[-98.30447,19.87012],[-98.29107,19.87581],[-98.29253,19.87928],[-98.28792,19.885],[-98.29105,19.88855],[-98.29093,19.88888],[-98.28664,19.88725],[-98.26935,19.89571],[-98.26604,19.90159],[-98.26782,19.91611],[-98.24807,19.91753],[-98.24531,19.924],[-98.25517,19.92548],[-98.25626,19.92931],[-98.25173,19.9295],[-98.25104,19.93485],[-98.24219,19.94115],[-98.25385,19.94607],[-98.2516,19.94815],[-98.23739,19.94978],[-98.22208,19.94693],[-98.22675,19.95622],[-98.21594,19.96852],[-98.20944,19.96423],[-98.20114,19.96447],[-98.19783,19.95979],[-98.1807,19.95975],[-98.16698,19.9718],[-98.15854,19.9709],[-98.15745,19.97509]]]}},{"type":"Feature","properties":{"code":"21211","stateCode":"21","municipalityCode":"211","name":"Zaragoza"},"geometry":{"type":"Polygon","coordinates":[[[-97.57562,19.79115],[-97.56929,19.79061],[-97.57046,19.7853],[-97.56853,19.78726],[-97.5644,19.78276],[-97.56289,19.78695],[-97.54465,19.78154],[-97.54914,19.77059],[-97.54449,19.76893],[-97.54171,19.76275],[-97.54866,19.74844],[-97.55397,19.75481],[-97.55918,19.74413],[-97.5584,19.71286],[-97.55606,19.70361],[-97.55317,19.70234],[-97.55602,19.70087],[-97.57135,19.70172],[-97.58051,19.70993],[-97.57962,19.71562],[-97.58685,19.71411],[-97.59342,19.72124],[-97.5872,19.72295],[-97.58749,19.73303],[-97.59112,19.73848],[-97.58119,19.76528],[-97.58472,19.77277],[-97.57484,19.78307],[-97.57562,19.79115]]]}},{"type":"Feature","properties":{"code":"21206","stateCode":"21","municipalityCode":"206","name":"Zacapala"},"geometry":{"type":"Polygon","coordinates":[[[-97.94769,18.72365],[-97.9203,18.70422],[-97.91925,18.7007],[-97.91045,18.69837],[-97.90502,18.69071],[-97.90445,18.67026],[-97.91408,18.64908],[-97.92175,18.64375],[-97.92928,18.62064],[-97.92339,18.61011],[-97.92742,18.60713],[-97.93173,18.61001],[-97.9409,18.59983],[-97.9432,18.60126],[-97.94764,18.59569],[-97.9564,18.59413],[-97.9685,18.59446],[-97.98298,18.60131],[-98.00108,18.60368],[-98.02091,18.59557],[-98.01715,18.59306],[-98.00828,18.57261],[-98.01886,18.57644],[-98.02714,18.56913],[-98.02229,18.557],[-98.01588,18.55053],[-98.01789,18.54413],[-98.02605,18.54292],[-98.02317,18.5474],[-98.03777,18.54943],[-98.03985,18.55378],[-98.04564,18.55322],[-98.05002,18.54794],[-98.04004,18.53673],[-98.04285,18.53287],[-98.04773,18.53413],[-98.04001,18.51947],[-98.04404,18.49749],[-98.06207,18.50007],[-98.07671,18.49441],[-98.09824,18.50058],[-98.11025,18.50913],[-98.11296,18.50387],[-98.12051,18.5033],[-98.12154,18.49564],[-98.13683,18.49871],[-98.14768,18.49298],[-98.15181,18.49427],[-98.1564,18.49029],[-98.16707,18.48868],[-98.17132,18.49943],[-98.1932,18.49796],[-98.20156,18.48699],[-98.21053,18.49551],[-98.22526,18.49706],[-98.22908,18.49467],[-98.23168,18.48353],[-98.23893,18.48134],[-98.23424,18.47459],[-98.24085,18.4704],[-98.26453,18.46919],[-98.25368,18.48174],[-98.25213,18.48852],[-98.25424,18.48859],[-98.24928,18.49499],[-98.25243,18.49908],[-98.26912,18.5013],[-98.2705,18.50868],[-98.25992,18.50765],[-98.26448,18.51703],[-98.26038,18.51715],[-98.25446,18.52301],[-98.24917,18.52097],[-98.24515,18.51453],[-98.23957,18.51531],[-98.23836,18.51143],[-98.23094,18.51279],[-98.22293,18.50896],[-98.21963,18.51052],[-98.21656,18.52325],[-98.20864,18.52079],[-98.20813,18.53215],[-98.21274,18.53987],[-98.18793,18.54217],[-98.17151,18.53385],[-98.17366,18.52754],[-98.16446,18.5211],[-98.15668,18.52883],[-98.15339,18.52533],[-98.13925,18.5285],[-98.12986,18.54484],[-98.12437,18.54718],[-98.11694,18.53882],[-98.11817,18.53546],[-98.10879,18.54281],[-98.0973,18.55357],[-98.09174,18.56418],[-98.08455,18.56665],[-98.08292,18.58154],[-98.0871,18.58581],[-98.07077,18.59694],[-98.06634,18.6033],[-98.05182,18.60236],[-98.04455,18.60728],[-98.04121,18.60513],[-98.03123,18.61414],[-98.02603,18.62418],[-98.01767,18.62898],[-98.01702,18.63388],[-98.02099,18.63755],[-98.01882,18.64154],[-98.02136,18.6431],[-98.01732,18.65041],[-98.00424,18.65663],[-97.9899,18.64997],[-97.98203,18.65761],[-97.97569,18.67968],[-97.95519,18.68573],[-97.94757,18.69828],[-97.95456,18.71279],[-97.96041,18.71511],[-97.94769,18.72365]]]}},{"type":"Feature","properties":{"code":"21152","stateCode":"21","municipalityCode":"152","name":"Soltepec"},"geometry":{"type":"Polygon","coordinates":[[[-97.7469,19.1855],[-97.71877,19.15844],[-97.7149,19.16216],[-97.7167,19.16518],[-97.71267,19.16338],[-97.71012,19.1668],[-97.70762,19.18286],[-97.69387,19.15954],[-97.70782,19.15756],[-97.71237,19.15084],[-97.70672,19.14378],[-97.70956,19.14255],[-97.70046,19.14288],[-97.69791,19.14641],[-97.68713,19.14024],[-97.69104,19.12848],[-97.6962,19.12383],[-97.69923,19.12562],[-97.71071,19.11189],[-97.69308,19.10485],[-97.68205,19.09359],[-97.69032,19.08792],[-97.69394,19.08002],[-97.70127,19.08289],[-97.69898,19.07817],[-97.7122,19.06842],[-97.71514,19.0701],[-97.71422,19.07546],[-97.71892,19.0771],[-97.726,19.06644],[-97.7434,19.0603],[-97.76186,19.06598],[-97.77751,19.08341],[-97.78469,19.08685],[-97.79639,19.10917],[-97.80534,19.11266],[-97.80835,19.13111],[-97.80472,19.14128],[-97.81192,19.14964],[-97.80997,19.15357],[-97.80047,19.15583],[-97.79573,19.16403],[-97.77979,19.15781],[-97.77065,19.16409],[-97.76498,19.15799],[-97.76878,19.14915],[-97.76366,19.1474],[-97.75606,19.17814],[-97.7515,19.17564],[-97.7469,19.1855]]]}},{"type":"Feature","properties":{"code":"21027","stateCode":"21","municipalityCode":"027","name":"Caltepec"},"geometry":{"type":"MultiPolygon","coordinates":[[[[-97.64213,18.18709],[-97.6227,18.18401],[-97.61001,18.17328],[-97.60139,18.17029],[-97.61423,18.15362],[-97.65318,18.17529],[-97.64213,18.18709]]],[[[-97.59156,18.26464],[-97.58243,18.26028],[-97.57781,18.25024],[-97.55625,18.24924],[-97.56224,18.24212],[-97.5739,18.23971],[-97.57564,18.23627],[-97.56393,18.23851],[-97.55618,18.23656],[-97.54985,18.24005],[-97.54436,18.22974],[-97.53519,18.23021],[-97.53545,18.23325],[-97.53108,18.23492],[-97.51852,18.23391],[-97.52111,18.22007],[-97.51877,18.21452],[-97.51216,18.21477],[-97.50818,18.20845],[-97.50359,18.21202],[-97.50041,18.2064],[-97.48799,18.20263],[-97.47455,18.20198],[-97.46177,18.21242],[-97.4538,18.20641],[-97.44572,18.20841],[-97.43571,18.21597],[-97.41617,18.21248],[-97.41325,18.22343],[-97.41892,18.23577],[-97.4104,18.23431],[-97.40781,18.23803],[-97.40599,18.23387],[-97.3979,18.23173],[-97.38991,18.23372],[-97.3897,18.23674],[-97.38248,18.23169],[-97.37602,18.21317],[-97.38612,18.20583],[-97.3829,18.19821],[-97.38692,18.18626],[-97.37617,18.18622],[-97.37662,18.16326],[-97.36596,18.14875],[-97.36327,18.13249],[-97.35278,18.12442],[-97.3551,18.11676],[-97.36902,18.10327],[-97.36685,18.10068],[-97.37448,18.10129],[-97.37678,18.09441],[-97.38819,18.10225],[-97.39457,18.10006],[-97.4029,18.10749],[-97.40548,18.10194],[-97.41124,18.10239],[-97.41134,18.09655],[-97.41412,18.09714],[-97.41842,18.08954],[-97.41584,18.08634],[-97.42579,18.07454],[-97.42556,18.06928],[-97.43487,18.07073],[-97.43575,18.06822],[-97.44136,18.07194],[-97.44446,18.06395],[-97.44815,18.06598],[-97.44749,18.05347],[-97.45493,18.04833],[-97.45322,18.04375],[-97.45638,18.04376],[-97.45947,18.03577],[-97.46262,18.03783],[-97.46481,18.03156],[-97.46874,18.03071],[-97.46523,18.02889],[-97.46692,18.02695],[-97.48924,18.02559],[-97.49919,18.02979],[-97.50592,18.02782],[-97.52237,18.04465],[-97.53405,18.04634],[-97.54391,18.03344],[-97.55763,18.04688],[-97.55632,18.05168],[-97.56379,18.06258],[-97.56174,18.07296],[-97.56682,18.08165],[-97.56962,18.10339],[-97.57375,18.11051],[-97.57107,18.12164],[-97.57398,18.12259],[-97.57331,18.12688],[-97.56757,18.13337],[-97.55325,18.13878],[-97.52781,18.14032],[-97.51747,18.15528],[-97.51358,18.1747],[-97.51941,18.1815],[-97.52358,18.17918],[-97.5316,18.18196],[-97.53579,18.1886],[-97.53456,18.19164],[-97.53958,18.18885],[-97.54397,18.19642],[-97.54932,18.18621],[-97.55216,18.18817],[-97.55923,18.18567],[-97.57707,18.17052],[-97.582,18.19564],[-97.59549,18.18482],[-97.61913,18.19186],[-97.61692,18.1948],[-97.61959,18.21051],[-97.61617,18.21392],[-97.62953,18.21256],[-97.62927,18.22772],[-97.62399,18.22553],[-97.62215,18.21967],[-97.61061,18.22413],[-97.60119,18.22064],[-97.59449,18.22505],[-97.60169,18.2329],[-97.59132,18.2418],[-97.59623,18.24411],[-97.59963,18.25292],[-97.59141,18.25599],[-97.59393,18.26292],[-97.59156,18.26464]]]]}},{"type":"Feature","properties":{"code":"21026","stateCode":"21","municipalityCode":"026","name":"Calpan"},"geometry":{"type":"Polygon","coordinates":[[[-98.56776,19.1444],[-98.55085,19.14245],[-98.50693,19.12686],[-98.49384,19.12774],[-98.45967,19.11937],[-98.44611,19.122],[-98.42401,19.11241],[-98.41226,19.11672],[-98.39648,19.09335],[-98.39768,19.08711],[-98.39148,19.08146],[-98.39413,19.07537],[-98.41718,19.08617],[-98.4215,19.06249],[-98.46318,19.08689],[-98.47232,19.08505],[-98.48748,19.09413],[-98.4941,19.09177],[-98.5086,19.09474],[-98.50676,19.09124],[-98.50981,19.09141],[-98.52041,19.10058],[-98.53455,19.10563],[-98.54048,19.11286],[-98.55017,19.11524],[-98.56277,19.12811],[-98.57626,19.13143],[-98.57221,19.13696],[-98.57433,19.14155],[-98.56776,19.1444]]]}},{"type":"Feature","properties":{"code":"21015","stateCode":"21","municipalityCode":"015","name":"Amozoc"},"geometry":{"type":"Polygon","coordinates":[[[-98.02731,19.14535],[-98.02175,19.14382],[-98.0163,19.11283],[-98.01753,19.10337],[-98.01116,19.1076],[-98.0043,19.10169],[-98.00787,19.09156],[-98.0065,19.06546],[-98.01689,19.06128],[-98.01125,19.04373],[-98.00447,19.0418],[-98.00583,19.0365],[-97.99835,19.03406],[-97.99653,19.03949],[-97.97436,19.02853],[-97.98193,19.0278],[-97.98388,19.01564],[-97.9891,19.01096],[-98.00071,19.01409],[-98.01149,19.00476],[-98.01274,19.00195],[-98.00708,18.99268],[-98.01515,18.99485],[-98.01885,18.98893],[-98.01604,18.98203],[-98.02006,18.98247],[-98.02029,18.98632],[-98.04033,19.00519],[-98.06732,18.99365],[-98.07873,18.99985],[-98.08996,18.99189],[-98.10525,18.99281],[-98.10411,18.99617],[-98.1099,18.99889],[-98.11835,18.999],[-98.13065,18.99216],[-98.13668,18.99371],[-98.13132,18.99737],[-98.12919,19.00478],[-98.13018,19.02155],[-98.12638,19.01407],[-98.11818,19.03113],[-98.1221,19.0327],[-98.11781,19.03723],[-98.13291,19.04324],[-98.13128,19.04688],[-98.11848,19.04598],[-98.11238,19.05719],[-98.11591,19.0595],[-98.10813,19.06631],[-98.10501,19.07403],[-98.09956,19.07501],[-98.09411,19.08225],[-98.07479,19.07344],[-98.0651,19.09587],[-98.05097,19.10584],[-98.05194,19.11737],[-98.04464,19.12171],[-98.04457,19.1277],[-98.03613,19.13524],[-98.03221,19.13471],[-98.02731,19.14535]]]}},{"type":"Feature","properties":{"code":"21014","stateCode":"21","municipalityCode":"014","name":"Amixtlán"},"geometry":{"type":"Polygon","coordinates":[[[-97.8254,20.08667],[-97.81497,20.08551],[-97.81109,20.07716],[-97.80374,20.08052],[-97.79977,20.0742],[-97.78834,20.07671],[-97.78967,20.07975],[-97.7856,20.08337],[-97.78279,20.07601],[-97.77308,20.08113],[-97.76775,20.0737],[-97.74251,20.06707],[-97.74581,20.05947],[-97.75444,20.06199],[-97.75907,20.05366],[-97.76266,20.05292],[-97.76729,20.03919],[-97.78286,20.03155],[-97.78549,20.02611],[-97.81635,20.02622],[-97.8189,20.03433],[-97.8232,20.03283],[-97.82564,20.0378],[-97.83549,20.03725],[-97.84498,20.04327],[-97.84626,20.05141],[-97.83484,20.07044],[-97.83761,20.08241],[-97.82682,20.08239],[-97.8254,20.08667]]]}},{"type":"Feature","properties":{"code":"21010","stateCode":"21","municipalityCode":"010","name":"Ajalpan"},"geometry":{"type":"Polygon","coordinates":[[[-96.99892,18.53192],[-96.99422,18.52121],[-96.99311,18.50597],[-96.94841,18.45141],[-96.93444,18.46438],[-96.92595,18.46461],[-96.92996,18.46156],[-96.92746,18.44324],[-96.93745,18.44225],[-96.94252,18.45038],[-96.94467,18.4424],[-96.95911,18.42449],[-96.96207,18.4128],[-96.9668,18.41337],[-96.97684,18.40387],[-96.97953,18.39334],[-96.98749,18.38104],[-96.9904,18.38527],[-96.9903,18.39563],[-96.99555,18.39514],[-96.99886,18.40231],[-97.00892,18.40721],[-97.05124,18.38859],[-97.05303,18.37335],[-97.06116,18.36772],[-97.06424,18.35514],[-97.07366,18.3546],[-97.09421,18.36523],[-97.13591,18.37125],[-97.13989,18.36978],[-97.14182,18.3619],[-97.15706,18.35156],[-97.15635,18.34772],[-97.16804,18.33808],[-97.1763,18.3415],[-97.18373,18.36286],[-97.18738,18.36587],[-97.20624,18.35823],[-97.2142,18.35146],[-97.22832,18.35352],[-97.23823,18.3601],[-97.24968,18.3581],[-97.2452,18.34659],[-97.25259,18.34713],[-97.25873,18.35212],[-97.26686,18.3678],[-97.26675,18.37491],[-97.2724,18.3773],[-97.27825,18.37484],[-97.28044,18.37713],[-97.29254,18.37582],[-97.29972,18.37994],[-97.29302,18.38533],[-97.29121,18.39117],[-97.30004,18.39204],[-97.2971,18.39847],[-97.2991,18.4035],[-97.3061,18.40477],[-97.31631,18.41225],[-97.32233,18.42339],[-97.31862,18.42398],[-97.31964,18.43303],[-97.29189,18.45018],[-97.28956,18.45428],[-97.2813,18.45307],[-97.27766,18.46128],[-97.26927,18.46548],[-97.2625,18.46421],[-97.26116,18.46882],[-97.25748,18.46838],[-97.24969,18.45587],[-97.23555,18.4527],[-97.23316,18.45442],[-97.23573,18.45988],[-97.23263,18.4623],[-97.22366,18.45406],[-97.2192,18.4577],[-97.21205,18.45623],[-97.20288,18.46299],[-97.20078,18.45646],[-97.19116,18.45611],[-97.19074,18.44375],[-97.18795,18.43632],[-97.18296,18.43322],[-97.18444,18.42754],[-97.17383,18.43717],[-97.16716,18.43404],[-97.15893,18.43949],[-97.15374,18.44424],[-97.15633,18.4483],[-97.14049,18.44916],[-97.13341,18.45809],[-97.12171,18.4611],[-97.11556,18.44275],[-97.1093,18.43463],[-97.10963,18.4392],[-97.10618,18.43673],[-97.10403,18.44053],[-97.09882,18.43416],[-97.08478,18.45191],[-97.08261,18.46212],[-97.08107,18.46377],[-97.07997,18.45451],[-97.07607,18.466],[-97.05884,18.4772],[-97.05197,18.48574],[-97.04638,18.49956],[-97.0367,18.50504],[-97.02576,18.51707],[-97.02104,18.51243],[-97.01526,18.52088],[-97.00683,18.5233],[-96.99892,18.53192]]]}},{"type":"Feature","properties":{"code":"21149","stateCode":"21","municipalityCode":"149","name":"Santiago Miahuatlán"},"geometry":{"type":"Polygon","coordinates":[[[-97.43274,18.60781],[-97.42439,18.59855],[-97.4286,18.59438],[-97.43067,18.58538],[-97.41659,18.58607],[-97.40131,18.57668],[-97.41409,18.57203],[-97.41481,18.5606],[-97.42088,18.55994],[-97.42464,18.55535],[-97.42533,18.55107],[-97.41906,18.54655],[-97.4196,18.54088],[-97.41725,18.54984],[-97.41203,18.54893],[-97.40803,18.55374],[-97.40992,18.56073],[-97.38958,18.57482],[-97.37987,18.57432],[-97.37724,18.58012],[-97.35503,18.59152],[-97.34863,18.59259],[-97.34174,18.58816],[-97.34399,18.57542],[-97.3559,18.56154],[-97.35661,18.55069],[-97.36744,18.54909],[-97.37297,18.55195],[-97.38249,18.54213],[-97.38847,18.54224],[-97.39291,18.53766],[-97.39399,18.51887],[-97.39032,18.51432],[-97.39315,18.50453],[-97.40526,18.50013],[-97.40935,18.51587],[-97.41286,18.51568],[-97.41344,18.51845],[-97.42046,18.51733],[-97.42453,18.52438],[-97.43254,18.49266],[-97.44629,18.49466],[-97.44695,18.49241],[-97.45423,18.50305],[-97.45372,18.53269],[-97.46294,18.5385],[-97.46389,18.54246],[-97.47077,18.54371],[-97.47308,18.55204],[-97.48094,18.55931],[-97.49261,18.5655],[-97.48577,18.56586],[-97.48294,18.5716],[-97.49259,18.59233],[-97.48462,18.59815],[-97.46405,18.59279],[-97.46252,18.59606],[-97.45689,18.59662],[-97.4582,18.59839],[-97.44386,18.60011],[-97.43274,18.60781]]]}},{"type":"Feature","properties":{"code":"21004","stateCode":"21","municipalityCode":"004","name":"Acatzingo"},"geometry":{"type":"Polygon","coordinates":[[[-97.80525,19.11264],[-97.79639,19.10917],[-97.78469,19.08685],[-97.77751,19.08341],[-97.76186,19.06598],[-97.7434,19.0603],[-97.726,19.06644],[-97.71892,19.0771],[-97.71422,19.07546],[-97.71514,19.0701],[-97.7122,19.06842],[-97.69898,19.07817],[-97.70127,19.08289],[-97.69394,19.08002],[-97.68637,19.09056],[-97.67982,19.08557],[-97.68222,19.0817],[-97.67582,19.08068],[-97.67652,19.07126],[-97.68152,19.0683],[-97.69049,19.05079],[-97.69594,19.05667],[-97.69485,19.064],[-97.69745,19.06274],[-97.70175,19.04938],[-97.71064,19.03872],[-97.7278,18.99916],[-97.72769,18.99382],[-97.73172,18.9914],[-97.72784,18.98955],[-97.73612,18.97116],[-97.74731,18.97522],[-97.74609,18.95295],[-97.76136,18.95779],[-97.77641,18.95522],[-97.77361,18.94752],[-97.79651,18.95259],[-97.80485,18.95628],[-97.81011,18.96428],[-97.81228,18.97153],[-97.80604,18.9754],[-97.81606,18.97876],[-97.81052,19.00393],[-97.81462,19.00988],[-97.82782,19.0153],[-97.82362,19.02051],[-97.82624,19.02852],[-97.81422,19.02102],[-97.81056,19.01263],[-97.80199,19.00745],[-97.80127,19.00984],[-97.8083,19.0286],[-97.81588,19.03161],[-97.81373,19.0547],[-97.81214,19.06001],[-97.80785,19.06145],[-97.8106,19.06399],[-97.80814,19.06587],[-97.81004,19.06816],[-97.80719,19.0813],[-97.8105,19.08183],[-97.81172,19.09218],[-97.81669,19.09091],[-97.81967,19.10038],[-97.81959,19.1041],[-97.814,19.09837],[-97.80517,19.10323],[-97.80525,19.11264]]]}},{"type":"Feature","properties":{"code":"21005","stateCode":"21","municipalityCode":"005","name":"Acteopan"},"geometry":{"type":"Polygon","coordinates":[[[-98.7012,18.81587],[-98.66503,18.81564],[-98.66171,18.80951],[-98.64753,18.80166],[-98.64411,18.796],[-98.64526,18.78903],[-98.65402,18.78653],[-98.64767,18.77706],[-98.6511,18.7565],[-98.64593,18.74964],[-98.63613,18.7581],[-98.64242,18.74166],[-98.65287,18.73694],[-98.65526,18.73285],[-98.65101,18.71767],[-98.65638,18.71262],[-98.65996,18.71476],[-98.65989,18.70191],[-98.66409,18.69468],[-98.66365,18.68706],[-98.66701,18.68565],[-98.6949,18.69889],[-98.69805,18.71614],[-98.68728,18.71783],[-98.69001,18.72506],[-98.68626,18.73109],[-98.68964,18.73369],[-98.68859,18.74206],[-98.69143,18.74571],[-98.69973,18.74411],[-98.70738,18.74829],[-98.71297,18.74584],[-98.71219,18.75157],[-98.7235,18.75562],[-98.7259,18.75098],[-98.73321,18.7533],[-98.7292,18.76439],[-98.716,18.76997],[-98.71435,18.77236],[-98.71721,18.77741],[-98.70609,18.78809],[-98.7038,18.79305],[-98.70589,18.80135],[-98.69985,18.81051],[-98.7012,18.81587]]]}},{"type":"Feature","properties":{"code":"21006","stateCode":"21","municipalityCode":"006","name":"Ahuacatlán"},"geometry":{"type":"Polygon","coordinates":[[[-97.83816,20.09184],[-97.82543,20.08637],[-97.82682,20.08239],[-97.83761,20.08241],[-97.83484,20.07044],[-97.84626,20.05141],[-97.84498,20.04327],[-97.83549,20.03725],[-97.82564,20.0378],[-97.8232,20.03283],[-97.8189,20.03433],[-97.81727,20.02673],[-97.81194,20.02619],[-97.81557,20.01881],[-97.8248,20.01656],[-97.82587,20.01072],[-97.83015,20.00842],[-97.82848,19.99289],[-97.8348,19.98763],[-97.84561,19.9855],[-97.84861,19.97438],[-97.86666,19.96832],[-97.8697,19.97178],[-97.88203,19.97233],[-97.90157,19.96487],[-97.90828,19.97769],[-97.91343,19.98143],[-97.91225,19.98367],[-97.91855,19.98704],[-97.9132,19.99044],[-97.90944,20.00532],[-97.8998,20.01444],[-97.89764,20.02417],[-97.89209,20.02709],[-97.88808,20.03428],[-97.88029,20.03356],[-97.878,20.0396],[-97.8804,20.04401],[-97.90414,20.0569],[-97.90198,20.07164],[-97.90549,20.0805],[-97.89356,20.09079],[-97.88525,20.08698],[-97.87986,20.08983],[-97.87468,20.08523],[-97.86354,20.08281],[-97.85,20.0853],[-97.83816,20.09184]]]}},{"type":"Feature","properties":{"code":"21008","stateCode":"21","municipalityCode":"008","name":"Ahuazotepec"},"geometry":{"type":"Polygon","coordinates":[[[-98.13042,20.10744],[-98.11703,20.09717],[-98.11093,20.09883],[-98.11395,20.09072],[-98.10195,20.10371],[-98.09643,20.10247],[-98.093,20.09418],[-98.08772,20.09215],[-98.09139,20.08007],[-98.09856,20.08055],[-98.10391,20.0569],[-98.10409,20.04699],[-98.09864,20.04161],[-98.11034,20.03519],[-98.10953,20.0306],[-98.11245,20.02789],[-98.1216,20.02918],[-98.12112,20.02589],[-98.12555,20.03079],[-98.12716,20.02333],[-98.13554,20.01727],[-98.13323,20.00958],[-98.13574,20.00575],[-98.15049,20.01326],[-98.1527,20.02621],[-98.15698,20.03081],[-98.15504,20.03264],[-98.16307,20.02934],[-98.16724,20.0342],[-98.17369,20.03377],[-98.1809,20.04699],[-98.16815,20.05723],[-98.16555,20.07403],[-98.15719,20.08487],[-98.1597,20.09257],[-98.14271,20.09829],[-98.13998,20.10426],[-98.13042,20.10744]]]}},{"type":"Feature","properties":{"code":"21146","stateCode":"21","municipalityCode":"146","name":"Santa Catarina Tlaltempan"},"geometry":{"type":"Polygon","coordinates":[[[-98.04354,18.6475],[-98.01882,18.64154],[-98.02099,18.63755],[-98.01702,18.63388],[-98.01767,18.62898],[-98.02603,18.62418],[-98.03123,18.61414],[-98.04121,18.60513],[-98.04455,18.60728],[-98.05182,18.60236],[-98.06634,18.6033],[-98.08544,18.58578],[-98.09586,18.5842],[-98.09664,18.59127],[-98.10858,18.5829],[-98.1099,18.59034],[-98.12143,18.59216],[-98.12639,18.59564],[-98.1249,18.60258],[-98.13274,18.60928],[-98.1434,18.61261],[-98.14143,18.61671],[-98.13662,18.61508],[-98.12717,18.62031],[-98.12792,18.62672],[-98.12414,18.62771],[-98.12177,18.63418],[-98.11634,18.63272],[-98.11054,18.63555],[-98.10652,18.62907],[-98.09559,18.62581],[-98.07714,18.63453],[-98.06204,18.63334],[-98.05391,18.63745],[-98.05105,18.64513],[-98.04354,18.6475]]]}},{"type":"Feature","properties":{"code":"21145","stateCode":"21","municipalityCode":"145","name":"San Sebastián Tlacotepec"},"geometry":{"type":"Polygon","coordinates":[[[-96.80926,18.51748],[-96.80336,18.51146],[-96.79668,18.51143],[-96.79416,18.50213],[-96.79784,18.49695],[-96.79296,18.49191],[-96.79679,18.48619],[-96.7958,18.48022],[-96.79144,18.4774],[-96.78921,18.46714],[-96.78043,18.46495],[-96.78621,18.45897],[-96.78485,18.45428],[-96.77542,18.44809],[-96.78482,18.4442],[-96.784,18.43959],[-96.77755,18.43432],[-96.78101,18.42907],[-96.77547,18.42621],[-96.77044,18.4293],[-96.76319,18.42705],[-96.76479,18.42361],[-96.7709,18.42298],[-96.76597,18.418],[-96.76636,18.41269],[-96.75909,18.40826],[-96.75367,18.41172],[-96.7435,18.40733],[-96.7259,18.4088],[-96.7315,18.40047],[-96.72813,18.39664],[-96.73267,18.39815],[-96.75464,18.39216],[-96.74985,18.38161],[-96.76276,18.38323],[-96.7635,18.37501],[-96.78043,18.36353],[-96.786,18.35345],[-96.78271,18.34733],[-96.78421,18.33833],[-96.79536,18.3349],[-96.79481,18.33199],[-96.80027,18.32931],[-96.80954,18.32933],[-96.82138,18.32125],[-96.82228,18.31016],[-96.81757,18.30079],[-96.82567,18.2964],[-96.82926,18.28397],[-96.83726,18.27192],[-96.84323,18.27107],[-96.83867,18.26766],[-96.84266,18.26503],[-96.84157,18.25693],[-96.84474,18.25534],[-96.84622,18.24685],[-96.85476,18.24123],[-96.88526,18.24396],[-96.88827,18.24088],[-96.89637,18.24053],[-96.89675,18.23766],[-96.90804,18.2368],[-96.91075,18.23876],[-96.89942,18.25],[-96.9074,18.2574],[-96.912,18.2683],[-96.90014,18.27359],[-96.9043,18.29403],[-96.89896,18.30057],[-96.88757,18.30428],[-96.87538,18.29455],[-96.85643,18.29622],[-96.86294,18.3115],[-96.84659,18.33187],[-96.85046,18.34341],[-96.86844,18.357],[-96.86241,18.36059],[-96.88721,18.38251],[-96.87425,18.39375],[-96.87548,18.40737],[-96.85481,18.41709],[-96.85893,18.42193],[-96.85655,18.42649],[-96.85845,18.43177],[-96.85357,18.4402],[-96.85824,18.45212],[-96.85485,18.45586],[-96.86526,18.47814],[-96.86236,18.48372],[-96.8511,18.48996],[-96.8251,18.49811],[-96.82733,18.50375],[-96.82414,18.5056],[-96.82404,18.51111],[-96.80926,18.51748]]]}},{"type":"Feature","properties":{"code":"21003","stateCode":"21","municipalityCode":"003","name":"Acatlán"},"geometry":{"type":"MultiPolygon","coordinates":[[[[-98.20421,18.04442],[-98.18836,18.03289],[-98.18989,18.02183],[-98.18447,18.01612],[-98.17949,18.01542],[-98.18497,18.01081],[-98.18413,18.00562],[-98.18772,18.00493],[-98.18931,17.98865],[-98.20204,17.98837],[-98.20269,17.97235],[-98.18534,17.9726],[-98.18354,17.97909],[-98.18061,17.97802],[-98.17684,17.98241],[-98.17335,17.96969],[-98.16201,17.96786],[-98.15671,17.9728],[-98.1532,17.96788],[-98.15602,17.96275],[-98.16235,17.96264],[-98.1657,17.95402],[-98.16961,17.95283],[-98.17071,17.94262],[-98.17356,17.94193],[-98.16899,17.93495],[-98.1729,17.93234],[-98.17203,17.92255],[-98.1651,17.91779],[-98.17083,17.91408],[-98.16757,17.90987],[-98.17091,17.90206],[-98.17792,17.89705],[-98.19463,17.89614],[-98.1975,17.89122],[-98.20276,17.8924],[-98.20975,17.87976],[-98.24654,17.87844],[-98.24755,17.88323],[-98.25495,17.88384],[-98.25346,17.88942],[-98.25832,17.89546],[-98.25848,17.9033],[-98.2702,17.9156],[-98.26125,17.92233],[-98.26136,17.93416],[-98.24903,17.94146],[-98.26354,17.95073],[-98.2668,17.95967],[-98.27677,17.95646],[-98.28167,17.95956],[-98.27836,17.96067],[-98.27484,17.97354],[-98.28884,17.97118],[-98.28513,17.97877],[-98.29372,17.97859],[-98.2941,17.99177],[-98.28582,17.9946],[-98.29007,18.00413],[-98.29415,18.00458],[-98.29436,18.03009],[-98.30093,18.0327],[-98.30009,18.03929],[-98.2756,18.04157],[-98.26676,18.04521],[-98.25367,18.03493],[-98.26005,18.02987],[-98.25688,18.02313],[-98.25167,18.02812],[-98.24921,18.02417],[-98.2444,18.02701],[-98.23674,18.03919],[-98.2195,18.03116],[-98.20814,18.03815],[-98.20841,18.04359],[-98.20421,18.04442]]],[[[-98.11629,18.36909],[-98.11052,18.36369],[-98.10712,18.34977],[-98.11702,18.34228],[-98.11025,18.32987],[-98.10534,18.32989],[-98.1072,18.33585],[-98.10506,18.33975],[-98.09398,18.34275],[-98.09088,18.34679],[-98.08883,18.34354],[-98.08258,18.34307],[-98.07911,18.33351],[-98.06924,18.34417],[-98.0555,18.33133],[-98.05204,18.33644],[-98.04193,18.33885],[-98.03637,18.35015],[-98.02599,18.34076],[-98.02171,18.32513],[-98.03275,18.3035],[-98.02354,18.3053],[-98.02032,18.31807],[-98.01194,18.31941],[-98.00708,18.32956],[-97.99942,18.33001],[-97.99649,18.33475],[-97.98955,18.33141],[-97.97178,18.33048],[-97.96396,18.32192],[-97.95358,18.33351],[-97.92985,18.32424],[-97.93298,18.32026],[-97.93914,18.32013],[-97.9419,18.3133],[-97.95273,18.30865],[-97.95946,18.30159],[-97.96622,18.29163],[-97.96457,18.28525],[-97.973,18.28395],[-97.96847,18.26223],[-97.98486,18.25628],[-97.9879,18.24814],[-97.99587,18.24935],[-97.99598,18.25319],[-98.00116,18.25104],[-98.00262,18.24586],[-97.99622,18.23814],[-97.98622,18.2342],[-97.99162,18.22759],[-97.99156,18.21718],[-97.98726,18.22313],[-97.98392,18.22259],[-97.9856,18.21909],[-97.97276,18.22196],[-97.9728,18.20815],[-97.96724,18.20081],[-97.9737,18.19145],[-97.98018,18.19437],[-97.98291,18.18036],[-97.98868,18.17491],[-97.98532,18.17079],[-97.98961,18.16045],[-97.98146,18.16413],[-97.97611,18.16247],[-97.9766,18.14888],[-97.99849,18.13546],[-97.99416,18.13076],[-97.995,18.12742],[-97.98684,18.12995],[-97.97343,18.12759],[-97.96089,18.10864],[-97.97244,18.10719],[-97.97949,18.09989],[-97.98411,18.09957],[-97.98693,18.08424],[-97.99015,18.08162],[-98.00424,18.08631],[-98.01291,18.07718],[-98.01487,18.08083],[-98.02003,18.0795],[-98.03101,18.08498],[-98.03647,18.07989],[-98.03771,18.08798],[-98.04754,18.08717],[-98.0464,18.09424],[-98.05085,18.09731],[-98.04873,18.10595],[-98.04421,18.103],[-98.03877,18.10494],[-98.03899,18.11278],[-98.03435,18.11561],[-98.03099,18.12485],[-98.03646,18.14007],[-98.04164,18.14007],[-98.04433,18.1355],[-98.0494,18.13613],[-98.05012,18.13365],[-98.06232,18.13588],[-98.06119,18.14413],[-98.06423,18.14543],[-98.05952,18.14436],[-98.0618,18.14699],[-98.05806,18.14952],[-98.07678,18.15697],[-98.07917,18.15511],[-98.08458,18.16146],[-98.09864,18.16574],[-98.09968,18.16999],[-98.09537,18.17397],[-98.10672,18.18053],[-98.1192,18.17336],[-98.12642,18.1787],[-98.13195,18.17417],[-98.13856,18.18771],[-98.1431,18.1906],[-98.14262,18.18735],[-98.14741,18.18406],[-98.14279,18.18085],[-98.14477,18.17133],[-98.14925,18.17147],[-98.15433,18.17841],[-98.15864,18.17538],[-98.1635,18.18377],[-98.16319,18.1873],[-98.16009,18.18523],[-98.15812,18.19762],[-98.166,18.20261],[-98.16279,18.20449],[-98.16304,18.21287],[-98.15927,18.21958],[-98.1638,18.21711],[-98.16195,18.22434],[-98.16819,18.22882],[-98.16697,18.25113],[-98.15328,18.27317],[-98.16027,18.29234],[-98.16784,18.2979],[-98.16802,18.30116],[-98.1555,18.30987],[-98.14654,18.30781],[-98.14479,18.31979],[-98.13645,18.32748],[-98.1399,18.3329],[-98.13748,18.34438],[-98.14316,18.35178],[-98.13751,18.35256],[-98.13378,18.35705],[-98.12712,18.35437],[-98.11833,18.35875],[-98.12277,18.36639],[-98.11629,18.36909]]]]}},{"type":"Feature","properties":{"code":"21117","stateCode":"21","municipalityCode":"117","name":"Rafael Lara Grajales"},"geometry":{"type":"MultiPolygon","coordinates":[[[[-97.81068,19.23529],[-97.8023,19.23228],[-97.79869,19.22783],[-97.79341,19.23245],[-97.79028,19.23023],[-97.80474,19.22199],[-97.81441,19.22278],[-97.81068,19.23529]]],[[[-97.80913,19.25964],[-97.83118,19.25946],[-97.83836,19.26722],[-97.82691,19.27299],[-97.80913,19.25964]]]]}},{"type":"Feature","properties":{"code":"21165","stateCode":"21","municipalityCode":"165","name":"Tepemaxalco"},"geometry":{"type":"Polygon","coordinates":[[[-98.63972,18.79007],[-98.63261,18.78848],[-98.63338,18.77604],[-98.62199,18.77192],[-98.62223,18.76391],[-98.61198,18.75923],[-98.61821,18.75316],[-98.61638,18.74686],[-98.62305,18.73985],[-98.61126,18.71405],[-98.59445,18.71213],[-98.59348,18.70468],[-98.60064,18.69893],[-98.61016,18.7115],[-98.61725,18.70871],[-98.63175,18.71109],[-98.64226,18.70901],[-98.65081,18.70476],[-98.65387,18.6969],[-98.65673,18.69946],[-98.65638,18.71262],[-98.65088,18.71905],[-98.65526,18.73285],[-98.65287,18.73694],[-98.64242,18.74166],[-98.63613,18.7581],[-98.64593,18.74964],[-98.6511,18.7565],[-98.64774,18.76574],[-98.65013,18.78241],[-98.63972,18.79007]]]}},{"type":"Feature","properties":{"code":"21163","stateCode":"21","municipalityCode":"163","name":"Tepatlaxco de Hidalgo"},"geometry":{"type":"Polygon","coordinates":[[[-98.03169,19.23094],[-97.98796,19.18963],[-97.98215,19.17568],[-97.98877,19.17254],[-97.97773,19.15352],[-97.98666,19.14826],[-97.98626,19.13058],[-97.99876,19.12777],[-98.00284,19.10878],[-97.99747,19.1072],[-97.99802,19.09789],[-97.98368,19.09573],[-97.97827,19.08697],[-97.96849,19.09609],[-97.96506,19.09532],[-97.95405,19.0708],[-97.95673,19.06644],[-97.9598,19.06985],[-97.96383,19.06044],[-97.96571,19.07023],[-97.97247,19.07397],[-97.98713,19.06358],[-97.98887,19.07682],[-98.00207,19.0678],[-98.00571,19.06928],[-98.00787,19.09156],[-98.0043,19.10169],[-98.01116,19.1076],[-98.01758,19.10345],[-98.0163,19.11283],[-98.02175,19.14382],[-98.02869,19.14579],[-98.02792,19.15074],[-98.0352,19.14341],[-98.03754,19.14562],[-98.03387,19.16728],[-98.03654,19.1905],[-98.03388,19.19394],[-98.03077,19.19065],[-98.02666,19.20291],[-98.02023,19.20844],[-98.03031,19.21914],[-98.03169,19.23094]]]}},{"type":"Feature","properties":{"code":"21113","stateCode":"21","municipalityCode":"113","name":"Piaxtla"},"geometry":{"type":"Polygon","coordinates":[[[-98.24457,18.21618],[-98.23442,18.21417],[-98.22266,18.20193],[-98.21814,18.19136],[-98.20433,18.18629],[-98.19737,18.18],[-98.19978,18.1816],[-98.20067,18.17533],[-98.19345,18.16495],[-98.19531,18.14554],[-98.2004,18.14342],[-98.20356,18.14909],[-98.20765,18.1493],[-98.2146,18.14458],[-98.20124,18.12778],[-98.20787,18.11632],[-98.21052,18.10053],[-98.19871,18.08298],[-98.19949,18.07001],[-98.20726,18.06841],[-98.20688,18.06265],[-98.21075,18.06148],[-98.20914,18.0516],[-98.21164,18.04535],[-98.20841,18.04359],[-98.20814,18.03815],[-98.2195,18.03116],[-98.23674,18.03919],[-98.2444,18.02701],[-98.24921,18.02417],[-98.25167,18.02812],[-98.25688,18.02313],[-98.26005,18.02987],[-98.25367,18.03493],[-98.26676,18.04521],[-98.2756,18.04157],[-98.30009,18.03929],[-98.30093,18.0327],[-98.29436,18.03009],[-98.29415,18.00458],[-98.29007,18.00413],[-98.28582,17.9946],[-98.2941,17.99177],[-98.29372,17.97859],[-98.28513,17.97877],[-98.28884,17.97118],[-98.27484,17.97354],[-98.27836,17.96067],[-98.28838,17.95784],[-98.28678,17.95371],[-98.31664,17.96735],[-98.31862,17.97047],[-98.31656,17.97613],[-98.31977,17.97959],[-98.32947,17.98075],[-98.32109,17.98617],[-98.31885,17.99178],[-98.3181,17.9991],[-98.3242,18.00835],[-98.32211,18.02014],[-98.31435,18.03201],[-98.32144,18.03436],[-98.32563,18.03214],[-98.32751,18.03697],[-98.33958,18.03174],[-98.3442,18.02611],[-98.36203,18.0247],[-98.36515,18.02522],[-98.36728,18.03424],[-98.34427,18.03509],[-98.33579,18.04164],[-98.33494,18.04724],[-98.32004,18.04407],[-98.3034,18.05154],[-98.30463,18.05714],[-98.27609,18.05951],[-98.27284,18.06378],[-98.2562,18.0592],[-98.24469,18.06694],[-98.24699,18.07193],[-98.23351,18.07301],[-98.238,18.07945],[-98.242,18.07821],[-98.23883,18.0955],[-98.24786,18.09853],[-98.27086,18.11748],[-98.28441,18.11577],[-98.28524,18.1113],[-98.28806,18.11095],[-98.28893,18.12145],[-98.29282,18.11981],[-98.29131,18.12955],[-98.29906,18.13215],[-98.30274,18.12848],[-98.3139,18.12854],[-98.31498,18.12519],[-98.32761,18.12103],[-98.3308,18.12257],[-98.32677,18.12627],[-98.3286,18.1296],[-98.3384,18.12152],[-98.34061,18.12728],[-98.33681,18.12982],[-98.34521,18.13287],[-98.34001,18.13875],[-98.3525,18.14352],[-98.35551,18.15564],[-98.35335,18.15881],[-98.35988,18.1765],[-98.35348,18.18056],[-98.35329,18.18437],[-98.34718,18.18546],[-98.34235,18.19754],[-98.33672,18.20293],[-98.32633,18.20344],[-98.30995,18.19718],[-98.30295,18.18562],[-98.29423,18.18264],[-98.29284,18.18697],[-98.28973,18.18196],[-98.28447,18.18348],[-98.27622,18.1784],[-98.26751,18.19856],[-98.2642,18.20039],[-98.25594,18.19742],[-98.25273,18.2042],[-98.25466,18.20716],[-98.24457,18.21618]]]}},{"type":"Feature","properties":{"code":"21009","stateCode":"21","municipalityCode":"009","name":"Ahuehuetitla"},"geometry":{"type":"Polygon","coordinates":[[[-98.16824,18.29744],[-98.16027,18.29234],[-98.15328,18.27317],[-98.16697,18.25113],[-98.16819,18.22882],[-98.16195,18.22434],[-98.1638,18.21711],[-98.15927,18.21958],[-98.16304,18.21287],[-98.16279,18.20449],[-98.166,18.20261],[-98.15812,18.19762],[-98.15923,18.18766],[-98.16009,18.18523],[-98.16528,18.18862],[-98.17154,18.18799],[-98.1775,18.18247],[-98.17836,18.1755],[-98.18641,18.17785],[-98.18813,18.16916],[-98.19429,18.16634],[-98.20045,18.17359],[-98.19978,18.1816],[-98.1973,18.17962],[-98.1993,18.1834],[-98.21814,18.19136],[-98.23142,18.21178],[-98.24664,18.21834],[-98.23498,18.23415],[-98.22986,18.22395],[-98.21925,18.23099],[-98.2224,18.24626],[-98.20181,18.26612],[-98.2035,18.26818],[-98.19868,18.27477],[-98.20226,18.28438],[-98.18707,18.29237],[-98.17233,18.28623],[-98.16824,18.29744]]]}},{"type":"Feature","properties":{"code":"21039","stateCode":"21","municipalityCode":"039","name":"Cuautempan"},"geometry":{"type":"Polygon","coordinates":[[[-97.76572,19.97539],[-97.76075,19.97185],[-97.75733,19.96342],[-97.76458,19.95848],[-97.75677,19.95462],[-97.76172,19.94631],[-97.77431,19.94552],[-97.76524,19.93971],[-97.76121,19.93021],[-97.76538,19.92623],[-97.76461,19.90876],[-97.75081,19.90419],[-97.74974,19.89819],[-97.76567,19.88801],[-97.76967,19.88012],[-97.79193,19.88242],[-97.79222,19.86565],[-97.8198,19.86173],[-97.8207,19.86848],[-97.82678,19.87258],[-97.8328,19.88479],[-97.83268,19.89257],[-97.82341,19.90447],[-97.82077,19.91544],[-97.82366,19.92202],[-97.8224,19.9268],[-97.8151,19.92883],[-97.81569,19.94157],[-97.8073,19.95016],[-97.80448,19.94846],[-97.79883,19.95111],[-97.79973,19.95437],[-97.79575,19.95678],[-97.78683,19.95633],[-97.78123,19.95958],[-97.77955,19.9677],[-97.77614,19.96713],[-97.76572,19.97539]]]}},{"type":"Feature","properties":{"code":"21040","stateCode":"21","municipalityCode":"040","name":"Cuautinchán"},"geometry":{"type":"Polygon","coordinates":[[[-97.98025,19.02801],[-97.97395,19.02599],[-97.97731,19.01921],[-97.97298,19.0168],[-97.96326,19.0191],[-97.94086,19.00487],[-97.95603,19.006],[-97.97186,18.9928],[-97.96227,18.98316],[-97.96645,18.96562],[-97.95917,18.96493],[-97.95714,18.9678],[-97.95227,18.9592],[-97.95356,18.95347],[-97.95717,18.95533],[-97.96175,18.94799],[-97.95831,18.94653],[-97.96453,18.93547],[-97.97113,18.94581],[-97.99629,18.94642],[-97.99803,18.94036],[-97.98487,18.93432],[-97.97643,18.9234],[-97.9938,18.92974],[-97.9986,18.92469],[-98.00596,18.92655],[-98.00999,18.9223],[-98.01436,18.92426],[-98.02762,18.91748],[-98.05219,18.92395],[-98.04086,18.90375],[-98.07392,18.90315],[-98.07525,18.89853],[-98.07899,18.89786],[-98.0845,18.90287],[-98.08995,18.90135],[-98.08964,18.91144],[-98.09543,18.91262],[-98.09721,18.91855],[-98.11494,18.92818],[-98.11522,18.93988],[-98.13512,18.95131],[-98.13585,18.97496],[-98.13249,18.97846],[-98.13812,18.99402],[-98.13065,18.99216],[-98.11835,18.999],[-98.1099,18.99889],[-98.10411,18.99617],[-98.10525,18.99281],[-98.08996,18.99189],[-98.07873,18.99985],[-98.06732,18.99365],[-98.04033,19.00519],[-98.02029,18.98632],[-98.02006,18.98247],[-98.01604,18.98203],[-98.01885,18.98893],[-98.01515,18.99485],[-98.00708,18.99268],[-98.01274,19.00195],[-98.01149,19.00476],[-98.00071,19.01409],[-97.99107,19.0098],[-97.98485,19.01407],[-97.98436,19.02353],[-97.98025,19.02801]]]}},{"type":"Feature","properties":{"code":"21041","stateCode":"21","municipalityCode":"041","name":"Cuautlancingo"},"geometry":{"type":"Polygon","coordinates":[[[-98.26222,19.16075],[-98.23788,19.15586],[-98.23024,19.15673],[-98.22988,19.14873],[-98.22442,19.14185],[-98.22498,19.13569],[-98.22922,19.13456],[-98.23079,19.12923],[-98.22869,19.12334],[-98.23226,19.11834],[-98.22896,19.1159],[-98.2344,19.10854],[-98.23298,19.10459],[-98.23743,19.10142],[-98.23677,19.09461],[-98.24269,19.09138],[-98.2401,19.08738],[-98.26206,19.07817],[-98.28693,19.08754],[-98.29238,19.07803],[-98.30018,19.08358],[-98.2911,19.10867],[-98.2826,19.09849],[-98.27234,19.114],[-98.2612,19.12408],[-98.26388,19.12717],[-98.25894,19.13453],[-98.25998,19.1383],[-98.27021,19.14569],[-98.26222,19.16075]]]}},{"type":"Feature","properties":{"code":"21016","stateCode":"21","municipalityCode":"016","name":"Aquixtla"},"geometry":{"type":"Polygon","coordinates":[[[-97.94614,19.8574],[-97.94223,19.85233],[-97.94866,19.8451],[-97.94431,19.84167],[-97.94424,19.83486],[-97.93757,19.82901],[-97.9285,19.83049],[-97.92736,19.83718],[-97.92258,19.84174],[-97.9114,19.84659],[-97.91252,19.8401],[-97.90846,19.83751],[-97.89233,19.83566],[-97.89901,19.83081],[-97.89102,19.83035],[-97.89105,19.82375],[-97.89926,19.82185],[-97.8942,19.80832],[-97.88933,19.80253],[-97.88319,19.80433],[-97.88492,19.79901],[-97.87913,19.80127],[-97.87791,19.798],[-97.87431,19.80128],[-97.86187,19.79134],[-97.85537,19.7752],[-97.84644,19.76995],[-97.84574,19.76036],[-97.85048,19.75444],[-97.85039,19.73836],[-97.85719,19.7414],[-97.87154,19.73214],[-97.88508,19.73786],[-97.87807,19.71983],[-97.88044,19.71775],[-97.89827,19.7311],[-97.90122,19.72961],[-97.90128,19.723],[-97.90377,19.72454],[-97.90361,19.72031],[-97.90735,19.72412],[-97.91906,19.72181],[-97.91851,19.72625],[-97.92025,19.72163],[-97.92176,19.72445],[-97.94182,19.71838],[-97.94136,19.71146],[-97.9605,19.71055],[-97.96652,19.70254],[-97.97583,19.70403],[-97.98644,19.71463],[-98.0084,19.72583],[-98.00595,19.7283],[-98.01188,19.73499],[-98.0129,19.74224],[-98.01212,19.74434],[-97.99948,19.74093],[-97.97987,19.74331],[-97.98148,19.74777],[-97.97603,19.75542],[-97.98868,19.75816],[-97.99237,19.77133],[-97.98928,19.77845],[-97.99126,19.78382],[-97.998,19.78789],[-97.98913,19.7921],[-97.98005,19.80328],[-97.98644,19.81286],[-97.97558,19.81621],[-97.96958,19.81134],[-97.96707,19.8141],[-97.97374,19.81931],[-97.96508,19.82226],[-97.9608,19.83329],[-97.97003,19.84296],[-97.96539,19.8449],[-97.96489,19.85003],[-97.95484,19.85638],[-97.94614,19.8574]]]}},{"type":"Feature","properties":{"code":"21087","stateCode":"21","municipalityCode":"087","name":"Jolalpan"},"geometry":{"type":"Polygon","coordinates":[[[-98.83711,18.43102],[-98.83704,18.4259],[-98.82966,18.42013],[-98.81364,18.41417],[-98.8168,18.40974],[-98.81523,18.40102],[-98.81894,18.3976],[-98.81821,18.39339],[-98.82372,18.38997],[-98.82281,18.38327],[-98.82642,18.38337],[-98.82382,18.37927],[-98.82641,18.37492],[-98.80624,18.38149],[-98.79514,18.3922],[-98.78633,18.39199],[-98.781,18.38369],[-98.78231,18.37519],[-98.77902,18.36972],[-98.78408,18.34981],[-98.77801,18.34382],[-98.77068,18.34188],[-98.76301,18.33098],[-98.76377,18.31788],[-98.7612,18.31627],[-98.76519,18.31478],[-98.76426,18.31029],[-98.77206,18.30303],[-98.76522,18.29082],[-98.7795,18.2961],[-98.79294,18.27527],[-98.80194,18.2738],[-98.80694,18.25771],[-98.81234,18.2609],[-98.81908,18.25489],[-98.82845,18.26234],[-98.84096,18.26312],[-98.84664,18.26039],[-98.84675,18.25366],[-98.84321,18.25172],[-98.84408,18.24451],[-98.85526,18.23678],[-98.85262,18.23164],[-98.84619,18.22929],[-98.84669,18.21433],[-98.85097,18.2017],[-98.83385,18.19156],[-98.83394,18.18343],[-98.85391,18.18639],[-98.86309,18.19155],[-98.86779,18.18795],[-98.87249,18.1887],[-98.88479,18.16703],[-98.95722,18.1887],[-99.00007,18.1902],[-98.99406,18.21286],[-98.995,18.23739],[-98.98906,18.24935],[-98.99951,18.25038],[-99.00664,18.24408],[-99.0113,18.2475],[-99.01933,18.24541],[-99.02359,18.24919],[-99.01789,18.25907],[-99.01522,18.25824],[-99.01471,18.26327],[-99.03171,18.27231],[-99.04909,18.25959],[-99.05609,18.24997],[-99.0639,18.25187],[-99.06132,18.258],[-99.06382,18.2625],[-99.05323,18.26416],[-99.05483,18.27135],[-99.06154,18.27146],[-99.06936,18.28323],[-99.06523,18.28483],[-99.06084,18.28196],[-99.05177,18.28982],[-99.06009,18.29667],[-99.05947,18.30472],[-99.06419,18.30807],[-99.06242,18.31953],[-99.06728,18.31903],[-99.07049,18.32684],[-99.05769,18.33846],[-99.05877,18.34886],[-99.04853,18.35124],[-99.04354,18.35945],[-99.03837,18.35879],[-99.03563,18.36548],[-99.03144,18.36494],[-99.02361,18.37245],[-99.02379,18.3764],[-99.02053,18.37702],[-99.01818,18.38778],[-99.00976,18.38597],[-99.00536,18.38991],[-99.00093,18.38826],[-98.99699,18.39396],[-98.98794,18.39706],[-98.98659,18.40482],[-98.98351,18.40542],[-98.98769,18.41185],[-98.98398,18.41376],[-98.98566,18.42065],[-98.98171,18.42359],[-98.9772,18.42363],[-98.97397,18.41714],[-98.95918,18.42033],[-98.95061,18.41769],[-98.9494,18.42261],[-98.9444,18.42045],[-98.94064,18.42341],[-98.92638,18.40728],[-98.91243,18.4016],[-98.89492,18.40495],[-98.89002,18.41206],[-98.8832,18.41004],[-98.87689,18.41481],[-98.86745,18.41593],[-98.86142,18.42469],[-98.8543,18.42395],[-98.83711,18.43102]]]}},{"type":"Feature","properties":{"code":"21167","stateCode":"21","municipalityCode":"167","name":"Tepetzintla"},"geometry":{"type":"Polygon","coordinates":[[[-97.82985,19.99026],[-97.82174,19.98411],[-97.81527,19.98511],[-97.79872,19.97934],[-97.79843,19.97447],[-97.79493,19.97315],[-97.79915,19.96832],[-97.78863,19.96596],[-97.78123,19.95958],[-97.78683,19.95633],[-97.79575,19.95678],[-97.80438,19.94848],[-97.80742,19.9501],[-97.81572,19.94148],[-97.8151,19.92883],[-97.8224,19.9268],[-97.82365,19.92178],[-97.83188,19.92129],[-97.83527,19.92781],[-97.851,19.92088],[-97.84748,19.91484],[-97.84686,19.90337],[-97.85554,19.89495],[-97.8581,19.90133],[-97.86653,19.90699],[-97.86683,19.91722],[-97.86291,19.9174],[-97.86362,19.91993],[-97.87764,19.91741],[-97.89249,19.92968],[-97.91495,19.93507],[-97.91887,19.94112],[-97.91474,19.94336],[-97.91868,19.95077],[-97.91898,19.96034],[-97.91108,19.95746],[-97.90616,19.96505],[-97.88203,19.97233],[-97.8697,19.97178],[-97.86666,19.96832],[-97.84861,19.97438],[-97.84561,19.9855],[-97.82985,19.99026]]]}},{"type":"Feature","properties":{"code":"21166","stateCode":"21","municipalityCode":"166","name":"Tepeojuma"},"geometry":{"type":"Polygon","coordinates":[[[-98.40868,18.804],[-98.40315,18.79131],[-98.39255,18.79329],[-98.39374,18.78326],[-98.38813,18.78506],[-98.37821,18.77015],[-98.37922,18.76446],[-98.38935,18.76014],[-98.39081,18.74603],[-98.38578,18.73169],[-98.38162,18.72992],[-98.38341,18.72188],[-98.38078,18.71996],[-98.38939,18.70574],[-98.38664,18.70282],[-98.38814,18.7],[-98.38372,18.69996],[-98.38339,18.68769],[-98.37665,18.682],[-98.37688,18.67656],[-98.38017,18.67552],[-98.37867,18.66745],[-98.38228,18.66327],[-98.38045,18.65977],[-98.38479,18.65808],[-98.39193,18.66761],[-98.4153,18.65311],[-98.42271,18.65362],[-98.43436,18.66604],[-98.43401,18.67012],[-98.43972,18.67528],[-98.43854,18.67849],[-98.45101,18.68347],[-98.46996,18.67397],[-98.46942,18.66715],[-98.47742,18.66899],[-98.47943,18.67666],[-98.49008,18.6821],[-98.48319,18.68242],[-98.48426,18.68678],[-98.50351,18.70388],[-98.49861,18.71251],[-98.4945,18.73421],[-98.48663,18.73949],[-98.47938,18.73495],[-98.47662,18.74984],[-98.47266,18.75395],[-98.46238,18.75328],[-98.46283,18.75709],[-98.4598,18.75874],[-98.46157,18.76384],[-98.45202,18.76274],[-98.45401,18.7772],[-98.44594,18.7682],[-98.43598,18.77959],[-98.41899,18.78769],[-98.40868,18.804]]]}},{"type":"Feature","properties":{"code":"21018","stateCode":"21","municipalityCode":"018","name":"Atexcal"},"geometry":{"type":"Polygon","coordinates":[[[-97.65752,18.47528],[-97.64968,18.47024],[-97.6462,18.46235],[-97.64031,18.46044],[-97.6196,18.4706],[-97.61232,18.47086],[-97.60852,18.46704],[-97.60384,18.47309],[-97.59466,18.47078],[-97.58772,18.47268],[-97.60152,18.44489],[-97.60976,18.44118],[-97.61101,18.43429],[-97.61996,18.43372],[-97.62592,18.42809],[-97.62315,18.42007],[-97.61658,18.41671],[-97.60855,18.40437],[-97.61259,18.39989],[-97.61179,18.39425],[-97.60584,18.39031],[-97.61006,18.38923],[-97.59915,18.37359],[-97.60164,18.37143],[-97.59849,18.36594],[-97.59219,18.36127],[-97.58529,18.34853],[-97.59293,18.34249],[-97.58695,18.32972],[-97.59649,18.33374],[-97.60063,18.32415],[-97.59843,18.32253],[-97.60662,18.32235],[-97.61798,18.31605],[-97.64648,18.31723],[-97.6498,18.30755],[-97.67111,18.31692],[-97.66354,18.29962],[-97.66341,18.29181],[-97.71086,18.28534],[-97.71413,18.27965],[-97.72127,18.27605],[-97.74975,18.27576],[-97.78771,18.28918],[-97.77507,18.3086],[-97.78016,18.31501],[-97.77638,18.32642],[-97.78022,18.34472],[-97.77697,18.34982],[-97.76947,18.35176],[-97.76996,18.36055],[-97.78142,18.39222],[-97.79188,18.41211],[-97.76678,18.40581],[-97.76079,18.39519],[-97.74617,18.39689],[-97.74178,18.4078],[-97.74744,18.42675],[-97.74701,18.44228],[-97.75344,18.46],[-97.74779,18.46784],[-97.74296,18.46982],[-97.73217,18.46511],[-97.70724,18.4692],[-97.67226,18.46407],[-97.65752,18.47528]]]}},{"type":"Feature","properties":{"code":"21054","stateCode":"21","municipalityCode":"054","name":"Chignautla"},"geometry":{"type":"Polygon","coordinates":[[[-97.39769,19.87308],[-97.40609,19.86273],[-97.4062,19.85433],[-97.39364,19.85496],[-97.38575,19.86072],[-97.38981,19.84783],[-97.37985,19.84818],[-97.3695,19.84215],[-97.37376,19.82765],[-97.38143,19.81674],[-97.37649,19.81908],[-97.38063,19.81379],[-97.37884,19.80693],[-97.38129,19.80386],[-97.37694,19.80315],[-97.37716,19.79475],[-97.38817,19.78319],[-97.38811,19.77395],[-97.39955,19.75],[-97.40489,19.71041],[-97.41095,19.7019],[-97.39786,19.69482],[-97.40213,19.67813],[-97.42805,19.67259],[-97.44433,19.66097],[-97.44803,19.66293],[-97.44761,19.65568],[-97.45811,19.64812],[-97.46775,19.64918],[-97.47501,19.64087],[-97.47996,19.64413],[-97.48323,19.64234],[-97.48748,19.65155],[-97.4943,19.65368],[-97.4972,19.6599],[-97.49423,19.66421],[-97.49901,19.66865],[-97.49755,19.6839],[-97.50338,19.6899],[-97.50123,19.7184],[-97.47793,19.74334],[-97.44309,19.75687],[-97.43602,19.76337],[-97.44029,19.77293],[-97.43607,19.77692],[-97.4383,19.78129],[-97.42149,19.80029],[-97.42741,19.80752],[-97.41736,19.80957],[-97.4154,19.81966],[-97.40926,19.81929],[-97.39729,19.83996],[-97.41251,19.85351],[-97.42066,19.85133],[-97.41966,19.86232],[-97.39769,19.87308]]]}},{"type":"Feature","properties":{"code":"21127","stateCode":"21","municipalityCode":"127","name":"San Jerónimo Xayacatlán"},"geometry":{"type":"Polygon","coordinates":[[[-97.92648,18.28848],[-97.91635,18.28421],[-97.90968,18.28569],[-97.90187,18.27677],[-97.89715,18.27739],[-97.89484,18.27036],[-97.8981,18.2652],[-97.89213,18.25718],[-97.89925,18.24816],[-97.88622,18.24899],[-97.88665,18.2429],[-97.8826,18.24168],[-97.87317,18.22929],[-97.86694,18.21395],[-97.86769,18.20667],[-97.87755,18.19985],[-97.87768,18.19644],[-97.86578,18.19128],[-97.86564,18.18525],[-97.8499,18.18852],[-97.85052,18.18306],[-97.83959,18.17077],[-97.84447,18.16972],[-97.8479,18.17248],[-97.85363,18.16792],[-97.85734,18.15558],[-97.86394,18.14797],[-97.87549,18.15772],[-97.88278,18.15939],[-97.88815,18.14362],[-97.89521,18.13674],[-97.89105,18.15041],[-97.89908,18.16458],[-97.90325,18.15844],[-97.91689,18.14994],[-97.93299,18.15667],[-97.94211,18.14676],[-97.94126,18.12781],[-97.9465,18.12206],[-97.95499,18.13864],[-97.96264,18.13164],[-97.95865,18.14521],[-97.97303,18.13715],[-97.96914,18.12623],[-97.98684,18.12995],[-97.995,18.12742],[-97.99416,18.13076],[-97.99849,18.13546],[-97.9766,18.14888],[-97.97591,18.16224],[-97.98146,18.16413],[-97.98784,18.16009],[-97.98984,18.1642],[-97.9854,18.17036],[-97.98868,18.17491],[-97.98291,18.18036],[-97.98033,18.19419],[-97.97389,18.19138],[-97.96796,18.197],[-97.96974,18.20707],[-97.9728,18.20815],[-97.97095,18.21239],[-97.97348,18.22078],[-97.96441,18.21553],[-97.96393,18.21099],[-97.96052,18.21245],[-97.95857,18.22093],[-97.96098,18.22513],[-97.95693,18.23354],[-97.94641,18.23839],[-97.94065,18.24639],[-97.93032,18.24964],[-97.9294,18.25855],[-97.92422,18.26083],[-97.92397,18.26513],[-97.93717,18.27104],[-97.94664,18.28097],[-97.93831,18.28718],[-97.92648,18.28848]]]}},{"type":"Feature","properties":{"code":"21129","stateCode":"21","municipalityCode":"129","name":"San José Miahuatlán"},"geometry":{"type":"Polygon","coordinates":[[[-97.25226,18.32783],[-97.25057,18.31608],[-97.23889,18.30085],[-97.20819,18.29152],[-97.20495,18.27207],[-97.19437,18.26108],[-97.19624,18.25073],[-97.19113,18.25573],[-97.18783,18.25379],[-97.19119,18.24604],[-97.18928,18.23986],[-97.18015,18.23353],[-97.18273,18.22884],[-97.17997,18.22454],[-97.16945,18.21705],[-97.16675,18.20156],[-97.18339,18.19901],[-97.19235,18.19237],[-97.18722,18.17516],[-97.20522,18.17148],[-97.21435,18.16367],[-97.22867,18.17459],[-97.23278,18.17033],[-97.23701,18.1732],[-97.24269,18.17131],[-97.24444,18.16678],[-97.24715,18.16966],[-97.25056,18.16533],[-97.25223,18.16716],[-97.25488,18.16298],[-97.25959,18.1638],[-97.26627,18.15855],[-97.30341,18.15908],[-97.31844,18.14578],[-97.33219,18.14541],[-97.34295,18.12656],[-97.35276,18.12325],[-97.36327,18.13249],[-97.36596,18.14875],[-97.37662,18.16326],[-97.37617,18.18622],[-97.38692,18.18626],[-97.3829,18.19821],[-97.38612,18.20583],[-97.37602,18.21317],[-97.38248,18.23169],[-97.38986,18.23681],[-97.38991,18.23372],[-97.39598,18.23183],[-97.40599,18.23387],[-97.40781,18.23803],[-97.41161,18.23456],[-97.41405,18.2366],[-97.41255,18.24188],[-97.4,18.24884],[-97.39044,18.24949],[-97.38176,18.25651],[-97.37631,18.26435],[-97.37584,18.28034],[-97.36328,18.29874],[-97.35095,18.29923],[-97.33797,18.30822],[-97.3143,18.30203],[-97.31573,18.30733],[-97.33082,18.32273],[-97.32272,18.32274],[-97.28905,18.30857],[-97.28764,18.29945],[-97.28221,18.30668],[-97.27455,18.30818],[-97.25226,18.32783]]]}},{"type":"Feature","properties":{"code":"21130","stateCode":"21","municipalityCode":"130","name":"San Juan Atenco"},"geometry":{"type":"Polygon","coordinates":[[[-97.57286,19.11215],[-97.53813,19.0992],[-97.5398,19.08688],[-97.53296,19.08578],[-97.50473,19.06669],[-97.49525,19.06769],[-97.49036,19.05894],[-97.47898,19.06038],[-97.474,19.04791],[-97.49207,19.03902],[-97.51382,19.05953],[-97.51628,19.05562],[-97.50821,19.04718],[-97.50949,19.04001],[-97.52781,19.01839],[-97.52465,19.01645],[-97.52559,19.00662],[-97.51686,19.00614],[-97.51737,18.99125],[-97.52328,18.98257],[-97.53434,18.98723],[-97.54795,19.00041],[-97.54939,19.0057],[-97.56263,19.01582],[-97.56124,19.01895],[-97.56743,19.01531],[-97.57035,19.00255],[-97.57798,19.00339],[-97.58519,18.99662],[-97.58948,18.99773],[-97.58784,19.00251],[-97.59186,19.01806],[-97.59906,19.01831],[-97.60337,19.01196],[-97.61065,19.01294],[-97.62002,19.00772],[-97.61147,19.02856],[-97.61386,19.03618],[-97.6066,19.03612],[-97.5993,19.04797],[-97.59649,19.0462],[-97.58551,19.05961],[-97.58341,19.0585],[-97.58651,19.09343],[-97.58234,19.09232],[-97.57286,19.11215]]]}},{"type":"Feature","properties":{"code":"21213","stateCode":"21","municipalityCode":"213","name":"Zihuateutla"},"geometry":{"type":"Polygon","coordinates":[[[-97.76514,20.38088],[-97.74445,20.38011],[-97.74374,20.37572],[-97.74804,20.37413],[-97.74375,20.36874],[-97.74567,20.36235],[-97.74313,20.36102],[-97.74288,20.3512],[-97.73474,20.34787],[-97.71275,20.32896],[-97.70251,20.32554],[-97.70069,20.31992],[-97.69655,20.31989],[-97.69462,20.33516],[-97.69009,20.33361],[-97.68999,20.33756],[-97.67934,20.34992],[-97.6744,20.34724],[-97.6769,20.33919],[-97.67313,20.33661],[-97.6842,20.32566],[-97.68407,20.3215],[-97.68999,20.31937],[-97.68485,20.31888],[-97.68192,20.31303],[-97.67764,20.31361],[-97.67677,20.3061],[-97.68184,20.30216],[-97.68812,20.30351],[-97.69462,20.30048],[-97.70481,20.30298],[-97.70841,20.28529],[-97.72412,20.28362],[-97.74089,20.27457],[-97.75366,20.28029],[-97.76971,20.27655],[-97.78271,20.26847],[-97.78143,20.26234],[-97.7845,20.25959],[-97.79524,20.2589],[-97.80136,20.26415],[-97.80647,20.26261],[-97.81116,20.26604],[-97.8308,20.26874],[-97.86457,20.25907],[-97.86518,20.25202],[-97.85301,20.24641],[-97.85538,20.24042],[-97.85931,20.24196],[-97.86501,20.23338],[-97.87757,20.23999],[-97.90181,20.22918],[-97.90157,20.21234],[-97.90986,20.20538],[-97.9223,20.20667],[-97.92531,20.20116],[-97.93587,20.21364],[-97.94629,20.2103],[-97.95559,20.21555],[-97.95978,20.22258],[-97.95505,20.23771],[-97.94074,20.22922],[-97.92452,20.22965],[-97.9202,20.23707],[-97.90698,20.23716],[-97.90853,20.24108],[-97.90128,20.23963],[-97.89553,20.24414],[-97.89471,20.25054],[-97.89124,20.24854],[-97.88608,20.25767],[-97.88812,20.2596],[-97.88265,20.26094],[-97.88209,20.26774],[-97.87623,20.26736],[-97.87589,20.2757],[-97.87381,20.28046],[-97.87179,20.279],[-97.87298,20.28257],[-97.86713,20.29641],[-97.86051,20.29247],[-97.86162,20.30063],[-97.85351,20.30786],[-97.85471,20.31741],[-97.84,20.31355],[-97.83751,20.31769],[-97.83964,20.33845],[-97.83207,20.34006],[-97.82573,20.33441],[-97.81694,20.33318],[-97.81003,20.3404],[-97.80551,20.33844],[-97.80582,20.34242],[-97.80053,20.34649],[-97.80058,20.35308],[-97.79439,20.35517],[-97.7914,20.36181],[-97.78231,20.36477],[-97.76514,20.38088]]]}},{"type":"Feature","properties":{"code":"21124","stateCode":"21","municipalityCode":"124","name":"San Gabriel Chilac"},"geometry":{"type":"Polygon","coordinates":[[[-97.41137,18.38658],[-97.40247,18.38352],[-97.40041,18.37164],[-97.37538,18.35969],[-97.36668,18.35771],[-97.35961,18.36562],[-97.35341,18.3649],[-97.35916,18.37361],[-97.35566,18.37264],[-97.34572,18.35623],[-97.33771,18.35784],[-97.33678,18.36288],[-97.32377,18.35969],[-97.32313,18.34423],[-97.32106,18.34461],[-97.32849,18.32992],[-97.32613,18.3299],[-97.32482,18.32318],[-97.33082,18.32273],[-97.31412,18.30272],[-97.32043,18.3046],[-97.323,18.30242],[-97.33797,18.30822],[-97.35095,18.29923],[-97.36328,18.29874],[-97.37584,18.28034],[-97.37631,18.26435],[-97.38176,18.25651],[-97.39044,18.24949],[-97.4,18.24884],[-97.41255,18.24188],[-97.41402,18.23703],[-97.42096,18.24952],[-97.42272,18.26742],[-97.42975,18.27068],[-97.42828,18.27981],[-97.43131,18.2905],[-97.4214,18.31763],[-97.41574,18.31726],[-97.41332,18.32256],[-97.41358,18.33338],[-97.42446,18.34108],[-97.42667,18.3491],[-97.42271,18.36265],[-97.41697,18.36714],[-97.41976,18.36961],[-97.42662,18.36834],[-97.42847,18.38311],[-97.41137,18.38658]]]}},{"type":"Feature","properties":{"code":"21169","stateCode":"21","municipalityCode":"169","name":"Tepexi de Rodríguez"},"geometry":{"type":"Polygon","coordinates":[[[-97.90896,18.61823],[-97.90138,18.6142],[-97.8616,18.60899],[-97.86016,18.60576],[-97.85692,18.60634],[-97.85654,18.60117],[-97.84701,18.59907],[-97.84688,18.5947],[-97.84163,18.59528],[-97.84599,18.58581],[-97.84372,18.58165],[-97.84584,18.5749],[-97.85195,18.57377],[-97.84564,18.5303],[-97.85095,18.53182],[-97.86289,18.52632],[-97.8574,18.51326],[-97.87022,18.50984],[-97.87379,18.51666],[-97.88141,18.51831],[-97.88574,18.52445],[-97.88881,18.52369],[-97.88222,18.50324],[-97.88411,18.502],[-97.8774,18.49562],[-97.8974,18.45609],[-97.89152,18.45322],[-97.89366,18.44953],[-97.89014,18.4459],[-97.87314,18.43903],[-97.86825,18.43252],[-97.88929,18.41748],[-97.889,18.41275],[-97.87971,18.41297],[-97.87624,18.41603],[-97.86466,18.41381],[-97.8762,18.40157],[-97.88407,18.39857],[-97.89073,18.37539],[-97.89624,18.3728],[-97.89579,18.36498],[-97.88508,18.35735],[-97.87933,18.35786],[-97.87822,18.35491],[-97.87211,18.35822],[-97.87064,18.36793],[-97.86127,18.36034],[-97.8583,18.35309],[-97.87541,18.34219],[-97.88851,18.34408],[-97.89959,18.33995],[-97.90952,18.34054],[-97.91299,18.33739],[-97.93262,18.34051],[-97.95767,18.33019],[-97.95847,18.3359],[-97.96644,18.34093],[-97.96408,18.34348],[-97.96672,18.34695],[-97.96242,18.35007],[-97.96479,18.35321],[-97.95602,18.35952],[-97.95365,18.36708],[-97.95653,18.37954],[-97.94822,18.39032],[-97.95017,18.40269],[-97.96014,18.40714],[-97.96462,18.41315],[-97.96927,18.43695],[-97.99191,18.45583],[-97.99391,18.46494],[-97.99738,18.46699],[-97.99411,18.47157],[-97.9956,18.47874],[-98.00024,18.47639],[-98.00736,18.48222],[-98.01001,18.47692],[-98.01202,18.47998],[-98.01608,18.47931],[-98.0169,18.4838],[-98.02582,18.48086],[-98.04404,18.49749],[-98.04001,18.51947],[-98.04773,18.53413],[-98.04285,18.53287],[-98.04004,18.53673],[-98.05012,18.54767],[-98.04564,18.55322],[-98.03985,18.55378],[-98.03777,18.54943],[-98.02317,18.5474],[-98.02605,18.54292],[-98.01679,18.54518],[-98.01588,18.55053],[-98.02229,18.557],[-98.02717,18.56884],[-98.01886,18.57644],[-98.00828,18.57261],[-98.01715,18.59306],[-98.02091,18.59557],[-98.01384,18.60042],[-98.00108,18.60368],[-97.98902,18.60243],[-97.9685,18.59446],[-97.9564,18.59413],[-97.94764,18.59569],[-97.9432,18.60126],[-97.9409,18.59983],[-97.93173,18.61001],[-97.92609,18.60742],[-97.90896,18.61823]]]}},{"type":"Feature","properties":{"code":"21172","stateCode":"21","municipalityCode":"172","name":"Tetela de Ocampo"},"geometry":{"type":"Polygon","coordinates":[[[-97.83524,19.92742],[-97.83188,19.92129],[-97.82106,19.91948],[-97.82341,19.90447],[-97.82626,19.89866],[-97.83085,19.89717],[-97.8328,19.88479],[-97.82678,19.87258],[-97.8207,19.86848],[-97.82186,19.86354],[-97.81927,19.86152],[-97.81046,19.86504],[-97.79222,19.86565],[-97.78984,19.88354],[-97.78085,19.87952],[-97.76967,19.88012],[-97.76567,19.88801],[-97.75527,19.89671],[-97.74906,19.89762],[-97.7467,19.89452],[-97.73386,19.90015],[-97.73097,19.89337],[-97.73262,19.87645],[-97.72331,19.88429],[-97.71602,19.88329],[-97.69761,19.8887],[-97.68735,19.88077],[-97.68526,19.8739],[-97.68207,19.87612],[-97.67986,19.87398],[-97.67573,19.89202],[-97.68173,19.89928],[-97.67169,19.89823],[-97.67112,19.90905],[-97.6542,19.90609],[-97.65345,19.91032],[-97.64521,19.90877],[-97.64318,19.90499],[-97.64964,19.90107],[-97.65027,19.88974],[-97.65442,19.88965],[-97.66008,19.88304],[-97.66477,19.88334],[-97.66506,19.86505],[-97.67294,19.86326],[-97.67765,19.85635],[-97.67154,19.84477],[-97.67207,19.82333],[-97.67735,19.81877],[-97.67392,19.81444],[-97.68391,19.80721],[-97.69222,19.81003],[-97.70919,19.80063],[-97.71772,19.80881],[-97.71447,19.79692],[-97.72685,19.79689],[-97.73516,19.79334],[-97.72108,19.79087],[-97.72662,19.78793],[-97.72155,19.78193],[-97.7335,19.77964],[-97.73274,19.77522],[-97.74078,19.7772],[-97.73847,19.77338],[-97.7435,19.77244],[-97.74027,19.77059],[-97.74365,19.76992],[-97.74172,19.76734],[-97.74389,19.76261],[-97.74067,19.75609],[-97.7577,19.7652],[-97.76662,19.75],[-97.765,19.74355],[-97.75311,19.73473],[-97.76443,19.71143],[-97.77346,19.70828],[-97.77758,19.71089],[-97.78299,19.7086],[-97.78925,19.71029],[-97.79674,19.70236],[-97.79708,19.69526],[-97.80408,19.69976],[-97.80449,19.70353],[-97.81317,19.70341],[-97.81802,19.70906],[-97.83636,19.71682],[-97.83856,19.73539],[-97.85113,19.73954],[-97.85048,19.75444],[-97.84574,19.76036],[-97.84687,19.77068],[-97.85537,19.7752],[-97.86187,19.79134],[-97.87133,19.80023],[-97.88492,19.79901],[-97.88319,19.80433],[-97.88933,19.80253],[-97.8942,19.80832],[-97.89926,19.82185],[-97.89105,19.82375],[-97.89102,19.83035],[-97.89901,19.83081],[-97.89233,19.83566],[-97.90426,19.83615],[-97.91252,19.8401],[-97.9114,19.84659],[-97.90762,19.84583],[-97.90308,19.85234],[-97.89663,19.84802],[-97.89633,19.85135],[-97.8911,19.85151],[-97.88633,19.86088],[-97.87973,19.866],[-97.86925,19.86303],[-97.8698,19.86775],[-97.85974,19.88026],[-97.85634,19.89454],[-97.84714,19.90234],[-97.84748,19.91484],[-97.851,19.92088],[-97.83524,19.92742]]]}},{"type":"Feature","properties":{"code":"21179","stateCode":"21","municipalityCode":"179","name":"Tlachichuca"},"geometry":{"type":"Polygon","coordinates":[[[-97.40333,19.26657],[-97.38821,19.24147],[-97.40944,19.23511],[-97.4076,19.22204],[-97.38895,19.23062],[-97.38159,19.22833],[-97.37645,19.23556],[-97.36215,19.2308],[-97.36319,19.2268],[-97.35821,19.22281],[-97.36679,19.2211],[-97.36799,19.21727],[-97.37442,19.2197],[-97.37352,19.21525],[-97.3786,19.21025],[-97.35803,19.19298],[-97.34565,19.18855],[-97.34026,19.19099],[-97.33192,19.18937],[-97.31677,19.18159],[-97.32067,19.18944],[-97.31806,19.19926],[-97.31356,19.19845],[-97.31124,19.20213],[-97.31361,19.20297],[-97.31044,19.20404],[-97.28919,19.19379],[-97.27083,19.17924],[-97.25038,19.17596],[-97.24083,19.18513],[-97.22677,19.18298],[-97.21618,19.19233],[-97.21441,19.18556],[-97.20302,19.18051],[-97.2015,19.17337],[-97.19459,19.17181],[-97.19664,19.16654],[-97.20963,19.15985],[-97.1972,19.14656],[-97.20272,19.14126],[-97.21957,19.13613],[-97.21702,19.1343],[-97.22232,19.12343],[-97.22815,19.12182],[-97.23755,19.10951],[-97.2614,19.09663],[-97.26965,19.06307],[-97.26663,19.03031],[-97.3111,19.03527],[-97.32097,19.04427],[-97.34541,19.04339],[-97.35472,19.04752],[-97.35607,19.0528],[-97.36894,19.05728],[-97.40157,19.05725],[-97.40428,19.05476],[-97.4348,19.05798],[-97.43384,19.06151],[-97.43813,19.06235],[-97.44046,19.07386],[-97.45643,19.08085],[-97.46056,19.07911],[-97.46085,19.08223],[-97.45131,19.09213],[-97.48159,19.09985],[-97.47789,19.11279],[-97.48383,19.12702],[-97.47521,19.14242],[-97.47873,19.14386],[-97.46159,19.16654],[-97.46806,19.17039],[-97.44213,19.19415],[-97.442,19.19686],[-97.44535,19.19673],[-97.44482,19.20247],[-97.43924,19.19973],[-97.43856,19.21162],[-97.43555,19.21504],[-97.43856,19.21588],[-97.43326,19.23026],[-97.42418,19.24294],[-97.42378,19.24985],[-97.42804,19.253],[-97.42091,19.25909],[-97.41535,19.25528],[-97.40333,19.26657]]]}},{"type":"Feature","properties":{"code":"21202","stateCode":"21","municipalityCode":"202","name":"Xochitlán de Vicente Suárez"},"geometry":{"type":"Polygon","coordinates":[[[-97.61877,19.99469],[-97.60808,19.98452],[-97.60735,19.97589],[-97.60151,19.97306],[-97.60045,19.96685],[-97.60844,19.96031],[-97.61686,19.94614],[-97.60806,19.93684],[-97.6049,19.92533],[-97.61607,19.92243],[-97.61368,19.91659],[-97.6308,19.90581],[-97.63618,19.91004],[-97.64293,19.9044],[-97.6451,19.9087],[-97.65152,19.91002],[-97.65457,19.9092],[-97.6542,19.90609],[-97.67112,19.90905],[-97.67169,19.89823],[-97.68173,19.89928],[-97.67573,19.89202],[-97.67986,19.87398],[-97.68207,19.87612],[-97.68526,19.8739],[-97.68735,19.88077],[-97.69761,19.8887],[-97.71602,19.88329],[-97.72331,19.88429],[-97.73262,19.87645],[-97.73098,19.89227],[-97.70997,19.89139],[-97.70782,19.90167],[-97.70006,19.91259],[-97.69502,19.91007],[-97.68611,19.91462],[-97.68643,19.92675],[-97.69047,19.93212],[-97.68827,19.94993],[-97.66038,19.97424],[-97.66405,19.98228],[-97.65792,19.99368],[-97.64121,19.99441],[-97.63606,19.98835],[-97.62692,19.98642],[-97.61877,19.99469]]]}},{"type":"Feature","properties":{"code":"21203","stateCode":"21","municipalityCode":"203","name":"Xochitlán Todos Santos"},"geometry":{"type":"Polygon","coordinates":[[[-97.77231,18.78418],[-97.76794,18.78001],[-97.76194,18.78291],[-97.75762,18.77938],[-97.75421,18.78151],[-97.74076,18.77117],[-97.75291,18.73959],[-97.73273,18.73577],[-97.71172,18.72486],[-97.70819,18.70894],[-97.7194,18.70265],[-97.71368,18.69655],[-97.72519,18.67986],[-97.72479,18.67612],[-97.72038,18.678],[-97.72355,18.67395],[-97.72025,18.67109],[-97.72542,18.65923],[-97.73831,18.66277],[-97.75775,18.62295],[-97.75986,18.60391],[-97.77516,18.61973],[-97.78294,18.62165],[-97.78772,18.61438],[-97.79555,18.62043],[-97.8073,18.62152],[-97.80925,18.6265],[-97.81953,18.63439],[-97.82458,18.64181],[-97.80467,18.6488],[-97.8052,18.65861],[-97.82107,18.66727],[-97.82251,18.66395],[-97.85301,18.66319],[-97.85782,18.66961],[-97.85525,18.67422],[-97.83265,18.67509],[-97.85122,18.68342],[-97.84822,18.69768],[-97.8416,18.69815],[-97.84192,18.70867],[-97.83427,18.71914],[-97.83633,18.72461],[-97.82493,18.72637],[-97.80006,18.74157],[-97.79662,18.75984],[-97.78374,18.7823],[-97.7787,18.78076],[-97.77231,18.78418]]]}},{"type":"Feature","properties":{"code":"21042","stateCode":"21","municipalityCode":"042","name":"Cuayuca de Andrade"},"geometry":{"type":"Polygon","coordinates":[[[-98.11025,18.50913],[-98.09824,18.50058],[-98.07671,18.49441],[-98.0805,18.48689],[-98.08971,18.48762],[-98.09489,18.49256],[-98.10001,18.48935],[-98.10028,18.48294],[-98.09423,18.47596],[-98.09349,18.46803],[-98.08857,18.46837],[-98.09396,18.46103],[-98.09178,18.45834],[-98.09379,18.45538],[-98.08262,18.44981],[-98.09149,18.44726],[-98.091,18.44446],[-98.10624,18.46005],[-98.11579,18.46294],[-98.11328,18.44529],[-98.11834,18.44484],[-98.12464,18.43778],[-98.11291,18.43501],[-98.10651,18.42931],[-98.09732,18.42827],[-98.09803,18.42164],[-98.1168,18.42293],[-98.12444,18.4176],[-98.15045,18.41358],[-98.1511,18.41713],[-98.15462,18.41535],[-98.15838,18.41774],[-98.16557,18.41374],[-98.16427,18.41133],[-98.16943,18.40717],[-98.16807,18.40336],[-98.15318,18.40344],[-98.15381,18.39161],[-98.15849,18.38495],[-98.15583,18.37678],[-98.15923,18.3708],[-98.15582,18.36464],[-98.15931,18.35746],[-98.16222,18.36341],[-98.18554,18.36668],[-98.18681,18.37534],[-98.19897,18.39597],[-98.2035,18.39327],[-98.20662,18.39546],[-98.21291,18.38906],[-98.22048,18.39007],[-98.21926,18.39793],[-98.22412,18.39376],[-98.23087,18.39676],[-98.24205,18.39306],[-98.26427,18.3993],[-98.25088,18.40898],[-98.25666,18.41241],[-98.28449,18.40274],[-98.28896,18.41025],[-98.29272,18.40967],[-98.28479,18.41402],[-98.2772,18.41026],[-98.27642,18.41447],[-98.2807,18.41805],[-98.27171,18.41986],[-98.26924,18.42434],[-98.26919,18.43138],[-98.27624,18.43361],[-98.27266,18.44036],[-98.269,18.43815],[-98.27402,18.44786],[-98.27429,18.45839],[-98.27842,18.45782],[-98.27867,18.46371],[-98.28206,18.46626],[-98.27919,18.46775],[-98.27929,18.47369],[-98.28446,18.47497],[-98.27954,18.48602],[-98.28156,18.49311],[-98.27564,18.49278],[-98.27555,18.49978],[-98.2707,18.50256],[-98.25128,18.49869],[-98.24928,18.49499],[-98.25424,18.48859],[-98.25213,18.48852],[-98.25368,18.48174],[-98.26452,18.47105],[-98.26346,18.46808],[-98.25364,18.4711],[-98.24923,18.46909],[-98.24575,18.47212],[-98.24085,18.4704],[-98.23424,18.47459],[-98.23893,18.48134],[-98.23168,18.48353],[-98.22908,18.49467],[-98.22526,18.49706],[-98.21053,18.49551],[-98.20156,18.48699],[-98.1932,18.49796],[-98.17132,18.49943],[-98.16707,18.48868],[-98.1564,18.49029],[-98.15181,18.49427],[-98.14768,18.49298],[-98.13683,18.49871],[-98.12154,18.49564],[-98.1203,18.50355],[-98.11296,18.50387],[-98.11025,18.50913]]]}},{"type":"Feature","properties":{"code":"21043","stateCode":"21","municipalityCode":"043","name":"Cuetzalan del Progreso"},"geometry":{"type":"Polygon","coordinates":[[[-97.49706,20.10484],[-97.4919,20.10275],[-97.49118,20.09502],[-97.48561,20.09796],[-97.48106,20.09492],[-97.47337,20.10046],[-97.46259,20.0958],[-97.46006,20.10208],[-97.4573,20.10055],[-97.45813,20.09694],[-97.45047,20.09278],[-97.45918,20.08937],[-97.44887,20.0873],[-97.45122,20.07504],[-97.44505,20.07159],[-97.44536,20.0617],[-97.44017,20.06321],[-97.43166,20.05643],[-97.42052,20.05632],[-97.41887,20.04983],[-97.41309,20.0494],[-97.41679,20.04415],[-97.41485,20.037],[-97.42215,20.02605],[-97.43208,20.02602],[-97.43523,20.01807],[-97.44336,20.01372],[-97.43185,19.99807],[-97.44348,19.98565],[-97.45609,19.97873],[-97.48902,19.98522],[-97.4953,19.9781],[-97.49446,19.97364],[-97.49027,19.97148],[-97.49317,19.96622],[-97.48919,19.96271],[-97.51716,19.96057],[-97.51975,19.9632],[-97.52592,19.95827],[-97.53042,19.96257],[-97.54036,19.96312],[-97.54692,19.95683],[-97.55614,19.95758],[-97.56358,19.94988],[-97.56874,19.94987],[-97.56748,19.96647],[-97.56421,19.96723],[-97.56807,19.97329],[-97.56925,19.99284],[-97.58012,19.99638],[-97.57616,20.01881],[-97.57208,20.0243],[-97.56889,20.02311],[-97.56428,20.03135],[-97.55381,20.03659],[-97.54919,20.05739],[-97.53735,20.08025],[-97.53861,20.08913],[-97.53379,20.09089],[-97.533,20.09724],[-97.52484,20.10041],[-97.52528,20.09756],[-97.51665,20.0961],[-97.51253,20.09103],[-97.49706,20.10484]]]}},{"type":"Feature","properties":{"code":"21217","stateCode":"21","municipalityCode":"217","name":"Zoquitlán"},"geometry":{"type":"Polygon","coordinates":[[[-96.9037,18.49334],[-96.8988,18.47986],[-96.89052,18.47968],[-96.88767,18.48379],[-96.87737,18.47234],[-96.87333,18.47246],[-96.87623,18.48112],[-96.86829,18.48564],[-96.86202,18.48294],[-96.86553,18.47649],[-96.85485,18.45586],[-96.85824,18.45212],[-96.85357,18.4402],[-96.85845,18.43177],[-96.85655,18.42649],[-96.85893,18.42193],[-96.85481,18.41709],[-96.87548,18.40737],[-96.87425,18.39375],[-96.88084,18.38999],[-96.88673,18.38123],[-96.90397,18.3705],[-96.92555,18.36633],[-96.92489,18.35918],[-96.91972,18.35609],[-96.92207,18.3505],[-96.93195,18.34368],[-96.93728,18.34538],[-96.93939,18.32834],[-96.96166,18.31149],[-96.97153,18.31933],[-96.98268,18.32111],[-96.99435,18.30615],[-96.99804,18.30615],[-96.9955,18.30307],[-97.00864,18.29637],[-97.0034,18.29206],[-97.00921,18.28588],[-97.02201,18.27739],[-97.02775,18.27956],[-97.03598,18.27757],[-97.04724,18.28416],[-97.05164,18.28299],[-97.05588,18.29657],[-97.06685,18.30596],[-97.06684,18.30985],[-97.05661,18.32076],[-97.05563,18.32978],[-97.0625,18.335],[-97.06354,18.34873],[-97.07394,18.34671],[-97.09484,18.33557],[-97.10353,18.3351],[-97.11042,18.34134],[-97.11249,18.32942],[-97.11941,18.33029],[-97.1294,18.32514],[-97.13781,18.32646],[-97.14802,18.33333],[-97.14578,18.34511],[-97.1574,18.35102],[-97.14182,18.3619],[-97.13797,18.37087],[-97.09421,18.36523],[-97.07366,18.3546],[-97.06424,18.35514],[-97.06116,18.36772],[-97.05303,18.37335],[-97.05175,18.38817],[-97.00892,18.40721],[-96.99886,18.40231],[-96.99555,18.39514],[-96.9903,18.39563],[-96.9904,18.38527],[-96.98749,18.38104],[-96.97953,18.39334],[-96.97684,18.40387],[-96.9668,18.41337],[-96.96207,18.4128],[-96.95911,18.42449],[-96.94467,18.4424],[-96.94252,18.45038],[-96.93745,18.44225],[-96.92771,18.44288],[-96.92996,18.46156],[-96.91794,18.47572],[-96.91994,18.48426],[-96.91546,18.4844],[-96.91137,18.49006],[-96.9037,18.49334]]]}},{"type":"Feature","properties":{"code":"21101","stateCode":"21","municipalityCode":"101","name":"Nauzontla"},"geometry":{"type":"Polygon","coordinates":[[[-97.58106,19.99839],[-97.57139,19.99441],[-97.5678,19.98938],[-97.56807,19.97329],[-97.56421,19.96723],[-97.56724,19.96712],[-97.56854,19.96144],[-97.56661,19.95405],[-97.58045,19.9351],[-97.6049,19.92533],[-97.60806,19.93684],[-97.61686,19.94614],[-97.60844,19.96031],[-97.60045,19.96685],[-97.60177,19.97369],[-97.60735,19.97589],[-97.60911,19.98133],[-97.60676,19.98567],[-97.60286,19.98481],[-97.60166,19.99139],[-97.595,19.99352],[-97.59301,19.99153],[-97.58909,19.99776],[-97.58106,19.99839]]]}},{"type":"Feature","properties":{"code":"21100","stateCode":"21","municipalityCode":"100","name":"Naupan"},"geometry":{"type":"Polygon","coordinates":[[[-98.08479,20.30534],[-98.05996,20.29916],[-98.05619,20.2946],[-98.05108,20.29428],[-98.05054,20.28909],[-98.0571,20.27859],[-98.05894,20.26623],[-98.06809,20.26366],[-98.07326,20.25256],[-98.07855,20.25143],[-98.08277,20.2447],[-98.10035,20.23687],[-98.09867,20.23255],[-98.10236,20.22999],[-98.10387,20.22288],[-98.09899,20.20204],[-98.11703,20.1799],[-98.11884,20.17277],[-98.1234,20.17034],[-98.12367,20.17642],[-98.1316,20.17797],[-98.12753,20.18246],[-98.12956,20.18872],[-98.13489,20.19086],[-98.1389,20.19983],[-98.14384,20.19951],[-98.15392,20.20858],[-98.15506,20.21743],[-98.15015,20.22131],[-98.14241,20.22194],[-98.1317,20.24279],[-98.11948,20.24993],[-98.1201,20.2529],[-98.11148,20.26118],[-98.10252,20.2821],[-98.10408,20.2982],[-98.09379,20.30456],[-98.08479,20.30534]]]}},{"type":"Feature","properties":{"code":"21099","stateCode":"21","municipalityCode":"099","name":"Cañada Morelos"},"geometry":{"type":"Polygon","coordinates":[[[-97.41025,18.82215],[-97.38477,18.81212],[-97.37337,18.8145],[-97.36528,18.81251],[-97.36363,18.81667],[-97.3436,18.81055],[-97.34629,18.81813],[-97.32634,18.81156],[-97.33254,18.8079],[-97.33775,18.79909],[-97.34445,18.80032],[-97.35356,18.79006],[-97.35285,18.77436],[-97.34019,18.7784],[-97.33701,18.76838],[-97.33014,18.76664],[-97.33119,18.76244],[-97.34035,18.75865],[-97.34439,18.749],[-97.34153,18.74162],[-97.33951,18.74241],[-97.34719,18.72744],[-97.34215,18.72582],[-97.34901,18.71613],[-97.35565,18.71653],[-97.35968,18.71211],[-97.37031,18.71378],[-97.37381,18.70894],[-97.38982,18.71528],[-97.39188,18.70092],[-97.40012,18.69288],[-97.40111,18.67216],[-97.41804,18.65911],[-97.4163,18.65511],[-97.40985,18.65597],[-97.41694,18.6493],[-97.41475,18.64027],[-97.42249,18.6407],[-97.42296,18.63535],[-97.4348,18.63968],[-97.45624,18.66552],[-97.45325,18.64864],[-97.45909,18.63697],[-97.46533,18.63611],[-97.46891,18.6286],[-97.48192,18.64426],[-97.49128,18.64432],[-97.48922,18.65578],[-97.49272,18.66053],[-97.50147,18.66476],[-97.50857,18.66271],[-97.50141,18.68031],[-97.49826,18.68419],[-97.49358,18.68332],[-97.48944,18.69902],[-97.52007,18.72376],[-97.51417,18.72543],[-97.51126,18.73253],[-97.50481,18.73279],[-97.50849,18.73677],[-97.50831,18.75146],[-97.51738,18.75488],[-97.52347,18.75064],[-97.52311,18.7538],[-97.51374,18.76424],[-97.51113,18.77664],[-97.5062,18.77377],[-97.50246,18.78117],[-97.50472,18.78579],[-97.46552,18.76149],[-97.4543,18.77599],[-97.45389,18.78247],[-97.45893,18.78026],[-97.46478,18.78631],[-97.45356,18.79302],[-97.44777,18.8016],[-97.43225,18.80713],[-97.40867,18.80272],[-97.41229,18.81625],[-97.41025,18.82215]]]}},{"type":"Feature","properties":{"code":"21098","stateCode":"21","municipalityCode":"098","name":"Molcaxac"},"geometry":{"type":"Polygon","coordinates":[[[-97.90182,18.76656],[-97.89403,18.76328],[-97.89106,18.74845],[-97.89422,18.74692],[-97.88563,18.74052],[-97.87721,18.73968],[-97.8706,18.73441],[-97.85808,18.73821],[-97.85175,18.74482],[-97.83802,18.72918],[-97.83427,18.71914],[-97.84192,18.70867],[-97.8416,18.69815],[-97.84822,18.69768],[-97.85122,18.68342],[-97.83265,18.67509],[-97.85525,18.67422],[-97.85776,18.66937],[-97.84972,18.66267],[-97.82251,18.66395],[-97.82107,18.66727],[-97.8052,18.65861],[-97.80467,18.6488],[-97.82435,18.64082],[-97.8073,18.62152],[-97.79555,18.62043],[-97.78675,18.61409],[-97.79323,18.60109],[-97.81198,18.58091],[-97.81933,18.58319],[-97.83826,18.60296],[-97.84143,18.59632],[-97.84622,18.59454],[-97.8467,18.59881],[-97.85654,18.60117],[-97.85692,18.60634],[-97.86016,18.60576],[-97.8616,18.60899],[-97.90138,18.6142],[-97.90935,18.61825],[-97.91153,18.61454],[-97.92339,18.61011],[-97.92921,18.61973],[-97.92175,18.64375],[-97.91408,18.64908],[-97.90445,18.67026],[-97.90502,18.69071],[-97.91045,18.69837],[-97.91925,18.7007],[-97.94326,18.72195],[-97.94896,18.72355],[-97.92386,18.73523],[-97.91661,18.74724],[-97.91751,18.7631],[-97.9067,18.76324],[-97.90182,18.76656]]]}},{"type":"Feature","properties":{"code":"21096","stateCode":"21","municipalityCode":"096","name":"Mazapiltepec de Juárez"},"geometry":{"type":"Polygon","coordinates":[[[-97.72549,19.20904],[-97.71556,19.19767],[-97.66454,19.18678],[-97.65787,19.17684],[-97.67959,19.15319],[-97.66347,19.14585],[-97.66742,19.13361],[-97.66387,19.13213],[-97.66762,19.12742],[-97.65873,19.12861],[-97.65599,19.12372],[-97.66656,19.10399],[-97.66181,19.09779],[-97.66472,19.09526],[-97.66104,19.09335],[-97.65875,19.08512],[-97.66118,19.08071],[-97.67729,19.08375],[-97.68613,19.09038],[-97.68205,19.09359],[-97.69267,19.10453],[-97.71071,19.11189],[-97.69923,19.12562],[-97.6962,19.12383],[-97.69104,19.12848],[-97.68713,19.14024],[-97.69791,19.14641],[-97.70046,19.14288],[-97.70956,19.14255],[-97.70672,19.14378],[-97.71237,19.15084],[-97.70782,19.15756],[-97.69387,19.15954],[-97.70762,19.18286],[-97.71012,19.1668],[-97.71267,19.16338],[-97.7167,19.16518],[-97.7149,19.16216],[-97.71877,19.15844],[-97.72989,19.17219],[-97.7469,19.1855],[-97.73901,19.20298],[-97.73779,19.19522],[-97.73474,19.1939],[-97.72549,19.20904]]]}},{"type":"Feature","properties":{"code":"21094","stateCode":"21","municipalityCode":"094","name":"Libres"},"geometry":{"type":"Polygon","coordinates":[[[-97.74935,19.5417],[-97.74034,19.53262],[-97.72506,19.52932],[-97.72114,19.53134],[-97.7228,19.53486],[-97.72037,19.537],[-97.71789,19.53174],[-97.70021,19.52044],[-97.69583,19.52194],[-97.6906,19.53017],[-97.69411,19.53405],[-97.68094,19.53494],[-97.67729,19.52818],[-97.66568,19.53463],[-97.65985,19.52773],[-97.64822,19.52201],[-97.64576,19.51261],[-97.63649,19.50452],[-97.63455,19.49865],[-97.60945,19.51873],[-97.60647,19.51306],[-97.59295,19.51745],[-97.58999,19.51213],[-97.57799,19.5102],[-97.58149,19.49402],[-97.56714,19.49361],[-97.56137,19.48292],[-97.5726,19.47291],[-97.56617,19.46248],[-97.55767,19.46447],[-97.55326,19.47025],[-97.54139,19.462],[-97.53902,19.45434],[-97.56256,19.4384],[-97.57817,19.43451],[-97.60076,19.41745],[-97.61878,19.39192],[-97.61943,19.39728],[-97.63921,19.42151],[-97.64904,19.42919],[-97.65652,19.42819],[-97.66038,19.42542],[-97.66078,19.40643],[-97.66554,19.39999],[-97.66408,19.38948],[-97.6586,19.38777],[-97.66037,19.38062],[-97.65429,19.3765],[-97.66307,19.37384],[-97.66421,19.36511],[-97.66881,19.36835],[-97.67352,19.36732],[-97.6813,19.3883],[-97.69381,19.38916],[-97.69817,19.39561],[-97.70545,19.39364],[-97.7066,19.40315],[-97.72114,19.41858],[-97.72453,19.43164],[-97.7341,19.43498],[-97.74174,19.43223],[-97.74728,19.43633],[-97.74469,19.44504],[-97.74786,19.45123],[-97.75665,19.4525],[-97.7548,19.45754],[-97.77071,19.45661],[-97.77392,19.45956],[-97.77396,19.46917],[-97.77805,19.47288],[-97.78658,19.47045],[-97.79686,19.47244],[-97.79436,19.50094],[-97.79043,19.50528],[-97.79315,19.50953],[-97.78697,19.53118],[-97.75541,19.54254],[-97.75116,19.5396],[-97.74935,19.5417]]]}},{"type":"Feature","properties":{"code":"21093","stateCode":"21","municipalityCode":"093","name":"Lafragua"},"geometry":{"type":"Polygon","coordinates":[[[-97.28159,19.38719],[-97.26444,19.38062],[-97.2548,19.38179],[-97.23362,19.37122],[-97.23109,19.36271],[-97.22387,19.35696],[-97.21021,19.35944],[-97.2067,19.34899],[-97.21009,19.33788],[-97.20526,19.32822],[-97.21353,19.32708],[-97.21557,19.32315],[-97.22193,19.32922],[-97.229,19.32354],[-97.23071,19.32762],[-97.24483,19.33574],[-97.25022,19.33412],[-97.25008,19.32931],[-97.24664,19.32706],[-97.25369,19.31767],[-97.25296,19.31085],[-97.25823,19.30229],[-97.25262,19.30046],[-97.2566,19.29581],[-97.25758,19.28676],[-97.2454,19.28564],[-97.24837,19.27545],[-97.23829,19.27051],[-97.23484,19.2647],[-97.24717,19.26855],[-97.25689,19.25535],[-97.26567,19.25358],[-97.26135,19.23974],[-97.26581,19.23747],[-97.26209,19.23499],[-97.26712,19.2306],[-97.2701,19.22061],[-97.26773,19.21415],[-97.26529,19.21525],[-97.26794,19.2089],[-97.26023,19.20853],[-97.2673,19.19896],[-97.26677,19.18626],[-97.27681,19.18462],[-97.31129,19.20408],[-97.31307,19.19878],[-97.31806,19.19926],[-97.32067,19.18944],[-97.31677,19.18159],[-97.33192,19.18937],[-97.34904,19.18949],[-97.36528,19.19705],[-97.3786,19.21025],[-97.37352,19.21525],[-97.37442,19.2197],[-97.36799,19.21727],[-97.36679,19.2211],[-97.35821,19.22281],[-97.36319,19.2268],[-97.36215,19.2308],[-97.37213,19.23526],[-97.3735,19.23305],[-97.3794,19.23432],[-97.37664,19.24726],[-97.36529,19.26462],[-97.35404,19.25835],[-97.33844,19.25491],[-97.3266,19.26121],[-97.31996,19.25572],[-97.31608,19.24432],[-97.2965,19.23308],[-97.28793,19.23721],[-97.28261,19.24707],[-97.30041,19.26766],[-97.3138,19.26667],[-97.3232,19.27246],[-97.32687,19.28268],[-97.31771,19.28173],[-97.31395,19.28839],[-97.31547,19.29185],[-97.32299,19.29194],[-97.31896,19.29454],[-97.32022,19.29648],[-97.32553,19.29538],[-97.32371,19.29768],[-97.32959,19.30032],[-97.33003,19.30415],[-97.33841,19.30583],[-97.3367,19.31083],[-97.32947,19.30994],[-97.33241,19.31883],[-97.33098,19.32507],[-97.32287,19.33682],[-97.30821,19.32806],[-97.30004,19.32756],[-97.29538,19.32051],[-97.29048,19.32316],[-97.29282,19.33209],[-97.30027,19.33854],[-97.2916,19.33853],[-97.28707,19.33396],[-97.28202,19.33673],[-97.29482,19.35226],[-97.30299,19.35415],[-97.3037,19.35827],[-97.30104,19.36079],[-97.29387,19.35825],[-97.28868,19.36374],[-97.29588,19.36745],[-97.32122,19.36799],[-97.34525,19.37693],[-97.32454,19.37833],[-97.302,19.37343],[-97.29738,19.37826],[-97.28139,19.36985],[-97.27689,19.37509],[-97.28196,19.37873],[-97.28159,19.38719]]]}},{"type":"Feature","properties":{"code":"21092","stateCode":"21","municipalityCode":"092","name":"Juan N. Méndez"},"geometry":{"type":"Polygon","coordinates":[[[-97.78294,18.62165],[-97.77101,18.61684],[-97.75785,18.60111],[-97.73858,18.58797],[-97.74434,18.57999],[-97.7507,18.57721],[-97.72675,18.56725],[-97.71593,18.57203],[-97.69111,18.56253],[-97.6724,18.57294],[-97.67057,18.55964],[-97.66038,18.54119],[-97.65226,18.55102],[-97.64972,18.54533],[-97.65838,18.51666],[-97.65277,18.51492],[-97.65025,18.50292],[-97.63676,18.50306],[-97.63508,18.48609],[-97.62904,18.48231],[-97.62035,18.48242],[-97.623,18.47796],[-97.62158,18.47189],[-97.61623,18.47092],[-97.64031,18.46044],[-97.6462,18.46235],[-97.64968,18.47024],[-97.65816,18.47533],[-97.67157,18.46415],[-97.70724,18.4692],[-97.73217,18.46511],[-97.74296,18.46982],[-97.75293,18.46163],[-97.75646,18.47094],[-97.76919,18.47659],[-97.76435,18.48018],[-97.78103,18.49667],[-97.77509,18.53048],[-97.78511,18.52781],[-97.80313,18.50996],[-97.81235,18.51403],[-97.81144,18.52604],[-97.81701,18.53536],[-97.84564,18.5303],[-97.85195,18.57377],[-97.84584,18.5749],[-97.84534,18.58876],[-97.83964,18.60179],[-97.82632,18.59312],[-97.81691,18.5813],[-97.81198,18.58091],[-97.79323,18.60109],[-97.78294,18.62165]]]}},{"type":"Feature","properties":{"code":"21012","stateCode":"21","municipalityCode":"012","name":"Aljojuca"},"geometry":{"type":"Polygon","coordinates":[[[-97.5526,19.15233],[-97.5404,19.14849],[-97.54331,19.13326],[-97.49977,19.12006],[-97.49929,19.11594],[-97.49442,19.1161],[-97.47751,19.09699],[-97.45131,19.09213],[-97.46085,19.08223],[-97.46855,19.08287],[-97.47194,19.0737],[-97.47761,19.07181],[-97.47898,19.06038],[-97.49036,19.05894],[-97.49525,19.06769],[-97.50473,19.06669],[-97.53296,19.08578],[-97.5398,19.08688],[-97.53813,19.0992],[-97.56933,19.11186],[-97.57251,19.11961],[-97.57041,19.13228],[-97.55653,19.14393],[-97.5526,19.15233]]]}},{"type":"Feature","properties":{"code":"21013","stateCode":"21","municipalityCode":"013","name":"Altepexi"},"geometry":{"type":"Polygon","coordinates":[[[-97.33118,18.40349],[-97.33243,18.3988],[-97.32551,18.39289],[-97.30883,18.39145],[-97.30752,18.3949],[-97.29858,18.39824],[-97.30004,18.39204],[-97.29121,18.39117],[-97.29302,18.38533],[-97.29968,18.38008],[-97.29663,18.37694],[-97.28044,18.37713],[-97.27825,18.37484],[-97.2724,18.3773],[-97.26665,18.37484],[-97.26686,18.3678],[-97.25852,18.35217],[-97.26624,18.34468],[-97.26809,18.33464],[-97.27688,18.33228],[-97.27927,18.33457],[-97.2818,18.32382],[-97.28977,18.32301],[-97.29564,18.31207],[-97.32482,18.32318],[-97.32613,18.3299],[-97.32849,18.32992],[-97.32106,18.34461],[-97.32313,18.34423],[-97.32191,18.35332],[-97.33336,18.37664],[-97.3313,18.38919],[-97.34027,18.39447],[-97.3405,18.39857],[-97.33771,18.40267],[-97.33118,18.40349]]]}},{"type":"Feature","properties":{"code":"21007","stateCode":"21","municipalityCode":"007","name":"Ahuatlán"},"geometry":{"type":"Polygon","coordinates":[[[-98.28293,18.66049],[-98.27788,18.65254],[-98.25689,18.63888],[-98.25388,18.64188],[-98.24472,18.64231],[-98.24029,18.62844],[-98.24418,18.62618],[-98.23778,18.61506],[-98.22404,18.61773],[-98.20399,18.59686],[-98.1933,18.59664],[-98.19394,18.5899],[-98.20067,18.59035],[-98.21446,18.57616],[-98.21084,18.56945],[-98.21602,18.56597],[-98.20965,18.56266],[-98.21483,18.55956],[-98.21239,18.55501],[-98.22102,18.55188],[-98.22253,18.54791],[-98.22468,18.55015],[-98.2219,18.54025],[-98.23071,18.54475],[-98.22711,18.54102],[-98.23022,18.53852],[-98.2368,18.54551],[-98.23488,18.54211],[-98.24257,18.53611],[-98.23863,18.52799],[-98.24076,18.52171],[-98.24614,18.525],[-98.24425,18.51781],[-98.25446,18.52301],[-98.26038,18.51715],[-98.26378,18.51773],[-98.25992,18.50765],[-98.2705,18.50868],[-98.26831,18.50632],[-98.27555,18.49978],[-98.27564,18.49278],[-98.28156,18.49311],[-98.27954,18.48602],[-98.28229,18.48315],[-98.28742,18.48684],[-98.29616,18.48471],[-98.28775,18.49517],[-98.31077,18.50396],[-98.30594,18.50898],[-98.29957,18.51021],[-98.29909,18.51438],[-98.3054,18.51915],[-98.30396,18.52153],[-98.31047,18.52233],[-98.31017,18.51917],[-98.3152,18.52031],[-98.31758,18.5173],[-98.31887,18.51981],[-98.32336,18.51893],[-98.32218,18.52198],[-98.32551,18.52615],[-98.32308,18.53104],[-98.32562,18.5316],[-98.32304,18.53505],[-98.34522,18.53407],[-98.34941,18.53497],[-98.35506,18.54257],[-98.37845,18.54434],[-98.35925,18.56245],[-98.36274,18.56865],[-98.36225,18.57566],[-98.35834,18.57622],[-98.35288,18.58429],[-98.33889,18.58992],[-98.33733,18.59914],[-98.33145,18.6033],[-98.32574,18.60254],[-98.32235,18.60915],[-98.31628,18.6123],[-98.31882,18.61525],[-98.31564,18.62756],[-98.32014,18.63011],[-98.31419,18.63899],[-98.31989,18.64798],[-98.28293,18.66049]]]}},{"type":"Feature","properties":{"code":"21011","stateCode":"21","municipalityCode":"011","name":"Albino Zertuche"},"geometry":{"type":"Polygon","coordinates":[[[-98.53041,18.05239],[-98.51358,18.04426],[-98.50127,18.04766],[-98.49545,18.03992],[-98.48598,18.03762],[-98.4857,18.02525],[-98.49074,18.02109],[-98.48952,18.01666],[-98.48313,18.01492],[-98.486,18.01157],[-98.48067,18.00309],[-98.4868,17.9908],[-98.49449,17.98908],[-98.50049,17.99558],[-98.51451,17.99256],[-98.52672,17.99629],[-98.5256,17.98516],[-98.52963,17.97582],[-98.53606,17.97568],[-98.53843,17.9838],[-98.54378,17.97335],[-98.55395,17.97877],[-98.55521,17.97289],[-98.56951,17.97215],[-98.5754,17.97635],[-98.58493,17.97394],[-98.58252,17.98143],[-98.58973,17.98364],[-98.58217,17.99028],[-98.5817,17.99959],[-98.59122,17.9929],[-98.60853,17.99679],[-98.61101,17.99351],[-98.60959,17.97319],[-98.61509,17.97112],[-98.61552,17.97712],[-98.62243,17.98019],[-98.62057,17.98475],[-98.61532,17.98557],[-98.61672,17.99123],[-98.61395,17.99353],[-98.61893,17.99555],[-98.6158,18.00411],[-98.62498,18.00766],[-98.62817,18.01364],[-98.62697,18.02258],[-98.6196,18.0222],[-98.62121,18.02708],[-98.61704,18.02442],[-98.61629,18.03102],[-98.61059,18.02973],[-98.60694,18.02429],[-98.60099,18.02366],[-98.59596,18.01327],[-98.58784,18.01006],[-98.58127,18.0132],[-98.58069,18.0244],[-98.5741,18.02349],[-98.5712,18.02733],[-98.56322,18.02366],[-98.55597,18.02498],[-98.55176,18.04182],[-98.55505,18.04916],[-98.54439,18.04692],[-98.54115,18.04785],[-98.54145,18.05242],[-98.53041,18.05239]]]}},{"type":"Feature","properties":{"code":"21022","stateCode":"21","municipalityCode":"022","name":"Atzitzihuacán"},"geometry":{"type":"Polygon","coordinates":[[[-98.54822,18.88724],[-98.52585,18.88744],[-98.52064,18.87609],[-98.52269,18.84723],[-98.50768,18.84088],[-98.50244,18.82292],[-98.5405,18.82818],[-98.53267,18.81351],[-98.54674,18.81718],[-98.54731,18.80992],[-98.55122,18.8075],[-98.55218,18.81417],[-98.55812,18.81313],[-98.56018,18.81566],[-98.55765,18.80548],[-98.57542,18.80508],[-98.57501,18.7873],[-98.582,18.76795],[-98.58076,18.75879],[-98.5852,18.76],[-98.58768,18.75706],[-98.58181,18.74973],[-98.58029,18.73957],[-98.58316,18.73797],[-98.60907,18.75349],[-98.61481,18.76267],[-98.622,18.76362],[-98.62176,18.77168],[-98.6343,18.77738],[-98.63367,18.78964],[-98.64024,18.79009],[-98.64733,18.78394],[-98.6534,18.78398],[-98.65388,18.78676],[-98.64526,18.78903],[-98.64424,18.79665],[-98.65019,18.80416],[-98.66462,18.81186],[-98.66503,18.81564],[-98.7012,18.81587],[-98.69264,18.84532],[-98.69581,18.84589],[-98.69491,18.85122],[-98.68695,18.85788],[-98.67957,18.87786],[-98.67208,18.88],[-98.66934,18.87767],[-98.67151,18.8722],[-98.66843,18.86954],[-98.67023,18.86633],[-98.6673,18.85698],[-98.65736,18.86672],[-98.65764,18.87588],[-98.65322,18.87534],[-98.65127,18.88347],[-98.6429,18.88413],[-98.64416,18.88107],[-98.63556,18.86595],[-98.6374,18.86147],[-98.62287,18.8522],[-98.61917,18.84206],[-98.62721,18.82612],[-98.61549,18.82598],[-98.61001,18.83041],[-98.60388,18.82718],[-98.58174,18.83312],[-98.57403,18.83179],[-98.55612,18.83963],[-98.54207,18.85082],[-98.54205,18.85384],[-98.54508,18.86389],[-98.55129,18.86852],[-98.55659,18.87818],[-98.54598,18.88015],[-98.54822,18.88724]]]}},{"type":"Feature","properties":{"code":"21025","stateCode":"21","municipalityCode":"025","name":"Ayotoxco de Guerrero"},"geometry":{"type":"Polygon","coordinates":[[[-97.43307,20.14848],[-97.42895,20.15055],[-97.42562,20.14633],[-97.42083,20.14785],[-97.42091,20.14529],[-97.38214,20.13977],[-97.37519,20.13217],[-97.37752,20.12118],[-97.36938,20.1073],[-97.37315,20.10697],[-97.37249,20.0953],[-97.37797,20.09546],[-97.37466,20.08718],[-97.37962,20.08112],[-97.37187,20.07011],[-97.37675,20.05774],[-97.37177,20.03692],[-97.37521,20.03493],[-97.36575,20.02717],[-97.37008,20.00758],[-97.36704,20.00052],[-97.37155,19.99486],[-97.38612,19.99237],[-97.39881,20.00146],[-97.3984,20.00593],[-97.40607,20.01524],[-97.40435,20.01786],[-97.40859,20.01891],[-97.40892,20.03495],[-97.41671,20.04354],[-97.41309,20.0494],[-97.41887,20.04983],[-97.42052,20.05632],[-97.43166,20.05643],[-97.44017,20.06321],[-97.44499,20.0613],[-97.44505,20.07159],[-97.45122,20.07504],[-97.44887,20.0873],[-97.45918,20.08937],[-97.45077,20.09178],[-97.45688,20.09822],[-97.45456,20.10056],[-97.44935,20.09834],[-97.44966,20.10636],[-97.44637,20.11089],[-97.44819,20.11599],[-97.45715,20.11801],[-97.46059,20.1232],[-97.46102,20.13703],[-97.46473,20.14274],[-97.46331,20.14996],[-97.44457,20.15078],[-97.44252,20.14775],[-97.43431,20.15198],[-97.43307,20.14848]]]}},{"type":"Feature","properties":{"code":"21037","stateCode":"21","municipalityCode":"037","name":"Coyotepec"},"geometry":{"type":"Polygon","coordinates":[[[-97.76903,18.47643],[-97.75646,18.47094],[-97.75076,18.45688],[-97.74197,18.40394],[-97.74558,18.40233],[-97.74617,18.39689],[-97.75697,18.39428],[-97.76117,18.39542],[-97.76678,18.40581],[-97.79188,18.41211],[-97.76996,18.36055],[-97.76979,18.35104],[-97.77697,18.34982],[-97.78022,18.34472],[-97.77638,18.32642],[-97.78016,18.31501],[-97.79441,18.32648],[-97.81599,18.35474],[-97.81504,18.36223],[-97.81765,18.36341],[-97.8211,18.37875],[-97.82736,18.38123],[-97.83127,18.36797],[-97.84337,18.36117],[-97.85053,18.36251],[-97.8583,18.35309],[-97.86127,18.36034],[-97.87064,18.36793],[-97.87211,18.35822],[-97.87822,18.35491],[-97.87933,18.35786],[-97.88508,18.35735],[-97.89579,18.36498],[-97.89624,18.3728],[-97.89073,18.37539],[-97.88407,18.39857],[-97.8762,18.40157],[-97.86466,18.41381],[-97.87624,18.41603],[-97.87971,18.41297],[-97.889,18.41275],[-97.88929,18.41748],[-97.88085,18.42513],[-97.8595,18.43667],[-97.85629,18.44169],[-97.84861,18.4433],[-97.84823,18.4361],[-97.8408,18.4298],[-97.83958,18.4202],[-97.83103,18.42024],[-97.83421,18.44129],[-97.81408,18.44247],[-97.80865,18.43544],[-97.8043,18.43989],[-97.80061,18.43803],[-97.79788,18.44511],[-97.79298,18.44403],[-97.79044,18.45142],[-97.7949,18.45338],[-97.78644,18.4654],[-97.77552,18.46922],[-97.7749,18.47333],[-97.76903,18.47643]]]}},{"type":"Feature","properties":{"code":"21035","stateCode":"21","municipalityCode":"035","name":"Coxcatlán"},"geometry":{"type":"Polygon","coordinates":[[[-97.06352,18.34871],[-97.0625,18.335],[-97.05565,18.33056],[-97.05661,18.32076],[-97.06684,18.30985],[-97.06881,18.30316],[-97.06596,18.29777],[-97.08468,18.28568],[-97.08781,18.27226],[-97.09873,18.26235],[-97.09973,18.254],[-97.09042,18.24931],[-97.08347,18.23993],[-97.06255,18.2297],[-97.06082,18.22344],[-97.07128,18.21085],[-97.05217,18.21478],[-97.04455,18.21234],[-97.02293,18.21977],[-97.0157,18.20877],[-97.02913,18.20004],[-97.02563,18.19704],[-97.02499,18.18979],[-97.0402,18.17482],[-97.03771,18.1725],[-97.04209,18.15657],[-97.08872,18.14917],[-97.0902,18.15303],[-97.10574,18.14809],[-97.11376,18.14947],[-97.1239,18.16246],[-97.13389,18.15772],[-97.13864,18.1671],[-97.13382,18.17413],[-97.14051,18.17333],[-97.14403,18.16343],[-97.14416,18.16913],[-97.15425,18.18159],[-97.16147,18.18521],[-97.16101,18.18975],[-97.16814,18.19792],[-97.16781,18.21417],[-97.18211,18.22753],[-97.18036,18.2338],[-97.18928,18.23986],[-97.19119,18.24604],[-97.18809,18.25414],[-97.19113,18.25573],[-97.19624,18.25073],[-97.19437,18.26108],[-97.20495,18.27207],[-97.20675,18.28893],[-97.19868,18.2897],[-97.19571,18.29771],[-97.18749,18.29964],[-97.17462,18.31583],[-97.16804,18.33808],[-97.15635,18.34772],[-97.1574,18.35102],[-97.14578,18.34511],[-97.14802,18.33333],[-97.13781,18.32646],[-97.1294,18.32514],[-97.11941,18.33029],[-97.11249,18.32942],[-97.11042,18.34134],[-97.10353,18.3351],[-97.09484,18.33557],[-97.07394,18.34671],[-97.06352,18.34871]]]}},{"type":"Feature","properties":{"code":"21033","stateCode":"21","municipalityCode":"033","name":"Cohuecan"},"geometry":{"type":"Polygon","coordinates":[[[-98.69256,18.84612],[-98.70166,18.81478],[-98.69985,18.81051],[-98.70589,18.80135],[-98.7038,18.79305],[-98.71721,18.77741],[-98.71516,18.77084],[-98.72722,18.76638],[-98.73321,18.7533],[-98.7259,18.75098],[-98.7235,18.75562],[-98.71219,18.75157],[-98.71297,18.74584],[-98.70738,18.74829],[-98.69973,18.74411],[-98.69143,18.74571],[-98.68859,18.74206],[-98.68964,18.73369],[-98.68626,18.73125],[-98.69001,18.72506],[-98.68728,18.71783],[-98.69805,18.71614],[-98.70897,18.70827],[-98.71167,18.69566],[-98.70438,18.68872],[-98.71001,18.68491],[-98.70841,18.67662],[-98.71145,18.67593],[-98.71639,18.68086],[-98.72437,18.67698],[-98.72946,18.66941],[-98.73673,18.68465],[-98.74188,18.70218],[-98.73906,18.70711],[-98.74142,18.70749],[-98.72399,18.71907],[-98.71591,18.73919],[-98.72894,18.74524],[-98.73867,18.73717],[-98.75349,18.74297],[-98.74671,18.75036],[-98.74892,18.75164],[-98.7474,18.75855],[-98.73386,18.77808],[-98.72795,18.80551],[-98.72359,18.80695],[-98.72156,18.8134],[-98.71628,18.81093],[-98.70715,18.8218],[-98.70271,18.83945],[-98.69256,18.84612]]]}},{"type":"Feature","properties":{"code":"21032","stateCode":"21","municipalityCode":"032","name":"Cohetzala"},"geometry":{"type":"Polygon","coordinates":[[[-98.75103,18.32566],[-98.75318,18.31033],[-98.74064,18.31445],[-98.73236,18.31097],[-98.72648,18.301],[-98.71112,18.28679],[-98.71892,18.28988],[-98.71771,18.2882],[-98.72381,18.2846],[-98.71933,18.27828],[-98.71887,18.26478],[-98.71353,18.25042],[-98.71499,18.24837],[-98.71885,18.25088],[-98.72273,18.24548],[-98.72876,18.24548],[-98.73474,18.24049],[-98.76087,18.23716],[-98.76387,18.23023],[-98.75654,18.2234],[-98.76105,18.21658],[-98.75652,18.21348],[-98.75413,18.20632],[-98.73566,18.19522],[-98.73431,18.18618],[-98.7457,18.17079],[-98.74345,18.16455],[-98.73862,18.16523],[-98.73249,18.1565],[-98.73242,18.15135],[-98.72715,18.14966],[-98.71697,18.15499],[-98.70977,18.15125],[-98.69465,18.15354],[-98.69601,18.14816],[-98.68583,18.13982],[-98.68807,18.13132],[-98.69118,18.13108],[-98.6967,18.12276],[-98.71137,18.11875],[-98.71314,18.11291],[-98.71851,18.11848],[-98.74179,18.11302],[-98.75603,18.12323],[-98.7671,18.12063],[-98.77036,18.11339],[-98.77998,18.1097],[-98.80619,18.1225],[-98.82325,18.11828],[-98.83004,18.12183],[-98.82977,18.11453],[-98.86018,18.09232],[-98.85237,18.1176],[-98.88479,18.16703],[-98.87249,18.1887],[-98.86779,18.18795],[-98.86309,18.19155],[-98.85391,18.18639],[-98.83394,18.18343],[-98.83385,18.19156],[-98.85097,18.2017],[-98.84669,18.21433],[-98.84619,18.22929],[-98.85262,18.23164],[-98.85526,18.23678],[-98.84408,18.24451],[-98.84321,18.25172],[-98.84675,18.25366],[-98.84664,18.26039],[-98.84096,18.26312],[-98.82845,18.26234],[-98.81803,18.25486],[-98.80993,18.26096],[-98.80265,18.25354],[-98.78766,18.26014],[-98.77712,18.25919],[-98.77259,18.26597],[-98.76856,18.26028],[-98.7518,18.26248],[-98.73979,18.28534],[-98.76346,18.28963],[-98.77206,18.30303],[-98.76426,18.31029],[-98.76519,18.31478],[-98.76128,18.31592],[-98.76377,18.31788],[-98.76175,18.32366],[-98.75103,18.32566]]]}},{"type":"Feature","properties":{"code":"21031","stateCode":"21","municipalityCode":"031","name":"Coatzingo"},"geometry":{"type":"Polygon","coordinates":[[[-98.17789,18.63876],[-98.17712,18.6313],[-98.1719,18.63286],[-98.16663,18.62583],[-98.15973,18.628],[-98.15539,18.62158],[-98.15398,18.61],[-98.14846,18.61327],[-98.13274,18.60928],[-98.12477,18.60234],[-98.1263,18.59552],[-98.11496,18.58979],[-98.1099,18.59034],[-98.10858,18.5829],[-98.09664,18.59127],[-98.09586,18.5842],[-98.08645,18.58543],[-98.08292,18.58154],[-98.08455,18.56665],[-98.09157,18.56434],[-98.0973,18.55357],[-98.11817,18.53546],[-98.11694,18.53882],[-98.12309,18.54702],[-98.12974,18.54498],[-98.13925,18.5285],[-98.15339,18.52533],[-98.15668,18.52883],[-98.16446,18.5211],[-98.17366,18.52754],[-98.17151,18.53385],[-98.18793,18.54217],[-98.195,18.54257],[-98.2141,18.53934],[-98.20864,18.53444],[-98.20864,18.52079],[-98.21656,18.52325],[-98.2198,18.51036],[-98.22431,18.50901],[-98.23094,18.51279],[-98.23836,18.51143],[-98.24056,18.51584],[-98.24515,18.51453],[-98.24664,18.51783],[-98.24295,18.51927],[-98.24614,18.525],[-98.24076,18.52171],[-98.23853,18.52661],[-98.24257,18.53611],[-98.23488,18.54211],[-98.23758,18.5447],[-98.23022,18.53852],[-98.22711,18.54102],[-98.23071,18.54475],[-98.2219,18.54025],[-98.22468,18.55015],[-98.22253,18.54791],[-98.22102,18.55188],[-98.21239,18.55501],[-98.21483,18.55956],[-98.20965,18.56266],[-98.21602,18.56597],[-98.21084,18.56945],[-98.21506,18.57358],[-98.21203,18.58092],[-98.20265,18.58568],[-98.20067,18.59035],[-98.19394,18.5899],[-98.1933,18.59664],[-98.20399,18.59686],[-98.2161,18.60936],[-98.21466,18.61295],[-98.20655,18.62039],[-98.19264,18.61683],[-98.19044,18.62408],[-98.19317,18.62623],[-98.18553,18.6367],[-98.17789,18.63876]]]}},{"type":"Feature","properties":{"code":"21029","stateCode":"21","municipalityCode":"029","name":"Caxhuacan"},"geometry":{"type":"Polygon","coordinates":[[[-97.60093,20.09888],[-97.59571,20.09689],[-97.59356,20.08473],[-97.58603,20.07933],[-97.59229,20.07633],[-97.59305,20.07134],[-97.58678,20.06434],[-97.5924,20.06039],[-97.5938,20.0508],[-97.60634,20.05308],[-97.60589,20.05863],[-97.61899,20.05799],[-97.62636,20.06337],[-97.62797,20.06982],[-97.62774,20.07651],[-97.62274,20.08255],[-97.61307,20.0918],[-97.60916,20.09028],[-97.60359,20.09419],[-97.60093,20.09888]]]}},{"type":"Feature","properties":{"code":"21045","stateCode":"21","municipalityCode":"045","name":"Chalchicomula de Sesma"},"geometry":{"type":"Polygon","coordinates":[[[-97.46422,19.08413],[-97.46056,19.07911],[-97.45643,19.08085],[-97.44046,19.07386],[-97.43813,19.06235],[-97.43384,19.06151],[-97.4348,19.05798],[-97.40428,19.05476],[-97.40157,19.05725],[-97.36894,19.05728],[-97.35607,19.0528],[-97.35472,19.04752],[-97.34541,19.04339],[-97.32097,19.04427],[-97.3111,19.03527],[-97.26663,19.03031],[-97.29256,19.00866],[-97.30024,18.99534],[-97.29422,18.98905],[-97.30475,18.99185],[-97.32341,18.9809],[-97.34063,18.98073],[-97.34192,18.97766],[-97.35959,18.97299],[-97.36143,18.96543],[-97.35534,18.96504],[-97.35323,18.95916],[-97.36148,18.94824],[-97.36085,18.92753],[-97.35773,18.92404],[-97.35822,18.91193],[-97.35481,18.90794],[-97.35846,18.89975],[-97.36264,18.90244],[-97.3839,18.89359],[-97.38856,18.90372],[-97.40858,18.87406],[-97.42497,18.87977],[-97.42765,18.89331],[-97.43497,18.89649],[-97.44481,18.88834],[-97.44556,18.88128],[-97.47208,18.87022],[-97.48278,18.881],[-97.48614,18.87767],[-97.48713,18.88118],[-97.49085,18.87842],[-97.49943,18.87892],[-97.5191,18.90879],[-97.51756,18.91176],[-97.52271,18.91363],[-97.51999,18.91807],[-97.5239,18.91891],[-97.52364,18.92441],[-97.53062,18.93283],[-97.52802,18.93621],[-97.53884,18.95175],[-97.53786,18.96147],[-97.54189,18.96685],[-97.5541,18.97194],[-97.55715,18.97776],[-97.55974,18.98898],[-97.55246,18.99117],[-97.55423,18.99715],[-97.55128,18.99863],[-97.54437,18.99862],[-97.52859,18.98363],[-97.51922,18.98532],[-97.51686,19.00614],[-97.52559,19.00662],[-97.52465,19.01645],[-97.52781,19.01839],[-97.50949,19.04001],[-97.50821,19.04718],[-97.51628,19.05562],[-97.51382,19.05953],[-97.49207,19.03902],[-97.474,19.04791],[-97.4794,19.0618],[-97.47761,19.07181],[-97.47194,19.0737],[-97.46855,19.08287],[-97.46422,19.08413]]]}},{"type":"Feature","properties":{"code":"21046","stateCode":"21","municipalityCode":"046","name":"Chapulco"},"geometry":{"type":"Polygon","coordinates":[[[-97.35968,18.71211],[-97.3487,18.71595],[-97.3422,18.7059],[-97.34501,18.6984],[-97.34045,18.69276],[-97.34631,18.68111],[-97.35486,18.67963],[-97.37092,18.67012],[-97.37819,18.66087],[-97.39236,18.65815],[-97.39726,18.65219],[-97.40216,18.65792],[-97.40901,18.63397],[-97.40101,18.63139],[-97.40277,18.62885],[-97.3899,18.63193],[-97.37312,18.62902],[-97.37219,18.6212],[-97.36161,18.61101],[-97.36128,18.60292],[-97.36819,18.59897],[-97.3801,18.58285],[-97.38716,18.58801],[-97.39546,18.57801],[-97.40131,18.57668],[-97.41659,18.58607],[-97.43067,18.58538],[-97.4286,18.59438],[-97.42439,18.59855],[-97.43273,18.60841],[-97.44386,18.60011],[-97.45399,18.59985],[-97.46405,18.59279],[-97.46715,18.59427],[-97.47373,18.61339],[-97.46435,18.62358],[-97.46584,18.63547],[-97.45909,18.63697],[-97.45325,18.64864],[-97.45624,18.66552],[-97.44247,18.64623],[-97.42296,18.63535],[-97.42249,18.6407],[-97.41475,18.64027],[-97.41694,18.6493],[-97.40985,18.65597],[-97.4163,18.65511],[-97.41788,18.65951],[-97.40111,18.67216],[-97.40012,18.69288],[-97.39188,18.70092],[-97.38982,18.71528],[-97.37741,18.70835],[-97.37109,18.71026],[-97.37031,18.71378],[-97.35968,18.71211]]]}},{"type":"Feature","properties":{"code":"21002","stateCode":"21","municipalityCode":"002","name":"Acateno"},"geometry":{"type":"Polygon","coordinates":[[[-97.2865,20.1911],[-97.28319,20.18111],[-97.27054,20.18752],[-97.26193,20.17755],[-97.25962,20.18055],[-97.25055,20.17808],[-97.24404,20.18228],[-97.24239,20.17448],[-97.22851,20.17262],[-97.16441,20.15183],[-97.16101,20.16072],[-97.14999,20.16061],[-97.15326,20.15202],[-97.15753,20.14958],[-97.15199,20.14613],[-97.15136,20.13754],[-97.14378,20.13638],[-97.13781,20.14012],[-97.12241,20.13672],[-97.13358,20.12385],[-97.14163,20.1225],[-97.14183,20.11851],[-97.15774,20.10973],[-97.16783,20.09567],[-97.17403,20.09217],[-97.18364,20.08004],[-97.17557,20.0769],[-97.18204,20.07275],[-97.18091,20.06849],[-97.19079,20.05805],[-97.19426,20.05872],[-97.19543,20.05434],[-97.20152,20.05806],[-97.20615,20.05635],[-97.20709,20.04693],[-97.21192,20.0398],[-97.23246,20.04453],[-97.25036,20.05711],[-97.25512,20.0547],[-97.26559,20.05854],[-97.27482,20.03848],[-97.28186,20.03137],[-97.28998,20.0291],[-97.29706,20.01375],[-97.30357,20.0095],[-97.30959,20.02324],[-97.3071,20.02933],[-97.31028,20.03475],[-97.30183,20.05381],[-97.30589,20.05943],[-97.3037,20.07281],[-97.29045,20.08188],[-97.26755,20.08712],[-97.26353,20.09431],[-97.27581,20.11837],[-97.28744,20.12511],[-97.28413,20.14055],[-97.28951,20.14624],[-97.28669,20.15443],[-97.28244,20.15698],[-97.28909,20.16302],[-97.28237,20.17459],[-97.28879,20.17747],[-97.29166,20.18652],[-97.2865,20.1911]]]}},{"type":"Feature","properties":{"code":"21212","stateCode":"21","municipalityCode":"212","name":"Zautla"},"geometry":{"type":"Polygon","coordinates":[[[-97.69013,19.81009],[-97.68017,19.80746],[-97.68441,19.80344],[-97.68084,19.79577],[-97.66687,19.78964],[-97.66698,19.7919],[-97.65999,19.79349],[-97.64255,19.79306],[-97.64034,19.78568],[-97.62694,19.77789],[-97.62655,19.77174],[-97.62399,19.77267],[-97.6128,19.76387],[-97.61824,19.75373],[-97.61689,19.745],[-97.6208,19.73708],[-97.60845,19.74288],[-97.59849,19.73525],[-97.59999,19.72037],[-97.59292,19.72016],[-97.58685,19.71411],[-97.57962,19.71562],[-97.57878,19.70783],[-97.55906,19.696],[-97.56429,19.69245],[-97.59942,19.68991],[-97.60639,19.67842],[-97.61067,19.68079],[-97.60828,19.69056],[-97.61327,19.68851],[-97.62134,19.67606],[-97.6193,19.65519],[-97.6268,19.64081],[-97.65529,19.64087],[-97.67048,19.65364],[-97.6798,19.63826],[-97.68617,19.64355],[-97.68443,19.6313],[-97.68894,19.6215],[-97.69455,19.61775],[-97.69853,19.62813],[-97.70366,19.62921],[-97.7058,19.63539],[-97.72188,19.63346],[-97.73105,19.63595],[-97.73501,19.64073],[-97.74149,19.63895],[-97.74234,19.6438],[-97.73628,19.65005],[-97.75217,19.66025],[-97.76205,19.65986],[-97.76548,19.66415],[-97.76224,19.66868],[-97.76813,19.67204],[-97.75907,19.68597],[-97.76696,19.69048],[-97.77405,19.7043],[-97.78144,19.70544],[-97.78307,19.70838],[-97.76497,19.71085],[-97.75997,19.72398],[-97.75425,19.72812],[-97.75311,19.73473],[-97.765,19.74355],[-97.76662,19.75],[-97.7577,19.7652],[-97.74067,19.75609],[-97.74389,19.76261],[-97.74172,19.76734],[-97.74365,19.76992],[-97.74027,19.77059],[-97.7435,19.77244],[-97.73847,19.77338],[-97.74078,19.7772],[-97.73274,19.77522],[-97.7335,19.77964],[-97.72155,19.78193],[-97.72662,19.78793],[-97.72108,19.79087],[-97.73534,19.79316],[-97.72685,19.79689],[-97.71447,19.79692],[-97.71772,19.80881],[-97.70919,19.80063],[-97.69013,19.81009]]]}},{"type":"Feature","properties":{"code":"21199","stateCode":"21","municipalityCode":"199","name":"Xiutetelco"},"geometry":{"type":"Polygon","coordinates":[[[-97.30221,19.87687],[-97.30957,19.85579],[-97.30825,19.83444],[-97.31504,19.82776],[-97.31355,19.82179],[-97.31669,19.81783],[-97.31312,19.79047],[-97.31967,19.77385],[-97.31884,19.75071],[-97.32194,19.73478],[-97.31378,19.73514],[-97.3222,19.72239],[-97.33314,19.71678],[-97.32827,19.71178],[-97.33114,19.70757],[-97.32469,19.7071],[-97.30742,19.68454],[-97.30393,19.67116],[-97.3264,19.67892],[-97.34116,19.67575],[-97.34736,19.66338],[-97.36586,19.64828],[-97.37669,19.6348],[-97.3828,19.63533],[-97.38497,19.62794],[-97.3925,19.62637],[-97.40275,19.61534],[-97.40505,19.6202],[-97.41643,19.62797],[-97.41993,19.62406],[-97.42896,19.63304],[-97.42698,19.64155],[-97.41304,19.6545],[-97.41041,19.63955],[-97.40733,19.64216],[-97.39673,19.66666],[-97.39832,19.6754],[-97.39517,19.69901],[-97.39786,19.69482],[-97.41095,19.7019],[-97.40489,19.71041],[-97.39955,19.75],[-97.38811,19.77395],[-97.3784,19.76825],[-97.37533,19.78114],[-97.37179,19.77566],[-97.36187,19.77788],[-97.36222,19.78147],[-97.35048,19.79131],[-97.3452,19.80219],[-97.33755,19.80439],[-97.33381,19.8109],[-97.32499,19.81538],[-97.32181,19.82474],[-97.32714,19.82709],[-97.31778,19.83943],[-97.32136,19.84755],[-97.32054,19.86238],[-97.31283,19.87454],[-97.30221,19.87687]]]}},{"type":"Feature","properties":{"code":"21205","stateCode":"21","municipalityCode":"205","name":"Yehualtepec"},"geometry":{"type":"Polygon","coordinates":[[[-97.65187,18.82797],[-97.65288,18.82108],[-97.64173,18.81788],[-97.64913,18.80906],[-97.64155,18.80627],[-97.64245,18.79347],[-97.63938,18.79019],[-97.62925,18.79587],[-97.61366,18.79563],[-97.61635,18.7883],[-97.63042,18.7829],[-97.62369,18.78124],[-97.61911,18.77556],[-97.60481,18.7779],[-97.59384,18.77245],[-97.59778,18.76269],[-97.60288,18.76581],[-97.60751,18.76418],[-97.6115,18.75184],[-97.62011,18.7473],[-97.62064,18.73953],[-97.63358,18.73645],[-97.65574,18.71823],[-97.66024,18.73301],[-97.66547,18.72853],[-97.66983,18.73335],[-97.67574,18.72402],[-97.67265,18.7133],[-97.6763,18.70584],[-97.68044,18.70542],[-97.69678,18.70967],[-97.69882,18.70733],[-97.70592,18.71668],[-97.7111,18.71668],[-97.71172,18.72486],[-97.73273,18.73577],[-97.75291,18.73959],[-97.74011,18.76867],[-97.72355,18.78899],[-97.73072,18.79302],[-97.70902,18.81227],[-97.71246,18.82206],[-97.69004,18.82532],[-97.68761,18.82006],[-97.67997,18.82005],[-97.66814,18.82585],[-97.66067,18.82346],[-97.65576,18.82917],[-97.65187,18.82797]]]}},{"type":"Feature","properties":{"code":"21201","stateCode":"21","municipalityCode":"201","name":"Xochiltepec"},"geometry":{"type":"Polygon","coordinates":[[[-98.3143,18.70755],[-98.30828,18.69673],[-98.30134,18.69386],[-98.29817,18.68849],[-98.31597,18.67695],[-98.31611,18.66605],[-98.31045,18.66512],[-98.30589,18.65629],[-98.31101,18.64922],[-98.31989,18.64798],[-98.31419,18.63899],[-98.32014,18.63011],[-98.31564,18.62756],[-98.31882,18.61525],[-98.31628,18.6123],[-98.32235,18.60915],[-98.32574,18.60254],[-98.33145,18.6033],[-98.33738,18.59882],[-98.34063,18.6099],[-98.35164,18.61254],[-98.35426,18.61923],[-98.35028,18.63221],[-98.34554,18.63309],[-98.33728,18.62851],[-98.33848,18.63235],[-98.35531,18.64283],[-98.36122,18.64146],[-98.34593,18.64825],[-98.33631,18.65919],[-98.34825,18.66948],[-98.34926,18.67442],[-98.37257,18.65993],[-98.37234,18.65066],[-98.37751,18.65208],[-98.38178,18.65597],[-98.38228,18.66327],[-98.37867,18.66745],[-98.38017,18.67552],[-98.37688,18.67656],[-98.37665,18.682],[-98.38423,18.69162],[-98.37528,18.6972],[-98.37258,18.69083],[-98.37557,18.68474],[-98.36644,18.68234],[-98.35682,18.69036],[-98.32023,18.69708],[-98.3143,18.70755]]]}},{"type":"Feature","properties":{"code":"21197","stateCode":"21","municipalityCode":"197","name":"Xicotepec"},"geometry":{"type":"Polygon","coordinates":[[[-97.76711,20.43394],[-97.7485,20.42169],[-97.75095,20.41456],[-97.75584,20.41296],[-97.75731,20.39981],[-97.76259,20.39787],[-97.76541,20.38106],[-97.78231,20.36477],[-97.78891,20.36392],[-97.79163,20.35736],[-97.80058,20.35308],[-97.80053,20.34649],[-97.80582,20.34242],[-97.80551,20.33844],[-97.81003,20.3404],[-97.81694,20.33318],[-97.82573,20.33441],[-97.83207,20.34006],[-97.83964,20.33845],[-97.8367,20.32701],[-97.84007,20.32643],[-97.83716,20.32598],[-97.84,20.31355],[-97.85471,20.31741],[-97.85351,20.30786],[-97.86162,20.30063],[-97.86051,20.29247],[-97.86713,20.29641],[-97.87298,20.28257],[-97.87179,20.279],[-97.87381,20.28046],[-97.87589,20.2757],[-97.87623,20.26736],[-97.88209,20.26774],[-97.88239,20.26145],[-97.88812,20.2596],[-97.88606,20.25775],[-97.89058,20.24912],[-97.89471,20.25054],[-97.89553,20.24414],[-97.90104,20.23973],[-97.90853,20.24108],[-97.90698,20.23716],[-97.9202,20.23707],[-97.92342,20.23045],[-97.92839,20.22941],[-97.94074,20.22922],[-97.95505,20.23771],[-97.95647,20.22919],[-97.96842,20.23601],[-97.9779,20.23237],[-97.98431,20.24642],[-97.99562,20.24741],[-98.00953,20.24187],[-98.01125,20.23601],[-98.01987,20.23691],[-98.0238,20.24139],[-98.0249,20.24891],[-98.01665,20.25493],[-98.0285,20.25592],[-98.03066,20.2633],[-98.017,20.27619],[-98.01358,20.28746],[-98.02027,20.29021],[-98.02555,20.28753],[-98.03121,20.29675],[-98.04063,20.30142],[-98.03808,20.30685],[-98.04435,20.31889],[-98.0434,20.32308],[-98.03187,20.32766],[-98.0153,20.32484],[-98.00103,20.32721],[-97.98304,20.3075],[-97.97771,20.3199],[-97.97222,20.31923],[-97.97652,20.3273],[-97.96979,20.3335],[-97.97006,20.33731],[-97.96499,20.33648],[-97.96224,20.34336],[-97.95625,20.34303],[-97.96022,20.35542],[-97.95636,20.35983],[-97.95198,20.35873],[-97.9507,20.36495],[-97.94372,20.36212],[-97.93967,20.36469],[-97.94017,20.36813],[-97.93021,20.37822],[-97.92785,20.38924],[-97.90264,20.39331],[-97.8908,20.40767],[-97.87745,20.39449],[-97.86723,20.38934],[-97.86004,20.39495],[-97.84804,20.39378],[-97.83646,20.40766],[-97.8278,20.40926],[-97.82413,20.4067],[-97.82143,20.41456],[-97.82293,20.42041],[-97.81,20.41593],[-97.79235,20.43111],[-97.78232,20.43347],[-97.77389,20.43093],[-97.76711,20.43394]]]}},{"type":"Feature","properties":{"code":"21195","stateCode":"21","municipalityCode":"195","name":"Vicente Guerrero"},"geometry":{"type":"Polygon","coordinates":[[[-97.23768,18.64343],[-97.22579,18.63834],[-97.21524,18.62555],[-97.19692,18.62958],[-97.18407,18.61669],[-97.17596,18.61672],[-97.17441,18.60666],[-97.16226,18.60593],[-97.14958,18.59704],[-97.14144,18.59642],[-97.14586,18.58216],[-97.14456,18.57093],[-97.1137,18.53138],[-97.1133,18.5222],[-97.08347,18.48394],[-97.08107,18.46377],[-97.08474,18.45895],[-97.08478,18.45191],[-97.09882,18.43416],[-97.10403,18.44053],[-97.10618,18.43673],[-97.10963,18.4392],[-97.1093,18.43463],[-97.11556,18.44275],[-97.12171,18.4611],[-97.13341,18.45809],[-97.14049,18.44916],[-97.15633,18.4483],[-97.15374,18.44424],[-97.15893,18.43949],[-97.16716,18.43404],[-97.17383,18.43717],[-97.18444,18.42754],[-97.18296,18.43322],[-97.18795,18.43632],[-97.19074,18.44375],[-97.19116,18.45611],[-97.20078,18.45646],[-97.20288,18.46299],[-97.21205,18.45623],[-97.2192,18.4577],[-97.22366,18.45406],[-97.23263,18.4623],[-97.23573,18.45988],[-97.23318,18.45538],[-97.23522,18.45269],[-97.24942,18.45573],[-97.25558,18.46344],[-97.25748,18.46838],[-97.25196,18.47366],[-97.24197,18.47666],[-97.23273,18.47167],[-97.22272,18.47216],[-97.21796,18.48002],[-97.22015,18.4893],[-97.22884,18.49508],[-97.22967,18.50304],[-97.22037,18.52442],[-97.2285,18.53654],[-97.23939,18.5279],[-97.23604,18.52408],[-97.24943,18.5246],[-97.25361,18.53153],[-97.25073,18.53718],[-97.25705,18.53935],[-97.25763,18.54906],[-97.2692,18.55428],[-97.26632,18.56538],[-97.25407,18.56976],[-97.23636,18.56686],[-97.23521,18.57528],[-97.22516,18.59312],[-97.20776,18.60027],[-97.23738,18.60768],[-97.24877,18.59063],[-97.2547,18.58676],[-97.26039,18.58683],[-97.26801,18.59294],[-97.27031,18.59114],[-97.27644,18.59661],[-97.28854,18.59421],[-97.29351,18.59692],[-97.29119,18.60216],[-97.28098,18.60834],[-97.26997,18.60974],[-97.27515,18.62615],[-97.27364,18.6331],[-97.27185,18.62778],[-97.25943,18.62427],[-97.25227,18.62673],[-97.24524,18.64022],[-97.23768,18.64343]]]}},{"type":"Feature","properties":{"code":"21186","stateCode":"21","municipalityCode":"186","name":"Tlatlauquitepec"},"geometry":{"type":"Polygon","coordinates":[[[-97.41487,20.04088],[-97.41137,20.04035],[-97.40892,20.03495],[-97.40859,20.01891],[-97.40435,20.01786],[-97.40592,20.0149],[-97.392,19.99278],[-97.39802,19.98435],[-97.39127,19.97316],[-97.39452,19.96122],[-97.39153,19.9585],[-97.3969,19.95018],[-97.40536,19.94855],[-97.41285,19.96215],[-97.41033,19.97048],[-97.42141,19.96803],[-97.42427,19.96057],[-97.43746,19.96618],[-97.44359,19.95949],[-97.44092,19.95584],[-97.44454,19.94793],[-97.44254,19.94024],[-97.44844,19.93116],[-97.45483,19.92977],[-97.45854,19.92523],[-97.45954,19.92112],[-97.45359,19.91084],[-97.45712,19.90569],[-97.47201,19.899],[-97.47483,19.87804],[-97.47203,19.8735],[-97.4759,19.86881],[-97.46891,19.85962],[-97.47142,19.85813],[-97.47025,19.84652],[-97.4733,19.83851],[-97.46719,19.83225],[-97.47202,19.81322],[-97.46026,19.80058],[-97.46765,19.78306],[-97.45917,19.78504],[-97.46016,19.77407],[-97.46517,19.76407],[-97.46212,19.75013],[-97.47793,19.74334],[-97.4922,19.73011],[-97.50123,19.7184],[-97.50167,19.70178],[-97.51092,19.70571],[-97.5168,19.68881],[-97.52336,19.69244],[-97.5246,19.69001],[-97.52882,19.69165],[-97.53383,19.68503],[-97.55884,19.6763],[-97.59894,19.63654],[-97.59942,19.68991],[-97.56122,19.69302],[-97.55906,19.696],[-97.56989,19.70175],[-97.55317,19.70234],[-97.55606,19.70361],[-97.5584,19.71286],[-97.55834,19.74975],[-97.55397,19.75481],[-97.54866,19.74844],[-97.54171,19.76275],[-97.54449,19.76893],[-97.54914,19.77059],[-97.54465,19.78154],[-97.56323,19.7872],[-97.56227,19.81667],[-97.54771,19.82166],[-97.54711,19.82928],[-97.54244,19.83286],[-97.54014,19.82965],[-97.52682,19.86162],[-97.52923,19.87945],[-97.53627,19.88659],[-97.53617,19.89344],[-97.53869,19.89493],[-97.53288,19.9185],[-97.5201,19.91629],[-97.52769,19.93261],[-97.52545,19.94259],[-97.52935,19.95311],[-97.52738,19.95902],[-97.51975,19.9632],[-97.51716,19.96057],[-97.48919,19.96271],[-97.49317,19.96622],[-97.49027,19.97148],[-97.49446,19.97364],[-97.49516,19.98078],[-97.48792,19.98581],[-97.45609,19.97873],[-97.44348,19.98565],[-97.43175,19.99877],[-97.44336,20.01372],[-97.43523,20.01807],[-97.43208,20.02602],[-97.42215,20.02605],[-97.41487,20.04088]]]}},{"type":"Feature","properties":{"code":"21185","stateCode":"21","municipalityCode":"185","name":"Tlapanalá"},"geometry":{"type":"Polygon","coordinates":[[[-98.55661,18.74895],[-98.54817,18.74835],[-98.54896,18.73669],[-98.54617,18.73459],[-98.53588,18.74492],[-98.53538,18.7319],[-98.52755,18.7289],[-98.52966,18.7255],[-98.52465,18.72383],[-98.51965,18.71656],[-98.5211,18.71136],[-98.51436,18.7238],[-98.51202,18.71308],[-98.50236,18.728],[-98.49637,18.72694],[-98.49861,18.71251],[-98.50351,18.70388],[-98.4827,18.68435],[-98.48996,18.68223],[-98.48892,18.67979],[-98.47708,18.6742],[-98.47725,18.6691],[-98.48462,18.66207],[-98.48549,18.65482],[-98.49703,18.65575],[-98.50024,18.64998],[-98.51208,18.65845],[-98.51309,18.64633],[-98.5171,18.64271],[-98.52416,18.64597],[-98.53916,18.64632],[-98.53823,18.65135],[-98.54041,18.65058],[-98.54867,18.66045],[-98.55456,18.64084],[-98.56087,18.64294],[-98.56104,18.64605],[-98.56487,18.64439],[-98.57164,18.64753],[-98.56962,18.65985],[-98.57439,18.66002],[-98.57934,18.66662],[-98.57428,18.66965],[-98.58142,18.67949],[-98.57908,18.67871],[-98.58443,18.68789],[-98.58393,18.69441],[-98.57743,18.70055],[-98.57521,18.70889],[-98.56462,18.70961],[-98.56157,18.71313],[-98.57086,18.71653],[-98.57401,18.71221],[-98.57716,18.71526],[-98.57988,18.72145],[-98.57905,18.73272],[-98.57534,18.73304],[-98.57213,18.72814],[-98.56402,18.74503],[-98.55661,18.74895]]]}},{"type":"Feature","properties":{"code":"21184","stateCode":"21","municipalityCode":"184","name":"Tlapacoya"},"geometry":{"type":"Polygon","coordinates":[[[-97.83148,20.18296],[-97.8158,20.19031],[-97.81478,20.18188],[-97.81683,20.17662],[-97.80847,20.16759],[-97.7965,20.17141],[-97.78692,20.16737],[-97.79013,20.15959],[-97.79784,20.15421],[-97.78693,20.14463],[-97.80431,20.12853],[-97.80468,20.11926],[-97.8131,20.11117],[-97.81434,20.10444],[-97.83,20.10101],[-97.83899,20.103],[-97.84192,20.09543],[-97.83983,20.09108],[-97.85,20.0853],[-97.86354,20.08281],[-97.87515,20.08544],[-97.88144,20.09575],[-97.89049,20.09966],[-97.8927,20.10853],[-97.8909,20.11743],[-97.88673,20.12096],[-97.88932,20.12589],[-97.88362,20.12406],[-97.87725,20.12799],[-97.87966,20.13111],[-97.87735,20.13209],[-97.85938,20.13317],[-97.859,20.14796],[-97.84541,20.15231],[-97.84318,20.15901],[-97.8335,20.16279],[-97.83374,20.1692],[-97.82839,20.17446],[-97.83122,20.17577],[-97.83148,20.18296]]]}},{"type":"Feature","properties":{"code":"21158","stateCode":"21","municipalityCode":"158","name":"Tenampulco"},"geometry":{"type":"Polygon","coordinates":[[[-97.38029,20.24983],[-97.37421,20.24301],[-97.37772,20.2229],[-97.37352,20.2236],[-97.36551,20.21575],[-97.31551,20.20057],[-97.33038,20.1522],[-97.33784,20.1519],[-97.33954,20.14762],[-97.34533,20.14725],[-97.34797,20.14368],[-97.36505,20.14886],[-97.36946,20.15371],[-97.36962,20.15121],[-97.37527,20.15131],[-97.38206,20.14009],[-97.38589,20.13914],[-97.40885,20.14312],[-97.40899,20.14546],[-97.42091,20.14529],[-97.42083,20.14785],[-97.42562,20.14633],[-97.42895,20.15055],[-97.43307,20.14848],[-97.43431,20.15198],[-97.44252,20.14775],[-97.44457,20.15078],[-97.44875,20.14868],[-97.47201,20.15125],[-97.47255,20.1577],[-97.48684,20.16449],[-97.4848,20.17388],[-97.46744,20.17858],[-97.46284,20.18389],[-97.46429,20.22423],[-97.45956,20.2331],[-97.44528,20.24616],[-97.43594,20.24046],[-97.42888,20.24384],[-97.42081,20.24242],[-97.40817,20.23209],[-97.39573,20.24321],[-97.38029,20.24983]]]}},{"type":"Feature","properties":{"code":"21104","stateCode":"21","municipalityCode":"104","name":"Nopalucan"},"geometry":{"type":"Polygon","coordinates":[[[-97.8416,19.28781],[-97.82691,19.27299],[-97.83836,19.26722],[-97.83118,19.25946],[-97.80913,19.25964],[-97.80867,19.25505],[-97.80323,19.25582],[-97.78592,19.247],[-97.7902,19.24309],[-97.78673,19.2399],[-97.78958,19.23067],[-97.79341,19.23245],[-97.79869,19.22783],[-97.81068,19.23529],[-97.81441,19.22278],[-97.80474,19.22199],[-97.79809,19.22547],[-97.7469,19.1855],[-97.7515,19.17564],[-97.75606,19.17814],[-97.76366,19.1474],[-97.76878,19.14915],[-97.76498,19.15799],[-97.77065,19.16409],[-97.77979,19.15781],[-97.79573,19.16403],[-97.80047,19.15583],[-97.80997,19.15357],[-97.81192,19.14964],[-97.80472,19.14128],[-97.80835,19.13111],[-97.80402,19.10456],[-97.814,19.09837],[-97.81959,19.1041],[-97.82233,19.11532],[-97.83055,19.12337],[-97.82678,19.12506],[-97.83302,19.12859],[-97.83597,19.12207],[-97.84533,19.12849],[-97.85028,19.12487],[-97.85578,19.12599],[-97.85116,19.1399],[-97.86081,19.13528],[-97.90741,19.1413],[-97.91094,19.14944],[-97.90445,19.16225],[-97.91265,19.17413],[-97.91507,19.17334],[-97.91137,19.17961],[-97.90802,19.18083],[-97.90461,19.17759],[-97.88984,19.18696],[-97.89421,19.19115],[-97.89558,19.19752],[-97.89322,19.20031],[-97.86212,19.21384],[-97.85099,19.22293],[-97.86038,19.24408],[-97.87049,19.24006],[-97.86514,19.25395],[-97.85405,19.25733],[-97.87029,19.27059],[-97.85972,19.2872],[-97.8416,19.28781]]]}},{"type":"Feature","properties":{"code":"21123","stateCode":"21","municipalityCode":"123","name":"San Felipe Tepatlán"},"geometry":{"type":"Polygon","coordinates":[[[-97.76667,20.16426],[-97.76613,20.1479],[-97.74237,20.14592],[-97.7439,20.13827],[-97.75126,20.13815],[-97.75615,20.12675],[-97.76188,20.1266],[-97.76554,20.12279],[-97.76196,20.1197],[-97.76207,20.11163],[-97.75286,20.0996],[-97.76248,20.08718],[-97.7693,20.08626],[-97.77868,20.07682],[-97.78425,20.07663],[-97.7856,20.08337],[-97.78967,20.07975],[-97.78834,20.07671],[-97.79977,20.0742],[-97.80422,20.08077],[-97.81109,20.07716],[-97.81497,20.08551],[-97.83968,20.09132],[-97.84192,20.09543],[-97.83899,20.103],[-97.83,20.10101],[-97.81434,20.10444],[-97.8131,20.11117],[-97.80468,20.11926],[-97.80431,20.12853],[-97.79197,20.13734],[-97.79235,20.14129],[-97.78672,20.14733],[-97.77897,20.1497],[-97.76667,20.16426]]]}},{"type":"Feature","properties":{"code":"21128","stateCode":"21","municipalityCode":"128","name":"San José Chiapa"},"geometry":{"type":"Polygon","coordinates":[[[-97.65799,19.31064],[-97.62461,19.29873],[-97.65252,19.24527],[-97.68715,19.19219],[-97.71556,19.19767],[-97.72699,19.2102],[-97.73474,19.1939],[-97.73779,19.19522],[-97.73901,19.20298],[-97.7469,19.1855],[-97.79809,19.22547],[-97.78958,19.23067],[-97.78673,19.2399],[-97.7902,19.24309],[-97.78592,19.247],[-97.80323,19.25582],[-97.80867,19.25505],[-97.80902,19.25954],[-97.82388,19.26994],[-97.83961,19.28879],[-97.83716,19.29506],[-97.83927,19.30138],[-97.82086,19.30473],[-97.80047,19.30158],[-97.78542,19.28893],[-97.77139,19.28375],[-97.76509,19.28686],[-97.75705,19.29977],[-97.74509,19.30526],[-97.73703,19.29669],[-97.73833,19.2871],[-97.71964,19.30475],[-97.71575,19.29785],[-97.70125,19.29569],[-97.69093,19.28589],[-97.67761,19.29267],[-97.66952,19.29213],[-97.65799,19.31064]]]}},{"type":"Feature","properties":{"code":"21126","stateCode":"21","municipalityCode":"126","name":"San Jerónimo Tecuanipan"},"geometry":{"type":"Polygon","coordinates":[[[-98.41561,19.0855],[-98.39348,19.07477],[-98.3878,19.08019],[-98.38328,19.07927],[-98.38119,19.07801],[-98.38503,19.0683],[-98.37218,19.06126],[-98.38306,19.06172],[-98.3855,19.05405],[-98.40265,19.05274],[-98.40305,19.04102],[-98.39564,19.02963],[-98.38429,19.02602],[-98.38021,19.03311],[-98.37229,19.03154],[-98.36956,19.03594],[-98.36177,19.03878],[-98.36481,19.04038],[-98.35819,19.04244],[-98.354,19.03668],[-98.34564,19.03304],[-98.35725,19.01925],[-98.36925,18.99681],[-98.38123,19.00035],[-98.38369,18.99728],[-98.39412,19.00895],[-98.39666,19.01043],[-98.39883,19.0068],[-98.4049,19.01232],[-98.41533,19.00582],[-98.40622,18.99155],[-98.42595,18.994],[-98.41907,19.01653],[-98.42343,19.03328],[-98.42135,19.04687],[-98.4123,19.05289],[-98.4215,19.06249],[-98.41561,19.0855]]]}},{"type":"Feature","properties":{"code":"21161","stateCode":"21","municipalityCode":"161","name":"Tepanco de López"},"geometry":{"type":"Polygon","coordinates":[[[-97.50177,18.66477],[-97.48992,18.65726],[-97.49128,18.64432],[-97.48192,18.64426],[-97.46891,18.6286],[-97.4649,18.63211],[-97.46435,18.62358],[-97.4738,18.61252],[-97.46608,18.59347],[-97.48462,18.59815],[-97.49155,18.59379],[-97.48391,18.57699],[-97.48373,18.56848],[-97.49261,18.5655],[-97.48873,18.56195],[-97.49586,18.56562],[-97.49925,18.56323],[-97.50604,18.55514],[-97.50638,18.54836],[-97.5039,18.54134],[-97.49535,18.53562],[-97.49875,18.52703],[-97.47851,18.51503],[-97.47846,18.50807],[-97.46274,18.49975],[-97.4576,18.49414],[-97.45641,18.48538],[-97.46801,18.49252],[-97.46906,18.48232],[-97.47404,18.4823],[-97.48561,18.47025],[-97.48525,18.4656],[-97.4879,18.46609],[-97.48897,18.45972],[-97.49881,18.44818],[-97.50217,18.45514],[-97.50384,18.44948],[-97.51685,18.44174],[-97.53112,18.44629],[-97.53425,18.45282],[-97.54154,18.458],[-97.54224,18.4661],[-97.54671,18.46392],[-97.5522,18.46991],[-97.54669,18.47255],[-97.5458,18.47801],[-97.5497,18.4782],[-97.54182,18.49886],[-97.54759,18.50132],[-97.55042,18.50888],[-97.53263,18.51334],[-97.51867,18.5229],[-97.51841,18.52842],[-97.54437,18.54439],[-97.54489,18.54007],[-97.56097,18.54005],[-97.57475,18.53382],[-97.59099,18.51962],[-97.59395,18.51232],[-97.60624,18.51102],[-97.6112,18.50596],[-97.62009,18.51224],[-97.62618,18.50516],[-97.63676,18.50306],[-97.6399,18.50351],[-97.63687,18.51116],[-97.64502,18.51691],[-97.64711,18.53838],[-97.64244,18.54867],[-97.64282,18.55855],[-97.63015,18.56699],[-97.63902,18.59385],[-97.62146,18.5872],[-97.6251,18.59226],[-97.62449,18.59856],[-97.6162,18.5982],[-97.60864,18.59214],[-97.6096,18.58961],[-97.60376,18.58827],[-97.6031,18.59081],[-97.59871,18.58986],[-97.59807,18.59239],[-97.57157,18.59956],[-97.57406,18.60187],[-97.56299,18.60821],[-97.54872,18.62338],[-97.53766,18.62181],[-97.52392,18.63463],[-97.51699,18.64658],[-97.51808,18.66049],[-97.50177,18.66477]]]}},{"type":"Feature","properties":{"code":"21079","stateCode":"21","municipalityCode":"079","name":"Huitziltepec"},"geometry":{"type":"Polygon","coordinates":[[[-97.88119,18.84335],[-97.88459,18.8361],[-97.8786,18.83431],[-97.87896,18.82251],[-97.88895,18.80752],[-97.88451,18.80595],[-97.88666,18.80052],[-97.88479,18.79594],[-97.86863,18.78518],[-97.82891,18.78284],[-97.82176,18.77701],[-97.8244,18.76817],[-97.81245,18.75338],[-97.81584,18.74853],[-97.81406,18.74214],[-97.81693,18.7314],[-97.82493,18.72637],[-97.82919,18.72758],[-97.83178,18.72362],[-97.83636,18.72413],[-97.84119,18.73501],[-97.85175,18.74482],[-97.85808,18.73821],[-97.8706,18.73441],[-97.87721,18.73968],[-97.88563,18.74052],[-97.89422,18.74692],[-97.89106,18.74845],[-97.89403,18.76328],[-97.90196,18.76658],[-97.9067,18.76324],[-97.8991,18.77689],[-97.8926,18.77553],[-97.88965,18.80167],[-97.89396,18.80987],[-97.89171,18.82041],[-97.89641,18.82231],[-97.89474,18.83714],[-97.88981,18.83635],[-97.88558,18.84527],[-97.88119,18.84335]]]}},{"type":"Feature","properties":{"code":"21194","stateCode":"21","municipalityCode":"194","name":"Venustiano Carranza"},"geometry":{"type":"Polygon","coordinates":[[[-97.74193,20.60172],[-97.73367,20.58662],[-97.73481,20.57956],[-97.71242,20.57877],[-97.70408,20.57293],[-97.70121,20.57422],[-97.69989,20.57069],[-97.68517,20.57344],[-97.68046,20.56715],[-97.68477,20.55426],[-97.67632,20.55546],[-97.66043,20.54531],[-97.65621,20.54552],[-97.65775,20.55547],[-97.6482,20.56631],[-97.63773,20.55899],[-97.63666,20.55371],[-97.62544,20.55844],[-97.62544,20.56358],[-97.61008,20.56391],[-97.58995,20.55615],[-97.59004,20.55967],[-97.58923,20.56088],[-97.58795,20.56107],[-97.58932,20.55646],[-97.58325,20.55165],[-97.58353,20.5483],[-97.57499,20.54334],[-97.57832,20.53743],[-97.55495,20.5104],[-97.55357,20.50454],[-97.55208,20.50736],[-97.54104,20.48971],[-97.54331,20.48474],[-97.55606,20.48469],[-97.56207,20.49009],[-97.57605,20.4909],[-97.58627,20.47251],[-97.59588,20.46399],[-97.60098,20.46102],[-97.60722,20.46198],[-97.61659,20.45535],[-97.62388,20.45774],[-97.62777,20.45034],[-97.63537,20.45219],[-97.64072,20.44227],[-97.63547,20.43235],[-97.63755,20.41791],[-97.64541,20.40832],[-97.661,20.41295],[-97.66509,20.40839],[-97.67208,20.40853],[-97.67305,20.41886],[-97.68003,20.42534],[-97.69772,20.43251],[-97.69956,20.44336],[-97.70768,20.44813],[-97.70882,20.45485],[-97.72079,20.45354],[-97.72583,20.45823],[-97.73376,20.45209],[-97.74628,20.46746],[-97.75891,20.47525],[-97.75801,20.4782],[-97.7654,20.48077],[-97.77478,20.4736],[-97.77809,20.47523],[-97.77802,20.4713],[-97.78898,20.4736],[-97.79287,20.46686],[-97.80162,20.47079],[-97.79364,20.47344],[-97.78784,20.48196],[-97.79356,20.48196],[-97.79699,20.47816],[-97.81337,20.49151],[-97.81014,20.50661],[-97.82245,20.51453],[-97.82436,20.52076],[-97.81821,20.52719],[-97.80136,20.52381],[-97.79933,20.52702],[-97.79433,20.52665],[-97.79511,20.53311],[-97.78975,20.53586],[-97.783,20.53433],[-97.77466,20.53955],[-97.77466,20.54474],[-97.78114,20.54771],[-97.78752,20.55955],[-97.78261,20.58373],[-97.76871,20.59455],[-97.76063,20.59246],[-97.74193,20.60172]]]}},{"type":"Feature","properties":{"code":"21190","stateCode":"21","municipalityCode":"190","name":"Totoltepec de Guerrero"},"geometry":{"type":"Polygon","coordinates":[[[-97.82687,18.38093],[-97.8211,18.37875],[-97.81765,18.36341],[-97.81504,18.36223],[-97.81599,18.35474],[-97.79441,18.32648],[-97.77507,18.3086],[-97.78771,18.28918],[-97.78319,18.28628],[-97.7973,18.28317],[-97.81546,18.26205],[-97.82762,18.23694],[-97.82296,18.2234],[-97.8441,18.21615],[-97.85923,18.19229],[-97.8499,18.18852],[-97.86564,18.18525],[-97.86578,18.19128],[-97.87788,18.19696],[-97.86662,18.21001],[-97.87317,18.22929],[-97.8826,18.24168],[-97.88621,18.24219],[-97.88622,18.24899],[-97.89925,18.24816],[-97.89213,18.25718],[-97.8981,18.2652],[-97.89559,18.27351],[-97.89715,18.27739],[-97.90187,18.27677],[-97.91087,18.28566],[-97.89623,18.30359],[-97.90388,18.31307],[-97.90769,18.31338],[-97.90523,18.32225],[-97.90666,18.33998],[-97.88851,18.34408],[-97.87522,18.34225],[-97.85917,18.35109],[-97.85053,18.36251],[-97.84337,18.36117],[-97.83127,18.36797],[-97.82687,18.38093]]]}},{"type":"Feature","properties":{"code":"21189","stateCode":"21","municipalityCode":"189","name":"Tochtepec"},"geometry":{"type":"Polygon","coordinates":[[[-97.82302,18.90731],[-97.78781,18.89636],[-97.80372,18.85158],[-97.79973,18.8501],[-97.80267,18.84454],[-97.79126,18.84874],[-97.78951,18.8467],[-97.80204,18.82837],[-97.78643,18.81316],[-97.77135,18.80648],[-97.79662,18.75984],[-97.80006,18.74157],[-97.81675,18.73036],[-97.81406,18.74214],[-97.81584,18.74853],[-97.81238,18.75463],[-97.8244,18.76817],[-97.82176,18.77701],[-97.82891,18.78284],[-97.85546,18.78307],[-97.8538,18.79545],[-97.84374,18.79402],[-97.84613,18.8123],[-97.85453,18.81221],[-97.85275,18.82169],[-97.86879,18.82675],[-97.87706,18.83569],[-97.88459,18.8361],[-97.88119,18.84335],[-97.86983,18.83852],[-97.86269,18.85051],[-97.86369,18.85568],[-97.85815,18.86865],[-97.84914,18.8702],[-97.84728,18.87386],[-97.83895,18.89485],[-97.84048,18.90103],[-97.82943,18.89345],[-97.82302,18.90731]]]}},{"type":"Feature","properties":{"code":"21188","stateCode":"21","municipalityCode":"188","name":"Tochimilco"},"geometry":{"type":"Polygon","coordinates":[[[-98.60036,19.02796],[-98.58417,19.0253],[-98.56806,19.01449],[-98.56839,19.00475],[-98.57658,19.00391],[-98.57217,19.00053],[-98.57747,18.99641],[-98.57518,18.99128],[-98.58207,18.98708],[-98.58119,18.98441],[-98.58499,18.98555],[-98.58737,18.97829],[-98.59119,18.98212],[-98.59356,18.98031],[-98.58839,18.97533],[-98.58804,18.97052],[-98.57815,18.96619],[-98.56821,18.95011],[-98.55845,18.9454],[-98.55371,18.93838],[-98.56095,18.9155],[-98.54638,18.90353],[-98.54025,18.88714],[-98.54822,18.88724],[-98.54598,18.88015],[-98.5519,18.88088],[-98.55676,18.87592],[-98.54508,18.86389],[-98.54207,18.85082],[-98.55874,18.83797],[-98.572,18.83225],[-98.58174,18.83312],[-98.60388,18.82718],[-98.61001,18.83041],[-98.61385,18.82642],[-98.62583,18.82558],[-98.62745,18.82928],[-98.61917,18.84206],[-98.62287,18.8522],[-98.6374,18.86147],[-98.63556,18.86595],[-98.64416,18.88107],[-98.6429,18.88413],[-98.65127,18.88347],[-98.65322,18.87534],[-98.65764,18.87588],[-98.65736,18.86672],[-98.6673,18.85698],[-98.67253,18.88419],[-98.66486,18.88767],[-98.66729,18.88938],[-98.66132,18.89781],[-98.66471,18.89963],[-98.66593,18.90604],[-98.67291,18.90944],[-98.68141,18.90717],[-98.68796,18.89846],[-98.70282,18.89045],[-98.70219,18.88191],[-98.69776,18.87695],[-98.71347,18.86724],[-98.71415,18.87522],[-98.70568,18.89079],[-98.70734,18.90286],[-98.67809,18.92372],[-98.67391,18.95106],[-98.66332,18.96251],[-98.64852,19.0011],[-98.63855,19.00768],[-98.62674,19.02297],[-98.60036,19.02796]]]}},{"type":"Feature","properties":{"code":"21187","stateCode":"21","municipalityCode":"187","name":"Tlaxco"},"geometry":{"type":"Polygon","coordinates":[[[-98.02575,20.4481],[-98.02888,20.43867],[-98.02487,20.42891],[-98.01693,20.4268],[-98.01915,20.42109],[-98.01436,20.41844],[-98.01172,20.40826],[-98.00673,20.40771],[-98.01441,20.40496],[-98.0044,20.39176],[-98.00704,20.38742],[-98.01311,20.38844],[-98.02943,20.36861],[-98.03552,20.36955],[-98.05637,20.35667],[-98.05964,20.35628],[-98.06914,20.3655],[-98.08561,20.3669],[-98.0806,20.37839],[-98.09973,20.38243],[-98.0898,20.38852],[-98.08838,20.3964],[-98.07732,20.40312],[-98.07904,20.40893],[-98.07189,20.4164],[-98.0766,20.42081],[-98.0706,20.43014],[-98.052,20.44188],[-98.04481,20.43657],[-98.03385,20.44769],[-98.02575,20.4481]]]}},{"type":"Feature","properties":{"code":"21177","stateCode":"21","municipalityCode":"177","name":"Tlacotepec de Benito Juárez"},"geometry":{"type":"Polygon","coordinates":[[[-97.60288,18.76581],[-97.58044,18.76001],[-97.57752,18.75281],[-97.56797,18.7514],[-97.55536,18.74125],[-97.54799,18.7418],[-97.54236,18.74768],[-97.52542,18.74385],[-97.52355,18.72649],[-97.52641,18.72353],[-97.52332,18.70965],[-97.50883,18.71555],[-97.48944,18.69902],[-97.4895,18.69583],[-97.49383,18.68288],[-97.49826,18.68419],[-97.50506,18.67496],[-97.50896,18.66196],[-97.51808,18.66049],[-97.51762,18.64471],[-97.53249,18.62513],[-97.53936,18.62133],[-97.54872,18.62338],[-97.56299,18.60821],[-97.57406,18.60187],[-97.57157,18.59956],[-97.59807,18.59239],[-97.59871,18.58986],[-97.6031,18.59081],[-97.60376,18.58827],[-97.6096,18.58961],[-97.60864,18.59214],[-97.6162,18.5982],[-97.62449,18.59856],[-97.6251,18.59226],[-97.62146,18.5872],[-97.63902,18.59385],[-97.63015,18.56699],[-97.64282,18.55855],[-97.6415,18.55362],[-97.64728,18.53359],[-97.64502,18.51691],[-97.63649,18.51],[-97.6399,18.50351],[-97.65025,18.50292],[-97.65277,18.51492],[-97.65838,18.51666],[-97.64959,18.53959],[-97.65226,18.55102],[-97.66038,18.54119],[-97.67057,18.55964],[-97.6724,18.57294],[-97.69111,18.56253],[-97.71593,18.57203],[-97.72675,18.56725],[-97.7507,18.57721],[-97.74434,18.57999],[-97.73858,18.58797],[-97.75986,18.60391],[-97.75775,18.62295],[-97.73831,18.66277],[-97.72542,18.65923],[-97.72025,18.67109],[-97.72355,18.67395],[-97.72038,18.678],[-97.72479,18.67612],[-97.72519,18.67986],[-97.71368,18.69655],[-97.71907,18.70327],[-97.71399,18.70344],[-97.70822,18.70861],[-97.7111,18.71668],[-97.70592,18.71668],[-97.69882,18.70733],[-97.69678,18.70967],[-97.6763,18.70584],[-97.67265,18.7133],[-97.67574,18.72402],[-97.66983,18.73335],[-97.66547,18.72853],[-97.66024,18.73301],[-97.65574,18.71823],[-97.63358,18.73645],[-97.62064,18.73953],[-97.62011,18.7473],[-97.61207,18.75112],[-97.60751,18.76418],[-97.60288,18.76581]]]}},{"type":"Feature","properties":{"code":"21156","stateCode":"21","municipalityCode":"156","name":"Tehuacán"},"geometry":{"type":"Polygon","coordinates":[[[-97.23654,18.60746],[-97.20776,18.60027],[-97.22516,18.59312],[-97.23521,18.57528],[-97.23636,18.56686],[-97.25407,18.56976],[-97.26632,18.56538],[-97.27231,18.54774],[-97.28708,18.53701],[-97.29285,18.5271],[-97.29566,18.5291],[-97.29619,18.52299],[-97.30859,18.52271],[-97.31234,18.52726],[-97.31849,18.5256],[-97.31064,18.51196],[-97.32238,18.49965],[-97.31412,18.48083],[-97.31746,18.47241],[-97.30997,18.46518],[-97.31442,18.46179],[-97.30775,18.46197],[-97.324,18.44152],[-97.31521,18.43912],[-97.31534,18.43453],[-97.32035,18.43156],[-97.31862,18.42398],[-97.32254,18.42415],[-97.31869,18.41457],[-97.3061,18.40477],[-97.2991,18.4035],[-97.2971,18.39847],[-97.30752,18.3949],[-97.30883,18.39145],[-97.32551,18.39289],[-97.33243,18.3988],[-97.33083,18.40385],[-97.33905,18.40178],[-97.34027,18.39447],[-97.3313,18.38919],[-97.33336,18.37664],[-97.32725,18.36171],[-97.33678,18.36288],[-97.33771,18.35784],[-97.34572,18.35623],[-97.35566,18.37264],[-97.35916,18.37361],[-97.35341,18.3649],[-97.35961,18.36562],[-97.36668,18.35771],[-97.39148,18.36563],[-97.40041,18.37164],[-97.40278,18.38375],[-97.41326,18.38673],[-97.42847,18.38311],[-97.43089,18.39175],[-97.42624,18.40055],[-97.41372,18.40317],[-97.41371,18.40832],[-97.42008,18.4133],[-97.44498,18.42067],[-97.4505,18.41543],[-97.46648,18.41836],[-97.49082,18.40999],[-97.4886,18.40204],[-97.49266,18.39012],[-97.5017,18.38249],[-97.5103,18.37992],[-97.51582,18.35967],[-97.52196,18.35044],[-97.52566,18.35539],[-97.52968,18.34995],[-97.55475,18.34255],[-97.56088,18.33376],[-97.55966,18.325],[-97.56286,18.32408],[-97.57713,18.32557],[-97.59044,18.33329],[-97.59293,18.34249],[-97.58529,18.34853],[-97.59219,18.36127],[-97.59849,18.36594],[-97.60164,18.37143],[-97.59915,18.37359],[-97.61006,18.38923],[-97.60584,18.39031],[-97.61179,18.39425],[-97.61259,18.39989],[-97.60855,18.40437],[-97.61658,18.41671],[-97.62315,18.42007],[-97.62592,18.42809],[-97.61996,18.43372],[-97.61101,18.43429],[-97.60976,18.44118],[-97.60152,18.44489],[-97.58767,18.47254],[-97.60384,18.47309],[-97.60852,18.46704],[-97.61232,18.47086],[-97.62134,18.47154],[-97.623,18.47796],[-97.62035,18.48242],[-97.62904,18.48231],[-97.63478,18.48565],[-97.63734,18.50296],[-97.62618,18.50516],[-97.62009,18.51224],[-97.6112,18.50596],[-97.60624,18.51102],[-97.59395,18.51232],[-97.59099,18.51962],[-97.57475,18.53382],[-97.56097,18.54005],[-97.54489,18.54007],[-97.54437,18.54439],[-97.51841,18.52842],[-97.51867,18.5229],[-97.53263,18.51334],[-97.55042,18.50888],[-97.54759,18.50132],[-97.54182,18.49886],[-97.5497,18.4782],[-97.5458,18.47801],[-97.54669,18.47255],[-97.5522,18.46991],[-97.54671,18.46392],[-97.54224,18.4661],[-97.54154,18.458],[-97.53425,18.45282],[-97.53112,18.44629],[-97.51685,18.44174],[-97.50384,18.44948],[-97.50217,18.45514],[-97.49881,18.44818],[-97.48897,18.45972],[-97.4879,18.46609],[-97.48525,18.4656],[-97.48561,18.47025],[-97.47404,18.4823],[-97.46906,18.48232],[-97.46801,18.49252],[-97.45651,18.48401],[-97.4576,18.49414],[-97.46274,18.49975],[-97.47846,18.50807],[-97.47851,18.51503],[-97.49875,18.52703],[-97.49535,18.53562],[-97.5039,18.54134],[-97.50604,18.55514],[-97.49586,18.56562],[-97.48094,18.55931],[-97.47308,18.55204],[-97.47077,18.54371],[-97.46389,18.54246],[-97.46294,18.5385],[-97.45372,18.53269],[-97.45423,18.50305],[-97.44932,18.49378],[-97.43254,18.49266],[-97.42453,18.52438],[-97.42046,18.51733],[-97.41344,18.51845],[-97.41286,18.51568],[-97.40935,18.51587],[-97.40526,18.50013],[-97.39315,18.50453],[-97.39032,18.51432],[-97.39399,18.51887],[-97.39291,18.53766],[-97.38847,18.54224],[-97.38249,18.54213],[-97.37297,18.55195],[-97.36744,18.54909],[-97.35661,18.55069],[-97.3559,18.56154],[-97.34399,18.57542],[-97.34174,18.58816],[-97.33024,18.58598],[-97.3146,18.59095],[-97.31923,18.57814],[-97.31241,18.57277],[-97.30117,18.58731],[-97.29162,18.58458],[-97.27811,18.59679],[-97.26039,18.58683],[-97.2547,18.58676],[-97.23654,18.60746]]]}},{"type":"Feature","properties":{"code":"21155","stateCode":"21","municipalityCode":"155","name":"Tecomatlán"},"geometry":{"type":"MultiPolygon","coordinates":[[[[-98.26744,17.95997],[-98.26354,17.95073],[-98.25118,17.94403],[-98.25041,17.93888],[-98.26096,17.93451],[-98.26271,17.92697],[-98.27281,17.92238],[-98.28231,17.93515],[-98.29195,17.91972],[-98.29041,17.91465],[-98.29793,17.91111],[-98.30031,17.91632],[-98.30732,17.91407],[-98.30692,17.92373],[-98.31167,17.93318],[-98.30601,17.9415],[-98.31324,17.95802],[-98.30388,17.95538],[-98.29936,17.95718],[-98.30129,17.9601],[-98.29893,17.96053],[-98.28678,17.95371],[-98.28838,17.95784],[-98.28167,17.95956],[-98.27677,17.95646],[-98.26744,17.95997]]],[[[-98.29906,18.13215],[-98.29116,18.12924],[-98.29282,18.11981],[-98.28893,18.12145],[-98.28806,18.11095],[-98.28524,18.1113],[-98.28441,18.11577],[-98.27086,18.11748],[-98.24786,18.09853],[-98.23883,18.0955],[-98.242,18.07821],[-98.238,18.07945],[-98.23301,18.07422],[-98.24699,18.07193],[-98.24469,18.06694],[-98.2562,18.0592],[-98.27284,18.06378],[-98.27609,18.05951],[-98.30463,18.05714],[-98.3034,18.05154],[-98.32004,18.04407],[-98.33494,18.04724],[-98.33579,18.04164],[-98.34427,18.03509],[-98.36728,18.03424],[-98.36515,18.02522],[-98.36203,18.0247],[-98.3442,18.02611],[-98.33958,18.03174],[-98.32751,18.03697],[-98.32563,18.03214],[-98.32144,18.03436],[-98.31399,18.03155],[-98.32211,18.02014],[-98.3242,18.00835],[-98.3181,17.9991],[-98.32109,17.98617],[-98.33335,17.98507],[-98.3347,17.98256],[-98.33695,17.98578],[-98.34382,17.98585],[-98.35196,17.98265],[-98.34773,17.98628],[-98.34859,17.99258],[-98.34558,17.99742],[-98.34029,17.99652],[-98.34311,17.9993],[-98.35,17.99595],[-98.36371,17.99966],[-98.37085,17.99537],[-98.37541,17.99883],[-98.36694,18.00089],[-98.36033,18.01325],[-98.37242,18.01323],[-98.37009,18.02269],[-98.37519,18.03357],[-98.3729,18.04185],[-98.36288,18.04225],[-98.35418,18.05701],[-98.36632,18.0587],[-98.376,18.06584],[-98.38231,18.07547],[-98.38417,18.0872],[-98.38648,18.08714],[-98.38005,18.09267],[-98.37461,18.09204],[-98.36827,18.09788],[-98.3646,18.09758],[-98.35672,18.10558],[-98.3599,18.10686],[-98.34608,18.13074],[-98.33681,18.12982],[-98.34061,18.12728],[-98.3384,18.12152],[-98.32681,18.12946],[-98.3308,18.12257],[-98.32761,18.12103],[-98.31498,18.12519],[-98.3139,18.12854],[-98.3031,18.12835],[-98.29906,18.13215]]]]}},{"type":"Feature","properties":{"code":"21154","stateCode":"21","municipalityCode":"154","name":"Tecamachalco"},"geometry":{"type":"Polygon","coordinates":[[[-97.72196,18.95785],[-97.71328,18.95116],[-97.71703,18.9454],[-97.72128,18.94645],[-97.72589,18.9332],[-97.71422,18.92068],[-97.71106,18.91903],[-97.70904,18.92155],[-97.704,18.91547],[-97.69419,18.91314],[-97.69337,18.90769],[-97.68081,18.90797],[-97.67618,18.91111],[-97.66999,18.90792],[-97.67702,18.8963],[-97.66972,18.89354],[-97.6763,18.88229],[-97.66966,18.87919],[-97.66575,18.86808],[-97.65879,18.86838],[-97.65578,18.8603],[-97.64613,18.85893],[-97.64254,18.85337],[-97.65779,18.83911],[-97.65301,18.83318],[-97.66067,18.82346],[-97.66814,18.82585],[-97.68277,18.81985],[-97.68761,18.82006],[-97.69004,18.82532],[-97.71246,18.82206],[-97.70902,18.81227],[-97.73072,18.79302],[-97.72355,18.78899],[-97.74011,18.76867],[-97.75421,18.78151],[-97.75762,18.77938],[-97.76194,18.78291],[-97.76794,18.78001],[-97.77416,18.78502],[-97.7787,18.78076],[-97.78374,18.7823],[-97.77135,18.80648],[-97.78643,18.81316],[-97.80204,18.82837],[-97.78951,18.8467],[-97.79126,18.84874],[-97.80267,18.84454],[-97.79973,18.8501],[-97.80372,18.85158],[-97.788,18.89563],[-97.77817,18.88779],[-97.77091,18.89703],[-97.76407,18.89599],[-97.76618,18.90371],[-97.7614,18.91423],[-97.7559,18.91694],[-97.75227,18.92366],[-97.75233,18.93882],[-97.74627,18.95506],[-97.72669,18.94831],[-97.72196,18.95785]]]}},{"type":"Feature","properties":{"code":"21153","stateCode":"21","municipalityCode":"153","name":"Tecali de Herrera"},"geometry":{"type":"Polygon","coordinates":[[[-97.96158,18.98936],[-97.94468,18.97278],[-97.94714,18.96028],[-97.9277,18.97143],[-97.937,18.95337],[-97.93231,18.94937],[-97.92654,18.94747],[-97.92206,18.9508],[-97.91143,18.94482],[-97.91457,18.93986],[-97.92855,18.93888],[-97.92564,18.93417],[-97.92963,18.93259],[-97.93025,18.92873],[-97.92266,18.92276],[-97.90835,18.91982],[-97.91185,18.91115],[-97.89195,18.89066],[-97.90009,18.87022],[-97.90555,18.86656],[-97.90981,18.86996],[-97.91161,18.86234],[-97.90168,18.84523],[-97.90554,18.84493],[-97.90688,18.83989],[-97.92009,18.84254],[-97.92351,18.8277],[-97.93144,18.82243],[-97.93139,18.81689],[-97.92664,18.81279],[-97.93287,18.80697],[-97.93314,18.81067],[-97.94117,18.80827],[-97.94499,18.81022],[-97.94188,18.81285],[-97.94521,18.81561],[-97.94772,18.81191],[-97.95012,18.81354],[-97.94824,18.81646],[-97.95538,18.81627],[-97.94978,18.82391],[-97.96151,18.82125],[-97.96861,18.83048],[-97.97488,18.82391],[-97.97841,18.82983],[-97.97917,18.82736],[-97.9996,18.82826],[-98.00628,18.82516],[-98.00719,18.83634],[-98.01426,18.82721],[-98.01195,18.83241],[-98.01919,18.8325],[-98.02002,18.83948],[-98.0228,18.83515],[-98.02536,18.83871],[-98.02925,18.8367],[-98.03042,18.85117],[-98.02679,18.84999],[-98.01628,18.85875],[-98.0156,18.86893],[-98.02439,18.87666],[-98.04455,18.88592],[-98.05648,18.88731],[-98.06627,18.88122],[-98.06562,18.88743],[-98.05995,18.89417],[-98.06892,18.8958],[-98.07481,18.90115],[-98.06106,18.90432],[-98.04086,18.90375],[-98.04642,18.91043],[-98.05219,18.92395],[-98.02762,18.91748],[-98.01436,18.92426],[-98.00999,18.9223],[-98.00596,18.92655],[-97.9986,18.92469],[-97.9938,18.92974],[-97.97636,18.92345],[-97.9845,18.93403],[-97.99804,18.94158],[-97.99629,18.94642],[-97.97113,18.94581],[-97.96453,18.93547],[-97.95831,18.94653],[-97.96175,18.94799],[-97.95717,18.95533],[-97.95356,18.95347],[-97.95214,18.95695],[-97.95675,18.96754],[-97.95974,18.96487],[-97.96718,18.96714],[-97.96217,18.98122],[-97.96631,18.98801],[-97.96158,18.98936]]]}},{"type":"Feature","properties":{"code":"21118","stateCode":"21","municipalityCode":"118","name":"Los Reyes de Juárez"},"geometry":{"type":"Polygon","coordinates":[[[-97.85907,19.01533],[-97.84616,19.00718],[-97.84835,19.00391],[-97.83802,18.99486],[-97.84469,18.99185],[-97.84243,18.9894],[-97.82985,18.9872],[-97.80604,18.9754],[-97.81228,18.97153],[-97.80485,18.95628],[-97.78335,18.9502],[-97.78523,18.93123],[-97.79489,18.93505],[-97.80192,18.92051],[-97.82711,18.92995],[-97.82597,18.93244],[-97.83876,18.93826],[-97.83849,18.94556],[-97.8258,18.94629],[-97.82138,18.95293],[-97.83946,18.96159],[-97.83611,18.96841],[-97.83826,18.9758],[-97.85969,18.98979],[-97.85769,18.99197],[-97.87154,18.99688],[-97.86377,19.00433],[-97.86488,19.00681],[-97.85907,19.01533]]]}},{"type":"Feature","properties":{"code":"21119","stateCode":"21","municipalityCode":"119","name":"San Andrés Cholula"},"geometry":{"type":"Polygon","coordinates":[[[-98.27716,19.06849],[-98.28302,19.06031],[-98.27417,19.05967],[-98.27788,19.05098],[-98.2649,19.04899],[-98.26867,19.04651],[-98.26137,19.04488],[-98.25779,19.05179],[-98.23927,19.03153],[-98.22952,19.02762],[-98.22605,19.03102],[-98.22386,19.02939],[-98.2286,19.02149],[-98.23806,19.02548],[-98.24711,19.01983],[-98.2464,19.01304],[-98.2532,19.00757],[-98.25759,18.99338],[-98.26667,18.98986],[-98.26901,18.99406],[-98.27341,18.99368],[-98.27395,18.98755],[-98.27997,18.98428],[-98.2797,18.97835],[-98.28301,18.97567],[-98.28533,18.98398],[-98.29255,18.98901],[-98.29679,18.9802],[-98.30138,18.9814],[-98.30719,18.99025],[-98.30875,18.99957],[-98.31744,19.00246],[-98.33105,19.02217],[-98.34031,19.02507],[-98.34178,19.03084],[-98.354,19.03668],[-98.35819,19.04244],[-98.32908,19.04804],[-98.32469,19.04541],[-98.31476,19.05042],[-98.30739,19.04702],[-98.30274,19.05974],[-98.29802,19.05777],[-98.29519,19.06342],[-98.27716,19.06849]]]}},{"type":"Feature","properties":{"code":"21120","stateCode":"21","municipalityCode":"120","name":"San Antonio Cañada"},"geometry":{"type":"Polygon","coordinates":[[[-97.26767,18.55444],[-97.25763,18.54906],[-97.25705,18.53935],[-97.25073,18.53718],[-97.25361,18.53153],[-97.24943,18.5246],[-97.23604,18.52408],[-97.23939,18.5279],[-97.2285,18.53654],[-97.22037,18.52442],[-97.22947,18.50378],[-97.22905,18.49551],[-97.22015,18.4893],[-97.21679,18.48214],[-97.22272,18.47216],[-97.23273,18.47167],[-97.24278,18.47662],[-97.26234,18.46815],[-97.2625,18.46421],[-97.26927,18.46548],[-97.27869,18.46071],[-97.2813,18.45307],[-97.28956,18.45428],[-97.31497,18.43549],[-97.31521,18.43912],[-97.324,18.44152],[-97.30775,18.46197],[-97.31442,18.46179],[-97.30997,18.46518],[-97.31746,18.47241],[-97.31412,18.48083],[-97.32238,18.49965],[-97.31064,18.51196],[-97.31849,18.5256],[-97.31234,18.52726],[-97.30859,18.52271],[-97.29619,18.52299],[-97.29566,18.5291],[-97.29285,18.5271],[-97.29224,18.53167],[-97.26767,18.55444]]]}},{"type":"Feature","properties":{"code":"21125","stateCode":"21","municipalityCode":"125","name":"San Gregorio Atzompa"},"geometry":{"type":"Polygon","coordinates":[[[-98.34499,19.03287],[-98.34031,19.02507],[-98.33375,19.02454],[-98.32188,19.01058],[-98.32699,19.00184],[-98.34487,18.99973],[-98.35459,18.99236],[-98.36925,18.99681],[-98.35725,19.01925],[-98.34499,19.03287]]]}},{"type":"Feature","properties":{"code":"21105","stateCode":"21","municipalityCode":"105","name":"Ocotepec"},"geometry":{"type":"Polygon","coordinates":[[[-97.69279,19.60216],[-97.68176,19.59642],[-97.6808,19.58833],[-97.67276,19.59176],[-97.65503,19.59011],[-97.64756,19.58048],[-97.64498,19.56135],[-97.63141,19.56284],[-97.63228,19.56499],[-97.6266,19.56786],[-97.62862,19.56237],[-97.62004,19.53803],[-97.63205,19.53143],[-97.6294,19.52976],[-97.62761,19.51777],[-97.63207,19.51476],[-97.62341,19.50683],[-97.63455,19.49865],[-97.63649,19.50452],[-97.64576,19.51261],[-97.64822,19.52201],[-97.65985,19.52773],[-97.66563,19.53461],[-97.67729,19.52818],[-97.68094,19.53494],[-97.69411,19.53405],[-97.6906,19.53017],[-97.69583,19.52194],[-97.70021,19.52044],[-97.71789,19.53174],[-97.7212,19.53724],[-97.71546,19.53904],[-97.71299,19.54891],[-97.7189,19.55466],[-97.73128,19.55924],[-97.71758,19.56494],[-97.714,19.57287],[-97.71593,19.58358],[-97.71156,19.59319],[-97.69279,19.60216]]]}},{"type":"Feature","properties":{"code":"21175","stateCode":"21","municipalityCode":"175","name":"Tianguismanalco"},"geometry":{"type":"Polygon","coordinates":[[[-98.48489,19.06599],[-98.46396,19.05518],[-98.45259,19.04483],[-98.43693,19.04683],[-98.42328,19.03393],[-98.41907,19.01653],[-98.42595,18.994],[-98.40622,18.99155],[-98.40969,18.98267],[-98.40788,18.97115],[-98.41569,18.96388],[-98.40501,18.95227],[-98.41946,18.95358],[-98.4283,18.93892],[-98.43326,18.9424],[-98.43221,18.94495],[-98.43547,18.94465],[-98.43673,18.95211],[-98.44389,18.95141],[-98.43846,18.94079],[-98.44849,18.93478],[-98.45149,18.93841],[-98.45853,18.93784],[-98.4571,18.9441],[-98.46359,18.94421],[-98.46027,18.93702],[-98.4661,18.93445],[-98.469,18.95235],[-98.47446,18.95166],[-98.48213,18.97214],[-98.52819,18.97843],[-98.53582,18.9876],[-98.54264,18.9879],[-98.5434,18.97608],[-98.54516,18.98158],[-98.55727,18.98694],[-98.57632,19.00264],[-98.56839,19.00475],[-98.567,19.01097],[-98.57488,19.02086],[-98.57481,19.02644],[-98.58191,19.03876],[-98.56046,19.03409],[-98.53391,19.02271],[-98.52038,19.02701],[-98.50026,19.02668],[-98.49851,19.03456],[-98.49161,19.04276],[-98.49278,19.04812],[-98.48462,19.05646],[-98.48489,19.06599]]]}},{"type":"Feature","properties":{"code":"21085","stateCode":"21","municipalityCode":"085","name":"Izúcar de Matamoros"},"geometry":{"type":"Polygon","coordinates":[[[-98.45112,18.68345],[-98.43854,18.67849],[-98.43972,18.67528],[-98.42805,18.65897],[-98.42271,18.65362],[-98.4153,18.65311],[-98.41447,18.64466],[-98.40468,18.6398],[-98.39638,18.63976],[-98.39757,18.62964],[-98.41019,18.60551],[-98.39428,18.6],[-98.39434,18.59663],[-98.39953,18.59086],[-98.39976,18.58934],[-98.38484,18.58067],[-98.38734,18.5731],[-98.38349,18.56504],[-98.37482,18.56342],[-98.37357,18.56747],[-98.36434,18.5701],[-98.36354,18.57334],[-98.35929,18.56481],[-98.37815,18.54393],[-98.35506,18.54257],[-98.34941,18.53497],[-98.34522,18.53407],[-98.32304,18.53505],[-98.32562,18.5316],[-98.32308,18.53104],[-98.32551,18.52615],[-98.32218,18.52198],[-98.32336,18.51893],[-98.31887,18.51981],[-98.31758,18.5173],[-98.3152,18.52031],[-98.31017,18.51917],[-98.31047,18.52233],[-98.30425,18.52172],[-98.30524,18.5188],[-98.29909,18.51438],[-98.29957,18.51021],[-98.30594,18.50898],[-98.31077,18.50396],[-98.28775,18.49517],[-98.29535,18.48596],[-98.30504,18.48604],[-98.30579,18.4806],[-98.31507,18.48134],[-98.33242,18.47223],[-98.34417,18.47893],[-98.33737,18.46758],[-98.34565,18.46568],[-98.34769,18.46079],[-98.34925,18.46498],[-98.35954,18.46685],[-98.36878,18.45848],[-98.37334,18.45991],[-98.37245,18.45415],[-98.36613,18.44872],[-98.36677,18.44523],[-98.38987,18.43975],[-98.38759,18.43804],[-98.3887,18.42736],[-98.40018,18.42142],[-98.40637,18.41364],[-98.40654,18.40843],[-98.41066,18.41107],[-98.41845,18.40502],[-98.41588,18.39311],[-98.41161,18.39312],[-98.40479,18.38681],[-98.40858,18.3821],[-98.41242,18.38269],[-98.41257,18.37543],[-98.42017,18.37555],[-98.42206,18.37135],[-98.43286,18.37844],[-98.43635,18.37474],[-98.43471,18.36598],[-98.4297,18.36632],[-98.43983,18.36145],[-98.44093,18.35442],[-98.43628,18.35132],[-98.43408,18.3404],[-98.43794,18.33561],[-98.43274,18.33292],[-98.44431,18.32943],[-98.44972,18.33539],[-98.45574,18.33431],[-98.4548,18.33939],[-98.45801,18.33401],[-98.46529,18.3359],[-98.47067,18.33342],[-98.48022,18.34263],[-98.48115,18.3538],[-98.50128,18.3568],[-98.50941,18.36474],[-98.5107,18.3724],[-98.51796,18.37588],[-98.52113,18.38145],[-98.53109,18.37798],[-98.54339,18.37907],[-98.54106,18.3884],[-98.53128,18.39339],[-98.51173,18.38765],[-98.50506,18.40098],[-98.5116,18.4012],[-98.5232,18.40858],[-98.52836,18.40788],[-98.52766,18.40277],[-98.53441,18.40417],[-98.55218,18.3991],[-98.55965,18.41544],[-98.56538,18.42082],[-98.55023,18.41605],[-98.53613,18.42861],[-98.53409,18.43632],[-98.53821,18.43942],[-98.53034,18.44157],[-98.52471,18.44753],[-98.52396,18.45338],[-98.52967,18.4563],[-98.53556,18.4684],[-98.53973,18.50527],[-98.53784,18.51061],[-98.54186,18.51232],[-98.54868,18.52685],[-98.54295,18.5319],[-98.54332,18.54149],[-98.51767,18.53996],[-98.5196,18.55305],[-98.52895,18.55878],[-98.52433,18.56037],[-98.53233,18.56766],[-98.53684,18.55908],[-98.55236,18.55684],[-98.55282,18.55409],[-98.55787,18.55659],[-98.5594,18.56171],[-98.5552,18.56464],[-98.55931,18.56833],[-98.55958,18.58307],[-98.54573,18.57678],[-98.52914,18.57902],[-98.53092,18.57282],[-98.52876,18.57132],[-98.51574,18.57867],[-98.51072,18.57779],[-98.50324,18.58624],[-98.50952,18.59187],[-98.49511,18.62019],[-98.48844,18.62078],[-98.48145,18.6269],[-98.48715,18.63152],[-98.48716,18.63597],[-98.47212,18.659],[-98.46861,18.66795],[-98.46996,18.67397],[-98.45112,18.68345]]]}},{"type":"Feature","properties":{"code":"21164","stateCode":"21","municipalityCode":"164","name":"Tepeaca"},"geometry":{"type":"Polygon","coordinates":[[[-97.83215,19.12826],[-97.82678,19.12506],[-97.83055,19.12337],[-97.82182,19.11428],[-97.81669,19.09091],[-97.81172,19.09218],[-97.8105,19.08183],[-97.80719,19.0813],[-97.81004,19.06816],[-97.80814,19.06587],[-97.8106,19.06399],[-97.80785,19.06145],[-97.81214,19.06001],[-97.81373,19.0547],[-97.81588,19.03161],[-97.8083,19.0286],[-97.8009,19.01268],[-97.80199,19.00745],[-97.81266,19.01486],[-97.81422,19.02102],[-97.82636,19.0285],[-97.82362,19.02051],[-97.82782,19.0153],[-97.81462,19.00988],[-97.81052,19.00393],[-97.8145,18.98188],[-97.84243,18.9894],[-97.84469,18.99185],[-97.83802,18.99486],[-97.84835,19.00391],[-97.84616,19.00718],[-97.85916,19.01538],[-97.86377,19.00433],[-97.87154,18.99688],[-97.85769,18.99197],[-97.85969,18.98979],[-97.83826,18.9758],[-97.83611,18.96841],[-97.84426,18.95947],[-97.83894,18.95129],[-97.85641,18.93544],[-97.8412,18.93363],[-97.84374,18.92385],[-97.85679,18.92365],[-97.85466,18.92026],[-97.85824,18.90926],[-97.87204,18.90731],[-97.87716,18.91955],[-97.89369,18.92191],[-97.909,18.91966],[-97.92266,18.92276],[-97.93025,18.92873],[-97.92963,18.93259],[-97.92564,18.93417],[-97.92855,18.93888],[-97.91457,18.93986],[-97.91143,18.94482],[-97.92206,18.9508],[-97.92654,18.94747],[-97.93231,18.94937],[-97.937,18.95337],[-97.9277,18.97143],[-97.94714,18.96028],[-97.94419,18.96927],[-97.94579,18.97465],[-97.96143,18.98931],[-97.97179,18.99026],[-97.97153,18.9936],[-97.95579,19.00607],[-97.93642,19.0046],[-97.93522,19.00744],[-97.94417,19.01277],[-97.94434,19.01618],[-97.93234,19.03401],[-97.92453,19.03888],[-97.92246,19.0522],[-97.90473,19.06462],[-97.90283,19.07155],[-97.89715,19.0762],[-97.89258,19.07621],[-97.87907,19.08616],[-97.86887,19.1008],[-97.84637,19.11113],[-97.83215,19.12826]]]}},{"type":"Feature","properties":{"code":"21198","stateCode":"21","municipalityCode":"198","name":"Xicotlán"},"geometry":{"type":"Polygon","coordinates":[[[-98.69727,18.18915],[-98.69206,18.18278],[-98.67555,18.18247],[-98.67179,18.17967],[-98.67795,18.17242],[-98.67503,18.15594],[-98.66679,18.16463],[-98.65276,18.16919],[-98.65269,18.1734],[-98.6492,18.17058],[-98.65259,18.14988],[-98.66015,18.14707],[-98.67193,18.13092],[-98.67234,18.1254],[-98.66444,18.12098],[-98.65858,18.12152],[-98.65743,18.1258],[-98.65423,18.12601],[-98.65526,18.12043],[-98.65178,18.11795],[-98.64265,18.12134],[-98.6312,18.114],[-98.62933,18.11713],[-98.62237,18.1148],[-98.61652,18.10966],[-98.60405,18.11571],[-98.6,18.10897],[-98.59182,18.10646],[-98.59186,18.12326],[-98.59825,18.12818],[-98.5979,18.14165],[-98.59349,18.14631],[-98.5797,18.14437],[-98.581,18.15385],[-98.57576,18.16146],[-98.56683,18.14383],[-98.5611,18.14428],[-98.56092,18.15079],[-98.55767,18.15333],[-98.5533,18.14575],[-98.55009,18.14772],[-98.54838,18.14095],[-98.5527,18.12767],[-98.54667,18.12683],[-98.54648,18.13965],[-98.53753,18.13325],[-98.53655,18.13586],[-98.53568,18.13247],[-98.53344,18.13467],[-98.5313,18.12808],[-98.52038,18.13144],[-98.51746,18.12291],[-98.50744,18.12446],[-98.49774,18.1104],[-98.4952,18.09765],[-98.48858,18.10067],[-98.48729,18.09577],[-98.48965,18.09204],[-98.49212,18.09353],[-98.50122,18.08858],[-98.49907,18.07725],[-98.49481,18.07456],[-98.49779,18.05151],[-98.50158,18.04728],[-98.51293,18.04418],[-98.53123,18.0542],[-98.53467,18.05143],[-98.5424,18.0519],[-98.54115,18.04785],[-98.54439,18.04692],[-98.54902,18.0497],[-98.56375,18.04905],[-98.56576,18.05404],[-98.57286,18.05324],[-98.57759,18.05133],[-98.57977,18.04582],[-98.5906,18.04082],[-98.59894,18.04178],[-98.60648,18.0383],[-98.61162,18.04355],[-98.6183,18.04278],[-98.62458,18.05005],[-98.63167,18.05098],[-98.63474,18.04579],[-98.63287,18.04278],[-98.63837,18.03596],[-98.64696,18.03635],[-98.66155,18.04443],[-98.66143,18.04955],[-98.6632,18.04829],[-98.66564,18.05326],[-98.66304,18.05496],[-98.66576,18.06362],[-98.67339,18.06299],[-98.67764,18.05423],[-98.67721,18.06389],[-98.68378,18.0718],[-98.69567,18.07162],[-98.69768,18.07651],[-98.69265,18.08652],[-98.69957,18.11228],[-98.70398,18.11317],[-98.70691,18.10559],[-98.71539,18.11385],[-98.713,18.11298],[-98.7072,18.1214],[-98.69648,18.12292],[-98.69118,18.13108],[-98.68807,18.13132],[-98.68579,18.13925],[-98.69601,18.14816],[-98.69437,18.15331],[-98.70144,18.15346],[-98.69143,18.16692],[-98.70048,18.18685],[-98.69727,18.18915]]]}},{"type":"Feature","properties":{"code":"21133","stateCode":"21","municipalityCode":"133","name":"San Martín Totoltepec"},"geometry":{"type":"Polygon","coordinates":[[[-98.34947,18.67406],[-98.33646,18.65804],[-98.34593,18.64825],[-98.36455,18.64154],[-98.36766,18.64708],[-98.36171,18.65314],[-98.37218,18.65234],[-98.37257,18.65993],[-98.34947,18.67406]]]}},{"type":"Feature","properties":{"code":"21174","stateCode":"21","municipalityCode":"174","name":"Teziutlán"},"geometry":{"type":"Polygon","coordinates":[[[-97.34783,19.97949],[-97.34988,19.97437],[-97.34585,19.97115],[-97.34536,19.96487],[-97.33885,19.96311],[-97.33952,19.96014],[-97.33571,19.95851],[-97.33558,19.94898],[-97.34373,19.93928],[-97.34447,19.92458],[-97.33922,19.93148],[-97.3315,19.92703],[-97.34125,19.91469],[-97.33956,19.91094],[-97.34705,19.90521],[-97.34649,19.89981],[-97.35511,19.8864],[-97.34903,19.87691],[-97.34583,19.87784],[-97.33959,19.87168],[-97.33599,19.87052],[-97.33459,19.87347],[-97.32827,19.87005],[-97.32053,19.87302],[-97.32224,19.86797],[-97.31532,19.87159],[-97.32054,19.86238],[-97.32136,19.84755],[-97.31778,19.83943],[-97.32714,19.82709],[-97.32181,19.82474],[-97.32499,19.81538],[-97.33381,19.8109],[-97.33755,19.80439],[-97.3452,19.80219],[-97.35048,19.79131],[-97.36222,19.78147],[-97.36155,19.77809],[-97.37179,19.77566],[-97.37533,19.78114],[-97.37901,19.76831],[-97.38811,19.77395],[-97.38841,19.78245],[-97.37777,19.79273],[-97.37694,19.80315],[-97.38129,19.80386],[-97.37884,19.80693],[-97.38063,19.81379],[-97.37649,19.81908],[-97.38143,19.81674],[-97.37376,19.82765],[-97.3695,19.84215],[-97.37985,19.84818],[-97.38981,19.84783],[-97.38575,19.86072],[-97.39364,19.85496],[-97.4062,19.85433],[-97.40609,19.86273],[-97.39759,19.87261],[-97.40393,19.87598],[-97.40391,19.88115],[-97.39877,19.88465],[-97.39357,19.8973],[-97.38574,19.89634],[-97.37718,19.90309],[-97.36941,19.90187],[-97.36873,19.90916],[-97.36029,19.91425],[-97.36325,19.92492],[-97.36058,19.93935],[-97.36499,19.94889],[-97.3609,19.95775],[-97.3638,19.96107],[-97.36315,19.96783],[-97.36204,19.97251],[-97.35306,19.97167],[-97.35812,19.97811],[-97.34783,19.97949]]]}},{"type":"Feature","properties":{"code":"21176","stateCode":"21","municipalityCode":"176","name":"Tilapa"},"geometry":{"type":"Polygon","coordinates":[[[-98.47385,18.66959],[-98.46904,18.66681],[-98.48727,18.63548],[-98.48715,18.63152],[-98.48145,18.6269],[-98.48844,18.62078],[-98.49511,18.62019],[-98.50952,18.59187],[-98.50324,18.58624],[-98.51124,18.57745],[-98.51574,18.57867],[-98.52876,18.57132],[-98.53092,18.57282],[-98.52914,18.57902],[-98.54573,18.57678],[-98.55958,18.58307],[-98.55985,18.57464],[-98.57052,18.56906],[-98.57433,18.57696],[-98.57873,18.57969],[-98.58284,18.57625],[-98.59113,18.58102],[-98.59547,18.58898],[-98.60619,18.59086],[-98.61164,18.59607],[-98.60187,18.60728],[-98.60806,18.62967],[-98.60379,18.63084],[-98.59615,18.62491],[-98.58801,18.62899],[-98.57554,18.62823],[-98.56359,18.62078],[-98.56062,18.62379],[-98.56778,18.64229],[-98.56109,18.64606],[-98.56087,18.64294],[-98.55456,18.64084],[-98.54867,18.66045],[-98.54041,18.65058],[-98.53823,18.65135],[-98.53916,18.64632],[-98.52416,18.64597],[-98.5171,18.64271],[-98.51309,18.64633],[-98.51208,18.65845],[-98.4999,18.65001],[-98.4978,18.65549],[-98.48549,18.65482],[-98.48061,18.66803],[-98.47385,18.66959]]]}},{"type":"Feature","properties":{"code":"21178","stateCode":"21","municipalityCode":"178","name":"Tlacuilotepec"},"geometry":{"type":"Polygon","coordinates":[[[-98.01276,20.46673],[-98.00004,20.4613],[-97.99645,20.44806],[-97.98526,20.44871],[-97.99076,20.42131],[-97.9868,20.42057],[-97.97859,20.426],[-97.97145,20.42341],[-97.96661,20.42505],[-97.94763,20.43938],[-97.93838,20.43457],[-97.89928,20.43594],[-97.89202,20.42743],[-97.89616,20.41481],[-97.88358,20.41979],[-97.88312,20.42311],[-97.87645,20.41464],[-97.88354,20.40877],[-97.88498,20.40227],[-97.88937,20.40722],[-97.89329,20.40714],[-97.89528,20.39985],[-97.90264,20.39331],[-97.92785,20.38924],[-97.93021,20.37822],[-97.94017,20.36813],[-97.93967,20.36469],[-97.94372,20.36212],[-97.9507,20.36495],[-97.95198,20.35873],[-97.95636,20.35983],[-97.96022,20.35542],[-97.95625,20.34303],[-97.96224,20.34336],[-97.96499,20.33648],[-97.97006,20.33731],[-97.96979,20.3335],[-97.97652,20.3273],[-97.97222,20.31923],[-97.97771,20.3199],[-97.9829,20.30756],[-98.00103,20.32721],[-98.0153,20.32484],[-98.03222,20.3276],[-98.04443,20.3221],[-98.03808,20.30685],[-98.0408,20.30014],[-98.05081,20.2944],[-98.05619,20.2946],[-98.05898,20.29868],[-98.07038,20.30327],[-98.07836,20.32957],[-98.08445,20.33955],[-98.09008,20.33755],[-98.09921,20.34057],[-98.10111,20.34337],[-98.09883,20.34877],[-98.10837,20.34229],[-98.10242,20.35283],[-98.1125,20.3543],[-98.11565,20.36311],[-98.10674,20.36812],[-98.10839,20.37396],[-98.10188,20.37522],[-98.1015,20.38088],[-98.09452,20.38201],[-98.09138,20.37871],[-98.08041,20.37809],[-98.08561,20.3669],[-98.06914,20.3655],[-98.05964,20.35628],[-98.05637,20.35667],[-98.03552,20.36955],[-98.02943,20.36861],[-98.01311,20.38844],[-98.00704,20.38742],[-98.0044,20.39176],[-98.01441,20.40496],[-98.00673,20.40771],[-98.01172,20.40826],[-98.01436,20.41844],[-98.01915,20.42109],[-98.01693,20.4268],[-98.02487,20.42891],[-98.02888,20.43867],[-98.02557,20.44858],[-98.01138,20.45577],[-98.015,20.45885],[-98.01156,20.46123],[-98.01276,20.46673]]]}},{"type":"Feature","properties":{"code":"21134","stateCode":"21","municipalityCode":"134","name":"San Matías Tlalancaleca"},"geometry":{"type":"Polygon","coordinates":[[[-98.49901,19.39434],[-98.48803,19.39159],[-98.47028,19.36083],[-98.45492,19.3455],[-98.45714,19.34287],[-98.46662,19.34953],[-98.46878,19.34371],[-98.47406,19.34269],[-98.47797,19.33634],[-98.47469,19.32792],[-98.48042,19.32133],[-98.47592,19.31436],[-98.48771,19.31037],[-98.52562,19.30707],[-98.52141,19.31472],[-98.53048,19.31626],[-98.53872,19.32671],[-98.54483,19.32508],[-98.5427,19.33075],[-98.54884,19.33293],[-98.54882,19.33732],[-98.52974,19.34139],[-98.53326,19.36549],[-98.52858,19.36793],[-98.53152,19.37245],[-98.51505,19.37744],[-98.51324,19.37334],[-98.50795,19.37265],[-98.50351,19.38556],[-98.50843,19.38871],[-98.50651,19.39264],[-98.49901,19.39434]]]}},{"type":"Feature","properties":{"code":"21135","stateCode":"21","municipalityCode":"135","name":"San Miguel Ixitlán"},"geometry":{"type":"Polygon","coordinates":[[[-97.76428,18.0684],[-97.74338,18.05635],[-97.74264,18.0491],[-97.72993,18.03732],[-97.69883,18.02169],[-97.69974,18.00164],[-97.71875,18.00382],[-97.72854,18.01223],[-97.75353,18.00471],[-97.76484,18.00677],[-97.76962,17.9976],[-97.76492,17.99083],[-97.76738,17.98853],[-97.76622,17.98322],[-97.76794,17.97665],[-97.77413,17.97685],[-97.77266,17.97058],[-97.78956,17.9618],[-97.80337,17.96046],[-97.80346,17.95378],[-97.81022,17.95045],[-97.813,17.94515],[-97.81491,17.95317],[-97.82776,17.96413],[-97.8214,17.98816],[-97.80988,17.9983],[-97.79092,18.00416],[-97.78906,18.01117],[-97.79675,18.01621],[-97.79854,18.0358],[-97.77167,18.06837],[-97.76428,18.0684]]]}},{"type":"Feature","properties":{"code":"21208","stateCode":"21","municipalityCode":"208","name":"Zacatlán"},"geometry":{"type":"Polygon","coordinates":[[[-98.08715,20.09209],[-98.08122,20.08349],[-98.08299,20.05518],[-98.07394,20.05874],[-98.06965,20.05496],[-98.06905,20.05781],[-98.05871,20.05498],[-98.05545,20.06028],[-98.0458,20.05937],[-98.04199,20.05556],[-98.03091,20.06756],[-98.03162,20.07449],[-98.01944,20.07984],[-98.022,20.06447],[-98.01044,20.05759],[-98.01049,20.04541],[-98.00626,20.04366],[-98.00344,20.03377],[-98.00955,20.0289],[-98.00389,20.02747],[-98.00045,20.03287],[-97.99354,20.03217],[-97.992,20.03602],[-97.98513,20.03593],[-97.97427,20.04835],[-97.95999,20.05382],[-97.9566,20.05795],[-97.93688,20.05957],[-97.91633,20.06737],[-97.90567,20.0793],[-97.90198,20.07164],[-97.90414,20.0569],[-97.8804,20.04401],[-97.87817,20.03648],[-97.88387,20.0325],[-97.88808,20.03428],[-97.89209,20.02709],[-97.89764,20.02417],[-97.8998,20.01444],[-97.90944,20.00532],[-97.9132,19.99044],[-97.91836,19.98752],[-97.91225,19.98367],[-97.91343,19.98143],[-97.90828,19.97769],[-97.90157,19.96487],[-97.90663,19.9648],[-97.91108,19.95746],[-97.91898,19.96034],[-97.91868,19.95077],[-97.91474,19.94336],[-97.91895,19.94141],[-97.91495,19.93507],[-97.89249,19.92968],[-97.87764,19.91741],[-97.86362,19.91993],[-97.86291,19.9174],[-97.86683,19.91722],[-97.86653,19.90699],[-97.8581,19.90133],[-97.85615,19.89603],[-97.85708,19.88677],[-97.8698,19.86775],[-97.86925,19.86303],[-97.87973,19.866],[-97.88633,19.86088],[-97.8911,19.85151],[-97.89633,19.85135],[-97.89663,19.84802],[-97.90392,19.85221],[-97.90762,19.84583],[-97.92258,19.84174],[-97.92736,19.83718],[-97.9285,19.83049],[-97.93757,19.82901],[-97.94424,19.83486],[-97.94431,19.84167],[-97.94866,19.8451],[-97.94223,19.85233],[-97.94553,19.85736],[-97.96072,19.85322],[-97.96782,19.84475],[-97.96952,19.85161],[-97.97594,19.85426],[-97.97872,19.85252],[-97.98728,19.85994],[-97.99819,19.86007],[-98.00559,19.86998],[-98.01221,19.86527],[-98.01554,19.869],[-98.02198,19.86774],[-98.02551,19.87137],[-98.02357,19.87975],[-98.0265,19.88616],[-98.023,19.89615],[-98.03078,19.89891],[-98.03639,19.9055],[-98.03877,19.90159],[-98.04623,19.90239],[-98.05147,19.89508],[-98.05404,19.89559],[-98.05381,19.89937],[-98.06437,19.91087],[-98.06642,19.91929],[-98.06405,19.92241],[-98.07186,19.92388],[-98.08226,19.95261],[-98.08754,19.95076],[-98.0893,19.95605],[-98.09221,19.95506],[-98.09438,19.95893],[-98.10047,19.957],[-98.10536,19.96418],[-98.11244,19.9626],[-98.11587,19.96498],[-98.11637,19.96272],[-98.12424,19.97074],[-98.13467,19.96424],[-98.13713,19.95597],[-98.13958,19.95759],[-98.15329,19.95048],[-98.15712,19.96705],[-98.15516,19.97307],[-98.15908,19.97518],[-98.15881,19.97074],[-98.16659,19.97112],[-98.16043,19.97813],[-98.1742,19.99745],[-98.16396,20.02246],[-98.175,20.0296],[-98.17361,20.03375],[-98.16724,20.0342],[-98.16307,20.02934],[-98.15504,20.03264],[-98.15698,20.03081],[-98.1527,20.02621],[-98.15049,20.01326],[-98.1345,20.00602],[-98.13554,20.01727],[-98.12716,20.02333],[-98.12555,20.03079],[-98.12112,20.02589],[-98.1216,20.02918],[-98.11245,20.02789],[-98.10953,20.0306],[-98.11034,20.03519],[-98.09864,20.04161],[-98.10409,20.04699],[-98.10445,20.05348],[-98.09856,20.08055],[-98.09139,20.08007],[-98.08715,20.09209]]]}},{"type":"Feature","properties":{"code":"21207","stateCode":"21","municipalityCode":"207","name":"Zacapoaxtla"},"geometry":{"type":"Polygon","coordinates":[[[-97.53774,19.9632],[-97.53042,19.96257],[-97.52738,19.95902],[-97.52935,19.95311],[-97.52545,19.94259],[-97.52769,19.93261],[-97.5201,19.91675],[-97.53288,19.9185],[-97.53869,19.89493],[-97.53617,19.89344],[-97.53627,19.88659],[-97.52923,19.87945],[-97.52682,19.86162],[-97.54014,19.82965],[-97.54244,19.83286],[-97.54711,19.82928],[-97.54771,19.82166],[-97.56227,19.81667],[-97.56418,19.78277],[-97.56853,19.78726],[-97.57046,19.7853],[-97.56929,19.79061],[-97.57404,19.79202],[-97.57484,19.78307],[-97.58472,19.77277],[-97.58119,19.76528],[-97.59112,19.73848],[-97.58749,19.73303],[-97.58745,19.72152],[-97.59325,19.7223],[-97.59673,19.71897],[-97.59999,19.72037],[-97.59849,19.73525],[-97.60113,19.73775],[-97.60944,19.74292],[-97.6208,19.73708],[-97.61689,19.745],[-97.61824,19.75373],[-97.6128,19.76387],[-97.62399,19.77267],[-97.62578,19.77099],[-97.62876,19.77535],[-97.62694,19.77789],[-97.6337,19.77968],[-97.64478,19.79359],[-97.64431,19.80351],[-97.63265,19.80776],[-97.63137,19.8124],[-97.62317,19.81774],[-97.62619,19.82364],[-97.62441,19.83229],[-97.61326,19.85922],[-97.62033,19.86922],[-97.62124,19.87937],[-97.6279,19.88703],[-97.6179,19.88996],[-97.6195,19.89238],[-97.61607,19.89399],[-97.61871,19.90073],[-97.61363,19.91675],[-97.61607,19.92243],[-97.58964,19.93025],[-97.5794,19.93611],[-97.57173,19.94876],[-97.56358,19.94988],[-97.55614,19.95758],[-97.54692,19.95683],[-97.53774,19.9632]]]}},{"type":"Feature","properties":{"code":"21180","stateCode":"21","municipalityCode":"180","name":"Tlahuapan"},"geometry":{"type":"Polygon","coordinates":[[[-98.55792,19.46264],[-98.52319,19.46087],[-98.51628,19.43918],[-98.49052,19.40407],[-98.48696,19.38964],[-98.49488,19.39376],[-98.50651,19.39264],[-98.50833,19.38826],[-98.50351,19.38556],[-98.50795,19.37265],[-98.51324,19.37334],[-98.51505,19.37744],[-98.53152,19.37245],[-98.52858,19.36793],[-98.53326,19.36549],[-98.52974,19.34139],[-98.54882,19.33732],[-98.54884,19.33293],[-98.5427,19.33075],[-98.54483,19.32508],[-98.53872,19.32671],[-98.53048,19.31626],[-98.52141,19.31472],[-98.52562,19.30707],[-98.50148,19.30945],[-98.50595,19.29802],[-98.50545,19.29007],[-98.52637,19.288],[-98.5258,19.27712],[-98.54594,19.27553],[-98.54614,19.26678],[-98.57261,19.25828],[-98.58558,19.2596],[-98.58376,19.25642],[-98.5867,19.25608],[-98.57899,19.25101],[-98.58417,19.24846],[-98.57988,19.24575],[-98.58488,19.24002],[-98.57885,19.23952],[-98.58762,19.23529],[-98.59002,19.24014],[-98.5956,19.23746],[-98.59539,19.23445],[-98.60349,19.23858],[-98.60397,19.24864],[-98.61093,19.25167],[-98.61467,19.25909],[-98.62057,19.25153],[-98.62834,19.25843],[-98.66348,19.32479],[-98.66059,19.35174],[-98.65495,19.3493],[-98.64448,19.352],[-98.64431,19.35823],[-98.63808,19.35891],[-98.6404,19.36472],[-98.65059,19.36465],[-98.65554,19.37345],[-98.65714,19.39708],[-98.66285,19.403],[-98.65858,19.40937],[-98.66176,19.41291],[-98.65635,19.42209],[-98.66018,19.43209],[-98.64876,19.43159],[-98.6502,19.43464],[-98.64123,19.42706],[-98.63894,19.43011],[-98.63739,19.42599],[-98.63468,19.42991],[-98.66144,19.45809],[-98.65323,19.46599],[-98.64054,19.4633],[-98.63411,19.46785],[-98.62941,19.45702],[-98.60916,19.45061],[-98.59128,19.44921],[-98.57028,19.46677],[-98.55792,19.46264]]]}},{"type":"Feature","properties":{"code":"21137","stateCode":"21","municipalityCode":"137","name":"San Nicolás Buenos Aires"},"geometry":{"type":"Polygon","coordinates":[[[-97.47042,19.34229],[-97.47839,19.3315],[-97.4679,19.32697],[-97.47173,19.31863],[-97.46862,19.30809],[-97.47039,19.29704],[-97.46319,19.27484],[-97.44705,19.26456],[-97.42091,19.25909],[-97.42804,19.253],[-97.42378,19.24985],[-97.42418,19.24294],[-97.43326,19.23026],[-97.43856,19.21588],[-97.43555,19.21504],[-97.43856,19.21162],[-97.43924,19.19973],[-97.44482,19.20247],[-97.44535,19.19673],[-97.442,19.19686],[-97.44213,19.19415],[-97.46806,19.17039],[-97.46159,19.16654],[-97.47873,19.14386],[-97.47521,19.14242],[-97.48383,19.12702],[-97.47789,19.11279],[-97.48139,19.10038],[-97.49442,19.1161],[-97.49929,19.11594],[-97.49977,19.12006],[-97.54331,19.13326],[-97.5404,19.14849],[-97.5526,19.15233],[-97.55261,19.1581],[-97.55685,19.15846],[-97.55717,19.162],[-97.56133,19.16103],[-97.56734,19.16469],[-97.56943,19.17765],[-97.57474,19.17691],[-97.57167,19.18029],[-97.55734,19.18234],[-97.56065,19.19249],[-97.52948,19.20669],[-97.52615,19.21281],[-97.53594,19.21728],[-97.53053,19.22535],[-97.53699,19.22835],[-97.52807,19.24235],[-97.54263,19.25138],[-97.53195,19.26334],[-97.51721,19.26668],[-97.51159,19.27461],[-97.5174,19.27771],[-97.52125,19.27406],[-97.52621,19.27667],[-97.53139,19.26864],[-97.557,19.31309],[-97.53196,19.31562],[-97.52805,19.31708],[-97.53021,19.32008],[-97.52657,19.32209],[-97.51787,19.32003],[-97.51291,19.32343],[-97.51078,19.32101],[-97.50743,19.32604],[-97.47042,19.34229]]]}},{"type":"Feature","properties":{"code":"21001","stateCode":"21","municipalityCode":"001","name":"Acajete"},"geometry":{"type":"Polygon","coordinates":[[[-97.99134,19.19563],[-97.96672,19.18747],[-97.9282,19.16421],[-97.91265,19.17413],[-97.90445,19.16225],[-97.91094,19.14944],[-97.90741,19.1413],[-97.86081,19.13528],[-97.85116,19.1399],[-97.85578,19.12599],[-97.85028,19.12487],[-97.84533,19.12849],[-97.83539,19.12136],[-97.84637,19.11113],[-97.86887,19.1008],[-97.87907,19.08616],[-97.89258,19.07621],[-97.89715,19.0762],[-97.90283,19.07155],[-97.90473,19.06462],[-97.91941,19.05573],[-97.9244,19.04831],[-97.92453,19.03888],[-97.93234,19.03401],[-97.94434,19.01618],[-97.94417,19.01277],[-97.93522,19.00744],[-97.93642,19.0046],[-97.96326,19.0191],[-97.97298,19.0168],[-97.97731,19.01921],[-97.97376,19.02949],[-97.98098,19.03356],[-97.99653,19.03949],[-97.99835,19.03406],[-98.00583,19.0365],[-98.00447,19.0418],[-98.01125,19.04373],[-98.01689,19.06128],[-97.98887,19.07682],[-97.98713,19.06358],[-97.97247,19.07397],[-97.96571,19.07023],[-97.96383,19.06044],[-97.9598,19.06985],[-97.95673,19.06644],[-97.95405,19.0708],[-97.96594,19.09638],[-97.97827,19.08697],[-97.98368,19.09573],[-97.99802,19.09789],[-97.99747,19.1072],[-98.00284,19.10878],[-97.99876,19.12777],[-97.98626,19.13058],[-97.98666,19.14826],[-97.97773,19.15352],[-97.98877,19.17254],[-97.98215,19.17568],[-97.99134,19.19563]]]}},{"type":"Feature","properties":{"code":"21138","stateCode":"21","municipalityCode":"138","name":"San Nicolás de los Ranchos"},"geometry":{"type":"Polygon","coordinates":[[[-98.63623,19.15359],[-98.6159,19.14862],[-98.60336,19.14034],[-98.588,19.14655],[-98.57987,19.14637],[-98.57221,19.13696],[-98.57626,19.13143],[-98.56277,19.12811],[-98.55017,19.11524],[-98.54048,19.11286],[-98.53455,19.10563],[-98.52041,19.10058],[-98.50981,19.09141],[-98.50676,19.09124],[-98.5086,19.09474],[-98.4941,19.09177],[-98.48748,19.09413],[-98.47588,19.08617],[-98.46318,19.08689],[-98.45224,19.08167],[-98.45421,19.07927],[-98.46077,19.08223],[-98.48023,19.07548],[-98.47695,19.06316],[-98.48549,19.06564],[-98.48462,19.05646],[-98.49278,19.04812],[-98.49161,19.04276],[-98.49851,19.03456],[-98.50026,19.02668],[-98.52038,19.02701],[-98.53391,19.02271],[-98.56046,19.03409],[-98.58191,19.03876],[-98.57481,19.02644],[-98.57488,19.02086],[-98.60246,19.02831],[-98.62752,19.0224],[-98.61987,19.03506],[-98.62979,19.0436],[-98.62697,19.04983],[-98.63123,19.05903],[-98.62347,19.06638],[-98.62756,19.06939],[-98.63023,19.06779],[-98.6393,19.07744],[-98.63108,19.08796],[-98.62589,19.08938],[-98.63256,19.10061],[-98.62549,19.11957],[-98.62697,19.12476],[-98.63964,19.12321],[-98.64066,19.12546],[-98.63892,19.1506],[-98.63534,19.14703],[-98.63623,19.15359]]]}},{"type":"Feature","properties":{"code":"21139","stateCode":"21","municipalityCode":"139","name":"San Pablo Anicano"},"geometry":{"type":"Polygon","coordinates":[[[-98.1431,18.1906],[-98.13195,18.17417],[-98.12642,18.1787],[-98.1192,18.17336],[-98.10672,18.18053],[-98.09537,18.17397],[-98.09968,18.16999],[-98.09864,18.16574],[-98.08458,18.16146],[-98.07917,18.15511],[-98.07678,18.15697],[-98.05806,18.14952],[-98.0618,18.14699],[-98.05952,18.14436],[-98.06423,18.14543],[-98.06151,18.14202],[-98.06867,18.12764],[-98.08451,18.12113],[-98.08259,18.11352],[-98.09117,18.10606],[-98.08705,18.09634],[-98.09072,18.09587],[-98.0991,18.10343],[-98.10384,18.09992],[-98.10374,18.09217],[-98.11754,18.09427],[-98.11028,18.10404],[-98.11497,18.105],[-98.1194,18.11999],[-98.13897,18.12639],[-98.14145,18.12316],[-98.14642,18.12815],[-98.1626,18.13197],[-98.1654,18.13159],[-98.16588,18.12606],[-98.16995,18.12814],[-98.1712,18.11738],[-98.17391,18.11751],[-98.17448,18.10273],[-98.1925,18.09688],[-98.20024,18.10157],[-98.20972,18.09671],[-98.20787,18.11632],[-98.20124,18.12778],[-98.21425,18.146],[-98.20356,18.14909],[-98.2004,18.14342],[-98.19614,18.14402],[-98.19451,18.16608],[-98.18813,18.16916],[-98.18641,18.17785],[-98.17836,18.1755],[-98.1775,18.18247],[-98.17154,18.18799],[-98.16528,18.18862],[-98.15864,18.17538],[-98.15433,18.17841],[-98.14925,18.17147],[-98.14477,18.17133],[-98.14279,18.18085],[-98.14682,18.18199],[-98.14703,18.18589],[-98.14262,18.18735],[-98.1431,18.1906]]]}},{"type":"Feature","properties":{"code":"21196","stateCode":"21","municipalityCode":"196","name":"Xayacatlán de Bravo"},"geometry":{"type":"Polygon","coordinates":[[[-97.92704,18.3412],[-97.92218,18.33738],[-97.90666,18.33998],[-97.90523,18.32225],[-97.90831,18.31602],[-97.89623,18.30359],[-97.89816,18.29823],[-97.90437,18.29504],[-97.91153,18.28464],[-97.92669,18.28852],[-97.9449,18.28341],[-97.94494,18.27836],[-97.93717,18.27104],[-97.9255,18.26713],[-97.92341,18.26236],[-97.9294,18.25855],[-97.93032,18.24964],[-97.94065,18.24639],[-97.94641,18.23839],[-97.95732,18.23303],[-97.96098,18.22513],[-97.95857,18.22093],[-97.96052,18.21245],[-97.96393,18.21099],[-97.96441,18.21553],[-97.97276,18.22196],[-97.9856,18.21909],[-97.98392,18.22259],[-97.98726,18.22313],[-97.99156,18.21718],[-97.99162,18.22759],[-97.98622,18.2342],[-97.99865,18.23994],[-98.00263,18.24571],[-98.00116,18.25104],[-97.99588,18.25318],[-97.99587,18.24935],[-97.9879,18.24814],[-97.98486,18.25628],[-97.96847,18.26223],[-97.973,18.28395],[-97.96457,18.28525],[-97.96622,18.29163],[-97.95946,18.30159],[-97.95273,18.30865],[-97.9419,18.3133],[-97.93914,18.32013],[-97.93298,18.32026],[-97.92985,18.32424],[-97.94526,18.33081],[-97.94702,18.33541],[-97.92704,18.3412]]]}},{"type":"Feature","properties":{"code":"21140","stateCode":"21","municipalityCode":"140","name":"San Pedro Cholula"},"geometry":{"type":"Polygon","coordinates":[[[-98.38539,19.11775],[-98.36541,19.11043],[-98.35872,19.11465],[-98.37003,19.10327],[-98.3395,19.10224],[-98.33431,19.09858],[-98.32943,19.10632],[-98.31656,19.09805],[-98.30827,19.10644],[-98.29575,19.09834],[-98.30018,19.08358],[-98.29371,19.07883],[-98.28693,19.08754],[-98.2642,19.07948],[-98.26104,19.07232],[-98.2668,19.05968],[-98.28277,19.06005],[-98.2773,19.0685],[-98.29519,19.06342],[-98.29802,19.05777],[-98.30274,19.05974],[-98.30739,19.04702],[-98.31476,19.05042],[-98.32469,19.04541],[-98.32908,19.04804],[-98.36009,19.04213],[-98.37229,19.03154],[-98.38021,19.03311],[-98.38429,19.02602],[-98.39564,19.02963],[-98.40305,19.04102],[-98.40265,19.05274],[-98.3855,19.05405],[-98.38306,19.06172],[-98.37218,19.06126],[-98.38561,19.06932],[-98.38119,19.07801],[-98.3878,19.08019],[-98.39413,19.07537],[-98.39148,19.08146],[-98.39768,19.08711],[-98.39267,19.10121],[-98.38182,19.11602],[-98.38539,19.11775]]]}},{"type":"Feature","properties":{"code":"21116","stateCode":"21","municipalityCode":"116","name":"Quimixtlán"},"geometry":{"type":"Polygon","coordinates":[[[-97.04535,19.32117],[-97.03099,19.29733],[-97.02464,19.2943],[-97.01936,19.29687],[-97.01476,19.29008],[-97.01082,19.29631],[-97.00346,19.29638],[-97.00046,19.2908],[-96.99141,19.28579],[-97.00117,19.27725],[-97.00322,19.27082],[-97.0106,19.26835],[-97.00583,19.25964],[-97.01242,19.262],[-97.04098,19.26045],[-97.0674,19.24806],[-97.08084,19.24738],[-97.08959,19.24351],[-97.09265,19.23671],[-97.10127,19.23528],[-97.1047,19.22981],[-97.11397,19.22525],[-97.10762,19.21303],[-97.11467,19.21448],[-97.11672,19.21142],[-97.12584,19.21975],[-97.13199,19.21495],[-97.13034,19.20423],[-97.13365,19.20184],[-97.13526,19.18649],[-97.1475,19.18216],[-97.14407,19.1799],[-97.14722,19.17469],[-97.14471,19.17401],[-97.1466,19.17181],[-97.14419,19.16391],[-97.17043,19.16386],[-97.18063,19.16933],[-97.18368,19.16274],[-97.18668,19.16328],[-97.18926,19.16974],[-97.2015,19.17337],[-97.20302,19.18051],[-97.21441,19.18556],[-97.21604,19.1943],[-97.20916,19.19896],[-97.1951,19.20467],[-97.17736,19.20085],[-97.16886,19.2074],[-97.17663,19.21324],[-97.187,19.20449],[-97.1907,19.21296],[-97.18448,19.21282],[-97.17482,19.22155],[-97.17689,19.23029],[-97.1714,19.23724],[-97.17039,19.24689],[-97.16329,19.25238],[-97.16252,19.249],[-97.16039,19.25007],[-97.16537,19.25682],[-97.16298,19.26387],[-97.13818,19.27526],[-97.14734,19.27929],[-97.1472,19.28377],[-97.15719,19.29088],[-97.16298,19.30494],[-97.16061,19.31749],[-97.13675,19.3227],[-97.13156,19.31879],[-97.12936,19.3089],[-97.11519,19.30482],[-97.10319,19.30617],[-97.10097,19.30359],[-97.09143,19.31099],[-97.08277,19.31056],[-97.07118,19.32152],[-97.06789,19.32136],[-97.06751,19.31523],[-97.05569,19.31197],[-97.04535,19.32117]]]}},{"type":"Feature","properties":{"code":"21141","stateCode":"21","municipalityCode":"141","name":"San Pedro Yeloixtlahuaca"},"geometry":{"type":"Polygon","coordinates":[[[-98.03646,18.14007],[-98.03099,18.12485],[-98.03435,18.11561],[-98.03899,18.11278],[-98.03877,18.10494],[-98.04421,18.103],[-98.04873,18.10595],[-98.05085,18.09731],[-98.0464,18.09424],[-98.04754,18.08717],[-98.03771,18.08798],[-98.03647,18.07989],[-98.03101,18.08498],[-98.02003,18.0795],[-98.01487,18.08083],[-98.01291,18.07718],[-98.00544,18.08552],[-98.00082,18.08532],[-98.00483,18.07746],[-98.00579,18.05947],[-97.98917,18.0518],[-97.98271,18.05324],[-97.97443,18.02563],[-97.9686,18.02358],[-97.96694,18.01725],[-97.96983,18.00348],[-97.9674,17.99653],[-97.97059,17.99422],[-97.97294,17.98005],[-97.96749,17.97086],[-97.97446,17.96553],[-97.97938,17.96444],[-97.98647,17.9786],[-97.98999,17.97536],[-97.99959,17.97553],[-98.01515,17.98055],[-98.01971,17.98567],[-98.02544,17.98562],[-98.02979,17.99184],[-98.03787,17.98753],[-98.0377,17.98271],[-98.04671,17.97621],[-98.04757,17.98107],[-98.05918,17.98194],[-98.06355,17.98552],[-98.0752,17.98062],[-98.09473,17.9853],[-98.09887,17.98168],[-98.10733,17.98283],[-98.10956,18.00121],[-98.10425,18.00783],[-98.11152,18.02417],[-98.10374,18.02186],[-98.10082,18.02501],[-98.10172,18.0323],[-98.10541,18.03501],[-98.10117,18.03753],[-98.10294,18.0462],[-98.09965,18.05057],[-98.10742,18.05962],[-98.10263,18.06574],[-98.09587,18.0666],[-98.09572,18.07381],[-98.09264,18.07589],[-98.09637,18.08975],[-98.09957,18.09022],[-98.09823,18.0953],[-98.10422,18.09608],[-98.10384,18.09992],[-98.09688,18.10311],[-98.09072,18.09587],[-98.08705,18.09634],[-98.09117,18.10606],[-98.08259,18.11352],[-98.08451,18.12113],[-98.06867,18.12764],[-98.06558,18.13732],[-98.05588,18.13291],[-98.03646,18.14007]]]}},{"type":"Feature","properties":{"code":"21170","stateCode":"21","municipalityCode":"170","name":"Tepeyahualco"},"geometry":{"type":"Polygon","coordinates":[[[-97.39562,19.69751],[-97.39673,19.66666],[-97.40733,19.64216],[-97.41041,19.63955],[-97.41064,19.64716],[-97.41304,19.6545],[-97.42698,19.64155],[-97.42896,19.63304],[-97.41993,19.62406],[-97.42805,19.6159],[-97.42802,19.6017],[-97.43174,19.59962],[-97.43428,19.58885],[-97.43032,19.58613],[-97.43059,19.57617],[-97.42688,19.56916],[-97.42665,19.54168],[-97.42237,19.54406],[-97.42075,19.53982],[-97.40959,19.53733],[-97.41213,19.53592],[-97.40547,19.52545],[-97.40752,19.52187],[-97.40211,19.51538],[-97.40088,19.50691],[-97.40586,19.50081],[-97.40456,19.49587],[-97.39492,19.49242],[-97.37067,19.49499],[-97.36075,19.48849],[-97.35573,19.49291],[-97.35208,19.48472],[-97.34826,19.48463],[-97.34689,19.451],[-97.35389,19.44723],[-97.35461,19.443],[-97.35215,19.44195],[-97.35728,19.43238],[-97.3639,19.43499],[-97.3717,19.43131],[-97.38154,19.43237],[-97.38993,19.42892],[-97.39241,19.41785],[-97.39736,19.41906],[-97.3941,19.4073],[-97.3717,19.40306],[-97.3598,19.37468],[-97.40035,19.37757],[-97.4055,19.37129],[-97.42153,19.38504],[-97.43609,19.37082],[-97.44667,19.36665],[-97.44996,19.35221],[-97.47907,19.33846],[-97.48769,19.34433],[-97.49432,19.36318],[-97.50765,19.37262],[-97.51014,19.37945],[-97.52011,19.38424],[-97.52892,19.38114],[-97.55077,19.38468],[-97.55333,19.39386],[-97.56052,19.39667],[-97.56301,19.4191],[-97.57721,19.41474],[-97.60622,19.38495],[-97.60852,19.38588],[-97.61104,19.38951],[-97.60745,19.39376],[-97.61422,19.39843],[-97.60076,19.41745],[-97.57817,19.43451],[-97.56256,19.4384],[-97.53902,19.45434],[-97.54139,19.462],[-97.55326,19.47025],[-97.5488,19.47559],[-97.55067,19.48416],[-97.56244,19.49645],[-97.53658,19.52984],[-97.52953,19.52037],[-97.52286,19.52154],[-97.51688,19.51777],[-97.5025,19.51975],[-97.49789,19.55456],[-97.5032,19.56126],[-97.49785,19.57434],[-97.50183,19.58374],[-97.48775,19.60892],[-97.49391,19.61025],[-97.48449,19.6171],[-97.48366,19.62476],[-97.47579,19.63603],[-97.47655,19.64003],[-97.46775,19.64918],[-97.45919,19.64762],[-97.44761,19.65568],[-97.44803,19.66293],[-97.44519,19.66063],[-97.42805,19.67259],[-97.40213,19.67813],[-97.40051,19.68932],[-97.39562,19.69751]]]}},{"type":"Feature","properties":{"code":"21052","stateCode":"21","municipalityCode":"052","name":"Chigmecatitlán"},"geometry":{"type":"Polygon","coordinates":[[[-98.02388,18.66937],[-98.01815,18.66525],[-98.01179,18.66773],[-98.01225,18.65954],[-98.00441,18.66288],[-98.0101,18.65765],[-98.00424,18.65663],[-98.01732,18.65041],[-98.0213,18.6418],[-98.0451,18.64807],[-98.05105,18.64513],[-98.05391,18.63745],[-98.06204,18.63334],[-98.07714,18.63453],[-98.09559,18.62581],[-98.10612,18.62882],[-98.10699,18.63262],[-98.11298,18.63567],[-98.1085,18.64357],[-98.09276,18.6461],[-98.08088,18.65732],[-98.07059,18.65894],[-98.06259,18.66567],[-98.04503,18.6634],[-98.0403,18.66682],[-98.02388,18.66937]]]}},{"type":"Feature","properties":{"code":"21168","stateCode":"21","municipalityCode":"168","name":"Tepexco"},"geometry":{"type":"Polygon","coordinates":[[[-98.69835,18.71461],[-98.69477,18.69871],[-98.67598,18.6906],[-98.67768,18.68796],[-98.67013,18.68244],[-98.66452,18.67084],[-98.66586,18.66286],[-98.67245,18.65692],[-98.67067,18.65227],[-98.66329,18.65906],[-98.65094,18.66247],[-98.64867,18.67342],[-98.65241,18.67672],[-98.64681,18.6762],[-98.64424,18.67052],[-98.64336,18.68202],[-98.62736,18.68135],[-98.61985,18.6527],[-98.60545,18.66235],[-98.60314,18.67254],[-98.58528,18.68075],[-98.58133,18.6794],[-98.57428,18.66965],[-98.57934,18.66662],[-98.57439,18.66002],[-98.56962,18.65985],[-98.57164,18.64753],[-98.56714,18.64653],[-98.56837,18.63886],[-98.56416,18.63525],[-98.5614,18.62174],[-98.57554,18.62823],[-98.58801,18.62899],[-98.59615,18.62491],[-98.60379,18.63084],[-98.60806,18.62967],[-98.60187,18.60728],[-98.61124,18.59835],[-98.63119,18.60455],[-98.63965,18.61382],[-98.64862,18.61142],[-98.65356,18.61354],[-98.65087,18.61948],[-98.65663,18.62156],[-98.66466,18.61738],[-98.66696,18.60857],[-98.67507,18.61166],[-98.68747,18.60955],[-98.69657,18.6148],[-98.70614,18.60745],[-98.69886,18.58911],[-98.71255,18.58542],[-98.71988,18.60023],[-98.71927,18.60499],[-98.71355,18.60631],[-98.71143,18.61645],[-98.7169,18.62575],[-98.7178,18.63833],[-98.72087,18.6389],[-98.71876,18.63971],[-98.7199,18.65595],[-98.72452,18.65876],[-98.72795,18.66864],[-98.72437,18.67698],[-98.71639,18.68086],[-98.71145,18.67593],[-98.70806,18.67712],[-98.71001,18.68491],[-98.70439,18.68904],[-98.71167,18.69566],[-98.7101,18.70443],[-98.70535,18.71149],[-98.69835,18.71461]]]}},{"type":"Feature","properties":{"code":"21143","stateCode":"21","municipalityCode":"143","name":"San Salvador el Verde"},"geometry":{"type":"Polygon","coordinates":[[[-98.46618,19.34938],[-98.45714,19.34287],[-98.45306,19.3448],[-98.4421,19.3276],[-98.45135,19.32268],[-98.45816,19.32449],[-98.45723,19.3191],[-98.45985,19.31559],[-98.46566,19.31579],[-98.46746,19.30464],[-98.47381,19.29913],[-98.47938,19.30003],[-98.47564,19.2941],[-98.49273,19.28945],[-98.4897,19.28974],[-98.4894,19.28405],[-98.47193,19.28444],[-98.47755,19.27943],[-98.47592,19.2734],[-98.47205,19.27588],[-98.47131,19.2721],[-98.462,19.27156],[-98.46517,19.26349],[-98.47657,19.25769],[-98.49031,19.25665],[-98.50039,19.25232],[-98.50648,19.25822],[-98.51455,19.25783],[-98.5227,19.25021],[-98.54834,19.23962],[-98.55313,19.23463],[-98.56823,19.23512],[-98.57145,19.22782],[-98.58558,19.22247],[-98.57595,19.21516],[-98.58836,19.21851],[-98.59648,19.21262],[-98.5802,19.20874],[-98.59041,19.19919],[-98.58259,19.19623],[-98.60032,19.19446],[-98.58213,19.18789],[-98.57441,19.18127],[-98.57901,19.17731],[-98.59013,19.17524],[-98.58819,19.17169],[-98.595,19.17184],[-98.59798,19.16791],[-98.62568,19.17025],[-98.64031,19.16716],[-98.64702,19.18483],[-98.64357,19.23873],[-98.6319,19.2539],[-98.62637,19.25789],[-98.6198,19.25169],[-98.61512,19.25936],[-98.61093,19.25167],[-98.60397,19.24864],[-98.60266,19.23771],[-98.59495,19.23445],[-98.5956,19.23746],[-98.59002,19.24014],[-98.58762,19.23529],[-98.57916,19.23931],[-98.58488,19.24002],[-98.57988,19.24575],[-98.58417,19.24846],[-98.57899,19.25101],[-98.5867,19.25608],[-98.58376,19.25642],[-98.58558,19.2596],[-98.57261,19.25828],[-98.54614,19.26678],[-98.54594,19.27553],[-98.5258,19.27712],[-98.52637,19.288],[-98.50593,19.28957],[-98.50148,19.30945],[-98.47592,19.31436],[-98.48042,19.32133],[-98.47469,19.32792],[-98.47797,19.33634],[-98.46618,19.34938]]]}},{"type":"Feature","properties":{"code":"21142","stateCode":"21","municipalityCode":"142","name":"San Salvador el Seco"},"geometry":{"type":"Polygon","coordinates":[[[-97.6503,19.24912],[-97.64714,19.24438],[-97.62755,19.24061],[-97.61701,19.23076],[-97.61337,19.23724],[-97.60977,19.23766],[-97.59835,19.23581],[-97.57853,19.22628],[-97.57128,19.23549],[-97.55895,19.23546],[-97.55293,19.23029],[-97.54755,19.23847],[-97.53053,19.22535],[-97.53594,19.21728],[-97.52615,19.21281],[-97.52948,19.20669],[-97.56065,19.19249],[-97.55734,19.18234],[-97.57167,19.18029],[-97.57474,19.17691],[-97.56943,19.17765],[-97.56734,19.16469],[-97.56133,19.16103],[-97.55717,19.162],[-97.55685,19.15846],[-97.55261,19.1581],[-97.5525,19.15268],[-97.55653,19.14393],[-97.57183,19.12905],[-97.57251,19.11961],[-97.56862,19.11102],[-97.57304,19.11225],[-97.58234,19.09232],[-97.58651,19.09343],[-97.58341,19.0585],[-97.58551,19.05961],[-97.59649,19.0462],[-97.5993,19.04797],[-97.60718,19.03571],[-97.6137,19.0359],[-97.61852,19.04811],[-97.6168,19.05382],[-97.62646,19.05942],[-97.62691,19.05422],[-97.6411,19.04859],[-97.64929,19.05506],[-97.65907,19.05703],[-97.65161,19.06026],[-97.66065,19.0682],[-97.6626,19.07793],[-97.65875,19.08512],[-97.66104,19.09335],[-97.66472,19.09526],[-97.66181,19.09779],[-97.66656,19.10399],[-97.65599,19.12372],[-97.65873,19.12861],[-97.66762,19.12742],[-97.66387,19.13213],[-97.66742,19.13361],[-97.66347,19.14585],[-97.67959,19.15319],[-97.65787,19.17684],[-97.66454,19.18678],[-97.68548,19.19211],[-97.6503,19.24912]]]}},{"type":"Feature","properties":{"code":"21023","stateCode":"21","municipalityCode":"023","name":"Atzitzintla"},"geometry":{"type":"Polygon","coordinates":[[[-97.2689,19.02827],[-97.28513,18.99943],[-97.27289,18.99193],[-97.25681,18.97414],[-97.2592,18.96207],[-97.25514,18.95057],[-97.25335,18.92875],[-97.2425,18.90967],[-97.24511,18.89406],[-97.27137,18.89081],[-97.29731,18.86731],[-97.2984,18.86048],[-97.30319,18.86346],[-97.30163,18.877],[-97.30521,18.88094],[-97.3135,18.87782],[-97.31502,18.86933],[-97.32757,18.86601],[-97.33256,18.87161],[-97.33066,18.87552],[-97.33339,18.88863],[-97.3603,18.88071],[-97.35101,18.89252],[-97.35846,18.89975],[-97.35481,18.90794],[-97.35822,18.91193],[-97.35773,18.92404],[-97.36085,18.92753],[-97.36148,18.94824],[-97.35323,18.95916],[-97.35534,18.96504],[-97.36143,18.96543],[-97.35959,18.97299],[-97.34192,18.97766],[-97.34063,18.98073],[-97.32341,18.9809],[-97.30475,18.99185],[-97.29422,18.98905],[-97.30024,18.99534],[-97.29256,19.00866],[-97.2689,19.02827]]]}},{"type":"Feature","properties":{"code":"21115","stateCode":"21","municipalityCode":"115","name":"Quecholac"},"geometry":{"type":"Polygon","coordinates":[[[-97.56118,19.01889],[-97.56263,19.01582],[-97.55995,19.01627],[-97.54437,18.99862],[-97.55405,18.99741],[-97.55232,18.99137],[-97.55974,18.98898],[-97.55653,18.97603],[-97.54164,18.9655],[-97.55268,18.95299],[-97.556,18.95645],[-97.56294,18.95688],[-97.56678,18.94699],[-97.56253,18.92893],[-97.57045,18.90882],[-97.56913,18.90357],[-97.58554,18.88064],[-97.60143,18.89073],[-97.62404,18.88925],[-97.64389,18.89187],[-97.64746,18.88577],[-97.67702,18.8963],[-97.66999,18.90792],[-97.67281,18.91055],[-97.69337,18.90769],[-97.69419,18.91314],[-97.704,18.91547],[-97.70904,18.92155],[-97.71106,18.91903],[-97.71422,18.92068],[-97.72589,18.9332],[-97.72128,18.94645],[-97.71644,18.94584],[-97.71325,18.95277],[-97.72221,18.95789],[-97.72669,18.94831],[-97.7469,18.95669],[-97.74731,18.97522],[-97.73612,18.97116],[-97.72791,18.98954],[-97.71804,18.9905],[-97.72035,18.98298],[-97.70996,18.97901],[-97.69703,18.98527],[-97.69046,18.97961],[-97.67643,18.98313],[-97.6657,18.99256],[-97.66057,18.99293],[-97.65572,18.99178],[-97.65704,18.98137],[-97.64414,18.98503],[-97.65103,18.97445],[-97.64189,18.97103],[-97.6387,18.97556],[-97.62216,18.98397],[-97.61677,18.98038],[-97.61816,18.99481],[-97.62847,18.99778],[-97.61881,19.00921],[-97.61065,19.01294],[-97.60337,19.01196],[-97.59906,19.01831],[-97.59186,19.01806],[-97.58784,19.00251],[-97.58948,18.99773],[-97.58519,18.99662],[-97.57798,19.00339],[-97.57035,19.00255],[-97.56743,19.01531],[-97.56118,19.01889]]]}},{"type":"Feature","properties":{"code":"21114","stateCode":"21","municipalityCode":"114","name":"Puebla"},"geometry":{"type":"Polygon","coordinates":[[[-98.03169,19.23094],[-98.03031,19.21914],[-98.02023,19.20844],[-98.02666,19.20291],[-98.03077,19.19065],[-98.03388,19.19394],[-98.03654,19.1905],[-98.03387,19.16728],[-98.03754,19.14562],[-98.0352,19.14341],[-98.03098,19.1504],[-98.02772,19.15063],[-98.03221,19.13471],[-98.03613,19.13524],[-98.04457,19.1277],[-98.04464,19.12171],[-98.05194,19.11737],[-98.05097,19.10584],[-98.0651,19.09587],[-98.07479,19.07344],[-98.09411,19.08225],[-98.09956,19.07501],[-98.10501,19.07403],[-98.10813,19.06631],[-98.11591,19.0595],[-98.11238,19.05719],[-98.11848,19.04598],[-98.13016,19.0476],[-98.13291,19.04324],[-98.11781,19.03723],[-98.1221,19.0327],[-98.11836,19.02972],[-98.12638,19.01407],[-98.13018,19.02155],[-98.13132,18.99737],[-98.13848,18.99348],[-98.13249,18.97846],[-98.13585,18.97496],[-98.13658,18.95507],[-98.13475,18.95069],[-98.11522,18.93988],[-98.11494,18.92818],[-98.09721,18.91855],[-98.09558,18.91292],[-98.10364,18.90984],[-98.10701,18.91225],[-98.11641,18.91112],[-98.11777,18.9035],[-98.12504,18.90256],[-98.12175,18.90852],[-98.12717,18.90979],[-98.12813,18.91399],[-98.13414,18.91398],[-98.13345,18.90963],[-98.13911,18.91261],[-98.14682,18.90913],[-98.14478,18.90591],[-98.15072,18.9063],[-98.14699,18.89482],[-98.13474,18.89521],[-98.13508,18.88941],[-98.14372,18.88193],[-98.149,18.88229],[-98.15393,18.87578],[-98.15306,18.87252],[-98.15978,18.86806],[-98.15832,18.85785],[-98.1503,18.85636],[-98.14651,18.85143],[-98.1528,18.84178],[-98.15435,18.84459],[-98.15989,18.84146],[-98.16477,18.8442],[-98.16824,18.83716],[-98.17803,18.8406],[-98.17997,18.83678],[-98.18445,18.84325],[-98.19302,18.84473],[-98.20507,18.84412],[-98.21051,18.84009],[-98.23392,18.845],[-98.24413,18.85021],[-98.25845,18.84768],[-98.26952,18.85127],[-98.28022,18.84986],[-98.29412,18.86706],[-98.28718,18.87302],[-98.28154,18.8734],[-98.28508,18.87544],[-98.27679,18.88715],[-98.27257,18.8877],[-98.27297,18.8928],[-98.26855,18.8989],[-98.27562,18.90325],[-98.28524,18.9006],[-98.29023,18.9087],[-98.2854,18.9103],[-98.28503,18.9138],[-98.27698,18.91469],[-98.28043,18.91717],[-98.27627,18.93042],[-98.27795,18.94895],[-98.27014,18.9505],[-98.27569,18.95609],[-98.27716,18.97092],[-98.28251,18.97656],[-98.2797,18.97835],[-98.27997,18.98428],[-98.27395,18.98755],[-98.27341,18.99368],[-98.26901,18.99406],[-98.26667,18.98986],[-98.25759,18.99338],[-98.2532,19.00757],[-98.2464,19.01304],[-98.24711,19.01983],[-98.23806,19.02548],[-98.2286,19.02149],[-98.22386,19.02939],[-98.22605,19.03102],[-98.22952,19.02762],[-98.23927,19.03153],[-98.25779,19.05179],[-98.26137,19.04488],[-98.26867,19.04651],[-98.2649,19.04899],[-98.27787,19.05109],[-98.27622,19.0595],[-98.2668,19.05968],[-98.26104,19.07232],[-98.26372,19.07697],[-98.25648,19.08239],[-98.2401,19.08738],[-98.24245,19.09211],[-98.23677,19.09461],[-98.23743,19.10142],[-98.23304,19.10446],[-98.2344,19.10854],[-98.22896,19.1159],[-98.23226,19.11834],[-98.22876,19.12281],[-98.23105,19.12455],[-98.22942,19.13431],[-98.22454,19.13793],[-98.20804,19.1327],[-98.19071,19.13999],[-98.18818,19.13552],[-98.19714,19.1275],[-98.19164,19.12194],[-98.20435,19.11493],[-98.18681,19.11601],[-98.1644,19.10561],[-98.14953,19.12088],[-98.14476,19.12127],[-98.1497,19.11387],[-98.11016,19.14321],[-98.10322,19.15257],[-98.10032,19.16337],[-98.07757,19.17686],[-98.05933,19.20123],[-98.04153,19.21023],[-98.03462,19.21877],[-98.03169,19.23094]]]}},{"type":"Feature","properties":{"code":"21108","stateCode":"21","municipalityCode":"108","name":"Oriental"},"geometry":{"type":"Polygon","coordinates":[[[-97.64904,19.42919],[-97.61943,19.39728],[-97.61878,19.39192],[-97.61422,19.39843],[-97.60745,19.39376],[-97.61104,19.38951],[-97.60622,19.38495],[-97.5854,19.40841],[-97.57633,19.41528],[-97.56301,19.4191],[-97.56052,19.39667],[-97.55333,19.39386],[-97.55077,19.38468],[-97.52892,19.38114],[-97.52011,19.38424],[-97.51014,19.37945],[-97.50765,19.37262],[-97.49432,19.36318],[-97.48769,19.34433],[-97.47907,19.33846],[-97.50743,19.32604],[-97.51078,19.32101],[-97.51291,19.32343],[-97.51787,19.32003],[-97.52657,19.32209],[-97.53021,19.32008],[-97.52805,19.31708],[-97.53196,19.31562],[-97.557,19.31309],[-97.53139,19.26864],[-97.52621,19.27667],[-97.52125,19.27406],[-97.5174,19.27771],[-97.51159,19.27461],[-97.51721,19.26668],[-97.53195,19.26334],[-97.54263,19.25138],[-97.52807,19.24235],[-97.53625,19.22955],[-97.54755,19.23847],[-97.55293,19.23029],[-97.55895,19.23546],[-97.57128,19.23549],[-97.57853,19.22628],[-97.59835,19.23581],[-97.60977,19.23766],[-97.61337,19.23724],[-97.61701,19.23076],[-97.62755,19.24061],[-97.64714,19.24438],[-97.65018,19.24807],[-97.62461,19.29873],[-97.64609,19.30641],[-97.63895,19.31905],[-97.63312,19.31616],[-97.63285,19.32028],[-97.62636,19.32393],[-97.62567,19.33139],[-97.63871,19.33826],[-97.63145,19.3554],[-97.64029,19.36075],[-97.65363,19.3538],[-97.65576,19.36173],[-97.66421,19.36511],[-97.66307,19.37384],[-97.65429,19.3765],[-97.66037,19.38062],[-97.6586,19.38777],[-97.66408,19.38948],[-97.66554,19.39999],[-97.66085,19.4061],[-97.66022,19.42559],[-97.64904,19.42919]]]}},{"type":"Feature","properties":{"code":"21112","stateCode":"21","municipalityCode":"112","name":"Petlalcingo"},"geometry":{"type":"Polygon","coordinates":[[[-97.89902,18.16433],[-97.89105,18.15041],[-97.89521,18.13674],[-97.88824,18.14347],[-97.88151,18.15988],[-97.86394,18.14797],[-97.86748,18.14457],[-97.86722,18.1149],[-97.84946,18.08374],[-97.81067,18.06772],[-97.82566,18.05348],[-97.83478,18.0498],[-97.8369,18.03264],[-97.84273,18.01893],[-97.8501,18.01629],[-97.85703,18.0255],[-97.86209,18.02588],[-97.86789,18.01611],[-97.87803,18.01484],[-97.88354,18.01785],[-97.88317,18.01434],[-97.89059,18.01071],[-97.89375,18.00442],[-97.89732,18.01007],[-97.89628,18.01424],[-97.90115,18.01183],[-97.90172,18.01417],[-97.93505,18.00001],[-97.93634,17.98765],[-97.9319,17.98069],[-97.93038,17.96766],[-97.93476,17.96094],[-97.93738,17.9679],[-97.95172,17.96657],[-97.96756,17.9707],[-97.97247,17.97735],[-97.97059,17.99422],[-97.96704,17.99892],[-97.96983,18.00348],[-97.96694,18.01725],[-97.9686,18.02358],[-97.97443,18.02563],[-97.98271,18.05324],[-97.98917,18.0518],[-98.00579,18.05947],[-98.00483,18.07746],[-98.00077,18.08493],[-97.98771,18.08326],[-97.98402,18.09964],[-97.97949,18.09989],[-97.97244,18.10719],[-97.96089,18.10864],[-97.97415,18.12832],[-97.96914,18.12623],[-97.97303,18.13715],[-97.95843,18.14516],[-97.96264,18.13164],[-97.95499,18.13864],[-97.94629,18.12212],[-97.94126,18.12781],[-97.94211,18.14676],[-97.93767,18.15379],[-97.93246,18.15675],[-97.91689,18.14994],[-97.89902,18.16433]]]}},{"type":"Feature","properties":{"code":"21147","stateCode":"21","municipalityCode":"147","name":"Santa Inés Ahuatempan"},"geometry":{"type":"Polygon","coordinates":[[[-98.05385,18.50064],[-98.04349,18.49722],[-98.02582,18.48086],[-98.0169,18.4838],[-98.01608,18.47931],[-98.01202,18.47998],[-98.01001,18.47692],[-98.00736,18.48222],[-98.00024,18.47639],[-97.9956,18.47874],[-97.99411,18.47157],[-97.99738,18.46699],[-97.99391,18.46494],[-97.99191,18.45583],[-97.96927,18.43695],[-97.96462,18.41315],[-97.96014,18.40714],[-97.95017,18.40269],[-97.94822,18.39032],[-97.95653,18.37954],[-97.95365,18.36708],[-97.95602,18.35952],[-97.96479,18.35321],[-97.96242,18.35007],[-97.96672,18.34695],[-97.96408,18.34348],[-97.96644,18.34093],[-97.95847,18.3359],[-97.95767,18.33019],[-97.96396,18.32192],[-97.97178,18.33048],[-97.98955,18.33141],[-97.99649,18.33475],[-97.99942,18.33001],[-98.00708,18.32956],[-98.01194,18.31941],[-98.01896,18.31951],[-98.02197,18.30688],[-98.0308,18.30305],[-98.03324,18.30387],[-98.03116,18.30973],[-98.02171,18.32513],[-98.02599,18.34076],[-98.03637,18.35015],[-98.04193,18.33885],[-98.05204,18.33644],[-98.0555,18.33133],[-98.06924,18.34417],[-98.07911,18.33351],[-98.08258,18.34307],[-98.08883,18.34354],[-98.09088,18.34679],[-98.09398,18.34275],[-98.10506,18.33975],[-98.1072,18.33585],[-98.10534,18.32989],[-98.11025,18.32987],[-98.11702,18.34228],[-98.10763,18.34796],[-98.10819,18.35607],[-98.11052,18.36369],[-98.11918,18.36908],[-98.12284,18.36473],[-98.11794,18.3591],[-98.12712,18.35437],[-98.13378,18.35705],[-98.13751,18.35256],[-98.15331,18.3472],[-98.16114,18.34618],[-98.16266,18.34856],[-98.15594,18.36219],[-98.15923,18.3708],[-98.15583,18.37678],[-98.15849,18.38495],[-98.15381,18.39161],[-98.15318,18.40344],[-98.16807,18.40336],[-98.16943,18.40717],[-98.16427,18.41133],[-98.16557,18.41374],[-98.15838,18.41774],[-98.15462,18.41535],[-98.1511,18.41713],[-98.15045,18.41358],[-98.12444,18.4176],[-98.1168,18.42293],[-98.09803,18.42164],[-98.09732,18.42827],[-98.10651,18.42931],[-98.11291,18.43501],[-98.12464,18.43778],[-98.11834,18.44484],[-98.11305,18.44597],[-98.1157,18.45076],[-98.11319,18.45825],[-98.1161,18.46267],[-98.10624,18.46005],[-98.091,18.44446],[-98.09149,18.44726],[-98.08262,18.44981],[-98.09379,18.45538],[-98.09178,18.45834],[-98.09396,18.46103],[-98.08857,18.46837],[-98.09349,18.46803],[-98.09508,18.47123],[-98.09423,18.47596],[-98.10028,18.48294],[-98.09972,18.49122],[-98.09489,18.49256],[-98.08971,18.48762],[-98.0805,18.48689],[-98.07671,18.49441],[-98.05385,18.50064]]]}},{"type":"Feature","properties":{"code":"21204","stateCode":"21","municipalityCode":"204","name":"Yaonáhuac"},"geometry":{"type":"Polygon","coordinates":[[[-97.41116,19.97089],[-97.40873,19.96894],[-97.41288,19.96238],[-97.40536,19.94855],[-97.40693,19.94045],[-97.41208,19.94204],[-97.41486,19.93895],[-97.41294,19.9332],[-97.42421,19.93045],[-97.43196,19.92352],[-97.43827,19.92367],[-97.44022,19.91132],[-97.44986,19.89787],[-97.45212,19.88275],[-97.45609,19.87733],[-97.44656,19.87317],[-97.44331,19.862],[-97.44932,19.86393],[-97.45125,19.87134],[-97.45753,19.86462],[-97.46522,19.86387],[-97.46891,19.85962],[-97.4759,19.86881],[-97.47203,19.8735],[-97.47483,19.87804],[-97.47201,19.899],[-97.45712,19.90569],[-97.45359,19.91084],[-97.45954,19.92112],[-97.45575,19.92911],[-97.44844,19.93116],[-97.44254,19.94024],[-97.44454,19.94793],[-97.44092,19.95584],[-97.44327,19.96031],[-97.43746,19.96618],[-97.42427,19.96057],[-97.42141,19.96803],[-97.41116,19.97089]]]}},{"type":"Feature","properties":{"code":"21097","stateCode":"21","municipalityCode":"097","name":"Mixtla"},"geometry":{"type":"Polygon","coordinates":[[[-97.8933,18.92188],[-97.87674,18.91932],[-97.87204,18.90731],[-97.87976,18.90791],[-97.87939,18.90014],[-97.88497,18.88822],[-97.89178,18.88687],[-97.89318,18.89293],[-97.8977,18.89435],[-97.91185,18.91115],[-97.90835,18.91982],[-97.8933,18.92188]]]}},{"type":"Feature","properties":{"code":"21148","stateCode":"21","municipalityCode":"148","name":"Santa Isabel Cholula"},"geometry":{"type":"Polygon","coordinates":[[[-98.40454,19.01221],[-98.39883,19.0068],[-98.39666,19.01043],[-98.39412,19.00895],[-98.38369,18.99728],[-98.38123,19.00035],[-98.35421,18.99272],[-98.3444,18.9823],[-98.34995,18.97762],[-98.36098,18.97965],[-98.36727,18.97625],[-98.3709,18.9504],[-98.36606,18.92472],[-98.36909,18.92501],[-98.37068,18.93214],[-98.38103,18.93542],[-98.38229,18.9401],[-98.3886,18.9445],[-98.38933,18.95189],[-98.39909,18.95348],[-98.4018,18.95112],[-98.41492,18.96104],[-98.41561,18.96435],[-98.40788,18.97115],[-98.40969,18.98267],[-98.40582,18.98965],[-98.41533,19.00582],[-98.40454,19.01221]]]}},{"type":"Feature","properties":{"code":"21200","stateCode":"21","municipalityCode":"200","name":"Xochiapulco"},"geometry":{"type":"Polygon","coordinates":[[[-97.61603,19.91535],[-97.61871,19.90073],[-97.616,19.8943],[-97.6195,19.89238],[-97.61749,19.89047],[-97.6279,19.88703],[-97.62124,19.87937],[-97.62033,19.86922],[-97.61326,19.85922],[-97.62441,19.83229],[-97.62619,19.82364],[-97.62317,19.81774],[-97.63137,19.8124],[-97.63265,19.80776],[-97.64431,19.80351],[-97.64489,19.79237],[-97.65999,19.79349],[-97.66698,19.7919],[-97.66687,19.78964],[-97.68084,19.79577],[-97.68441,19.80344],[-97.68017,19.80726],[-97.68148,19.81017],[-97.67382,19.81458],[-97.67735,19.81877],[-97.67178,19.82532],[-97.6738,19.83024],[-97.67154,19.84477],[-97.67769,19.85623],[-97.67294,19.86326],[-97.66506,19.86505],[-97.66477,19.88334],[-97.66008,19.88304],[-97.65442,19.88965],[-97.65014,19.88987],[-97.64795,19.90358],[-97.64182,19.90466],[-97.63618,19.91004],[-97.6308,19.90581],[-97.61603,19.91535]]]}},{"type":"Feature","properties":{"code":"21151","stateCode":"21","municipalityCode":"151","name":"Santo Tomás Hueyotlipan"},"geometry":{"type":"Polygon","coordinates":[[[-97.85674,18.91258],[-97.85121,18.90629],[-97.84072,18.90145],[-97.83895,18.89485],[-97.84914,18.8702],[-97.85335,18.87087],[-97.85492,18.86747],[-97.85815,18.86865],[-97.8558,18.87115],[-97.86658,18.86478],[-97.87845,18.86677],[-97.88112,18.87407],[-97.8914,18.87437],[-97.89464,18.88231],[-97.89178,18.88687],[-97.88497,18.88822],[-97.87939,18.90014],[-97.87976,18.90791],[-97.86084,18.90801],[-97.85674,18.91258]]]}},{"type":"Feature","properties":{"code":"21159","stateCode":"21","municipalityCode":"159","name":"Teopantlán"},"geometry":{"type":"Polygon","coordinates":[[[-98.30742,18.86039],[-98.30598,18.85385],[-98.29206,18.85212],[-98.28676,18.85807],[-98.28022,18.84986],[-98.26952,18.85127],[-98.25845,18.84768],[-98.24413,18.85021],[-98.22533,18.84294],[-98.20735,18.84172],[-98.20952,18.83004],[-98.20637,18.8188],[-98.20945,18.81583],[-98.20132,18.79254],[-98.20445,18.79102],[-98.20281,18.78221],[-98.21868,18.76777],[-98.21937,18.75967],[-98.22291,18.76229],[-98.23362,18.76109],[-98.241,18.75418],[-98.23696,18.75125],[-98.23175,18.75403],[-98.22387,18.74671],[-98.21027,18.74749],[-98.2101,18.74229],[-98.20307,18.73485],[-98.19047,18.72956],[-98.18991,18.7262],[-98.21961,18.72111],[-98.21461,18.71104],[-98.202,18.69954],[-98.1992,18.69307],[-98.20065,18.6825],[-98.19456,18.67803],[-98.19347,18.67326],[-98.18947,18.67487],[-98.18875,18.67905],[-98.17365,18.67035],[-98.17018,18.67266],[-98.17193,18.66756],[-98.16849,18.66517],[-98.17589,18.65397],[-98.17302,18.64509],[-98.17811,18.63843],[-98.18817,18.63353],[-98.19317,18.62623],[-98.19044,18.62408],[-98.19264,18.61683],[-98.20803,18.61998],[-98.2161,18.60936],[-98.22404,18.61773],[-98.23778,18.61506],[-98.24418,18.62618],[-98.24029,18.62844],[-98.24484,18.64241],[-98.25388,18.64188],[-98.25689,18.63888],[-98.27788,18.65254],[-98.28338,18.66063],[-98.30832,18.65141],[-98.30589,18.65629],[-98.30854,18.66251],[-98.31611,18.66605],[-98.31597,18.67695],[-98.29817,18.68849],[-98.30134,18.69386],[-98.30828,18.69673],[-98.31694,18.71188],[-98.31074,18.72274],[-98.31768,18.7301],[-98.31345,18.7416],[-98.31802,18.74677],[-98.31216,18.75899],[-98.29989,18.77047],[-98.30591,18.78306],[-98.3033,18.78915],[-98.30549,18.79498],[-98.29164,18.79655],[-98.28648,18.80375],[-98.27594,18.79728],[-98.26173,18.79465],[-98.2578,18.80668],[-98.25246,18.80714],[-98.24856,18.81512],[-98.25711,18.83079],[-98.26536,18.82928],[-98.2795,18.8358],[-98.29335,18.83392],[-98.29992,18.82783],[-98.30198,18.83176],[-98.30717,18.82612],[-98.30847,18.8346],[-98.31652,18.84189],[-98.30749,18.84064],[-98.30983,18.84948],[-98.32042,18.85226],[-98.32374,18.84975],[-98.33038,18.85291],[-98.32671,18.85657],[-98.32872,18.85943],[-98.32397,18.86029],[-98.30742,18.86039]]]}},{"type":"Feature","properties":{"code":"21050","stateCode":"21","municipalityCode":"050","name":"Chichiquila"},"geometry":{"type":"Polygon","coordinates":[[[-96.99115,19.28557],[-96.98572,19.2787],[-96.99142,19.27621],[-96.99456,19.26386],[-97.00441,19.2569],[-97.00253,19.25405],[-97.0053,19.24953],[-97.00123,19.23655],[-97.00772,19.23099],[-97.01487,19.23195],[-97.02729,19.21743],[-97.03094,19.21844],[-97.03621,19.21233],[-97.05156,19.20681],[-97.05195,19.20074],[-97.05615,19.19767],[-97.04139,19.17442],[-97.04304,19.165],[-97.03831,19.15767],[-97.04214,19.15139],[-97.02943,19.14294],[-97.02705,19.13324],[-97.03446,19.13767],[-97.04201,19.1286],[-97.04584,19.12803],[-97.05563,19.134],[-97.0575,19.14016],[-97.06798,19.14846],[-97.06444,19.15779],[-97.06669,19.15946],[-97.0751,19.15788],[-97.08917,19.16297],[-97.09433,19.16127],[-97.10872,19.16841],[-97.11285,19.16459],[-97.11797,19.16774],[-97.13073,19.16768],[-97.13653,19.16011],[-97.14419,19.16391],[-97.1466,19.17181],[-97.14471,19.17401],[-97.14722,19.17469],[-97.14407,19.1799],[-97.1475,19.18216],[-97.13526,19.18649],[-97.13365,19.20184],[-97.13034,19.20423],[-97.13182,19.21551],[-97.12584,19.21975],[-97.11672,19.21142],[-97.11467,19.21448],[-97.10762,19.21303],[-97.11397,19.22525],[-97.1047,19.22981],[-97.10127,19.23528],[-97.09265,19.23671],[-97.08959,19.24351],[-97.08084,19.24738],[-97.0674,19.24806],[-97.04098,19.26045],[-97.01242,19.262],[-97.00583,19.25964],[-97.0106,19.26835],[-97.00322,19.27082],[-97.00117,19.27725],[-96.99115,19.28557]]]}},{"type":"Feature","properties":{"code":"21144","stateCode":"21","municipalityCode":"144","name":"San Salvador Huixcolotla"},"geometry":{"type":"Polygon","coordinates":[[[-97.75788,18.95693],[-97.74609,18.95295],[-97.75233,18.93882],[-97.75227,18.92366],[-97.7559,18.91694],[-97.7614,18.91423],[-97.76618,18.90371],[-97.76407,18.89599],[-97.77091,18.89703],[-97.77817,18.88779],[-97.7877,18.8958],[-97.78584,18.90134],[-97.78851,18.90213],[-97.78884,18.90809],[-97.78634,18.91316],[-97.80192,18.92051],[-97.79489,18.93505],[-97.78523,18.93123],[-97.78335,18.9502],[-97.77361,18.94752],[-97.77641,18.95522],[-97.75788,18.95693]]]}},{"type":"Feature","properties":{"code":"21051","stateCode":"21","municipalityCode":"051","name":"Chietla"},"geometry":{"type":"Polygon","coordinates":[[[-98.65573,18.6208],[-98.65087,18.61948],[-98.65356,18.61354],[-98.64862,18.61142],[-98.63965,18.61382],[-98.63119,18.60455],[-98.61526,18.60119],[-98.60655,18.59105],[-98.59547,18.58898],[-98.59113,18.58102],[-98.58284,18.57625],[-98.57873,18.57969],[-98.57433,18.57696],[-98.57052,18.56906],[-98.55889,18.57461],[-98.55931,18.56833],[-98.5552,18.56464],[-98.56169,18.56124],[-98.56327,18.55631],[-98.56319,18.54982],[-98.55708,18.5415],[-98.56165,18.53273],[-98.54735,18.5254],[-98.54186,18.51232],[-98.5379,18.51079],[-98.53973,18.50527],[-98.53556,18.4684],[-98.52967,18.4563],[-98.52366,18.45278],[-98.53034,18.44157],[-98.53821,18.43942],[-98.53409,18.43632],[-98.53613,18.42861],[-98.55042,18.41594],[-98.56538,18.42082],[-98.58019,18.42139],[-98.58804,18.42806],[-98.59279,18.42585],[-98.58907,18.42085],[-98.59842,18.41281],[-98.61024,18.41025],[-98.62352,18.39803],[-98.63397,18.42158],[-98.64488,18.43129],[-98.64718,18.42722],[-98.65304,18.42869],[-98.66745,18.43933],[-98.67646,18.43772],[-98.67732,18.43453],[-98.68399,18.43525],[-98.68687,18.43635],[-98.68438,18.43819],[-98.68586,18.44127],[-98.66171,18.45336],[-98.65834,18.45689],[-98.65992,18.46159],[-98.66559,18.4621],[-98.67444,18.45504],[-98.67275,18.46169],[-98.69403,18.45139],[-98.69861,18.45433],[-98.70356,18.4523],[-98.70159,18.44766],[-98.70537,18.4452],[-98.71149,18.4518],[-98.70587,18.4559],[-98.71028,18.45742],[-98.70813,18.45815],[-98.71025,18.46302],[-98.70604,18.46394],[-98.71042,18.46807],[-98.70446,18.47183],[-98.70756,18.47274],[-98.70535,18.47569],[-98.70767,18.47874],[-98.70246,18.47992],[-98.70295,18.48603],[-98.69909,18.49108],[-98.70119,18.49706],[-98.70804,18.49428],[-98.70431,18.50408],[-98.70667,18.51137],[-98.70194,18.51219],[-98.70935,18.51358],[-98.71336,18.52056],[-98.70699,18.52447],[-98.70275,18.53879],[-98.70689,18.54378],[-98.70529,18.55178],[-98.71229,18.55733],[-98.71008,18.55944],[-98.71448,18.55972],[-98.71667,18.56592],[-98.71377,18.56542],[-98.71181,18.56999],[-98.71581,18.56848],[-98.71677,18.57311],[-98.71172,18.57368],[-98.71438,18.57793],[-98.71255,18.58542],[-98.69886,18.58911],[-98.70481,18.59883],[-98.7058,18.60858],[-98.69657,18.6148],[-98.68747,18.60955],[-98.67507,18.61166],[-98.66696,18.60857],[-98.66466,18.61738],[-98.65573,18.6208]]]}},{"type":"Feature","properties":{"code":"21055","stateCode":"21","municipalityCode":"055","name":"Chila"},"geometry":{"type":"Polygon","coordinates":[[[-97.8582,18.02586],[-97.8501,18.01629],[-97.84273,18.01893],[-97.8426,17.99608],[-97.82627,17.97268],[-97.82776,17.96413],[-97.81469,17.95275],[-97.81121,17.93813],[-97.81929,17.91474],[-97.83084,17.9137],[-97.83236,17.90853],[-97.87911,17.91791],[-97.88467,17.91374],[-97.9031,17.90916],[-97.92076,17.91734],[-97.9363,17.91718],[-97.93972,17.93387],[-97.93799,17.94067],[-97.94429,17.94807],[-97.94885,17.94816],[-97.93044,17.96741],[-97.9319,17.98069],[-97.93634,17.98765],[-97.93505,18.00001],[-97.90172,18.01417],[-97.90115,18.01183],[-97.89628,18.01424],[-97.89732,18.01007],[-97.89375,18.00442],[-97.89059,18.01071],[-97.88317,18.01434],[-97.88354,18.01785],[-97.87803,18.01484],[-97.86789,18.01611],[-97.86209,18.02588],[-97.8582,18.02586]]]}},{"type":"Feature","properties":{"code":"21056","stateCode":"21","municipalityCode":"056","name":"Chila de la Sal"},"geometry":{"type":"Polygon","coordinates":[[[-98.45143,18.23686],[-98.44631,18.22501],[-98.43494,18.21682],[-98.44504,18.20355],[-98.44337,18.19938],[-98.43713,18.1972],[-98.43825,18.18571],[-98.43348,18.17981],[-98.43837,18.17768],[-98.44451,18.18051],[-98.44647,18.17634],[-98.44702,18.16785],[-98.43596,18.15655],[-98.4376,18.15092],[-98.4496,18.1444],[-98.43953,18.13791],[-98.44237,18.13149],[-98.43085,18.12435],[-98.43065,18.11257],[-98.43531,18.10669],[-98.42504,18.10676],[-98.42484,18.09863],[-98.41959,18.09549],[-98.41797,18.08943],[-98.40638,18.0832],[-98.40586,18.07956],[-98.4014,18.09675],[-98.40038,18.09293],[-98.38417,18.0872],[-98.38231,18.07547],[-98.38774,18.07442],[-98.3891,18.0675],[-98.39499,18.06269],[-98.39731,18.06696],[-98.4054,18.06405],[-98.43836,18.06349],[-98.45334,18.07437],[-98.4573,18.08862],[-98.46362,18.09117],[-98.4783,18.08469],[-98.48615,18.06305],[-98.49091,18.06102],[-98.50122,18.08858],[-98.48832,18.09304],[-98.48835,18.10055],[-98.4952,18.09765],[-98.49774,18.1104],[-98.50701,18.12415],[-98.51746,18.12291],[-98.52038,18.13144],[-98.5313,18.12808],[-98.53344,18.13467],[-98.53568,18.13247],[-98.53655,18.13586],[-98.53753,18.13325],[-98.54648,18.13965],[-98.54667,18.12683],[-98.55294,18.12809],[-98.54838,18.14095],[-98.55031,18.14803],[-98.55289,18.14557],[-98.55615,18.14794],[-98.55661,18.1535],[-98.54458,18.16279],[-98.53942,18.15894],[-98.52478,18.166],[-98.51225,18.1636],[-98.50826,18.17068],[-98.51749,18.16765],[-98.51966,18.1706],[-98.5137,18.17998],[-98.51578,18.18662],[-98.50876,18.19],[-98.50742,18.18578],[-98.50069,18.18362],[-98.49097,18.18924],[-98.49011,18.1931],[-98.49546,18.19408],[-98.48951,18.19842],[-98.48883,18.20555],[-98.47942,18.20158],[-98.46859,18.20307],[-98.46999,18.20936],[-98.4812,18.21613],[-98.48373,18.22195],[-98.48186,18.22347],[-98.4771,18.21868],[-98.46592,18.22694],[-98.47051,18.23245],[-98.46489,18.23757],[-98.45955,18.23328],[-98.45685,18.2367],[-98.45143,18.23686]]]}},{"type":"Feature","properties":{"code":"21057","stateCode":"21","municipalityCode":"057","name":"Honey"},"geometry":{"type":"Polygon","coordinates":[[[-98.23777,20.30438],[-98.23051,20.29528],[-98.21595,20.29146],[-98.2065,20.29624],[-98.19448,20.29084],[-98.19029,20.29402],[-98.18344,20.28246],[-98.18341,20.27348],[-98.19803,20.27636],[-98.19861,20.26334],[-98.19197,20.25814],[-98.2048,20.24502],[-98.20937,20.24394],[-98.20829,20.23936],[-98.21296,20.23429],[-98.21677,20.23813],[-98.22914,20.23661],[-98.23477,20.23176],[-98.2356,20.22382],[-98.24381,20.21794],[-98.27055,20.21581],[-98.27892,20.22527],[-98.28444,20.26279],[-98.26723,20.27231],[-98.26043,20.28552],[-98.25637,20.28595],[-98.25742,20.29856],[-98.23777,20.30438]]]}},{"type":"Feature","properties":{"code":"21058","stateCode":"21","municipalityCode":"058","name":"Chilchotla"},"geometry":{"type":"Polygon","coordinates":[[[-97.24483,19.33574],[-97.23071,19.32762],[-97.229,19.32354],[-97.22193,19.32922],[-97.20799,19.31519],[-97.20495,19.3182],[-97.20084,19.31629],[-97.20027,19.30926],[-97.19034,19.31571],[-97.1888,19.32137],[-97.17571,19.32786],[-97.16673,19.32912],[-97.15383,19.32421],[-97.14787,19.32022],[-97.16061,19.31749],[-97.16298,19.30494],[-97.15719,19.29088],[-97.1472,19.28377],[-97.14734,19.27929],[-97.13817,19.2756],[-97.16298,19.26387],[-97.16537,19.25682],[-97.16039,19.25007],[-97.16252,19.249],[-97.16329,19.25238],[-97.17039,19.24689],[-97.1714,19.23724],[-97.17689,19.23029],[-97.17482,19.22155],[-97.18448,19.21282],[-97.1907,19.21296],[-97.187,19.20449],[-97.17663,19.21324],[-97.1689,19.20736],[-97.17736,19.20085],[-97.1951,19.20467],[-97.21428,19.19591],[-97.22677,19.18298],[-97.23822,19.18612],[-97.25038,19.17596],[-97.26921,19.17849],[-97.27681,19.18462],[-97.26677,19.18626],[-97.2673,19.19896],[-97.26023,19.20853],[-97.26794,19.2089],[-97.26529,19.21525],[-97.26773,19.21415],[-97.2701,19.22061],[-97.26712,19.2306],[-97.26209,19.23499],[-97.26191,19.23633],[-97.26489,19.23556],[-97.26581,19.23747],[-97.26135,19.23974],[-97.26567,19.25358],[-97.25689,19.25535],[-97.24717,19.26855],[-97.23484,19.2647],[-97.23829,19.27051],[-97.24837,19.27545],[-97.2454,19.28564],[-97.25758,19.28676],[-97.2566,19.29581],[-97.25262,19.30046],[-97.25823,19.30229],[-97.25296,19.31085],[-97.25369,19.31767],[-97.24664,19.32706],[-97.25008,19.32931],[-97.25022,19.33412],[-97.24483,19.33574]]]}},{"type":"Feature","properties":{"code":"21059","stateCode":"21","municipalityCode":"059","name":"Chinantla"},"geometry":{"type":"Polygon","coordinates":[[[-98.27594,18.27841],[-98.27484,18.27126],[-98.27142,18.26688],[-98.26644,18.26889],[-98.26064,18.25622],[-98.23646,18.27291],[-98.19898,18.27432],[-98.20385,18.26312],[-98.2224,18.24626],[-98.21925,18.23099],[-98.22986,18.22395],[-98.23498,18.23415],[-98.24664,18.21834],[-98.24457,18.21618],[-98.25466,18.20716],[-98.25272,18.20434],[-98.25552,18.19794],[-98.2642,18.20039],[-98.26751,18.19856],[-98.27622,18.1784],[-98.28447,18.18348],[-98.28973,18.18196],[-98.29284,18.18697],[-98.29423,18.18264],[-98.30295,18.18562],[-98.30995,18.19718],[-98.32713,18.20339],[-98.32914,18.21494],[-98.34242,18.22132],[-98.34071,18.22862],[-98.33473,18.22989],[-98.3384,18.23828],[-98.34462,18.2419],[-98.34928,18.25322],[-98.35637,18.2575],[-98.35273,18.26282],[-98.34222,18.25489],[-98.3327,18.25579],[-98.32874,18.2524],[-98.3175,18.26005],[-98.31206,18.26808],[-98.30524,18.26521],[-98.30561,18.25263],[-98.29626,18.25594],[-98.29086,18.25072],[-98.27876,18.26237],[-98.28122,18.27283],[-98.27594,18.27841]]]}},{"type":"Feature","properties":{"code":"21063","stateCode":"21","municipalityCode":"063","name":"Esperanza"},"geometry":{"type":"Polygon","coordinates":[[[-97.38851,18.90367],[-97.3839,18.89359],[-97.36264,18.90244],[-97.35481,18.89773],[-97.35114,18.89014],[-97.3603,18.88071],[-97.33339,18.88863],[-97.33066,18.87552],[-97.33256,18.87161],[-97.32779,18.86601],[-97.31502,18.86933],[-97.3135,18.87782],[-97.3065,18.88115],[-97.30177,18.87728],[-97.30332,18.864],[-97.2984,18.86048],[-97.30796,18.84816],[-97.3064,18.84304],[-97.32267,18.83507],[-97.32453,18.83042],[-97.32039,18.82191],[-97.32276,18.81884],[-97.32626,18.81968],[-97.326,18.81161],[-97.34629,18.81813],[-97.3436,18.81055],[-97.36363,18.81667],[-97.36528,18.81251],[-97.38024,18.81287],[-97.37535,18.8216],[-97.3688,18.82569],[-97.38012,18.83152],[-97.38655,18.84048],[-97.38527,18.84517],[-97.39617,18.85258],[-97.39425,18.85703],[-97.42189,18.85829],[-97.4242,18.87084],[-97.44272,18.86334],[-97.44556,18.88128],[-97.4425,18.89121],[-97.43497,18.89649],[-97.42835,18.89368],[-97.42497,18.87977],[-97.40858,18.87406],[-97.38851,18.90367]]]}},{"type":"Feature","properties":{"code":"21064","stateCode":"21","municipalityCode":"064","name":"Francisco Z. Mena"},"geometry":{"type":"Polygon","coordinates":[[[-97.84227,20.83991],[-97.83892,20.8365],[-97.84355,20.83138],[-97.84308,20.82445],[-97.85012,20.81692],[-97.83093,20.81268],[-97.8307,20.808],[-97.82405,20.80981],[-97.81377,20.82007],[-97.79718,20.82116],[-97.7904,20.81683],[-97.77704,20.82433],[-97.77388,20.82301],[-97.773,20.8272],[-97.7631,20.81886],[-97.75035,20.81479],[-97.74821,20.80901],[-97.73891,20.80153],[-97.69518,20.80004],[-97.69465,20.79653],[-97.70135,20.7936],[-97.71314,20.79983],[-97.72598,20.79165],[-97.72307,20.78643],[-97.72806,20.78496],[-97.72516,20.77771],[-97.72091,20.77873],[-97.71918,20.7755],[-97.72089,20.77041],[-97.72651,20.77116],[-97.72664,20.76733],[-97.71896,20.76295],[-97.72635,20.75998],[-97.72282,20.74999],[-97.72846,20.74127],[-97.75297,20.73237],[-97.75017,20.72407],[-97.75064,20.70733],[-97.75754,20.69347],[-97.75653,20.68901],[-97.74826,20.68631],[-97.7407,20.68973],[-97.74073,20.68185],[-97.73707,20.67966],[-97.74062,20.67404],[-97.73808,20.66303],[-97.74534,20.65718],[-97.74922,20.65965],[-97.7521,20.65767],[-97.74951,20.64332],[-97.73733,20.64643],[-97.7312,20.63779],[-97.7145,20.63686],[-97.70447,20.62922],[-97.70492,20.62513],[-97.708,20.6264],[-97.70755,20.62289],[-97.71265,20.62035],[-97.71539,20.60908],[-97.71054,20.60867],[-97.71129,20.60454],[-97.70755,20.60585],[-97.70484,20.60166],[-97.69342,20.60268],[-97.70121,20.57422],[-97.70408,20.57293],[-97.71242,20.57877],[-97.73481,20.57956],[-97.73367,20.58662],[-97.7403,20.60167],[-97.76063,20.59246],[-97.76871,20.59455],[-97.78115,20.58349],[-97.78966,20.60178],[-97.79448,20.60431],[-97.8085,20.60368],[-97.8165,20.59807],[-97.81952,20.6052],[-97.83418,20.61091],[-97.83429,20.60733],[-97.84887,20.60752],[-97.86527,20.59822],[-97.86674,20.60804],[-97.87511,20.61503],[-97.87526,20.62237],[-97.88036,20.62392],[-97.8758,20.63897],[-97.88582,20.65808],[-97.88909,20.67143],[-97.88709,20.67491],[-97.91783,20.67124],[-97.91408,20.68862],[-97.90627,20.69071],[-97.89743,20.70321],[-97.92245,20.71652],[-97.88407,20.82533],[-97.87912,20.83428],[-97.87077,20.83134],[-97.86174,20.83537],[-97.85287,20.83287],[-97.84227,20.83991]]]}},{"type":"Feature","properties":{"code":"21065","stateCode":"21","municipalityCode":"065","name":"General Felipe Ángeles"},"geometry":{"type":"Polygon","coordinates":[[[-97.67958,19.08547],[-97.66118,19.08071],[-97.66065,19.0682],[-97.65161,19.06026],[-97.65907,19.05703],[-97.64929,19.05506],[-97.6411,19.04859],[-97.62691,19.05422],[-97.62646,19.05942],[-97.6168,19.05382],[-97.61852,19.04811],[-97.61147,19.02856],[-97.62012,19.00672],[-97.62847,18.99778],[-97.61816,18.99481],[-97.61677,18.98038],[-97.62216,18.98397],[-97.64442,18.97105],[-97.65103,18.97445],[-97.64414,18.98503],[-97.65704,18.98137],[-97.65572,18.99178],[-97.66028,18.99286],[-97.6657,18.99256],[-97.67643,18.98313],[-97.69252,18.97954],[-97.69703,18.98527],[-97.70605,18.97904],[-97.72035,18.98298],[-97.71804,18.9905],[-97.73172,18.9914],[-97.72769,18.99382],[-97.7278,18.99916],[-97.71064,19.03872],[-97.70175,19.04938],[-97.69671,19.06387],[-97.69594,19.05667],[-97.69105,19.05052],[-97.68152,19.0683],[-97.67652,19.07126],[-97.67582,19.08068],[-97.68222,19.0817],[-97.67958,19.08547]]]}},{"type":"Feature","properties":{"code":"21066","stateCode":"21","municipalityCode":"066","name":"Guadalupe"},"geometry":{"type":"Polygon","coordinates":[[[-98.1654,18.13159],[-98.14642,18.12815],[-98.14145,18.12316],[-98.13897,18.12639],[-98.1194,18.11999],[-98.11497,18.105],[-98.11028,18.10404],[-98.11779,18.09439],[-98.10416,18.09198],[-98.10216,18.09665],[-98.09823,18.0953],[-98.09957,18.09022],[-98.09637,18.08975],[-98.09264,18.07589],[-98.09572,18.07381],[-98.09587,18.0666],[-98.10263,18.06574],[-98.10742,18.05962],[-98.09972,18.05104],[-98.10294,18.0462],[-98.10117,18.03753],[-98.10541,18.03501],[-98.10021,18.02655],[-98.10297,18.02197],[-98.11153,18.02408],[-98.10425,18.00783],[-98.10956,18.00121],[-98.10672,17.98361],[-98.11303,17.97843],[-98.13079,17.98804],[-98.12992,17.97798],[-98.1532,17.96788],[-98.15671,17.9728],[-98.16201,17.96786],[-98.17335,17.96969],[-98.17684,17.98241],[-98.18061,17.97802],[-98.18354,17.97909],[-98.18534,17.9726],[-98.2017,17.97176],[-98.20441,17.97672],[-98.20204,17.98837],[-98.18931,17.98865],[-98.18772,18.00493],[-98.18413,18.00562],[-98.18497,18.01081],[-98.17949,18.01542],[-98.18447,18.01612],[-98.18989,18.02183],[-98.18836,18.03289],[-98.20421,18.04442],[-98.21164,18.04535],[-98.20914,18.0516],[-98.21075,18.06148],[-98.20688,18.06265],[-98.20726,18.06841],[-98.19949,18.07001],[-98.19826,18.07951],[-98.20412,18.08822],[-98.20324,18.09235],[-98.20972,18.09671],[-98.20024,18.10157],[-98.1925,18.09688],[-98.17448,18.10273],[-98.17391,18.11751],[-98.1712,18.11738],[-98.16988,18.12832],[-98.16621,18.12592],[-98.1654,18.13159]]]}},{"type":"Feature","properties":{"code":"21067","stateCode":"21","municipalityCode":"067","name":"Guadalupe Victoria"},"geometry":{"type":"Polygon","coordinates":[[[-97.28516,19.39164],[-97.28178,19.38734],[-97.28196,19.37873],[-97.27689,19.37509],[-97.28139,19.36985],[-97.29738,19.37826],[-97.302,19.37343],[-97.32454,19.37833],[-97.34525,19.37693],[-97.32122,19.36799],[-97.29588,19.36745],[-97.28868,19.36374],[-97.29387,19.35825],[-97.30104,19.36079],[-97.3037,19.35827],[-97.30299,19.35415],[-97.29482,19.35226],[-97.28202,19.33673],[-97.28707,19.33396],[-97.2916,19.33853],[-97.30027,19.33854],[-97.29282,19.33209],[-97.29048,19.32316],[-97.29538,19.32051],[-97.30004,19.32756],[-97.30821,19.32806],[-97.32287,19.33682],[-97.33098,19.32507],[-97.33241,19.31883],[-97.32947,19.30994],[-97.3367,19.31083],[-97.33841,19.30583],[-97.33003,19.30415],[-97.32959,19.30032],[-97.32371,19.29768],[-97.32553,19.29538],[-97.32022,19.29648],[-97.31896,19.29454],[-97.32205,19.29389],[-97.32299,19.29194],[-97.31547,19.29185],[-97.31395,19.28839],[-97.31771,19.28173],[-97.32687,19.28268],[-97.3232,19.27246],[-97.3138,19.26667],[-97.30041,19.26766],[-97.28361,19.24921],[-97.2845,19.24217],[-97.2927,19.23286],[-97.31573,19.24401],[-97.32067,19.25685],[-97.3266,19.26121],[-97.33287,19.25655],[-97.34462,19.25547],[-97.36328,19.26207],[-97.36419,19.26532],[-97.37664,19.24726],[-97.37961,19.22993],[-97.38895,19.23062],[-97.4076,19.22204],[-97.40944,19.23511],[-97.38821,19.24147],[-97.40143,19.26668],[-97.41041,19.26207],[-97.41535,19.25528],[-97.42188,19.25978],[-97.45596,19.26805],[-97.46319,19.27484],[-97.47039,19.29704],[-97.46862,19.30809],[-97.47173,19.31863],[-97.4679,19.32697],[-97.47839,19.3315],[-97.47046,19.34251],[-97.44996,19.35221],[-97.44667,19.36665],[-97.43609,19.37082],[-97.42153,19.38504],[-97.4055,19.37129],[-97.40035,19.37757],[-97.36328,19.37319],[-97.3569,19.37836],[-97.34862,19.37849],[-97.33775,19.39253],[-97.28715,19.3893],[-97.28516,19.39164]]]}},{"type":"Feature","properties":{"code":"21070","stateCode":"21","municipalityCode":"070","name":"Huatlatlauca"},"geometry":{"type":"Polygon","coordinates":[[[-98.0767,18.74847],[-98.06815,18.74385],[-98.05666,18.74462],[-98.05101,18.74023],[-98.03744,18.73892],[-98.02669,18.72854],[-98.0044,18.73019],[-98.00371,18.72423],[-97.98707,18.7318],[-97.99272,18.71955],[-97.98428,18.72483],[-97.96937,18.72074],[-97.95974,18.72204],[-97.96041,18.71511],[-97.95456,18.71279],[-97.94757,18.69775],[-97.95833,18.6832],[-97.97569,18.67968],[-97.98203,18.65761],[-97.9899,18.64997],[-98.0101,18.65765],[-98.00672,18.6598],[-98.00441,18.66288],[-98.01225,18.65954],[-98.01179,18.66773],[-98.01815,18.66525],[-98.02457,18.66941],[-98.0453,18.66338],[-98.06215,18.66579],[-98.07059,18.65894],[-98.08088,18.65732],[-98.09276,18.6461],[-98.1085,18.64357],[-98.11403,18.63359],[-98.12177,18.63418],[-98.12414,18.62771],[-98.12792,18.62672],[-98.12717,18.62031],[-98.15398,18.61],[-98.15539,18.62158],[-98.15973,18.628],[-98.16663,18.62583],[-98.1719,18.63286],[-98.17777,18.63244],[-98.1782,18.64127],[-98.17302,18.64509],[-98.17589,18.65397],[-98.16849,18.66517],[-98.17197,18.66813],[-98.16885,18.6804],[-98.16242,18.69101],[-98.14937,18.69451],[-98.14936,18.69247],[-98.14724,18.69652],[-98.14335,18.69361],[-98.13757,18.70145],[-98.11779,18.699],[-98.11037,18.69336],[-98.09302,18.70171],[-98.07151,18.70228],[-98.06574,18.71251],[-98.07385,18.71568],[-98.06887,18.72356],[-98.08308,18.72314],[-98.0977,18.73636],[-98.08808,18.73814],[-98.08779,18.74089],[-98.08321,18.73975],[-98.08548,18.7425],[-98.0767,18.74847]]]}},{"type":"Feature","properties":{"code":"21071","stateCode":"21","municipalityCode":"071","name":"Huauchinango"},"geometry":{"type":"Polygon","coordinates":[[[-98.0403,20.30132],[-98.03121,20.29675],[-98.02555,20.28753],[-98.02027,20.29021],[-98.01358,20.28746],[-98.017,20.27619],[-98.03066,20.2633],[-98.0285,20.25592],[-98.01665,20.25493],[-98.02627,20.24578],[-98.01987,20.23691],[-98.02311,20.23546],[-98.0219,20.22606],[-98.02538,20.21924],[-98.02026,20.21568],[-98.02974,20.21275],[-98.03155,20.2026],[-98.01813,20.19895],[-98.0105,20.20649],[-97.96971,20.21216],[-97.97098,20.21625],[-97.95853,20.22012],[-97.95466,20.21468],[-97.96587,20.2099],[-97.96487,20.20568],[-97.97146,20.19892],[-97.96611,20.19355],[-97.96908,20.19266],[-97.97108,20.18461],[-97.98253,20.17599],[-97.98085,20.17316],[-97.98749,20.17106],[-97.99644,20.17382],[-97.99448,20.17086],[-97.99766,20.17065],[-97.99723,20.16464],[-97.9948,20.16515],[-97.99435,20.16181],[-97.98436,20.16321],[-97.98414,20.16072],[-97.98316,20.16315],[-97.98254,20.16089],[-97.98543,20.14508],[-97.9833,20.13875],[-97.98963,20.13527],[-97.98981,20.12556],[-98.00044,20.12562],[-98.01125,20.11379],[-98.01683,20.11337],[-98.02338,20.10659],[-98.00584,20.10641],[-97.99401,20.0963],[-98.00737,20.08425],[-98.01684,20.08281],[-98.03162,20.07449],[-98.03091,20.06756],[-98.04199,20.05556],[-98.0458,20.05937],[-98.05545,20.06028],[-98.05871,20.05498],[-98.06905,20.05781],[-98.06965,20.05496],[-98.07394,20.05874],[-98.08299,20.05518],[-98.08069,20.0782],[-98.08393,20.08962],[-98.093,20.09418],[-98.09643,20.10247],[-98.10195,20.10371],[-98.11395,20.09072],[-98.11093,20.09883],[-98.11703,20.09717],[-98.12827,20.1072],[-98.12461,20.12407],[-98.11659,20.12009],[-98.10846,20.1208],[-98.10156,20.12973],[-98.10314,20.13715],[-98.09788,20.14539],[-98.10064,20.14683],[-98.10508,20.14228],[-98.12555,20.14868],[-98.1362,20.14699],[-98.13999,20.15397],[-98.13675,20.15664],[-98.13245,20.15517],[-98.13355,20.15948],[-98.12973,20.16148],[-98.1327,20.17037],[-98.1298,20.17664],[-98.12367,20.17642],[-98.1234,20.17034],[-98.11884,20.17277],[-98.11703,20.1799],[-98.09899,20.20204],[-98.10387,20.22288],[-98.10236,20.22999],[-98.09867,20.23255],[-98.10035,20.23687],[-98.08277,20.2447],[-98.07855,20.25143],[-98.07326,20.25256],[-98.06809,20.26366],[-98.05894,20.26623],[-98.0571,20.27859],[-98.05054,20.28909],[-98.05133,20.29436],[-98.0403,20.30132]]]}},{"type":"Feature","properties":{"code":"21076","stateCode":"21","municipalityCode":"076","name":"Hueytamalco"},"geometry":{"type":"Polygon","coordinates":[[[-97.31544,20.20056],[-97.28676,20.19121],[-97.29166,20.18652],[-97.28879,20.17747],[-97.28237,20.17459],[-97.28909,20.16302],[-97.28244,20.15698],[-97.28669,20.15443],[-97.28951,20.14624],[-97.28413,20.14055],[-97.28744,20.12511],[-97.27581,20.11837],[-97.26353,20.09431],[-97.26755,20.08712],[-97.29045,20.08188],[-97.3037,20.07281],[-97.30589,20.05943],[-97.30183,20.05381],[-97.31028,20.03475],[-97.3071,20.02933],[-97.30959,20.02324],[-97.30357,20.0095],[-97.29706,20.01375],[-97.28998,20.0291],[-97.28186,20.03137],[-97.27482,20.03848],[-97.26559,20.05854],[-97.25512,20.0547],[-97.25036,20.05711],[-97.23246,20.04453],[-97.21068,20.04118],[-97.20359,20.02532],[-97.20716,20.01445],[-97.2251,20.00946],[-97.22529,20.00205],[-97.23469,19.99673],[-97.23817,19.98871],[-97.25279,19.98371],[-97.26067,19.97725],[-97.26873,19.9592],[-97.26925,19.94703],[-97.26357,19.94441],[-97.2606,19.93516],[-97.25581,19.93246],[-97.26316,19.92249],[-97.27012,19.92074],[-97.27138,19.9153],[-97.27299,19.91761],[-97.28097,19.91235],[-97.28644,19.90156],[-97.28869,19.90382],[-97.28979,19.89942],[-97.29182,19.90026],[-97.29527,19.89337],[-97.29042,19.89057],[-97.29058,19.88657],[-97.29993,19.8815],[-97.30188,19.87668],[-97.31104,19.87564],[-97.32224,19.86797],[-97.32053,19.87302],[-97.32827,19.87005],[-97.33459,19.87347],[-97.33599,19.87052],[-97.34053,19.87208],[-97.34583,19.87784],[-97.34903,19.87691],[-97.35511,19.8864],[-97.34649,19.89981],[-97.34705,19.90521],[-97.33956,19.91094],[-97.34125,19.91469],[-97.3315,19.92741],[-97.33922,19.93148],[-97.34447,19.92458],[-97.34373,19.93928],[-97.33558,19.94898],[-97.33571,19.95851],[-97.33952,19.96014],[-97.33885,19.96311],[-97.34536,19.96487],[-97.34585,19.97115],[-97.34988,19.97437],[-97.34745,19.97908],[-97.35812,19.97811],[-97.35328,19.97135],[-97.36138,19.97267],[-97.36227,19.9849],[-97.35807,19.98982],[-97.37154,19.99355],[-97.36704,20.00052],[-97.37008,20.00758],[-97.36575,20.02717],[-97.37521,20.03493],[-97.37177,20.03692],[-97.37675,20.05774],[-97.37187,20.07011],[-97.37962,20.08112],[-97.37466,20.08718],[-97.37797,20.09546],[-97.37249,20.0953],[-97.37315,20.10697],[-97.36938,20.1073],[-97.37752,20.12118],[-97.37519,20.13217],[-97.38243,20.13981],[-97.38045,20.14601],[-97.36946,20.15371],[-97.36505,20.14886],[-97.34797,20.14368],[-97.34533,20.14725],[-97.33954,20.14762],[-97.33784,20.1519],[-97.33038,20.1522],[-97.31544,20.20056]]]}},{"type":"Feature","properties":{"code":"21038","stateCode":"21","municipalityCode":"038","name":"Cuapiaxtla de Madero"},"geometry":{"type":"Polygon","coordinates":[[[-97.83946,18.96159],[-97.82138,18.95293],[-97.8258,18.94629],[-97.83849,18.94556],[-97.83876,18.93826],[-97.82597,18.93244],[-97.82711,18.92995],[-97.78634,18.91316],[-97.78884,18.90809],[-97.78851,18.90213],[-97.78584,18.90134],[-97.78762,18.89623],[-97.82418,18.90766],[-97.82943,18.89345],[-97.85589,18.91099],[-97.85679,18.92365],[-97.84374,18.92385],[-97.8412,18.93355],[-97.85599,18.93677],[-97.83894,18.95129],[-97.84426,18.95947],[-97.83946,18.96159]]]}},{"type":"Feature","properties":{"code":"21078","stateCode":"21","municipalityCode":"078","name":"Huitzilan de Serdán"},"geometry":{"type":"Polygon","coordinates":[[[-97.66766,19.99784],[-97.65792,19.99368],[-97.66405,19.98228],[-97.66038,19.97424],[-97.68729,19.95254],[-97.69051,19.93292],[-97.68643,19.92675],[-97.68606,19.91475],[-97.69427,19.91018],[-97.70006,19.91259],[-97.70879,19.89957],[-97.70989,19.89145],[-97.71746,19.89362],[-97.72845,19.89042],[-97.7327,19.90021],[-97.74754,19.89471],[-97.75179,19.90076],[-97.75081,19.90419],[-97.76461,19.90876],[-97.76538,19.92623],[-97.76121,19.93021],[-97.76524,19.93971],[-97.7741,19.94618],[-97.75759,19.94623],[-97.74625,19.93955],[-97.7381,19.9413],[-97.73335,19.94452],[-97.73771,19.94889],[-97.72689,19.95823],[-97.72541,19.97117],[-97.71082,19.98595],[-97.71172,19.99191],[-97.70785,19.99727],[-97.69858,19.99511],[-97.68294,19.9979],[-97.67717,19.99406],[-97.66766,19.99784]]]}},{"type":"Feature","properties":{"code":"21047","stateCode":"21","municipalityCode":"047","name":"Chiautla"},"geometry":{"type":"MultiPolygon","coordinates":[[[[-98.78792,18.2806],[-98.77293,18.2656],[-98.77712,18.25919],[-98.78766,18.26014],[-98.80265,18.25354],[-98.80694,18.25771],[-98.80194,18.2738],[-98.79294,18.27527],[-98.78792,18.2806]]],[[[-98.65895,18.45997],[-98.66171,18.45336],[-98.68586,18.44127],[-98.68438,18.43819],[-98.68687,18.43635],[-98.67732,18.43453],[-98.67646,18.43772],[-98.66745,18.43933],[-98.65304,18.42869],[-98.64718,18.42722],[-98.64488,18.43129],[-98.63397,18.42158],[-98.62352,18.39803],[-98.61024,18.41025],[-98.59842,18.41281],[-98.58907,18.42085],[-98.59279,18.42585],[-98.58804,18.42806],[-98.58019,18.42139],[-98.56207,18.41862],[-98.55218,18.3991],[-98.53441,18.40417],[-98.52766,18.40277],[-98.52836,18.40788],[-98.5232,18.40858],[-98.5116,18.4012],[-98.50506,18.40098],[-98.51173,18.38765],[-98.53128,18.39339],[-98.54106,18.3884],[-98.54339,18.37907],[-98.53109,18.37798],[-98.52113,18.38145],[-98.51796,18.37588],[-98.5107,18.3724],[-98.50941,18.36474],[-98.50128,18.3568],[-98.48115,18.3538],[-98.48022,18.34263],[-98.47067,18.33342],[-98.46529,18.3359],[-98.45801,18.33401],[-98.45443,18.33933],[-98.45557,18.33416],[-98.44972,18.33539],[-98.44431,18.32943],[-98.43274,18.33292],[-98.43143,18.3279],[-98.4189,18.32149],[-98.41715,18.31722],[-98.42167,18.31534],[-98.42761,18.31823],[-98.43034,18.31302],[-98.43235,18.31595],[-98.43622,18.31376],[-98.4425,18.31604],[-98.43378,18.30911],[-98.42854,18.31012],[-98.42693,18.3047],[-98.43491,18.30487],[-98.42612,18.29739],[-98.43125,18.29497],[-98.43431,18.27939],[-98.41823,18.2803],[-98.40873,18.2852],[-98.40382,18.28199],[-98.39688,18.28457],[-98.38537,18.28135],[-98.38191,18.27561],[-98.38726,18.2706],[-98.39951,18.27299],[-98.41033,18.26687],[-98.40701,18.26166],[-98.3965,18.25822],[-98.39748,18.25001],[-98.40389,18.2473],[-98.41249,18.25252],[-98.44064,18.25792],[-98.44342,18.26109],[-98.45401,18.25742],[-98.45258,18.24927],[-98.45746,18.24165],[-98.46247,18.24124],[-98.45753,18.23889],[-98.45955,18.23328],[-98.46489,18.23757],[-98.47051,18.23245],[-98.46592,18.22694],[-98.4764,18.21892],[-98.48186,18.22347],[-98.48443,18.22031],[-98.47098,18.21046],[-98.46859,18.20307],[-98.47942,18.20158],[-98.48883,18.20555],[-98.48951,18.19842],[-98.49546,18.19408],[-98.49011,18.1931],[-98.49097,18.18924],[-98.50069,18.18362],[-98.50742,18.18578],[-98.50876,18.19],[-98.51517,18.1872],[-98.5137,18.17998],[-98.51966,18.1706],[-98.51749,18.16765],[-98.50826,18.17068],[-98.51225,18.1636],[-98.52478,18.166],[-98.53942,18.15894],[-98.54458,18.16279],[-98.55893,18.15284],[-98.56027,18.14535],[-98.56518,18.14371],[-98.56954,18.14633],[-98.57648,18.16126],[-98.57681,18.15664],[-98.581,18.15385],[-98.5797,18.14437],[-98.59349,18.14631],[-98.59837,18.13999],[-98.59825,18.12818],[-98.59186,18.12326],[-98.59182,18.10646],[-98.6,18.10897],[-98.60405,18.11571],[-98.61831,18.10978],[-98.62237,18.1148],[-98.62933,18.11713],[-98.6312,18.114],[-98.64265,18.12134],[-98.65347,18.1186],[-98.65423,18.12601],[-98.66325,18.1208],[-98.67234,18.1254],[-98.67072,18.13425],[-98.66015,18.14707],[-98.65259,18.14988],[-98.6492,18.17058],[-98.65269,18.1734],[-98.65276,18.16919],[-98.66679,18.16463],[-98.67503,18.15594],[-98.67795,18.17242],[-98.67179,18.17967],[-98.67555,18.18247],[-98.68702,18.18125],[-98.69901,18.18883],[-98.69437,18.17104],[-98.69153,18.17101],[-98.69306,18.16254],[-98.70144,18.15346],[-98.70872,18.15131],[-98.71697,18.15499],[-98.72715,18.14966],[-98.73242,18.15135],[-98.73249,18.1565],[-98.73862,18.16523],[-98.74345,18.16455],[-98.7457,18.17079],[-98.73431,18.18618],[-98.73566,18.19522],[-98.75709,18.20953],[-98.75652,18.21348],[-98.76102,18.21754],[-98.75654,18.2234],[-98.76387,18.23023],[-98.76087,18.23716],[-98.73474,18.24049],[-98.72876,18.24548],[-98.72273,18.24548],[-98.7185,18.25102],[-98.71443,18.24871],[-98.71887,18.26478],[-98.71787,18.27201],[-98.72112,18.27635],[-98.71933,18.27828],[-98.72381,18.2846],[-98.71771,18.2882],[-98.71892,18.28988],[-98.71112,18.28679],[-98.72648,18.301],[-98.73236,18.31097],[-98.74064,18.31445],[-98.75318,18.31033],[-98.74944,18.32491],[-98.76175,18.32366],[-98.76301,18.33098],[-98.77068,18.34188],[-98.76671,18.34297],[-98.76115,18.36188],[-98.76532,18.37018],[-98.74859,18.37261],[-98.73809,18.35558],[-98.73471,18.35624],[-98.72258,18.34445],[-98.7195,18.33447],[-98.69948,18.33017],[-98.69563,18.32635],[-98.70019,18.31346],[-98.68917,18.3159],[-98.67914,18.32898],[-98.67399,18.3275],[-98.6718,18.33634],[-98.65927,18.34645],[-98.65089,18.3434],[-98.64787,18.35194],[-98.65456,18.35669],[-98.65807,18.37025],[-98.66055,18.37312],[-98.67131,18.37396],[-98.66729,18.38337],[-98.67255,18.3887],[-98.67402,18.39813],[-98.68225,18.40822],[-98.68511,18.40175],[-98.68785,18.40859],[-98.69383,18.40909],[-98.69212,18.41933],[-98.6995,18.41886],[-98.699,18.41455],[-98.7073,18.41563],[-98.71058,18.41208],[-98.7089,18.409],[-98.71401,18.41029],[-98.71599,18.41971],[-98.71296,18.42184],[-98.71701,18.42549],[-98.71609,18.43328],[-98.72695,18.43953],[-98.71348,18.44556],[-98.70497,18.44531],[-98.70159,18.44766],[-98.70356,18.4523],[-98.69861,18.45433],[-98.69403,18.45139],[-98.67275,18.46169],[-98.67493,18.45506],[-98.66559,18.4621],[-98.65895,18.45997]]]]}},{"type":"Feature","properties":{"code":"21048","stateCode":"21","municipalityCode":"048","name":"Chiautzingo"},"geometry":{"type":"Polygon","coordinates":[[[-98.47564,19.23941],[-98.46638,19.23267],[-98.45545,19.23416],[-98.451,19.22809],[-98.4425,19.23352],[-98.43885,19.21655],[-98.44109,19.19967],[-98.45419,19.19227],[-98.46253,19.1913],[-98.49204,19.16859],[-98.54986,19.1607],[-98.54628,19.16562],[-98.5553,19.16565],[-98.56046,19.16149],[-98.5688,19.16186],[-98.57076,19.15872],[-98.57329,19.16189],[-98.58386,19.16289],[-98.58873,19.16762],[-98.58718,19.17073],[-98.59013,19.17524],[-98.57901,19.17731],[-98.57413,19.18233],[-98.60032,19.19446],[-98.58259,19.19623],[-98.59041,19.19919],[-98.5802,19.20874],[-98.56145,19.21343],[-98.56316,19.20974],[-98.55746,19.20911],[-98.54063,19.21567],[-98.54618,19.20849],[-98.5433,19.20667],[-98.54526,19.20453],[-98.52235,19.20827],[-98.50818,19.22253],[-98.50043,19.21941],[-98.49673,19.22347],[-98.49527,19.22115],[-98.48028,19.23844],[-98.47564,19.23941]]]}},{"type":"Feature","properties":{"code":"21049","stateCode":"21","municipalityCode":"049","name":"Chiconcuautla"},"geometry":{"type":"Polygon","coordinates":[[[-97.98069,20.14508],[-97.97319,20.13368],[-97.96657,20.13563],[-97.96389,20.13234],[-97.95495,20.13113],[-97.94577,20.1346],[-97.94344,20.13938],[-97.93898,20.12937],[-97.9361,20.13454],[-97.92999,20.13607],[-97.92977,20.11063],[-97.92182,20.11003],[-97.91146,20.09635],[-97.90224,20.09618],[-97.89241,20.09065],[-97.89779,20.08955],[-97.89782,20.08451],[-97.90858,20.07837],[-97.91048,20.07139],[-97.91633,20.06737],[-97.93688,20.05957],[-97.9566,20.05795],[-97.95999,20.05382],[-97.97427,20.04835],[-97.98513,20.03593],[-97.992,20.03602],[-97.99354,20.03217],[-98.00045,20.03287],[-98.00389,20.02747],[-98.00955,20.0289],[-98.00344,20.03377],[-98.00626,20.04366],[-98.01049,20.04541],[-98.01044,20.05759],[-98.02215,20.06627],[-98.01715,20.08262],[-98.00737,20.08425],[-97.99401,20.09641],[-98.00584,20.10641],[-98.02338,20.10659],[-98.01683,20.11337],[-98.01125,20.11379],[-98.00044,20.12562],[-97.98981,20.12556],[-97.98963,20.13527],[-97.98377,20.13715],[-97.98494,20.14349],[-97.98069,20.14508]]]}},{"type":"Feature","properties":{"code":"21080","stateCode":"21","municipalityCode":"080","name":"Atlequizayan"},"geometry":{"type":"Polygon","coordinates":[[[-97.62631,20.04506],[-97.61954,20.03883],[-97.61959,20.02353],[-97.61673,20.0259],[-97.61076,20.01883],[-97.61662,20.01622],[-97.61545,20.0017],[-97.62026,19.99103],[-97.62756,19.98642],[-97.63849,19.99042],[-97.63055,19.99677],[-97.64326,20.00222],[-97.63986,20.01378],[-97.63165,20.01216],[-97.63996,20.02192],[-97.63544,20.03829],[-97.62631,20.04506]]]}},{"type":"Feature","properties":{"code":"21132","stateCode":"21","municipalityCode":"132","name":"San Martín Texmelucan"},"geometry":{"type":"Polygon","coordinates":[[[-98.42744,19.32719],[-98.4207,19.31995],[-98.40772,19.31593],[-98.41009,19.29134],[-98.40176,19.28788],[-98.40133,19.2824],[-98.38127,19.26289],[-98.37727,19.24746],[-98.3704,19.23602],[-98.36455,19.23313],[-98.36908,19.22579],[-98.37349,19.22899],[-98.4052,19.20423],[-98.40692,19.23052],[-98.41587,19.23075],[-98.41663,19.2271],[-98.42349,19.22966],[-98.42678,19.23523],[-98.44596,19.23337],[-98.451,19.22809],[-98.4556,19.23422],[-98.46638,19.23267],[-98.47564,19.23941],[-98.47912,19.23853],[-98.4701,19.24419],[-98.46842,19.26194],[-98.462,19.27156],[-98.47131,19.2721],[-98.47205,19.27588],[-98.47592,19.2734],[-98.47755,19.27943],[-98.47193,19.28444],[-98.4894,19.28405],[-98.4897,19.28974],[-98.49273,19.28945],[-98.47564,19.2941],[-98.47938,19.30003],[-98.47381,19.29913],[-98.46746,19.30464],[-98.46566,19.31579],[-98.45985,19.31559],[-98.45723,19.3191],[-98.45816,19.32449],[-98.45135,19.32268],[-98.44317,19.32768],[-98.44127,19.32525],[-98.42744,19.32719]]]}},{"type":"Feature","properties":{"code":"21216","stateCode":"21","municipalityCode":"216","name":"Zoquiapan"},"geometry":{"type":"MultiPolygon","coordinates":[[[[-97.59306,20.03117],[-97.58573,20.01492],[-97.57616,20.01881],[-97.57961,19.99787],[-97.5877,19.99844],[-97.59268,19.99168],[-97.60166,19.99139],[-97.60286,19.98481],[-97.60789,19.98342],[-97.61912,19.99497],[-97.61545,20.0017],[-97.61662,20.01622],[-97.61079,20.01843],[-97.6138,20.02783],[-97.61132,20.03115],[-97.60007,20.02806],[-97.59306,20.03117]]],[[[-97.46866,20.13164],[-97.46407,20.11628],[-97.45432,20.11808],[-97.44766,20.11534],[-97.44935,20.09834],[-97.45456,20.10056],[-97.45813,20.09694],[-97.4573,20.10055],[-97.46608,20.10594],[-97.46366,20.11046],[-97.46553,20.1146],[-97.46911,20.11436],[-97.47102,20.11957],[-97.47588,20.12094],[-97.47256,20.12946],[-97.46866,20.13164]]]]}},{"type":"Feature","properties":{"code":"21072","stateCode":"21","municipalityCode":"072","name":"Huehuetla"},"geometry":{"type":"MultiPolygon","coordinates":[[[[-97.60622,20.05498],[-97.5938,20.0508],[-97.59059,20.03308],[-97.60007,20.02806],[-97.61178,20.03107],[-97.61439,20.02453],[-97.61759,20.02619],[-97.61959,20.02353],[-97.61954,20.03883],[-97.62494,20.04167],[-97.61977,20.04581],[-97.61923,20.05187],[-97.60927,20.05889],[-97.60622,20.05498]]],[[[-97.62127,20.17213],[-97.60449,20.16687],[-97.60838,20.15164],[-97.60532,20.14183],[-97.60098,20.14129],[-97.60506,20.13172],[-97.60274,20.11931],[-97.5875,20.11235],[-97.58741,20.10859],[-97.58208,20.10904],[-97.57865,20.10252],[-97.58015,20.09694],[-97.58458,20.09475],[-97.58788,20.09766],[-97.60174,20.09881],[-97.60916,20.09028],[-97.61307,20.0918],[-97.6172,20.08814],[-97.62561,20.076],[-97.63458,20.07797],[-97.66124,20.07196],[-97.65496,20.09499],[-97.64761,20.1004],[-97.65139,20.11111],[-97.64283,20.1079],[-97.6409,20.1104],[-97.64458,20.12001],[-97.63602,20.11938],[-97.63721,20.13739],[-97.62272,20.14097],[-97.62865,20.14348],[-97.62641,20.15287],[-97.623,20.15357],[-97.62566,20.15835],[-97.62266,20.16615],[-97.62498,20.16861],[-97.62127,20.17213]]]]}},{"type":"Feature","properties":{"code":"21068","stateCode":"21","municipalityCode":"068","name":"Hermenegildo Galeana"},"geometry":{"type":"Polygon","coordinates":[[[-97.72271,20.16997],[-97.71031,20.16252],[-97.70448,20.15492],[-97.69616,20.1538],[-97.6992,20.14701],[-97.69636,20.1445],[-97.69936,20.14277],[-97.69604,20.13963],[-97.70155,20.13786],[-97.7009,20.12705],[-97.69512,20.1211],[-97.70026,20.10981],[-97.69863,20.10697],[-97.71006,20.09574],[-97.71375,20.09673],[-97.71333,20.09369],[-97.71723,20.09141],[-97.7212,20.09294],[-97.7252,20.09004],[-97.72893,20.08336],[-97.73204,20.08316],[-97.73296,20.07553],[-97.7407,20.07408],[-97.74059,20.06893],[-97.75285,20.0685],[-97.76775,20.0737],[-97.77262,20.08351],[-97.76248,20.08718],[-97.75286,20.0996],[-97.76207,20.11163],[-97.76196,20.1197],[-97.76535,20.12327],[-97.75615,20.12675],[-97.75126,20.13815],[-97.7439,20.13827],[-97.74424,20.14427],[-97.72994,20.15501],[-97.72962,20.16283],[-97.72271,20.16997]]]}},{"type":"Feature","properties":{"code":"21171","stateCode":"21","municipalityCode":"171","name":"Tepeyahualco de Cuauhtémoc"},"geometry":{"type":"Polygon","coordinates":[[[-97.87706,18.83569],[-97.86879,18.82675],[-97.85275,18.82169],[-97.85453,18.81221],[-97.84613,18.8123],[-97.84374,18.79402],[-97.8538,18.79545],[-97.8569,18.78359],[-97.87234,18.78671],[-97.88546,18.79725],[-97.88451,18.80595],[-97.88895,18.80752],[-97.88086,18.81738],[-97.88004,18.8319],[-97.87706,18.83569]]]}},{"type":"Feature","properties":{"code":"21062","stateCode":"21","municipalityCode":"062","name":"Epatlán"},"geometry":{"type":"Polygon","coordinates":[[[-98.39136,18.66736],[-98.38479,18.65808],[-98.38074,18.65949],[-98.38178,18.65597],[-98.37751,18.65208],[-98.36171,18.65314],[-98.36766,18.64708],[-98.36455,18.64154],[-98.35459,18.64254],[-98.34026,18.63465],[-98.33709,18.6295],[-98.35028,18.63221],[-98.35426,18.61923],[-98.35164,18.61254],[-98.34014,18.60915],[-98.33714,18.59184],[-98.35288,18.58429],[-98.36416,18.57021],[-98.37357,18.56747],[-98.37627,18.56302],[-98.38401,18.56604],[-98.38734,18.5731],[-98.38484,18.58067],[-98.39976,18.58934],[-98.39428,18.6],[-98.41019,18.60551],[-98.3957,18.63699],[-98.39744,18.64098],[-98.40468,18.6398],[-98.41447,18.64466],[-98.41519,18.65407],[-98.39136,18.66736]]]}},{"type":"Feature","properties":{"code":"21061","stateCode":"21","municipalityCode":"061","name":"Eloxochitlán"},"geometry":{"type":"Polygon","coordinates":[[[-96.95206,18.55309],[-96.92594,18.53493],[-96.90962,18.53981],[-96.90672,18.54685],[-96.89925,18.54865],[-96.88588,18.53344],[-96.87899,18.53748],[-96.87593,18.53509],[-96.87749,18.53175],[-96.87351,18.52323],[-96.87107,18.52191],[-96.86653,18.52669],[-96.86325,18.51613],[-96.8673,18.5146],[-96.86208,18.51089],[-96.85647,18.51135],[-96.85378,18.50628],[-96.84633,18.50538],[-96.84277,18.50167],[-96.84236,18.49339],[-96.86343,18.48253],[-96.86829,18.48564],[-96.87545,18.48165],[-96.87415,18.47171],[-96.88002,18.47368],[-96.88767,18.48379],[-96.89052,18.47968],[-96.8988,18.47986],[-96.89937,18.48727],[-96.90382,18.49334],[-96.91546,18.4844],[-96.91994,18.48426],[-96.91794,18.47572],[-96.92595,18.46461],[-96.93444,18.46438],[-96.94841,18.45141],[-96.99311,18.50597],[-96.9962,18.52561],[-96.99624,18.52851],[-96.97379,18.53676],[-96.97817,18.54068],[-96.97681,18.54308],[-96.96521,18.54166],[-96.96446,18.54703],[-96.95206,18.55309]]]}},{"type":"Feature","properties":{"code":"21060","stateCode":"21","municipalityCode":"060","name":"Domingo Arenas"},"geometry":{"type":"Polygon","coordinates":[[[-98.44843,19.1487],[-98.44533,19.14446],[-98.43551,19.14816],[-98.42603,19.14736],[-98.42615,19.14345],[-98.43205,19.13826],[-98.41438,19.13606],[-98.41739,19.13102],[-98.4111,19.12336],[-98.41226,19.11672],[-98.42401,19.11241],[-98.44611,19.122],[-98.45602,19.12108],[-98.46312,19.12441],[-98.4609,19.1337],[-98.47845,19.14252],[-98.47542,19.14672],[-98.46198,19.14465],[-98.44843,19.1487]]]}},{"type":"Feature","properties":{"code":"21181","stateCode":"21","municipalityCode":"181","name":"Tlaltenango"},"geometry":{"type":"Polygon","coordinates":[[[-98.34542,19.19201],[-98.3398,19.18598],[-98.34271,19.17794],[-98.3252,19.17002],[-98.31825,19.16267],[-98.31825,19.14694],[-98.32367,19.13465],[-98.34268,19.13527],[-98.3439,19.13313],[-98.37456,19.14498],[-98.37123,19.14962],[-98.36766,19.14854],[-98.35499,19.17914],[-98.34542,19.19201]]]}},{"type":"Feature","properties":{"code":"21044","stateCode":"21","municipalityCode":"044","name":"Cuyoaco"},"geometry":{"type":"Polygon","coordinates":[[[-97.51092,19.70571],[-97.50167,19.70178],[-97.50338,19.6899],[-97.49755,19.6839],[-97.49957,19.67203],[-97.49423,19.66421],[-97.4972,19.6599],[-97.4943,19.65368],[-97.48748,19.65155],[-97.48323,19.64234],[-97.47996,19.64413],[-97.47501,19.64087],[-97.48366,19.62476],[-97.48449,19.6171],[-97.49391,19.61025],[-97.48775,19.60892],[-97.50183,19.58374],[-97.49785,19.57434],[-97.5032,19.56126],[-97.49789,19.55456],[-97.5025,19.51975],[-97.51688,19.51777],[-97.52286,19.52154],[-97.52953,19.52037],[-97.53658,19.52984],[-97.56244,19.49645],[-97.55067,19.48416],[-97.5488,19.47559],[-97.55767,19.46447],[-97.56617,19.46248],[-97.5726,19.47291],[-97.56137,19.48292],[-97.56714,19.49361],[-97.58149,19.49402],[-97.57799,19.5102],[-97.58999,19.51213],[-97.59417,19.51758],[-97.60647,19.51306],[-97.60945,19.51873],[-97.62341,19.50683],[-97.63169,19.51401],[-97.62761,19.51777],[-97.6294,19.52976],[-97.63205,19.53143],[-97.62004,19.53803],[-97.62862,19.56237],[-97.6266,19.56786],[-97.63228,19.56499],[-97.63141,19.56284],[-97.64498,19.56135],[-97.64756,19.58048],[-97.65108,19.58644],[-97.65861,19.59136],[-97.67276,19.59176],[-97.6808,19.58833],[-97.68176,19.59642],[-97.69414,19.60286],[-97.69208,19.60741],[-97.69445,19.61285],[-97.70174,19.61051],[-97.705,19.61921],[-97.69618,19.62174],[-97.69499,19.61818],[-97.6933,19.61787],[-97.68903,19.62139],[-97.68427,19.632],[-97.68617,19.64355],[-97.6798,19.63826],[-97.67048,19.65364],[-97.65529,19.64087],[-97.6268,19.64081],[-97.6193,19.65519],[-97.62134,19.67606],[-97.61554,19.68697],[-97.60828,19.69056],[-97.61067,19.68079],[-97.60639,19.67842],[-97.59846,19.68821],[-97.59894,19.63654],[-97.55884,19.6763],[-97.53383,19.68503],[-97.52882,19.69165],[-97.5246,19.69001],[-97.52336,19.69244],[-97.5168,19.68881],[-97.51092,19.70571]]]}},{"type":"Feature","properties":{"code":"21036","stateCode":"21","municipalityCode":"036","name":"Coyomeapan"},"geometry":{"type":"Polygon","coordinates":[[[-96.88815,18.38165],[-96.87744,18.37589],[-96.87365,18.36866],[-96.86248,18.36068],[-96.86844,18.357],[-96.85046,18.34341],[-96.84659,18.33187],[-96.86294,18.3115],[-96.85643,18.29622],[-96.87538,18.29455],[-96.88757,18.30428],[-96.90267,18.29651],[-96.90556,18.29038],[-96.90014,18.27359],[-96.912,18.2683],[-96.9074,18.2574],[-96.89942,18.25],[-96.91305,18.23854],[-96.9153,18.23131],[-96.91902,18.23242],[-96.9201,18.24005],[-96.92614,18.23793],[-96.93086,18.23134],[-96.93257,18.22121],[-96.93686,18.22113],[-96.93684,18.21603],[-96.93923,18.22022],[-96.95246,18.22003],[-96.9635,18.22911],[-96.97414,18.23244],[-96.99148,18.23074],[-96.99878,18.22734],[-97.00238,18.2135],[-97.02499,18.18979],[-97.02563,18.19704],[-97.02913,18.20004],[-97.0157,18.20877],[-97.02266,18.2197],[-97.04455,18.21234],[-97.05217,18.21478],[-97.0604,18.21112],[-97.0716,18.21109],[-97.06082,18.22344],[-97.06255,18.2297],[-97.08347,18.23993],[-97.10041,18.25695],[-97.09749,18.26403],[-97.08781,18.27226],[-97.08468,18.28568],[-97.06616,18.29746],[-97.06881,18.30316],[-97.06685,18.30596],[-97.05588,18.29657],[-97.05159,18.28296],[-97.04724,18.28416],[-97.03598,18.27757],[-97.02099,18.27779],[-97.00457,18.29007],[-97.00353,18.29248],[-97.00864,18.29637],[-96.9955,18.30307],[-96.99804,18.30615],[-96.99435,18.30615],[-96.98268,18.32111],[-96.97153,18.31933],[-96.96166,18.31149],[-96.94196,18.3255],[-96.93728,18.34538],[-96.93331,18.34353],[-96.92727,18.34591],[-96.91978,18.35578],[-96.92489,18.35918],[-96.92555,18.36633],[-96.90397,18.3705],[-96.88815,18.38165]]]}},{"type":"Feature","properties":{"code":"21191","stateCode":"21","municipalityCode":"191","name":"Tulcingo"},"geometry":{"type":"Polygon","coordinates":[[[-98.46325,18.09112],[-98.4573,18.08862],[-98.45334,18.07437],[-98.43816,18.06342],[-98.4054,18.06405],[-98.39731,18.06696],[-98.39575,18.06245],[-98.3891,18.0675],[-98.38774,18.07442],[-98.38352,18.07582],[-98.36762,18.05931],[-98.3543,18.05724],[-98.36288,18.04225],[-98.3729,18.04185],[-98.37519,18.03357],[-98.37009,18.02269],[-98.37242,18.01323],[-98.36033,18.01325],[-98.36694,18.00089],[-98.37541,17.99883],[-98.37085,17.99537],[-98.36371,17.99966],[-98.35,17.99595],[-98.34311,17.9993],[-98.34029,17.99652],[-98.34384,17.99778],[-98.34558,17.99742],[-98.34859,17.99258],[-98.34773,17.98628],[-98.35196,17.98265],[-98.34025,17.98625],[-98.33477,17.98256],[-98.33335,17.98507],[-98.32307,17.98544],[-98.32945,17.9807],[-98.31977,17.97959],[-98.31656,17.97613],[-98.31862,17.97047],[-98.31664,17.96735],[-98.29882,17.95876],[-98.30388,17.95538],[-98.31324,17.95802],[-98.30601,17.9415],[-98.31167,17.93318],[-98.30692,17.92373],[-98.30732,17.91407],[-98.30031,17.91632],[-98.29794,17.91143],[-98.30341,17.90086],[-98.3024,17.89271],[-98.3159,17.88957],[-98.31677,17.8864],[-98.32017,17.88787],[-98.32984,17.87872],[-98.34907,17.89317],[-98.36286,17.88163],[-98.37022,17.87991],[-98.37077,17.88264],[-98.3826,17.88367],[-98.38973,17.8771],[-98.38928,17.86989],[-98.39809,17.86549],[-98.39876,17.86091],[-98.42498,17.86603],[-98.42356,17.87963],[-98.4265,17.8903],[-98.42423,17.89224],[-98.42937,17.8926],[-98.43356,17.88895],[-98.43552,17.89141],[-98.43236,17.90133],[-98.43444,17.90837],[-98.43923,17.919],[-98.445,17.9223],[-98.43247,17.9261],[-98.42417,17.93824],[-98.42298,17.94933],[-98.43168,17.96278],[-98.43273,17.972],[-98.43191,17.97694],[-98.42781,17.97462],[-98.42509,17.97693],[-98.43276,17.9839],[-98.44019,17.98198],[-98.44814,17.99071],[-98.47147,17.99178],[-98.47639,17.98104],[-98.48172,17.98396],[-98.4868,17.9908],[-98.48069,18.00284],[-98.486,18.01157],[-98.48313,18.01492],[-98.48952,18.01666],[-98.49074,18.02109],[-98.48576,18.02509],[-98.48737,18.03146],[-98.48488,18.0351],[-98.50124,18.04575],[-98.49628,18.05801],[-98.49576,18.07009],[-98.49091,18.06102],[-98.48615,18.06305],[-98.4783,18.08469],[-98.46325,18.09112]]]}},{"type":"Feature","properties":{"code":"21215","stateCode":"21","municipalityCode":"215","name":"Zongozotla"},"geometry":{"type":"Polygon","coordinates":[[[-97.70821,19.99995],[-97.71082,19.98595],[-97.72541,19.97117],[-97.72696,19.95812],[-97.73771,19.94889],[-97.73335,19.94452],[-97.74493,19.93949],[-97.76172,19.94631],[-97.75677,19.95462],[-97.76461,19.95965],[-97.75733,19.96342],[-97.76401,19.97505],[-97.76831,19.97555],[-97.77559,19.96746],[-97.77955,19.9677],[-97.78121,19.95994],[-97.78863,19.96596],[-97.79915,19.96832],[-97.79493,19.97315],[-97.79843,19.97447],[-97.79872,19.97934],[-97.81527,19.98511],[-97.82174,19.98411],[-97.82998,19.99029],[-97.81522,19.99323],[-97.80828,19.99054],[-97.80981,19.99493],[-97.80643,19.99965],[-97.80143,19.99861],[-97.79887,19.99217],[-97.79203,19.98777],[-97.7894,19.98988],[-97.78936,19.99871],[-97.78495,20.00177],[-97.77972,19.99917],[-97.76763,20.00125],[-97.76125,19.99874],[-97.75371,19.98294],[-97.73777,19.9962],[-97.73485,19.98708],[-97.70821,19.99995]]]}},{"type":"Feature","properties":{"code":"21192","stateCode":"21","municipalityCode":"192","name":"Tuzamapan de Galeana"},"geometry":{"type":"Polygon","coordinates":[[[-97.48721,20.16512],[-97.47255,20.1577],[-97.47181,20.14972],[-97.48187,20.14169],[-97.47495,20.1286],[-97.47923,20.12432],[-97.48532,20.13015],[-97.48698,20.12517],[-97.49057,20.12544],[-97.49445,20.10426],[-97.50086,20.10295],[-97.51253,20.09103],[-97.51665,20.0961],[-97.52528,20.09756],[-97.52484,20.10041],[-97.53278,20.09748],[-97.53379,20.09089],[-97.53861,20.08913],[-97.53735,20.08025],[-97.54822,20.06829],[-97.5537,20.07609],[-97.57102,20.06537],[-97.57631,20.04768],[-97.58346,20.04018],[-97.59353,20.04619],[-97.5924,20.06039],[-97.58678,20.06434],[-97.59305,20.07134],[-97.592,20.07689],[-97.57893,20.07943],[-97.57687,20.08463],[-97.57085,20.08192],[-97.56175,20.08558],[-97.56345,20.08998],[-97.55805,20.10691],[-97.55295,20.10093],[-97.54816,20.10119],[-97.54313,20.1057],[-97.53959,20.11601],[-97.52739,20.11488],[-97.52183,20.12197],[-97.5113,20.12501],[-97.50896,20.13068],[-97.49832,20.13349],[-97.49472,20.13785],[-97.49976,20.14303],[-97.49479,20.14619],[-97.50434,20.14898],[-97.50538,20.15394],[-97.48721,20.16512]]]}},{"type":"Feature","properties":{"code":"21193","stateCode":"21","municipalityCode":"193","name":"Tzicatlacoyan"},"geometry":{"type":"Polygon","coordinates":[[[-98.1342,18.91391],[-98.1218,18.90867],[-98.12504,18.90256],[-98.11777,18.9035],[-98.11641,18.91112],[-98.10701,18.91225],[-98.10364,18.90984],[-98.09248,18.9126],[-98.08937,18.91089],[-98.08995,18.90135],[-98.0845,18.90287],[-98.07899,18.89786],[-98.07481,18.90115],[-98.06892,18.8958],[-98.05995,18.89417],[-98.06562,18.88743],[-98.06627,18.88122],[-98.05648,18.88731],[-98.04455,18.88592],[-98.02194,18.87516],[-98.01502,18.86765],[-98.01758,18.86322],[-98.01585,18.85937],[-98.02679,18.84999],[-98.03042,18.85117],[-98.02984,18.83764],[-98.0247,18.83855],[-98.0228,18.83515],[-98.02002,18.83948],[-98.01919,18.8325],[-98.01195,18.83241],[-98.01468,18.82729],[-98.00796,18.83657],[-98.00628,18.82516],[-97.9996,18.82826],[-97.97917,18.82736],[-97.97841,18.82983],[-97.97488,18.82391],[-97.96895,18.83056],[-97.96151,18.82125],[-97.95479,18.82465],[-97.94916,18.82348],[-97.95538,18.81627],[-97.94824,18.81646],[-97.95012,18.81354],[-97.94772,18.81191],[-97.94521,18.81561],[-97.94188,18.81285],[-97.94499,18.81022],[-97.94166,18.80846],[-97.93336,18.81073],[-97.93287,18.80697],[-97.92739,18.81241],[-97.92409,18.78737],[-97.91694,18.77492],[-97.91547,18.76557],[-97.91813,18.7613],[-97.91661,18.74724],[-97.92386,18.73523],[-97.95863,18.71759],[-97.95958,18.72271],[-97.9663,18.72646],[-97.97193,18.73702],[-98.0139,18.74323],[-98.01898,18.75735],[-98.02968,18.7504],[-98.03545,18.75832],[-98.04693,18.76014],[-98.04682,18.76399],[-98.05042,18.76072],[-98.05409,18.76508],[-98.08072,18.7696],[-98.07952,18.77467],[-98.08603,18.78297],[-98.07924,18.78553],[-98.07999,18.79618],[-98.09841,18.7862],[-98.10051,18.77846],[-98.10653,18.78113],[-98.10877,18.77769],[-98.11272,18.78154],[-98.11256,18.79433],[-98.11998,18.80169],[-98.11494,18.80501],[-98.11391,18.81983],[-98.13117,18.80713],[-98.1423,18.80454],[-98.15016,18.80815],[-98.15292,18.8136],[-98.14628,18.82957],[-98.15088,18.84632],[-98.14797,18.84658],[-98.14651,18.85143],[-98.1503,18.85636],[-98.15832,18.85785],[-98.15978,18.86806],[-98.15306,18.87252],[-98.15393,18.87578],[-98.149,18.88229],[-98.14372,18.88193],[-98.13508,18.88941],[-98.13474,18.89521],[-98.14642,18.89458],[-98.14953,18.89736],[-98.14664,18.89934],[-98.15074,18.90627],[-98.14478,18.90591],[-98.14682,18.90913],[-98.13911,18.91261],[-98.13345,18.90963],[-98.1342,18.91391]]]}},{"type":"Feature","properties":{"code":"21173","stateCode":"21","municipalityCode":"173","name":"Teteles de Ávila Castillo"},"geometry":{"type":"Polygon","coordinates":[[[-97.45088,19.87112],[-97.45071,19.86563],[-97.44351,19.86114],[-97.41966,19.86232],[-97.42018,19.85088],[-97.43621,19.84935],[-97.44378,19.84522],[-97.45053,19.84546],[-97.45677,19.85002],[-97.46604,19.84965],[-97.46459,19.83763],[-97.46867,19.83247],[-97.4733,19.83851],[-97.47025,19.84652],[-97.47128,19.85848],[-97.46522,19.86387],[-97.45753,19.86462],[-97.45088,19.87112]]]}},{"type":"Feature","properties":{"code":"21073","stateCode":"21","municipalityCode":"073","name":"Huehuetlán el Chico"},"geometry":{"type":"MultiPolygon","coordinates":[[[[-98.76346,18.28963],[-98.74036,18.28582],[-98.73944,18.28237],[-98.75038,18.26913],[-98.7518,18.26248],[-98.76856,18.26028],[-98.78914,18.28051],[-98.77897,18.29648],[-98.76346,18.28963]]],[[[-98.76006,18.45395],[-98.75349,18.45721],[-98.74759,18.45143],[-98.73808,18.45574],[-98.73462,18.44397],[-98.71609,18.43328],[-98.71701,18.42549],[-98.71296,18.42184],[-98.71599,18.41971],[-98.71401,18.41029],[-98.7089,18.409],[-98.71058,18.41208],[-98.7073,18.41563],[-98.70063,18.41417],[-98.69926,18.41899],[-98.69156,18.41903],[-98.69383,18.40909],[-98.68785,18.40859],[-98.68511,18.40175],[-98.68225,18.40822],[-98.66729,18.38337],[-98.67131,18.37396],[-98.66055,18.37312],[-98.65456,18.35669],[-98.64791,18.35206],[-98.65089,18.3434],[-98.65927,18.34645],[-98.6718,18.33634],[-98.67399,18.3275],[-98.67914,18.32898],[-98.69399,18.31291],[-98.70019,18.31346],[-98.69563,18.32635],[-98.69948,18.33017],[-98.7195,18.33447],[-98.72258,18.34445],[-98.73471,18.35624],[-98.73809,18.35558],[-98.74531,18.36889],[-98.75194,18.37405],[-98.75744,18.37012],[-98.76532,18.37018],[-98.7611,18.3626],[-98.76709,18.34266],[-98.77801,18.34382],[-98.78408,18.34981],[-98.77905,18.3692],[-98.78231,18.37519],[-98.78091,18.3832],[-98.78696,18.39244],[-98.79557,18.39258],[-98.79564,18.41979],[-98.79448,18.4237],[-98.76006,18.44557],[-98.76378,18.45225],[-98.76273,18.45753],[-98.76006,18.45395]]]]}},{"type":"Feature","properties":{"code":"21121","stateCode":"21","municipalityCode":"121","name":"San Diego la Mesa Tochimiltzingo"},"geometry":{"type":"Polygon","coordinates":[[[-98.31648,18.84164],[-98.30847,18.8346],[-98.30701,18.82605],[-98.30198,18.83176],[-98.29992,18.82783],[-98.29335,18.83392],[-98.28233,18.83586],[-98.26536,18.82928],[-98.25711,18.83079],[-98.24859,18.81502],[-98.25246,18.80714],[-98.2578,18.80668],[-98.26173,18.79465],[-98.27594,18.79728],[-98.28648,18.80375],[-98.29164,18.79655],[-98.30549,18.79498],[-98.3033,18.78915],[-98.30591,18.78306],[-98.29989,18.77047],[-98.31216,18.75899],[-98.31802,18.74677],[-98.31345,18.7416],[-98.31768,18.7301],[-98.31074,18.72274],[-98.31522,18.71783],[-98.31466,18.70581],[-98.32023,18.69708],[-98.35682,18.69036],[-98.36546,18.68277],[-98.37409,18.68269],[-98.37545,18.68702],[-98.37258,18.69083],[-98.37528,18.6972],[-98.38494,18.69194],[-98.38372,18.69996],[-98.38814,18.7],[-98.38664,18.70282],[-98.38937,18.70539],[-98.38078,18.71996],[-98.38341,18.72188],[-98.38177,18.73034],[-98.38567,18.7315],[-98.39075,18.74519],[-98.38948,18.7597],[-98.38558,18.76374],[-98.37922,18.76446],[-98.37812,18.76936],[-98.38813,18.78506],[-98.39374,18.78326],[-98.39244,18.79126],[-98.38191,18.80387],[-98.37223,18.80667],[-98.36926,18.81304],[-98.36618,18.81262],[-98.36626,18.80916],[-98.35413,18.80754],[-98.34541,18.81303],[-98.33948,18.81258],[-98.33398,18.82209],[-98.33339,18.83501],[-98.32701,18.84083],[-98.32071,18.83748],[-98.31648,18.84164]]]}},{"type":"Feature","properties":{"code":"21083","stateCode":"21","municipalityCode":"083","name":"Ixtacamaxtitlán"},"geometry":{"type":"Polygon","coordinates":[[[-97.85683,19.74135],[-97.83856,19.73539],[-97.83587,19.71633],[-97.81802,19.70906],[-97.81317,19.70341],[-97.80449,19.70353],[-97.79891,19.6957],[-97.78921,19.71031],[-97.77405,19.7043],[-97.76696,19.69048],[-97.75907,19.68597],[-97.76813,19.67204],[-97.76224,19.66868],[-97.76548,19.66415],[-97.76205,19.65986],[-97.75217,19.66025],[-97.73628,19.65005],[-97.74234,19.6438],[-97.74149,19.63895],[-97.73501,19.64073],[-97.73105,19.63595],[-97.72188,19.63346],[-97.7058,19.63539],[-97.70366,19.62921],[-97.69853,19.62813],[-97.69626,19.62313],[-97.705,19.61921],[-97.70174,19.61051],[-97.69445,19.61285],[-97.69208,19.60741],[-97.69415,19.60202],[-97.71156,19.59319],[-97.71593,19.58358],[-97.714,19.57287],[-97.71758,19.56494],[-97.73161,19.55843],[-97.7189,19.55466],[-97.71289,19.54868],[-97.71546,19.53904],[-97.71813,19.54012],[-97.72259,19.53578],[-97.72114,19.53134],[-97.72506,19.52932],[-97.74027,19.53258],[-97.74992,19.54243],[-97.75116,19.5396],[-97.75541,19.54254],[-97.77135,19.53525],[-97.78306,19.53392],[-97.78697,19.53118],[-97.79315,19.50953],[-97.79043,19.50528],[-97.79454,19.49837],[-97.81257,19.48686],[-97.81475,19.48252],[-97.84611,19.46883],[-97.85942,19.45435],[-97.86227,19.45618],[-97.86082,19.45985],[-97.84735,19.474],[-97.84944,19.48395],[-97.85817,19.49313],[-97.87191,19.49855],[-97.87399,19.50293],[-97.88149,19.4998],[-97.88975,19.50458],[-97.88762,19.51745],[-97.87168,19.53215],[-97.86938,19.54271],[-97.86931,19.55811],[-97.87915,19.5698],[-97.90792,19.57936],[-97.91615,19.59402],[-97.92491,19.58854],[-97.93986,19.58875],[-97.94671,19.58563],[-97.95016,19.58964],[-97.95053,19.60284],[-97.95809,19.60307],[-97.96294,19.61283],[-97.98077,19.62858],[-98.04221,19.64022],[-98.03788,19.64847],[-98.036,19.66508],[-98.03638,19.68552],[-98.03984,19.68951],[-98.04007,19.69959],[-98.03503,19.69829],[-98.0296,19.70139],[-98.01773,19.72342],[-98.01266,19.72703],[-97.98644,19.71463],[-97.97854,19.70494],[-97.96652,19.70254],[-97.96069,19.71047],[-97.94136,19.71146],[-97.94182,19.71838],[-97.92176,19.72445],[-97.92025,19.72163],[-97.91851,19.72625],[-97.91906,19.72181],[-97.90735,19.72412],[-97.90361,19.72031],[-97.90377,19.72454],[-97.90128,19.723],[-97.90122,19.72961],[-97.89827,19.7311],[-97.88044,19.71775],[-97.87807,19.71983],[-97.88508,19.73786],[-97.87141,19.73214],[-97.85683,19.74135]]]}},{"type":"Feature","properties":{"code":"21081","stateCode":"21","municipalityCode":"081","name":"Ixcamilpa de Guerrero"},"geometry":{"type":"Polygon","coordinates":[[[-98.75528,18.12304],[-98.74179,18.11302],[-98.71851,18.11848],[-98.70691,18.10559],[-98.70398,18.11317],[-98.70015,18.11295],[-98.6927,18.08731],[-98.69768,18.07651],[-98.69567,18.07162],[-98.68378,18.0718],[-98.67721,18.06389],[-98.67764,18.05423],[-98.67339,18.06299],[-98.66576,18.06362],[-98.66304,18.05496],[-98.66564,18.05326],[-98.6632,18.04829],[-98.66143,18.04955],[-98.66155,18.04443],[-98.64696,18.03635],[-98.63599,18.03658],[-98.63167,18.05098],[-98.62458,18.05005],[-98.6183,18.04278],[-98.61162,18.04355],[-98.60648,18.0383],[-98.57977,18.04582],[-98.57503,18.05291],[-98.56576,18.05404],[-98.56375,18.04905],[-98.55538,18.04953],[-98.55176,18.04182],[-98.55597,18.02498],[-98.56322,18.02366],[-98.5712,18.02733],[-98.5741,18.02349],[-98.58069,18.0244],[-98.58127,18.0132],[-98.58784,18.01006],[-98.59596,18.01327],[-98.60099,18.02366],[-98.60694,18.02429],[-98.61059,18.02973],[-98.61629,18.03102],[-98.61704,18.02442],[-98.62121,18.02708],[-98.6196,18.0222],[-98.62721,18.02204],[-98.62817,18.01364],[-98.62498,18.00766],[-98.6158,18.00411],[-98.61893,17.99555],[-98.61395,17.99353],[-98.61672,17.99123],[-98.61532,17.98557],[-98.62057,17.98475],[-98.62243,17.98019],[-98.61552,17.97712],[-98.61509,17.97112],[-98.60959,17.97319],[-98.60986,17.99613],[-98.59122,17.9929],[-98.58157,17.9995],[-98.58217,17.99028],[-98.58973,17.98364],[-98.58251,17.98054],[-98.58461,17.97414],[-98.59519,17.96563],[-98.59321,17.96036],[-98.59632,17.95906],[-98.59776,17.96322],[-98.60638,17.96032],[-98.62205,17.94171],[-98.62351,17.94466],[-98.63298,17.94353],[-98.64033,17.93532],[-98.65158,17.93328],[-98.6512,17.93617],[-98.66201,17.94321],[-98.67295,17.94327],[-98.6731,17.9503],[-98.68509,17.95589],[-98.6881,17.96194],[-98.70012,17.95448],[-98.70595,17.95561],[-98.70955,17.95953],[-98.70884,17.96754],[-98.71198,17.96921],[-98.71345,17.96663],[-98.71703,17.9736],[-98.73183,17.98255],[-98.74596,17.98606],[-98.74977,17.9835],[-98.75067,17.98676],[-98.75482,17.98705],[-98.75464,17.99073],[-98.76695,17.98927],[-98.80169,18.003],[-98.81101,18.00083],[-98.81588,18.00299],[-98.81311,18.01153],[-98.80588,18.01511],[-98.80126,18.02205],[-98.79407,18.02398],[-98.78571,18.02056],[-98.7671,18.01961],[-98.76426,18.02524],[-98.74414,18.03333],[-98.73568,18.04556],[-98.75547,18.0472],[-98.75914,18.04468],[-98.76419,18.05026],[-98.77263,18.04892],[-98.77901,18.05699],[-98.79108,18.05848],[-98.79707,18.06265],[-98.80034,18.05308],[-98.80635,18.05423],[-98.8113,18.05063],[-98.8141,18.05637],[-98.813,18.06488],[-98.87071,18.0582],[-98.86018,18.09232],[-98.82977,18.11453],[-98.83004,18.12183],[-98.82325,18.11828],[-98.80619,18.1225],[-98.77998,18.1097],[-98.77036,18.11339],[-98.7671,18.12063],[-98.75528,18.12304]]]}},{"type":"Feature","properties":{"code":"21075","stateCode":"21","municipalityCode":"075","name":"Hueyapan"},"geometry":{"type":"Polygon","coordinates":[[[-97.39618,19.99875],[-97.38612,19.99237],[-97.37155,19.99486],[-97.37076,19.99205],[-97.35807,19.98982],[-97.36231,19.9847],[-97.36001,19.97579],[-97.3638,19.96107],[-97.3609,19.95775],[-97.36499,19.94889],[-97.36058,19.93935],[-97.36325,19.92492],[-97.36012,19.91462],[-97.36873,19.90916],[-97.36941,19.90187],[-97.37718,19.90309],[-97.38574,19.89634],[-97.39357,19.8973],[-97.39877,19.88465],[-97.40391,19.88115],[-97.40402,19.87613],[-97.39979,19.87186],[-97.40765,19.87024],[-97.41536,19.86243],[-97.44351,19.86114],[-97.44656,19.87317],[-97.45621,19.87644],[-97.45212,19.88275],[-97.44986,19.89787],[-97.44022,19.91132],[-97.43827,19.92367],[-97.43196,19.92352],[-97.42421,19.93045],[-97.41294,19.9332],[-97.41412,19.94034],[-97.40731,19.94004],[-97.40529,19.94891],[-97.3969,19.95018],[-97.39153,19.9585],[-97.39452,19.96122],[-97.39127,19.97316],[-97.39802,19.98435],[-97.39185,19.99143],[-97.39618,19.99875]]]}},{"type":"Feature","properties":{"code":"21074","stateCode":"21","municipalityCode":"074","name":"Huejotzingo"},"geometry":{"type":"Polygon","coordinates":[[[-98.42656,19.23517],[-98.42349,19.22966],[-98.41663,19.2271],[-98.41587,19.23075],[-98.40615,19.23011],[-98.4052,19.20423],[-98.37349,19.22899],[-98.35441,19.22086],[-98.34416,19.2053],[-98.33494,19.20447],[-98.33068,19.20015],[-98.33984,19.18612],[-98.34542,19.19201],[-98.35499,19.17914],[-98.36766,19.14854],[-98.37123,19.14962],[-98.37645,19.14113],[-98.37683,19.13563],[-98.36738,19.12518],[-98.38539,19.11775],[-98.38182,19.11602],[-98.39648,19.09335],[-98.41207,19.11453],[-98.4111,19.12336],[-98.41739,19.13102],[-98.41438,19.13606],[-98.43205,19.13826],[-98.42615,19.14345],[-98.42696,19.14805],[-98.44533,19.14446],[-98.44885,19.14945],[-98.46198,19.14465],[-98.47851,19.14575],[-98.4753,19.14],[-98.4609,19.1337],[-98.46312,19.12441],[-98.45578,19.12102],[-98.45967,19.11937],[-98.49384,19.12774],[-98.50693,19.12686],[-98.55164,19.14263],[-98.56834,19.14439],[-98.57433,19.1413],[-98.57987,19.14637],[-98.588,19.14655],[-98.60336,19.14034],[-98.6159,19.14862],[-98.63623,19.15359],[-98.64031,19.16716],[-98.62636,19.17021],[-98.60291,19.16743],[-98.595,19.17184],[-98.58759,19.17172],[-98.58873,19.16762],[-98.58427,19.16311],[-98.57329,19.16189],[-98.57076,19.15872],[-98.5688,19.16186],[-98.56046,19.16149],[-98.5553,19.16565],[-98.54628,19.16562],[-98.54986,19.1607],[-98.49171,19.16872],[-98.46253,19.1913],[-98.45419,19.19227],[-98.44109,19.19967],[-98.43885,19.21655],[-98.4425,19.23352],[-98.42656,19.23517]]]}},{"type":"Feature","properties":{"code":"21111","stateCode":"21","municipalityCode":"111","name":"Pantepec"},"geometry":{"type":"Polygon","coordinates":[[[-97.88709,20.67491],[-97.88909,20.67143],[-97.88582,20.65808],[-97.8758,20.63897],[-97.88036,20.62392],[-97.87526,20.62237],[-97.87511,20.61503],[-97.86674,20.60804],[-97.86527,20.59822],[-97.84887,20.60752],[-97.83429,20.60733],[-97.83418,20.61091],[-97.81952,20.6052],[-97.8165,20.59807],[-97.80762,20.60386],[-97.79143,20.60312],[-97.78192,20.58193],[-97.78752,20.55955],[-97.78114,20.54771],[-97.77466,20.54474],[-97.77358,20.54115],[-97.783,20.53433],[-97.78975,20.53586],[-97.79511,20.53311],[-97.79433,20.52665],[-97.79933,20.52702],[-97.80136,20.52381],[-97.81821,20.52719],[-97.82436,20.52076],[-97.82245,20.51453],[-97.81014,20.50661],[-97.81337,20.49151],[-97.81684,20.49555],[-97.82109,20.49204],[-97.83357,20.50802],[-97.84069,20.49872],[-97.85538,20.4906],[-97.86217,20.49518],[-97.86818,20.49475],[-97.87314,20.49089],[-97.87311,20.48667],[-97.88605,20.48867],[-97.88817,20.49454],[-97.89063,20.49487],[-97.89432,20.4882],[-97.9025,20.49512],[-97.92443,20.48882],[-97.95221,20.50944],[-97.95697,20.50831],[-97.96031,20.51415],[-97.97022,20.50927],[-97.9688,20.50022],[-97.97474,20.49826],[-97.98148,20.50131],[-97.98879,20.49539],[-97.99743,20.5061],[-97.99288,20.50763],[-97.98934,20.51545],[-97.97933,20.51493],[-97.97263,20.5232],[-97.98153,20.52568],[-97.98082,20.54071],[-97.94311,20.56261],[-97.93742,20.56917],[-97.93025,20.56985],[-97.91478,20.5865],[-97.90962,20.58648],[-97.91088,20.59353],[-97.9057,20.60128],[-97.90876,20.60813],[-97.89497,20.6239],[-97.90158,20.64074],[-97.90808,20.64509],[-97.91184,20.65352],[-97.90779,20.66429],[-97.91333,20.67197],[-97.88709,20.67491]]]}},{"type":"Feature","properties":{"code":"21089","stateCode":"21","municipalityCode":"089","name":"Jopala"},"geometry":{"type":"Polygon","coordinates":[[[-97.75734,20.2793],[-97.75124,20.26012],[-97.74739,20.26321],[-97.74752,20.25947],[-97.739,20.25321],[-97.73511,20.24239],[-97.7373,20.22816],[-97.73295,20.22751],[-97.7307,20.2052],[-97.7386,20.2021],[-97.74127,20.19192],[-97.73622,20.18991],[-97.73146,20.18135],[-97.72504,20.18316],[-97.72487,20.18901],[-97.72051,20.1892],[-97.70756,20.18158],[-97.69872,20.18238],[-97.69302,20.16938],[-97.68683,20.16581],[-97.65873,20.16864],[-97.65754,20.16039],[-97.66422,20.15058],[-97.66045,20.14006],[-97.66374,20.13178],[-97.66761,20.13462],[-97.67072,20.13036],[-97.67942,20.13927],[-97.68246,20.13104],[-97.68629,20.13399],[-97.69577,20.12584],[-97.70053,20.12656],[-97.70155,20.13786],[-97.69604,20.13963],[-97.69936,20.14277],[-97.69636,20.1445],[-97.6992,20.14701],[-97.69616,20.1538],[-97.70448,20.15492],[-97.70955,20.16189],[-97.72196,20.16979],[-97.72491,20.16995],[-97.72607,20.1642],[-97.72962,20.16283],[-97.72994,20.15501],[-97.74237,20.14592],[-97.76613,20.1479],[-97.76685,20.16459],[-97.77897,20.1497],[-97.78729,20.14497],[-97.79784,20.15421],[-97.79013,20.15959],[-97.78692,20.16737],[-97.7965,20.17141],[-97.80847,20.16759],[-97.81683,20.17662],[-97.8158,20.19031],[-97.82108,20.19066],[-97.82538,20.18499],[-97.83213,20.18262],[-97.83371,20.18703],[-97.84762,20.19186],[-97.86254,20.18778],[-97.85858,20.19844],[-97.86689,20.20461],[-97.8685,20.22444],[-97.86453,20.23727],[-97.85931,20.24196],[-97.85557,20.24026],[-97.8529,20.24581],[-97.86518,20.25202],[-97.86558,20.25853],[-97.8308,20.26874],[-97.81116,20.26604],[-97.80647,20.26261],[-97.80136,20.26415],[-97.79524,20.2589],[-97.7845,20.25959],[-97.78143,20.26234],[-97.78271,20.26847],[-97.76971,20.27655],[-97.75734,20.2793]]]}},{"type":"Feature","properties":{"code":"21210","stateCode":"21","municipalityCode":"210","name":"Zapotitlán de Méndez"},"geometry":{"type":"Polygon","coordinates":[[[-97.72523,20.01615],[-97.70824,20.02065],[-97.70546,20.01385],[-97.69026,20.01396],[-97.68318,20.01837],[-97.67916,20.01063],[-97.6669,20.01306],[-97.6654,20.01588],[-97.6552,20.00465],[-97.63055,19.99677],[-97.63849,19.99042],[-97.64121,19.99441],[-97.65463,19.99252],[-97.6678,19.99789],[-97.67717,19.99406],[-97.68758,19.9981],[-97.70137,19.99512],[-97.7102,19.99998],[-97.71141,19.99651],[-97.73078,19.99109],[-97.73485,19.98708],[-97.73777,19.9962],[-97.73458,20.00024],[-97.72594,20.00267],[-97.73296,20.01139],[-97.73656,20.01015],[-97.73562,20.01601],[-97.72523,20.01615]]]}},{"type":"Feature","properties":{"code":"21136","stateCode":"21","municipalityCode":"136","name":"San Miguel Xoxtla"},"geometry":{"type":"Polygon","coordinates":[[[-98.31202,19.19034],[-98.30241,19.18683],[-98.28788,19.1741],[-98.29227,19.15691],[-98.29698,19.16374],[-98.29807,19.1617],[-98.30487,19.16496],[-98.3102,19.15437],[-98.32379,19.16882],[-98.31202,19.19034]]]}},{"type":"Feature","properties":{"code":"21077","stateCode":"21","municipalityCode":"077","name":"Hueytlalpan"},"geometry":{"type":"Polygon","coordinates":[[[-97.65619,20.09185],[-97.66124,20.07196],[-97.63515,20.07754],[-97.63801,20.06788],[-97.64406,20.0678],[-97.6468,20.06417],[-97.64653,20.05517],[-97.65171,20.05696],[-97.65541,20.04619],[-97.6634,20.03926],[-97.65843,20.03157],[-97.6601,20.02374],[-97.654,20.01571],[-97.65777,20.01467],[-97.65799,20.00859],[-97.6654,20.01588],[-97.6669,20.01306],[-97.67916,20.01063],[-97.68373,20.01853],[-97.69026,20.01396],[-97.70546,20.01385],[-97.70824,20.02065],[-97.71249,20.02159],[-97.72523,20.01615],[-97.73318,20.02795],[-97.72557,20.04178],[-97.71296,20.04816],[-97.71291,20.05599],[-97.71685,20.06046],[-97.71405,20.0644],[-97.71113,20.06727],[-97.70512,20.05995],[-97.6947,20.05613],[-97.69353,20.04513],[-97.6897,20.05193],[-97.68192,20.05233],[-97.68342,20.05931],[-97.676,20.06273],[-97.67678,20.07664],[-97.6702,20.08023],[-97.67024,20.08619],[-97.65619,20.09185]]]}},{"type":"Feature","properties":{"code":"21088","stateCode":"21","municipalityCode":"088","name":"Jonotla"},"geometry":{"type":"MultiPolygon","coordinates":[[[[-97.54922,20.06848],[-97.54114,20.07201],[-97.54919,20.05739],[-97.55381,20.03659],[-97.56428,20.03135],[-97.57011,20.0219],[-97.57208,20.0243],[-97.57464,20.01931],[-97.58573,20.01492],[-97.59288,20.02962],[-97.59034,20.03428],[-97.59353,20.04619],[-97.58346,20.04018],[-97.57631,20.04768],[-97.57102,20.06537],[-97.5537,20.07609],[-97.54922,20.06848]]],[[[-97.46317,20.14848],[-97.46473,20.14274],[-97.45715,20.11801],[-97.46407,20.11628],[-97.46866,20.13164],[-97.4762,20.12194],[-97.46454,20.11302],[-97.46608,20.10594],[-97.46,20.10282],[-97.46259,20.0958],[-97.47337,20.10046],[-97.48106,20.09492],[-97.48561,20.09796],[-97.49118,20.09502],[-97.49514,20.11027],[-97.49177,20.11322],[-97.49073,20.12513],[-97.48698,20.12517],[-97.48532,20.13015],[-97.47923,20.12432],[-97.47495,20.1286],[-97.48187,20.14169],[-97.47573,20.14888],[-97.46584,20.15227],[-97.46317,20.14848]]]]}},{"type":"Feature","properties":{"code":"21131","stateCode":"21","municipalityCode":"131","name":"San Juan Atzompa"},"geometry":{"type":"Polygon","coordinates":[[[-98.08079,18.77038],[-98.05409,18.76508],[-98.05042,18.76072],[-98.04682,18.76399],[-98.04693,18.76014],[-98.03545,18.75832],[-98.02968,18.7504],[-98.01898,18.75735],[-98.0139,18.74323],[-97.97193,18.73702],[-97.9663,18.72646],[-97.95966,18.72219],[-97.96937,18.72074],[-97.98428,18.72483],[-97.99272,18.71955],[-97.98707,18.7318],[-98.00371,18.72423],[-98.0044,18.73019],[-98.02669,18.72854],[-98.03744,18.73892],[-98.05101,18.74023],[-98.05666,18.74462],[-98.06959,18.74432],[-98.07048,18.74724],[-98.07734,18.74825],[-98.08584,18.7598],[-98.08079,18.77038]]]}},{"type":"Feature","properties":{"code":"21110","stateCode":"21","municipalityCode":"110","name":"Palmar de Bravo"},"geometry":{"type":"Polygon","coordinates":[[[-97.54151,18.96519],[-97.53762,18.96083],[-97.53864,18.95131],[-97.52802,18.93621],[-97.53062,18.93283],[-97.52364,18.92441],[-97.5239,18.91891],[-97.51999,18.91807],[-97.52271,18.91363],[-97.51756,18.91176],[-97.5191,18.90879],[-97.50202,18.881],[-97.49085,18.87842],[-97.48713,18.88118],[-97.48614,18.87767],[-97.48278,18.881],[-97.47208,18.87022],[-97.44556,18.88128],[-97.44272,18.86334],[-97.4242,18.87084],[-97.42189,18.85829],[-97.39425,18.85703],[-97.39617,18.85258],[-97.38527,18.84517],[-97.38655,18.84048],[-97.38012,18.83152],[-97.3688,18.82569],[-97.37535,18.8216],[-97.38024,18.81287],[-97.38429,18.81209],[-97.40822,18.81811],[-97.41025,18.82215],[-97.41229,18.81625],[-97.40867,18.80272],[-97.42715,18.80771],[-97.44777,18.8016],[-97.45356,18.79302],[-97.46478,18.78631],[-97.45893,18.78026],[-97.45389,18.78247],[-97.4543,18.77599],[-97.46552,18.76149],[-97.50472,18.78579],[-97.50302,18.77959],[-97.5062,18.77377],[-97.51113,18.77664],[-97.51374,18.76424],[-97.52347,18.75064],[-97.51738,18.75488],[-97.50831,18.75146],[-97.50849,18.73677],[-97.50487,18.73252],[-97.51126,18.73253],[-97.51417,18.72543],[-97.52007,18.72376],[-97.50883,18.71555],[-97.52332,18.70965],[-97.52641,18.72353],[-97.52355,18.72649],[-97.52542,18.74385],[-97.54236,18.74768],[-97.54799,18.7418],[-97.55536,18.74125],[-97.56797,18.7514],[-97.57752,18.75281],[-97.58044,18.76001],[-97.59778,18.76269],[-97.59364,18.77087],[-97.59725,18.77546],[-97.61002,18.77822],[-97.61911,18.77556],[-97.62369,18.78124],[-97.63042,18.7829],[-97.61635,18.7883],[-97.61366,18.79563],[-97.62925,18.79587],[-97.63938,18.79019],[-97.64114,18.79191],[-97.64155,18.80627],[-97.64913,18.80906],[-97.64173,18.81788],[-97.65288,18.82108],[-97.65187,18.82797],[-97.65576,18.82917],[-97.65327,18.83465],[-97.65777,18.83788],[-97.64498,18.84959],[-97.64319,18.85673],[-97.65578,18.8603],[-97.65772,18.8677],[-97.66575,18.86808],[-97.66966,18.87919],[-97.6763,18.88229],[-97.66972,18.89354],[-97.66529,18.89354],[-97.64746,18.88577],[-97.64389,18.89187],[-97.62404,18.88925],[-97.60143,18.89073],[-97.58554,18.88064],[-97.56913,18.90357],[-97.57045,18.90882],[-97.56253,18.92893],[-97.56678,18.94699],[-97.56294,18.95688],[-97.556,18.95645],[-97.55268,18.95299],[-97.54151,18.96519]]]}},{"type":"Feature","properties":{"code":"21183","stateCode":"21","municipalityCode":"183","name":"Tlaola"},"geometry":{"type":"Polygon","coordinates":[[[-97.87559,20.23894],[-97.86525,20.23338],[-97.86921,20.2161],[-97.86689,20.20461],[-97.85858,20.19844],[-97.86254,20.18778],[-97.84831,20.19189],[-97.83371,20.18703],[-97.83122,20.17577],[-97.82839,20.17446],[-97.83374,20.1692],[-97.8335,20.16279],[-97.84318,20.15901],[-97.84479,20.1528],[-97.859,20.14796],[-97.85938,20.13317],[-97.87735,20.13209],[-97.87966,20.13111],[-97.87725,20.12799],[-97.88362,20.12406],[-97.88932,20.12589],[-97.88673,20.12096],[-97.8909,20.11743],[-97.8927,20.10853],[-97.89049,20.09966],[-97.8818,20.09606],[-97.87895,20.09134],[-97.88525,20.08698],[-97.90157,20.09595],[-97.91146,20.09635],[-97.92182,20.11003],[-97.92977,20.11063],[-97.92999,20.13607],[-97.9361,20.13454],[-97.93938,20.12935],[-97.94344,20.13938],[-97.94577,20.1346],[-97.95495,20.13113],[-97.96389,20.13234],[-97.96657,20.13563],[-97.97436,20.1339],[-97.98069,20.14508],[-97.98531,20.14464],[-97.98229,20.1525],[-97.98316,20.16315],[-97.98414,20.16072],[-97.98436,20.16321],[-97.99435,20.16181],[-97.99769,20.17023],[-97.99448,20.17086],[-97.99644,20.17382],[-97.98201,20.17247],[-97.98028,20.179],[-97.97108,20.18461],[-97.96908,20.19266],[-97.96603,20.19377],[-97.97145,20.19911],[-97.96765,20.20069],[-97.96457,20.21106],[-97.9589,20.21079],[-97.95466,20.21468],[-97.94629,20.2103],[-97.93587,20.21364],[-97.92531,20.20116],[-97.9223,20.20667],[-97.90986,20.20538],[-97.90157,20.21234],[-97.90181,20.22918],[-97.8853,20.23759],[-97.87559,20.23894]]]}},{"type":"Feature","properties":{"code":"21020","stateCode":"21","municipalityCode":"020","name":"Atoyatempan"},"geometry":{"type":"Polygon","coordinates":[[[-97.90554,18.84493],[-97.89656,18.84422],[-97.89403,18.83505],[-97.89641,18.82231],[-97.89171,18.82041],[-97.89396,18.80987],[-97.88965,18.80167],[-97.8926,18.77553],[-97.8991,18.77689],[-97.9067,18.76324],[-97.91311,18.76233],[-97.9165,18.76398],[-97.91694,18.77492],[-97.92253,18.78132],[-97.92361,18.79646],[-97.92707,18.79924],[-97.92415,18.80152],[-97.93144,18.82243],[-97.92351,18.8277],[-97.92009,18.84254],[-97.90688,18.83989],[-97.90554,18.84493]]]}},{"type":"Feature","properties":{"code":"21028","stateCode":"21","municipalityCode":"028","name":"Camocuautla"},"geometry":{"type":"Polygon","coordinates":[[[-97.753,20.06233],[-97.74581,20.05947],[-97.74397,20.04808],[-97.73599,20.04249],[-97.74083,20.03117],[-97.74453,20.02976],[-97.73638,20.02544],[-97.73334,20.02672],[-97.72523,20.01615],[-97.73096,20.01783],[-97.73562,20.01601],[-97.73511,20.01329],[-97.74599,20.01177],[-97.74857,20.00863],[-97.75776,20.01603],[-97.7589,20.01116],[-97.76721,20.00682],[-97.77368,20.02045],[-97.76675,20.02987],[-97.76694,20.04525],[-97.753,20.06233]]]}},{"type":"Feature","properties":{"code":"21109","stateCode":"21","municipalityCode":"109","name":"Pahuatlán"},"geometry":{"type":"Polygon","coordinates":[[[-98.11172,20.35443],[-98.10242,20.35283],[-98.10793,20.34186],[-98.09883,20.34877],[-98.10111,20.34337],[-98.09921,20.34057],[-98.09008,20.33755],[-98.08445,20.33955],[-98.06989,20.30458],[-98.07951,20.30281],[-98.09023,20.30555],[-98.10408,20.2982],[-98.10252,20.2821],[-98.11148,20.26118],[-98.1201,20.2529],[-98.11948,20.24993],[-98.1317,20.24279],[-98.13923,20.2257],[-98.14701,20.22061],[-98.14773,20.22639],[-98.15706,20.2382],[-98.1611,20.23667],[-98.17386,20.25289],[-98.18487,20.2592],[-98.19197,20.25814],[-98.19861,20.26334],[-98.19803,20.27636],[-98.18341,20.27348],[-98.18344,20.28246],[-98.19029,20.29402],[-98.17807,20.29483],[-98.18042,20.30345],[-98.17787,20.32046],[-98.18176,20.33628],[-98.16384,20.32789],[-98.15761,20.33245],[-98.14514,20.33044],[-98.14262,20.33224],[-98.14501,20.33478],[-98.13916,20.3327],[-98.12684,20.33623],[-98.12424,20.34148],[-98.12618,20.3463],[-98.11172,20.35443]]]}},{"type":"Feature","properties":{"code":"21030","stateCode":"21","municipalityCode":"030","name":"Coatepec"},"geometry":{"type":"Polygon","coordinates":[[[-97.73054,20.08365],[-97.72186,20.07756],[-97.72558,20.06692],[-97.7141,20.06433],[-97.71685,20.06046],[-97.71291,20.05599],[-97.71293,20.04837],[-97.72557,20.04178],[-97.72723,20.03503],[-97.73638,20.02544],[-97.74453,20.02976],[-97.74083,20.03117],[-97.73599,20.04249],[-97.7425,20.04561],[-97.74611,20.05833],[-97.74321,20.06894],[-97.73985,20.06958],[-97.7407,20.07408],[-97.73318,20.07533],[-97.73054,20.08365]]]}},{"type":"Feature","properties":{"code":"21034","stateCode":"21","municipalityCode":"034","name":"Coronango"},"geometry":{"type":"Polygon","coordinates":[[[-98.2876,19.17393],[-98.27103,19.16296],[-98.26222,19.16075],[-98.27021,19.14569],[-98.25894,19.13453],[-98.26388,19.12717],[-98.2612,19.12408],[-98.27234,19.114],[-98.2826,19.09849],[-98.2911,19.10867],[-98.29575,19.09834],[-98.31273,19.10934],[-98.31191,19.11231],[-98.31585,19.11029],[-98.3235,19.13532],[-98.31825,19.14694],[-98.31817,19.16168],[-98.3102,19.15437],[-98.30487,19.16496],[-98.29807,19.1617],[-98.29698,19.16374],[-98.29227,19.15691],[-98.2876,19.17393]]]}},{"type":"Feature","properties":{"code":"21090","stateCode":"21","municipalityCode":"090","name":"Juan C. Bonilla"},"geometry":{"type":"Polygon","coordinates":[[[-98.37412,19.14479],[-98.3439,19.13313],[-98.34268,19.13527],[-98.32348,19.13516],[-98.31585,19.11029],[-98.31191,19.11231],[-98.31273,19.10934],[-98.30827,19.10644],[-98.31656,19.09805],[-98.32943,19.10632],[-98.33431,19.09858],[-98.3395,19.10224],[-98.37003,19.10327],[-98.35872,19.11465],[-98.36541,19.11043],[-98.38261,19.11869],[-98.36738,19.12518],[-98.37683,19.13563],[-98.37412,19.14479]]]}},{"type":"Feature","properties":{"code":"21091","stateCode":"21","municipalityCode":"091","name":"Juan Galindo"},"geometry":{"type":"Polygon","coordinates":[[[-97.98431,20.24642],[-97.9779,20.23237],[-97.96842,20.23601],[-97.95662,20.22939],[-97.95956,20.21881],[-97.97098,20.21625],[-97.96971,20.21216],[-98.0105,20.20649],[-98.01813,20.19895],[-98.03155,20.2026],[-98.02974,20.21275],[-98.02026,20.21568],[-98.02538,20.21924],[-98.0219,20.22606],[-98.02311,20.23546],[-98.01125,20.23601],[-98.00953,20.24187],[-97.99562,20.24741],[-97.98431,20.24642]]]}},{"type":"Feature","properties":{"code":"21095","stateCode":"21","municipalityCode":"095","name":"La Magdalena Tlatlauquitepec"},"geometry":{"type":"Polygon","coordinates":[[[-98.1037,18.766],[-98.09509,18.7593],[-98.08584,18.7598],[-98.07734,18.74825],[-98.07858,18.7458],[-98.08548,18.7425],[-98.08321,18.73975],[-98.08779,18.74089],[-98.08857,18.73792],[-98.09895,18.73608],[-98.10364,18.73046],[-98.10487,18.72065],[-98.11246,18.71906],[-98.13258,18.72281],[-98.11462,18.73774],[-98.10699,18.73678],[-98.10221,18.74146],[-98.10965,18.7564],[-98.1086,18.76237],[-98.1037,18.766]]]}},{"type":"Feature","properties":{"code":"21102","stateCode":"21","municipalityCode":"102","name":"Nealtican"},"geometry":{"type":"Polygon","coordinates":[[[-98.4605,19.08195],[-98.45421,19.07927],[-98.44979,19.08091],[-98.44052,19.07207],[-98.42872,19.06867],[-98.41237,19.053],[-98.42135,19.04687],[-98.42342,19.03415],[-98.43693,19.04683],[-98.45259,19.04483],[-98.47695,19.06316],[-98.48023,19.07548],[-98.4605,19.08195]]]}},{"type":"Feature","properties":{"code":"21103","stateCode":"21","municipalityCode":"103","name":"Nicolás Bravo"},"geometry":{"type":"Polygon","coordinates":[[[-97.34397,18.68576],[-97.33582,18.67853],[-97.33103,18.68312],[-97.32816,18.67755],[-97.3304,18.67314],[-97.32318,18.66431],[-97.31502,18.66663],[-97.3161,18.6695],[-97.30947,18.67378],[-97.3032,18.67429],[-97.29796,18.66952],[-97.29121,18.65546],[-97.28187,18.65249],[-97.27833,18.63766],[-97.27364,18.6331],[-97.27515,18.62615],[-97.26997,18.60974],[-97.27668,18.61033],[-97.29119,18.60216],[-97.29253,18.59559],[-97.27904,18.59565],[-97.29162,18.58458],[-97.30117,18.58731],[-97.31241,18.57277],[-97.31923,18.57814],[-97.3146,18.59095],[-97.33113,18.58591],[-97.34429,18.5881],[-97.34863,18.59259],[-97.35693,18.5907],[-97.37724,18.58012],[-97.37987,18.57432],[-97.38886,18.57521],[-97.40992,18.56073],[-97.40803,18.55374],[-97.41203,18.54893],[-97.41725,18.54984],[-97.4196,18.54088],[-97.41906,18.54655],[-97.42533,18.55107],[-97.42464,18.55535],[-97.42088,18.55994],[-97.41481,18.5606],[-97.41409,18.57203],[-97.39546,18.57801],[-97.38716,18.58801],[-97.3801,18.58285],[-97.36819,18.59897],[-97.36102,18.60321],[-97.36161,18.61101],[-97.37219,18.6212],[-97.37312,18.62902],[-97.3899,18.63193],[-97.4024,18.6288],[-97.40101,18.63139],[-97.40898,18.63301],[-97.40216,18.65792],[-97.39726,18.65219],[-97.39236,18.65815],[-97.37819,18.66087],[-97.37092,18.67012],[-97.35332,18.68037],[-97.34705,18.6805],[-97.34397,18.68576]]]}},{"type":"Feature","properties":{"code":"21106","stateCode":"21","municipalityCode":"106","name":"Ocoyucan"},"geometry":{"type":"Polygon","coordinates":[[[-98.32343,19.00795],[-98.30859,18.99936],[-98.30719,18.99025],[-98.30138,18.9814],[-98.29679,18.9802],[-98.29255,18.98901],[-98.28705,18.98617],[-98.28376,18.97649],[-98.27716,18.97092],[-98.27569,18.95609],[-98.27027,18.95133],[-98.27795,18.94895],[-98.27627,18.93042],[-98.28043,18.91717],[-98.27698,18.91469],[-98.28503,18.9138],[-98.2854,18.9103],[-98.29023,18.9087],[-98.28524,18.9006],[-98.27562,18.90325],[-98.26855,18.8989],[-98.27297,18.8928],[-98.27257,18.8877],[-98.27679,18.88715],[-98.28508,18.87544],[-98.28154,18.8734],[-98.28718,18.87302],[-98.29412,18.86706],[-98.28612,18.85988],[-98.29206,18.85212],[-98.30598,18.85385],[-98.30742,18.86039],[-98.32835,18.8596],[-98.32671,18.85657],[-98.32818,18.85408],[-98.33038,18.85291],[-98.33316,18.85692],[-98.32921,18.87911],[-98.33982,18.88313],[-98.33679,18.88896],[-98.35703,18.89456],[-98.36036,18.89963],[-98.3596,18.91631],[-98.36176,18.91674],[-98.35198,18.92177],[-98.35358,18.9281],[-98.36616,18.92947],[-98.37077,18.94701],[-98.36727,18.97625],[-98.36098,18.97965],[-98.34995,18.97762],[-98.3444,18.9823],[-98.35421,18.99272],[-98.34487,18.99973],[-98.32801,19.00094],[-98.32343,19.00795]]]}},{"type":"Feature","properties":{"code":"21107","stateCode":"21","municipalityCode":"107","name":"Olintla"},"geometry":{"type":"Polygon","coordinates":[[[-97.63176,20.18313],[-97.62107,20.17345],[-97.62199,20.16884],[-97.62507,20.16833],[-97.62266,20.16615],[-97.62566,20.15835],[-97.623,20.15357],[-97.62641,20.15287],[-97.62865,20.14348],[-97.62272,20.14097],[-97.63711,20.13755],[-97.63487,20.12261],[-97.6369,20.119],[-97.64458,20.12001],[-97.64178,20.10886],[-97.64566,20.10708],[-97.65139,20.11111],[-97.64761,20.1004],[-97.65962,20.08887],[-97.67024,20.08619],[-97.6702,20.08023],[-97.67678,20.07664],[-97.676,20.06273],[-97.68445,20.05708],[-97.68192,20.05233],[-97.6897,20.05193],[-97.69367,20.04509],[-97.69537,20.05664],[-97.70512,20.05995],[-97.71113,20.06727],[-97.71983,20.06357],[-97.72558,20.06692],[-97.72186,20.07756],[-97.72893,20.08336],[-97.7252,20.09004],[-97.7212,20.09294],[-97.71723,20.09141],[-97.71333,20.09369],[-97.71375,20.09673],[-97.71006,20.09574],[-97.69863,20.10697],[-97.70026,20.10981],[-97.6951,20.12065],[-97.69836,20.12531],[-97.68629,20.13399],[-97.68246,20.13104],[-97.67942,20.13927],[-97.67072,20.13036],[-97.66761,20.13462],[-97.66374,20.13178],[-97.66045,20.14006],[-97.66422,20.15058],[-97.65754,20.16039],[-97.65912,20.16814],[-97.65244,20.16357],[-97.64559,20.1687],[-97.64439,20.17801],[-97.63856,20.17655],[-97.63871,20.18264],[-97.63176,20.18313]]]}},{"type":"Feature","properties":{"code":"21214","stateCode":"21","municipalityCode":"214","name":"Zinacatepec"},"geometry":{"type":"Polygon","coordinates":[[[-97.18586,18.36529],[-97.1763,18.3415],[-97.16804,18.33808],[-97.17462,18.31583],[-97.18749,18.29964],[-97.19571,18.29771],[-97.19868,18.2897],[-97.20675,18.28893],[-97.20883,18.29198],[-97.23746,18.29968],[-97.25057,18.31608],[-97.25234,18.32849],[-97.27455,18.30818],[-97.28221,18.30668],[-97.28764,18.29945],[-97.28905,18.30857],[-97.29564,18.31207],[-97.28977,18.32301],[-97.2818,18.32382],[-97.27927,18.33457],[-97.27688,18.33228],[-97.26809,18.33464],[-97.26624,18.34468],[-97.25965,18.35231],[-97.25259,18.34713],[-97.2452,18.34659],[-97.24968,18.3581],[-97.23823,18.3601],[-97.22832,18.35352],[-97.2142,18.35146],[-97.19604,18.36341],[-97.18586,18.36529]]]}},{"type":"Feature","properties":{"code":"21019","stateCode":"21","municipalityCode":"019","name":"Atlixco"},"geometry":{"type":"Polygon","coordinates":[[[-98.57131,19.00023],[-98.55727,18.98694],[-98.54494,18.9814],[-98.5434,18.97608],[-98.54264,18.9879],[-98.53582,18.9876],[-98.52819,18.97843],[-98.48213,18.97214],[-98.47446,18.95166],[-98.469,18.95235],[-98.4661,18.93445],[-98.46027,18.93702],[-98.46359,18.94421],[-98.4571,18.9441],[-98.45853,18.93784],[-98.45149,18.93841],[-98.44849,18.93478],[-98.43846,18.94079],[-98.44389,18.95141],[-98.43673,18.95211],[-98.43547,18.94465],[-98.43221,18.94495],[-98.43341,18.94265],[-98.42906,18.93891],[-98.41946,18.95358],[-98.40937,18.951],[-98.39909,18.95348],[-98.38933,18.95189],[-98.3886,18.9445],[-98.38007,18.93461],[-98.37068,18.93214],[-98.36909,18.92501],[-98.36116,18.93],[-98.35358,18.9281],[-98.35212,18.92146],[-98.36176,18.91674],[-98.3596,18.91631],[-98.36061,18.90011],[-98.35703,18.89456],[-98.33679,18.88896],[-98.33982,18.88313],[-98.32921,18.87911],[-98.33311,18.85672],[-98.32406,18.84985],[-98.32042,18.85226],[-98.30983,18.84948],[-98.30749,18.84064],[-98.31384,18.84294],[-98.32071,18.83748],[-98.329,18.83946],[-98.33339,18.83501],[-98.33398,18.82209],[-98.33948,18.81258],[-98.34541,18.81303],[-98.35413,18.80754],[-98.36626,18.80916],[-98.36867,18.81327],[-98.37223,18.80667],[-98.37547,18.80711],[-98.37289,18.81545],[-98.37821,18.81938],[-98.37577,18.83773],[-98.38802,18.84443],[-98.39836,18.85484],[-98.41742,18.84822],[-98.41912,18.85103],[-98.41271,18.85226],[-98.4089,18.86046],[-98.41127,18.86132],[-98.41717,18.85929],[-98.42285,18.84888],[-98.44666,18.8494],[-98.44935,18.83944],[-98.45686,18.84143],[-98.44714,18.81998],[-98.44835,18.81117],[-98.45478,18.8021],[-98.48085,18.8439],[-98.4907,18.83253],[-98.52269,18.84723],[-98.51983,18.87062],[-98.52254,18.88177],[-98.52704,18.88852],[-98.54025,18.88714],[-98.54638,18.90353],[-98.56066,18.91489],[-98.55382,18.93865],[-98.55887,18.94573],[-98.56739,18.94918],[-98.57815,18.96619],[-98.58804,18.97052],[-98.58839,18.97533],[-98.59356,18.98031],[-98.59119,18.98212],[-98.58737,18.97829],[-98.58499,18.98555],[-98.58119,18.98441],[-98.58207,18.98708],[-98.57518,18.99128],[-98.57674,18.99759],[-98.57131,19.00023]]]}},{"type":"Feature","properties":{"code":"21017","stateCode":"21","municipalityCode":"017","name":"Atempan"},"geometry":{"type":"Polygon","coordinates":[[[-97.41221,19.85326],[-97.39729,19.83996],[-97.39907,19.83377],[-97.40926,19.81929],[-97.4154,19.81966],[-97.41736,19.80957],[-97.42741,19.80752],[-97.42149,19.80029],[-97.4383,19.78129],[-97.43607,19.77692],[-97.44029,19.77293],[-97.43602,19.76337],[-97.44248,19.75717],[-97.46212,19.75013],[-97.46517,19.76407],[-97.46016,19.77407],[-97.45917,19.78504],[-97.46765,19.78306],[-97.46026,19.80058],[-97.47202,19.81322],[-97.46459,19.83763],[-97.46604,19.84965],[-97.45677,19.85002],[-97.45053,19.84546],[-97.44378,19.84522],[-97.43621,19.84935],[-97.41221,19.85326]]]}},{"type":"Feature","properties":{"code":"21024","stateCode":"21","municipalityCode":"024","name":"Axutla"},"geometry":{"type":"Polygon","coordinates":[[[-98.37248,18.28956],[-98.36529,18.28441],[-98.35736,18.25498],[-98.34975,18.25368],[-98.34462,18.2419],[-98.3384,18.23828],[-98.33473,18.22989],[-98.34071,18.22862],[-98.34242,18.22132],[-98.32914,18.21494],[-98.32713,18.20339],[-98.33672,18.20293],[-98.34235,18.19754],[-98.34718,18.18546],[-98.35329,18.18437],[-98.35348,18.18056],[-98.35988,18.1765],[-98.35335,18.15881],[-98.35551,18.15564],[-98.3525,18.14352],[-98.33996,18.13801],[-98.34907,18.12909],[-98.352,18.11682],[-98.3599,18.10686],[-98.35672,18.10558],[-98.3646,18.09758],[-98.36827,18.09788],[-98.37461,18.09204],[-98.38005,18.09267],[-98.38648,18.08714],[-98.38944,18.09112],[-98.40038,18.09293],[-98.4014,18.09675],[-98.40586,18.07956],[-98.40638,18.0832],[-98.41797,18.08943],[-98.41959,18.09549],[-98.42484,18.09863],[-98.42504,18.10676],[-98.43531,18.10669],[-98.43065,18.11257],[-98.43085,18.12435],[-98.44237,18.13149],[-98.43953,18.13791],[-98.4496,18.1444],[-98.4376,18.15092],[-98.43596,18.15655],[-98.4476,18.16928],[-98.44451,18.18051],[-98.43837,18.17768],[-98.43348,18.17981],[-98.43825,18.18571],[-98.43713,18.1972],[-98.44337,18.19938],[-98.44504,18.20355],[-98.43483,18.21612],[-98.44631,18.22501],[-98.44937,18.23627],[-98.4556,18.23577],[-98.46247,18.24124],[-98.45746,18.24165],[-98.45258,18.24927],[-98.45401,18.25742],[-98.44527,18.25839],[-98.44365,18.26111],[-98.44064,18.25792],[-98.41249,18.25252],[-98.40465,18.24741],[-98.39748,18.25001],[-98.3965,18.25822],[-98.40701,18.26166],[-98.41033,18.26687],[-98.39951,18.27299],[-98.38575,18.2713],[-98.37345,18.28179],[-98.37248,18.28956]]]}},{"type":"Feature","properties":{"code":"21086","stateCode":"21","municipalityCode":"086","name":"Jalpan"},"geometry":{"type":"Polygon","coordinates":[[[-97.95922,20.51411],[-97.95697,20.50831],[-97.95221,20.50944],[-97.92443,20.48882],[-97.9025,20.49512],[-97.89432,20.4882],[-97.89063,20.49487],[-97.88665,20.48903],[-97.87733,20.48589],[-97.87311,20.48667],[-97.87314,20.49089],[-97.86818,20.49475],[-97.86217,20.49518],[-97.85538,20.4906],[-97.84069,20.49872],[-97.83286,20.50789],[-97.82109,20.49204],[-97.81684,20.49555],[-97.79699,20.47816],[-97.79356,20.48196],[-97.78784,20.48196],[-97.79364,20.47344],[-97.80162,20.47079],[-97.79331,20.46702],[-97.78898,20.4736],[-97.77802,20.4713],[-97.77809,20.47523],[-97.77478,20.4736],[-97.7654,20.48077],[-97.75801,20.4782],[-97.75891,20.47525],[-97.74628,20.46746],[-97.73739,20.45401],[-97.73391,20.45328],[-97.73432,20.44321],[-97.74691,20.42219],[-97.76616,20.43384],[-97.77389,20.43093],[-97.78232,20.43347],[-97.79235,20.43111],[-97.80905,20.41619],[-97.82293,20.42041],[-97.82143,20.41456],[-97.82413,20.4067],[-97.83416,20.40886],[-97.84136,20.4046],[-97.84622,20.39449],[-97.86004,20.39495],[-97.86689,20.38936],[-97.88498,20.40227],[-97.88354,20.40877],[-97.87645,20.41464],[-97.88127,20.42264],[-97.89616,20.41481],[-97.89202,20.42743],[-97.90054,20.43634],[-97.93838,20.43457],[-97.94793,20.43935],[-97.96661,20.42505],[-97.97145,20.42341],[-97.97859,20.426],[-97.9868,20.42057],[-97.99055,20.42124],[-97.98526,20.44871],[-97.99645,20.44806],[-98.00004,20.4613],[-98.01276,20.46673],[-98.00834,20.47475],[-98.00886,20.48254],[-97.99985,20.48254],[-97.99901,20.48712],[-97.99354,20.485],[-97.99178,20.49306],[-97.98148,20.50131],[-97.97474,20.49826],[-97.9688,20.50022],[-97.97022,20.50927],[-97.95922,20.51411]]]}},{"type":"Feature","properties":{"code":"21084","stateCode":"21","municipalityCode":"084","name":"Ixtepec"},"geometry":{"type":"Polygon","coordinates":[[[-97.63434,20.07765],[-97.62774,20.07651],[-97.62636,20.06337],[-97.61899,20.05799],[-97.6125,20.05723],[-97.61156,20.0597],[-97.60589,20.05863],[-97.60562,20.05714],[-97.60927,20.05889],[-97.61954,20.05156],[-97.62011,20.04553],[-97.62677,20.04544],[-97.63492,20.03914],[-97.63996,20.02192],[-97.63165,20.01216],[-97.63986,20.01378],[-97.64326,20.00222],[-97.6552,20.00465],[-97.65799,20.00859],[-97.65777,20.01467],[-97.654,20.01571],[-97.6601,20.02374],[-97.65843,20.03157],[-97.6634,20.03926],[-97.65541,20.04619],[-97.65171,20.05696],[-97.64653,20.05517],[-97.6468,20.06417],[-97.64406,20.0678],[-97.63801,20.06788],[-97.63434,20.07765]]]}},{"type":"Feature","properties":{"code":"21150","stateCode":"21","municipalityCode":"150","name":"Huehuetlán el Grande"},"geometry":{"type":"Polygon","coordinates":[[[-98.15423,18.84449],[-98.1528,18.84178],[-98.15021,18.84388],[-98.14628,18.82957],[-98.15292,18.8136],[-98.15016,18.80815],[-98.1423,18.80454],[-98.13117,18.80713],[-98.11391,18.81983],[-98.11494,18.80501],[-98.11998,18.80169],[-98.11256,18.79433],[-98.11272,18.78154],[-98.10877,18.77769],[-98.10653,18.78113],[-98.10051,18.77846],[-98.09841,18.7862],[-98.07948,18.79597],[-98.07924,18.78553],[-98.08603,18.78297],[-98.07949,18.77451],[-98.08347,18.76275],[-98.08572,18.75981],[-98.09509,18.7593],[-98.10165,18.76549],[-98.10711,18.7642],[-98.10965,18.7564],[-98.10221,18.74146],[-98.10699,18.73678],[-98.11462,18.73774],[-98.13258,18.72281],[-98.11246,18.71906],[-98.10487,18.72065],[-98.10364,18.73046],[-98.0977,18.73636],[-98.08308,18.72314],[-98.06887,18.72356],[-98.07385,18.71568],[-98.06574,18.71251],[-98.07298,18.70137],[-98.09302,18.70171],[-98.10759,18.69346],[-98.11876,18.69926],[-98.13757,18.70145],[-98.14335,18.69361],[-98.14724,18.69652],[-98.14936,18.69247],[-98.14937,18.69451],[-98.16242,18.69101],[-98.17094,18.67641],[-98.17114,18.67036],[-98.18875,18.67905],[-98.19261,18.67274],[-98.20065,18.6825],[-98.1992,18.69307],[-98.202,18.69954],[-98.21461,18.71104],[-98.21961,18.72111],[-98.18991,18.7262],[-98.19019,18.72912],[-98.20307,18.73485],[-98.2101,18.74229],[-98.21027,18.74749],[-98.22387,18.74671],[-98.23175,18.75403],[-98.23696,18.75125],[-98.241,18.75418],[-98.23362,18.76109],[-98.22291,18.76229],[-98.21937,18.75967],[-98.21868,18.76777],[-98.20281,18.78221],[-98.20445,18.79102],[-98.20132,18.79254],[-98.20945,18.81583],[-98.20637,18.81902],[-98.20919,18.8389],[-98.20526,18.84394],[-98.18445,18.84325],[-98.17997,18.83678],[-98.1783,18.84057],[-98.16833,18.83713],[-98.16501,18.84408],[-98.15989,18.84146],[-98.15423,18.84449]]]}},{"type":"Feature","properties":{"code":"21082","stateCode":"21","municipalityCode":"082","name":"Ixcaquixtla"},"geometry":{"type":"Polygon","coordinates":[[[-97.8161,18.53379],[-97.81144,18.52604],[-97.81235,18.51403],[-97.80313,18.50996],[-97.78511,18.52781],[-97.77509,18.53048],[-97.78103,18.49667],[-97.76435,18.48018],[-97.7749,18.47333],[-97.77552,18.46922],[-97.78644,18.4654],[-97.7949,18.45338],[-97.79044,18.45142],[-97.79298,18.44403],[-97.79788,18.44511],[-97.80061,18.43803],[-97.8043,18.43989],[-97.80865,18.43544],[-97.81408,18.44247],[-97.83421,18.44129],[-97.83103,18.42024],[-97.83958,18.4202],[-97.8408,18.4298],[-97.84823,18.4361],[-97.84861,18.4433],[-97.85629,18.44169],[-97.8595,18.43667],[-97.86825,18.43252],[-97.87314,18.43903],[-97.89014,18.4459],[-97.89366,18.44953],[-97.89152,18.45322],[-97.8974,18.45609],[-97.8774,18.49562],[-97.88411,18.502],[-97.88222,18.50324],[-97.88881,18.52369],[-97.87379,18.51666],[-97.87022,18.50984],[-97.8574,18.51326],[-97.86383,18.52516],[-97.86161,18.52712],[-97.85095,18.53182],[-97.8161,18.53379]]]}},{"type":"Feature","properties":{"code":"21160","stateCode":"21","municipalityCode":"160","name":"Teotlalco"},"geometry":{"type":"Polygon","coordinates":[[[-98.82746,18.52375],[-98.81641,18.51818],[-98.81068,18.51942],[-98.8105,18.51203],[-98.80271,18.50533],[-98.80382,18.50243],[-98.79983,18.50276],[-98.79895,18.49809],[-98.79346,18.49721],[-98.78336,18.4878],[-98.78677,18.48463],[-98.761,18.47545],[-98.75775,18.46291],[-98.75402,18.46195],[-98.75593,18.45473],[-98.76395,18.4557],[-98.76006,18.44557],[-98.79448,18.4237],[-98.79636,18.39],[-98.80624,18.38149],[-98.82641,18.37492],[-98.82382,18.37927],[-98.82642,18.38337],[-98.82281,18.38327],[-98.82372,18.38997],[-98.81821,18.39339],[-98.81894,18.3976],[-98.81523,18.40102],[-98.8168,18.40974],[-98.81364,18.41417],[-98.82966,18.42013],[-98.83704,18.4259],[-98.83841,18.43131],[-98.8543,18.42395],[-98.86142,18.42469],[-98.86745,18.41593],[-98.87689,18.41481],[-98.8832,18.41004],[-98.89002,18.41206],[-98.8955,18.40478],[-98.91698,18.40157],[-98.92916,18.4096],[-98.93921,18.42204],[-98.91932,18.43196],[-98.92033,18.4423],[-98.91451,18.44355],[-98.91517,18.45782],[-98.90541,18.45974],[-98.91222,18.46212],[-98.8969,18.46594],[-98.87058,18.4792],[-98.85041,18.47803],[-98.84451,18.48324],[-98.84436,18.49026],[-98.83645,18.49458],[-98.83951,18.50383],[-98.84341,18.50588],[-98.83851,18.50691],[-98.84034,18.51277],[-98.83455,18.52117],[-98.82746,18.52375]]]}},{"type":"Feature","properties":{"code":"21157","stateCode":"21","municipalityCode":"157","name":"Tehuitzingo"},"geometry":{"type":"Polygon","coordinates":[[[-98.28533,18.48605],[-98.28118,18.48015],[-98.28437,18.47475],[-98.27929,18.47369],[-98.28164,18.46479],[-98.27867,18.46371],[-98.27842,18.45782],[-98.27445,18.45889],[-98.27402,18.44786],[-98.269,18.43815],[-98.27266,18.44036],[-98.27624,18.43361],[-98.26919,18.43138],[-98.26924,18.42434],[-98.27171,18.41986],[-98.2807,18.41805],[-98.27642,18.41447],[-98.2772,18.41026],[-98.28479,18.41402],[-98.29272,18.40967],[-98.28896,18.41025],[-98.28449,18.40274],[-98.25666,18.41241],[-98.25088,18.40898],[-98.26427,18.3993],[-98.24205,18.39306],[-98.23087,18.39676],[-98.22412,18.39376],[-98.21926,18.39793],[-98.22048,18.39007],[-98.21291,18.38906],[-98.20662,18.39546],[-98.2035,18.39327],[-98.19872,18.39586],[-98.18681,18.37534],[-98.18554,18.36668],[-98.16184,18.36308],[-98.15927,18.35654],[-98.16114,18.34618],[-98.14316,18.35178],[-98.13767,18.34484],[-98.1399,18.3329],[-98.13645,18.32748],[-98.14479,18.31979],[-98.14654,18.30781],[-98.1555,18.30987],[-98.16629,18.30336],[-98.17233,18.28623],[-98.18707,18.29237],[-98.20283,18.28371],[-98.19898,18.27432],[-98.23646,18.27291],[-98.26064,18.25622],[-98.26644,18.26889],[-98.27142,18.26688],[-98.27484,18.27126],[-98.27604,18.27854],[-98.28122,18.27283],[-98.27876,18.26237],[-98.29086,18.25072],[-98.29626,18.25594],[-98.30561,18.25263],[-98.30524,18.26521],[-98.31206,18.26808],[-98.3175,18.26005],[-98.32874,18.2524],[-98.3327,18.25579],[-98.34222,18.25489],[-98.35273,18.26282],[-98.35715,18.25474],[-98.36529,18.28441],[-98.37296,18.28985],[-98.37333,18.28194],[-98.38191,18.27561],[-98.38537,18.28135],[-98.39688,18.28457],[-98.40382,18.28199],[-98.40873,18.2852],[-98.41823,18.2803],[-98.43431,18.27939],[-98.43125,18.29497],[-98.42612,18.29739],[-98.43491,18.30487],[-98.42693,18.3047],[-98.42854,18.31012],[-98.43378,18.30911],[-98.4425,18.31604],[-98.43622,18.31376],[-98.43235,18.31595],[-98.43034,18.31302],[-98.42761,18.31823],[-98.42117,18.31532],[-98.41678,18.31871],[-98.42423,18.32266],[-98.42459,18.32653],[-98.43143,18.3279],[-98.43112,18.33224],[-98.43709,18.33353],[-98.43408,18.3404],[-98.44101,18.35928],[-98.43411,18.36202],[-98.4297,18.36632],[-98.43454,18.36579],[-98.43659,18.37203],[-98.43329,18.37822],[-98.42206,18.37135],[-98.42017,18.37555],[-98.41257,18.37543],[-98.41242,18.38269],[-98.40858,18.3821],[-98.40484,18.38663],[-98.41161,18.39312],[-98.41588,18.39311],[-98.41845,18.40502],[-98.41066,18.41107],[-98.40654,18.40843],[-98.40637,18.41364],[-98.40018,18.42142],[-98.3887,18.42736],[-98.38759,18.43804],[-98.38987,18.43975],[-98.36677,18.44523],[-98.36613,18.44872],[-98.37245,18.45415],[-98.37334,18.45991],[-98.36878,18.45848],[-98.35954,18.46685],[-98.34925,18.46498],[-98.34769,18.46079],[-98.34565,18.46568],[-98.33737,18.46758],[-98.34417,18.47893],[-98.33242,18.47223],[-98.31507,18.48134],[-98.30579,18.4806],[-98.30504,18.48604],[-98.28533,18.48605]]]}},{"type":"Feature","properties":{"code":"21162","stateCode":"21","municipalityCode":"162","name":"Tepango de Rodríguez"},"geometry":{"type":"Polygon","coordinates":[[[-97.76718,20.03899],[-97.76675,20.02987],[-97.77369,20.02012],[-97.76777,20.00726],[-97.76205,20.00822],[-97.75776,20.01603],[-97.74857,20.00863],[-97.74599,20.01177],[-97.73296,20.01139],[-97.7265,20.00169],[-97.73498,20.0],[-97.74225,19.99063],[-97.75371,19.98294],[-97.76125,19.99874],[-97.76763,20.00125],[-97.77972,19.99917],[-97.78495,20.00177],[-97.78936,19.99871],[-97.7894,19.98988],[-97.79203,19.98777],[-97.79887,19.99217],[-97.80143,19.99861],[-97.80643,19.99965],[-97.80981,19.99493],[-97.80828,19.99054],[-97.81522,19.99323],[-97.82067,19.99023],[-97.8295,19.99114],[-97.83017,20.00833],[-97.82587,20.01072],[-97.8248,20.01656],[-97.81557,20.01881],[-97.81194,20.02619],[-97.79987,20.02802],[-97.78719,20.02519],[-97.78286,20.03155],[-97.76718,20.03899]]]}},{"type":"Feature","properties":{"code":"21209","stateCode":"21","municipalityCode":"209","name":"Zapotitlán"},"geometry":{"type":"Polygon","coordinates":[[[-97.44498,18.42067],[-97.43202,18.41831],[-97.41347,18.40723],[-97.41476,18.40168],[-97.42562,18.40137],[-97.43089,18.39175],[-97.42662,18.36834],[-97.41976,18.36961],[-97.41697,18.36714],[-97.42279,18.36248],[-97.42667,18.3491],[-97.42493,18.34265],[-97.41358,18.33338],[-97.4143,18.31851],[-97.4214,18.31763],[-97.43131,18.2905],[-97.42828,18.27981],[-97.42975,18.27068],[-97.42272,18.26742],[-97.42096,18.24952],[-97.41402,18.23703],[-97.4194,18.23485],[-97.41325,18.22343],[-97.41537,18.21302],[-97.41972,18.21149],[-97.43571,18.21597],[-97.44572,18.20841],[-97.4538,18.20641],[-97.46177,18.21242],[-97.47608,18.20186],[-97.50041,18.2064],[-97.50359,18.21202],[-97.50818,18.20845],[-97.51216,18.21477],[-97.51961,18.2162],[-97.51852,18.23391],[-97.53108,18.23492],[-97.53545,18.23325],[-97.53519,18.23021],[-97.54436,18.22974],[-97.54985,18.24005],[-97.55618,18.23656],[-97.56393,18.23851],[-97.57564,18.23627],[-97.5739,18.23971],[-97.56224,18.24212],[-97.55625,18.24924],[-97.57781,18.25024],[-97.58243,18.26028],[-97.5919,18.26486],[-97.59393,18.26292],[-97.59141,18.25599],[-97.59963,18.25292],[-97.59623,18.24411],[-97.59132,18.2418],[-97.60169,18.2329],[-97.59449,18.22505],[-97.60119,18.22064],[-97.61061,18.22413],[-97.62215,18.21967],[-97.62399,18.22553],[-97.62927,18.22772],[-97.62953,18.21256],[-97.61617,18.21392],[-97.61959,18.21051],[-97.61692,18.1948],[-97.61913,18.19186],[-97.59549,18.18482],[-97.582,18.19564],[-97.57707,18.17052],[-97.55923,18.18567],[-97.55216,18.18817],[-97.54932,18.18621],[-97.54397,18.19642],[-97.53958,18.18885],[-97.53456,18.19164],[-97.53579,18.1886],[-97.5316,18.18196],[-97.52358,18.17918],[-97.51941,18.1815],[-97.51405,18.17597],[-97.51747,18.15528],[-97.52781,18.14032],[-97.55325,18.13878],[-97.5717,18.12981],[-97.57375,18.11051],[-97.56962,18.10339],[-97.59745,18.12646],[-97.60815,18.13101],[-97.60439,18.13739],[-97.6082,18.15247],[-97.61527,18.15328],[-97.60139,18.17029],[-97.61001,18.17328],[-97.6227,18.18401],[-97.64213,18.18709],[-97.63402,18.20007],[-97.63818,18.21183],[-97.63748,18.23204],[-97.64398,18.27942],[-97.65471,18.29309],[-97.66341,18.29181],[-97.66354,18.29962],[-97.67191,18.31659],[-97.6498,18.30755],[-97.64648,18.31723],[-97.6191,18.31584],[-97.60662,18.32235],[-97.59854,18.32245],[-97.60063,18.32415],[-97.59649,18.33374],[-97.57375,18.3247],[-97.55966,18.325],[-97.56088,18.33376],[-97.55475,18.34255],[-97.52968,18.34995],[-97.52566,18.35539],[-97.52196,18.35044],[-97.51582,18.35967],[-97.5103,18.37992],[-97.5017,18.38249],[-97.49266,18.39012],[-97.4886,18.40204],[-97.49082,18.40999],[-97.46648,18.41836],[-97.45089,18.41542],[-97.44498,18.42067]]]}},{"type":"Feature","properties":{"code":"21122","stateCode":"21","municipalityCode":"122","name":"San Felipe Teotlalcingo"},"geometry":{"type":"Polygon","coordinates":[[[-98.46813,19.26135],[-98.4701,19.24419],[-98.47865,19.24081],[-98.49527,19.22115],[-98.49673,19.22347],[-98.50043,19.21941],[-98.50818,19.22253],[-98.52235,19.20827],[-98.54526,19.20453],[-98.5433,19.20667],[-98.54618,19.20849],[-98.54063,19.21567],[-98.55817,19.20901],[-98.56356,19.21027],[-98.56145,19.21343],[-98.5783,19.20845],[-98.59609,19.21148],[-98.59082,19.21806],[-98.57595,19.21516],[-98.58558,19.22247],[-98.57145,19.22782],[-98.56823,19.23512],[-98.55313,19.23463],[-98.54834,19.23962],[-98.5227,19.25021],[-98.51455,19.25783],[-98.50648,19.25822],[-98.50039,19.25232],[-98.46813,19.26135]]]}},{"type":"Feature","properties":{"code":"21182","stateCode":"21","municipalityCode":"182","name":"Tlanepantla"},"geometry":{"type":"Polygon","coordinates":[[[-97.89465,18.87811],[-97.89064,18.874],[-97.88112,18.87407],[-97.87845,18.86677],[-97.86634,18.86476],[-97.8558,18.87115],[-97.86369,18.85568],[-97.86534,18.84382],[-97.86983,18.83852],[-97.88558,18.84527],[-97.88981,18.83635],[-97.8934,18.83673],[-97.89656,18.84422],[-97.90345,18.84698],[-97.91161,18.86234],[-97.90981,18.86996],[-97.90341,18.86739],[-97.89465,18.87811]]]}},{"type":"Feature","properties":{"code":"21021","stateCode":"21","municipalityCode":"021","name":"Atzala"},"geometry":{"type":"Polygon","coordinates":[[[-98.53233,18.56766],[-98.52433,18.56037],[-98.52895,18.55878],[-98.5196,18.55305],[-98.51767,18.53996],[-98.54332,18.54149],[-98.54295,18.5319],[-98.54865,18.52633],[-98.56165,18.53273],[-98.55705,18.54066],[-98.56319,18.54982],[-98.56169,18.56124],[-98.55915,18.56266],[-98.55787,18.55659],[-98.55282,18.55409],[-98.55236,18.55684],[-98.53684,18.55908],[-98.53233,18.56766]]]}},{"type":"Feature","properties":{"code":"21069","stateCode":"21","municipalityCode":"069","name":"Huaquechula"},"geometry":{"type":"Polygon","coordinates":[[[-98.41047,18.86129],[-98.41271,18.85226],[-98.41912,18.85103],[-98.41742,18.84822],[-98.39836,18.85484],[-98.38802,18.84443],[-98.37577,18.83773],[-98.37821,18.81938],[-98.37489,18.81889],[-98.37363,18.81239],[-98.39021,18.79112],[-98.3947,18.79444],[-98.40315,18.79131],[-98.4093,18.80457],[-98.41899,18.78769],[-98.43598,18.77959],[-98.44594,18.7682],[-98.45401,18.7772],[-98.45202,18.76274],[-98.46157,18.76384],[-98.4598,18.75874],[-98.46283,18.75709],[-98.46238,18.75328],[-98.47014,18.75473],[-98.47662,18.74984],[-98.47938,18.73495],[-98.48663,18.73949],[-98.4945,18.73421],[-98.49637,18.72694],[-98.50236,18.728],[-98.51202,18.71308],[-98.51436,18.7238],[-98.5211,18.71136],[-98.51965,18.71656],[-98.52465,18.72383],[-98.52966,18.7255],[-98.52755,18.7289],[-98.53538,18.7319],[-98.53588,18.74492],[-98.54554,18.73448],[-98.54896,18.73669],[-98.54817,18.74835],[-98.56215,18.74683],[-98.57213,18.72814],[-98.57534,18.73304],[-98.57905,18.73272],[-98.57988,18.72145],[-98.57716,18.71526],[-98.57401,18.71221],[-98.57086,18.71653],[-98.56157,18.71313],[-98.56462,18.70961],[-98.57521,18.70889],[-98.57743,18.70055],[-98.58341,18.696],[-98.58443,18.68789],[-98.57912,18.67859],[-98.58528,18.68075],[-98.60314,18.67254],[-98.60545,18.66235],[-98.61985,18.6527],[-98.62736,18.68135],[-98.64336,18.68202],[-98.64424,18.67052],[-98.64681,18.6762],[-98.65241,18.67672],[-98.64867,18.67342],[-98.65094,18.66247],[-98.66329,18.65906],[-98.67067,18.65227],[-98.67227,18.6538],[-98.67039,18.66085],[-98.66586,18.66286],[-98.66452,18.67084],[-98.67013,18.68244],[-98.67768,18.68796],[-98.67442,18.69055],[-98.66806,18.68597],[-98.66365,18.68706],[-98.65996,18.71476],[-98.65496,18.70981],[-98.65673,18.69946],[-98.65411,18.69683],[-98.65081,18.70476],[-98.63421,18.71102],[-98.61817,18.70868],[-98.61016,18.7115],[-98.60064,18.69893],[-98.59348,18.70468],[-98.59471,18.71236],[-98.61126,18.71405],[-98.62313,18.7408],[-98.61638,18.74686],[-98.61821,18.75316],[-98.61186,18.75895],[-98.60907,18.75349],[-98.59221,18.74242],[-98.58501,18.7382],[-98.58029,18.73957],[-98.58189,18.75005],[-98.58768,18.75706],[-98.5852,18.76],[-98.58076,18.75879],[-98.582,18.76795],[-98.57501,18.7873],[-98.57542,18.80508],[-98.55765,18.80548],[-98.56018,18.81566],[-98.55812,18.81313],[-98.55218,18.81417],[-98.55122,18.8075],[-98.54731,18.80992],[-98.54674,18.81718],[-98.53267,18.81351],[-98.5405,18.82818],[-98.50244,18.82292],[-98.50493,18.83709],[-98.50973,18.84199],[-98.48852,18.83239],[-98.48085,18.8439],[-98.45478,18.8021],[-98.44835,18.81117],[-98.44714,18.81998],[-98.45686,18.84143],[-98.44935,18.83944],[-98.44666,18.8494],[-98.42285,18.84888],[-98.41717,18.85929],[-98.41047,18.86129]]]}}]}