{
"type": "FeatureCollection",
"name": "28",
"crs": { "type": "name", "properties": { "name": "urn:ogc:def:crs:OGC:1.3:CRS84" } },
"features": [
{ "type": "Feature", "properties": { "code": "28009", "stateCode": "28", "municipalityCode": "009", "name": "Ciudad Madero" }, "geometry": { "type": "Polygon", "coordinates": [ [ [ -97.819591759697573, 22.325787916301447 ], [ -97.805403709416666, 22.295491022044327 ], [ -97.784611484821653, 22.266327823993887 ], [ -97.772952706958122, 22.266863126648172 ], [ -97.811643769140815, 22.251773679849077 ], [ -97.832112508997682, 22.238102710657035 ], [ -97.836380678560872, 22.23013945029297 ], [ -97.844012859124689, 22.234000084376362 ], [ -97.845544088696258, 22.240188490107261 ], [ -97.857537149344267, 22.246499370232179 ], [ -97.855592738690618, 22.261697510704234 ], [ -97.859446488889375, 22.266830520375862 ], [ -97.856311049458526, 22.275439339553568 ], [ -97.852045778263488, 22.273911829806085 ], [ -97.857862969004898, 22.282086971944597 ], [ -97.853870059251264, 22.281273859602262 ], [ -97.848697940444595, 22.306265220120622 ], [ -97.855672539066859, 22.321903428480496 ], [ -97.846133047946466, 22.326470281022054 ], [ -97.844786950034845, 22.322456571311097 ], [ -97.83515314033005, 22.323132540188826 ], [ -97.835135549236071, 22.326092882525945 ], [ -97.819591759697573, 22.325787916301447 ] ] ] } },
{ "type": "Feature", "properties": { "code": "28003", "stateCode": "28", "municipalityCode": "003", "name": "Altamira" }, "geometry": { "type": "Polygon", "coordinates": [ [ [ -98.049471249846221, 22.799822120624572 ], [ -98.057081539072001, 22.752031661040007 ], [ -98.034600430132741, 22.641355509611309 ], [ -98.030835678906001, 22.642610380449678 ], [ -98.023279628936024, 22.634667430920235 ], [ -98.018242598694243, 22.64013837977695 ], [ -98.01421122984307, 22.640136920569311 ], [ -98.011220889545598, 22.635223400357965 ], [ -98.014144829948691, 22.631530770195116 ], [ -98.011633878990168, 22.631287179793009 ], [ -97.999417998946157, 22.650603890338704 ], [ -98.003282028873087, 22.652326381048521 ], [ -98.00216961948037, 22.659649280542524 ], [ -97.99378545920014, 22.659539150222866 ], [ -97.99079045030571, 22.666190570150849 ], [ -97.983475309000752, 22.669141550051535 ], [ -97.975788648975666, 22.6631866300452 ], [ -97.976235028605558, 22.658546650587873 ], [ -97.982195950150214, 22.652644649973311 ], [ -97.977795139650397, 22.650590169653778 ], [ -97.972235780190701, 22.658776650344134 ], [ -97.973352089555462, 22.670551949687464 ], [ -97.968732479114863, 22.665497170783372 ], [ -97.970894220259723, 22.650957121337154 ], [ -97.96306390886221, 22.66210457079071 ], [ -97.957067199702749, 22.660879569705127 ], [ -97.959458849965031, 22.645371969591604 ], [ -97.948330910000408, 22.644564970837891 ], [ -97.939266880373523, 22.655233461133488 ], [ -97.931370118834963, 22.65691172119266 ], [ -97.929681289956832, 22.649995341205294 ], [ -97.935963740497428, 22.640478579562608 ], [ -97.933192139661102, 22.638403350700571 ], [ -97.926410368935166, 22.649963400075958 ], [ -97.920937799366314, 22.652458020945417 ], [ -97.913308879708111, 22.638434740724758 ], [ -97.916861259050961, 22.625717921074109 ], [ -97.908980109716993, 22.612973890230844 ], [ -97.91238644884524, 22.596609751042831 ], [ -97.9081139794568, 22.590283850567637 ], [ -97.909917490287214, 22.57904467971645 ], [ -97.904069540140455, 22.571970891339546 ], [ -97.893165689687336, 22.570487949690165 ], [ -97.88881361917062, 22.561587570922534 ], [ -97.881550689870551, 22.564643890455258 ], [ -97.876344628772472, 22.562731919542493 ], [ -97.877485819643482, 22.567554311340494 ], [ -97.872991348632922, 22.574268430642917 ], [ -97.865781680098394, 22.551939109657265 ], [ -97.859520969290614, 22.549014475030202 ], [ -97.856602408241685, 22.509864341345452 ], [ -97.850327155584978, 22.493010627401421 ], [ -97.833531161763233, 22.493042468092696 ], [ -97.857568767553389, 22.49257749705281 ], [ -97.857464030737887, 22.482175318357719 ], [ -97.834372695933226, 22.4818816861277 ], [ -97.856766297226244, 22.481791644702461 ], [ -97.858702792216434, 22.467197004914691 ], [ -97.845241207011114, 22.405372287120759 ], [ -97.819591759697573, 22.325787916301447 ], [ -97.835305489107057, 22.326088651184243 ], [ -97.83515314033005, 22.323132540188826 ], [ -97.844786950034845, 22.322456571311097 ], [ -97.846378226691769, 22.326446892040916 ], [ -97.85723573879126, 22.321694461018861 ], [ -97.902226449202871, 22.326534490762938 ], [ -97.950028909390355, 22.323288380974663 ], [ -97.96264045003511, 22.325804510490215 ], [ -97.966078859949192, 22.331935620428979 ], [ -97.985242969033237, 22.341178081254935 ], [ -97.990020249058347, 22.350863820170428 ], [ -98.000710108577167, 22.348157050887789 ], [ -98.01290141982588, 22.353279509652726 ], [ -98.021074459110579, 22.352783580355826 ], [ -98.02847211016531, 22.358392090579937 ], [ -98.053960490174617, 22.355540170781435 ], [ -98.059451719097893, 22.346377030363627 ], [ -98.072781458775012, 22.347161489949499 ], [ -98.086015309069168, 22.370153659706347 ], [ -98.09549367896004, 22.372694450849568 ], [ -98.106213119072663, 22.366712310808438 ], [ -98.111865679326343, 22.378152181149858 ], [ -98.113535969588455, 22.39530328093262 ], [ -98.151560200420036, 22.412944629929871 ], [ -98.163287249730061, 22.409984830475956 ], [ -98.188987520317113, 22.425339450570061 ], [ -98.189743199732902, 22.441790519603234 ], [ -98.199884678793907, 22.449035879588632 ], [ -98.193552850274145, 22.468721201102397 ], [ -98.207002479165467, 22.46402383098771 ], [ -98.21984364877828, 22.471750910346216 ], [ -98.232365139014021, 22.461330980826339 ], [ -98.240308229441823, 22.469721579582192 ], [ -98.247931428889899, 22.471656630015914 ], [ -98.253384399114168, 22.466461061252446 ], [ -98.256634170236381, 22.45340615052228 ], [ -98.275542628929458, 22.44767400006798 ], [ -98.28361297913797, 22.463383260808488 ], [ -98.292689579391492, 22.468876310431757 ], [ -98.293965850454413, 22.475067259574679 ], [ -98.304541138959465, 22.47863125064876 ], [ -98.310244149823149, 22.498560451122597 ], [ -98.306514218939142, 22.499210970893337 ], [ -98.311290119967325, 22.500283630659904 ], [ -98.307831539542121, 22.510042599852568 ], [ -98.329009220329539, 22.512819400486968 ], [ -98.32211567991321, 22.559687120176466 ], [ -98.343484948669357, 22.561906250516714 ], [ -98.332128599085408, 22.653935020067379 ], [ -98.309303649239936, 22.651562659719705 ], [ -98.303969939090351, 22.691843089863617 ], [ -98.308799369857255, 22.692454379594306 ], [ -98.305384889674585, 22.717993861341611 ], [ -98.299355518873085, 22.718401340413362 ], [ -98.304771859006237, 22.72218315064783 ], [ -98.300907999410754, 22.751157251021525 ], [ -98.292053249320389, 22.750062201110271 ], [ -98.289249460155801, 22.770914709801744 ], [ -98.2755068591092, 22.758281000920714 ], [ -98.279190339439651, 22.729984260759696 ], [ -98.264754049643031, 22.728314221255591 ], [ -98.265795689542585, 22.719796780709366 ], [ -98.255772218560963, 22.718651350217268 ], [ -98.261133429491693, 22.680606580978836 ], [ -98.251799180467955, 22.671487080263368 ], [ -98.241336879237451, 22.671250800747824 ], [ -98.241305909473184, 22.67420792078876 ], [ -98.22790951944495, 22.679243661144969 ], [ -98.221469938683953, 22.678560290122867 ], [ -98.220267259847873, 22.673152461159727 ], [ -98.215521628886577, 22.670645350938145 ], [ -98.217636369940791, 22.679145171222302 ], [ -98.208241709803417, 22.74845738095863 ], [ -98.162058779504804, 22.743135660062883 ], [ -98.116135920229041, 22.758536679767268 ], [ -98.110254679984251, 22.797616850302997 ], [ -98.089681450087355, 22.794898630084642 ], [ -98.088335049035521, 22.80445226005374 ], [ -98.049471249846221, 22.799822120624572 ] ] ] } },
{ "type": "Feature", "properties": { "code": "28022", "stateCode": "28", "municipalityCode": "022", "name": "Matamoros" }, "geometry": { "type": "Polygon", "coordinates": [ [ [ -97.860874599709888, 26.069862150179734 ], [ -97.861001649514535, 26.05296142031365 ], [ -97.839202629942136, 26.053108540433598 ], [ -97.834261780472247, 26.045602219584318 ], [ -97.825846320028418, 26.055822780434017 ], [ -97.819285709905742, 26.056584310180291 ], [ -97.81468395028331, 26.053233999768199 ], [ -97.816459179962777, 26.045402680247882 ], [ -97.812411179554914, 26.044065580426967 ], [ -97.811267369810551, 26.055256150080425 ], [ -97.801092709643513, 26.060210169595027 ], [ -97.798878090050579, 26.052839879709925 ], [ -97.792772600495411, 26.053229029976247 ], [ -97.788821850411495, 26.049447120368221 ], [ -97.795438430116178, 26.046715089620097 ], [ -97.797284520183922, 26.039348380347022 ], [ -97.791727779864502, 26.033795980072234 ], [ -97.781838939528853, 26.033772569750095 ], [ -97.777898849573504, 26.029208060118272 ], [ -97.769298890287757, 26.035941090274257 ], [ -97.775695740416069, 26.039535860026991 ], [ -97.776784400361819, 26.044317740341867 ], [ -97.768035490017596, 26.047258909621725 ], [ -97.76267038018635, 26.041574479590601 ], [ -97.764194539818703, 26.028371290369606 ], [ -97.761538619788098, 26.025561340125147 ], [ -97.752192750091112, 26.031539220396571 ], [ -97.748003180436484, 26.026113080043441 ], [ -97.742777020307273, 26.029694180206665 ], [ -97.735271029705231, 26.028441510408051 ], [ -97.734691550176478, 26.032006049673171 ], [ -97.721385400452505, 26.031270310028891 ], [ -97.718202719772876, 26.028860180404987 ], [ -97.720455459944901, 26.023023120446236 ], [ -97.709496370079819, 26.026183199617311 ], [ -97.707120079775748, 26.037734570099946 ], [ -97.702225580060841, 26.03081671018224 ], [ -97.69697917991067, 26.030645940136623 ], [ -97.697558600244321, 26.023906539918052 ], [ -97.691559879782432, 26.018817829743632 ], [ -97.689960059636334, 26.022354599915399 ], [ -97.693270690325079, 26.032358459721294 ], [ -97.687569430234362, 26.027302880313091 ], [ -97.675656120206284, 26.025824949776727 ], [ -97.673249229664719, 26.028036029669675 ], [ -97.675991030361899, 26.029772520158332 ], [ -97.674844489847544, 26.032819510386513 ], [ -97.670896980297272, 26.033973120311057 ], [ -97.667240859997889, 26.028882779989271 ], [ -97.66261400027841, 26.038076479993787 ], [ -97.660613430079692, 26.031440429611422 ], [ -97.667412089497034, 26.024536620034429 ], [ -97.668137289593247, 26.019425309923161 ], [ -97.657738400320426, 26.02004500002548 ], [ -97.651618920359653, 26.015868259940977 ], [ -97.650431800335298, 26.023714680418358 ], [ -97.646388710467022, 26.027387569833468 ], [ -97.639920950481553, 26.02395082987983 ], [ -97.637770939519953, 26.013755660062262 ], [ -97.649294979774538, 26.010443680006617 ], [ -97.635667849626856, 26.000139620360812 ], [ -97.627133819551801, 26.006113049805656 ], [ -97.627318279827946, 25.996540309840331 ], [ -97.618361060294816, 26.002315280193184 ], [ -97.620483679850125, 25.992166910028327 ], [ -97.631036750042327, 25.99645641975572 ], [ -97.634449630243168, 25.990036770203094 ], [ -97.621641450315892, 25.98914645984248 ], [ -97.616680579520505, 25.979057980213767 ], [ -97.607907619653488, 25.976810519908881 ], [ -97.610603340331039, 25.9659616602817 ], [ -97.602095199943477, 25.957355460267046 ], [ -97.598470980228527, 25.956747829961621 ], [ -97.593842079831134, 25.961640850157494 ], [ -97.582121520226337, 25.962378250343981 ], [ -97.583123999579982, 25.954975460199101 ], [ -97.578117049862016, 25.94209361995313 ], [ -97.572880519562347, 25.946230680176519 ], [ -97.574467459702277, 25.953947029588573 ], [ -97.567907580184198, 25.952513860297241 ], [ -97.566397650288934, 25.944740970305965 ], [ -97.582193630422509, 25.938633689677303 ], [ -97.583274229618681, 25.933216480107166 ], [ -97.566972119964419, 25.933724049579155 ], [ -97.567978850367183, 25.927777910348976 ], [ -97.561724049507859, 25.925677800019812 ], [ -97.557724230112626, 25.935392909916871 ], [ -97.552345950342215, 25.937183780073852 ], [ -97.54617508960024, 25.934220860032372 ], [ -97.543675910481412, 25.923361119778967 ], [ -97.537314449559261, 25.930809549986737 ], [ -97.543052149816944, 25.920112820260073 ], [ -97.530005550155551, 25.919866119812387 ], [ -97.53325758040252, 25.908443380118275 ], [ -97.528539119988423, 25.90678174018359 ], [ -97.523747819641272, 25.898994059683396 ], [ -97.521271630225385, 25.886323749764788 ], [ -97.510900920222156, 25.887542620437753 ], [ -97.498190220478705, 25.899162680339774 ], [ -97.497150220283672, 25.879867429815679 ], [ -97.487907919908579, 25.885451939944247 ], [ -97.487806490280988, 25.879214419738858 ], [ -97.484450279520743, 25.878823079639172 ], [ -97.468989419708066, 25.888918749642595 ], [ -97.468397460028982, 25.883966649921089 ], [ -97.474742740278657, 25.879720880401333 ], [ -97.470577880263789, 25.875358220129684 ], [ -97.463974979994831, 25.882126580078783 ], [ -97.455517460121044, 25.88411925031599 ], [ -97.456744599864692, 25.868646229713558 ], [ -97.453508229573259, 25.867405059733418 ], [ -97.449041718659046, 25.872287369816533 ], [ -97.444612689308556, 25.867806580324562 ], [ -97.454056578641982, 25.854280850217059 ], [ -97.445081420139829, 25.856372080425601 ], [ -97.444049879992662, 25.848613630216494 ], [ -97.43611108010829, 25.849987650432141 ], [ -97.423498689808198, 25.840237600012813 ], [ -97.412369369914629, 25.841136979684332 ], [ -97.413977509872112, 25.855998340085069 ], [ -97.409454719990151, 25.862269949658462 ], [ -97.407916480156061, 25.854644910456052 ], [ -97.410554109614878, 25.849566909959183 ], [ -97.407893369966175, 25.845215059884119 ], [ -97.401966379793123, 25.852236550268969 ], [ -97.398657149965672, 25.850336510264707 ], [ -97.400532680183616, 25.841363980069907 ], [ -97.406907860380016, 25.840036799775003 ], [ -97.406150600151733, 25.837895969700348 ], [ -97.393388320310919, 25.837291339818968 ], [ -97.38704505977266, 25.843908850310104 ], [ -97.381914319663522, 25.839625540213078 ], [ -97.372630779539236, 25.84012515012963 ], [ -97.370993249881678, 25.849594890243175 ], [ -97.364211890324057, 25.850867149832339 ], [ -97.376186249934975, 25.855592939802371 ], [ -97.369384350112441, 25.857756749649237 ], [ -97.361452020326425, 25.869475580361801 ], [ -97.359016820211195, 25.865820849998364 ], [ -97.356659060147493, 25.86735052014377 ], [ -97.359434429996071, 25.879804480155926 ], [ -97.364189860418819, 25.877772650007273 ], [ -97.374172939527242, 25.88027737997303 ], [ -97.356401280055422, 25.88776195015144 ], [ -97.366496000001078, 25.890545219786755 ], [ -97.366015620320411, 25.902353020145402 ], [ -97.375031880017573, 25.908292489871151 ], [ -97.36809935018681, 25.909770109705054 ], [ -97.36913663033954, 25.915134769888727 ], [ -97.354760140445606, 25.919785620000997 ], [ -97.34791539967641, 25.931310310218638 ], [ -97.336842490330909, 25.929684460365067 ], [ -97.337877999919044, 25.920388569979089 ], [ -97.33422224975196, 25.920289049785747 ], [ -97.333013349956602, 25.926154819878921 ], [ -97.330857109938222, 25.91790303004219 ], [ -97.326095909908744, 25.917544080339596 ], [ -97.324610000464105, 25.924943770160947 ], [ -97.318276919829728, 25.93114811000974 ], [ -97.313621880261906, 25.931017349935257 ], [ -97.309489319686818, 25.926341800081584 ], [ -97.304830110268327, 25.928016859974125 ], [ -97.303204710327137, 25.936980569812512 ], [ -97.295642119842185, 25.933271019676894 ], [ -97.291685230144708, 25.936405630320735 ], [ -97.276822000216285, 25.935197629849242 ], [ -97.280967490460242, 25.9442716498307 ], [ -97.278064939845322, 25.947040429546902 ], [ -97.289252830141706, 25.954010369625163 ], [ -97.283965679990999, 25.959327999717814 ], [ -97.276433619547987, 25.952168089714839 ], [ -97.247494370325143, 25.948030549722723 ], [ -97.238769000173221, 25.955734079643022 ], [ -97.226572220143126, 25.959294110123452 ], [ -97.219863220087703, 25.957278220433615 ], [ -97.208631659940082, 25.963870319875973 ], [ -97.20495568005127, 25.957984049825225 ], [ -97.188624680286537, 25.95372185015048 ], [ -97.186809280299755, 25.958425749609372 ], [ -97.177549400044683, 25.96176847954947 ], [ -97.176217650098138, 25.96564553979271 ], [ -97.167048400390371, 25.960265850078091 ], [ -97.158539649510118, 25.961752999786228 ], [ -97.158771519657719, 25.948814630077447 ], [ -97.146373749877014, 25.954886910206529 ], [ -97.144313450152111, 25.917189889892505 ], [ -97.146523334922961, 25.865779036674024 ], [ -97.164254430905629, 25.745644268093105 ], [ -97.179755531119, 25.686244927880988 ], [ -97.200985843327956, 25.628339261083241 ], [ -97.207459177657555, 25.621802480604021 ], [ -97.390539315106366, 25.305811506762495 ], [ -97.419106188809309, 25.248751764842535 ], [ -97.420540497331956, 25.236432947199123 ], [ -97.41196212958468, 25.234094568615454 ], [ -97.424975547008643, 25.237203283653592 ], [ -97.427777432657834, 25.234445879848071 ], [ -97.413026614281151, 25.230621759583066 ], [ -97.425263936833744, 25.233467744111088 ], [ -97.438350651996615, 25.216633740042145 ], [ -97.51697480853845, 25.040947052083521 ], [ -97.518845149542514, 25.050144080399797 ], [ -97.670185689993119, 25.22452164986332 ], [ -97.71861725024732, 25.27187875010743 ], [ -97.718594690259735, 25.261597140238425 ], [ -97.8077166299434, 25.341472340149672 ], [ -97.803283489731882, 25.346775879951448 ], [ -97.848845620225376, 25.367271380350491 ], [ -97.851726849977737, 25.370284430020348 ], [ -97.84723985040749, 25.374522309599037 ], [ -97.859292320311766, 25.385847290052723 ], [ -97.862863650212475, 25.380524259720396 ], [ -97.877987490374281, 25.396303079706136 ], [ -97.899803570433662, 25.375791599924533 ], [ -97.899774050200904, 25.380854970164432 ], [ -97.941145550144057, 25.380858710119561 ], [ -97.942617720358058, 25.385283910265297 ], [ -97.889875349700588, 25.435013719568193 ], [ -97.889848800068918, 25.453026110397154 ], [ -97.869980920370338, 25.453054709607684 ], [ -97.869965139988892, 25.462056229716197 ], [ -97.860036689713738, 25.462106749542354 ], [ -97.860019290424745, 25.480106110316413 ], [ -97.850154399830757, 25.480117689799261 ], [ -97.850039080073458, 25.495121029559446 ], [ -97.853150230249213, 25.495168319607185 ], [ -97.85335882000868, 25.498117030146318 ], [ -97.869125019820757, 25.49823836981972 ], [ -97.868957739709288, 25.504185819658989 ], [ -97.736594800237597, 25.503983739858587 ], [ -97.735772310043401, 25.812672799971676 ], [ -97.804518980281969, 25.892129480116921 ], [ -97.805555109872984, 25.902387820184401 ], [ -97.823210780122267, 25.893208950445651 ], [ -97.860997750351714, 25.91737443013648 ], [ -97.916380857630472, 25.933968370774696 ], [ -97.916719489725196, 25.963783430009205 ], [ -97.906578710373779, 25.963851629855267 ], [ -97.908055019658548, 26.026674220022386 ], [ -97.90262605041805, 26.02881943017174 ], [ -97.906113310174291, 26.040141939670526 ], [ -97.906010619595193, 26.045705660066581 ], [ -97.900602719730259, 26.045513339632002 ], [ -97.902159940217715, 26.060925890003137 ], [ -97.890102310031025, 26.060627109647527 ], [ -97.887092230069541, 26.066596750385202 ], [ -97.876826710111999, 26.064623349908313 ], [ -97.868976260411557, 26.056777740191414 ], [ -97.860874599709888, 26.069862150179734 ] ] ] } },
{ "type": "Feature", "properties": { "code": "28021", "stateCode": "28", "municipalityCode": "021", "name": "El Mante" }, "geometry": { "type": "Polygon", "coordinates": [ [ [ -99.108828950284433, 22.860222849624755 ], [ -99.090224369924229, 22.853571020444758 ], [ -99.069698369858926, 22.8336401699442 ], [ -99.060737940398951, 22.83790381957348 ], [ -99.041834400450938, 22.836318249929402 ], [ -99.033780369783003, 22.842366289956384 ], [ -99.030268229727795, 22.836759690174699 ], [ -99.024839119701568, 22.843112749866737 ], [ -99.019833689902825, 22.83511852038658 ], [ -99.004953950070757, 22.82760145018031 ], [ -98.995360578663181, 22.82588953993691 ], [ -98.988994260341542, 22.831694799900852 ], [ -98.971108779940351, 22.820854830119718 ], [ -98.955704800059991, 22.822435089661234 ], [ -98.950343079741145, 22.815572370010219 ], [ -98.947675600349328, 22.804473449574878 ], [ -98.933623460150812, 22.806726310249104 ], [ -98.922476119971392, 22.798678350163609 ], [ -98.915523140232423, 22.803435459723826 ], [ -98.904933820311214, 22.804433569636512 ], [ -98.906702859628268, 22.792730120007189 ], [ -98.889875850208909, 22.781241920253446 ], [ -98.879521939760508, 22.780696719867915 ], [ -98.869428800029212, 22.784403449870055 ], [ -98.867318890245414, 22.788888859801794 ], [ -98.871893150405313, 22.795202419925001 ], [ -98.865482030075341, 22.799514740263014 ], [ -98.859903739985555, 22.791721979728482 ], [ -98.851541369523247, 22.791725880194758 ], [ -98.846945380081053, 22.78294845991233 ], [ -98.85195216977111, 22.766874830188559 ], [ -98.850311450059507, 22.756748859776941 ], [ -98.836539679612244, 22.757499830281279 ], [ -98.834307709937718, 22.74346103006447 ], [ -98.847694490460668, 22.74265795028851 ], [ -98.846723710165705, 22.737430050078398 ], [ -98.842190280229204, 22.739158919628231 ], [ -98.84166442999242, 22.736199910365617 ], [ -98.846276740013778, 22.713910080446549 ], [ -98.842302620477483, 22.713427770228652 ], [ -98.843909460024051, 22.709683890272458 ], [ -98.856351139898536, 22.715708169821912 ], [ -98.862396689532105, 22.666798339951097 ], [ -98.865703170417731, 22.666733140265009 ], [ -98.873653370313349, 22.611087539717385 ], [ -98.864095749693575, 22.614305779895048 ], [ -98.851627580046582, 22.606429449554113 ], [ -98.835839029602937, 22.584675480320737 ], [ -98.828314549755319, 22.582608770109644 ], [ -98.814190089913907, 22.584908509769807 ], [ -98.80281125975776, 22.599618799626722 ], [ -98.788628940341695, 22.599957940188116 ], [ -98.782465849850681, 22.610364740018007 ], [ -98.77688867953087, 22.612226320071301 ], [ -98.763153119962681, 22.606863979846004 ], [ -98.762052569971914, 22.60231132032667 ], [ -98.686540820043177, 22.599160419674195 ], [ -98.682041660462744, 22.625886450168952 ], [ -98.677296349686728, 22.618857089849385 ], [ -98.668442860428485, 22.61693168971405 ], [ -98.657731909650494, 22.608296449809021 ], [ -98.639189659816964, 22.603052620365993 ], [ -98.63473368953764, 22.604488249860552 ], [ -98.624403770062386, 22.595449580173504 ], [ -98.614081420121821, 22.600305679660412 ], [ -98.606562629697763, 22.594197019747725 ], [ -98.59657477968112, 22.596497279685128 ], [ -98.591848689521512, 22.591635630104953 ], [ -98.575183820324796, 22.592005539597512 ], [ -98.565492859904182, 22.587465219963036 ], [ -98.562774820250809, 22.58945147975453 ], [ -98.559282980345642, 22.584357350161213 ], [ -98.560614120438515, 22.581201450044968 ], [ -98.539325339913532, 22.579415660128522 ], [ -98.531807650421015, 22.569719320057555 ], [ -98.532150660301923, 22.565858370001425 ], [ -98.550388680212905, 22.565677370266886 ], [ -98.556295689598414, 22.555796949822732 ], [ -98.552763619753591, 22.547941570285815 ], [ -98.545816090026577, 22.551090679556708 ], [ -98.548277830009141, 22.544833450347038 ], [ -98.54629142973414, 22.54239591990579 ], [ -98.540204650029878, 22.550277260434378 ], [ -98.529330260211538, 22.545720619630188 ], [ -98.526954879601647, 22.53664117978952 ], [ -98.5307660898753, 22.525274059707122 ], [ -98.522934999928353, 22.519406879876055 ], [ -98.52636085001042, 22.515468820398489 ], [ -98.538488650215086, 22.520947110263915 ], [ -98.546509709947586, 22.514825719792555 ], [ -98.545121179849758, 22.496286910310321 ], [ -98.536667860481472, 22.47809730963866 ], [ -98.525918940131447, 22.470252849883682 ], [ -98.53665962976136, 22.4675737704063 ], [ -98.53832977039302, 22.464282429576578 ], [ -98.535544020172011, 22.459586570147252 ], [ -98.514642710120199, 22.447072859963974 ], [ -98.502256890289502, 22.458266580291589 ], [ -98.488594369985847, 22.458565749860469 ], [ -98.483027710075376, 22.454641149929699 ], [ -98.491844280054607, 22.435893429677645 ], [ -98.488494600467533, 22.424254260348622 ], [ -98.491607949550669, 22.419539660395607 ], [ -98.49684962023602, 22.424026889955226 ], [ -98.4942753801311, 22.427242650358096 ], [ -98.506388510191812, 22.429266719782628 ], [ -98.512153479703997, 22.42120588981609 ], [ -98.509597149883817, 22.416387950377874 ], [ -98.525361720206106, 22.406780719757197 ], [ -98.541324339655915, 22.405743709604259 ], [ -98.546083109590668, 22.400189660023454 ], [ -98.568512819827944, 22.401578429649877 ], [ -98.574935519903235, 22.393945489706283 ], [ -98.583482310341125, 22.397288480313371 ], [ -98.592325710225168, 22.395316170212038 ], [ -98.594492200456642, 22.398669620284224 ], [ -98.602987780020356, 22.399563110077729 ], [ -98.608039510146682, 22.407215339738741 ], [ -98.613752119972929, 22.408925050329611 ], [ -98.62119861977726, 22.402297949983065 ], [ -98.626901229772898, 22.402160979981339 ], [ -98.626309089706595, 22.404544459903182 ], [ -98.629570599982756, 22.40400180030441 ], [ -98.638155999615677, 22.414524030146389 ], [ -98.640248889518404, 22.411418170220959 ], [ -98.654937910178205, 22.409229289997377 ], [ -98.66578003006579, 22.403725020146325 ], [ -98.677099199595318, 22.408927220218459 ], [ -98.690336220365964, 22.402738340357487 ], [ -98.700819910215046, 22.402572690297859 ], [ -98.718305249976069, 22.390813969599531 ], [ -98.726382769556594, 22.38977922964763 ], [ -98.731507180048737, 22.381256080026958 ], [ -98.745939570085767, 22.380865349796458 ], [ -98.751676080450636, 22.369023860322542 ], [ -98.756404320216305, 22.366940969761007 ], [ -98.77561997030945, 22.364223569607862 ], [ -98.78643128987099, 22.365979090223767 ], [ -98.791891509958347, 22.361868059686643 ], [ -98.811231450117418, 22.36151740020459 ], [ -98.821467319733387, 22.356255800141618 ], [ -98.852700950012348, 22.368361110087321 ], [ -98.859138140296551, 22.364740600276679 ], [ -98.872289490001975, 22.36741298000867 ], [ -98.88063251005795, 22.358297459793064 ], [ -98.889997249592014, 22.355093510383441 ], [ -98.896960420378576, 22.359146509970532 ], [ -98.899033920034483, 22.365884399760564 ], [ -98.912680719595585, 22.374216249646398 ], [ -98.925346480182327, 22.372903619873842 ], [ -98.938753769745588, 22.455803540126713 ], [ -98.959080520348763, 22.456675819714789 ], [ -98.968735719843238, 22.502897349878598 ], [ -99.018443090259822, 22.585020800111362 ], [ -99.014002149886352, 22.586295819676202 ], [ -99.027281659559364, 22.599611480306208 ], [ -99.011867259684379, 22.604154179682443 ], [ -99.014367620436758, 22.610059119861184 ], [ -99.024519939726531, 22.618510740437632 ], [ -99.036312940257659, 22.636100740412047 ], [ -99.051580429606886, 22.636236229679934 ], [ -99.063874780140182, 22.628646969893936 ], [ -99.081336339819003, 22.717200619806633 ], [ -99.075529740458023, 22.717425719933242 ], [ -99.086507740384278, 22.746916510288909 ], [ -99.116507480284355, 22.751489180198053 ], [ -99.119117419623677, 22.758113680224039 ], [ -99.117043169684763, 22.757825140197035 ], [ -99.116401000292655, 22.765008829680585 ], [ -99.12548226027215, 22.766185779707584 ], [ -99.123479180444335, 22.781511720262511 ], [ -99.092430909584436, 22.773353419578115 ], [ -99.093561119797698, 22.783252950185716 ], [ -99.105293919847668, 22.786094509771701 ], [ -99.096612679573937, 22.792997660295775 ], [ -99.098387479985277, 22.798412029767455 ], [ -99.102937849937817, 22.798076550068178 ], [ -99.104483889965152, 22.801330970188477 ], [ -99.118216940485851, 22.83884176995651 ], [ -99.112123570417538, 22.837947860005848 ], [ -99.121208140069555, 22.853027550129411 ], [ -99.108828950284433, 22.860222849624755 ] ] ] } },
{ "type": "Feature", "properties": { "code": "28013", "stateCode": "28", "municipalityCode": "013", "name": "Güémez" }, "geometry": { "type": "Polygon", "coordinates": [ [ [ -99.179157709982576, 24.096816980605588 ], [ -99.169163849095298, 24.093841261051111 ], [ -99.165553510320919, 24.089366350572295 ], [ -99.15251334020445, 24.090358601337638 ], [ -99.130204428599171, 24.07932214132795 ], [ -99.118918858697427, 24.080228800489635 ], [ -99.114483998609188, 24.077696910638913 ], [ -99.109235278668294, 24.082497851102364 ], [ -99.101176648577805, 24.075856400619934 ], [ -99.093923310452965, 24.07454434970704 ], [ -99.094156139220701, 24.069106450052058 ], [ -99.086305970399124, 24.07149848111349 ], [ -99.088733018742076, 24.025718110448011 ], [ -99.075934569702284, 24.019253030712434 ], [ -99.074512488743025, 24.058164110531209 ], [ -99.062794318662654, 24.053946770831576 ], [ -99.065168939561133, 24.013515020981615 ], [ -99.008944149344444, 23.9840809207018 ], [ -99.007653518868565, 23.979448250645675 ], [ -98.982242229283216, 23.97520003049571 ], [ -98.985479449859781, 23.957131279635753 ], [ -98.945279888908132, 23.95075878046265 ], [ -98.946682509826047, 23.943234829709972 ], [ -98.928838999168846, 23.952973780193194 ], [ -98.932050029945486, 23.946655090637531 ], [ -98.91862623046606, 23.948817449758327 ], [ -98.919268878634526, 23.93696289120669 ], [ -98.830129969378063, 23.827986650629825 ], [ -98.837959369549964, 23.828805120877249 ], [ -98.838551679616501, 23.824233549926895 ], [ -98.801380509655488, 23.784401020237141 ], [ -98.795381288565437, 23.779853740573344 ], [ -98.783109829499821, 23.789719310315039 ], [ -98.738919689748585, 23.778391199805618 ], [ -98.740489799665227, 23.772103379667609 ], [ -98.734685819758312, 23.761918369731845 ], [ -98.734725449757548, 23.755849260746082 ], [ -98.746533939749341, 23.750882979621636 ], [ -98.759755139194496, 23.751274570874973 ], [ -98.760963369858388, 23.746776341262951 ], [ -98.768740318601886, 23.743658119958031 ], [ -98.771727050220647, 23.745723509872747 ], [ -98.772070659484825, 23.743252351084383 ], [ -98.776315370061837, 23.743715949638606 ], [ -98.777650289600018, 23.747282659588109 ], [ -98.78149614042745, 23.742767979946912 ], [ -98.778663319699874, 23.741084080514295 ], [ -98.784674919560914, 23.740681939582124 ], [ -98.789359599911705, 23.734417351054944 ], [ -98.798377259209545, 23.735233001231887 ], [ -98.806210139460205, 23.727617229560302 ], [ -98.806930199025587, 23.720801629646708 ], [ -98.814359429084575, 23.722328340696116 ], [ -98.820622018598357, 23.71252452070879 ], [ -98.83037752023705, 23.713496021152174 ], [ -98.829592178592208, 23.706904520994271 ], [ -98.839062289023346, 23.711300340559546 ], [ -98.839238910037551, 23.704254061224525 ], [ -98.846783738815759, 23.701543121286637 ], [ -98.849443628641168, 23.69648066048445 ], [ -98.860244019171148, 23.695060550762989 ], [ -98.863713949938727, 23.698282779571983 ], [ -98.867136999081737, 23.692949890935086 ], [ -98.877970659667568, 23.691869550083876 ], [ -98.882259428598786, 23.683675919686742 ], [ -98.889320509848318, 23.682084690476138 ], [ -98.890566649369205, 23.678880220320639 ], [ -98.911790798903709, 23.677411580213022 ], [ -98.924093229516927, 23.680932600257361 ], [ -98.92771560046171, 23.687699630882609 ], [ -98.933239048553233, 23.684024621323303 ], [ -98.94499968949016, 23.691440691270692 ], [ -98.945802478530211, 23.687588510480253 ], [ -98.950299109512784, 23.685798120363579 ], [ -98.957830550452741, 23.701726720837502 ], [ -98.970139449819982, 23.701961091329046 ], [ -98.969852569434707, 23.71719202067878 ], [ -99.097270820109983, 23.848805521158557 ], [ -99.135920448590824, 23.899887711032889 ], [ -99.138673089694052, 23.902643060719338 ], [ -99.147906978657758, 23.901701940591867 ], [ -99.151698858908404, 23.90800771961721 ], [ -99.144676318597547, 23.911471520014565 ], [ -99.156019348961763, 23.915169571245585 ], [ -99.15459867905399, 23.912789679716102 ], [ -99.171485218578781, 23.904159630152456 ], [ -99.174152319322687, 23.908574599887562 ], [ -99.16097322035732, 23.915408679938743 ], [ -99.177346179920605, 23.938516650397183 ], [ -99.167451169885652, 23.941462540954223 ], [ -99.193716370058411, 23.978042140367556 ], [ -99.199658050036973, 23.979988260708442 ], [ -99.20489205877594, 23.977707290293719 ], [ -99.216409248822302, 23.983096511055034 ], [ -99.237253000281299, 23.974368401108599 ], [ -99.251994019178269, 23.957488951107717 ], [ -99.2605539701228, 23.960721050509626 ], [ -99.269428248519048, 23.957577601303697 ], [ -99.270112549563024, 23.950918550776169 ], [ -99.285228139472707, 23.930075910510304 ], [ -99.309176480157404, 23.915988350989295 ], [ -99.304189689309425, 23.910913259736972 ], [ -99.302225658727906, 23.912820320980142 ], [ -99.292348859100343, 23.908590110212529 ], [ -99.315474509543009, 23.898004480129032 ], [ -99.354600379256254, 23.892337309669536 ], [ -99.368771309674017, 23.893702781003693 ], [ -99.379009450270587, 23.88349794960007 ], [ -99.372967149346948, 23.8815902913347 ], [ -99.358646338909324, 23.859215511193067 ], [ -99.352685309870836, 23.826149540417486 ], [ -99.366802149852859, 23.825281651193944 ], [ -99.367453890332143, 23.832426309881164 ], [ -99.379155999327736, 23.831187600638675 ], [ -99.376362998874583, 23.815277970054282 ], [ -99.406479319047918, 23.814847281255489 ], [ -99.414830379109674, 23.820063060786428 ], [ -99.450030310438123, 23.816403739780334 ], [ -99.454544279648516, 23.841263570625237 ], [ -99.467413690387289, 23.860497850290155 ], [ -99.467414219742793, 23.869513089687029 ], [ -99.456870718774283, 23.866063049737981 ], [ -99.486939860225434, 23.96050061994567 ], [ -99.445764089138336, 23.944337261078211 ], [ -99.437109379921424, 23.926562200543856 ], [ -99.428128218995539, 23.919556449630885 ], [ -99.430264089925714, 23.924072170202152 ], [ -99.424118858569685, 23.948864120704815 ], [ -99.42659957893629, 23.951525280759935 ], [ -99.422491859755397, 23.958177080471266 ], [ -99.417988780291878, 23.958974660708275 ], [ -99.420746679410087, 23.966823139811158 ], [ -99.409603858733448, 23.964185170546433 ], [ -99.403469250116984, 23.96569471025289 ], [ -99.399869179352379, 23.972481949900178 ], [ -99.390801350125656, 23.971571480546334 ], [ -99.387721450098539, 23.974677691297572 ], [ -99.389849308957963, 23.977203221292303 ], [ -99.383106089785272, 23.982020340512967 ], [ -99.366543169613493, 23.987539550853228 ], [ -99.360683849999617, 23.998813030670959 ], [ -99.344843340395556, 23.998668201345158 ], [ -99.342769339483098, 24.00638891042767 ], [ -99.313352580471999, 24.008809480112657 ], [ -99.300751290241038, 24.005509820799439 ], [ -99.282614168903592, 24.009016369792008 ], [ -99.279854429634909, 24.016666230104892 ], [ -99.264857780019739, 24.020958521018255 ], [ -99.241536489998239, 24.01780197052431 ], [ -99.230949659137664, 24.022183911060381 ], [ -99.217541139908789, 24.021249091324592 ], [ -99.213597290339678, 24.020568750237345 ], [ -99.209576568947483, 24.01285705035658 ], [ -99.181924859964852, 24.012301599854247 ], [ -99.179403168928019, 24.047324170635502 ], [ -99.197495980386037, 24.04979557090844 ], [ -99.195390779222151, 24.077681621082313 ], [ -99.182995380183698, 24.078587600972714 ], [ -99.179157709982576, 24.096816980605588 ] ] ] } },
{ "type": "Feature", "properties": { "code": "28041", "stateCode": "28", "municipalityCode": "041", "name": "Victoria" }, "geometry": { "type": "Polygon", "coordinates": [ [ [ -99.216409248822302, 23.983096511055034 ], [ -99.20489205877594, 23.977707290293719 ], [ -99.199658050036973, 23.979988260708442 ], [ -99.193716370058411, 23.978042140367556 ], [ -99.167451169885652, 23.941462540954223 ], [ -99.177346179920605, 23.938516650397183 ], [ -99.16097322035732, 23.915408679938743 ], [ -99.174152319322687, 23.908574599887562 ], [ -99.171485218578781, 23.904159630152456 ], [ -99.15459867905399, 23.912789679716102 ], [ -99.156019348961763, 23.915169571245585 ], [ -99.144676318597547, 23.911471520014565 ], [ -99.151698858908404, 23.90800771961721 ], [ -99.147906978657758, 23.901701940591867 ], [ -99.138673089694052, 23.902643060719338 ], [ -99.135920448590824, 23.899887711032889 ], [ -99.097270820109983, 23.848805521158557 ], [ -98.969852569434707, 23.71719202067878 ], [ -98.970139449819982, 23.701961091329046 ], [ -98.957830550452741, 23.701726720837502 ], [ -98.950299109512784, 23.685798120363579 ], [ -98.945802478530211, 23.687588510480253 ], [ -98.94499968949016, 23.691440691270692 ], [ -98.940873249810679, 23.687203879857108 ], [ -98.945386400242853, 23.687384449703544 ], [ -98.944483249820053, 23.670633280011831 ], [ -98.953293999564607, 23.654907860778593 ], [ -98.943231139636538, 23.649117060010443 ], [ -98.996301660011198, 23.603234830151241 ], [ -98.998885619805833, 23.605744080800832 ], [ -99.028794980080789, 23.580394770247782 ], [ -99.023947019976177, 23.56958020013618 ], [ -99.03140654993976, 23.563095059913739 ], [ -99.03302477000716, 23.571542400682546 ], [ -99.041280660348136, 23.564588570339073 ], [ -99.036218220115572, 23.542361651331817 ], [ -99.063154940210325, 23.518934571287296 ], [ -99.095038948817489, 23.517729370803178 ], [ -99.092725720473112, 23.485663940165246 ], [ -99.113348829697301, 23.486078600619415 ], [ -99.114646119975745, 23.465109340949336 ], [ -99.12203170870697, 23.446480460987637 ], [ -99.137835119171172, 23.443660150004014 ], [ -99.141790059323498, 23.423227030499167 ], [ -99.148922199653185, 23.428557629863189 ], [ -99.148774280308956, 23.409100290826636 ], [ -99.130673849825357, 23.40653088086777 ], [ -99.126816889896403, 23.396140399643304 ], [ -99.156316799829298, 23.397552429997475 ], [ -99.180347679661608, 23.419099220086498 ], [ -99.178710019835265, 23.427849509931928 ], [ -99.183789380086935, 23.430712339839278 ], [ -99.186705780468017, 23.425911109976756 ], [ -99.199864969665754, 23.432225370037052 ], [ -99.205999539773856, 23.427801629560388 ], [ -99.217178289643641, 23.434524150222561 ], [ -99.234495430215176, 23.431926479945353 ], [ -99.240634780229328, 23.435248480160705 ], [ -99.249148369981071, 23.43133059976736 ], [ -99.249242579858446, 23.427267490243683 ], [ -99.255387679587102, 23.466053259771744 ], [ -99.253720309723121, 23.477909449993586 ], [ -99.278771679559995, 23.53507308042672 ], [ -99.287315879624657, 23.617083780107713 ], [ -99.261176140084558, 23.613511219580637 ], [ -99.254395020075464, 23.631306910119878 ], [ -99.258543289626587, 23.645420309758538 ], [ -99.287350030474869, 23.634665029557734 ], [ -99.287191109847313, 23.656862430312273 ], [ -99.270944570338571, 23.672775349700249 ], [ -99.280151569565618, 23.678754019639232 ], [ -99.306796860093513, 23.682872180326981 ], [ -99.306397110079715, 23.726571909863534 ], [ -99.325992549617851, 23.766105120430783 ], [ -99.324253169546537, 23.769459850344852 ], [ -99.303714689957758, 23.774175719945323 ], [ -99.28673925972484, 23.78321572040679 ], [ -99.283792109828084, 23.787916279639969 ], [ -99.305746149684282, 23.82195610992364 ], [ -99.350284829699135, 23.821403289895873 ], [ -99.358646338909324, 23.859215511193067 ], [ -99.372967149346948, 23.8815902913347 ], [ -99.379009450270587, 23.88349794960007 ], [ -99.368771309674017, 23.893702781003693 ], [ -99.354600379256254, 23.892337309669536 ], [ -99.315474509543009, 23.898004480129032 ], [ -99.292348859100343, 23.908590110212529 ], [ -99.302225658727906, 23.912820320980142 ], [ -99.304189689309425, 23.910913259736972 ], [ -99.309176480157404, 23.915988350989295 ], [ -99.285228139472707, 23.930075910510304 ], [ -99.270112549563024, 23.950918550776169 ], [ -99.269428248519048, 23.957577601303697 ], [ -99.2605539701228, 23.960721050509626 ], [ -99.251994019178269, 23.957488951107717 ], [ -99.237253000281299, 23.974368401108599 ], [ -99.216409248822302, 23.983096511055034 ] ] ] } },
{ "type": "Feature", "properties": { "code": "28014", "stateCode": "28", "municipalityCode": "014", "name": "Guerrero" }, "geometry": { "type": "Polygon", "coordinates": [ [ [ -99.731696660116256, 27.294448199639305 ], [ -99.638325309880926, 27.287901309852995 ], [ -99.638240180426735, 27.291802770239386 ], [ -99.604765650186295, 27.289199680267675 ], [ -99.61234698006848, 27.278304859757359 ], [ -99.496462540214111, 27.271326619810601 ], [ -99.49194555012491, 27.263578059838714 ], [ -99.484703750285718, 27.259413650224303 ], [ -99.461951910202856, 27.268386910412179 ], [ -99.452998880242077, 27.26447030982084 ], [ -99.445670089716828, 27.256163600167117 ], [ -99.441832599923202, 27.250806649890531 ], [ -99.441243910508319, 27.242342849643066 ], [ -99.445369000255639, 27.223178550138879 ], [ -99.432609950049411, 27.209922170130778 ], [ -99.426217739575222, 27.176127290439389 ], [ -99.430087850132054, 27.159166350268126 ], [ -99.440021489666023, 27.151146460358149 ], [ -99.438784629510451, 27.145345860034123 ], [ -99.431020089884072, 27.137047020366513 ], [ -99.43103905996351, 27.125228090004271 ], [ -99.44254351021533, 27.106829660339098 ], [ -99.428661050012465, 27.091592749780325 ], [ -99.435573690294163, 27.078980399809762 ], [ -99.452707520451682, 27.064065000025529 ], [ -99.444688740453984, 27.041165029650045 ], [ -99.445089909858368, 27.02026991977214 ], [ -99.429849850376769, 27.01051858033674 ], [ -99.419539980017234, 27.017810570088383 ], [ -99.41541270990659, 27.017375680042612 ], [ -99.387138569949272, 26.982049180085721 ], [ -99.376469000236938, 26.976851680191917 ], [ -99.393757080320341, 26.960227020016934 ], [ -99.385020619979272, 26.939602659984622 ], [ -99.372748169772706, 26.931382060327579 ], [ -99.33702220007028, 26.923398580245152 ], [ -99.324220979655934, 26.91594540002751 ], [ -99.321217170026316, 26.9065599099415 ], [ -99.327995110020652, 26.877781340300988 ], [ -99.317141570031495, 26.865461819921148 ], [ -99.2945700297672, 26.864981599848416 ], [ -99.280498969796639, 26.858088579828159 ], [ -99.268019949992379, 26.842628779976422 ], [ -99.262017479634039, 26.814908770316556 ], [ -99.242493600034237, 26.78731329005538 ], [ -99.239619749980534, 26.745261769551735 ], [ -99.208603429625782, 26.724448939902885 ], [ -99.209629619898479, 26.693595479989842 ], [ -99.199976690250651, 26.655792820075884 ], [ -99.178165709891317, 26.620895709712272 ], [ -99.167414480114871, 26.559683399912831 ], [ -99.185024350079075, 26.564467619693449 ], [ -99.206993819541765, 26.560535049675938 ], [ -99.200143950071038, 26.555730250156085 ], [ -99.2394999796647, 26.555965060311237 ], [ -99.252080980074581, 26.560865059550057 ], [ -99.246226089606239, 26.560850320285759 ], [ -99.245118680260063, 26.564947179564356 ], [ -99.247711850314474, 26.581034150146806 ], [ -99.251648630134795, 26.575159599955839 ], [ -99.338868719702688, 26.559677289790006 ], [ -99.341273740213424, 26.548377230232461 ], [ -99.400385630381166, 26.550083939903633 ], [ -99.396824819506733, 26.596565539678171 ], [ -99.538335249764856, 26.664595619762142 ], [ -99.659164460340463, 26.670365139667151 ], [ -99.663196620320647, 26.682911579860015 ], [ -99.657194829682282, 26.695117979877438 ], [ -99.618581459591653, 26.726470540209096 ], [ -99.616143580040003, 26.75436350980717 ], [ -99.622852479904097, 26.769227769672074 ], [ -99.61117014985021, 26.782489969637442 ], [ -99.61285399959911, 26.791630150162742 ], [ -99.604585220456798, 26.800050980387663 ], [ -99.603811509779376, 26.807923800086115 ], [ -99.597060279667403, 26.809607230288542 ], [ -99.598905689631579, 26.814568420213757 ], [ -99.589214109519048, 26.814597450091455 ], [ -99.586847629915283, 26.824821110275519 ], [ -99.580811910286755, 26.829803450141632 ], [ -99.5835195703376, 26.832028739699442 ], [ -99.584356030118315, 26.848095799747906 ], [ -99.593406569852249, 26.854536540023393 ], [ -99.591046630184181, 26.862548049732435 ], [ -99.611219049705056, 26.873475849927146 ], [ -99.621064090306604, 26.86841474036531 ], [ -99.627052569854087, 26.870457830402881 ], [ -99.625226220309926, 26.883001909693409 ], [ -99.628754889974857, 26.88121627956815 ], [ -99.631013679764919, 26.883853520238194 ], [ -99.630030120362974, 26.89029042043375 ], [ -99.634681339890932, 26.891143739612335 ], [ -99.636931779716761, 26.887269630128561 ], [ -99.644333489944216, 26.885567650388577 ], [ -99.647349150477538, 26.894407540360195 ], [ -99.661390519524915, 26.900838520426117 ], [ -99.667009340491987, 26.894373219770099 ], [ -99.687222909581948, 26.894546999553043 ], [ -99.68553703004568, 26.899034309933789 ], [ -99.694020419535647, 26.909299340282899 ], [ -99.697883970141817, 26.8985668600777 ], [ -99.703476479929506, 26.905473429984148 ], [ -99.70992998007884, 26.905879000163871 ], [ -99.713681520453974, 26.901704450027982 ], [ -99.710442600337217, 26.896752400225154 ], [ -99.721102290334471, 26.896503740132339 ], [ -99.726818749791391, 26.898885259916074 ], [ -99.727901180100048, 26.903515339995959 ], [ -99.723808380119564, 26.903573780400155 ], [ -99.723996679518251, 26.906125949770956 ], [ -99.739332250083308, 26.907374350422867 ], [ -99.744346320495794, 26.912156369605203 ], [ -99.747330180018409, 26.909657819863249 ], [ -99.747661369668705, 26.900243819582936 ], [ -99.764642619947622, 26.893971449689737 ], [ -99.766668890450177, 26.889841909848808 ], [ -99.770131489628866, 26.928418219766584 ], [ -99.734168120343256, 26.920612859671973 ], [ -99.650052829523958, 27.065857890223636 ], [ -99.658911659749123, 27.088189080172068 ], [ -99.678918750181111, 27.102448289763778 ], [ -99.74767041949444, 27.277246999930309 ], [ -99.748807620229215, 27.289000599574816 ], [ -99.732401399872813, 27.287697370150493 ], [ -99.731696660116256, 27.294448199639305 ] ] ] } },
{ "type": "Feature", "properties": { "code": "28040", "stateCode": "28", "municipalityCode": "040", "name": "Valle Hermoso" }, "geometry": { "type": "Polygon", "coordinates": [ [ [ -97.902159940217715, 26.060925890003137 ], [ -97.900602719730259, 26.045513339632002 ], [ -97.906010619595193, 26.045705660066581 ], [ -97.90262605041805, 26.02881943017174 ], [ -97.908055019658548, 26.026674220022386 ], [ -97.906578710373779, 25.963851629855267 ], [ -97.916719489725196, 25.963783430009205 ], [ -97.916380857630472, 25.933968370774696 ], [ -97.860997750351714, 25.91737443013648 ], [ -97.823210780122267, 25.893208950445651 ], [ -97.805555109872984, 25.902387820184401 ], [ -97.804518980281969, 25.892129480116921 ], [ -97.735772310043401, 25.812672799971676 ], [ -97.736594800237597, 25.503983739858587 ], [ -97.885818509565368, 25.504209419678922 ], [ -97.885805140182399, 25.507259800249955 ], [ -97.939515819739384, 25.507496080057873 ], [ -97.939475380479323, 25.615726850185162 ], [ -97.95932648045914, 25.615691780362564 ], [ -97.962129980492222, 25.684399369601554 ], [ -97.979315600235466, 25.684350880414371 ], [ -97.979292199853319, 25.686841710250469 ], [ -97.96188099967911, 25.686776709874966 ], [ -97.961970479670242, 25.718571259978418 ], [ -97.949041490493698, 25.721370180202662 ], [ -97.949382139642879, 25.757517349730769 ], [ -97.934042510226092, 25.75743111012914 ], [ -97.933621619883056, 25.805352980430676 ], [ -97.919481220477081, 25.805524819795728 ], [ -97.919076800185309, 25.861087750061017 ], [ -97.937465339849865, 25.86109104991322 ], [ -97.937512850486314, 25.867964059589742 ], [ -97.93591931033049, 25.879593800351991 ], [ -97.929328820431749, 25.879601970103526 ], [ -97.929334519850514, 25.884765850290172 ], [ -97.919483910417839, 25.884725199591703 ], [ -97.919578800285166, 25.895695719631814 ], [ -97.929409399987691, 25.895751319911128 ], [ -97.929487749895785, 25.931488090329637 ], [ -97.928180819846403, 25.935256879940326 ], [ -97.922428339640078, 25.933565450078476 ], [ -97.922596750202857, 25.967679739632473 ], [ -97.916765000217211, 25.967626630328361 ], [ -97.916854690161273, 25.991116049609591 ], [ -97.912501350404213, 25.991535019652044 ], [ -97.914242000074509, 26.029916949612218 ], [ -97.908243970208801, 26.031127179594343 ], [ -97.912936750067445, 26.05326235018412 ], [ -97.907636620088255, 26.052190149549784 ], [ -97.908290479930358, 26.057499940083662 ], [ -97.902159940217715, 26.060925890003137 ] ] ] } },
{ "type": "Feature", "properties": { "code": "28010", "stateCode": "28", "municipalityCode": "010", "name": "Cruillas" }, "geometry": { "type": "Polygon", "coordinates": [ [ [ -98.408891909857331, 24.871625999793608 ], [ -98.388913860255087, 24.877675370058107 ], [ -98.377976769566317, 24.858191630398178 ], [ -98.362983679637793, 24.865199260152085 ], [ -98.367253260345137, 24.839955889965772 ], [ -98.35178758049706, 24.835670859643582 ], [ -98.352340459996256, 24.810948599564707 ], [ -98.339200119620855, 24.816263229881159 ], [ -98.332834059906958, 24.815304880110201 ], [ -98.321421060203392, 24.773875180019918 ], [ -98.317106520177958, 24.77035103034093 ], [ -98.310923029664153, 24.753568420296578 ], [ -98.314644349701851, 24.750753340141614 ], [ -98.306254339583234, 24.724794349983227 ], [ -98.316864050061341, 24.724796489811496 ], [ -98.310857860450298, 24.703874149950895 ], [ -98.29690616980993, 24.706409909996207 ], [ -98.289659969811552, 24.678323969850194 ], [ -98.322124030152153, 24.632917200118829 ], [ -98.303582339516765, 24.622649950077456 ], [ -98.31011030993642, 24.612338250105282 ], [ -98.293580689626879, 24.605295109710742 ], [ -98.287985919981367, 24.592075199690729 ], [ -98.280837749600693, 24.589331119778514 ], [ -98.273998090342047, 24.592313200069707 ], [ -98.267160380286569, 24.601411079848567 ], [ -98.251023150455708, 24.599466229910792 ], [ -98.24850719985325, 24.606937740428648 ], [ -98.238865180154676, 24.608571830081523 ], [ -98.234642169791272, 24.618492520135767 ], [ -98.220623059999966, 24.62411405970192 ], [ -98.179385600449706, 24.581082290193649 ], [ -98.171381419952766, 24.586838419760834 ], [ -98.149821119592758, 24.565072679625011 ], [ -98.138623200238513, 24.573649970061318 ], [ -98.09981464999791, 24.504082089860237 ], [ -98.144766119712841, 24.472347889707756 ], [ -98.184781119738417, 24.479728710411003 ], [ -98.184608739541247, 24.462622340371805 ], [ -98.237066850312473, 24.423122450122339 ], [ -98.236906149665799, 24.411168340079804 ], [ -98.336126020354271, 24.427035109793387 ], [ -98.333285649821718, 24.446087370009426 ], [ -98.348455800363311, 24.448569780048871 ], [ -98.35141188974174, 24.429527150026313 ], [ -98.364646000212886, 24.431706320019696 ], [ -98.366945029543231, 24.417430850120393 ], [ -98.373874350216894, 24.418614429672942 ], [ -98.366561319766149, 24.432041999985351 ], [ -98.416376490251039, 24.440004200155677 ], [ -98.413203889738199, 24.456780630175476 ], [ -98.513932779801479, 24.471731749823924 ], [ -98.516692140075094, 24.456016950384139 ], [ -98.588136200280985, 24.467437319620306 ], [ -98.646799569755601, 24.464535060208927 ], [ -98.657040949688991, 24.502388319645135 ], [ -98.656413420472504, 24.530854540289749 ], [ -98.652566910066895, 24.534289709869931 ], [ -98.647756740389823, 24.567153940109073 ], [ -98.691853510444588, 24.579348480315986 ], [ -98.691835909634847, 24.634114630135279 ], [ -98.661370749523172, 24.677660090253827 ], [ -98.659411349901447, 24.732426319806653 ], [ -98.669834689978259, 24.721757230343435 ], [ -98.70278030952143, 24.7435230599168 ], [ -98.684958310187554, 24.761788719728607 ], [ -98.626123319569288, 24.806574450379252 ], [ -98.604886830075074, 24.810956119592074 ], [ -98.595216909836836, 24.817424219656388 ], [ -98.592236489767089, 24.820631220787828 ], [ -98.596588690213338, 24.828077830878073 ], [ -98.595161599870565, 24.839368880598197 ], [ -98.578356320269606, 24.843583260868165 ], [ -98.57386277028651, 24.835746550682916 ], [ -98.561646289573432, 24.841626820609179 ], [ -98.567216029830846, 24.85159642095288 ], [ -98.560888379731367, 24.855927150884856 ], [ -98.532910910341812, 24.862767711307288 ], [ -98.529471319892792, 24.849540090515902 ], [ -98.482952510394142, 24.842946599638942 ], [ -98.483739719589906, 24.863231949687975 ], [ -98.485699829925849, 24.864460510269765 ], [ -98.49039364950454, 24.858788250061707 ], [ -98.493131539810591, 24.860553170251276 ], [ -98.486476460116705, 24.865799169749554 ], [ -98.481516000173315, 24.8759443101494 ], [ -98.468883289996029, 24.879425310250802 ], [ -98.464014230209841, 24.876076280407407 ], [ -98.462146230225258, 24.882728969948577 ], [ -98.456334720410808, 24.878939970314978 ], [ -98.448541079951625, 24.884055339826457 ], [ -98.446446080055921, 24.88128677003364 ], [ -98.44048837972737, 24.886157830294014 ], [ -98.43845143022719, 24.895747289834347 ], [ -98.433139709982484, 24.894352309988523 ], [ -98.426913030088656, 24.898306450425913 ], [ -98.408891909857331, 24.871625999793608 ] ] ] } },
{ "type": "Feature", "properties": { "code": "28015", "stateCode": "28", "municipalityCode": "015", "name": "Gustavo Díaz Ordaz" }, "geometry": { "type": "Polygon", "coordinates": [ [ [ -98.62265854994331, 26.259839799793507 ], [ -98.616258890285138, 26.246488680024502 ], [ -98.6123378897626, 26.253046710387835 ], [ -98.598945679571187, 26.257757060089482 ], [ -98.58277698016029, 26.256423980298443 ], [ -98.57915997040692, 26.251194379695356 ], [ -98.585088479955274, 26.244350949767998 ], [ -98.580093999557505, 26.235395770240785 ], [ -98.57727320005155, 26.23358385043387 ], [ -98.573104849959506, 26.239470119808601 ], [ -98.566262548915091, 26.24156142004896 ], [ -98.56477916893256, 26.227766890332546 ], [ -98.561669628945111, 26.224067580423377 ], [ -98.555235290271597, 26.232339120097524 ], [ -98.545740649885119, 26.236528090054467 ], [ -98.547005600261883, 26.241657450268427 ], [ -98.558348909284859, 26.244472879625498 ], [ -98.556450110052793, 26.248083889589797 ], [ -98.544178910484618, 26.244168139988119 ], [ -98.535388890259128, 26.225694119867292 ], [ -98.521425310121685, 26.234710600371866 ], [ -98.527041289551946, 26.22529702019763 ], [ -98.522940519340295, 26.218578740941599 ], [ -98.530789430444571, 26.216456920607236 ], [ -98.537925628681791, 26.209208691145744 ], [ -98.552418379998713, 26.117111800118092 ], [ -98.561832060436302, 26.110933940423266 ], [ -98.570427518930899, 26.109779940667227 ], [ -98.569724539826581, 26.101123421134059 ], [ -98.563750919967219, 26.100645660794651 ], [ -98.562046180166661, 26.038914979876893 ], [ -98.585466480039557, 26.038939619706419 ], [ -98.585126060300311, 26.017917599805585 ], [ -98.736445090464841, 26.036767660343283 ], [ -98.738841450484045, 26.039050680263088 ], [ -98.732357849867824, 26.048830320215615 ], [ -98.726038849627059, 26.048778060200373 ], [ -98.738329800078958, 26.054343419758659 ], [ -98.741107170345913, 26.067499400318852 ], [ -98.753427940393635, 26.067696220077544 ], [ -98.753400289754211, 26.074532349704427 ], [ -98.763463660009748, 26.07664578013317 ], [ -98.763305110101243, 26.094426479936573 ], [ -98.752779999697722, 26.09460781958925 ], [ -98.751631149896468, 26.103056679764716 ], [ -98.740920169612252, 26.102933860337249 ], [ -98.740591060050875, 26.108959250103528 ], [ -98.725414600166744, 26.108980679940373 ], [ -98.725392650281421, 26.134004090256475 ], [ -98.734505180488298, 26.13533476994299 ], [ -98.732643769495752, 26.150142650345934 ], [ -98.742023659936706, 26.160649880258195 ], [ -98.742252120365563, 26.171096659918963 ], [ -98.732202319768874, 26.175482969895459 ], [ -98.731918030156393, 26.1847557999623 ], [ -98.720932449670798, 26.191818119677816 ], [ -98.7185032801126, 26.199758629952878 ], [ -98.709854849976736, 26.202275979672507 ], [ -98.706069829628007, 26.198998879941247 ], [ -98.695645819571595, 26.200163819689671 ], [ -98.691487540373132, 26.204623569776054 ], [ -98.705129619795855, 26.215754109907298 ], [ -98.7164825202792, 26.216486030454618 ], [ -98.714159060174936, 26.228691290298546 ], [ -98.698501200271124, 26.230978799959395 ], [ -98.696222459788771, 26.234320630342513 ], [ -98.699088740127465, 26.237616509804084 ], [ -98.693454290136557, 26.236530779553441 ], [ -98.695432029807918, 26.240883769579078 ], [ -98.69196905950875, 26.23948665978061 ], [ -98.690733520326688, 26.242495939942273 ], [ -98.697506580112048, 26.253905000089897 ], [ -98.690098779926259, 26.25386166005131 ], [ -98.686558320095628, 26.260378309767315 ], [ -98.683668109960934, 26.259323109719634 ], [ -98.684458769869693, 26.255084919779335 ], [ -98.6757784603072, 26.240583089587787 ], [ -98.663044149946444, 26.235234510169224 ], [ -98.634577829619005, 26.242333059975515 ], [ -98.632100768656173, 26.252432120244837 ], [ -98.62265854994331, 26.259839799793507 ] ] ] } },
{ "type": "Feature", "properties": { "code": "28039", "stateCode": "28", "municipalityCode": "039", "name": "Tula" }, "geometry": { "type": "Polygon", "coordinates": [ [ [ -99.653868909653596, 23.282818520371574 ], [ -99.620591599660415, 23.242942970442755 ], [ -99.64563490998988, 23.248780310441482 ], [ -99.622181309922183, 23.229503030375461 ], [ -99.636252149633179, 23.228683920168592 ], [ -99.636298680054281, 23.225804489812461 ], [ -99.616798379666733, 23.227218769831424 ], [ -99.612721580477796, 23.218477489559454 ], [ -99.646946000186745, 23.220190290236925 ], [ -99.638217659612963, 23.201056570391788 ], [ -99.632562549738466, 23.169053679818852 ], [ -99.598815820358809, 23.170617679712922 ], [ -99.594639659536156, 23.145363430025245 ], [ -99.597304519783066, 23.113661799641626 ], [ -99.541691850101927, 23.114723079718704 ], [ -99.511380429818217, 23.09603888996153 ], [ -99.499448219827514, 23.085533320415816 ], [ -99.50667020047149, 23.059922030199878 ], [ -99.490783279778327, 23.059950480267077 ], [ -99.487845090355222, 23.034164649942586 ], [ -99.47805504986772, 23.029569449650495 ], [ -99.473384880010812, 23.034513599780183 ], [ -99.471315820091945, 23.024205430301866 ], [ -99.459819830062131, 23.025003910172281 ], [ -99.463661080101744, 23.006090859900542 ], [ -99.479353119610664, 23.01182215018099 ], [ -99.486274449899994, 23.001225780331801 ], [ -99.474186570148603, 22.970166750047433 ], [ -99.492754050425049, 22.952318379623918 ], [ -99.515060309855869, 22.940082630206902 ], [ -99.5097197802056, 22.928836320246521 ], [ -99.542227450240475, 22.925930419560906 ], [ -99.531636909958863, 22.919885309710075 ], [ -99.512327979993941, 22.892030199638683 ], [ -99.517325450049043, 22.83799393981802 ], [ -99.499574289517668, 22.820603679764663 ], [ -99.519680850365503, 22.80948531020405 ], [ -99.539531199858033, 22.805720780092496 ], [ -99.534147030050804, 22.768239740344633 ], [ -99.564264969747612, 22.748134090289227 ], [ -99.539248890176665, 22.729138460340717 ], [ -99.516757460402289, 22.664436890194551 ], [ -99.494536369549053, 22.620868630419849 ], [ -99.534691910035946, 22.612764650033061 ], [ -99.560638290151545, 22.641220490113643 ], [ -99.682535459728797, 22.681124709752421 ], [ -99.724085169803587, 22.659608400373365 ], [ -99.754778579666137, 22.656610649989958 ], [ -99.785036940406911, 22.668508980215847 ], [ -99.798016850302844, 22.666650030261376 ], [ -99.805485849609639, 22.657773139593893 ], [ -99.847923570269955, 22.678435110238606 ], [ -99.842819000471025, 22.730557200035712 ], [ -99.882396980274635, 22.749862310203209 ], [ -99.956958139704099, 22.751666520119251 ], [ -100.022343260255028, 22.725924550364418 ], [ -100.094059939550192, 22.751265170125407 ], [ -100.101920399600971, 22.762792749659035 ], [ -100.029384200445151, 22.824393549616175 ], [ -100.044239080387911, 22.917892400350212 ], [ -100.110383629615939, 22.916714419707148 ], [ -100.110846950053585, 22.975718969993785 ], [ -100.089421019760394, 22.968757480186195 ], [ -100.09953207976146, 23.007931110292013 ], [ -100.097455310192572, 23.013090969898627 ], [ -100.08632578021566, 23.011068320015855 ], [ -100.08049251045307, 23.002007080289289 ], [ -100.071655780189957, 22.997357199803961 ], [ -100.066216460404647, 23.001809999873021 ], [ -100.066344920303976, 23.010383709886337 ], [ -100.06184234026739, 23.011979630333499 ], [ -100.066902819591149, 23.03144621992568 ], [ -100.062097419612996, 23.039843659869749 ], [ -100.054213570216163, 23.041968419669555 ], [ -100.047510460179709, 23.050648200311855 ], [ -100.031723859873537, 23.053412320029601 ], [ -100.023681020450482, 23.06047420029013 ], [ -100.01239974983821, 23.05944136975971 ], [ -100.011577690215915, 23.065602889918228 ], [ -100.069378858889849, 23.096856720588264 ], [ -100.016462430406364, 23.10876255133288 ], [ -100.004778140063792, 23.123718570263861 ], [ -99.988630629006906, 23.167117830769712 ], [ -100.003638879215686, 23.163252950983793 ], [ -100.002331830074056, 23.186751281022698 ], [ -100.018432260240743, 23.18370794981124 ], [ -100.020421230346713, 23.207700321172862 ], [ -99.96521150976821, 23.211720939764959 ], [ -99.965749150217931, 23.242968419552017 ], [ -99.947400230055834, 23.241421550190228 ], [ -99.918770400308688, 23.199595019750323 ], [ -99.92104669035281, 23.196784709776757 ], [ -99.908180139628314, 23.18168891973442 ], [ -99.897032630313078, 23.141671970367934 ], [ -99.86557483023239, 23.15874764963592 ], [ -99.853690109873128, 23.140846289693378 ], [ -99.84084359979596, 23.147852310217893 ], [ -99.841822290296591, 23.156791339679593 ], [ -99.856988550284356, 23.167005919751816 ], [ -99.863531219810739, 23.19284240023109 ], [ -99.865412690059003, 23.217155860339147 ], [ -99.829933969654533, 23.224145619741297 ], [ -99.83038197048181, 23.219791050227574 ], [ -99.820163819715376, 23.214782350290267 ], [ -99.800324449586228, 23.225651940332462 ], [ -99.801608169668853, 23.179685259605471 ], [ -99.749367540453576, 23.170635110024143 ], [ -99.748173460406406, 23.198376750266686 ], [ -99.727294489978732, 23.19751237000051 ], [ -99.729865829841344, 23.177735019553886 ], [ -99.716078340163605, 23.160915829831087 ], [ -99.710150879633716, 23.212086179554078 ], [ -99.692820110279243, 23.277251050347633 ], [ -99.655707750205053, 23.27310797960439 ], [ -99.653868909653596, 23.282818520371574 ] ] ] } },
{ "type": "Feature", "properties": { "code": "28020", "stateCode": "28", "municipalityCode": "020", "name": "Mainero" }, "geometry": { "type": "Polygon", "coordinates": [ [ [ -99.422430629856422, 24.736796919544762 ], [ -99.404904650013492, 24.73508857975261 ], [ -99.444179659794401, 24.616455489979149 ], [ -99.451042510422795, 24.621139140138101 ], [ -99.462287149601423, 24.596135149965694 ], [ -99.451512569915465, 24.592727940262982 ], [ -99.455329000406508, 24.579860279625347 ], [ -99.45571517985131, 24.53595271042407 ], [ -99.458438509936599, 24.531705830304663 ], [ -99.470029260081802, 24.527827569605861 ], [ -99.477121090028049, 24.531046369781574 ], [ -99.499165379867662, 24.554023769811756 ], [ -99.5077067698805, 24.548965369836836 ], [ -99.512649230314565, 24.548506710050159 ], [ -99.515458720090777, 24.552156260445788 ], [ -99.52846742046853, 24.549455690393525 ], [ -99.536093859926822, 24.539327460040493 ], [ -99.540414400019188, 24.538084179963025 ], [ -99.548258370113899, 24.54429634015975 ], [ -99.567283780180389, 24.543268890331792 ], [ -99.573660139869446, 24.548205350368011 ], [ -99.577183519515799, 24.547297399682318 ], [ -99.565745019561376, 24.533743570271163 ], [ -99.576912550059603, 24.531056550434414 ], [ -99.581351750179124, 24.523442679816281 ], [ -99.598248120068789, 24.512669849901776 ], [ -99.608015450238241, 24.514373650158948 ], [ -99.60933118027684, 24.505422220151029 ], [ -99.606000289614499, 24.502163619774368 ], [ -99.610007380431355, 24.50221656991933 ], [ -99.613438539778386, 24.482235719683093 ], [ -99.609701110023593, 24.483915910252858 ], [ -99.608516630272646, 24.475822539590045 ], [ -99.614118970431079, 24.47583590997333 ], [ -99.6172872597555, 24.463995580116801 ], [ -99.636379320206018, 24.506670249647527 ], [ -99.719803859719079, 24.483710430066385 ], [ -99.732977770041188, 24.553990780154859 ], [ -99.704685680479614, 24.575869170150892 ], [ -99.609448579988126, 24.622490079841846 ], [ -99.597034279581223, 24.622670399831755 ], [ -99.592628429575868, 24.619372780241626 ], [ -99.585782579603446, 24.624355169695082 ], [ -99.576076309757482, 24.623597120130025 ], [ -99.557361219807461, 24.612372339902755 ], [ -99.557206109775024, 24.608714800071624 ], [ -99.546220520333563, 24.613074770439713 ], [ -99.547810680355838, 24.624275849838813 ], [ -99.545063020033595, 24.626516600401054 ], [ -99.539770350347553, 24.626786460373069 ], [ -99.537935689941264, 24.622428819989246 ], [ -99.528200629817448, 24.631644650252316 ], [ -99.512827819863702, 24.634481450088042 ], [ -99.499452279600646, 24.641257950251184 ], [ -99.496029630218501, 24.651038659701936 ], [ -99.500574679538218, 24.665985309994252 ], [ -99.500726060128827, 24.679171260108351 ], [ -99.494132420108528, 24.687995570399821 ], [ -99.492305549711148, 24.697153339680824 ], [ -99.482226339935153, 24.708177539781147 ], [ -99.448291310394069, 24.732112770351002 ], [ -99.4425962303402, 24.726836309649894 ], [ -99.430728020465708, 24.725758340351643 ], [ -99.426000280359276, 24.728649059959107 ], [ -99.422430629856422, 24.736796919544762 ] ] ] } },
{ "type": "Feature", "properties": { "code": "28027", "stateCode": "28", "municipalityCode": "027", "name": "Nuevo Laredo" }, "geometry": { "type": "Polygon", "coordinates": [ [ [ -99.728146739896644, 27.679126220271328 ], [ -99.722588739648671, 27.667391060183398 ], [ -99.705499909818755, 27.655254880435063 ], [ -99.698753949537249, 27.655842400283184 ], [ -99.696862819528704, 27.66300946012182 ], [ -99.690503350220155, 27.669118199832244 ], [ -99.686536919781219, 27.66154121981587 ], [ -99.663782909977812, 27.657444029833645 ], [ -99.658123119587287, 27.64784743005017 ], [ -99.666292310391981, 27.636405940445051 ], [ -99.655467279634834, 27.629259650299847 ], [ -99.648588829983268, 27.630423749683288 ], [ -99.638664310045627, 27.626715020035501 ], [ -99.627165310325438, 27.629998459779525 ], [ -99.623013999694948, 27.633947889681387 ], [ -99.627369690049832, 27.639308510088135 ], [ -99.624264050107612, 27.644114520044319 ], [ -99.615856740114992, 27.637399340094277 ], [ -99.603170509662903, 27.641988259693026 ], [ -99.595904320339187, 27.639763770126116 ], [ -99.59150331049608, 27.627729219556507 ], [ -99.577106149896579, 27.618310780434076 ], [ -99.576825449556523, 27.610973980114107 ], [ -99.584235019872125, 27.603458599947324 ], [ -99.578734649814379, 27.602013619608346 ], [ -99.561257860183943, 27.607130279866055 ], [ -99.554831260135828, 27.614409940292596 ], [ -99.540250629885335, 27.604354800415567 ], [ -99.529013579769327, 27.579229679568101 ], [ -99.515067879701931, 27.571374830149992 ], [ -99.511549199803099, 27.56608201994894 ], [ -99.513251280214021, 27.557819249980273 ], [ -99.518693369911531, 27.553119660394174 ], [ -99.522010170186036, 27.544304749658622 ], [ -99.528187649628222, 27.498153220270861 ], [ -99.52311376950918, 27.496543110384991 ], [ -99.502132310181111, 27.500217378815922 ], [ -99.493427229816362, 27.497627980312732 ], [ -99.481347620305243, 27.489094139896174 ], [ -99.478765260365478, 27.4795065098143 ], [ -99.495336349311714, 27.446578310244888 ], [ -99.495530219946232, 27.437989539706358 ], [ -99.48762099949424, 27.411046200387155 ], [ -99.492784850268293, 27.391984279804888 ], [ -99.492280689668732, 27.380591800397223 ], [ -99.502973579730948, 27.366459029917692 ], [ -99.507860860164129, 27.353509780424094 ], [ -99.504498739749451, 27.338779769963125 ], [ -99.521662859609265, 27.324643169812468 ], [ -99.532367629660982, 27.323625600358564 ], [ -99.538132630206647, 27.316452020195342 ], [ -99.527903550396331, 27.304835690258809 ], [ -99.503380320138788, 27.306219179623632 ], [ -99.494603920002689, 27.303764220115099 ], [ -99.487458660368816, 27.290789659937289 ], [ -99.496462540214111, 27.271326619810601 ], [ -99.61234698006848, 27.278304859757359 ], [ -99.604765650186295, 27.289199680267675 ], [ -99.638240180426735, 27.291802770239386 ], [ -99.638325309880926, 27.287901309852995 ], [ -99.731696660116256, 27.294448199639305 ], [ -99.732401399872813, 27.287697370150493 ], [ -99.748807620229215, 27.289000599574816 ], [ -99.760378819922153, 27.436958719864993 ], [ -99.919153629515051, 27.491515180426362 ], [ -99.926418279851006, 27.549156999933942 ], [ -99.728146739896644, 27.679126220271328 ] ] ] } },
{ "type": "Feature", "properties": { "code": "28005", "stateCode": "28", "municipalityCode": "005", "name": "Burgos" }, "geometry": { "type": "Polygon", "coordinates": [ [ [ -98.863843619667094, 25.127125020338603 ], [ -98.863369919976819, 25.09958970975508 ], [ -98.843025199727776, 25.098865739832998 ], [ -98.840835309856573, 25.085508419717137 ], [ -98.83295945040598, 25.088511219911666 ], [ -98.832926620481814, 25.096207890077807 ], [ -98.82306377951781, 25.098554489983613 ], [ -98.823121419926792, 25.081197879644197 ], [ -98.817707060281236, 25.081147719818347 ], [ -98.814214109762005, 25.086077780284185 ], [ -98.800705400234321, 25.090198519682026 ], [ -98.790718539660304, 25.097297919774018 ], [ -98.792264649921336, 25.087643800013765 ], [ -98.738733370136202, 25.079504739842879 ], [ -98.740568600319378, 25.050358749951144 ], [ -98.753128710376046, 25.056998849792819 ], [ -98.761277310035908, 25.027354680307688 ], [ -98.717879250017816, 25.014628059929187 ], [ -98.710997369795763, 25.020344089649623 ], [ -98.706438020483787, 25.019309139969376 ], [ -98.701361419613207, 25.022547279754601 ], [ -98.701259750314833, 25.032421370069958 ], [ -98.692498460503785, 25.030539599692467 ], [ -98.688358490059983, 25.0372506501663 ], [ -98.682442710060386, 25.03886754008342 ], [ -98.681405850202154, 25.04667495029393 ], [ -98.675293679915242, 25.046865490321014 ], [ -98.672542690301938, 25.043878509954617 ], [ -98.590745909836443, 25.031841149997675 ], [ -98.596978710087058, 24.971807969942247 ], [ -98.604529279701794, 24.973000230106617 ], [ -98.606735079980226, 24.959109420009032 ], [ -98.561573860197782, 24.951269119907252 ], [ -98.560280020306649, 24.959285080268188 ], [ -98.550495279605869, 24.957593650234752 ], [ -98.557370890125171, 24.912801780037551 ], [ -98.552831289948827, 24.915730319711631 ], [ -98.545088829979335, 24.914759910395947 ], [ -98.547531119811282, 24.921727250184006 ], [ -98.539091000476631, 24.926340859716969 ], [ -98.540100830024016, 24.935485249661383 ], [ -98.53501695043856, 24.93477354005319 ], [ -98.531767819817489, 24.928975600321685 ], [ -98.520003630119021, 24.925878820144415 ], [ -98.515961679540084, 24.918190310126871 ], [ -98.499676509572126, 24.917235199626447 ], [ -98.495898879683153, 24.918739020111609 ], [ -98.496366150200927, 24.923430579912672 ], [ -98.4873581201756, 24.927700450352024 ], [ -98.477635889763164, 24.927786520327562 ], [ -98.470361550009287, 24.920703289988555 ], [ -98.470727290040955, 24.929879000224741 ], [ -98.455494650380729, 24.931548349855575 ], [ -98.453943980214945, 24.934863680426293 ], [ -98.450865949802989, 24.933775179752502 ], [ -98.449576150410337, 24.926959340162412 ], [ -98.437883710419527, 24.932028829981842 ], [ -98.429242060009614, 24.928116570116849 ], [ -98.427301620232001, 24.938130780055992 ], [ -98.419842950099692, 24.924052020059108 ], [ -98.41301397036159, 24.918885739665807 ], [ -98.413273200396191, 24.914035680001767 ], [ -98.418794030255171, 24.915369029668064 ], [ -98.430414940003672, 24.904532739746031 ], [ -98.426913030088656, 24.898306450425913 ], [ -98.433139709982484, 24.894352309988523 ], [ -98.43845143022719, 24.895747289834347 ], [ -98.44048837972737, 24.886157830294014 ], [ -98.446446080055921, 24.88128677003364 ], [ -98.448541079951625, 24.884055339826457 ], [ -98.456334720410808, 24.878939970314978 ], [ -98.462146230225258, 24.882728969948577 ], [ -98.464014230209841, 24.876076280407407 ], [ -98.468883289996029, 24.879425310250802 ], [ -98.481516000173315, 24.8759443101494 ], [ -98.486476460116705, 24.865799169749554 ], [ -98.493131539810591, 24.860553170251276 ], [ -98.49039364950454, 24.858788250061707 ], [ -98.485699829925849, 24.864460510269765 ], [ -98.483739719589906, 24.863231949687975 ], [ -98.482952510394142, 24.842946599638942 ], [ -98.529471319892792, 24.849540090515902 ], [ -98.532910910341812, 24.862767711307288 ], [ -98.560888379731367, 24.855927150884856 ], [ -98.567216029830846, 24.85159642095288 ], [ -98.561646289573432, 24.841626820609179 ], [ -98.57386277028651, 24.835746550682916 ], [ -98.578356320269606, 24.843583260868165 ], [ -98.595161599870565, 24.839368880598197 ], [ -98.596588690213338, 24.828077830878073 ], [ -98.592236489767089, 24.820631220787828 ], [ -98.595216909836836, 24.817424219656388 ], [ -98.604886830075074, 24.810956119592074 ], [ -98.626123319569288, 24.806574450379252 ], [ -98.684958310187554, 24.761788719728607 ], [ -98.711449750058648, 24.731800890307422 ], [ -98.707417949894008, 24.724423909862569 ], [ -98.756517290416411, 24.737320000404694 ], [ -98.767777420189262, 24.745091400303874 ], [ -98.787316919600457, 24.747457579784143 ], [ -98.802705970130361, 24.74336248974361 ], [ -98.842531980444278, 24.740546090271497 ], [ -98.838497660024984, 24.768118939581832 ], [ -98.901935539541952, 24.774665000233561 ], [ -98.924684460452568, 24.780391829921147 ], [ -98.924749250356655, 24.769558520098141 ], [ -98.954901460016558, 24.777108690045004 ], [ -98.955344750058941, 24.853411859554416 ], [ -99.000117620078044, 24.87964358003898 ], [ -98.999076550403458, 24.846522150246127 ], [ -99.020756249889146, 24.841766089791864 ], [ -99.024075279562126, 24.851937229659242 ], [ -99.029479029739647, 24.853788140179912 ], [ -99.071942060414813, 24.859221179953462 ], [ -99.076153250323387, 24.859129230442026 ], [ -99.071893120274098, 24.848996769973265 ], [ -99.080990829715319, 24.851602620317983 ], [ -99.113597339994286, 24.840354680036405 ], [ -99.158180909780327, 24.845298030129836 ], [ -99.160034720302946, 24.852207740268643 ], [ -99.204946799590218, 24.864193309865875 ], [ -99.158942910338766, 24.915988169963416 ], [ -99.180949540409415, 25.011541550021313 ], [ -99.178308119713861, 25.017664549631682 ], [ -99.171742079946895, 25.019727629690685 ], [ -99.171068950184178, 25.024804970222867 ], [ -99.164904749619993, 25.029511400189936 ], [ -99.159918660365548, 25.025831540377496 ], [ -99.156516509692082, 25.027847829752709 ], [ -99.163611179909537, 25.03492405019071 ], [ -99.162905920283194, 25.043559859884187 ], [ -99.166977579765103, 25.046289459973451 ], [ -99.161146419983893, 25.048407379682725 ], [ -99.160479459747776, 25.055363369833358 ], [ -99.142649539566065, 25.054170819944741 ], [ -99.135092799574053, 25.050380019928919 ], [ -99.127422000389117, 25.055930450408511 ], [ -99.113786740298707, 25.05614151013172 ], [ -99.099952350316016, 25.064759350160401 ], [ -99.0976131100104, 25.063121119729619 ], [ -99.095771880276899, 25.067004599881489 ], [ -99.101464430223615, 25.069364480218027 ], [ -99.094191710302781, 25.074473289880327 ], [ -99.097695220325491, 25.078036339693178 ], [ -99.08545782036893, 25.077237050446616 ], [ -99.081944450188274, 25.073711799695253 ], [ -99.078571939818431, 25.079769350227338 ], [ -99.080280750264919, 25.083429349648711 ], [ -99.075025779675059, 25.087933150306085 ], [ -99.078763750150088, 25.092120399773652 ], [ -99.071458460272027, 25.096112110039162 ], [ -99.077869249596887, 25.101433549986009 ], [ -99.070595420205123, 25.102265230309001 ], [ -99.072966119899561, 25.10815947987523 ], [ -99.067277229855847, 25.110691520305885 ], [ -99.067737280479292, 25.116133920412036 ], [ -99.059992309960748, 25.117691459829185 ], [ -99.052609089517247, 25.127113219883128 ], [ -99.047932860225941, 25.120281970234014 ], [ -99.042020090381783, 25.122981980106477 ], [ -99.039970340311939, 25.119674109617065 ], [ -99.034395430483855, 25.119477340045805 ], [ -99.033559380233015, 25.113468579771833 ], [ -99.028663430225876, 25.110070829899399 ], [ -99.033741350133099, 25.107063679781731 ], [ -99.02952247980798, 25.096392820132252 ], [ -99.025986219519908, 25.092617849560582 ], [ -99.021750509508422, 25.093702880116012 ], [ -99.014182180228602, 25.080607120225583 ], [ -99.019571919541448, 25.079194630288349 ], [ -99.017544550416062, 25.075577580238477 ], [ -99.022359569644465, 25.072477800265943 ], [ -99.006549310378944, 25.067189080336963 ], [ -98.999838649807756, 25.067412509833574 ], [ -98.998014819938433, 25.07132717034202 ], [ -98.98931265994878, 25.067393569690594 ], [ -98.984209489644954, 25.074562279760535 ], [ -98.976793539642955, 25.068773489589827 ], [ -98.969884229713458, 25.071899230163464 ], [ -98.971604540427947, 25.07375917007753 ], [ -98.968123249570723, 25.073300430293504 ], [ -98.968343379708685, 25.070402120046104 ], [ -98.958820480395403, 25.076108770175242 ], [ -98.95662804978457, 25.073348679956592 ], [ -98.955214139769595, 25.076134179982645 ], [ -98.947516600308219, 25.073938000279036 ], [ -98.946038230456935, 25.076548119718236 ], [ -98.941178139767189, 25.070856650026961 ], [ -98.934169940242427, 25.072763180052508 ], [ -98.934281600291825, 25.080162980222234 ], [ -98.933711849726635, 25.07607425013785 ], [ -98.929027580457955, 25.077270310009773 ], [ -98.863843619667094, 25.127125020338603 ] ] ] } },
{ "type": "Feature", "properties": { "code": "28007", "stateCode": "28", "municipalityCode": "007", "name": "Camargo" }, "geometry": { "type": "Polygon", "coordinates": [ [ [ -98.925805740008826, 26.394335400149355 ], [ -98.922226919940826, 26.378816710225934 ], [ -98.913962369570072, 26.372552279741548 ], [ -98.901346539504189, 26.371141710443286 ], [ -98.900864419917809, 26.359273219775204 ], [ -98.896133230449607, 26.353081090210953 ], [ -98.860831280459777, 26.366233480319213 ], [ -98.851199782027763, 26.364461572487478 ], [ -98.848330091598669, 26.359410802632695 ], [ -98.843590710289632, 26.358556459626481 ], [ -98.824212489801951, 26.370880659791261 ], [ -98.819012972401865, 26.370777742987904 ], [ -98.814412380341736, 26.365918619928234 ], [ -98.804601711575785, 26.367626633194185 ], [ -98.79864415168332, 26.360924983204445 ], [ -98.795787721987338, 26.347568323199376 ], [ -98.788000232043672, 26.337697422896756 ], [ -98.787888659828994, 26.330039430083318 ], [ -98.770562149581878, 26.324994660183069 ], [ -98.753595969974938, 26.331716109650177 ], [ -98.74957389202838, 26.329987692384154 ], [ -98.747069742034952, 26.318475802352847 ], [ -98.738041292060714, 26.313398552926149 ], [ -98.736072860035321, 26.308323490126053 ], [ -98.742082630268925, 26.3026679200632 ], [ -98.754980599807737, 26.307587849682758 ], [ -98.756365000201882, 26.303571019739554 ], [ -98.750919061820468, 26.296011622399337 ], [ -98.741959479541379, 26.294042540278962 ], [ -98.728101452093867, 26.299003372535687 ], [ -98.722430292348065, 26.295876112532589 ], [ -98.716680850465565, 26.286126060358871 ], [ -98.703643172203641, 26.287798602506285 ], [ -98.700650229683916, 26.278354319682627 ], [ -98.717045490302311, 26.278180180382684 ], [ -98.71965777070514, 26.272552511476736 ], [ -98.700596339558743, 26.265781140352946 ], [ -98.684033570478903, 26.264460350448587 ], [ -98.677789019581923, 26.256526320050927 ], [ -98.679589539883963, 26.248390920378249 ], [ -98.686558320095628, 26.260378309767315 ], [ -98.690098779926259, 26.25386166005131 ], [ -98.697506580112048, 26.253905000089897 ], [ -98.690733520326688, 26.242495939942273 ], [ -98.69196905950875, 26.23948665978061 ], [ -98.695432029807918, 26.240883769579078 ], [ -98.693454290136557, 26.236530779553441 ], [ -98.699088740127465, 26.237616509804084 ], [ -98.696222459788771, 26.234320630342513 ], [ -98.698501200271124, 26.230978799959395 ], [ -98.714159060174936, 26.228691290298546 ], [ -98.7164825202792, 26.216486030454618 ], [ -98.705129619795855, 26.215754109907298 ], [ -98.691779940004096, 26.20381771026311 ], [ -98.695645819571595, 26.200163819689671 ], [ -98.706069829628007, 26.198998879941247 ], [ -98.709854849976736, 26.202275979672507 ], [ -98.7185032801126, 26.199758629952878 ], [ -98.720932449670798, 26.191818119677816 ], [ -98.731918030156393, 26.1847557999623 ], [ -98.732202319768874, 26.175482969895459 ], [ -98.742252120365563, 26.171096659918963 ], [ -98.742023659936706, 26.160649880258195 ], [ -98.732643769495752, 26.150142650345934 ], [ -98.734505180488298, 26.13533476994299 ], [ -98.725392650281421, 26.134004090256475 ], [ -98.725414600166744, 26.108980679940373 ], [ -98.740591060050875, 26.108959250103528 ], [ -98.740920169612252, 26.102933860337249 ], [ -98.751631149896468, 26.103056679764716 ], [ -98.752779999697722, 26.09460781958925 ], [ -98.763305110101243, 26.094426479936573 ], [ -98.763463660009748, 26.07664578013317 ], [ -98.753400289754211, 26.074532349704427 ], [ -98.753427940393635, 26.067696220077544 ], [ -98.741107170345913, 26.067499400318852 ], [ -98.738329800078958, 26.054343419758659 ], [ -98.726458739990946, 26.046881690128636 ], [ -98.732357849867824, 26.048830320215615 ], [ -98.738841450484045, 26.039050680263088 ], [ -98.736445090464841, 26.036767660343283 ], [ -98.741150490498313, 26.037355709701341 ], [ -98.740470169511781, 26.034458510144606 ], [ -98.746729050366085, 26.035181539878355 ], [ -98.746287220090068, 26.038041200145891 ], [ -98.823226549809377, 26.0476486800058 ], [ -98.900751950201553, 25.968322740139211 ], [ -99.02387220048044, 26.104102449996624 ], [ -99.026700250016034, 26.110737230312562 ], [ -99.023560060244648, 26.114933540159068 ], [ -99.0164872801939, 26.114006460158624 ], [ -99.014360689648854, 26.117822060274925 ], [ -99.0168698599268, 26.123522800062194 ], [ -98.991889450058579, 26.182085520018532 ], [ -98.994319910246801, 26.18791221968814 ], [ -98.989671280097781, 26.187186659800243 ], [ -98.941803449927448, 26.298184629964059 ], [ -98.946597710365765, 26.314572079769302 ], [ -98.945953079788424, 26.338082520091383 ], [ -98.948311880375982, 26.338066180237973 ], [ -98.945706199556099, 26.342430020245786 ], [ -98.949178769679079, 26.343496050335229 ], [ -98.949776260021665, 26.356652949806531 ], [ -98.944544740116271, 26.366559920395222 ], [ -98.947893030211048, 26.370733749651531 ], [ -98.936401817023466, 26.371074300690072 ], [ -98.935340480453092, 26.385555000356831 ], [ -98.925805740008826, 26.394335400149355 ] ] ] } },
{ "type": "Feature", "properties": { "code": "28038", "stateCode": "28", "municipalityCode": "038", "name": "Tampico" }, "geometry": { "type": "Polygon", "coordinates": [ [ [ -97.968476657792095, 22.332855405940599 ], [ -97.96264045003511, 22.325804510490215 ], [ -97.950028909390355, 22.323288380974663 ], [ -97.902226449202871, 22.326534490762938 ], [ -97.855672539066859, 22.321903428480496 ], [ -97.848697940444595, 22.306265220120622 ], [ -97.853870059251264, 22.281273859602262 ], [ -97.857862969004898, 22.282086971944597 ], [ -97.852045778263488, 22.273911829806085 ], [ -97.856311049458526, 22.275439339553568 ], [ -97.859446488889375, 22.266830520375862 ], [ -97.855592738690618, 22.261697510704234 ], [ -97.857852289706798, 22.248492940911365 ], [ -97.845544088696258, 22.240188490107261 ], [ -97.844012859124689, 22.234000084376362 ], [ -97.836380678560872, 22.23013945029297 ], [ -97.839683229382629, 22.20888628133476 ], [ -97.851288688815757, 22.207489511038684 ], [ -97.894962461136643, 22.222378437528597 ], [ -97.902418889658364, 22.233343449661572 ], [ -97.917939659671831, 22.23998583100499 ], [ -97.920284119478524, 22.246004220559488 ], [ -97.916790429405523, 22.252593091088404 ], [ -97.925679619453788, 22.250678571196172 ], [ -97.934595088531651, 22.254594050705492 ], [ -97.931660649629947, 22.271046571236948 ], [ -97.95386294024037, 22.287041980743442 ], [ -97.956707617373667, 22.293892371396112 ], [ -97.971458110235801, 22.296189450194586 ], [ -97.982707829052003, 22.302613510497761 ], [ -97.983093968698356, 22.298930450728221 ], [ -97.986938849319486, 22.301634980701078 ], [ -97.992664150323165, 22.292774710443322 ], [ -98.000324048998365, 22.297432490641036 ], [ -97.997646619999642, 22.302678480792075 ], [ -97.99894939881365, 22.314326751074177 ], [ -97.983979908705336, 22.304671259674915 ], [ -97.982785950239418, 22.311052950868849 ], [ -97.968476657792095, 22.332855405940599 ] ] ] } },
{ "type": "Feature", "properties": { "code": "28026", "stateCode": "28", "municipalityCode": "026", "name": "Miquihuana" }, "geometry": { "type": "Polygon", "coordinates": [ [ [ -99.805518909966821, 23.784297920179345 ], [ -99.683377739841362, 23.776648200170396 ], [ -99.659943430043242, 23.770707919922188 ], [ -99.666110509923357, 23.749616689602099 ], [ -99.645325349868173, 23.699727309598806 ], [ -99.657644779911422, 23.677643799641217 ], [ -99.663938490059195, 23.674441380342515 ], [ -99.665498249919054, 23.677756909861269 ], [ -99.674560019781723, 23.679241050353916 ], [ -99.680263660318886, 23.675021110348553 ], [ -99.671708649847517, 23.65242318043121 ], [ -99.642164250265608, 23.598061339966971 ], [ -99.581380710384522, 23.423894739654997 ], [ -99.619164599564272, 23.427197290080748 ], [ -99.625812650454989, 23.403561630441757 ], [ -99.644340260301277, 23.391554310275438 ], [ -99.642549520435111, 23.397722539879865 ], [ -99.649193580002716, 23.437530739651983 ], [ -99.657890689923732, 23.459277089681287 ], [ -99.66092128018424, 23.479315570444221 ], [ -99.679423910410605, 23.508483570344346 ], [ -99.712598119586659, 23.537381420132135 ], [ -99.733262979673512, 23.520335399997943 ], [ -99.747354369783196, 23.51689631988101 ], [ -99.758061629617615, 23.510217970426435 ], [ -99.76719232048039, 23.510964339694684 ], [ -99.768914109742198, 23.482782460040209 ], [ -99.795373569723381, 23.485523490223891 ], [ -99.816983149662434, 23.525671349815113 ], [ -99.847190180377353, 23.496102860442949 ], [ -99.881476449965447, 23.50886537044827 ], [ -99.870989910299997, 23.551007619886104 ], [ -99.908657980315738, 23.530198709642075 ], [ -99.92477214027663, 23.492063290278931 ], [ -99.947698429756244, 23.497172420067841 ], [ -99.961187630020063, 23.556889770306633 ], [ -99.915800260128705, 23.66507834044662 ], [ -99.891119570003895, 23.703806580271145 ], [ -99.860659980401138, 23.77446249004274 ], [ -99.805518909966821, 23.784297920179345 ] ] ] } },
{ "type": "Feature", "properties": { "code": "28037", "stateCode": "28", "municipalityCode": "037", "name": "Soto la Marina" }, "geometry": { "type": "Polygon", "coordinates": [ [ [ -97.743064200273892, 24.47835766072588 ], [ -97.676450742144539, 24.477923055216586 ], [ -97.679723591525971, 24.477088067692488 ], [ -97.686917381373433, 24.450560993743547 ], [ -97.712014819774453, 24.26869429085988 ], [ -97.735840193860312, 23.978390286341902 ], [ -97.735854633328216, 23.796214175139898 ], [ -97.734451513377621, 23.773458008221798 ], [ -97.731777060000766, 23.771697539452166 ], [ -97.737898588591463, 23.758411750909385 ], [ -97.742359955756356, 23.66214266335934 ], [ -97.765704858557314, 23.417789381075519 ], [ -97.769512488990415, 23.346856590965444 ], [ -97.768963590050163, 23.272313603808023 ], [ -97.784112779975572, 23.276331851165693 ], [ -97.791903680020326, 23.273559381177641 ], [ -97.789482849324216, 23.288775111104094 ], [ -97.805918538775686, 23.292087600014177 ], [ -97.802110629505577, 23.309776880799056 ], [ -97.811733019339229, 23.311332170034877 ], [ -97.808311540215144, 23.331377711249143 ], [ -97.81708945014465, 23.338214000726673 ], [ -97.836274920068206, 23.333691110669406 ], [ -97.837622888536544, 23.32628995091013 ], [ -97.855756320189798, 23.327981919969069 ], [ -97.850874319046852, 23.313593319848643 ], [ -97.859733110180358, 23.314837910216003 ], [ -97.862621538962401, 23.297739719994098 ], [ -97.890185029819847, 23.299994320860684 ], [ -97.887580199525885, 23.316408770087953 ], [ -97.90190184935031, 23.308515149624824 ], [ -97.908622819666903, 23.308778770258655 ], [ -97.912619478962839, 23.315029740213905 ], [ -97.930232658553635, 23.308195110705594 ], [ -97.933631628517645, 23.300672721182078 ], [ -97.948668599972223, 23.293373950730309 ], [ -97.945631999646125, 23.293090830253128 ], [ -97.945923090458123, 23.288498580815826 ], [ -97.961444549987704, 23.289643000814831 ], [ -97.964656180053538, 23.299321970899239 ], [ -97.987039028584419, 23.302398630347554 ], [ -98.006406199965141, 23.342116919825212 ], [ -98.023753050467406, 23.342384779725339 ], [ -98.033768538722285, 23.33302823058791 ], [ -98.048634949058396, 23.333545149757697 ], [ -98.061165859824214, 23.343492620850537 ], [ -98.079754279022069, 23.345279770245757 ], [ -98.089191509296697, 23.352460970792741 ], [ -98.090156518766335, 23.362866120722142 ], [ -98.096961168608686, 23.36095252127889 ], [ -98.099458179440433, 23.362442291326321 ], [ -98.098277598606188, 23.365982050750574 ], [ -98.120418798606167, 23.37014075026698 ], [ -98.126489719266431, 23.366846000257986 ], [ -98.129745659248186, 23.349491909747595 ], [ -98.182668780179867, 23.357835121106358 ], [ -98.198879419920786, 23.349088120377356 ], [ -98.210888689176713, 23.347392370396246 ], [ -98.205890649875599, 23.322798110741083 ], [ -98.212777540289622, 23.293030059557239 ], [ -98.240451109917061, 23.283298020806598 ], [ -98.241245649598113, 23.292135799793595 ], [ -98.2518314286487, 23.297258379594101 ], [ -98.260245139849374, 23.294979061294139 ], [ -98.262271449300385, 23.290153850045936 ], [ -98.281965549589486, 23.296186290664401 ], [ -98.286387999735865, 23.286764981316153 ], [ -98.299027060340265, 23.280751830841385 ], [ -98.36475225966943, 23.335314740930759 ], [ -98.355089798555113, 23.382000720769618 ], [ -98.366872919152769, 23.410068880140162 ], [ -98.405052219686581, 23.415077709592158 ], [ -98.406408918925678, 23.408190249590074 ], [ -98.447285539642408, 23.413663309889078 ], [ -98.434764349368621, 23.446345941344067 ], [ -98.439620248946795, 23.456422950061469 ], [ -98.435965709777463, 23.4545427412172 ], [ -98.430224260029377, 23.460227250822442 ], [ -98.427529629481668, 23.456785320161835 ], [ -98.422110709474012, 23.463464570028833 ], [ -98.429526739278415, 23.470108649688392 ], [ -98.415112689438516, 23.477023511011843 ], [ -98.431209649141593, 23.490700260883223 ], [ -98.426655090198096, 23.50153145119172 ], [ -98.423279178989375, 23.498010920897162 ], [ -98.416884878952985, 23.508035260726476 ], [ -98.431137769357861, 23.509360480515411 ], [ -98.426337688839496, 23.512510861247709 ], [ -98.429590369048725, 23.518138310628515 ], [ -98.462583448828042, 23.547298710060577 ], [ -98.448630949158371, 23.55975777088015 ], [ -98.455016520152853, 23.565852200579222 ], [ -98.468860998543178, 23.554976950482288 ], [ -98.470975319944188, 23.557500260661463 ], [ -98.468853028824114, 23.565291289908842 ], [ -98.463609489172256, 23.567786600740977 ], [ -98.462355519139763, 23.564943571266909 ], [ -98.460281169447612, 23.575108970082251 ], [ -98.472719508955535, 23.568414280654899 ], [ -98.513106550427764, 23.608105600145681 ], [ -98.495582509793195, 23.623889261205665 ], [ -98.494176689199804, 23.633964290905702 ], [ -98.488371980425484, 23.635763321102207 ], [ -98.496495150322289, 23.649611910164182 ], [ -98.504601829813083, 23.646826740312324 ], [ -98.495461719136514, 23.724724019715552 ], [ -98.462906138896685, 23.721098830608799 ], [ -98.457001829936871, 23.773361141158386 ], [ -98.481732309801686, 23.816974550904074 ], [ -98.263412340339656, 23.925550051248209 ], [ -98.251385250046596, 23.92522458085234 ], [ -98.24875673875141, 23.929845341078892 ], [ -98.24139386026205, 23.932467170044891 ], [ -98.237816828760515, 23.951966170281715 ], [ -98.222797308534865, 23.950012061195331 ], [ -98.20629604955036, 23.961353220484515 ], [ -98.188312179894837, 23.96199188126214 ], [ -98.190503079709188, 23.970943400721325 ], [ -98.197766510108295, 23.9745523809699 ], [ -98.216841509293829, 23.965727000643739 ], [ -98.233735889982185, 23.965175139964462 ], [ -98.234215278735164, 23.971210629680634 ], [ -98.237723600301905, 23.973749220498846 ], [ -98.237146430406696, 23.981403710063844 ], [ -98.233369949761155, 23.983595001021268 ], [ -98.235431199868387, 23.986660680109235 ], [ -98.230440538761528, 23.99067477013174 ], [ -98.229530580022015, 23.995816950871905 ], [ -98.210864110227831, 24.007551740885614 ], [ -98.201280908507215, 24.008333000704692 ], [ -98.194532678635198, 24.002897449616885 ], [ -98.188182709027231, 24.036634860705526 ], [ -98.197584779684036, 24.047915800874669 ], [ -98.200435139588976, 24.056481520506612 ], [ -98.139969749075362, 24.056877290374409 ], [ -98.141802458830753, 24.076807940980835 ], [ -98.135464349750578, 24.086129940687698 ], [ -98.132924538882079, 24.115066290441163 ], [ -98.048999919612569, 24.114730519997813 ], [ -98.048928249801392, 24.122900889672863 ], [ -98.001009280469745, 24.12253486010702 ], [ -98.074682049829718, 24.170134280503834 ], [ -98.059870999397532, 24.184658140803958 ], [ -98.059891599552174, 24.197470429757665 ], [ -98.03714562997547, 24.19761488998963 ], [ -98.035607689073444, 24.233471349544551 ], [ -98.001904819325404, 24.233651950285537 ], [ -98.014906199101432, 24.261477250648944 ], [ -98.01942431850631, 24.262969820810209 ], [ -98.019556750137554, 24.322247349694504 ], [ -97.843928348855712, 24.433967450903562 ], [ -97.831263918746501, 24.416496550573196 ], [ -97.79951351926988, 24.414172921014917 ], [ -97.774500169101884, 24.424606830408486 ], [ -97.768458318861136, 24.44205126110964 ], [ -97.747939179067288, 24.451063999632975 ], [ -97.743064200273892, 24.47835766072588 ] ] ] } },
{ "type": "Feature", "properties": { "code": "28019", "stateCode": "28", "municipalityCode": "019", "name": "Llera" }, "geometry": { "type": "Polygon", "coordinates": [ [ [ -98.933494539422739, 23.574987890161058 ], [ -98.918685429189836, 23.551829430194168 ], [ -98.911459449936899, 23.554098262226024 ], [ -98.908720718664568, 23.546175821106246 ], [ -98.881149629362938, 23.554728121956636 ], [ -98.871164540251655, 23.527761491230201 ], [ -98.866842339641181, 23.525898309570216 ], [ -98.87081502940093, 23.506395310750428 ], [ -98.8296368791693, 23.50493999960975 ], [ -98.837115000071194, 23.454774970995459 ], [ -98.856262599907936, 23.458851420469209 ], [ -98.86059702920214, 23.43315403079793 ], [ -98.840705519955634, 23.430822140192035 ], [ -98.846133510297747, 23.392611970679361 ], [ -98.822808969486886, 23.390873400197133 ], [ -98.751760249284956, 23.395721751336403 ], [ -98.751473019841214, 23.388850511918328 ], [ -98.73122631902487, 23.386617969779035 ], [ -98.727276079899639, 23.285770919674849 ], [ -98.747386060225907, 23.285087921314023 ], [ -98.745949859816847, 23.246702450378766 ], [ -98.725868520469092, 23.247592660498793 ], [ -98.724629280242482, 23.184026849755295 ], [ -98.704857739569064, 23.181031570570358 ], [ -98.703042228613455, 23.19020803069639 ], [ -98.671630659216689, 23.208017420414258 ], [ -98.656701058843538, 23.280575890393319 ], [ -98.608993280425267, 23.299071000280239 ], [ -98.603489570284296, 23.287461280221258 ], [ -98.575089549736674, 23.30134322127353 ], [ -98.579774340055565, 23.31003377113019 ], [ -98.568527938806369, 23.313412309556764 ], [ -98.562302888583915, 23.326134381107693 ], [ -98.504663109513828, 23.33307061974784 ], [ -98.515653370229614, 23.298893880465027 ], [ -98.469234828991702, 23.285745449758533 ], [ -98.464596539960567, 23.236346450313192 ], [ -98.407895879021069, 23.206063621157629 ], [ -98.414160750165635, 23.198847089993745 ], [ -98.416839119859915, 23.188505200077994 ], [ -98.414805969249116, 23.170663519689455 ], [ -98.428372720431909, 23.141932420147473 ], [ -98.445652859911576, 23.121565679582126 ], [ -98.44317430946289, 23.116308829710945 ], [ -98.457332420081528, 23.086850720953244 ], [ -98.49764681939952, 23.09811605110098 ], [ -98.537260178736588, 23.093497420289605 ], [ -98.547807778674979, 23.095103219675327 ], [ -98.554596230313919, 23.048340550312009 ], [ -98.622737109566472, 23.047220770738079 ], [ -98.626864879764639, 23.020153110086394 ], [ -98.666579618839862, 23.025277741151406 ], [ -98.665197769753192, 23.034746451315772 ], [ -98.694098028823475, 23.038295021250352 ], [ -98.68966197873516, 23.063837320664508 ], [ -98.728154339237832, 23.065375259636266 ], [ -98.726640739506394, 23.056463541343319 ], [ -98.755219200029558, 23.058824619599765 ], [ -98.764481549957821, 23.10742665055578 ], [ -98.915346479118739, 23.131276509707373 ], [ -98.916722938703103, 23.134260951270573 ], [ -98.922134970411292, 23.134731709594877 ], [ -98.922418540333297, 23.12950377051936 ], [ -98.928259489922439, 23.129824090313409 ], [ -98.926109949953243, 23.141261971132668 ], [ -98.952200249713655, 23.142866630965731 ], [ -98.950735510170233, 23.148250860633272 ], [ -98.975740079444776, 23.1543046595785 ], [ -98.966982418661914, 23.173083109644903 ], [ -98.989955419295441, 23.174311450976848 ], [ -98.994505490115827, 23.152045371296786 ], [ -98.998974018891573, 23.152630310868648 ], [ -99.002243058566265, 23.139472110581039 ], [ -99.037799689835026, 23.140087600331857 ], [ -99.040027949611257, 23.117738229709204 ], [ -99.065241428639382, 23.120386569998644 ], [ -99.069484379802972, 23.128184060893403 ], [ -99.081396200165969, 23.125771769878067 ], [ -99.085005459191891, 23.125804030594793 ], [ -99.085332739163519, 23.129056710738663 ], [ -99.147749769985424, 23.127504509592576 ], [ -99.143530599827827, 23.130875450989425 ], [ -99.149188878632614, 23.13412003064219 ], [ -99.185371859122938, 23.126968850864188 ], [ -99.185899459176412, 23.150764620537544 ], [ -99.267169259575311, 23.143288019884729 ], [ -99.209573418519057, 23.166403600976977 ], [ -99.216815659980426, 23.202337341333113 ], [ -99.197307148918483, 23.206588170823991 ], [ -99.198027648997325, 23.215889281068399 ], [ -99.18157597898923, 23.219617170696754 ], [ -99.185624910193567, 23.237965780541046 ], [ -99.183387229524939, 23.269047221341214 ], [ -99.157443749503116, 23.262464850685795 ], [ -99.144617710251794, 23.266139511006173 ], [ -99.177783398851616, 23.302748260594011 ], [ -99.175482480363442, 23.311363120762792 ], [ -99.187021739776412, 23.312436110197304 ], [ -99.19572057013761, 23.372416781304903 ], [ -99.193657940300767, 23.374957630634761 ], [ -99.193034488982121, 23.369777920710725 ], [ -99.192261289208062, 23.39943218133865 ], [ -99.126816889896403, 23.396140399643304 ], [ -99.130673849825357, 23.40653088086777 ], [ -99.148774280308956, 23.409100290826636 ], [ -99.148922199653185, 23.428557629863189 ], [ -99.141790059323498, 23.423227030499167 ], [ -99.137835119171172, 23.443660150004014 ], [ -99.12203170870697, 23.446480460987637 ], [ -99.114646119975745, 23.465109340949336 ], [ -99.113348829697301, 23.486078600619415 ], [ -99.092725720473112, 23.485663940165246 ], [ -99.095038948817489, 23.517729370803178 ], [ -99.063154940210325, 23.518934571287296 ], [ -99.018823489712375, 23.557480031122317 ], [ -99.002372919338796, 23.550949800064153 ], [ -98.975798820369874, 23.574184340769271 ], [ -98.966623539308159, 23.558360820238313 ], [ -98.933494539422739, 23.574987890161058 ] ] ] } },
{ "type": "Feature", "properties": { "code": "28028", "stateCode": "28", "municipalityCode": "028", "name": "Nuevo Morelos" }, "geometry": { "type": "Polygon", "coordinates": [ [ [ -99.21047604960232, 22.614189489854425 ], [ -99.200956849999031, 22.610945739927157 ], [ -99.188351279814469, 22.621141830433917 ], [ -99.178954290041403, 22.5871627700968 ], [ -99.161650890455491, 22.553948889610364 ], [ -99.147817939908393, 22.542293139961565 ], [ -99.128458149741405, 22.502518750105267 ], [ -99.122632200272022, 22.472052420427001 ], [ -99.109898459600757, 22.442008749794638 ], [ -99.114629119799048, 22.40672949027423 ], [ -99.236838750213465, 22.41286200008102 ], [ -99.243425400441609, 22.433370660305652 ], [ -99.251359679641681, 22.443979229737273 ], [ -99.259978600095494, 22.467810940314937 ], [ -99.2631485402583, 22.469791229906772 ], [ -99.272425819733314, 22.513262629765471 ], [ -99.288653379949878, 22.555824169664927 ], [ -99.305452650474308, 22.588605000186643 ], [ -99.209306739566244, 22.624236350087134 ], [ -99.21047604960232, 22.614189489854425 ] ] ] } },
{ "type": "Feature", "properties": { "code": "28025", "stateCode": "28", "municipalityCode": "025", "name": "Miguel Alemán" }, "geometry": { "type": "Polygon", "coordinates": [ [ [ -99.03728804735924, 26.413568341751684 ], [ -99.020938310070349, 26.406562890396597 ], [ -99.010774709682792, 26.392258629723759 ], [ -98.999999279587783, 26.39408519954922 ], [ -98.987793920124872, 26.391650060160341 ], [ -98.974386770229657, 26.401306770109183 ], [ -98.954576460250678, 26.39453917000581 ], [ -98.953456920225761, 26.384122060123616 ], [ -98.956107860254377, 26.377128689577937 ], [ -98.944544740116271, 26.366559920395222 ], [ -98.949776260021665, 26.356652949806531 ], [ -98.949025219886408, 26.342435029658887 ], [ -98.945706199556099, 26.342430020245786 ], [ -98.948311880375982, 26.338066180237973 ], [ -98.945953079788424, 26.338082520091383 ], [ -98.946597710365765, 26.314572079769302 ], [ -98.941803449927448, 26.298184629964059 ], [ -98.989671280097781, 26.187186659800243 ], [ -98.994319910246801, 26.18791221968814 ], [ -98.991889450058579, 26.182085520018532 ], [ -99.0168698599268, 26.123522800062194 ], [ -99.014360689648854, 26.117822060274925 ], [ -99.0164872801939, 26.114006460158624 ], [ -99.023560060244648, 26.114933540159068 ], [ -99.026684909768534, 26.111846599954845 ], [ -99.021679060041478, 26.098766520019446 ], [ -99.024402459577516, 26.093810460335067 ], [ -99.037252750192181, 26.093470220417615 ], [ -99.046076890234218, 26.098507030413671 ], [ -99.062818940265615, 26.090533090189762 ], [ -99.062535350337996, 26.080135430051772 ], [ -99.074523350017813, 26.078785399703388 ], [ -99.076899940066653, 26.071775419947041 ], [ -99.092180940359029, 26.070060970105555 ], [ -99.096313580441858, 26.072383919876966 ], [ -99.09323814994022, 26.077311140440916 ], [ -99.095026030126377, 26.080560260309927 ], [ -99.1086231504285, 26.079004290342574 ], [ -99.115452689543915, 26.075409320207182 ], [ -99.119892369633803, 26.066513890189409 ], [ -99.132161249538115, 26.067586619759705 ], [ -99.124052080132003, 26.056859200322311 ], [ -99.125171450219952, 26.0546066597791 ], [ -99.140933030085108, 26.052966820329829 ], [ -99.14337124976376, 26.061131290445562 ], [ -99.160330119864241, 26.061385139886152 ], [ -99.161916429857271, 26.070261250141773 ], [ -99.167019419843783, 26.075468279959647 ], [ -99.197801569687584, 26.258486819958996 ], [ -99.180074369572608, 26.257344019844112 ], [ -99.18278962961233, 26.264861349826791 ], [ -99.116359320169408, 26.263149510343109 ], [ -99.116787680333118, 26.29516039970709 ], [ -99.112845199997622, 26.294548710273279 ], [ -99.111609510192679, 26.289609080407061 ], [ -99.108467779934813, 26.293404119984316 ], [ -99.100090749966782, 26.294451260172693 ], [ -99.10130189043889, 26.299046019836172 ], [ -99.116928200187246, 26.303618459709071 ], [ -99.117109350062691, 26.324600980204792 ], [ -99.111319419847021, 26.327609490396963 ], [ -99.11746353981269, 26.346108480222643 ], [ -99.117871459897586, 26.376726199637606 ], [ -99.104248379660135, 26.378725049756238 ], [ -99.101169019716821, 26.382247769592897 ], [ -99.103692720089512, 26.392608280313045 ], [ -99.100985489753398, 26.392135259588258 ], [ -99.111529459621806, 26.399554430319899 ], [ -99.107106200040604, 26.406326780144298 ], [ -99.110453780381135, 26.40743951964377 ], [ -99.096439019897829, 26.412250980097664 ], [ -99.089038650145369, 26.407904289962733 ], [ -99.083986080094832, 26.397573119866351 ], [ -99.063321137591146, 26.397281574188813 ], [ -99.03728804735924, 26.413568341751684 ] ] ] } },
{ "type": "Feature", "properties": { "code": "28002", "stateCode": "28", "municipalityCode": "002", "name": "Aldama" }, "geometry": { "type": "Polygon", "coordinates": [ [ [ -98.122847488659303, 23.369973661295628 ], [ -98.098277598606188, 23.365982050750574 ], [ -98.099458179440433, 23.362442291326321 ], [ -98.096961168608686, 23.36095252127889 ], [ -98.090156518766335, 23.362866120722142 ], [ -98.089191509296697, 23.352460970792741 ], [ -98.079754279022069, 23.345279770245757 ], [ -98.061165859824214, 23.343492620850537 ], [ -98.048634949058396, 23.333545149757697 ], [ -98.033768538722285, 23.33302823058791 ], [ -98.023753050467406, 23.342384779725339 ], [ -98.006406199965141, 23.342116919825212 ], [ -97.987039028584419, 23.302398630347554 ], [ -97.964656180053538, 23.299321970899239 ], [ -97.961444549987704, 23.289643000814831 ], [ -97.945923090458123, 23.288498580815826 ], [ -97.945631999646125, 23.293090830253128 ], [ -97.948668599972223, 23.293373950730309 ], [ -97.933631628517645, 23.300672721182078 ], [ -97.930232658553635, 23.308195110705594 ], [ -97.912619478962839, 23.315029740213905 ], [ -97.908622819666903, 23.308778770258655 ], [ -97.90190184935031, 23.308515149624824 ], [ -97.887580199525885, 23.316408770087953 ], [ -97.890185029819847, 23.299994320860684 ], [ -97.862621538962401, 23.297739719994098 ], [ -97.859733110180358, 23.314837910216003 ], [ -97.850874319046852, 23.313593319848643 ], [ -97.855756320189798, 23.327981919969069 ], [ -97.837622888536544, 23.32628995091013 ], [ -97.836274920068206, 23.333691110669406 ], [ -97.81708945014465, 23.338214000726673 ], [ -97.808311540215144, 23.331377711249143 ], [ -97.811733019339229, 23.311332170034877 ], [ -97.802110629505577, 23.309776880799056 ], [ -97.805918538775686, 23.292087600014177 ], [ -97.789482849324216, 23.288775111104094 ], [ -97.791903680020326, 23.273559381177641 ], [ -97.784112779975572, 23.276331851165693 ], [ -97.768963590050163, 23.272313603808023 ], [ -97.760365415646447, 23.055435476913765 ], [ -97.766091309910635, 22.892653050050573 ], [ -97.788854503166078, 22.790604853856841 ], [ -97.836767344460682, 22.672765670687294 ], [ -97.841230030169228, 22.671480339731072 ], [ -97.844974911878396, 22.660258895096412 ], [ -97.855775078591137, 22.605787918889622 ], [ -97.859520969290614, 22.549014475030202 ], [ -97.865781680098394, 22.551939109657265 ], [ -97.872991348632922, 22.574268430642917 ], [ -97.877485819643482, 22.567554311340494 ], [ -97.876344628772472, 22.562731919542493 ], [ -97.881550689870551, 22.564643890455258 ], [ -97.88881361917062, 22.561587570922534 ], [ -97.893165689687336, 22.570487949690165 ], [ -97.904069540140455, 22.571970891339546 ], [ -97.909917490287214, 22.57904467971645 ], [ -97.9081139794568, 22.590283850567637 ], [ -97.91238644884524, 22.596609751042831 ], [ -97.908980109716993, 22.612973890230844 ], [ -97.916861259050961, 22.625717921074109 ], [ -97.913308879708111, 22.638434740724758 ], [ -97.920937799366314, 22.652458020945417 ], [ -97.926410368935166, 22.649963400075958 ], [ -97.933192139661102, 22.638403350700571 ], [ -97.935963740497428, 22.640478579562608 ], [ -97.929681289956832, 22.649995341205294 ], [ -97.931370118834963, 22.65691172119266 ], [ -97.939266880373523, 22.655233461133488 ], [ -97.948330910000408, 22.644564970837891 ], [ -97.959458849965031, 22.645371969591604 ], [ -97.957067199702749, 22.660879569705127 ], [ -97.96306390886221, 22.66210457079071 ], [ -97.970894220259723, 22.650957121337154 ], [ -97.968732479114863, 22.665497170783372 ], [ -97.973352089555462, 22.670551949687464 ], [ -97.972235780190701, 22.658776650344134 ], [ -97.977795139650397, 22.650590169653778 ], [ -97.982195950150214, 22.652644649973311 ], [ -97.976235028605558, 22.658546650587873 ], [ -97.975788648975666, 22.6631866300452 ], [ -97.983475309000752, 22.669141550051535 ], [ -97.99079045030571, 22.666190570150849 ], [ -97.99378545920014, 22.659539150222866 ], [ -98.00216961948037, 22.659649280542524 ], [ -98.003282028873087, 22.652326381048521 ], [ -97.999417998946157, 22.650603890338704 ], [ -98.011633878990168, 22.631287179793009 ], [ -98.014144829948691, 22.631530770195116 ], [ -98.011220889545598, 22.635223400357965 ], [ -98.01421122984307, 22.640136920569311 ], [ -98.018242598694243, 22.64013837977695 ], [ -98.023279628936024, 22.634667430920235 ], [ -98.030835678906001, 22.642610380449678 ], [ -98.034600430132741, 22.641355509611309 ], [ -98.057081539072001, 22.752031661040007 ], [ -98.049471249846221, 22.799822120624572 ], [ -98.088335049035521, 22.80445226005374 ], [ -98.089681450087355, 22.794898630084642 ], [ -98.110254679984251, 22.797616850302997 ], [ -98.116135920229041, 22.758536679767268 ], [ -98.162058779504804, 22.743135660062883 ], [ -98.208241709803417, 22.74845738095863 ], [ -98.217636369940791, 22.679145171222302 ], [ -98.214493200469732, 22.67101117994288 ], [ -98.220267259847873, 22.673152461159727 ], [ -98.221469938683953, 22.678560290122867 ], [ -98.22790951944495, 22.679243661144969 ], [ -98.241305909473184, 22.67420792078876 ], [ -98.241336879237451, 22.671250800747824 ], [ -98.251799180467955, 22.671487080263368 ], [ -98.261133429491693, 22.680606580978836 ], [ -98.255772218560963, 22.718651350217268 ], [ -98.265795689542585, 22.719796780709366 ], [ -98.264754049643031, 22.728314221255591 ], [ -98.279190339439651, 22.729984260759696 ], [ -98.2755068591092, 22.758281000920714 ], [ -98.302574980105945, 22.783368619901641 ], [ -98.300703349689471, 22.797265319815125 ], [ -98.320505079742276, 22.799608279701069 ], [ -98.319609259800799, 22.805280950360345 ], [ -98.328592979511669, 22.807169480407374 ], [ -98.330190739671266, 22.7972617195406 ], [ -98.336238510388199, 22.798357260024346 ], [ -98.336059599720656, 22.819103339839319 ], [ -98.345187859848153, 22.820343490409257 ], [ -98.344549399778757, 22.824915419717374 ], [ -98.341435860076572, 22.824494949587322 ], [ -98.338636260104494, 22.842710600149505 ], [ -98.323365150145747, 22.840645600067436 ], [ -98.322119600068987, 22.85097889033861 ], [ -98.352501000041727, 22.854533629629994 ], [ -98.327320549906588, 22.886984460062173 ], [ -98.34563125028194, 22.889552689757025 ], [ -98.339971889764897, 22.907434399748471 ], [ -98.33217705004617, 22.906838380418812 ], [ -98.331324370415359, 22.9149817401915 ], [ -98.341730579785434, 22.917628689850012 ], [ -98.327583750366927, 23.023219199991072 ], [ -98.345587909877878, 23.046253910227279 ], [ -98.367700749841106, 23.062222019891824 ], [ -98.330351049635524, 23.085774020325772 ], [ -98.332606920116802, 23.107987489711793 ], [ -98.317345489952288, 23.112997520162306 ], [ -98.312454180041428, 23.124724229932312 ], [ -98.339588379594076, 23.144971199768598 ], [ -98.328492319628253, 23.166076830056902 ], [ -98.303987740214737, 23.146141829583307 ], [ -98.290784290382419, 23.178860970168287 ], [ -98.266976459925345, 23.215585690266362 ], [ -98.261060350416244, 23.23489496961863 ], [ -98.232298489674648, 23.226273419748537 ], [ -98.230594800000148, 23.245680919877469 ], [ -98.209845080011632, 23.253251419777449 ], [ -98.212777540289622, 23.293030059557239 ], [ -98.205890649875599, 23.322798110741083 ], [ -98.210888689176713, 23.347392370396246 ], [ -98.198879419920786, 23.349088120377356 ], [ -98.182668780179867, 23.357835121106358 ], [ -98.129745659248186, 23.349491909747595 ], [ -98.126489719266431, 23.366846000257986 ], [ -98.122847488659303, 23.369973661295628 ] ] ] } },
{ "type": "Feature", "properties": { "code": "28001", "stateCode": "28", "municipalityCode": "001", "name": "Abasolo" }, "geometry": { "type": "Polygon", "coordinates": [ [ [ -98.184473419521396, 24.422847969675416 ], [ -98.144592940208156, 24.423128820126905 ], [ -98.111487709974242, 24.418297709587154 ], [ -98.110967219860385, 24.402468939551028 ], [ -98.019239019783484, 24.404176029979453 ], [ -98.011729219947298, 24.364654599630711 ], [ -98.03278371034277, 24.346827650433173 ], [ -98.068626379855331, 24.32457074007274 ], [ -98.05365510978433, 24.300541179859852 ], [ -98.019556750137554, 24.322247349694504 ], [ -98.01942431850631, 24.262969820810209 ], [ -98.014906199101432, 24.261477250648944 ], [ -98.001904819325404, 24.233651950285537 ], [ -98.035607689073444, 24.233471349544551 ], [ -98.03714562997547, 24.19761488998963 ], [ -98.059891599552174, 24.197470429757665 ], [ -98.059870999397532, 24.184658140803958 ], [ -98.074682049829718, 24.170134280503834 ], [ -98.001009280469745, 24.12253486010702 ], [ -98.048928249801392, 24.122900889672863 ], [ -98.048999919612569, 24.114730519997813 ], [ -98.132924538882079, 24.115066290441163 ], [ -98.135464349750578, 24.086129940687698 ], [ -98.141802458830753, 24.076807940980835 ], [ -98.139969749075362, 24.056877290374409 ], [ -98.200435139588976, 24.056481520506612 ], [ -98.197584779684036, 24.047915800874669 ], [ -98.188182709027231, 24.036634860705526 ], [ -98.194532678635198, 24.002897449616885 ], [ -98.201280908507215, 24.008333000704692 ], [ -98.210864110227831, 24.007551740885614 ], [ -98.229530580022015, 23.995816950871905 ], [ -98.230440538761528, 23.99067477013174 ], [ -98.235431199868387, 23.986660680109235 ], [ -98.233369949761155, 23.983595001021268 ], [ -98.237146430406696, 23.981403710063844 ], [ -98.237723600301905, 23.973749220498846 ], [ -98.234215278735164, 23.971210629680634 ], [ -98.233735889982185, 23.965175139964462 ], [ -98.216841509293829, 23.965727000643739 ], [ -98.197766510108295, 23.9745523809699 ], [ -98.190503079709188, 23.970943400721325 ], [ -98.188312179894837, 23.96199188126214 ], [ -98.20629604955036, 23.961353220484515 ], [ -98.222797308534865, 23.950012061195331 ], [ -98.237816828760515, 23.951966170281715 ], [ -98.24139386026205, 23.932467170044891 ], [ -98.24875673875141, 23.929845341078892 ], [ -98.251385250046596, 23.92522458085234 ], [ -98.263412340339656, 23.925550051248209 ], [ -98.527340290454774, 23.79354435050719 ], [ -98.540697539604835, 23.821571569997882 ], [ -98.559261679692455, 23.819145020361912 ], [ -98.535927110277925, 23.829760770368644 ], [ -98.540366720149564, 23.877607449634301 ], [ -98.487111489572314, 23.906455380796153 ], [ -98.485567460160411, 23.913990259842638 ], [ -98.492396370265325, 23.91842293994867 ], [ -98.497775690437322, 23.939341140300836 ], [ -98.504858880281105, 23.943205949705206 ], [ -98.515443370043485, 23.941814921116919 ], [ -98.52048859966844, 23.953147570760777 ], [ -98.502947110391844, 24.068127149872897 ], [ -98.48924378024509, 24.078193549934269 ], [ -98.496116739581794, 24.082714370415076 ], [ -98.491794939689697, 24.089474820023892 ], [ -98.477461649582068, 24.086306350432054 ], [ -98.463820140044248, 24.09697069038614 ], [ -98.471087649727068, 24.100922510244953 ], [ -98.469268800416657, 24.117615020390563 ], [ -98.461300399542779, 24.117856059872274 ], [ -98.45497728008614, 24.124698660261934 ], [ -98.446508079674885, 24.124764080079686 ], [ -98.440192080110677, 24.138320579766582 ], [ -98.443112619979502, 24.142825539947715 ], [ -98.432914940368207, 24.149153549695097 ], [ -98.423739889657739, 24.153438799771109 ], [ -98.421614580036575, 24.150820419987113 ], [ -98.403691800059363, 24.153829629565021 ], [ -98.405332049815101, 24.161778430338227 ], [ -98.39800255035351, 24.162930459663094 ], [ -98.387448030356452, 24.154760940076702 ], [ -98.38110032021163, 24.157313769753806 ], [ -98.377517979847099, 24.167317179676918 ], [ -98.352155879871702, 24.165198450135023 ], [ -98.349665169825343, 24.161651290168631 ], [ -98.318227620411847, 24.231299060051047 ], [ -98.284655569803888, 24.333054860216681 ], [ -98.295238690294383, 24.344636229727918 ], [ -98.290024580429161, 24.343822059561621 ], [ -98.277992379826188, 24.417611550290381 ], [ -98.236906149665799, 24.411168340079804 ], [ -98.237066850312473, 24.423122450122339 ], [ -98.184608739541247, 24.462622340371805 ], [ -98.184473419521396, 24.422847969675416 ] ] ] } },
{ "type": "Feature", "properties": { "code": "28004", "stateCode": "28", "municipalityCode": "004", "name": "Antiguo Morelos" }, "geometry": { "type": "Polygon", "coordinates": [ [ [ -99.139177030079324, 22.767111540067638 ], [ -99.116401000292655, 22.765008829680585 ], [ -99.117043169684763, 22.757825140197035 ], [ -99.119117419623677, 22.758113680224039 ], [ -99.116507480284355, 22.751489180198053 ], [ -99.086507740384278, 22.746916510288909 ], [ -99.075529740458023, 22.717425719933242 ], [ -99.081336339819003, 22.717200619806633 ], [ -99.063874780140182, 22.628646969893936 ], [ -99.051580429606886, 22.636236229679934 ], [ -99.036312940257659, 22.636100740412047 ], [ -99.024519939726531, 22.618510740437632 ], [ -99.014367620436758, 22.610059119861184 ], [ -99.011867259684379, 22.604154179682443 ], [ -99.027281659559364, 22.599611480306208 ], [ -99.014002149886352, 22.586295819676202 ], [ -99.018443090259822, 22.585020800111362 ], [ -98.968735719843238, 22.502897349878598 ], [ -98.959080520348763, 22.456675819714789 ], [ -98.938753769745588, 22.455803540126713 ], [ -98.925346480182327, 22.372903619873842 ], [ -98.912680719595585, 22.374216249646398 ], [ -98.909866029872916, 22.372247659567229 ], [ -98.910022259811825, 22.371704849954391 ], [ -98.913509779610933, 22.374021720204528 ], [ -98.925544860418654, 22.371746779786733 ], [ -98.931972719781072, 22.392775140074729 ], [ -99.060399449537499, 22.415268520389816 ], [ -99.114629119799048, 22.40672949027423 ], [ -99.109898459600757, 22.442008749794638 ], [ -99.122632200272022, 22.472052420427001 ], [ -99.128458149741405, 22.502518750105267 ], [ -99.147817939908393, 22.542293139961565 ], [ -99.161650890455491, 22.553948889610364 ], [ -99.178954290041403, 22.5871627700968 ], [ -99.188351279814469, 22.621141830433917 ], [ -99.200956849999031, 22.610945739927157 ], [ -99.21047604960232, 22.614189489854425 ], [ -99.20719447959452, 22.642381619777243 ], [ -99.20296417017822, 22.641924079882749 ], [ -99.20135937031165, 22.647320119832695 ], [ -99.200945749578665, 22.664555049907118 ], [ -99.205200120036409, 22.674182060240302 ], [ -99.196150690279865, 22.6733351198157 ], [ -99.193938780236721, 22.687263509881799 ], [ -99.200163199819812, 22.687843909601991 ], [ -99.19904576977595, 22.69340661995972 ], [ -99.188637479600686, 22.692494379889247 ], [ -99.190377680476757, 22.70215480033006 ], [ -99.197876509599681, 22.702915199964885 ], [ -99.197066479639219, 22.710792800205766 ], [ -99.18184367991563, 22.708691290106447 ], [ -99.180723520132574, 22.715994980176774 ], [ -99.167074019523895, 22.714196310050387 ], [ -99.166218850428763, 22.721379750339349 ], [ -99.162831170345044, 22.720904779978159 ], [ -99.160656139563798, 22.741151750443148 ], [ -99.151100680110417, 22.738524280432877 ], [ -99.150140429719315, 22.745895769547467 ], [ -99.144644620451032, 22.746459600296632 ], [ -99.141120349531988, 22.753566230022511 ], [ -99.139177030079324, 22.767111540067638 ] ] ] } },
{ "type": "Feature", "properties": { "code": "28029", "stateCode": "28", "municipalityCode": "029", "name": "Ocampo" }, "geometry": { "type": "Polygon", "coordinates": [ [ [ -99.442597319675954, 23.089721720317741 ], [ -99.421788779588994, 23.091782140208505 ], [ -99.410882349755198, 23.060745689613956 ], [ -99.358533450110798, 23.060410550308557 ], [ -99.358101430231073, 23.016351889612583 ], [ -99.329886650101955, 22.978782689706865 ], [ -99.282876259512278, 22.967738820236786 ], [ -99.289724180336066, 22.963405220247264 ], [ -99.205559170367465, 22.942288260208144 ], [ -99.163054019881727, 22.948975369801616 ], [ -99.156742940102674, 22.922212970243091 ], [ -99.147567580067843, 22.922440579642032 ], [ -99.145266770455081, 22.912766419738961 ], [ -99.140953150447316, 22.912814229621681 ], [ -99.136593819623641, 22.887138259837833 ], [ -99.129140350088775, 22.865654289707201 ], [ -99.138952369566212, 22.853898149984445 ], [ -99.143056000191422, 22.853622709896566 ], [ -99.143163170032324, 22.842397369926292 ], [ -99.118876599559727, 22.840184320373893 ], [ -99.104483889965152, 22.801330970188477 ], [ -99.102937849937817, 22.798076550068178 ], [ -99.098387479985277, 22.798412029767455 ], [ -99.096612679573937, 22.792997660295775 ], [ -99.105293919847668, 22.786094509771701 ], [ -99.093561119797698, 22.783252950185716 ], [ -99.092430909584436, 22.773353419578115 ], [ -99.123479180444335, 22.781511720262511 ], [ -99.12548226027215, 22.766185779707584 ], [ -99.139177030079324, 22.767111540067638 ], [ -99.141120349531988, 22.753566230022511 ], [ -99.144644620451032, 22.746459600296632 ], [ -99.150140429719315, 22.745895769547467 ], [ -99.151100680110417, 22.738524280432877 ], [ -99.160656139563798, 22.741151750443148 ], [ -99.162831170345044, 22.720904779978159 ], [ -99.166218850428763, 22.721379750339349 ], [ -99.167074019523895, 22.714196310050387 ], [ -99.180723520132574, 22.715994980176774 ], [ -99.18184367991563, 22.708691290106447 ], [ -99.197066479639219, 22.710792800205766 ], [ -99.197876509599681, 22.702915199964885 ], [ -99.190377680476757, 22.70215480033006 ], [ -99.188637479600686, 22.692494379889247 ], [ -99.19904576977595, 22.69340661995972 ], [ -99.200163199819812, 22.687843909601991 ], [ -99.193938780236721, 22.687263509881799 ], [ -99.196150690279865, 22.6733351198157 ], [ -99.205200120036409, 22.674182060240302 ], [ -99.200945749578665, 22.664555049907118 ], [ -99.20135937031165, 22.647320119832695 ], [ -99.20296417017822, 22.641924079882749 ], [ -99.20719447959452, 22.642381619777243 ], [ -99.209306739566244, 22.624236350087134 ], [ -99.305452650474308, 22.588605000186643 ], [ -99.31403440017678, 22.609898169743357 ], [ -99.328590050254391, 22.608702399888919 ], [ -99.330107520052891, 22.614844689562386 ], [ -99.321387859826572, 22.616730449646621 ], [ -99.329617679656209, 22.634887779649294 ], [ -99.373200480067609, 22.629077679622618 ], [ -99.385553110077439, 22.670268459766419 ], [ -99.396540119680211, 22.670766800132448 ], [ -99.419912720142833, 22.662037539816069 ], [ -99.442052880321299, 22.663615710196158 ], [ -99.479220309929758, 22.742052949808322 ], [ -99.492448690072521, 22.741947979912325 ], [ -99.49678850962232, 22.748497949591506 ], [ -99.544327380444727, 22.74414014956519 ], [ -99.539248890176665, 22.729138460340717 ], [ -99.564107480344532, 22.746025580076939 ], [ -99.534147030050804, 22.768239740344633 ], [ -99.539531199858033, 22.805720780092496 ], [ -99.519680850365503, 22.80948531020405 ], [ -99.499574289517668, 22.820603679764663 ], [ -99.517325450049043, 22.83799393981802 ], [ -99.512327979993941, 22.892030199638683 ], [ -99.531636909958863, 22.919885309710075 ], [ -99.542227450240475, 22.925930419560906 ], [ -99.5097197802056, 22.928836320246521 ], [ -99.515060309855869, 22.940082630206902 ], [ -99.492754050425049, 22.952318379623918 ], [ -99.474186570148603, 22.970166750047433 ], [ -99.486274449899994, 23.001225780331801 ], [ -99.479353119610664, 23.01182215018099 ], [ -99.463661080101744, 23.006090859900542 ], [ -99.460866369856461, 23.017949999893034 ], [ -99.459819830062131, 23.025003910172281 ], [ -99.471315820091945, 23.024205430301866 ], [ -99.473384880010812, 23.034513599780183 ], [ -99.47805504986772, 23.029569449650495 ], [ -99.487845090355222, 23.034164649942586 ], [ -99.490783279778327, 23.059950480267077 ], [ -99.50667020047149, 23.059922030199878 ], [ -99.499448219827514, 23.085533320415816 ], [ -99.48283850993576, 23.074932849648576 ], [ -99.472373570199039, 23.075672310383712 ], [ -99.472691029887855, 23.078245489597805 ], [ -99.461863660322479, 23.072653060290722 ], [ -99.460067369710274, 23.098494479874375 ], [ -99.441683579648995, 23.099675600273812 ], [ -99.442597319675954, 23.089721720317741 ] ] ] } },
{ "type": "Feature", "properties": { "code": "28031", "stateCode": "28", "municipalityCode": "031", "name": "Palmillas" }, "geometry": { "type": "Polygon", "coordinates": [ [ [ -99.542615679511698, 23.455889460399927 ], [ -99.527476709642571, 23.42815905992877 ], [ -99.474945510184838, 23.421113690407537 ], [ -99.501450380130706, 23.415918940401895 ], [ -99.501530629651242, 23.390100689842008 ], [ -99.497567860092701, 23.389741249580634 ], [ -99.496507659832986, 23.381008600329562 ], [ -99.500302170240957, 23.382904940014406 ], [ -99.504109219962942, 23.379747599831632 ], [ -99.500217220056058, 23.3567473802776 ], [ -99.513794880132551, 23.359032310227537 ], [ -99.516538150338576, 23.349916419856676 ], [ -99.491820280224658, 23.267554280388762 ], [ -99.496669340362402, 23.260670540078138 ], [ -99.535861719730974, 23.273152479670085 ], [ -99.534792850287332, 23.248682619625622 ], [ -99.500618169568796, 23.248771109844242 ], [ -99.492398399885275, 23.118261680332882 ], [ -99.477958320009137, 23.104439889863915 ], [ -99.477695379877062, 23.098375859812084 ], [ -99.473633060452514, 23.098650180153793 ], [ -99.472373570199039, 23.075672310383712 ], [ -99.48283850993576, 23.074932849648576 ], [ -99.541691850101927, 23.114723079718704 ], [ -99.596043460279603, 23.112337449613342 ], [ -99.594639659536156, 23.145363430025245 ], [ -99.598815820358809, 23.170617679712922 ], [ -99.632562549738466, 23.169053679818852 ], [ -99.638217659612963, 23.201056570391788 ], [ -99.646946000186745, 23.220190290236925 ], [ -99.612721580477796, 23.218477489559454 ], [ -99.616798379666733, 23.227218769831424 ], [ -99.636298680054281, 23.225804489812461 ], [ -99.636252149633179, 23.228683920168592 ], [ -99.622181309922183, 23.229503030375461 ], [ -99.64563490998988, 23.248780310441482 ], [ -99.620591599660415, 23.242942970442755 ], [ -99.649179379893695, 23.27730860008009 ], [ -99.654712119777827, 23.297927689840645 ], [ -99.651367199650849, 23.35655080016523 ], [ -99.641510979558106, 23.357307859761072 ], [ -99.631986519815442, 23.3981475401227 ], [ -99.625812650454989, 23.403561630441757 ], [ -99.619164599564272, 23.427197290080748 ], [ -99.551566219607992, 23.42382014023093 ], [ -99.5530872501933, 23.455921370391767 ], [ -99.542615679511698, 23.455889460399927 ] ] ] } },
{ "type": "Feature", "properties": { "code": "28035", "stateCode": "28", "municipalityCode": "035", "name": "San Fernando" }, "geometry": { "type": "Polygon", "coordinates": [ [ [ -97.979269690194542, 25.444070549601577 ], [ -97.979276909538328, 25.425992459618371 ], [ -97.949461649910546, 25.425990910367958 ], [ -97.949385370355969, 25.381326980254748 ], [ -97.899774050200904, 25.380854970164432 ], [ -97.899803570433662, 25.375791599924533 ], [ -97.877987490374281, 25.396303079706136 ], [ -97.862863650212475, 25.380524259720396 ], [ -97.859292320311766, 25.385847290052723 ], [ -97.84723985040749, 25.374522309599037 ], [ -97.851726849977737, 25.370284430020348 ], [ -97.848845620225376, 25.367271380350491 ], [ -97.803283489731882, 25.346775879951448 ], [ -97.8077166299434, 25.341472340149672 ], [ -97.718594690259735, 25.261597140238425 ], [ -97.71861725024732, 25.27187875010743 ], [ -97.670185689993119, 25.22452164986332 ], [ -97.518845149542514, 25.050144080399797 ], [ -97.51697480853845, 25.040947052083521 ], [ -97.572077150424107, 24.887685158658989 ], [ -97.58229931463039, 24.850832067268044 ], [ -97.580641313797955, 24.844025101600497 ], [ -97.586254060471532, 24.843283999831037 ], [ -97.581231637659997, 24.841996944891402 ], [ -97.586084561085997, 24.839128926102966 ], [ -97.591181367276747, 24.82459517819564 ], [ -97.653801187357686, 24.600501962222328 ], [ -97.675341257737841, 24.50932398957417 ], [ -97.679083555422793, 24.487365133887767 ], [ -97.67747640520561, 24.479977959399665 ], [ -97.68864282885599, 24.477455490817839 ], [ -97.743064200273892, 24.47835766072588 ], [ -97.747939179067288, 24.451063999632975 ], [ -97.768458318861136, 24.44205126110964 ], [ -97.774500169101884, 24.424606830408486 ], [ -97.79951351926988, 24.414172921014917 ], [ -97.831263918746501, 24.416496550573196 ], [ -97.843928348855712, 24.433967450903562 ], [ -98.05365510978433, 24.300541179859852 ], [ -98.068626379855331, 24.32457074007274 ], [ -98.03278371034277, 24.346827650433173 ], [ -98.011729219947298, 24.364654599630711 ], [ -98.019239019783484, 24.404176029979453 ], [ -98.110967219860385, 24.402468939551028 ], [ -98.111487709974242, 24.418297709587154 ], [ -98.144592940208156, 24.423128820126905 ], [ -98.184473419521396, 24.422847969675416 ], [ -98.184781119738417, 24.479728710411003 ], [ -98.144766119712841, 24.472347889707756 ], [ -98.09981464999791, 24.504082089860237 ], [ -98.138623200238513, 24.573649970061318 ], [ -98.149821119592758, 24.565072679625011 ], [ -98.171381419952766, 24.586838419760834 ], [ -98.179385600449706, 24.581082290193649 ], [ -98.220623059999966, 24.62411405970192 ], [ -98.234642169791272, 24.618492520135767 ], [ -98.238865180154676, 24.608571830081523 ], [ -98.24850719985325, 24.606937740428648 ], [ -98.251023150455708, 24.599466229910792 ], [ -98.267160380286569, 24.601411079848567 ], [ -98.273998090342047, 24.592313200069707 ], [ -98.280837749600693, 24.589331119778514 ], [ -98.287985919981367, 24.592075199690729 ], [ -98.293580689626879, 24.605295109710742 ], [ -98.31011030993642, 24.612338250105282 ], [ -98.303582339516765, 24.622649950077456 ], [ -98.322124030152153, 24.632917200118829 ], [ -98.289659969811552, 24.678323969850194 ], [ -98.29690616980993, 24.706409909996207 ], [ -98.310857860450298, 24.703874149950895 ], [ -98.316864050061341, 24.724796489811496 ], [ -98.306254339583234, 24.724794349983227 ], [ -98.314644349701851, 24.750753340141614 ], [ -98.310923029664153, 24.753568420296578 ], [ -98.317106520177958, 24.77035103034093 ], [ -98.321421060203392, 24.773875180019918 ], [ -98.332834059906958, 24.815304880110201 ], [ -98.339200119620855, 24.816263229881159 ], [ -98.352340459996256, 24.810948599564707 ], [ -98.35178758049706, 24.835670859643582 ], [ -98.367253260345137, 24.839955889965772 ], [ -98.362983679637793, 24.865199260152085 ], [ -98.377976769566317, 24.858191630398178 ], [ -98.388913860255087, 24.877675370058107 ], [ -98.408891909857331, 24.871625999793608 ], [ -98.430414940003672, 24.904532739746031 ], [ -98.418794030255171, 24.915369029668064 ], [ -98.413273200396191, 24.914035680001767 ], [ -98.41301397036159, 24.918885739665807 ], [ -98.419842950099692, 24.924052020059108 ], [ -98.429053310052225, 24.939113549907312 ], [ -98.4210356803069, 24.947283999648732 ], [ -98.424205720012509, 24.957621289907198 ], [ -98.421057550166779, 24.962319600048602 ], [ -98.412706919568535, 24.96035704989896 ], [ -98.404094250279144, 24.965773680135044 ], [ -98.408765199988039, 24.976669119702837 ], [ -98.402518319914108, 24.979508650196248 ], [ -98.392631540144151, 24.978598060241868 ], [ -98.388525510276793, 24.98381597970371 ], [ -98.384183059971349, 24.981374479694665 ], [ -98.378626339547239, 24.988710419822258 ], [ -98.379130740296816, 24.992050309629313 ], [ -98.384132380259686, 24.99250905988043 ], [ -98.399727510294255, 25.00752117030294 ], [ -98.4094133999523, 25.011473080376881 ], [ -98.414027029600717, 25.009816480278683 ], [ -98.416717020361332, 25.017698280248226 ], [ -98.404928889549353, 25.018699849558566 ], [ -98.39960940009415, 25.02221553983901 ], [ -98.392278429697043, 25.037500030313954 ], [ -98.387785950073962, 25.03958734045208 ], [ -98.383157320028175, 25.073629999910604 ], [ -98.347721909927486, 25.080473179883974 ], [ -98.343617800436277, 25.106830850131136 ], [ -98.323914460180873, 25.104289510377413 ], [ -98.315680490187717, 25.157918450345409 ], [ -98.250595680140137, 25.156696540184218 ], [ -98.250595310143169, 25.180386520117562 ], [ -98.240781349791888, 25.180413859925995 ], [ -98.240654370318808, 25.187583710397437 ], [ -98.225796420083995, 25.187551940297059 ], [ -98.225722510147733, 25.193606080024416 ], [ -98.220651050295302, 25.19348588958966 ], [ -98.218746780317488, 25.214728550309211 ], [ -98.208924659709737, 25.213876420200037 ], [ -98.208009079764452, 25.222932540052113 ], [ -98.178350080108473, 25.220517859989435 ], [ -98.174556029630509, 25.259715400022305 ], [ -98.108508939662286, 25.254408849705865 ], [ -98.108534080473021, 25.308569030391258 ], [ -98.07870816958787, 25.3034113801844 ], [ -98.078642949906978, 25.344582820112738 ], [ -98.058666319647784, 25.344668780416033 ], [ -98.058665800101636, 25.425928690073274 ], [ -98.028948079944456, 25.425864309757575 ], [ -98.029008830256615, 25.44396588964095 ], [ -97.979269690194542, 25.444070549601577 ] ] ] } },
{ "type": "Feature", "properties": { "code": "28034", "stateCode": "28", "municipalityCode": "034", "name": "San Carlos" }, "geometry": { "type": "Polygon", "coordinates": [ [ [ -99.000117620078044, 24.87964358003898 ], [ -98.955344750058941, 24.853411859554416 ], [ -98.954901460016558, 24.777108690045004 ], [ -98.924298459896178, 24.769434820085664 ], [ -98.903006120235972, 24.768978980284306 ], [ -98.913551339652003, 24.717101110083863 ], [ -98.875081520394744, 24.666880970249512 ], [ -98.885870459719996, 24.662529659877215 ], [ -98.849108830452437, 24.616302830283171 ], [ -98.8305868003266, 24.569639250377346 ], [ -98.818180120467105, 24.496929049815751 ], [ -98.725294949848305, 24.521004479897336 ], [ -98.722366029571049, 24.489312920351779 ], [ -98.727020310286733, 24.488554740354775 ], [ -98.720261369539742, 24.473518449874675 ], [ -98.703944579718922, 24.480323539854616 ], [ -98.65969328985021, 24.464292860153293 ], [ -98.646799569755601, 24.464535060208927 ], [ -98.678531949989491, 24.409096910195263 ], [ -98.718921339908988, 24.414601119552486 ], [ -98.720758679860666, 24.409669620188112 ], [ -98.718390290124432, 24.404488920201565 ], [ -98.726104029783016, 24.367388549690812 ], [ -98.723466429755916, 24.366909569747946 ], [ -98.726289399915316, 24.349184430046829 ], [ -98.689653549546335, 24.158863170230173 ], [ -98.761426149724358, 24.170820859630258 ], [ -98.76219354955299, 24.173977220396726 ], [ -98.793067890466503, 24.178962320351712 ], [ -98.792311519901276, 24.175928830274209 ], [ -98.917588089928444, 24.195838819680276 ], [ -98.910398060256526, 24.176852940428848 ], [ -98.962512820189787, 24.182180480307224 ], [ -98.957738769694629, 24.176590890313278 ], [ -98.959135449498504, 24.169012980405611 ], [ -98.943210679832276, 24.161222019966942 ], [ -98.950479750461454, 24.115938490185592 ], [ -99.134535649919499, 24.18423061978903 ], [ -99.127385420022819, 24.215896769750952 ], [ -99.044325119595399, 24.213847600342408 ], [ -99.08711608961103, 24.255488910037375 ], [ -99.081955569853946, 24.268512230316944 ], [ -99.095995399893184, 24.276216490336139 ], [ -99.095935150040958, 24.281458649620163 ], [ -99.104367740051501, 24.282701650358902 ], [ -99.113464889938356, 24.295823060435715 ], [ -99.121412090042554, 24.296519049921336 ], [ -99.128854379697415, 24.30090939958356 ], [ -99.128749150156139, 24.304239660395769 ], [ -99.138857149989633, 24.306621369972 ], [ -99.145061230102115, 24.326206880452098 ], [ -99.150972770339408, 24.328843549882038 ], [ -99.151483339794254, 24.333596480090911 ], [ -99.160098049727779, 24.335931200167366 ], [ -99.16696757997947, 24.343884379776757 ], [ -99.176222680227042, 24.344498379811732 ], [ -99.17860912037024, 24.350307200114486 ], [ -99.18058928964291, 24.349273570061094 ], [ -99.18022422960658, 24.353647999846743 ], [ -99.1906334297814, 24.358758260113536 ], [ -99.193608049929111, 24.367957799610586 ], [ -99.191521950192325, 24.370793480138836 ], [ -99.198688050245337, 24.384611050201137 ], [ -99.209640290145344, 24.388855319960374 ], [ -99.211418970350579, 24.39724501992044 ], [ -99.223097290460828, 24.405707340452032 ], [ -99.245419799966896, 24.408419969894481 ], [ -99.205623679986815, 24.468011769888221 ], [ -99.196933259687313, 24.468376919901964 ], [ -99.197285890005119, 24.535131379900935 ], [ -99.192897650343625, 24.542448940378627 ], [ -99.192723940394814, 24.550211799884863 ], [ -99.178029419917479, 24.554762260106671 ], [ -99.175791570390871, 24.559604120272951 ], [ -99.176448199651745, 24.569227310163857 ], [ -99.172977579650151, 24.573202060114415 ], [ -99.179625859592448, 24.58431712006362 ], [ -99.155847720354998, 24.592084740193375 ], [ -99.147382319696248, 24.599506889962342 ], [ -99.197506489614611, 24.600944679606965 ], [ -99.195120080108637, 24.625676909823756 ], [ -99.18738678037522, 24.627988749611784 ], [ -99.18992771042538, 24.62954943005656 ], [ -99.182317579918546, 24.737374659601933 ], [ -99.197679690082055, 24.731648969808667 ], [ -99.212885480381303, 24.771674849553772 ], [ -99.1886531203114, 24.780679600145877 ], [ -99.181971259886993, 24.776041059963351 ], [ -99.207433349876794, 24.86139215000582 ], [ -99.204946799590218, 24.864193309865875 ], [ -99.160034720302946, 24.852207740268643 ], [ -99.158180909780327, 24.845298030129836 ], [ -99.113597339994286, 24.840354680036405 ], [ -99.080990829715319, 24.851602620317983 ], [ -99.071893120274098, 24.848996769973265 ], [ -99.076153250323387, 24.859129230442026 ], [ -99.029479029739647, 24.853788140179912 ], [ -99.024075279562126, 24.851937229659242 ], [ -99.020756249889146, 24.841766089791864 ], [ -98.999076550403458, 24.846522150246127 ], [ -99.000117620078044, 24.87964358003898 ] ] ] } },
{ "type": "Feature", "properties": { "code": "28006", "stateCode": "28", "municipalityCode": "006", "name": "Bustamante" }, "geometry": { "type": "Polygon", "coordinates": [ [ [ -99.881476449965447, 23.50886537044827 ], [ -99.847190180377353, 23.496102860442949 ], [ -99.816983149662434, 23.525671349815113 ], [ -99.795373569723381, 23.485523490223891 ], [ -99.768914109742198, 23.482782460040209 ], [ -99.76719232048039, 23.510964339694684 ], [ -99.758061629617615, 23.510217970426435 ], [ -99.747354369783196, 23.51689631988101 ], [ -99.733262979673512, 23.520335399997943 ], [ -99.712598119586659, 23.537381420132135 ], [ -99.679423910410605, 23.508483570344346 ], [ -99.66092128018424, 23.479315570444221 ], [ -99.657890689923732, 23.459277089681287 ], [ -99.649193580002716, 23.437530739651983 ], [ -99.642549520435111, 23.397722539879865 ], [ -99.644340260301277, 23.391554310275438 ], [ -99.631986519815442, 23.3981475401227 ], [ -99.641510979558106, 23.357307859761072 ], [ -99.651367199650849, 23.35655080016523 ], [ -99.654870999826414, 23.303591379716806 ], [ -99.649179379893695, 23.27730860008009 ], [ -99.653868909653596, 23.282818520371574 ], [ -99.655707750205053, 23.27310797960439 ], [ -99.692820110279243, 23.277251050347633 ], [ -99.710150879633716, 23.212086179554078 ], [ -99.716078340163605, 23.160915829831087 ], [ -99.729865829841344, 23.177735019553886 ], [ -99.727294489978732, 23.19751237000051 ], [ -99.748173460406406, 23.198376750266686 ], [ -99.749367540453576, 23.170635110024143 ], [ -99.801608169668853, 23.179685259605471 ], [ -99.800324449586228, 23.225651940332462 ], [ -99.820163819715376, 23.214782350290267 ], [ -99.83038197048181, 23.219791050227574 ], [ -99.829933969654533, 23.224145619741297 ], [ -99.865412690059003, 23.217155860339147 ], [ -99.863531219810739, 23.19284240023109 ], [ -99.856988550284356, 23.167005919751816 ], [ -99.841822290296591, 23.156791339679593 ], [ -99.84084359979596, 23.147852310217893 ], [ -99.853690109873128, 23.140846289693378 ], [ -99.86557483023239, 23.15874764963592 ], [ -99.897032630313078, 23.141671970367934 ], [ -99.908180139628314, 23.18168891973442 ], [ -99.92104669035281, 23.196784709776757 ], [ -99.918770400308688, 23.199595019750323 ], [ -99.947400230055834, 23.241421550190228 ], [ -99.965749150217931, 23.242968419552017 ], [ -99.96521150976821, 23.211720939764959 ], [ -100.020421230346713, 23.207700321172862 ], [ -100.018432260240743, 23.18370794981124 ], [ -100.002331830074056, 23.186751281022698 ], [ -100.003638879215686, 23.163252950983793 ], [ -99.988630629006906, 23.167117830769712 ], [ -100.004778140063792, 23.123718570263861 ], [ -100.016462430406364, 23.10876255133288 ], [ -100.069378858889849, 23.096856720588264 ], [ -100.068742968608035, 23.121156260089851 ], [ -100.115597260137733, 23.125989890282739 ], [ -100.110154999121974, 23.151069889702896 ], [ -100.11898962995204, 23.152427890246237 ], [ -100.118286169148718, 23.200545310865291 ], [ -100.109740198538802, 23.199717861165322 ], [ -100.103813350303668, 23.231535380355879 ], [ -100.078041120445207, 23.305983910190182 ], [ -100.144950220071436, 23.339515180163023 ], [ -100.120727139702069, 23.357764820073537 ], [ -100.080261430186042, 23.395748199580385 ], [ -99.982502480452652, 23.392367259803777 ], [ -99.921253400277351, 23.379191339635582 ], [ -99.947698429756244, 23.497172420067841 ], [ -99.92477214027663, 23.492063290278931 ], [ -99.908657980315738, 23.530198709642075 ], [ -99.870989910299997, 23.551007619886104 ], [ -99.881476449965447, 23.50886537044827 ] ] ] } },
{ "type": "Feature", "properties": { "code": "28033", "stateCode": "28", "municipalityCode": "033", "name": "Río Bravo" }, "geometry": { "type": "Polygon", "coordinates": [ [ [ -98.130190459788963, 26.07441373963314 ], [ -98.12974614960298, 26.063183200054741 ], [ -98.124576710418367, 26.06201090972235 ], [ -98.104626710332056, 26.067658710074895 ], [ -98.093584620068782, 26.058648820007427 ], [ -98.081051019966623, 26.064744139683377 ], [ -98.084983149647456, 26.070689199797179 ], [ -98.078288579698579, 26.070157539698673 ], [ -98.069967520346339, 26.050182350003361 ], [ -98.072562769695296, 26.043845089879227 ], [ -98.080179520041256, 26.04163378029509 ], [ -98.07676390954353, 26.036264939890827 ], [ -98.070888719656793, 26.036993649655976 ], [ -98.062206719730568, 26.046250629774189 ], [ -98.038713019573336, 26.041367289544748 ], [ -98.033146820276286, 26.061651050437703 ], [ -98.027930230361207, 26.066983679826485 ], [ -98.021053290208712, 26.058629679738527 ], [ -98.012045200360518, 26.066102180221158 ], [ -98.011887059537557, 26.056081580188302 ], [ -98.002602279758804, 26.064932449747708 ], [ -97.997271779702828, 26.064748140078809 ], [ -97.991879490466744, 26.058222939945246 ], [ -97.987479220063122, 26.066094339573965 ], [ -97.980197119571017, 26.067216979788491 ], [ -97.97864413950937, 26.058896150353984 ], [ -97.966488550284254, 26.051686739996352 ], [ -97.951074920173397, 26.062238029893702 ], [ -97.933550289773123, 26.052985720161306 ], [ -97.931397479649178, 26.057484920067125 ], [ -97.937266819505268, 26.0620955199226 ], [ -97.933642919517155, 26.065557019746048 ], [ -97.930572509803469, 26.064497309744389 ], [ -97.927085220293876, 26.054839259878442 ], [ -97.919557740443381, 26.057988859917483 ], [ -97.908290479930358, 26.057499940083662 ], [ -97.907636620088255, 26.052190149549784 ], [ -97.912936750067445, 26.05326235018412 ], [ -97.908243970208801, 26.031127179594343 ], [ -97.914242000074509, 26.029916949612218 ], [ -97.912570200315216, 25.991106659621003 ], [ -97.916854690161273, 25.991116049609591 ], [ -97.916765000217211, 25.967626630328361 ], [ -97.922596750202857, 25.967679739632473 ], [ -97.922428339640078, 25.933565450078476 ], [ -97.928180819846403, 25.935256879940326 ], [ -97.929487749895785, 25.931488090329637 ], [ -97.929409399987691, 25.895751319911128 ], [ -97.919578800285166, 25.895695719631814 ], [ -97.919483910417839, 25.884725199591703 ], [ -97.929334519850514, 25.884765850290172 ], [ -97.929328820431749, 25.879601970103526 ], [ -97.93591931033049, 25.879593800351991 ], [ -97.937512850486314, 25.867964059589742 ], [ -97.937465339849865, 25.86109104991322 ], [ -97.919076800185309, 25.861087750061017 ], [ -97.919481220477081, 25.805524819795728 ], [ -97.933621619883056, 25.805352980430676 ], [ -97.934042510226092, 25.75743111012914 ], [ -97.949382139642879, 25.757517349730769 ], [ -97.949041490493698, 25.721370180202662 ], [ -97.961970479670242, 25.718571259978418 ], [ -97.96188099967911, 25.686776709874966 ], [ -97.979292199853319, 25.686841710250469 ], [ -97.979315600235466, 25.684350880414371 ], [ -97.962129980492222, 25.684399369601554 ], [ -97.95932648045914, 25.615691780362564 ], [ -97.939475380479323, 25.615726850185162 ], [ -97.939515819739384, 25.507496080057873 ], [ -97.885805140182399, 25.507259800249955 ], [ -97.885818509565368, 25.504209419678922 ], [ -97.868957739709288, 25.504185819658989 ], [ -97.869125019820757, 25.49823836981972 ], [ -97.85335882000868, 25.498117030146318 ], [ -97.853150230249213, 25.495168319607185 ], [ -97.850039080073458, 25.495121029559446 ], [ -97.850108260284784, 25.480242649841049 ], [ -97.860019290424745, 25.480106110316413 ], [ -97.860036689713738, 25.462106749542354 ], [ -97.869965139988892, 25.462056229716197 ], [ -97.869980920370338, 25.453054709607684 ], [ -97.889848800068918, 25.453026110397154 ], [ -97.889875349700588, 25.435013719568193 ], [ -97.942617720358058, 25.385283910265297 ], [ -97.941135030101194, 25.381335290401065 ], [ -97.949385370355969, 25.381326980254748 ], [ -97.949461649910546, 25.425990910367958 ], [ -97.979276909538328, 25.425992459618371 ], [ -97.979269690194542, 25.444070549601577 ], [ -98.029008830256615, 25.44396588964095 ], [ -98.028948079944456, 25.425864309757575 ], [ -98.058665800101636, 25.425928690073274 ], [ -98.058691539524148, 25.44643679967438 ], [ -98.151707890016809, 25.446109749949244 ], [ -98.149177400194702, 25.542964249613384 ], [ -98.138111110121599, 25.542848619668909 ], [ -98.173238170436704, 25.591125450020275 ], [ -98.153997749674289, 25.5909788904114 ], [ -98.154058060164957, 25.611299230385669 ], [ -98.150185679808075, 25.611269520207053 ], [ -98.151005290021857, 25.688788999971205 ], [ -98.165457259842356, 25.701801180248626 ], [ -98.158506169737024, 25.70858743000241 ], [ -98.158655780218311, 25.976784740102143 ], [ -98.154675569492241, 25.976893550421334 ], [ -98.155939549898207, 25.985967860433711 ], [ -98.150167309795918, 25.987872290016934 ], [ -98.150174119692139, 26.000780949609268 ], [ -98.141580339556285, 26.029272620442253 ], [ -98.158273650088859, 26.034159050395086 ], [ -98.158293319574923, 26.044198139552776 ], [ -98.153191310017561, 26.058171059667632 ], [ -98.14964597973686, 26.05658536972955 ], [ -98.148070220394303, 26.049781829740621 ], [ -98.143374030420318, 26.05061789045789 ], [ -98.136942050064164, 26.062313570449998 ], [ -98.136445619621597, 26.070914179850078 ], [ -98.130190459788963, 26.07441373963314 ] ] ] } },
{ "type": "Feature", "properties": { "code": "28043", "stateCode": "28", "municipalityCode": "043", "name": "Xicoténcatl" }, "geometry": { "type": "Polygon", "coordinates": [ [ [ -98.966982418661914, 23.173083109644903 ], [ -98.975740079444776, 23.1543046595785 ], [ -98.950735510170233, 23.148250860633272 ], [ -98.952200249713655, 23.142866630965731 ], [ -98.926109949953243, 23.141261971132668 ], [ -98.928259489922439, 23.129824090313409 ], [ -98.922418540333297, 23.12950377051936 ], [ -98.922134970411292, 23.134731709594877 ], [ -98.916722938703103, 23.134260951270573 ], [ -98.915346479118739, 23.131276509707373 ], [ -98.764481549957821, 23.10742665055578 ], [ -98.76624211035427, 23.078485680118138 ], [ -98.774155800122998, 23.079497649637261 ], [ -98.778937029780536, 23.042664149889305 ], [ -98.796814969924881, 23.041692910132383 ], [ -98.798605540314881, 23.030904890448731 ], [ -98.781648749728632, 23.029838459716913 ], [ -98.779683550486439, 23.037251859743318 ], [ -98.763145520482539, 23.037630850159601 ], [ -98.781745149631888, 22.933025829571282 ], [ -98.785411059699641, 22.93346625038566 ], [ -98.788918450078299, 22.910474449943486 ], [ -98.84486849010942, 22.919128739865332 ], [ -98.848852249637275, 22.895083750086478 ], [ -98.87788411964398, 22.895732019723386 ], [ -98.879292889673678, 22.88586637018555 ], [ -98.888104690143763, 22.886879460207901 ], [ -98.889074770224809, 22.880559079974983 ], [ -98.89560132013986, 22.881329999596485 ], [ -98.89575165001051, 22.877975709549524 ], [ -98.891526750465218, 22.877441510122662 ], [ -98.898607510456102, 22.834056740238616 ], [ -98.892626169574569, 22.833197659752202 ], [ -98.88935351003434, 22.853426579565443 ], [ -98.882342489791796, 22.852428179835009 ], [ -98.883897000148224, 22.843102580175074 ], [ -98.86920948973038, 22.844265889662765 ], [ -98.874324509594814, 22.812898969800603 ], [ -98.888133970310818, 22.812935050444281 ], [ -98.889686259854429, 22.803127430101917 ], [ -98.90933350973522, 22.804552250174119 ], [ -98.922476119971392, 22.798678350163609 ], [ -98.933623460150812, 22.806726310249104 ], [ -98.947675600349328, 22.804473449574878 ], [ -98.950343079741145, 22.815572370010219 ], [ -98.955704800059991, 22.822435089661234 ], [ -98.971108779940351, 22.820854830119718 ], [ -98.988994260341542, 22.831694799900852 ], [ -98.994825249656657, 22.826064769910186 ], [ -99.00004413977129, 22.826413260060228 ], [ -99.017999679576377, 22.834832380016486 ], [ -99.021596319558299, 22.843657019949724 ], [ -99.017670119597341, 22.861928880067136 ], [ -99.011412459557974, 22.874133400348477 ], [ -99.012345690319222, 22.890537310402543 ], [ -99.006368770245587, 22.90878572011464 ], [ -99.007321519698891, 22.919043830096083 ], [ -99.003966580347509, 22.927001310105037 ], [ -98.992726150067, 22.933361149735255 ], [ -98.998612349725249, 22.950636139845056 ], [ -98.993034369831776, 22.972231579621759 ], [ -98.994949380064426, 22.986225379775682 ], [ -99.00314838045027, 22.989583879993287 ], [ -99.012512549891071, 23.000832490082566 ], [ -99.030782619888299, 22.99779687973934 ], [ -99.034772059598282, 23.000780780237189 ], [ -99.034341860445068, 23.004188249945255 ], [ -99.048453940166993, 23.004489139644146 ], [ -99.047591889778019, 23.007326739801517 ], [ -99.054269490353761, 23.005681260257802 ], [ -99.062699539862493, 23.008598829622311 ], [ -99.066233549976374, 23.013919200367205 ], [ -99.069760680457748, 23.011927750296209 ], [ -99.070794140399514, 23.016089219778536 ], [ -99.074819490199602, 23.013867860063048 ], [ -99.070860889584509, 23.016453550129171 ], [ -99.068799540467069, 23.028332779913544 ], [ -99.087632830272796, 23.02774620038392 ], [ -99.088331279814895, 23.032187800189398 ], [ -99.095372599586156, 23.032366849903443 ], [ -99.100758170206603, 23.039304629960615 ], [ -99.109658709810461, 23.040708350397974 ], [ -99.11012065960351, 23.044129020337824 ], [ -99.104920880287196, 23.045350180064631 ], [ -99.108515649812247, 23.04930262999904 ], [ -99.106909219647122, 23.066014140051696 ], [ -99.116864179989449, 23.0640039698959 ], [ -99.124206859782873, 23.067199600007005 ], [ -99.122545879610485, 23.076385489724768 ], [ -99.130032490180838, 23.079445309841301 ], [ -99.127017479766934, 23.090822599557843 ], [ -99.134857920031678, 23.090481799901134 ], [ -99.139471379814296, 23.09462010963771 ], [ -99.134900020149701, 23.098863319713637 ], [ -99.141896399862475, 23.105909570424419 ], [ -99.141974289816133, 23.113930429901124 ], [ -99.148124680051495, 23.122838709673722 ], [ -99.144807180418283, 23.1251642800765 ], [ -99.147749769985424, 23.127504509592576 ], [ -99.085332739163519, 23.129056710738663 ], [ -99.085005459191891, 23.125804030594793 ], [ -99.069484379802972, 23.128184060893403 ], [ -99.065241428639382, 23.120386569998644 ], [ -99.040027949611257, 23.117738229709204 ], [ -99.037799689835026, 23.140087600331857 ], [ -99.002243058566265, 23.139472110581039 ], [ -98.998974018891573, 23.152630310868648 ], [ -98.994505490115827, 23.152045371296786 ], [ -98.989955419295441, 23.174311450976848 ], [ -98.966982418661914, 23.173083109644903 ] ] ] } },
{ "type": "Feature", "properties": { "code": "28032", "stateCode": "28", "municipalityCode": "032", "name": "Reynosa" }, "geometry": { "type": "Polygon", "coordinates": [ [ [ -98.459463089090647, 26.225960120382858 ], [ -98.45449530979387, 26.216684769767237 ], [ -98.448758318829377, 26.223540250672162 ], [ -98.442545539762833, 26.223249249870769 ], [ -98.438561049306998, 26.211950880197023 ], [ -98.443931799981641, 26.200541369658435 ], [ -98.426558479416272, 26.192387250402192 ], [ -98.417078549639669, 26.184071259763403 ], [ -98.4027606000096, 26.181473546855592 ], [ -98.401701170534992, 26.171025827543453 ], [ -98.395073219905882, 26.169066317040176 ], [ -98.384456629823688, 26.156792567825779 ], [ -98.365753619924845, 26.158021818626512 ], [ -98.364214849180343, 26.162109078605834 ], [ -98.367221150147927, 26.168506508396501 ], [ -98.360876150510066, 26.172349487969452 ], [ -98.357316979961411, 26.16866821815152 ], [ -98.358205629937331, 26.158724546948378 ], [ -98.352844339026333, 26.151107428604536 ], [ -98.348686779570031, 26.153588948490835 ], [ -98.345512320322371, 26.166300658124442 ], [ -98.334995829786621, 26.165305678490537 ], [ -98.333118420491829, 26.159446828121141 ], [ -98.337934479933736, 26.149421457060129 ], [ -98.326494139934255, 26.142937507914198 ], [ -98.334475399189003, 26.141180308518969 ], [ -98.335614748652389, 26.138315028025698 ], [ -98.321938309838501, 26.118892949655642 ], [ -98.30979347960637, 26.113987919913701 ], [ -98.305338050325929, 26.102886339905627 ], [ -98.297737350200578, 26.103370320459749 ], [ -98.303608199637992, 26.109952720335777 ], [ -98.296866310411303, 26.120298450625178 ], [ -98.274501229531381, 26.115865680672204 ], [ -98.26629614989605, 26.120937121157979 ], [ -98.265842110286087, 26.117148431149644 ], [ -98.272009030338481, 26.113422150882553 ], [ -98.270508120300718, 26.106626571189917 ], [ -98.282362650426663, 26.107869690584337 ], [ -98.288614199861556, 26.105025740936593 ], [ -98.26759208991956, 26.092467570834909 ], [ -98.264728746458985, 26.085490019889029 ], [ -98.251653599916068, 26.078840480375437 ], [ -98.249549279716518, 26.072171479550303 ], [ -98.230383510088458, 26.077188850091424 ], [ -98.220208350070521, 26.07633527961984 ], [ -98.213036799839003, 26.069176020240576 ], [ -98.204663170079698, 26.066391489682239 ], [ -98.198670120006099, 26.055545980408926 ], [ -98.193183949727512, 26.053086539842319 ], [ -98.18707615045777, 26.064394309806868 ], [ -98.176850339988846, 26.060735429700827 ], [ -98.180597680390008, 26.066150660388875 ], [ -98.179650029760708, 26.073461109789964 ], [ -98.17608088038169, 26.075181620134597 ], [ -98.167863599648996, 26.063094650251486 ], [ -98.15779222992434, 26.063133820382831 ], [ -98.162360120446152, 26.055502420095571 ], [ -98.15999290958456, 26.053271739992692 ], [ -98.155407650049639, 26.055652520107113 ], [ -98.158273650088859, 26.034159050395086 ], [ -98.141580339556285, 26.029272620442253 ], [ -98.150174119692139, 26.000780949609268 ], [ -98.150167309795918, 25.987872290016934 ], [ -98.155939549898207, 25.985967860433711 ], [ -98.154675569492241, 25.976893550421334 ], [ -98.158655780218311, 25.976784740102143 ], [ -98.158506169737024, 25.70858743000241 ], [ -98.165457259842356, 25.701801180248626 ], [ -98.151005290021857, 25.688788999971205 ], [ -98.150185679808075, 25.611269520207053 ], [ -98.154058060164957, 25.611299230385669 ], [ -98.153997749674289, 25.5909788904114 ], [ -98.173238170436704, 25.591125450020275 ], [ -98.138111110121599, 25.542848619668909 ], [ -98.149177400194702, 25.542964249613384 ], [ -98.151707890016809, 25.446109749949244 ], [ -98.224211890128728, 25.445993660093045 ], [ -98.224409279860268, 25.448120449811974 ], [ -98.239454090042273, 25.445959179578111 ], [ -98.238370170486078, 25.475436859993426 ], [ -98.262637079502667, 25.504373430418013 ], [ -98.295829179818597, 25.479343660278122 ], [ -98.297762350182978, 25.466483169790276 ], [ -98.327783770312337, 25.469635660070107 ], [ -98.328027109595311, 25.460291569819283 ], [ -98.37461379954631, 25.45848248037284 ], [ -98.377552180049918, 25.489786979694319 ], [ -98.43224674999901, 25.496789650296286 ], [ -98.433327080459833, 25.489395220229518 ], [ -98.58175157963764, 25.489361740021863 ], [ -98.580356290313645, 25.637302720437813 ], [ -98.585466480039557, 26.038939619706419 ], [ -98.562046180166661, 26.038914979876893 ], [ -98.563750919967219, 26.100645660794651 ], [ -98.569724539826581, 26.101123421134059 ], [ -98.570427518930899, 26.109779940667227 ], [ -98.561832060436302, 26.110933940423266 ], [ -98.552418379998713, 26.117111800118092 ], [ -98.537925628681791, 26.209208691145744 ], [ -98.530789430444571, 26.216456920607236 ], [ -98.522940519340295, 26.218578740941599 ], [ -98.518569510365538, 26.224834889733085 ], [ -98.511592109596279, 26.227020091230809 ], [ -98.50022465036399, 26.222036340810092 ], [ -98.506546019830722, 26.208802449960359 ], [ -98.484928879882006, 26.212524230463391 ], [ -98.481292690050864, 26.20683570966991 ], [ -98.483491509367624, 26.201645249603668 ], [ -98.480701198681047, 26.200619310692659 ], [ -98.477507289484208, 26.204491581303984 ], [ -98.482560399215757, 26.218440890861395 ], [ -98.459463089090647, 26.225960120382858 ] ] ] } },
{ "type": "Feature", "properties": { "code": "28023", "stateCode": "28", "municipalityCode": "023", "name": "Méndez" }, "geometry": { "type": "Polygon", "coordinates": [ [ [ -98.262637079502667, 25.504373430418013 ], [ -98.238370170486078, 25.475436859993426 ], [ -98.239454090042273, 25.445959179578111 ], [ -98.224409279860268, 25.448120449811974 ], [ -98.224211890128728, 25.445993660093045 ], [ -98.058691539524148, 25.44643679967438 ], [ -98.058666319647784, 25.344668780416033 ], [ -98.078642949906978, 25.344582820112738 ], [ -98.07870816958787, 25.3034113801844 ], [ -98.108534080473021, 25.308569030391258 ], [ -98.108508939662286, 25.254408849705865 ], [ -98.174556029630509, 25.259715400022305 ], [ -98.178350080108473, 25.220517859989435 ], [ -98.208009079764452, 25.222932540052113 ], [ -98.208924659709737, 25.213876420200037 ], [ -98.218746780317488, 25.214728550309211 ], [ -98.220651050295302, 25.19348588958966 ], [ -98.225722510147733, 25.193606080024416 ], [ -98.225796420083995, 25.187551940297059 ], [ -98.240654370318808, 25.187583710397437 ], [ -98.240781349791888, 25.180413859925995 ], [ -98.250595310143169, 25.180386520117562 ], [ -98.250595680140137, 25.156696540184218 ], [ -98.315680490187717, 25.157918450345409 ], [ -98.323914460180873, 25.104289510377413 ], [ -98.343617800436277, 25.106830850131136 ], [ -98.347721909927486, 25.080473179883974 ], [ -98.383157320028175, 25.073629999910604 ], [ -98.387785950073962, 25.03958734045208 ], [ -98.392278429697043, 25.037500030313954 ], [ -98.39960940009415, 25.02221553983901 ], [ -98.404928889549353, 25.018699849558566 ], [ -98.416717020361332, 25.017698280248226 ], [ -98.414027029600717, 25.009816480278683 ], [ -98.4094133999523, 25.011473080376881 ], [ -98.399727510294255, 25.00752117030294 ], [ -98.378564369664701, 24.989140199597554 ], [ -98.384183059971349, 24.981374479694665 ], [ -98.388525510276793, 24.98381597970371 ], [ -98.392631540144151, 24.978598060241868 ], [ -98.408147720484365, 24.977233750173955 ], [ -98.404094250279144, 24.965773680135044 ], [ -98.411638260313495, 24.960775970396472 ], [ -98.421057550166779, 24.962319600048602 ], [ -98.424205720012509, 24.957621289907198 ], [ -98.4210356803069, 24.947283999648732 ], [ -98.429053310052225, 24.939113549907312 ], [ -98.428948769785407, 24.928292750262042 ], [ -98.437883710419527, 24.932028829981842 ], [ -98.449576150410337, 24.926959340162412 ], [ -98.450865949802989, 24.933775179752502 ], [ -98.453943980214945, 24.934863680426293 ], [ -98.455494650380729, 24.931548349855575 ], [ -98.470727290040955, 24.929879000224741 ], [ -98.470361550009287, 24.920703289988555 ], [ -98.477635889763164, 24.927786520327562 ], [ -98.4873581201756, 24.927700450352024 ], [ -98.496366150200927, 24.923430579912672 ], [ -98.49720632034051, 24.917821619822906 ], [ -98.514791199798779, 24.917917579964069 ], [ -98.520003630119021, 24.925878820144415 ], [ -98.531767819817489, 24.928975600321685 ], [ -98.53501695043856, 24.93477354005319 ], [ -98.540100830024016, 24.935485249661383 ], [ -98.539091000476631, 24.926340859716969 ], [ -98.547531119811282, 24.921727250184006 ], [ -98.545088829979335, 24.914759910395947 ], [ -98.552831289948827, 24.915730319711631 ], [ -98.557370890125171, 24.912801780037551 ], [ -98.550495279605869, 24.957593650234752 ], [ -98.560280020306649, 24.959285080268188 ], [ -98.561573860197782, 24.951269119907252 ], [ -98.606735079980226, 24.959109420009032 ], [ -98.604529279701794, 24.973000230106617 ], [ -98.596978710087058, 24.971807969942247 ], [ -98.590745909836443, 25.031841149997675 ], [ -98.681405850202154, 25.04667495029393 ], [ -98.684632139776042, 25.03655035020639 ], [ -98.688358490059983, 25.0372506501663 ], [ -98.692498460503785, 25.030539599692467 ], [ -98.701259750314833, 25.032421370069958 ], [ -98.701361419613207, 25.022547279754601 ], [ -98.706438020483787, 25.019309139969376 ], [ -98.710997369795763, 25.020344089649623 ], [ -98.717879250017816, 25.014628059929187 ], [ -98.761277310035908, 25.027354680307688 ], [ -98.753128710376046, 25.056998849792819 ], [ -98.740568600319378, 25.050358749951144 ], [ -98.738733370136202, 25.079504739842879 ], [ -98.792264649921336, 25.087643800013765 ], [ -98.790718539660304, 25.097297919774018 ], [ -98.800705400234321, 25.090198519682026 ], [ -98.814214109762005, 25.086077780284185 ], [ -98.817707060281236, 25.081147719818347 ], [ -98.823071369626092, 25.081187519891309 ], [ -98.82306377951781, 25.098554489983613 ], [ -98.832926620481814, 25.096207890077807 ], [ -98.83295945040598, 25.088511219911666 ], [ -98.840835309856573, 25.085508419717137 ], [ -98.843025199727776, 25.098865739832998 ], [ -98.863369919976819, 25.09958970975508 ], [ -98.863843619667094, 25.127125020338603 ], [ -98.585253860172585, 25.332329630239727 ], [ -98.423131659943095, 25.447492909697264 ], [ -98.421576080165366, 25.489355539944331 ], [ -98.433327080459833, 25.489395220229518 ], [ -98.43224674999901, 25.496789650296286 ], [ -98.377552180049918, 25.489786979694319 ], [ -98.37461379954631, 25.45848248037284 ], [ -98.328027109595311, 25.460291569819283 ], [ -98.327783770312337, 25.469635660070107 ], [ -98.297762350182978, 25.466483169790276 ], [ -98.295829179818597, 25.479343660278122 ], [ -98.262637079502667, 25.504373430418013 ] ] ] } },
{ "type": "Feature", "properties": { "code": "28017", "stateCode": "28", "municipalityCode": "017", "name": "Jaumave" }, "geometry": { "type": "Polygon", "coordinates": [ [ [ -99.493791079885696, 23.878692980077606 ], [ -99.467414219742793, 23.869513089687029 ], [ -99.467413690387289, 23.860497850290155 ], [ -99.454544279648516, 23.841263570625237 ], [ -99.450030310438123, 23.816403739780334 ], [ -99.414830379109674, 23.820063060786428 ], [ -99.406479319047918, 23.814847281255489 ], [ -99.376362998874583, 23.815277970054282 ], [ -99.379155999327736, 23.831187600638675 ], [ -99.367453890332143, 23.832426309881164 ], [ -99.366802149852859, 23.825281651193944 ], [ -99.352685309870836, 23.826149540417486 ], [ -99.350284829699135, 23.821403289895873 ], [ -99.305746149684282, 23.82195610992364 ], [ -99.283792109828084, 23.787916279639969 ], [ -99.28673925972484, 23.78321572040679 ], [ -99.303714689957758, 23.774175719945323 ], [ -99.324253169546537, 23.769459850344852 ], [ -99.325992549617851, 23.766105120430783 ], [ -99.306397110079715, 23.726571909863534 ], [ -99.306796860093513, 23.682872180326981 ], [ -99.280151569565618, 23.678754019639232 ], [ -99.270944570338571, 23.672775349700249 ], [ -99.287191109847313, 23.656862430312273 ], [ -99.287350030474869, 23.634665029557734 ], [ -99.258543289626587, 23.645420309758538 ], [ -99.254395020075464, 23.631306910119878 ], [ -99.261176140084558, 23.613511219580637 ], [ -99.287315879624657, 23.617083780107713 ], [ -99.278771679559995, 23.53507308042672 ], [ -99.253720309723121, 23.477909449993586 ], [ -99.255387679587102, 23.466053259771744 ], [ -99.249242579858446, 23.427267490243683 ], [ -99.249148369981071, 23.43133059976736 ], [ -99.240634780229328, 23.435248480160705 ], [ -99.234495430215176, 23.431926479945353 ], [ -99.217178289643641, 23.434524150222561 ], [ -99.205999539773856, 23.427801629560388 ], [ -99.199864969665754, 23.432225370037052 ], [ -99.186705780468017, 23.425911109976756 ], [ -99.182981420013917, 23.430457690296805 ], [ -99.178312970068689, 23.426404379843881 ], [ -99.180347679661608, 23.419099220086498 ], [ -99.156316799829298, 23.397552429997475 ], [ -99.192261289208062, 23.39943218133865 ], [ -99.193034488982121, 23.369777920710725 ], [ -99.193657940300767, 23.374957630634761 ], [ -99.19572057013761, 23.372416781304903 ], [ -99.187021739776412, 23.312436110197304 ], [ -99.175482480363442, 23.311363120762792 ], [ -99.177783398851616, 23.302748260594011 ], [ -99.144617710251794, 23.266139511006173 ], [ -99.157443749503116, 23.262464850685795 ], [ -99.183387229524939, 23.269047221341214 ], [ -99.185624910193567, 23.237965780541046 ], [ -99.18157597898923, 23.219617170696754 ], [ -99.198027648997325, 23.215889281068399 ], [ -99.197307148918483, 23.206588170823991 ], [ -99.216815659980426, 23.202337341333113 ], [ -99.209573418519057, 23.166403600976977 ], [ -99.26715997855085, 23.143353861128787 ], [ -99.268823430243074, 23.131538969568982 ], [ -99.308340510450066, 23.147934449873905 ], [ -99.346409580348364, 23.144081520051312 ], [ -99.358533450110798, 23.060410550308557 ], [ -99.410882349755198, 23.060745689613956 ], [ -99.421788779588994, 23.091782140208505 ], [ -99.442597319675954, 23.089721720317741 ], [ -99.441683579648995, 23.099675600273812 ], [ -99.460067369710274, 23.098494479874375 ], [ -99.461863660322479, 23.072653060290722 ], [ -99.472691029887855, 23.078245489597805 ], [ -99.473633060452514, 23.098650180153793 ], [ -99.477695379877062, 23.098375859812084 ], [ -99.477958320009137, 23.104439889863915 ], [ -99.492398399885275, 23.118261680332882 ], [ -99.500618169568796, 23.248771109844242 ], [ -99.534792850287332, 23.248682619625622 ], [ -99.535861719730974, 23.273152479670085 ], [ -99.496669340362402, 23.260670540078138 ], [ -99.491820280224658, 23.267554280388762 ], [ -99.516538150338576, 23.349916419856676 ], [ -99.513794880132551, 23.359032310227537 ], [ -99.500217220056058, 23.3567473802776 ], [ -99.504109219962942, 23.379747599831632 ], [ -99.500302170240957, 23.382904940014406 ], [ -99.496507659832986, 23.381008600329562 ], [ -99.497567860092701, 23.389741249580634 ], [ -99.501530629651242, 23.390100689842008 ], [ -99.501450380130706, 23.415918940401895 ], [ -99.474945510184838, 23.421113690407537 ], [ -99.527476709642571, 23.42815905992877 ], [ -99.542615679511698, 23.455889460399927 ], [ -99.5530872501933, 23.455921370391767 ], [ -99.551566219607992, 23.42382014023093 ], [ -99.581380710384522, 23.423894739654997 ], [ -99.642164250265608, 23.598061339966971 ], [ -99.671708649847517, 23.65242318043121 ], [ -99.680263660318886, 23.675021110348553 ], [ -99.674560019781723, 23.679241050353916 ], [ -99.665498249919054, 23.677756909861269 ], [ -99.663938490059195, 23.674441380342515 ], [ -99.657644779911422, 23.677643799641217 ], [ -99.645325349868173, 23.699727309598806 ], [ -99.666110509923357, 23.749616689602099 ], [ -99.659943430043242, 23.770707919922188 ], [ -99.619486320414751, 23.759662400350155 ], [ -99.602167479773584, 23.762870879987211 ], [ -99.576680849578295, 23.775462060039015 ], [ -99.493791079885696, 23.878692980077606 ] ] ] } },
{ "type": "Feature", "properties": { "code": "28042", "stateCode": "28", "municipalityCode": "042", "name": "Villagrán" }, "geometry": { "type": "Polygon", "coordinates": [ [ [ -99.294928489705924, 24.804143710011857 ], [ -99.212885480381303, 24.771674849553772 ], [ -99.197679690082055, 24.731648969808667 ], [ -99.182317579918546, 24.737374659601933 ], [ -99.18992771042538, 24.62954943005656 ], [ -99.18738678037522, 24.627988749611784 ], [ -99.195120080108637, 24.625676909823756 ], [ -99.197506489614611, 24.600944679606965 ], [ -99.147382319696248, 24.599506889962342 ], [ -99.155847720354998, 24.592084740193375 ], [ -99.179625859592448, 24.58431712006362 ], [ -99.172977579650151, 24.573202060114415 ], [ -99.176448199651745, 24.569227310163857 ], [ -99.175791570390871, 24.559604120272951 ], [ -99.178029419917479, 24.554762260106671 ], [ -99.192723940394814, 24.550211799884863 ], [ -99.192897650343625, 24.542448940378627 ], [ -99.197285890005119, 24.535131379900935 ], [ -99.196933259687313, 24.468376919901964 ], [ -99.205623679986815, 24.468011769888221 ], [ -99.24466400047065, 24.409706830163483 ], [ -99.335139800195066, 24.40037380039049 ], [ -99.364814950445663, 24.40464134995468 ], [ -99.365617909745524, 24.399674879678194 ], [ -99.408231850439492, 24.405500219932232 ], [ -99.417763120243876, 24.373019879918342 ], [ -99.427109459736073, 24.379880749795682 ], [ -99.449325119780013, 24.378986539652153 ], [ -99.452513549741568, 24.381264650118037 ], [ -99.458922890348958, 24.376462429694641 ], [ -99.480281279901249, 24.374687539934794 ], [ -99.480710920480803, 24.377910059617111 ], [ -99.48696905989452, 24.377511999703149 ], [ -99.486439969630695, 24.383001630238258 ], [ -99.492892859818355, 24.384618119694355 ], [ -99.50229458029321, 24.383409150097116 ], [ -99.514523939514859, 24.38818179966654 ], [ -99.527904830297658, 24.385334489679476 ], [ -99.577423219761556, 24.392548979575988 ], [ -99.577585050435687, 24.397558830080595 ], [ -99.589931110005068, 24.39614237038742 ], [ -99.6172872597555, 24.463995580116801 ], [ -99.614118970431079, 24.47583590997333 ], [ -99.608516630272646, 24.475822539590045 ], [ -99.609701110023593, 24.483915910252858 ], [ -99.613438539778386, 24.482235719683093 ], [ -99.610007380431355, 24.50221656991933 ], [ -99.606000289614499, 24.502163619774368 ], [ -99.60933118027684, 24.505422220151029 ], [ -99.608015450238241, 24.514373650158948 ], [ -99.598248120068789, 24.512669849901776 ], [ -99.581351750179124, 24.523442679816281 ], [ -99.576912550059603, 24.531056550434414 ], [ -99.565745019561376, 24.533743570271163 ], [ -99.578206510487817, 24.5465689399221 ], [ -99.573660139869446, 24.548205350368011 ], [ -99.567283780180389, 24.543268890331792 ], [ -99.548258370113899, 24.54429634015975 ], [ -99.540414400019188, 24.538084179963025 ], [ -99.536093859926822, 24.539327460040493 ], [ -99.52846742046853, 24.549455690393525 ], [ -99.515458720090777, 24.552156260445788 ], [ -99.512649230314565, 24.548506710050159 ], [ -99.5077067698805, 24.548965369836836 ], [ -99.499165379867662, 24.554023769811756 ], [ -99.477121090028049, 24.531046369781574 ], [ -99.470029260081802, 24.527827569605861 ], [ -99.458438509936599, 24.531705830304663 ], [ -99.45571517985131, 24.53595271042407 ], [ -99.455329000406508, 24.579860279625347 ], [ -99.451512569915465, 24.592727940262982 ], [ -99.462287149601423, 24.596135149965694 ], [ -99.451042510422795, 24.621139140138101 ], [ -99.444179659794401, 24.616455489979149 ], [ -99.404904650013492, 24.73508857975261 ], [ -99.397594600024092, 24.739900019848449 ], [ -99.389134369503964, 24.739939480030628 ], [ -99.381760800079661, 24.747037820357257 ], [ -99.376373200277229, 24.761443399815878 ], [ -99.36788007969902, 24.765560580446966 ], [ -99.364376689768477, 24.77175545975242 ], [ -99.331665289968498, 24.776243110077441 ], [ -99.317867770193445, 24.789830569710503 ], [ -99.310693859980148, 24.787276110063768 ], [ -99.306830890298912, 24.792027979729948 ], [ -99.297195619707864, 24.794116910355019 ], [ -99.294928489705924, 24.804143710011857 ] ] ] } },
{ "type": "Feature", "properties": { "code": "28008", "stateCode": "28", "municipalityCode": "008", "name": "Casas" }, "geometry": { "type": "Polygon", "coordinates": [ [ [ -98.603969459728788, 23.996059449574648 ], [ -98.599726890143785, 23.990015720169367 ], [ -98.602225020029678, 23.970808110121155 ], [ -98.587796489715373, 23.947219520956256 ], [ -98.581905879742195, 23.947292310407292 ], [ -98.575293450204413, 23.957385419887281 ], [ -98.569183569552067, 23.958740319911051 ], [ -98.559544310101757, 23.953690880406374 ], [ -98.552113939704796, 23.942575279830574 ], [ -98.543672310164823, 23.941100510117263 ], [ -98.540593370343302, 23.944691680312108 ], [ -98.541654180416103, 23.957535339949089 ], [ -98.53750889044197, 23.971422580268285 ], [ -98.529522620293164, 23.976520849793889 ], [ -98.520697380162062, 23.96299974095119 ], [ -98.518609709788166, 23.94502164994012 ], [ -98.514283549585855, 23.941267890203815 ], [ -98.505832579835555, 23.943328399657524 ], [ -98.497775690437322, 23.939341140300836 ], [ -98.492396370265325, 23.91842293994867 ], [ -98.485567460160411, 23.913990259842638 ], [ -98.487111489572314, 23.906455380796153 ], [ -98.540366720149564, 23.877607449634301 ], [ -98.535927110277925, 23.829760770368644 ], [ -98.559261679692455, 23.819145020361912 ], [ -98.540697539604835, 23.821571569997882 ], [ -98.527340290454774, 23.79354435050719 ], [ -98.481732309801686, 23.816974550904074 ], [ -98.457001829936871, 23.773361141158386 ], [ -98.462906138896685, 23.721098830608799 ], [ -98.495461719136514, 23.724724019715552 ], [ -98.504601829813083, 23.646826740312324 ], [ -98.496495150322289, 23.649611910164182 ], [ -98.488371980425484, 23.635763321102207 ], [ -98.494176689199804, 23.633964290905702 ], [ -98.495582509793195, 23.623889261205665 ], [ -98.513106550427764, 23.608105600145681 ], [ -98.472719508955535, 23.568414280654899 ], [ -98.460281169447612, 23.575108970082251 ], [ -98.462355519139763, 23.564943571266909 ], [ -98.463609489172256, 23.567786600740977 ], [ -98.468853028824114, 23.565291289908842 ], [ -98.470975319944188, 23.557500260661463 ], [ -98.468860998543178, 23.554976950482288 ], [ -98.455016520152853, 23.565852200579222 ], [ -98.448630949158371, 23.55975777088015 ], [ -98.462583448828042, 23.547298710060577 ], [ -98.429590369048725, 23.518138310628515 ], [ -98.426337688839496, 23.512510861247709 ], [ -98.431137769357861, 23.509360480515411 ], [ -98.416884878952985, 23.508035260726476 ], [ -98.423279178989375, 23.498010920897162 ], [ -98.426655090198096, 23.50153145119172 ], [ -98.431209649141593, 23.490700260883223 ], [ -98.415112689438516, 23.477023511011843 ], [ -98.429526739278415, 23.470108649688392 ], [ -98.422110709474012, 23.463464570028833 ], [ -98.427529629481668, 23.456785320161835 ], [ -98.430224260029377, 23.460227250822442 ], [ -98.435965709777463, 23.4545427412172 ], [ -98.439620248946795, 23.456422950061469 ], [ -98.434764349368621, 23.446345941344067 ], [ -98.447285539642408, 23.413663309889078 ], [ -98.406408918925678, 23.408190249590074 ], [ -98.405052219686581, 23.415077709592158 ], [ -98.366872919152769, 23.410068880140162 ], [ -98.355089798555113, 23.382000720769618 ], [ -98.36475225966943, 23.335314740930759 ], [ -98.299027060340265, 23.280751830841385 ], [ -98.286387999735865, 23.286764981316153 ], [ -98.281965549589486, 23.296186290664401 ], [ -98.262271449300385, 23.290153850045936 ], [ -98.260245139849374, 23.294979061294139 ], [ -98.2518314286487, 23.297258379594101 ], [ -98.241245649598113, 23.292135799793595 ], [ -98.240451109917061, 23.283298020806598 ], [ -98.212777540289622, 23.293030059557239 ], [ -98.209845080011632, 23.253251419777449 ], [ -98.230594800000148, 23.245680919877469 ], [ -98.232298489674648, 23.226273419748537 ], [ -98.261060350416244, 23.23489496961863 ], [ -98.266976459925345, 23.215585690266362 ], [ -98.290784290382419, 23.178860970168287 ], [ -98.303987740214737, 23.146141829583307 ], [ -98.328492319628253, 23.166076830056902 ], [ -98.339588379594076, 23.144971199768598 ], [ -98.312454180041428, 23.124724229932312 ], [ -98.317345489952288, 23.112997520162306 ], [ -98.330891519812837, 23.108455919551048 ], [ -98.337659289700341, 23.116889890253347 ], [ -98.357572120242153, 23.120070120150924 ], [ -98.366661449652298, 23.090379980979076 ], [ -98.389321889715916, 23.097609110187971 ], [ -98.383267769823988, 23.12829997970578 ], [ -98.371191740019299, 23.149027459726316 ], [ -98.369048249995359, 23.162489120389115 ], [ -98.386569649566823, 23.174918199681454 ], [ -98.403911109627316, 23.19256462039484 ], [ -98.416839119859915, 23.188505200077994 ], [ -98.414160750165635, 23.198847089993745 ], [ -98.407895879021069, 23.206063621157629 ], [ -98.464596539960567, 23.236346450313192 ], [ -98.469234828991702, 23.285745449758533 ], [ -98.515653370229614, 23.298893880465027 ], [ -98.504663109513828, 23.33307061974784 ], [ -98.562302888583915, 23.326134381107693 ], [ -98.568527938806369, 23.313412309556764 ], [ -98.579774340055565, 23.31003377113019 ], [ -98.575089549736674, 23.30134322127353 ], [ -98.603489570284296, 23.287461280221258 ], [ -98.608993280425267, 23.299071000280239 ], [ -98.656701058843538, 23.280575890393319 ], [ -98.671630659216689, 23.208017420414258 ], [ -98.703042228613455, 23.19020803069639 ], [ -98.704857739569064, 23.181031570570358 ], [ -98.724629280242482, 23.184026849755295 ], [ -98.725868520469092, 23.247592660498793 ], [ -98.745949859816847, 23.246702450378766 ], [ -98.747386060225907, 23.285087921314023 ], [ -98.727276079899639, 23.285770919674849 ], [ -98.73122631902487, 23.386617969779035 ], [ -98.751473019841214, 23.388850511918328 ], [ -98.751760249284956, 23.395721751336403 ], [ -98.822808969486886, 23.390873400197133 ], [ -98.846133510297747, 23.392611970679361 ], [ -98.840705519955634, 23.430822140192035 ], [ -98.86059702920214, 23.43315403079793 ], [ -98.856262599907936, 23.458851420469209 ], [ -98.837115000071194, 23.454774970995459 ], [ -98.8296368791693, 23.50493999960975 ], [ -98.87081502940093, 23.506395310750428 ], [ -98.866842339641181, 23.525898309570216 ], [ -98.871164540251655, 23.527761491230201 ], [ -98.881149629362938, 23.554728121956636 ], [ -98.908720718664568, 23.546175821106246 ], [ -98.911459449936899, 23.554098262226024 ], [ -98.918685429189836, 23.551829430194168 ], [ -98.925149738638893, 23.559254091636785 ], [ -98.933494539422739, 23.574987890161058 ], [ -98.966623539308159, 23.558360820238313 ], [ -98.975798820369874, 23.574184340769271 ], [ -99.002372919338796, 23.550949800064153 ], [ -99.018823489712375, 23.557480031122317 ], [ -99.036218220115572, 23.542361651331817 ], [ -99.041280660348136, 23.564588570339073 ], [ -99.03302477000716, 23.571542400682546 ], [ -99.03140654993976, 23.563095059913739 ], [ -99.023947019976177, 23.56958020013618 ], [ -99.028794980080789, 23.580394770247782 ], [ -98.998885619805833, 23.605744080800832 ], [ -98.996301660011198, 23.603234830151241 ], [ -98.943231139636538, 23.649117060010443 ], [ -98.953293999564607, 23.654907860778593 ], [ -98.944483249820053, 23.670633280011831 ], [ -98.945386400242853, 23.687384449703544 ], [ -98.932104798662408, 23.683942459902092 ], [ -98.92771560046171, 23.687699630882609 ], [ -98.924093229516927, 23.680932600257361 ], [ -98.911790798903709, 23.677411580213022 ], [ -98.890566649369205, 23.678880220320639 ], [ -98.889320509848318, 23.682084690476138 ], [ -98.882259428598786, 23.683675919686742 ], [ -98.877970659667568, 23.691869550083876 ], [ -98.867136999081737, 23.692949890935086 ], [ -98.863713949938727, 23.698282779571983 ], [ -98.860244019171148, 23.695060550762989 ], [ -98.849443628641168, 23.69648066048445 ], [ -98.846783738815759, 23.701543121286637 ], [ -98.839238910037551, 23.704254061224525 ], [ -98.839062289023346, 23.711300340559546 ], [ -98.829592178592208, 23.706904520994271 ], [ -98.83037752023705, 23.713496021152174 ], [ -98.820622018598357, 23.71252452070879 ], [ -98.814359429084575, 23.722328340696116 ], [ -98.806930199025587, 23.720801629646708 ], [ -98.806210139460205, 23.727617229560302 ], [ -98.798377259209545, 23.735233001231887 ], [ -98.789359599911705, 23.734417351054944 ], [ -98.784674919560914, 23.740681939582124 ], [ -98.778663319699874, 23.741084080514295 ], [ -98.78149614042745, 23.742767979946912 ], [ -98.777650289600018, 23.747282659588109 ], [ -98.776315370061837, 23.743715949638606 ], [ -98.772070659484825, 23.743252351084383 ], [ -98.771727050220647, 23.745723509872747 ], [ -98.768740318601886, 23.743658119958031 ], [ -98.760963369858388, 23.746776341262951 ], [ -98.759755139194496, 23.751274570874973 ], [ -98.74232905032261, 23.751922340747864 ], [ -98.734725449757548, 23.755849260746082 ], [ -98.736471739724578, 23.765771849711676 ], [ -98.712672910082063, 23.761970750190425 ], [ -98.702153860265057, 23.771157890255072 ], [ -98.696960940127653, 23.781329690831761 ], [ -98.700962799791981, 23.789649120440185 ], [ -98.706190909526342, 23.786745830022188 ], [ -98.704332020465927, 23.790521090198965 ], [ -98.710432710234173, 23.793661419575646 ], [ -98.710144140419175, 23.797343630325003 ], [ -98.719046149787872, 23.796882859584947 ], [ -98.724740480026398, 23.80151224999674 ], [ -98.723174579800997, 23.803970200285359 ], [ -98.731021310310751, 23.803063290225083 ], [ -98.730764819916246, 23.808863479560458 ], [ -98.725433970364364, 23.809727250442609 ], [ -98.729187120034794, 23.810734829679568 ], [ -98.735419059930479, 23.821778709693408 ], [ -98.727758080404385, 23.821709170451335 ], [ -98.730678910364247, 23.833036049654215 ], [ -98.727445780380677, 23.832437319633588 ], [ -98.727294310486599, 23.834773059950475 ], [ -98.733138000272831, 23.835136399686554 ], [ -98.734793629597604, 23.83864213967388 ], [ -98.729181950061076, 23.840227490281251 ], [ -98.731342219854341, 23.843452169549717 ], [ -98.72782791959942, 23.843673250069642 ], [ -98.727564319556734, 23.847237030185571 ], [ -98.724917620068695, 23.844823260057765 ], [ -98.721894799536429, 23.848011779918036 ], [ -98.718536980139646, 23.834268890322488 ], [ -98.708446150162814, 23.827204860476268 ], [ -98.696767709655347, 23.809941710322228 ], [ -98.696638400178117, 23.803731999646903 ], [ -98.690411749793043, 23.801451651019484 ], [ -98.695445819602853, 23.795738459863792 ], [ -98.691669430270764, 23.79326345052753 ], [ -98.688955310283717, 23.799714719576635 ], [ -98.694996260030436, 23.813167549975734 ], [ -98.689402259923554, 23.817122369965336 ], [ -98.702097319891394, 23.825583659762824 ], [ -98.69939997988233, 23.829648709790636 ], [ -98.703834830153539, 23.844234221048382 ], [ -98.715708110436822, 23.850224481170422 ], [ -98.70764437989925, 23.855474280339408 ], [ -98.711262279672781, 23.858812919580821 ], [ -98.707730260198105, 23.868525199864965 ], [ -98.710815799706495, 23.875807080616987 ], [ -98.709410369572268, 23.885176709780694 ], [ -98.70411566011461, 23.875015340397756 ], [ -98.696317030089077, 23.875928479771023 ], [ -98.701246779781044, 23.879659370741376 ], [ -98.698889549871097, 23.886923150296052 ], [ -98.702320999729949, 23.888780909905005 ], [ -98.697106819771577, 23.888567940110274 ], [ -98.694735740408206, 23.890656620094013 ], [ -98.699332719665847, 23.891678059600423 ], [ -98.69848231948626, 23.89547758080527 ], [ -98.704655659754195, 23.901601050185764 ], [ -98.699850339856965, 23.911422081042666 ], [ -98.70127610992094, 23.917757140741145 ], [ -98.690989419826394, 23.918695049577746 ], [ -98.691983060163182, 23.925253891339135 ], [ -98.687820250104537, 23.924749770150296 ], [ -98.68928202028242, 23.949842770184215 ], [ -98.688223199819461, 23.950707259580188 ], [ -98.687089979724234, 23.949810821019248 ], [ -98.685965250477366, 23.950150420084622 ], [ -98.689564430009625, 23.952107030318551 ], [ -98.687335430470583, 23.956815619672348 ], [ -98.689912879790612, 23.957500020237031 ], [ -98.687457830231125, 23.959766549618315 ], [ -98.689915539620827, 23.960141430867495 ], [ -98.689659169694352, 23.964310461253909 ], [ -98.686512799650799, 23.965656780255014 ], [ -98.676632579865796, 23.960218000037333 ], [ -98.678200339803183, 23.956036249981093 ], [ -98.673532309983685, 23.953729879786525 ], [ -98.674070779853935, 23.958016830058607 ], [ -98.61962157979579, 23.967756479963995 ], [ -98.615475629871767, 23.97124869030759 ], [ -98.61833748999652, 23.977941119951087 ], [ -98.614423309508211, 23.992654649986008 ], [ -98.603969459728788, 23.996059449574648 ] ] ] } },
{ "type": "Feature", "properties": { "code": "28016", "stateCode": "28", "municipalityCode": "016", "name": "Hidalgo" }, "geometry": { "type": "Polygon", "coordinates": [ [ [ -99.245419799966896, 24.408419969894481 ], [ -99.223097290460828, 24.405707340452032 ], [ -99.211418970350579, 24.39724501992044 ], [ -99.209640290145344, 24.388855319960374 ], [ -99.198688050245337, 24.384611050201137 ], [ -99.191521950192325, 24.370793480138836 ], [ -99.193608049929111, 24.367957799610586 ], [ -99.1906334297814, 24.358758260113536 ], [ -99.18022422960658, 24.353647999846743 ], [ -99.18058928964291, 24.349273570061094 ], [ -99.17860912037024, 24.350307200114486 ], [ -99.176222680227042, 24.344498379811732 ], [ -99.16696757997947, 24.343884379776757 ], [ -99.160098049727779, 24.335931200167366 ], [ -99.151483339794254, 24.333596480090911 ], [ -99.150972770339408, 24.328843549882038 ], [ -99.145061230102115, 24.326206880452098 ], [ -99.138857149989633, 24.306621369972 ], [ -99.128749150156139, 24.304239660395769 ], [ -99.128854379697415, 24.30090939958356 ], [ -99.121412090042554, 24.296519049921336 ], [ -99.113464889938356, 24.295823060435715 ], [ -99.104367740051501, 24.282701650358902 ], [ -99.095935150040958, 24.281458649620163 ], [ -99.095995399893184, 24.276216490336139 ], [ -99.081955569853946, 24.268512230316944 ], [ -99.08711608961103, 24.255488910037375 ], [ -99.044325119595399, 24.213847600342408 ], [ -99.127385420022819, 24.215896769750952 ], [ -99.134535649919499, 24.18423061978903 ], [ -99.120476369644933, 24.179080109541747 ], [ -99.126776400273926, 24.139200650071519 ], [ -99.139838369583345, 24.141308579943171 ], [ -99.144888819965431, 24.118590289731795 ], [ -99.145679060017756, 24.113359449682434 ], [ -99.136974020095522, 24.110981879710053 ], [ -99.140608399550231, 24.086110580376911 ], [ -99.15251334020445, 24.090358601337638 ], [ -99.165553510320919, 24.089366350572295 ], [ -99.169163849095298, 24.093841261051111 ], [ -99.179467479497006, 24.096927979973294 ], [ -99.182995380183698, 24.078587600972714 ], [ -99.195390779222151, 24.077681621082313 ], [ -99.197495980386037, 24.04979557090844 ], [ -99.179403168928019, 24.047324170635502 ], [ -99.181924859964852, 24.012301599854247 ], [ -99.209576568947483, 24.01285705035658 ], [ -99.213597290339678, 24.020568750237345 ], [ -99.217541139908789, 24.021249091324592 ], [ -99.230949659137664, 24.022183911060381 ], [ -99.241536489998239, 24.01780197052431 ], [ -99.264857780019739, 24.020958521018255 ], [ -99.279854429634909, 24.016666230104892 ], [ -99.282614168903592, 24.009016369792008 ], [ -99.300751290241038, 24.005509820799439 ], [ -99.313352580471999, 24.008809480112657 ], [ -99.342769339483098, 24.00638891042767 ], [ -99.344843340395556, 23.998668201345158 ], [ -99.360683849999617, 23.998813030670959 ], [ -99.366543169613493, 23.987539550853228 ], [ -99.383106089785272, 23.982020340512967 ], [ -99.389849308957963, 23.977203221292303 ], [ -99.387721450098539, 23.974677691297572 ], [ -99.390801350125656, 23.971571480546334 ], [ -99.399869179352379, 23.972481949900178 ], [ -99.403469250116984, 23.96569471025289 ], [ -99.409603858733448, 23.964185170546433 ], [ -99.420746679410087, 23.966823139811158 ], [ -99.417988780291878, 23.958974660708275 ], [ -99.422491859755397, 23.958177080471266 ], [ -99.42659957893629, 23.951525280759935 ], [ -99.424118858569685, 23.948864120704815 ], [ -99.430264089925714, 23.924072170202152 ], [ -99.428128218995539, 23.919556449630885 ], [ -99.437109379921424, 23.926562200543856 ], [ -99.445764089138336, 23.944337261078211 ], [ -99.486939860225434, 23.96050061994567 ], [ -99.520024859631931, 23.990578139621103 ], [ -99.54091206020756, 23.997271629867939 ], [ -99.541892710059756, 24.033649170173263 ], [ -99.570901710277539, 24.039366909645054 ], [ -99.657080630077132, 24.117996580381238 ], [ -99.647817829974244, 24.218095049909497 ], [ -99.594289740315986, 24.330913220389387 ], [ -99.589340819828777, 24.350820600074083 ], [ -99.589931110005068, 24.39614237038742 ], [ -99.577585050435687, 24.397558830080595 ], [ -99.577423219761556, 24.392548979575988 ], [ -99.527904830297658, 24.385334489679476 ], [ -99.514523939514859, 24.38818179966654 ], [ -99.50229458029321, 24.383409150097116 ], [ -99.492892859818355, 24.384618119694355 ], [ -99.486439969630695, 24.383001630238258 ], [ -99.48696905989452, 24.377511999703149 ], [ -99.480710920480803, 24.377910059617111 ], [ -99.480281279901249, 24.374687539934794 ], [ -99.458922890348958, 24.376462429694641 ], [ -99.452513549741568, 24.381264650118037 ], [ -99.449325119780013, 24.378986539652153 ], [ -99.427109459736073, 24.379880749795682 ], [ -99.418763479866058, 24.372942350396354 ], [ -99.415987710229572, 24.373839400157095 ], [ -99.408231850439492, 24.405500219932232 ], [ -99.365617909745524, 24.399674879678194 ], [ -99.364814950445663, 24.40464134995468 ], [ -99.335139800195066, 24.40037380039049 ], [ -99.245419799966896, 24.408419969894481 ] ] ] } },
{ "type": "Feature", "properties": { "code": "28018", "stateCode": "28", "municipalityCode": "018", "name": "Jiménez" }, "geometry": { "type": "Polygon", "coordinates": [ [ [ -98.513932779801479, 24.471731749823924 ], [ -98.413203889738199, 24.456780630175476 ], [ -98.416376490251039, 24.440004200155677 ], [ -98.366561319766149, 24.432041999985351 ], [ -98.373874350216894, 24.418614429672942 ], [ -98.366945029543231, 24.417430850120393 ], [ -98.364646000212886, 24.431706320019696 ], [ -98.35141188974174, 24.429527150026313 ], [ -98.348455800363311, 24.448569780048871 ], [ -98.333285649821718, 24.446087370009426 ], [ -98.336126020354271, 24.427035109793387 ], [ -98.277992379826188, 24.417611550290381 ], [ -98.290024580429161, 24.343822059561621 ], [ -98.295238690294383, 24.344636229727918 ], [ -98.284655569803888, 24.333054860216681 ], [ -98.318227620411847, 24.231299060051047 ], [ -98.349665169825343, 24.161651290168631 ], [ -98.352155879871702, 24.165198450135023 ], [ -98.377517979847099, 24.167317179676918 ], [ -98.38110032021163, 24.157313769753806 ], [ -98.38880928983528, 24.154567969582391 ], [ -98.396515820421499, 24.162910319819332 ], [ -98.405332049815101, 24.161778430338227 ], [ -98.403691800059363, 24.153829629565021 ], [ -98.421614580036575, 24.150820419987113 ], [ -98.423739889657739, 24.153438799771109 ], [ -98.432914940368207, 24.149153549695097 ], [ -98.443112619979502, 24.142825539947715 ], [ -98.440192080110677, 24.138320579766582 ], [ -98.446508079674885, 24.124764080079686 ], [ -98.45497728008614, 24.124698660261934 ], [ -98.461300399542779, 24.117856059872274 ], [ -98.469268800416657, 24.117615020390563 ], [ -98.471087649727068, 24.100922510244953 ], [ -98.463820140044248, 24.09697069038614 ], [ -98.477461649582068, 24.086306350432054 ], [ -98.491794939689697, 24.089474820023892 ], [ -98.496116739581794, 24.082714370415076 ], [ -98.48924378024509, 24.078193549934269 ], [ -98.502947110391844, 24.068127149872897 ], [ -98.520441079876235, 23.955695049890775 ], [ -98.525626510495897, 23.973711859856731 ], [ -98.532593490364732, 23.976423369946012 ], [ -98.536830859800702, 23.97288511020399 ], [ -98.541140489975987, 23.960198400276131 ], [ -98.540593370343302, 23.944691680312108 ], [ -98.54724938038315, 23.940532570129811 ], [ -98.553168660220393, 23.943528630005584 ], [ -98.559544310101757, 23.953690880406374 ], [ -98.569183569552067, 23.958740319911051 ], [ -98.575293450204413, 23.957385419887281 ], [ -98.581905879742195, 23.947292310407292 ], [ -98.589091820330239, 23.948356369937045 ], [ -98.602225020029678, 23.970808110121155 ], [ -98.599726890143785, 23.990015720169367 ], [ -98.603969459728788, 23.996059449574648 ], [ -98.614423309508211, 23.992654649986008 ], [ -98.617699949712588, 23.979532170231526 ], [ -98.633793259900372, 24.041464140201928 ], [ -98.661445710024154, 24.067325110215794 ], [ -98.643550090461133, 24.076510290384601 ], [ -98.639972150157803, 24.083793519638753 ], [ -98.614573820432383, 24.100007250042015 ], [ -98.600959630484908, 24.112797179848673 ], [ -98.656146689683283, 24.098286550096734 ], [ -98.689653549546335, 24.158863170230173 ], [ -98.726289399915316, 24.349184430046829 ], [ -98.723466429755916, 24.366909569747946 ], [ -98.726104029783016, 24.367388549690812 ], [ -98.718390290124432, 24.404488920201565 ], [ -98.720724449706395, 24.408245309645039 ], [ -98.718921339908988, 24.414601119552486 ], [ -98.678531949989491, 24.409096910195263 ], [ -98.646799569755601, 24.464535060208927 ], [ -98.588136200280985, 24.467437319620306 ], [ -98.516692140075094, 24.456016950384139 ], [ -98.513932779801479, 24.471731749823924 ] ] ] } },
{ "type": "Feature", "properties": { "code": "28011", "stateCode": "28", "municipalityCode": "011", "name": "Gómez Farías" }, "geometry": { "type": "Polygon", "coordinates": [ [ [ -99.185371859122938, 23.126968850864188 ], [ -99.149188878632614, 23.13412003064219 ], [ -99.143530599827827, 23.130875450989425 ], [ -99.148346539698892, 23.129502550463741 ], [ -99.144807180418283, 23.1251642800765 ], [ -99.148124680051495, 23.122838709673722 ], [ -99.141974289816133, 23.113930429901124 ], [ -99.141896399862475, 23.105909570424419 ], [ -99.134900020149701, 23.098863319713637 ], [ -99.139471379814296, 23.09462010963771 ], [ -99.134857920031678, 23.090481799901134 ], [ -99.127017479766934, 23.090822599557843 ], [ -99.130032490180838, 23.079445309841301 ], [ -99.122545879610485, 23.076385489724768 ], [ -99.124206859782873, 23.067199600007005 ], [ -99.116864179989449, 23.0640039698959 ], [ -99.106385059873347, 23.064809690416347 ], [ -99.108515649812247, 23.04930262999904 ], [ -99.104983430340383, 23.044859510410102 ], [ -99.11012065960351, 23.044129020337824 ], [ -99.109658709810461, 23.040708350397974 ], [ -99.100758170206603, 23.039304629960615 ], [ -99.095372599586156, 23.032366849903443 ], [ -99.088331279814895, 23.032187800189398 ], [ -99.087632830272796, 23.02774620038392 ], [ -99.068799540467069, 23.028332779913544 ], [ -99.070860889584509, 23.016453550129171 ], [ -99.071846219606627, 23.01654878010504 ], [ -99.074819490199602, 23.013867860063048 ], [ -99.070794140399514, 23.016089219778536 ], [ -99.069760680457748, 23.011927750296209 ], [ -99.066233549976374, 23.013919200367205 ], [ -99.062699539862493, 23.008598829622311 ], [ -99.054269490353761, 23.005681260257802 ], [ -99.047591889778019, 23.007326739801517 ], [ -99.048453940166993, 23.004489139644146 ], [ -99.034341860445068, 23.004188249945255 ], [ -99.034772059598282, 23.000780780237189 ], [ -99.030782619888299, 22.99779687973934 ], [ -99.012512549891071, 23.000832490082566 ], [ -99.00314838045027, 22.989583879993287 ], [ -98.994949380064426, 22.986225379775682 ], [ -98.993034369831776, 22.972231579621759 ], [ -98.998612349725249, 22.950636139845056 ], [ -98.992726150067, 22.933361149735255 ], [ -99.003966580347509, 22.927001310105037 ], [ -99.007321519698891, 22.919043830096083 ], [ -99.006368770245587, 22.90878572011464 ], [ -99.012345690319222, 22.890537310402543 ], [ -99.011412459557974, 22.874133400348477 ], [ -99.017670119597341, 22.861928880067136 ], [ -99.021596319558299, 22.843657019949724 ], [ -99.0162159495476, 22.833744050429743 ], [ -99.024984690348049, 22.843125369914706 ], [ -99.030268229727795, 22.836759690174699 ], [ -99.033780369783003, 22.842366289956384 ], [ -99.041834400450938, 22.836318249929402 ], [ -99.060737940398951, 22.83790381957348 ], [ -99.070805650119766, 22.833913510415371 ], [ -99.090224369924229, 22.853571020444758 ], [ -99.107300279637045, 22.860247509881262 ], [ -99.121258749851194, 22.853779709552775 ], [ -99.112123570417538, 22.837947860005848 ], [ -99.143163170032324, 22.842397369926292 ], [ -99.143056000191422, 22.853622709896566 ], [ -99.138952369566212, 22.853898149984445 ], [ -99.129140350088775, 22.865654289707201 ], [ -99.136593819623641, 22.887138259837833 ], [ -99.140953150447316, 22.912814229621681 ], [ -99.145266770455081, 22.912766419738961 ], [ -99.147567580067843, 22.922440579642032 ], [ -99.156742940102674, 22.922212970243091 ], [ -99.163054019881727, 22.948975369801616 ], [ -99.205559170367465, 22.942288260208144 ], [ -99.289724180336066, 22.963405220247264 ], [ -99.282876259512278, 22.967738820236786 ], [ -99.329886650101955, 22.978782689706865 ], [ -99.358101430231073, 23.016351889612583 ], [ -99.358533450110798, 23.060410550308557 ], [ -99.346409580348364, 23.144081520051312 ], [ -99.308340510450066, 23.147934449873905 ], [ -99.268823430243074, 23.131538969568982 ], [ -99.267169259575311, 23.143288019884729 ], [ -99.185899459176412, 23.150764620537544 ], [ -99.185371859122938, 23.126968850864188 ] ] ] } },
{ "type": "Feature", "properties": { "code": "28024", "stateCode": "28", "municipalityCode": "024", "name": "Mier" }, "geometry": { "type": "Polygon", "coordinates": [ [ [ -99.247176020155791, 26.580514350274584 ], [ -99.245983110181612, 26.561034549933876 ], [ -99.252080980074581, 26.560865059550057 ], [ -99.2394999796647, 26.555965060311237 ], [ -99.200143950071038, 26.555730250156085 ], [ -99.206993819541765, 26.560535049675938 ], [ -99.185024350079075, 26.564467619693449 ], [ -99.167414480114871, 26.559683399912831 ], [ -99.171799720434564, 26.545399030305475 ], [ -99.167889289525505, 26.53695641970539 ], [ -99.153438339960971, 26.530639090387595 ], [ -99.127750229948816, 26.525344919625226 ], [ -99.10618788949202, 26.502085770438107 ], [ -99.091944800275414, 26.477266860321134 ], [ -99.092617230184572, 26.470322970237731 ], [ -99.100559279533812, 26.458279030376573 ], [ -99.102935080424686, 26.441595679630908 ], [ -99.113711649744701, 26.43424497983283 ], [ -99.111004970136648, 26.426452029958298 ], [ -99.096439019897829, 26.412250980097664 ], [ -99.110453780381135, 26.40743951964377 ], [ -99.107106200040604, 26.406326780144298 ], [ -99.111529459621806, 26.399554430319899 ], [ -99.100985489753398, 26.392135259588258 ], [ -99.103692720089512, 26.392608280313045 ], [ -99.101169019716821, 26.382247769592897 ], [ -99.104248379660135, 26.378725049756238 ], [ -99.117871459897586, 26.376726199637606 ], [ -99.11746353981269, 26.346108480222643 ], [ -99.111319419847021, 26.327609490396963 ], [ -99.117109350062691, 26.324600980204792 ], [ -99.116928200187246, 26.303618459709071 ], [ -99.10130189043889, 26.299046019836172 ], [ -99.100090749966782, 26.294451260172693 ], [ -99.108467779934813, 26.293404119984316 ], [ -99.111609510192679, 26.289609080407061 ], [ -99.112845199997622, 26.294548710273279 ], [ -99.116787680333118, 26.29516039970709 ], [ -99.116359320169408, 26.263149510343109 ], [ -99.18278962961233, 26.264861349826791 ], [ -99.180074369572608, 26.257344019844112 ], [ -99.183735180261877, 26.256065619646559 ], [ -99.189655290052741, 26.259045549858381 ], [ -99.260001570208132, 26.252849980086538 ], [ -99.364150259534284, 26.329270149785014 ], [ -99.372115860223914, 26.321941520443907 ], [ -99.385849019668072, 26.317146659664349 ], [ -99.394737229849596, 26.30623992032168 ], [ -99.401236119655394, 26.30479914019411 ], [ -99.430946580081113, 26.351301139674714 ], [ -99.414242980222383, 26.444806380088867 ], [ -99.409832149588212, 26.442836800399359 ], [ -99.400385630381166, 26.550083939903633 ], [ -99.341273740213424, 26.548377230232461 ], [ -99.338868719702688, 26.559677289790006 ], [ -99.251648630134795, 26.575159599955839 ], [ -99.247176020155791, 26.580514350274584 ] ] ] } },
{ "type": "Feature", "properties": { "code": "28036", "stateCode": "28", "municipalityCode": "036", "name": "San Nicolás" }, "geometry": { "type": "Polygon", "coordinates": [ [ [ -98.901935539541952, 24.774665000233561 ], [ -98.838497660024984, 24.768118939581832 ], [ -98.842531980444278, 24.740546090271497 ], [ -98.802705970130361, 24.74336248974361 ], [ -98.787316919600457, 24.747457579784143 ], [ -98.767777420189262, 24.745091400303874 ], [ -98.756517290416411, 24.737320000404694 ], [ -98.707417949894008, 24.724423909862569 ], [ -98.711449750058648, 24.731800890307422 ], [ -98.70278030952143, 24.7435230599168 ], [ -98.669834689978259, 24.721757230343435 ], [ -98.659411349901447, 24.732426319806653 ], [ -98.661370749523172, 24.677660090253827 ], [ -98.691835909634847, 24.634114630135279 ], [ -98.693759939530281, 24.601221540135374 ], [ -98.691853510444588, 24.579348480315986 ], [ -98.647756740389823, 24.567153940109073 ], [ -98.652566910066895, 24.534289709869931 ], [ -98.656413420472504, 24.530854540289749 ], [ -98.657040949688991, 24.502388319645135 ], [ -98.646799569755601, 24.464535060208927 ], [ -98.65969328985021, 24.464292860153293 ], [ -98.703944579718922, 24.480323539854616 ], [ -98.720261369539742, 24.473518449874675 ], [ -98.727020310286733, 24.488554740354775 ], [ -98.722366029571049, 24.489312920351779 ], [ -98.725294949848305, 24.521004479897336 ], [ -98.818180120467105, 24.496929049815751 ], [ -98.8305868003266, 24.569639250377346 ], [ -98.849108830452437, 24.616302830283171 ], [ -98.885870459719996, 24.662529659877215 ], [ -98.875081520394744, 24.666880970249512 ], [ -98.913551339652003, 24.717101110083863 ], [ -98.903006120235972, 24.768978980284306 ], [ -98.924749250356655, 24.769558520098141 ], [ -98.924684460452568, 24.780391829921147 ], [ -98.901935539541952, 24.774665000233561 ] ] ] } },
{ "type": "Feature", "properties": { "code": "28030", "stateCode": "28", "municipalityCode": "030", "name": "Padilla" }, "geometry": { "type": "Polygon", "coordinates": [ [ [ -98.917588089928444, 24.195838819680276 ], [ -98.792311519901276, 24.175928830274209 ], [ -98.793067890466503, 24.178962320351712 ], [ -98.76219354955299, 24.173977220396726 ], [ -98.761426149724358, 24.170820859630258 ], [ -98.689653549546335, 24.158863170230173 ], [ -98.656146689683283, 24.098286550096734 ], [ -98.600959630484908, 24.112797179848673 ], [ -98.614573820432383, 24.100007250042015 ], [ -98.639972150157803, 24.083793519638753 ], [ -98.643550090461133, 24.076510290384601 ], [ -98.661445710024154, 24.067325110215794 ], [ -98.633793259900372, 24.041464140201928 ], [ -98.615276229619553, 23.972799029662927 ], [ -98.62147562044251, 23.967102430041603 ], [ -98.674070779853935, 23.958016830058607 ], [ -98.673532309983685, 23.953729879786525 ], [ -98.678200339803183, 23.956036249981093 ], [ -98.676632579865796, 23.960218000037333 ], [ -98.686512799650799, 23.965656780255014 ], [ -98.689659169694352, 23.964310461253909 ], [ -98.689915539620827, 23.960141430867495 ], [ -98.687457830231125, 23.959766549618315 ], [ -98.689912879790612, 23.957500020237031 ], [ -98.687335430470583, 23.956815619672348 ], [ -98.689564430009625, 23.952107030318551 ], [ -98.685965250477366, 23.950150420084622 ], [ -98.68928202028242, 23.949842770184215 ], [ -98.687820250104537, 23.924749770150296 ], [ -98.691983060163182, 23.925253891339135 ], [ -98.690989419826394, 23.918695049577746 ], [ -98.70127610992094, 23.917757140741145 ], [ -98.699850339856965, 23.911422081042666 ], [ -98.704655659754195, 23.901601050185764 ], [ -98.69848231948626, 23.89547758080527 ], [ -98.699332719665847, 23.891678059600423 ], [ -98.694735740408206, 23.890656620094013 ], [ -98.702320999729949, 23.888780909905005 ], [ -98.698889549871097, 23.886923150296052 ], [ -98.701246779781044, 23.879659370741376 ], [ -98.696317030089077, 23.875928479771023 ], [ -98.70411566011461, 23.875015340397756 ], [ -98.709410369572268, 23.885176709780694 ], [ -98.710815799706495, 23.875807080616987 ], [ -98.707730260198105, 23.868525199864965 ], [ -98.711262279672781, 23.858812919580821 ], [ -98.70764437989925, 23.855474280339408 ], [ -98.715708110436822, 23.850224481170422 ], [ -98.703834830153539, 23.844234221048382 ], [ -98.69939997988233, 23.829648709790636 ], [ -98.702097319891394, 23.825583659762824 ], [ -98.689402259923554, 23.817122369965336 ], [ -98.694996260030436, 23.813167549975734 ], [ -98.688955310283717, 23.799714719576635 ], [ -98.691669430270764, 23.79326345052753 ], [ -98.695445819602853, 23.795738459863792 ], [ -98.690411749793043, 23.801451651019484 ], [ -98.696638400178117, 23.803731999646903 ], [ -98.696767709655347, 23.809941710322228 ], [ -98.708446150162814, 23.827204860476268 ], [ -98.718536980139646, 23.834268890322488 ], [ -98.721894799536429, 23.848011779918036 ], [ -98.724917620068695, 23.844823260057765 ], [ -98.727564319556734, 23.847237030185571 ], [ -98.72782791959942, 23.843673250069642 ], [ -98.731342219854341, 23.843452169549717 ], [ -98.729181950061076, 23.840227490281251 ], [ -98.734793629597604, 23.83864213967388 ], [ -98.733138000272831, 23.835136399686554 ], [ -98.727294310486599, 23.834773059950475 ], [ -98.727445780380677, 23.832437319633588 ], [ -98.730678910364247, 23.833036049654215 ], [ -98.727758080404385, 23.821709170451335 ], [ -98.735419059930479, 23.821778709693408 ], [ -98.729187120034794, 23.810734829679568 ], [ -98.725433970364364, 23.809727250442609 ], [ -98.730764819916246, 23.808863479560458 ], [ -98.731021310310751, 23.803063290225083 ], [ -98.723174579800997, 23.803970200285359 ], [ -98.724740480026398, 23.80151224999674 ], [ -98.719046149787872, 23.796882859584947 ], [ -98.710144140419175, 23.797343630325003 ], [ -98.710432710234173, 23.793661419575646 ], [ -98.704332020465927, 23.790521090198965 ], [ -98.706190909526342, 23.786745830022188 ], [ -98.701348949735063, 23.789904280302125 ], [ -98.696960940127653, 23.781329690831761 ], [ -98.702153860265057, 23.771157890255072 ], [ -98.712672910082063, 23.761970750190425 ], [ -98.736758650173542, 23.765817630007348 ], [ -98.740489799665227, 23.772103379667609 ], [ -98.738919689748585, 23.778391199805618 ], [ -98.783109829499821, 23.789719310315039 ], [ -98.795381288565437, 23.779853740573344 ], [ -98.838551679616501, 23.824233549926895 ], [ -98.837959369549964, 23.828805120877249 ], [ -98.830129969378063, 23.827986650629825 ], [ -98.919268878634526, 23.93696289120669 ], [ -98.91862623046606, 23.948817449758327 ], [ -98.932050029945486, 23.946655090637531 ], [ -98.928838999168846, 23.952973780193194 ], [ -98.946682509826047, 23.943234829709972 ], [ -98.945279888908132, 23.95075878046265 ], [ -98.985479449859781, 23.957131279635753 ], [ -98.982242229283216, 23.97520003049571 ], [ -99.007653518868565, 23.979448250645675 ], [ -99.008944149344444, 23.9840809207018 ], [ -99.065168939561133, 24.013515020981615 ], [ -99.062794318662654, 24.053946770831576 ], [ -99.074512488743025, 24.058164110531209 ], [ -99.075934569702284, 24.019253030712434 ], [ -99.088733018742076, 24.025718110448011 ], [ -99.086305970399124, 24.07149848111349 ], [ -99.094156139220701, 24.069106450052058 ], [ -99.093923310452965, 24.07454434970704 ], [ -99.101176648577805, 24.075856400619934 ], [ -99.109235278668294, 24.082497851102364 ], [ -99.115214119319873, 24.07761337954598 ], [ -99.118479109416185, 24.080181979777603 ], [ -99.130204428599171, 24.07932214132795 ], [ -99.147175370322628, 24.086716631350761 ], [ -99.140608399550231, 24.086110580376911 ], [ -99.136993060052589, 24.110765709960596 ], [ -99.145679060017756, 24.113359449682434 ], [ -99.139838369583345, 24.141308579943171 ], [ -99.126776400273926, 24.139200650071519 ], [ -99.120476369644933, 24.179080109541747 ], [ -98.950479750461454, 24.115938490185592 ], [ -98.943210679832276, 24.161222019966942 ], [ -98.959135449498504, 24.169012980405611 ], [ -98.957738769694629, 24.176590890313278 ], [ -98.962512820189787, 24.182180480307224 ], [ -98.910398060256526, 24.176852940428848 ], [ -98.917588089928444, 24.195838819680276 ] ] ] } },
{ "type": "Feature", "properties": { "code": "28012", "stateCode": "28", "municipalityCode": "012", "name": "González" }, "geometry": { "type": "Polygon", "coordinates": [ [ [ -98.386569649566823, 23.174918199681454 ], [ -98.369048249995359, 23.162489120389115 ], [ -98.371191740019299, 23.149027459726316 ], [ -98.383267769823988, 23.12829997970578 ], [ -98.389321889715916, 23.097609110187971 ], [ -98.366661449652298, 23.090379980979076 ], [ -98.357572120242153, 23.120070120150924 ], [ -98.337659289700341, 23.116889890253347 ], [ -98.330891519812837, 23.108455919551048 ], [ -98.330351049635524, 23.085774020325772 ], [ -98.367700749841106, 23.062222019891824 ], [ -98.345587909877878, 23.046253910227279 ], [ -98.327583750366927, 23.023219199991072 ], [ -98.341730579785434, 22.917628689850012 ], [ -98.331324370415359, 22.9149817401915 ], [ -98.33217705004617, 22.906838380418812 ], [ -98.339971889764897, 22.907434399748471 ], [ -98.34563125028194, 22.889552689757025 ], [ -98.327320549906588, 22.886984460062173 ], [ -98.352501000041727, 22.854533629629994 ], [ -98.322119600068987, 22.85097889033861 ], [ -98.323365150145747, 22.840645600067436 ], [ -98.338636260104494, 22.842710600149505 ], [ -98.341435860076572, 22.824494949587322 ], [ -98.344549399778757, 22.824915419717374 ], [ -98.345187859848153, 22.820343490409257 ], [ -98.336059599720656, 22.819103339839319 ], [ -98.336238510388199, 22.798357260024346 ], [ -98.330190739671266, 22.7972617195406 ], [ -98.328592979511669, 22.807169480407374 ], [ -98.319609259800799, 22.805280950360345 ], [ -98.320505079742276, 22.799608279701069 ], [ -98.300703349689471, 22.797265319815125 ], [ -98.302574980105945, 22.783368619901641 ], [ -98.289249460155801, 22.770914709801744 ], [ -98.292053249320389, 22.750062201110271 ], [ -98.300907999410754, 22.751157251021525 ], [ -98.304771859006237, 22.72218315064783 ], [ -98.299355518873085, 22.718401340413362 ], [ -98.305384889674585, 22.717993861341611 ], [ -98.308799369857255, 22.692454379594306 ], [ -98.303969939090351, 22.691843089863617 ], [ -98.309303649239936, 22.651562659719705 ], [ -98.332128599085408, 22.653935020067379 ], [ -98.343484948669357, 22.561906250516714 ], [ -98.32211567991321, 22.559687120176466 ], [ -98.329009220329539, 22.512819400486968 ], [ -98.307831539542121, 22.510042599852568 ], [ -98.311290119967325, 22.500283630659904 ], [ -98.306514218939142, 22.499210970893337 ], [ -98.310244149823149, 22.498560451122597 ], [ -98.304541138959465, 22.47863125064876 ], [ -98.293965850454413, 22.475067259574679 ], [ -98.291664509906241, 22.467798549728577 ], [ -98.301007819888028, 22.46122682976231 ], [ -98.311119219715522, 22.469140940409115 ], [ -98.319270540016973, 22.46522249019576 ], [ -98.313610649918246, 22.456189579578609 ], [ -98.312215180439253, 22.445219199581853 ], [ -98.320912490419445, 22.440037970008248 ], [ -98.327361450441089, 22.426469579737542 ], [ -98.313471460054217, 22.416798679983408 ], [ -98.316800910454717, 22.391948120120549 ], [ -98.320173680176794, 22.391244220206822 ], [ -98.327693979921335, 22.398680170421077 ], [ -98.349310050099561, 22.388260890135317 ], [ -98.356229920238377, 22.392905940313462 ], [ -98.356246170218782, 22.397076200220944 ], [ -98.350802169637987, 22.400183369840317 ], [ -98.355225350376031, 22.407445629957131 ], [ -98.374577880356384, 22.389618079656692 ], [ -98.382302049790141, 22.388006829924631 ], [ -98.389579310014, 22.390714949777369 ], [ -98.391042849794005, 22.395830430146471 ], [ -98.384568340482957, 22.403286180192147 ], [ -98.382581140161605, 22.414242849960555 ], [ -98.386624689925142, 22.423631230345261 ], [ -98.392071080235297, 22.423182230392413 ], [ -98.396617890200801, 22.412615399999691 ], [ -98.407734310083683, 22.39993522989479 ], [ -98.419046279542485, 22.412737690362167 ], [ -98.433117260134665, 22.413578310139144 ], [ -98.431083420337131, 22.425192849656387 ], [ -98.433766089549167, 22.432864460192491 ], [ -98.442570170404281, 22.4323961703872 ], [ -98.448633180132944, 22.419959689986957 ], [ -98.463273510223814, 22.412229910295437 ], [ -98.466574449746389, 22.414285800308473 ], [ -98.464029419541703, 22.425487709893861 ], [ -98.466807580459189, 22.428801740062234 ], [ -98.485232510277015, 22.425630110158366 ], [ -98.490639090330404, 22.427474490075493 ], [ -98.491844280054607, 22.435893429677645 ], [ -98.482154519666906, 22.451952849909151 ], [ -98.488594369985847, 22.458565749860469 ], [ -98.502256890289502, 22.458266580291589 ], [ -98.513458000454648, 22.446947249690165 ], [ -98.536317690145125, 22.460223599673725 ], [ -98.537718570326447, 22.466673509810708 ], [ -98.525918940131447, 22.470252849883682 ], [ -98.536667860481472, 22.47809730963866 ], [ -98.545121179849758, 22.496286910310321 ], [ -98.546509709947586, 22.514825719792555 ], [ -98.538488650215086, 22.520947110263915 ], [ -98.527898999868043, 22.515821379748544 ], [ -98.523731740406689, 22.516725030300897 ], [ -98.523306340032178, 22.520470450310157 ], [ -98.5307660898753, 22.525274059707122 ], [ -98.52772180030685, 22.543554449730458 ], [ -98.537682970295052, 22.550627149555122 ], [ -98.54283874963015, 22.549753180000774 ], [ -98.54629142973414, 22.54239591990579 ], [ -98.548277830009141, 22.544833450347038 ], [ -98.545816090026577, 22.551090679556708 ], [ -98.552763619753591, 22.547941570285815 ], [ -98.556295689598414, 22.555796949822732 ], [ -98.550388680212905, 22.565677370266886 ], [ -98.532150660301923, 22.565858370001425 ], [ -98.532867949776644, 22.571713289598325 ], [ -98.540979600344087, 22.580559620404472 ], [ -98.560614120438515, 22.581201450044968 ], [ -98.559282980345642, 22.584357350161213 ], [ -98.562774820250809, 22.58945147975453 ], [ -98.565492859904182, 22.587465219963036 ], [ -98.575183820324796, 22.592005539597512 ], [ -98.591848689521512, 22.591635630104953 ], [ -98.59657477968112, 22.596497279685128 ], [ -98.606562629697763, 22.594197019747725 ], [ -98.614081420121821, 22.600305679660412 ], [ -98.624403770062386, 22.595449580173504 ], [ -98.63473368953764, 22.604488249860552 ], [ -98.639189659816964, 22.603052620365993 ], [ -98.657731909650494, 22.608296449809021 ], [ -98.668442860428485, 22.61693168971405 ], [ -98.677296349686728, 22.618857089849385 ], [ -98.682041660462744, 22.625886450168952 ], [ -98.686540820043177, 22.599160419674195 ], [ -98.762052569971914, 22.60231132032667 ], [ -98.763153119962681, 22.606863979846004 ], [ -98.77688867953087, 22.612226320071301 ], [ -98.782465849850681, 22.610364740018007 ], [ -98.788628940341695, 22.599957940188116 ], [ -98.80281125975776, 22.599618799626722 ], [ -98.814190089913907, 22.584908509769807 ], [ -98.828314549755319, 22.582608770109644 ], [ -98.835839029602937, 22.584675480320737 ], [ -98.851627580046582, 22.606429449554113 ], [ -98.864095749693575, 22.614305779895048 ], [ -98.873653370313349, 22.611087539717385 ], [ -98.865703170417731, 22.666733140265009 ], [ -98.862396689532105, 22.666798339951097 ], [ -98.856351139898536, 22.715708169821912 ], [ -98.843498910372787, 22.71029148024364 ], [ -98.842302620477483, 22.713427770228652 ], [ -98.846276740013778, 22.713910080446549 ], [ -98.84166442999242, 22.736199910365617 ], [ -98.842190280229204, 22.739158919628231 ], [ -98.846723710165705, 22.737430050078398 ], [ -98.847694490460668, 22.74265795028851 ], [ -98.834307709937718, 22.74346103006447 ], [ -98.836539679612244, 22.757499830281279 ], [ -98.850311450059507, 22.756748859776941 ], [ -98.85195216977111, 22.766874830188559 ], [ -98.847703749947854, 22.7761733404223 ], [ -98.847351849681232, 22.787211450334706 ], [ -98.851541369523247, 22.791725880194758 ], [ -98.859903739985555, 22.791721979728482 ], [ -98.863501200106043, 22.79925525016488 ], [ -98.871893150405313, 22.795202419925001 ], [ -98.867426740381006, 22.786255149773023 ], [ -98.879521939760508, 22.780696719867915 ], [ -98.892937649754103, 22.782564580156198 ], [ -98.907307059876658, 22.794413200194075 ], [ -98.904509430204214, 22.804781750334527 ], [ -98.889686259854429, 22.803127430101917 ], [ -98.888133970310818, 22.812935050444281 ], [ -98.874324509594814, 22.812898969800603 ], [ -98.86920948973038, 22.844265889662765 ], [ -98.883897000148224, 22.843102580175074 ], [ -98.882342489791796, 22.852428179835009 ], [ -98.88935351003434, 22.853426579565443 ], [ -98.892626169574569, 22.833197659752202 ], [ -98.898607510456102, 22.834056740238616 ], [ -98.891526750465218, 22.877441510122662 ], [ -98.89575165001051, 22.877975709549524 ], [ -98.89560132013986, 22.881329999596485 ], [ -98.889074770224809, 22.880559079974983 ], [ -98.888104690143763, 22.886879460207901 ], [ -98.879292889673678, 22.88586637018555 ], [ -98.87788411964398, 22.895732019723386 ], [ -98.848852249637275, 22.895083750086478 ], [ -98.84486849010942, 22.919128739865332 ], [ -98.788918450078299, 22.910474449943486 ], [ -98.785411059699641, 22.93346625038566 ], [ -98.781745149631888, 22.933025829571282 ], [ -98.763145520482539, 23.037630850159601 ], [ -98.779683550486439, 23.037251859743318 ], [ -98.781648749728632, 23.029838459716913 ], [ -98.798605540314881, 23.030904890448731 ], [ -98.796814969924881, 23.041692910132383 ], [ -98.778937029780536, 23.042664149889305 ], [ -98.774155800122998, 23.079497649637261 ], [ -98.76624211035427, 23.078485680118138 ], [ -98.763858169814057, 23.094283679694581 ], [ -98.755219200029558, 23.058824619599765 ], [ -98.726640739506394, 23.056463541343319 ], [ -98.728154339237832, 23.065375259636266 ], [ -98.68966197873516, 23.063837320664508 ], [ -98.694098028823475, 23.038295021250352 ], [ -98.665197769753192, 23.034746451315772 ], [ -98.666579618839862, 23.025277741151406 ], [ -98.626864879764639, 23.020153110086394 ], [ -98.622737109566472, 23.047220770738079 ], [ -98.554596230313919, 23.048340550312009 ], [ -98.547807778674979, 23.095103219675327 ], [ -98.537260178736588, 23.093497420289605 ], [ -98.49764681939952, 23.09811605110098 ], [ -98.457332420081528, 23.086850720953244 ], [ -98.44317430946289, 23.116308829710945 ], [ -98.445652859911576, 23.121565679582126 ], [ -98.428372720431909, 23.141932420147473 ], [ -98.414805969249116, 23.170663519689455 ], [ -98.416839119859915, 23.188505200077994 ], [ -98.403911109627316, 23.19256462039484 ], [ -98.386569649566823, 23.174918199681454 ] ] ] } }
]
}
