{
"type": "FeatureCollection",
"name": "30",
"crs": { "type": "name", "properties": { "name": "urn:ogc:def:crs:OGC:1.3:CRS84" } },
"features": [
{ "type": "Feature", "properties": { "code": "30051", "stateCode": "30", "municipalityCode": "051", "name": "Coyutla" }, "geometry": { "type": "Polygon", "coordinates": [ [ [ -97.723169449572509, 20.457549540007982 ], [ -97.720787949914794, 20.45353830955958 ], [ -97.708823679663823, 20.454848150374421 ], [ -97.70767647952043, 20.448125320396013 ], [ -97.69955529036541, 20.443355740180955 ], [ -97.697723720276429, 20.432512659842654 ], [ -97.680032219984142, 20.425338570276629 ], [ -97.673051380459214, 20.418855370035438 ], [ -97.672075199842439, 20.40852939970604 ], [ -97.665087820115303, 20.408385480353328 ], [ -97.660995620397685, 20.412953940234864 ], [ -97.655287150055543, 20.409966880328994 ], [ -97.64860765996653, 20.410875619724564 ], [ -97.640375290442904, 20.40380251960892 ], [ -97.636367659782309, 20.398202249600388 ], [ -97.641031379623954, 20.395658199670358 ], [ -97.645266140383256, 20.399657050404056 ], [ -97.652655309702183, 20.397660849784259 ], [ -97.65199943043217, 20.391117939589446 ], [ -97.654946510382842, 20.388045779935585 ], [ -97.643332259897008, 20.373421919586573 ], [ -97.641384090156834, 20.374438660379667 ], [ -97.63899737968724, 20.367951819925853 ], [ -97.636716019533523, 20.3695873497783 ], [ -97.630585889586769, 20.362927119962908 ], [ -97.622262419728727, 20.36132682977134 ], [ -97.623995710104793, 20.351114819756098 ], [ -97.614036030298053, 20.353117230101002 ], [ -97.614531059532965, 20.349629570090205 ], [ -97.61054122966587, 20.347629770134116 ], [ -97.604859510243941, 20.348289110250864 ], [ -97.604518449731401, 20.351806999720875 ], [ -97.60075302046414, 20.35083337999184 ], [ -97.600427020171594, 20.353015889710399 ], [ -97.595193420355471, 20.350286769786493 ], [ -97.59452336995966, 20.353946720074845 ], [ -97.57411509042376, 20.350265050463079 ], [ -97.58269252020915, 20.34701548012384 ], [ -97.584098569677565, 20.338389000189313 ], [ -97.578093999850381, 20.33223750974642 ], [ -97.583010199623416, 20.319339630034001 ], [ -97.58786928997587, 20.317377549982723 ], [ -97.595500029671186, 20.31886903031122 ], [ -97.595043109727257, 20.321339739884838 ], [ -97.600795120124644, 20.320434799876388 ], [ -97.604788510040095, 20.31336138020194 ], [ -97.598753089900072, 20.301104970229559 ], [ -97.589109550145736, 20.298450909961982 ], [ -97.582625619529722, 20.282433830260526 ], [ -97.602231019565892, 20.281456780195725 ], [ -97.603198379764763, 20.275728710058747 ], [ -97.608884830015825, 20.274613910034113 ], [ -97.605620659565034, 20.271390860324075 ], [ -97.605332169910213, 20.262942679965771 ], [ -97.588144420319765, 20.26225434002253 ], [ -97.581895689967567, 20.266893740116 ], [ -97.575120509642574, 20.243385309858184 ], [ -97.578977229585661, 20.243120819814621 ], [ -97.580120540174818, 20.246374649775131 ], [ -97.591660369715157, 20.244792369593643 ], [ -97.6099845699068, 20.23525290971617 ], [ -97.609342860138895, 20.227063109600373 ], [ -97.604029750215261, 20.223384720104981 ], [ -97.613843180278309, 20.218627310243615 ], [ -97.623618880409481, 20.220189080044175 ], [ -97.623975119821552, 20.208996770243004 ], [ -97.635383749542925, 20.20898968967763 ], [ -97.641904919835142, 20.226844570367877 ], [ -97.648580619989275, 20.232120939733051 ], [ -97.644842310116076, 20.238311999860855 ], [ -97.648561200083364, 20.244360549676983 ], [ -97.664014619744421, 20.241701179899319 ], [ -97.67499959961529, 20.243665259587974 ], [ -97.678625939606491, 20.247643399897743 ], [ -97.676549060356948, 20.250695650437031 ], [ -97.679516349849735, 20.253073060005711 ], [ -97.679722690253101, 20.262926320085235 ], [ -97.673110749933784, 20.261917090188302 ], [ -97.665277229657875, 20.269168829655676 ], [ -97.659403230379638, 20.267428949703731 ], [ -97.659698090300665, 20.27116482003672 ], [ -97.664300420166953, 20.273134580034256 ], [ -97.662669770252336, 20.28426408966299 ], [ -97.666762109534915, 20.282941969721382 ], [ -97.672500920263943, 20.29384023000938 ], [ -97.676219940456221, 20.295371659731867 ], [ -97.67764474996622, 20.313611110036014 ], [ -97.681923139912413, 20.313028200390487 ], [ -97.684845720338458, 20.318883709625563 ], [ -97.689991859993015, 20.31937205041109 ], [ -97.684074920040629, 20.321500880275554 ], [ -97.684197060181006, 20.325659120312611 ], [ -97.67312512018465, 20.336607290148581 ], [ -97.676898660355192, 20.339191230346174 ], [ -97.674401289611779, 20.347236489981146 ], [ -97.679344940249734, 20.349917879714116 ], [ -97.689994119788807, 20.337556260016349 ], [ -97.690088919776628, 20.333609309585885 ], [ -97.69462476972636, 20.335162419890843 ], [ -97.696553149624833, 20.319888090152372 ], [ -97.700689490438648, 20.31991903024165 ], [ -97.702509020116622, 20.325540120368764 ], [ -97.712747110146481, 20.328955030117982 ], [ -97.734744709617303, 20.347874879721825 ], [ -97.742876519924991, 20.35119676962799 ], [ -97.74313100004089, 20.3610193199512 ], [ -97.74566523000783, 20.362345680176659 ], [ -97.743748169585928, 20.36873784955143 ], [ -97.748041149842336, 20.374126850266578 ], [ -97.743744310289216, 20.375716950207128 ], [ -97.744449949801862, 20.380110150042157 ], [ -97.765641739282771, 20.381228349837755 ], [ -97.762591079638867, 20.397865571180024 ], [ -97.757311688680218, 20.399809520435369 ], [ -97.75584490998483, 20.412955121185757 ], [ -97.750952458649721, 20.414564910495702 ], [ -97.750441459359664, 20.419867570658397 ], [ -97.734827889570852, 20.441876290370516 ], [ -97.734599319993961, 20.451306340159583 ], [ -97.72874317962156, 20.457316909960166 ], [ -97.723169449572509, 20.457549540007982 ] ] ] } },
{ "type": "Feature", "properties": { "code": "30056", "stateCode": "30", "municipalityCode": "056", "name": "Chiconamel" }, "geometry": { "type": "MultiPolygon", "coordinates": [ [ [ [ -98.358772289949215, 21.180437710376903 ], [ -98.342409819726925, 21.179688859927111 ], [ -98.342112550030308, 21.160773710353478 ], [ -98.350582169865774, 21.159867650217127 ], [ -98.35075423016454, 21.157142679957268 ], [ -98.353682649879659, 21.159804769942411 ], [ -98.358141030278404, 21.156289179617218 ], [ -98.365063149915642, 21.158095179983885 ], [ -98.367341199799256, 21.166831570222779 ], [ -98.372812229664731, 21.166397120238244 ], [ -98.375603449658826, 21.174646379662988 ], [ -98.378210450381289, 21.174546280226952 ], [ -98.371119290225934, 21.181186599571763 ], [ -98.371818739805079, 21.183890939891551 ], [ -98.367675889830423, 21.180031820276909 ], [ -98.361219369818855, 21.183914739963807 ], [ -98.358772289949215, 21.180437710376903 ] ] ], [ [ [ -98.487303059694085, 21.331398429594795 ], [ -98.491483819561296, 21.322712690245787 ], [ -98.489583970033223, 21.320581679576815 ], [ -98.486343179769932, 21.319189279992045 ], [ -98.483236569817336, 21.322956000194001 ], [ -98.481492850485736, 21.317532889798414 ], [ -98.477925749950089, 21.321077489823466 ], [ -98.465700219932629, 21.309176879942672 ], [ -98.463532539854896, 21.302199430185482 ], [ -98.458357539763796, 21.30372386027031 ], [ -98.463987429520017, 21.291729379877541 ], [ -98.459997260272303, 21.284452829845669 ], [ -98.453497020117979, 21.281376860087413 ], [ -98.449699419858973, 21.285123629692123 ], [ -98.444252970427584, 21.284866309646908 ], [ -98.432487889647888, 21.265722709941588 ], [ -98.433586880356501, 21.25269383024051 ], [ -98.445536620233682, 21.243717140442392 ], [ -98.449806400111257, 21.245371660148404 ], [ -98.452258510461292, 21.239300950254094 ], [ -98.442855200127269, 21.232109349861428 ], [ -98.450258250034196, 21.229912030030807 ], [ -98.437896509758801, 21.22379688988406 ], [ -98.429216880215264, 21.214717880330671 ], [ -98.427908660220126, 21.206958780207529 ], [ -98.431086079706887, 21.202999510409974 ], [ -98.424221429772373, 21.197644799887197 ], [ -98.426711379591325, 21.197281780096958 ], [ -98.426282199590318, 21.192641139969844 ], [ -98.418970580427796, 21.178215679902639 ], [ -98.422822079617276, 21.175351570428507 ], [ -98.424014109946967, 21.167260689713217 ], [ -98.430255649590805, 21.168046060214738 ], [ -98.430107489648321, 21.172787740356082 ], [ -98.437041509971621, 21.177170489703354 ], [ -98.446766909853366, 21.179813150112906 ], [ -98.449399850181862, 21.186670689673004 ], [ -98.44667299989743, 21.199620000030791 ], [ -98.459626060296387, 21.204801750033596 ], [ -98.452892890414901, 21.210031949777996 ], [ -98.456947879945275, 21.214832999953959 ], [ -98.466506229671424, 21.219900119933733 ], [ -98.467759509989421, 21.223840709850464 ], [ -98.472806659855692, 21.219810549669052 ], [ -98.479656630331348, 21.223888460447458 ], [ -98.480814880306838, 21.230674650362477 ], [ -98.469257829992529, 21.234163979601686 ], [ -98.468359739682057, 21.24965114000894 ], [ -98.499009780261375, 21.252231139619816 ], [ -98.502261420268695, 21.246000479793434 ], [ -98.516543370445248, 21.244268950457855 ], [ -98.537860820154492, 21.263866090166196 ], [ -98.543981720263858, 21.263901230427287 ], [ -98.505854260486515, 21.319356849872484 ], [ -98.497842830383419, 21.32788673965198 ], [ -98.496048399664559, 21.32575655029272 ], [ -98.493309310445866, 21.331943340135741 ], [ -98.487303059694085, 21.331398429594795 ] ] ] ] } },
{ "type": "Feature", "properties": { "code": "30055", "stateCode": "30", "municipalityCode": "055", "name": "Chalma" }, "geometry": { "type": "MultiPolygon", "coordinates": [ [ [ [ -98.255360379852561, 21.231028369553492 ], [ -98.247643260215781, 21.226200220035988 ], [ -98.250724119547684, 21.210523879973948 ], [ -98.238998029654596, 21.220952970310346 ], [ -98.236240030304572, 21.210172429566061 ], [ -98.231602140276919, 21.205452290222709 ], [ -98.225698740333087, 21.2134164501439 ], [ -98.216250089597793, 21.207841419619204 ], [ -98.221677999898816, 21.203817510301 ], [ -98.22039555045923, 21.181529380020091 ], [ -98.227981509550077, 21.192714149941114 ], [ -98.234921720088835, 21.187527059586145 ], [ -98.229597859639938, 21.184041950032881 ], [ -98.230402550103733, 21.176662859575163 ], [ -98.212424889731565, 21.170533310032461 ], [ -98.207094369622382, 21.156186490141291 ], [ -98.210439170253693, 21.153671999590422 ], [ -98.217596689847866, 21.157904180448099 ], [ -98.223146110436531, 21.156664690412715 ], [ -98.231261629918748, 21.142368570243995 ], [ -98.234212180463302, 21.142817309560474 ], [ -98.233796309807033, 21.14061071029721 ], [ -98.236920600459172, 21.143358249872083 ], [ -98.249110370467449, 21.129403320263261 ], [ -98.264668219991947, 21.141153250232882 ], [ -98.282173769820218, 21.136417380324524 ], [ -98.281189310144725, 21.141459780145894 ], [ -98.295538819846996, 21.148289780269863 ], [ -98.295353819524919, 21.15597184985166 ], [ -98.284684860011296, 21.162365510362079 ], [ -98.278579350179953, 21.172584719994784 ], [ -98.278874459942713, 21.182858450033578 ], [ -98.27562795029705, 21.188842999631198 ], [ -98.279131139871168, 21.192752550175822 ], [ -98.28717821963707, 21.19429619988567 ], [ -98.293575490352239, 21.188779110039604 ], [ -98.298773979918153, 21.190310110072122 ], [ -98.29180018034242, 21.204195399828677 ], [ -98.255360379852561, 21.231028369553492 ] ] ], [ [ [ -98.399064430128973, 21.267373890060323 ], [ -98.381012179878539, 21.252721450126014 ], [ -98.3849260596714, 21.242183579806944 ], [ -98.380118820158287, 21.238963660270326 ], [ -98.383586310098778, 21.237294859937176 ], [ -98.380859489876912, 21.233822519958373 ], [ -98.376644720478382, 21.240781169854863 ], [ -98.371974649806418, 21.24199906037752 ], [ -98.374314290006524, 21.24547403004345 ], [ -98.367388490262428, 21.241102510364581 ], [ -98.369694430370387, 21.238737490066033 ], [ -98.368124030307996, 21.232244629672447 ], [ -98.355314020066331, 21.230608630441541 ], [ -98.351502940347729, 21.226768690341331 ], [ -98.353747150054957, 21.223519510058978 ], [ -98.349503819817485, 21.221888460260466 ], [ -98.346192200467726, 21.22437094015714 ], [ -98.336294079524464, 21.215290280318172 ], [ -98.339217689685483, 21.208107079933868 ], [ -98.335824089776878, 21.207514659646872 ], [ -98.336044830060573, 21.201588259711116 ], [ -98.332828880481117, 21.19929502985006 ], [ -98.320149580081392, 21.200218230052585 ], [ -98.309570919612213, 21.189409340388977 ], [ -98.309899769674203, 21.183993569983961 ], [ -98.315855910368711, 21.186879620369933 ], [ -98.340731820366685, 21.169796290031162 ], [ -98.34393754038588, 21.176213339611593 ], [ -98.342409819726925, 21.179688859927111 ], [ -98.358719890246959, 21.180065279561557 ], [ -98.361219369818855, 21.183914739963807 ], [ -98.367675889830423, 21.180031820276909 ], [ -98.371818739805079, 21.183890939891551 ], [ -98.371119290225934, 21.181186599571763 ], [ -98.378557020292078, 21.176214749602384 ], [ -98.372812229664731, 21.166397120238244 ], [ -98.368699110126585, 21.167823249853889 ], [ -98.366198349766222, 21.165201150222966 ], [ -98.364966080179528, 21.161738380336796 ], [ -98.367740199569127, 21.15883097018963 ], [ -98.380219519820031, 21.155124740226274 ], [ -98.380167420253798, 21.158363419848325 ], [ -98.38680796996006, 21.16225914016491 ], [ -98.389332749792416, 21.15866787975305 ], [ -98.403808980207458, 21.157592449899919 ], [ -98.404544450120383, 21.152651890103513 ], [ -98.41643568998181, 21.15498188970864 ], [ -98.418523792298657, 21.162236620591354 ], [ -98.423519999645123, 21.163622770190283 ], [ -98.422822079617276, 21.175351570428507 ], [ -98.418970580427796, 21.178215679902639 ], [ -98.426282199590318, 21.192641139969844 ], [ -98.426711379591325, 21.197281780096958 ], [ -98.424221429772373, 21.197644799887197 ], [ -98.431086079706887, 21.202999510409974 ], [ -98.427908660220126, 21.206958780207529 ], [ -98.429216880215264, 21.214717880330671 ], [ -98.437896509758801, 21.22379688988406 ], [ -98.450258250034196, 21.229912030030807 ], [ -98.442855200127269, 21.232109349861428 ], [ -98.452258510461292, 21.239300950254094 ], [ -98.449806400111257, 21.245371660148404 ], [ -98.442980219780495, 21.245230920359816 ], [ -98.43240251001626, 21.256355020057789 ], [ -98.423779859843648, 21.256939509744058 ], [ -98.413331520454037, 21.260590550109526 ], [ -98.409460400038299, 21.266034820043444 ], [ -98.399064430128973, 21.267373890060323 ] ] ] ] } },
{ "type": "Feature", "properties": { "code": "30054", "stateCode": "30", "municipalityCode": "054", "name": "Chacaltianguis" }, "geometry": { "type": "Polygon", "coordinates": [ [ [ -95.780047120278283, 18.340756050016363 ], [ -95.784862820305847, 18.335989880376516 ], [ -95.78589786003748, 18.328571970442102 ], [ -95.776560799968024, 18.316718689590662 ], [ -95.766566450340804, 18.312841780357711 ], [ -95.76864785039588, 18.306053460241014 ], [ -95.777517089922029, 18.300568119592377 ], [ -95.779809920228217, 18.309483519642555 ], [ -95.783475600142978, 18.308932660006334 ], [ -95.782418660059321, 18.293691180381693 ], [ -95.786122480071313, 18.288089089686398 ], [ -95.792093219899229, 18.289538200397594 ], [ -95.792073819792506, 18.285663520323592 ], [ -95.782100549820711, 18.281622740156951 ], [ -95.778947769899176, 18.268767890322962 ], [ -95.772801049818213, 18.269686119981504 ], [ -95.771686780288562, 18.276594710375129 ], [ -95.764134479780409, 18.274106000427246 ], [ -95.750903179553774, 18.246185940137035 ], [ -95.744261860342519, 18.242386739647547 ], [ -95.729233310183048, 18.240919619579202 ], [ -95.731655979663088, 18.236975029788351 ], [ -95.738324549750217, 18.239492399864648 ], [ -95.737588370199973, 18.235996849942573 ], [ -95.742317630429199, 18.233831739757967 ], [ -95.746243109811928, 18.237173259669785 ], [ -95.745352259636803, 18.231652290135461 ], [ -95.734215059912486, 18.232356509695823 ], [ -95.730768879964671, 18.218721430284742 ], [ -95.717506449570521, 18.216098489589044 ], [ -95.725326740405634, 18.211044180331928 ], [ -95.717107230130509, 18.204929909913147 ], [ -95.706479449906737, 18.208126310279475 ], [ -95.704543850398053, 18.204701319785801 ], [ -95.709286170453993, 18.196459419599055 ], [ -95.707660550148887, 18.188791579754266 ], [ -95.721871650327671, 18.187243050298619 ], [ -95.722358459678588, 18.182691229702801 ], [ -95.726214370338056, 18.182264689855064 ], [ -95.72860285027167, 18.164014030130861 ], [ -95.765430829764853, 18.150647719560887 ], [ -95.764984740330149, 18.142649380366127 ], [ -95.770459369776063, 18.142636969548651 ], [ -95.770484420038528, 18.138030580031383 ], [ -95.766641079884621, 18.138045320178236 ], [ -95.769922319876031, 18.135667019925073 ], [ -95.769503119655866, 18.130064219769501 ], [ -95.778513310244733, 18.12987071975358 ], [ -95.775819230388109, 18.124529819564522 ], [ -95.779496150009976, 18.122914739932632 ], [ -95.777960289896498, 18.108441890261311 ], [ -95.775397290262831, 18.108308570330724 ], [ -95.779207740240309, 18.104634460118895 ], [ -95.775341629521506, 18.1026142201471 ], [ -95.780894779712867, 18.093005689637867 ], [ -95.792711180323323, 18.092942939655298 ], [ -95.795393750022015, 18.088252649982312 ], [ -95.798412110154061, 18.089793969644518 ], [ -95.799769049576682, 18.087418109577975 ], [ -95.808853570306312, 18.088427799596484 ], [ -95.809789079996705, 18.084582250149971 ], [ -95.816549580011397, 18.085111490307504 ], [ -95.823058910134151, 18.080378970217197 ], [ -95.833166939514996, 18.129026830420624 ], [ -95.851535710280672, 18.130790969851763 ], [ -95.849824800407958, 18.141154279996968 ], [ -95.857660779813315, 18.14815625971146 ], [ -95.867516150322786, 18.150651819609546 ], [ -95.869827249587871, 18.163532659929771 ], [ -95.873088720256121, 18.164069049578533 ], [ -95.87158039981658, 18.179289999973214 ], [ -95.862807620086471, 18.173451250423554 ], [ -95.861873509767065, 18.177380089663444 ], [ -95.856054830460863, 18.180602350200122 ], [ -95.841364919921574, 18.183221079897404 ], [ -95.845236799651133, 18.191707510278615 ], [ -95.841110459534178, 18.196943140023301 ], [ -95.845682370126639, 18.199479920069344 ], [ -95.844495579718071, 18.205079460350472 ], [ -95.888438909929818, 18.25065017038931 ], [ -95.901540740416124, 18.239631850176469 ], [ -95.912005260056972, 18.25059707999019 ], [ -95.91725292012228, 18.268581739564397 ], [ -95.904657249787334, 18.276885510108553 ], [ -95.884092979725679, 18.274452880144352 ], [ -95.859653110413205, 18.281034379619097 ], [ -95.849252219649557, 18.287356860330945 ], [ -95.84524653998578, 18.298949480307027 ], [ -95.850453660312013, 18.319577049920529 ], [ -95.839597350155088, 18.333203780399799 ], [ -95.830148479646169, 18.333597880241179 ], [ -95.812445939994717, 18.317096139937181 ], [ -95.805924309876644, 18.31658611996955 ], [ -95.799386740089574, 18.32157173986695 ], [ -95.790016229848234, 18.339581720129726 ], [ -95.780047120278283, 18.340756050016363 ] ] ] } },
{ "type": "Feature", "properties": { "code": "30053", "stateCode": "30", "municipalityCode": "053", "name": "Cuitláhuac" }, "geometry": { "type": "Polygon", "coordinates": [ [ [ -96.689089770270201, 18.853383029677978 ], [ -96.687877249530416, 18.814153850201755 ], [ -96.698927950265769, 18.816512919646044 ], [ -96.701516079718559, 18.807454399759155 ], [ -96.687736220101044, 18.802469710087831 ], [ -96.684914629793639, 18.77730973956119 ], [ -96.647015820460439, 18.76646234009732 ], [ -96.640139250091707, 18.771873779811582 ], [ -96.630045219894257, 18.772619659565493 ], [ -96.612950650198329, 18.769743089799956 ], [ -96.612944880439542, 18.767475999809601 ], [ -96.601873649881753, 18.765695250099952 ], [ -96.599951369917846, 18.761872599973408 ], [ -96.59359650960522, 18.760205230069445 ], [ -96.57367750961329, 18.761445599927651 ], [ -96.571080830155211, 18.758813340340282 ], [ -96.563161459651681, 18.761989860169653 ], [ -96.561184089870636, 18.759561570044433 ], [ -96.559692509817566, 18.762276970133318 ], [ -96.554422510079931, 18.76081721960108 ], [ -96.551023050058731, 18.755611459925838 ], [ -96.549064400344292, 18.758118200198449 ], [ -96.542541150060444, 18.754529169686226 ], [ -96.528019449856572, 18.757574149877087 ], [ -96.52331617960364, 18.754016250162159 ], [ -96.518364750359538, 18.757328420240459 ], [ -96.51421181999666, 18.755872089556576 ], [ -96.510975539991591, 18.761224509967445 ], [ -96.507401219767431, 18.760992339735768 ], [ -96.507769970391792, 18.763750349572021 ], [ -96.499784429540966, 18.765797600046184 ], [ -96.501558380114361, 18.770350000052929 ], [ -96.498390770360103, 18.774778200151736 ], [ -96.493765910435457, 18.777131890167272 ], [ -96.489417310158416, 18.775450059697906 ], [ -96.483503259765868, 18.78007139954763 ], [ -96.482221200279241, 18.774647540084825 ], [ -96.473800950248304, 18.777120199822317 ], [ -96.482532919543658, 18.768915999758352 ], [ -96.482633169733518, 18.765056579939174 ], [ -96.467515089746584, 18.752804419825342 ], [ -96.474511520464944, 18.752101349881073 ], [ -96.475469350409057, 18.736420169619439 ], [ -96.482005770313208, 18.740640230095828 ], [ -96.489720080388963, 18.73989057978806 ], [ -96.519102570367224, 18.726039909714068 ], [ -96.529351229619621, 18.72776447997142 ], [ -96.535468659666378, 18.733039689670829 ], [ -96.537762120220819, 18.730989119772893 ], [ -96.544514020435813, 18.734918219569835 ], [ -96.566515749967365, 18.735683619671114 ], [ -96.58799717039372, 18.741766510143417 ], [ -96.593640449873391, 18.738303939887018 ], [ -96.596839820215735, 18.741812860313196 ], [ -96.597838480282675, 18.737805629784116 ], [ -96.61898662961994, 18.743066890040538 ], [ -96.627537619936717, 18.742024949600957 ], [ -96.633321750353886, 18.746975659893273 ], [ -96.641943689605895, 18.744846119945251 ], [ -96.64591521990252, 18.748452480151844 ], [ -96.648199180459471, 18.745921629805476 ], [ -96.654306320409972, 18.751505889874416 ], [ -96.661627780207155, 18.745245339782361 ], [ -96.667916889941523, 18.750253050088382 ], [ -96.685519319722204, 18.744515719956429 ], [ -96.691694969665932, 18.747180919872065 ], [ -96.696714769813312, 18.744395579805449 ], [ -96.709605289616334, 18.746014150238285 ], [ -96.721679719883113, 18.743626249953767 ], [ -96.739250309914311, 18.753382400123023 ], [ -96.744165909973162, 18.752076749725159 ], [ -96.753092920448438, 18.758209660408834 ], [ -96.75884111955861, 18.757149830022126 ], [ -96.7646192499639, 18.765938690391575 ], [ -96.772283569829469, 18.764440080424706 ], [ -96.771854149969528, 18.768383460008394 ], [ -96.77740465031188, 18.768649369936089 ], [ -96.780360199617931, 18.77888044978765 ], [ -96.766704149858853, 18.78313449013547 ], [ -96.780193689868653, 18.792395950108958 ], [ -96.775526519680028, 18.798541619832907 ], [ -96.769335860313817, 18.792761720332198 ], [ -96.756442489806176, 18.798679150038968 ], [ -96.756669850263009, 18.803088460204087 ], [ -96.766777079596295, 18.807308030314786 ], [ -96.753978710226917, 18.833815379944653 ], [ -96.750025090057193, 18.834135420190112 ], [ -96.747693259752765, 18.845660319857902 ], [ -96.742406549754548, 18.838956969845817 ], [ -96.735473520047435, 18.837764110157998 ], [ -96.721914459576368, 18.84762048993052 ], [ -96.711332659711573, 18.838513310270219 ], [ -96.711662520177313, 18.848469200095341 ], [ -96.689089770270201, 18.853383029677978 ] ] ] } },
{ "type": "Feature", "properties": { "code": "30183", "stateCode": "30", "municipalityCode": "183", "name": "Tlapacoyan" }, "geometry": { "type": "Polygon", "coordinates": [ [ [ -97.116144259957949, 20.121421580009812 ], [ -97.119160490149298, 20.107821979927774 ], [ -97.10946670959153, 20.10660741996676 ], [ -97.108085429760521, 20.0956918501081 ], [ -97.12432374953724, 20.086247980027139 ], [ -97.103256519664072, 20.069941909829602 ], [ -97.090717280113864, 20.069679620222811 ], [ -97.091862970303367, 20.067525480226088 ], [ -97.084792829720598, 20.061472009174103 ], [ -97.088012950166828, 20.055289399769769 ], [ -97.085434139114128, 20.056854061226872 ], [ -97.08300760034686, 20.051645480077251 ], [ -97.092741800208572, 20.041436689833933 ], [ -97.09669771983647, 20.023975600089624 ], [ -97.153042000293652, 20.013278249641765 ], [ -97.148635110241131, 19.998978029783338 ], [ -97.15881194982633, 19.991851950427662 ], [ -97.165179659743089, 19.995536620336491 ], [ -97.173123049570421, 19.992984219805699 ], [ -97.172126949661049, 19.982154179807068 ], [ -97.195272800015985, 19.956083149619786 ], [ -97.207395769639319, 19.934337909992202 ], [ -97.215426630176466, 19.933250889761805 ], [ -97.218929479905754, 19.923699320327412 ], [ -97.2289022800297, 19.922723819800851 ], [ -97.230642949918874, 19.930905999674589 ], [ -97.237046740049109, 19.936389219556176 ], [ -97.240635680212122, 19.934194779977521 ], [ -97.241712349610538, 19.937619539646597 ], [ -97.258786460303341, 19.933111860456439 ], [ -97.26356974019474, 19.944408629771477 ], [ -97.269249089851456, 19.94702728039973 ], [ -97.268734140023099, 19.959204920218166 ], [ -97.260669059629166, 19.977254429874488 ], [ -97.252790079625868, 19.983713579993793 ], [ -97.238168090243946, 19.988711169854408 ], [ -97.234687380276156, 19.99672722006483 ], [ -97.225292150466615, 20.002052689972295 ], [ -97.225099630084884, 20.009460250299551 ], [ -97.206927230000062, 20.014667819875825 ], [ -97.207810779808554, 20.018697549663031 ], [ -97.20358514003334, 20.025315200079845 ], [ -97.211101289906821, 20.0425518895488 ], [ -97.207093880074424, 20.046934309589819 ], [ -97.206151910442358, 20.05635491956297 ], [ -97.201518019970919, 20.058061199874423 ], [ -97.195426279692811, 20.054341420145096 ], [ -97.194260780008136, 20.058717090137794 ], [ -97.185498220383678, 20.062340280114181 ], [ -97.18090636962701, 20.068486120339038 ], [ -97.182036999621104, 20.072752980438523 ], [ -97.175567709572277, 20.07667059994462 ], [ -97.183640019860349, 20.080038550178617 ], [ -97.153875510148126, 20.112935370118471 ], [ -97.140559750376156, 20.119837620066466 ], [ -97.122729650454914, 20.118749259638079 ], [ -97.116144259957949, 20.121421580009812 ] ] ] } },
{ "type": "Feature", "properties": { "code": "30182", "stateCode": "30", "municipalityCode": "182", "name": "Tlalnelhuayocan" }, "geometry": { "type": "Polygon", "coordinates": [ [ [ -96.976640630009499, 19.57869456984216 ], [ -96.967374460057982, 19.57523636987451 ], [ -96.963689349665799, 19.567137399836003 ], [ -96.95467289006713, 19.570428920390352 ], [ -96.95732693960079, 19.550919519560647 ], [ -96.968479569807371, 19.547808860056179 ], [ -96.970842819763149, 19.539046060169685 ], [ -96.966277889689266, 19.532609680017202 ], [ -96.951855280399059, 19.530657199918974 ], [ -96.94966681952161, 19.527157030044105 ], [ -96.951933580303688, 19.52222467997807 ], [ -96.947666849393073, 19.514176320050822 ], [ -96.952295549652462, 19.514620149669515 ], [ -96.954868649836797, 19.510421739871152 ], [ -96.963512999569133, 19.509198110339923 ], [ -96.964987080035044, 19.506354460144511 ], [ -96.971041030106406, 19.510224049773871 ], [ -96.970350630041096, 19.513409859559971 ], [ -96.980414149730464, 19.514710110063579 ], [ -96.981081080394659, 19.511532120466477 ], [ -96.989687830034882, 19.512679400229501 ], [ -96.992008829771663, 19.506595829862324 ], [ -96.996985289576529, 19.507334649952767 ], [ -96.996434619616821, 19.51048627967381 ], [ -97.010834050307253, 19.516601050345908 ], [ -97.015298650098742, 19.524615709626914 ], [ -97.022251180296649, 19.525520480376851 ], [ -97.007739549990589, 19.530382569613469 ], [ -97.000250750243723, 19.529538519634158 ], [ -97.001937849825737, 19.53316136970437 ], [ -97.011282970460613, 19.534826549808525 ], [ -97.0039318501656, 19.536727170450806 ], [ -97.014835080405305, 19.541995970263969 ], [ -97.018292680275238, 19.551609320049042 ], [ -96.988340920440436, 19.562666859581796 ], [ -96.998483769835929, 19.565620659824376 ], [ -96.999965919643202, 19.573365139927603 ], [ -96.99600250968777, 19.578309420017483 ], [ -96.976640630009499, 19.57869456984216 ] ] ] } },
{ "type": "Feature", "properties": { "code": "30181", "stateCode": "30", "municipalityCode": "181", "name": "Tlalixcoyan" }, "geometry": { "type": "Polygon", "coordinates": [ [ [ -96.07037766007754, 18.949989340048599 ], [ -96.066428370022393, 18.945974370439721 ], [ -96.071136020039702, 18.93873937989563 ], [ -96.06916206044481, 18.934431819749332 ], [ -96.055009979539975, 18.948533620411144 ], [ -96.050167020481425, 18.945662659774193 ], [ -96.054170859985803, 18.9396165095818 ], [ -96.049050020028574, 18.930590019580539 ], [ -96.037529820223767, 18.925627850438971 ], [ -96.032021279746758, 18.939144919584724 ], [ -96.020469110423321, 18.939297260352838 ], [ -96.019271449945848, 18.934426660420552 ], [ -96.028419999830902, 18.925074800175331 ], [ -96.032911200019413, 18.900023889614804 ], [ -96.029514339729332, 18.894634380415535 ], [ -96.026507080168244, 18.896686600240432 ], [ -96.027362520043098, 18.892575289765354 ], [ -96.022628689698507, 18.89255948955935 ], [ -96.02256337971086, 18.885595880014588 ], [ -96.003698849668268, 18.885790400315688 ], [ -96.003521579640363, 18.881351649784175 ], [ -96.000994920153261, 18.88409922998763 ], [ -95.986271380004254, 18.885090519672808 ], [ -95.982289149925151, 18.867273689920324 ], [ -95.985011460406952, 18.836459399800145 ], [ -95.982506419875165, 18.833686519745644 ], [ -95.998468949772672, 18.826849460267926 ], [ -95.996037520125512, 18.802342519641368 ], [ -95.974645969695587, 18.798922689563046 ], [ -95.977625369768319, 18.79132961992358 ], [ -95.995734550358264, 18.776055420254472 ], [ -95.999552250263008, 18.754240629856216 ], [ -96.01382482024492, 18.761826630388011 ], [ -96.018368490108827, 18.760507599768889 ], [ -96.02811070999141, 18.764147020435754 ], [ -96.028122659720566, 18.753331630155039 ], [ -96.021947149828193, 18.752391819748517 ], [ -96.019287579637748, 18.738299659700726 ], [ -96.036727890201419, 18.73844703039617 ], [ -96.03676889038563, 18.728826169852219 ], [ -96.043998579743501, 18.729427679850005 ], [ -96.045039860016885, 18.721086349616414 ], [ -96.039754690158176, 18.71304257005001 ], [ -96.040862030455159, 18.705478949786059 ], [ -96.04907390985619, 18.705553689653065 ], [ -96.049535249610258, 18.689470909580812 ], [ -96.036448780313151, 18.68962482980567 ], [ -96.036305230115104, 18.675207310246389 ], [ -96.047875799967301, 18.672895600281162 ], [ -96.057615720382017, 18.657160650318996 ], [ -96.049124169717643, 18.647738429549257 ], [ -96.042220540092202, 18.64544011027122 ], [ -96.04442440030887, 18.640960339818005 ], [ -96.040135219846164, 18.637290720263973 ], [ -96.042548369802006, 18.630093979594278 ], [ -96.037359619955311, 18.628458690263862 ], [ -96.033725249970502, 18.618572709657926 ], [ -96.029447550357077, 18.616045710069905 ], [ -96.035977260428226, 18.595353079799658 ], [ -96.04448709048954, 18.599524709596214 ], [ -96.050953399615324, 18.59611352019007 ], [ -96.060446119858995, 18.603398860435231 ], [ -96.071361979662043, 18.600820480326796 ], [ -96.0753773704228, 18.609251770444441 ], [ -96.088464660046256, 18.613331109796889 ], [ -96.102924029669765, 18.611844910208397 ], [ -96.104853939674641, 18.608136549988316 ], [ -96.119718249630338, 18.608285090420335 ], [ -96.11977482981473, 18.602846880287373 ], [ -96.12474663037537, 18.601938259813821 ], [ -96.134193950168878, 18.606951260142154 ], [ -96.133829539998231, 18.61337183025784 ], [ -96.141374880282967, 18.626716089946171 ], [ -96.146019060308774, 18.625794799976276 ], [ -96.160015819939929, 18.644124970397069 ], [ -96.163848480173925, 18.643937219687682 ], [ -96.167679310392757, 18.650895890208254 ], [ -96.174580709596441, 18.653339179821071 ], [ -96.179075829964418, 18.653341139718023 ], [ -96.182462770057725, 18.648575429968464 ], [ -96.1861102602237, 18.65070058004175 ], [ -96.195573879628668, 18.648566919665988 ], [ -96.204293539587411, 18.638346370055324 ], [ -96.207912540020075, 18.643745799977815 ], [ -96.222934350060413, 18.648314350348379 ], [ -96.223150510048555, 18.650927709829158 ], [ -96.224836940307, 18.649031949679763 ], [ -96.225201910321829, 18.652041489646912 ], [ -96.229111139881695, 18.647075879786108 ], [ -96.24545828030611, 18.64842421975106 ], [ -96.247310249530003, 18.656771880317354 ], [ -96.257964770161635, 18.658064029656462 ], [ -96.27491176977108, 18.668130600426323 ], [ -96.282168739846654, 18.668042050102578 ], [ -96.289695750282291, 18.660376199752331 ], [ -96.290768199726941, 18.663434939628193 ], [ -96.299713549765826, 18.662340079735586 ], [ -96.30958277017335, 18.66803771023757 ], [ -96.328651030130089, 18.667229049991203 ], [ -96.33479744969425, 18.677825259625305 ], [ -96.341415049563139, 18.678193080249258 ], [ -96.348586250469808, 18.686932029733196 ], [ -96.351707089586256, 18.686584949539377 ], [ -96.352410450200708, 18.691331520257542 ], [ -96.360738089977787, 18.695178660040966 ], [ -96.365896260258978, 18.694815629633112 ], [ -96.376404369873654, 18.687255019753263 ], [ -96.384169510275186, 18.691810150149177 ], [ -96.39043713968033, 18.69117506007392 ], [ -96.39447605976882, 18.68663843034934 ], [ -96.401384620086276, 18.689623679698716 ], [ -96.407052120118863, 18.686819089746017 ], [ -96.410660420182992, 18.688827919577129 ], [ -96.414899769558204, 18.683486620324718 ], [ -96.419121770284349, 18.686580970021538 ], [ -96.425187619712148, 18.684791540254228 ], [ -96.432316629683214, 18.687656650402143 ], [ -96.436063449670499, 18.703291920320542 ], [ -96.426666650239852, 18.703905340397505 ], [ -96.42239131976811, 18.699597370418491 ], [ -96.42075367972221, 18.701636680205663 ], [ -96.422027800283828, 18.706479520416238 ], [ -96.436077430352981, 18.715422279632165 ], [ -96.436131050220922, 18.723247819648478 ], [ -96.433549460247278, 18.725212110387606 ], [ -96.43604384956852, 18.735737739882175 ], [ -96.430566520390741, 18.738922489731866 ], [ -96.427640229570898, 18.736376349602228 ], [ -96.424971090131137, 18.73965836985969 ], [ -96.419900369655352, 18.736784600371525 ], [ -96.418180520340911, 18.743361859683695 ], [ -96.424401179583739, 18.744915370061282 ], [ -96.423372689807806, 18.750207659971398 ], [ -96.405745880026913, 18.746046309654275 ], [ -96.399167419676232, 18.752282800031562 ], [ -96.400154709562628, 18.757423519775088 ], [ -96.415179150482786, 18.761228769736217 ], [ -96.416318350326478, 18.767793020401886 ], [ -96.421830019778881, 18.770788509867284 ], [ -96.419294149628811, 18.773017060135437 ], [ -96.391556620328657, 18.784081829740988 ], [ -96.371744199719203, 18.787729309676614 ], [ -96.36630271985058, 18.785622660283739 ], [ -96.356492400303068, 18.792955709746472 ], [ -96.339882720381496, 18.787819280116651 ], [ -96.340819090414328, 18.798669199791696 ], [ -96.337516219964002, 18.795305540110519 ], [ -96.328073320301229, 18.794767399979577 ], [ -96.327319219949175, 18.790033049561433 ], [ -96.318492309910283, 18.792359000256774 ], [ -96.305469290244602, 18.784236420433345 ], [ -96.297074799697484, 18.786052309852064 ], [ -96.279049800320522, 18.782447029744933 ], [ -96.267330320168512, 18.795159939624735 ], [ -96.269626419667034, 18.809821879909656 ], [ -96.262776770425305, 18.814731079701652 ], [ -96.258453290006059, 18.813826519862307 ], [ -96.251386550174161, 18.820248860307984 ], [ -96.249043939669036, 18.818626489842767 ], [ -96.243539819757885, 18.827381149977164 ], [ -96.228583419780207, 18.830890630121662 ], [ -96.220304349867632, 18.828283429787582 ], [ -96.212392919689108, 18.839535889779256 ], [ -96.203096019692197, 18.837824519689281 ], [ -96.204280000459534, 18.833448420095902 ], [ -96.196013229965814, 18.832528029613538 ], [ -96.190579859871008, 18.839926659901515 ], [ -96.19226909003379, 18.845177649748152 ], [ -96.18998070958402, 18.845969280269493 ], [ -96.187008879760754, 18.840423910163825 ], [ -96.1804240896913, 18.845455540400135 ], [ -96.174908169928884, 18.844610350304343 ], [ -96.171252249570088, 18.849351079988622 ], [ -96.170242479829071, 18.844639749984303 ], [ -96.164318230247602, 18.846292520103407 ], [ -96.156737380137614, 18.839628370223291 ], [ -96.149979020161837, 18.839492049651241 ], [ -96.14620645040857, 18.841840750379838 ], [ -96.14067615024382, 18.857210479837608 ], [ -96.132362459959751, 18.85954614967272 ], [ -96.120354579868149, 18.896992570014397 ], [ -96.100607419627167, 18.893075249811361 ], [ -96.095254079632866, 18.895131689743529 ], [ -96.101613170237002, 18.899212769612319 ], [ -96.100201549833756, 18.913703979867986 ], [ -96.092996319944888, 18.916964910295153 ], [ -96.091169739603373, 18.911172579860057 ], [ -96.086200650290152, 18.93030703013191 ], [ -96.082829110314023, 18.936405999972362 ], [ -96.080560460311688, 18.934833780368969 ], [ -96.08254371986942, 18.936585059618483 ], [ -96.074953940424805, 18.949710629867539 ], [ -96.07037766007754, 18.949989340048599 ] ] ] } },
{ "type": "Feature", "properties": { "code": "30110", "stateCode": "30", "municipalityCode": "110", "name": "Mixtla de Altamirano" }, "geometry": { "type": "Polygon", "coordinates": [ [ [ -96.958210319935787, 18.649645379946204 ], [ -96.950181310111645, 18.647280850319497 ], [ -96.947931340166761, 18.640920309641629 ], [ -96.949038620426208, 18.631663849828922 ], [ -96.955414379968914, 18.62512775027114 ], [ -96.94413748005293, 18.622081050084581 ], [ -96.942958770166726, 18.616240310096661 ], [ -96.936740830245213, 18.612623140053881 ], [ -96.935625180379517, 18.593343419642832 ], [ -96.928610950004497, 18.586535969997815 ], [ -96.935649430238868, 18.580094580312672 ], [ -96.93262603015738, 18.578789050098795 ], [ -96.932363229798, 18.573996799805826 ], [ -96.944453419831802, 18.567197880366734 ], [ -96.938952349750352, 18.562278940211591 ], [ -96.941603310237539, 18.554380050143639 ], [ -96.953871739890218, 18.564330860288159 ], [ -96.954932170323929, 18.560310750003527 ], [ -96.966763829756417, 18.553661230095535 ], [ -96.989536779598453, 18.55441573979779 ], [ -97.002449340308956, 18.558767880243643 ], [ -97.005293579845642, 18.566498170206302 ], [ -97.013985400489133, 18.563464579582273 ], [ -97.03065822004578, 18.572119739648379 ], [ -97.041506479772835, 18.584279339641299 ], [ -97.039577089782583, 18.58955923033546 ], [ -97.030916280269224, 18.590755550396075 ], [ -97.030086519601682, 18.588324779600331 ], [ -97.01868613963687, 18.586872680418889 ], [ -97.018197079537515, 18.593313720236907 ], [ -97.008954110027901, 18.592819150041912 ], [ -97.007985349854806, 18.597855089918369 ], [ -97.019142420399476, 18.599320579780528 ], [ -97.01771098001042, 18.612801879591661 ], [ -97.011522600374136, 18.615359819624945 ], [ -97.000263000131142, 18.608473449634836 ], [ -96.98986435020619, 18.613227650399057 ], [ -96.991210489641347, 18.618142649553903 ], [ -96.984983519844349, 18.623569430384588 ], [ -96.980497826798953, 18.618253657686715 ], [ -96.975366860156953, 18.618203200391918 ], [ -96.973763709824112, 18.629216739707498 ], [ -96.964063780318284, 18.62795222990632 ], [ -96.955935690136258, 18.632438049626106 ], [ -96.974579220182761, 18.639664950144383 ], [ -96.976872600374207, 18.644889000151359 ], [ -96.958210319935787, 18.649645379946204 ] ] ] } },
{ "type": "Feature", "properties": { "code": "30111", "stateCode": "30", "municipalityCode": "111", "name": "Moloacán" }, "geometry": { "type": "Polygon", "coordinates": [ [ [ -94.312562619956466, 18.096116030295153 ], [ -94.300682950034997, 18.094986770441434 ], [ -94.298846850325063, 18.087323570429049 ], [ -94.290977059946698, 18.083491770365505 ], [ -94.290364060096792, 18.076296939903365 ], [ -94.285917090084439, 18.073455180002689 ], [ -94.268097310427748, 18.076185419881874 ], [ -94.25630234037456, 18.069236339928079 ], [ -94.265081489770978, 18.065355419698818 ], [ -94.27638811022355, 18.06971963017903 ], [ -94.273524679781687, 18.06307047962795 ], [ -94.282427970200189, 18.061974599681303 ], [ -94.278731749775005, 18.055180849663472 ], [ -94.273684650106873, 18.053632740020117 ], [ -94.275137000355755, 18.050983400173912 ], [ -94.258882740210169, 18.047353150186396 ], [ -94.251283539939507, 18.051143749878687 ], [ -94.235280250302679, 18.050725379926146 ], [ -94.23260744968762, 18.045026540367481 ], [ -94.217906680179027, 18.040413200166277 ], [ -94.220690680247131, 18.020323369965556 ], [ -94.211588800189077, 18.018317859631878 ], [ -94.217677909929151, 18.012517459551226 ], [ -94.219197479869266, 18.00017431015662 ], [ -94.212898459977566, 17.996688620161876 ], [ -94.208392720363022, 17.998375950148745 ], [ -94.204734230237349, 17.991385430059129 ], [ -94.197315340055269, 17.989691480341641 ], [ -94.208899999555015, 17.973245580120672 ], [ -94.217095140206609, 17.969585140168938 ], [ -94.217846149945188, 17.964200049660601 ], [ -94.209407139721606, 17.958831659856564 ], [ -94.207960369645591, 17.950277769547878 ], [ -94.211332280113297, 17.943931110370865 ], [ -94.219201479622882, 17.940387140244116 ], [ -94.222836199786983, 17.942435580172255 ], [ -94.222801649861026, 17.937797180010985 ], [ -94.226394710139587, 17.937899879896094 ], [ -94.226284229646964, 17.930826780382279 ], [ -94.229243949819903, 17.932933400094242 ], [ -94.229203259615772, 17.9287131996631 ], [ -94.231536460044623, 17.928612399931087 ], [ -94.234686749813662, 17.916614450119365 ], [ -94.241031350163937, 17.916169520020674 ], [ -94.241741140118179, 17.90913770976864 ], [ -94.250401780019615, 17.902024280360582 ], [ -94.25110380015974, 17.896896860106164 ], [ -94.258866050154239, 17.888889999923084 ], [ -94.263456629828198, 17.890664819642918 ], [ -94.26723922991242, 17.887813910239029 ], [ -94.287028690260868, 17.894288690391445 ], [ -94.293679020223792, 17.904699850325557 ], [ -94.298849489770618, 17.902990339828321 ], [ -94.30205095004753, 17.910874889801875 ], [ -94.339903540046151, 17.904477709697098 ], [ -94.339704180389901, 17.908305059650299 ], [ -94.352608600424588, 17.913339829594786 ], [ -94.352908570281272, 17.91689923018442 ], [ -94.34966778027696, 17.915963400053865 ], [ -94.350355339640103, 17.927066109786317 ], [ -94.353817339580502, 17.927107800016984 ], [ -94.35793271021835, 17.949459649833138 ], [ -94.360745649735634, 17.949464770276062 ], [ -94.360716249656562, 17.958374999876991 ], [ -94.363526020240243, 17.958423539853822 ], [ -94.364139849749222, 17.973674980237369 ], [ -94.367173400248689, 17.973730110048884 ], [ -94.36703564987323, 17.977982089894866 ], [ -94.372883629835655, 17.984854170106196 ], [ -94.359171749744007, 17.991383169940487 ], [ -94.354230769861275, 18.004874890236248 ], [ -94.351841749706551, 18.003158089933393 ], [ -94.350683650224397, 18.006783830020947 ], [ -94.345225089844917, 18.002934909850069 ], [ -94.340439479711307, 18.009507979601242 ], [ -94.336838720295987, 18.00698498017778 ], [ -94.333167050204153, 18.009053659973894 ], [ -94.335621939826524, 18.027625659627699 ], [ -94.332640940456642, 18.035446340023753 ], [ -94.325826449554384, 18.04010348957754 ], [ -94.323088219958322, 18.047913349859499 ], [ -94.320414949664865, 18.047521260243027 ], [ -94.318444060189194, 18.057569680396586 ], [ -94.337399649802308, 18.064976450086149 ], [ -94.321570569781628, 18.075346119547987 ], [ -94.312562619956466, 18.096116030295153 ] ] ] } },
{ "type": "Feature", "properties": { "code": "30180", "stateCode": "30", "municipalityCode": "180", "name": "Tlachichilco" }, "geometry": { "type": "Polygon", "coordinates": [ [ [ -98.140982509544543, 20.741677019939072 ], [ -98.137637140414597, 20.7382671699065 ], [ -98.138232060091113, 20.733931139887204 ], [ -98.129668940028395, 20.728779459778472 ], [ -98.13854328967156, 20.724150029600555 ], [ -98.134880000047161, 20.720265370098829 ], [ -98.148236940449351, 20.698624519864786 ], [ -98.141555149751042, 20.692190020204119 ], [ -98.137782340251675, 20.693286799671181 ], [ -98.12608414038327, 20.688191120092508 ], [ -98.129114779789134, 20.681432340375483 ], [ -98.11910035006602, 20.687063050126113 ], [ -98.115541179639592, 20.677141280254261 ], [ -98.119964709836424, 20.678020260223779 ], [ -98.126968089750818, 20.667160780435395 ], [ -98.119611659907633, 20.663657050095239 ], [ -98.12014762015373, 20.661018969787769 ], [ -98.126498680007302, 20.661630349854459 ], [ -98.125425799934263, 20.657040349711565 ], [ -98.129739520144227, 20.656546889941662 ], [ -98.126839569740383, 20.65392682962819 ], [ -98.130880140022242, 20.643146690086844 ], [ -98.123280200327329, 20.635699450322843 ], [ -98.126999169526371, 20.633193819741987 ], [ -98.120768290473777, 20.626502429687452 ], [ -98.119896419830312, 20.620016689585057 ], [ -98.115492550263141, 20.616731379782706 ], [ -98.112048719894759, 20.618251979588532 ], [ -98.108028249826688, 20.612079771329363 ], [ -98.114976750405305, 20.600103860789968 ], [ -98.126905969761708, 20.597267200664831 ], [ -98.118723579982969, 20.594129310524604 ], [ -98.123726889495217, 20.592119970811908 ], [ -98.12140048981037, 20.586395570605461 ], [ -98.130187979612671, 20.590931250959915 ], [ -98.130431430441419, 20.584454000937196 ], [ -98.135389819858275, 20.581922940742004 ], [ -98.147736430001416, 20.562661800754011 ], [ -98.15371825000426, 20.56522083105726 ], [ -98.152183250115328, 20.554515510951575 ], [ -98.158149060010004, 20.550261800929619 ], [ -98.158043019533665, 20.542561280775374 ], [ -98.164446370150102, 20.541190570763437 ], [ -98.172893710260482, 20.52971563056888 ], [ -98.185621829696572, 20.527565630558325 ], [ -98.188772089495274, 20.523095690948693 ], [ -98.203958059565679, 20.527864121302283 ], [ -98.210372339988467, 20.526060850633357 ], [ -98.2118651799166, 20.528634420572544 ], [ -98.228694049790221, 20.520834721059312 ], [ -98.232479740344189, 20.514241370517698 ], [ -98.230322349665016, 20.510541340478653 ], [ -98.240404689545286, 20.500937951037425 ], [ -98.246030909586608, 20.504299860573266 ], [ -98.247289289508544, 20.501202580455388 ], [ -98.255773739623507, 20.499940121266867 ], [ -98.263650920199041, 20.491369859577336 ], [ -98.291160050391369, 20.502353420171101 ], [ -98.284342719975569, 20.524226029732571 ], [ -98.280412380409757, 20.523403779875711 ], [ -98.268972820262334, 20.531638859593468 ], [ -98.257727720260917, 20.532296949865685 ], [ -98.249002740191656, 20.550542220146667 ], [ -98.242194739908058, 20.55257320017056 ], [ -98.243280059737188, 20.556655319957464 ], [ -98.237939950282637, 20.560579170265829 ], [ -98.242242169925106, 20.564962079764086 ], [ -98.238696030223878, 20.566823200116634 ], [ -98.24167494988103, 20.571131029973838 ], [ -98.237916909603641, 20.573967320050958 ], [ -98.237897419583746, 20.5840307803524 ], [ -98.241165620054247, 20.587005110128437 ], [ -98.235403540220702, 20.59798358012856 ], [ -98.237286140101347, 20.59962922043055 ], [ -98.230938909685108, 20.605343449877218 ], [ -98.232594050266528, 20.6089773096096 ], [ -98.228102819789854, 20.615017230119143 ], [ -98.230431320200282, 20.61724685007577 ], [ -98.226477249758304, 20.618150940365165 ], [ -98.222522659993231, 20.63450461987193 ], [ -98.216301339996221, 20.635665480148731 ], [ -98.214438739551966, 20.640834289771117 ], [ -98.213101290489533, 20.635796459669461 ], [ -98.208768060412439, 20.636917510240746 ], [ -98.21099894989527, 20.647639919751036 ], [ -98.207267119537406, 20.64915039993441 ], [ -98.206954490355997, 20.6533217801856 ], [ -98.204058089873797, 20.65212277019312 ], [ -98.20472094979786, 20.655881880334135 ], [ -98.199429690315085, 20.65983337965066 ], [ -98.200368380221022, 20.666720349707493 ], [ -98.195601909813291, 20.670739339826579 ], [ -98.201020279725512, 20.681602109539785 ], [ -98.202317029658644, 20.672668909618896 ], [ -98.21207091962161, 20.680145449908853 ], [ -98.202594629758792, 20.686982000068848 ], [ -98.201018820105631, 20.698933799735407 ], [ -98.194010519921164, 20.696913260116059 ], [ -98.192691049682921, 20.701680380013585 ], [ -98.186529600487191, 20.703305539783081 ], [ -98.18696636960351, 20.707611320099979 ], [ -98.181069540003151, 20.71647188970319 ], [ -98.184387289609759, 20.719697769744588 ], [ -98.182445219969509, 20.723843199647273 ], [ -98.191565079803198, 20.732648340084083 ], [ -98.181506850068757, 20.740723510182534 ], [ -98.172258279532173, 20.736169570325259 ], [ -98.170959080448327, 20.732549909612004 ], [ -98.168196970061061, 20.733840109938665 ], [ -98.168494250290493, 20.738317490209166 ], [ -98.140982509544543, 20.741677019939072 ] ] ] } },
{ "type": "Feature", "properties": { "code": "30178", "stateCode": "30", "municipalityCode": "178", "name": "Tlacotalpan" }, "geometry": { "type": "Polygon", "coordinates": [ [ [ -95.634617119786554, 18.707236060375234 ], [ -95.627962379612782, 18.693636919871846 ], [ -95.610814969556742, 18.695902430276004 ], [ -95.594316200101986, 18.692046619622293 ], [ -95.583170800063598, 18.681006739553371 ], [ -95.575430599603408, 18.666243169544739 ], [ -95.557723220354063, 18.661994399593695 ], [ -95.550703109978642, 18.653368149941166 ], [ -95.555862289977796, 18.650613719770547 ], [ -95.561442660110956, 18.640756679576967 ], [ -95.551155170198683, 18.62141612007408 ], [ -95.568383519756026, 18.611853679793143 ], [ -95.5717757399741, 18.614901549870115 ], [ -95.575313619899376, 18.607434380302653 ], [ -95.581701939532635, 18.602868710266254 ], [ -95.580770449821415, 18.595298080177791 ], [ -95.576711060173778, 18.594839919657538 ], [ -95.580243770204873, 18.590459050268262 ], [ -95.573860819808502, 18.589547290100676 ], [ -95.571915650373413, 18.582412429832136 ], [ -95.566776509672309, 18.581087250293326 ], [ -95.566861829655963, 18.569305350302063 ], [ -95.573332890035061, 18.561145849610611 ], [ -95.57070771024172, 18.558422580132952 ], [ -95.571749309907077, 18.552359230004516 ], [ -95.562931429584893, 18.551044200386734 ], [ -95.553206629653403, 18.543962920339993 ], [ -95.550267219732689, 18.535068149879439 ], [ -95.544080660165378, 18.533895919999562 ], [ -95.539962109881699, 18.521669460442354 ], [ -95.535205660184999, 18.520080420439413 ], [ -95.535825139530147, 18.514388820156782 ], [ -95.532891450309904, 18.512155430013063 ], [ -95.540557830372464, 18.512313579873435 ], [ -95.539021049944253, 18.505179379774628 ], [ -95.542335279622804, 18.498770289749448 ], [ -95.536788350157863, 18.498613250349401 ], [ -95.534227850381598, 18.48723764965554 ], [ -95.538386800087849, 18.481266019999627 ], [ -95.545000260189823, 18.480262450117149 ], [ -95.53335040030521, 18.477422860274331 ], [ -95.528823800280648, 18.471226089623059 ], [ -95.52534215008528, 18.473657690038067 ], [ -95.528090739525169, 18.464317720323411 ], [ -95.530995889877886, 18.469488349736409 ], [ -95.535511139702606, 18.463194620092867 ], [ -95.517893479918996, 18.458329020372481 ], [ -95.521374139691119, 18.441676140051083 ], [ -95.516100489590613, 18.434416539806051 ], [ -95.517184659560797, 18.430511459801746 ], [ -95.510221890265157, 18.42654006000852 ], [ -95.511852049695989, 18.422043399863028 ], [ -95.516796090178261, 18.426829979720583 ], [ -95.517798619632956, 18.415507769635163 ], [ -95.514876229866147, 18.41221508994645 ], [ -95.502982020234256, 18.413060349807896 ], [ -95.512856250085576, 18.406182890154071 ], [ -95.514247999890443, 18.397424800057625 ], [ -95.512428029513728, 18.386581970386324 ], [ -95.514863319619153, 18.385069169563632 ], [ -95.513272170472959, 18.379527919621562 ], [ -95.508993249793164, 18.377562619638727 ], [ -95.51325060039558, 18.37316262033314 ], [ -95.508484580164122, 18.367172830088151 ], [ -95.526260740132642, 18.361864880192478 ], [ -95.522838180409295, 18.349345679925229 ], [ -95.526536649924722, 18.34132669010771 ], [ -95.524447279622706, 18.33632369018185 ], [ -95.526975219833659, 18.334874750052528 ], [ -95.538239680166683, 18.334840680015386 ], [ -95.543673380166624, 18.337968250190027 ], [ -95.552268250377821, 18.364058380033203 ], [ -95.565234149522354, 18.35981680038832 ], [ -95.577292570333668, 18.363210749946987 ], [ -95.594073770263464, 18.354419280239359 ], [ -95.594058379653973, 18.360896680100417 ], [ -95.597729249760164, 18.364557799754373 ], [ -95.604815259851677, 18.364658200380671 ], [ -95.610138619930623, 18.360768549795658 ], [ -95.612696490404744, 18.362440229937047 ], [ -95.617587369947287, 18.371410579809801 ], [ -95.614165710021169, 18.385727319909545 ], [ -95.632430680453822, 18.383038340400006 ], [ -95.626819110040216, 18.408009219711396 ], [ -95.632126459513728, 18.421958720424282 ], [ -95.647919800175956, 18.434174570267921 ], [ -95.639533140430601, 18.437963150329288 ], [ -95.647082630353495, 18.448858829569748 ], [ -95.658358860293419, 18.451271510274761 ], [ -95.664701780120893, 18.458222709732524 ], [ -95.66281987977419, 18.465668779879486 ], [ -95.6664259696485, 18.470820649973099 ], [ -95.669410380451652, 18.470351139794502 ], [ -95.671396830284266, 18.480873650368768 ], [ -95.676478920214123, 18.481773689749311 ], [ -95.683066429805208, 18.495241580331516 ], [ -95.699090720197844, 18.504580429901942 ], [ -95.701692969889848, 18.512526779597298 ], [ -95.717444420144076, 18.523897629660713 ], [ -95.729050739924929, 18.544583850313469 ], [ -95.738911050273089, 18.536219179578548 ], [ -95.741828630374641, 18.538553030089826 ], [ -95.754387830398286, 18.53483519965647 ], [ -95.759105170469866, 18.537868859995768 ], [ -95.759931879680011, 18.54382711980935 ], [ -95.765559149820888, 18.546248309963335 ], [ -95.758511249938124, 18.553110400103442 ], [ -95.754423380069809, 18.565908030087343 ], [ -95.751551509774046, 18.56613852019575 ], [ -95.753645229896236, 18.568394340378141 ], [ -95.748289980326092, 18.588719279808995 ], [ -95.752085289530086, 18.597147510163452 ], [ -95.750530370189054, 18.600092429839048 ], [ -95.745325049696376, 18.603475619954338 ], [ -95.736189979781116, 18.599626939838643 ], [ -95.720259579938073, 18.617490799764244 ], [ -95.724611780432255, 18.622137980017811 ], [ -95.72063607958475, 18.626483660418664 ], [ -95.725237019572489, 18.636937920382863 ], [ -95.723321250154669, 18.659072000407878 ], [ -95.72600964967576, 18.666024350025157 ], [ -95.717594939651661, 18.669591279709486 ], [ -95.715979030065967, 18.677825109851845 ], [ -95.693139289839152, 18.674575079563027 ], [ -95.67869017025825, 18.683279280281045 ], [ -95.670958710132865, 18.682214539726594 ], [ -95.662164860260617, 18.687245020008227 ], [ -95.656194060035446, 18.68691922993257 ], [ -95.646883489734364, 18.695895859909161 ], [ -95.636945050187421, 18.695550549737337 ], [ -95.634617119786554, 18.707236060375234 ] ] ] } },
{ "type": "Feature", "properties": { "code": "30175", "stateCode": "30", "municipalityCode": "175", "name": "Tihuatlán" }, "geometry": { "type": "Polygon", "coordinates": [ [ [ -97.491839980230893, 20.866197370446255 ], [ -97.469960150418487, 20.862660880309932 ], [ -97.473167550407595, 20.851528029963863 ], [ -97.464886219543473, 20.857617230414647 ], [ -97.464459879892786, 20.852264259636819 ], [ -97.457055629603019, 20.847830139604998 ], [ -97.457704319756559, 20.833672449998055 ], [ -97.461771310319506, 20.828716089802789 ], [ -97.47892934034256, 20.841603229834249 ], [ -97.484196119532484, 20.834101570025837 ], [ -97.481143080366678, 20.828981570348365 ], [ -97.488519229863655, 20.83399125959766 ], [ -97.495095000340285, 20.831878490378756 ], [ -97.498334829786373, 20.822657849619976 ], [ -97.497615909904084, 20.819618029888332 ], [ -97.478856739562971, 20.819437969692505 ], [ -97.481489919575253, 20.809006430206502 ], [ -97.477930719884753, 20.806482350213901 ], [ -97.479828249659064, 20.798801820089231 ], [ -97.473834510438152, 20.791075370096269 ], [ -97.476128089910773, 20.786911370421109 ], [ -97.470803600447596, 20.784559659877505 ], [ -97.46712367956799, 20.775694080020411 ], [ -97.460556170369983, 20.775018950452768 ], [ -97.459567149534735, 20.771038149868218 ], [ -97.467996660100056, 20.75877874023767 ], [ -97.464422829796547, 20.755762089777679 ], [ -97.45887169035818, 20.759877350222833 ], [ -97.442435110100618, 20.745240430328803 ], [ -97.437712749924046, 20.750807979865044 ], [ -97.429501889639269, 20.745126690150475 ], [ -97.430133659944659, 20.741202110154504 ], [ -97.421316020162323, 20.741925709895543 ], [ -97.423736380037539, 20.73873209006911 ], [ -97.418809949731937, 20.735970829546211 ], [ -97.414640399604309, 20.741486509558904 ], [ -97.408618340229665, 20.739231170022563 ], [ -97.405100109881019, 20.724444419850396 ], [ -97.410185709776357, 20.721012570100637 ], [ -97.406495379880425, 20.71060406017321 ], [ -97.395583199721585, 20.705377090196645 ], [ -97.395208580109525, 20.699809029577818 ], [ -97.384786689660601, 20.689809460397168 ], [ -97.381002750170524, 20.699389830458987 ], [ -97.365473030083919, 20.680180050168701 ], [ -97.376930819909305, 20.675818340421522 ], [ -97.370821750450006, 20.67046081990571 ], [ -97.373279459943475, 20.659708579966633 ], [ -97.37895622953225, 20.656318320095782 ], [ -97.380533259983778, 20.64895585003643 ], [ -97.394112720347465, 20.64312753977681 ], [ -97.400872480150412, 20.634087830338991 ], [ -97.399451629803693, 20.627846080072853 ], [ -97.401965030093933, 20.622815879647366 ], [ -97.412737570260703, 20.625657600317457 ], [ -97.414124290150525, 20.622332850260086 ], [ -97.409995140125872, 20.614238370165648 ], [ -97.415996850203527, 20.615523620010698 ], [ -97.422407570426344, 20.604611710406807 ], [ -97.438542999612991, 20.599617569972111 ], [ -97.44090357045593, 20.595335650397924 ], [ -97.43882434030381, 20.589918619865742 ], [ -97.449962459825599, 20.58179791954251 ], [ -97.447315310026127, 20.578467110296312 ], [ -97.442015510106302, 20.580554369736973 ], [ -97.440888660322372, 20.577482400237788 ], [ -97.448270550413284, 20.560742860283412 ], [ -97.454086060232655, 20.55978127979601 ], [ -97.454782229723321, 20.553222510389901 ], [ -97.481772489946493, 20.538499089930895 ], [ -97.48306634083005, 20.533590320228619 ], [ -97.478205149779825, 20.525703740183552 ], [ -97.495128080214982, 20.498072520000072 ], [ -97.499308249812756, 20.496633079778135 ], [ -97.502535019957534, 20.500531450017128 ], [ -97.509508909739779, 20.497573979570507 ], [ -97.516246780163343, 20.504090020440987 ], [ -97.519485369876278, 20.501273109656069 ], [ -97.517463889042546, 20.498434020237404 ], [ -97.520082649932675, 20.490746939674743 ], [ -97.531366539987133, 20.484023620259574 ], [ -97.538794119955085, 20.489482719690656 ], [ -97.541802149557697, 20.488513459835822 ], [ -97.552077950131391, 20.507361630455488 ], [ -97.553570830109962, 20.504539849976783 ], [ -97.55494826027136, 20.510395660017405 ], [ -97.574630950053503, 20.532290249983017 ], [ -97.578871770333521, 20.538407659679539 ], [ -97.574992279639673, 20.543343219947076 ], [ -97.583530860461693, 20.548298290142775 ], [ -97.58324581989018, 20.551646490265107 ], [ -97.589321890126044, 20.556461320341686 ], [ -97.587953020229449, 20.561070259840815 ], [ -97.589952770247564, 20.55614967993349 ], [ -97.610075780383667, 20.563907030170313 ], [ -97.625435659802932, 20.563576939969639 ], [ -97.62543601955916, 20.558435080124752 ], [ -97.636664509851727, 20.553711720196603 ], [ -97.637733460295308, 20.558986309979062 ], [ -97.648196490223484, 20.56631219974394 ], [ -97.657747769670934, 20.555471980152554 ], [ -97.657294319644748, 20.545068750179038 ], [ -97.676323460110723, 20.555458860052862 ], [ -97.684771910025518, 20.554261200355096 ], [ -97.680461419838608, 20.567148310354913 ], [ -97.68453733957719, 20.569458200125002 ], [ -97.684056450029004, 20.57251017022811 ], [ -97.701903149643996, 20.57186632023862 ], [ -97.693419080177264, 20.602680680401544 ], [ -97.704837399753771, 20.601664710416081 ], [ -97.707551649903962, 20.605845429912979 ], [ -97.711285940019238, 20.604543380023205 ], [ -97.710536489613176, 20.608671249936531 ], [ -97.715393980312726, 20.609084799600151 ], [ -97.712653029667365, 20.620350169945727 ], [ -97.707551679664405, 20.622893019953011 ], [ -97.707999449560688, 20.626396220253906 ], [ -97.704923949616912, 20.625127980140626 ], [ -97.702301949543397, 20.641113720190326 ], [ -97.693176430391645, 20.642874949636084 ], [ -97.690922229647597, 20.639859229540676 ], [ -97.681827080450844, 20.639804120461331 ], [ -97.681941319964423, 20.636950799867559 ], [ -97.666243319562355, 20.639653200217015 ], [ -97.658424940301813, 20.637933509927446 ], [ -97.657647680004345, 20.641270579960306 ], [ -97.665289149901142, 20.641351689775572 ], [ -97.665520569932028, 20.647961550194271 ], [ -97.65902625953342, 20.648295059697237 ], [ -97.662580619974435, 20.652283689835617 ], [ -97.66142802968902, 20.658198710124879 ], [ -97.653440950245866, 20.654109490303465 ], [ -97.653766630079147, 20.656635350390658 ], [ -97.646156029775128, 20.657839420183738 ], [ -97.64324420015339, 20.655504979982293 ], [ -97.637532829704554, 20.65885922037382 ], [ -97.631931819566645, 20.656048939695726 ], [ -97.631800180243459, 20.662269979930112 ], [ -97.624093450470369, 20.666233480212775 ], [ -97.625888539532696, 20.669451260135634 ], [ -97.616460920249992, 20.667011109782546 ], [ -97.612784999931478, 20.670525110186997 ], [ -97.606166369665203, 20.67068740000493 ], [ -97.612331720199904, 20.67832555015184 ], [ -97.610846549589951, 20.688058889712302 ], [ -97.617595229973134, 20.687424399774436 ], [ -97.616794800468895, 20.691986739814265 ], [ -97.610407540382297, 20.690743750119218 ], [ -97.609556449745085, 20.695907170076669 ], [ -97.599479229827423, 20.697554080141892 ], [ -97.606114629605187, 20.703483220038947 ], [ -97.599941770067574, 20.705288339942008 ], [ -97.602308850324846, 20.715517060176683 ], [ -97.598714620320862, 20.719520170018747 ], [ -97.601681629967047, 20.728396140030604 ], [ -97.596675779540988, 20.740567579862425 ], [ -97.6016875400815, 20.74131698007259 ], [ -97.604343200310183, 20.747452969598772 ], [ -97.591841820351348, 20.745057200155006 ], [ -97.591173650337225, 20.753145170348922 ], [ -97.586022050420553, 20.755938819833034 ], [ -97.588141180215018, 20.763677179686749 ], [ -97.582651909613062, 20.772133110092394 ], [ -97.585902089929576, 20.773882679715047 ], [ -97.57878786016893, 20.788485950217527 ], [ -97.580439249739428, 20.792518399667369 ], [ -97.574848860066339, 20.796174629654139 ], [ -97.585756880329029, 20.801982820021571 ], [ -97.588038480093132, 20.811670020431041 ], [ -97.582374779680123, 20.814793199884583 ], [ -97.573551619648924, 20.812792720414905 ], [ -97.571692400404487, 20.8187355200746 ], [ -97.569405259526192, 20.820808910225917 ], [ -97.568485510405608, 20.817594029957565 ], [ -97.564546649607223, 20.818385120106569 ], [ -97.559324139523369, 20.826765350064992 ], [ -97.557625629969039, 20.820798880004606 ], [ -97.542411679747289, 20.818266460216321 ], [ -97.541663719729129, 20.822230719868323 ], [ -97.530343000428118, 20.823328979785288 ], [ -97.51947957986215, 20.837660379879708 ], [ -97.529514420188761, 20.846558739622616 ], [ -97.527898379805052, 20.8578606295731 ], [ -97.522250909580919, 20.854232280251878 ], [ -97.518664340412229, 20.859460230180634 ], [ -97.514188940288662, 20.854002920165922 ], [ -97.513808819570613, 20.859353369946767 ], [ -97.506525490139879, 20.846123550412159 ], [ -97.497844029708929, 20.839746120177992 ], [ -97.494103910331248, 20.84139541960354 ], [ -97.491188310452458, 20.849620139628644 ], [ -97.491839980230893, 20.866197370446255 ] ] ] } },
{ "type": "Feature", "properties": { "code": "30201", "stateCode": "30", "municipalityCode": "201", "name": "Zongolica" }, "geometry": { "type": "Polygon", "coordinates": [ [ [ -96.9370106498517, 18.781588230132982 ], [ -96.928066619538242, 18.780724520141014 ], [ -96.927790630471975, 18.77388067978594 ], [ -96.931195620170612, 18.765975659566326 ], [ -96.937367460215484, 18.766747479639275 ], [ -96.937524280445743, 18.755110620445361 ], [ -96.915344779565572, 18.760970969917253 ], [ -96.901966309901312, 18.751410980142808 ], [ -96.895698569720381, 18.75062246009907 ], [ -96.895760259954102, 18.743640419687999 ], [ -96.892953629548757, 18.742143200401173 ], [ -96.88489943045596, 18.744946350012082 ], [ -96.889733889965939, 18.725360179904317 ], [ -96.898006970167586, 18.718817620432255 ], [ -96.886564999925142, 18.716049999844046 ], [ -96.885184999845734, 18.702429999704144 ], [ -96.876607289533908, 18.696267170295211 ], [ -96.885255890054552, 18.691545909764073 ], [ -96.884175000462449, 18.688497829737607 ], [ -96.888325219863731, 18.684223850369701 ], [ -96.875751619920962, 18.68692912044661 ], [ -96.86652888995765, 18.675679350081055 ], [ -96.868099379765255, 18.664678999767787 ], [ -96.863523859668419, 18.654375460131348 ], [ -96.87203268967157, 18.651325420051734 ], [ -96.881449799926912, 18.640385859661659 ], [ -96.878361430015985, 18.635580880451244 ], [ -96.880272619697337, 18.625177259637184 ], [ -96.875684350190099, 18.621229940303479 ], [ -96.861285370134681, 18.629795419977121 ], [ -96.863698679878709, 18.620919220294759 ], [ -96.861580850405616, 18.609539519865564 ], [ -96.852296509675796, 18.610256280406034 ], [ -96.849470710109216, 18.600224060011048 ], [ -96.844265419687346, 18.598667740402075 ], [ -96.844425400395906, 18.592358430198331 ], [ -96.841083859772056, 18.594416999900734 ], [ -96.84079421974532, 18.589749980032074 ], [ -96.835889449964313, 18.59267665012155 ], [ -96.834114509993384, 18.58993253978322 ], [ -96.836442079563511, 18.572330650355731 ], [ -96.842511079615051, 18.556911400204953 ], [ -96.840561170526456, 18.553429071814147 ], [ -96.858554718978638, 18.541807569423085 ], [ -96.875813920395984, 18.538648101764224 ], [ -96.863026629755893, 18.529886020130416 ], [ -96.871066979667177, 18.521913780132166 ], [ -96.877254110407407, 18.530659000281894 ], [ -96.875927460439755, 18.535088849728641 ], [ -96.878994890167704, 18.537482400263425 ], [ -96.885882750433282, 18.533443620261504 ], [ -96.899250980415701, 18.548647950068581 ], [ -96.906723829776055, 18.546846080443796 ], [ -96.909617549629644, 18.539809830377518 ], [ -96.925944780029383, 18.534925539712603 ], [ -96.95295763017414, 18.553898999969363 ], [ -96.964459719818919, 18.547032229772444 ], [ -96.965206310225767, 18.541661829897784 ], [ -96.97680594975661, 18.543075399911974 ], [ -96.978166719896521, 18.5406780802114 ], [ -96.973787550375803, 18.536763519851455 ], [ -96.984818580302388, 18.531201940207801 ], [ -96.996240490250173, 18.528511970150777 ], [ -96.998917340351099, 18.531916460411033 ], [ -96.983941859771477, 18.546526120028069 ], [ -96.980339319628314, 18.544500919750956 ], [ -96.975598250401205, 18.546704229996649 ], [ -96.97272106002049, 18.550278650014182 ], [ -96.974428260211411, 18.553449769700443 ], [ -96.966763829756445, 18.553661230095585 ], [ -96.954932170323971, 18.56031075000347 ], [ -96.953871739890189, 18.564330860288145 ], [ -96.941603310237497, 18.554380050143624 ], [ -96.938952349750309, 18.562278940211556 ], [ -96.944453419831774, 18.567197880366717 ], [ -96.932363229798028, 18.573996799805876 ], [ -96.932626030157351, 18.578789050098795 ], [ -96.935649430238925, 18.580094580312618 ], [ -96.928610950004455, 18.586535969997815 ], [ -96.93562518037956, 18.593343419642881 ], [ -96.936740830245171, 18.612623140053834 ], [ -96.942958770166683, 18.61624031009671 ], [ -96.944137480052902, 18.622081050084631 ], [ -96.955414379968971, 18.625127750271091 ], [ -96.949038620426251, 18.631663849828907 ], [ -96.950181310111688, 18.647280850319529 ], [ -96.958596149739506, 18.649890020138358 ], [ -96.976872600374264, 18.644889000151323 ], [ -96.974579220182733, 18.639664950144333 ], [ -96.955935690136201, 18.632438049626145 ], [ -96.962869599693775, 18.628326970337419 ], [ -96.973763709824055, 18.629216739707552 ], [ -96.974622249650793, 18.634847339676107 ], [ -96.980208849619288, 18.636743769641772 ], [ -96.99649359954158, 18.626182580096771 ], [ -97.008280849952484, 18.636403380126549 ], [ -97.010303940032202, 18.633494250041039 ], [ -97.012800909756919, 18.636268849864763 ], [ -97.014892629676112, 18.634394259813391 ], [ -97.019433749913162, 18.650187979607189 ], [ -97.024228380206878, 18.655532740448123 ], [ -97.021024709524127, 18.658151830021044 ], [ -97.021397180335924, 18.668754199772685 ], [ -97.027656230415076, 18.671065520251819 ], [ -97.020355150344713, 18.679641199962042 ], [ -97.012767599717179, 18.680660709762723 ], [ -97.007987550254654, 18.686311170393889 ], [ -97.00969525005921, 18.692829480286132 ], [ -97.014573780461077, 18.695373739686438 ], [ -97.013917480342286, 18.703221779694768 ], [ -97.004057860213337, 18.700279260012781 ], [ -96.999404350462115, 18.70531451960316 ], [ -96.993119539602304, 18.703910289806213 ], [ -96.99516328009048, 18.709773399872141 ], [ -96.988128229621083, 18.714535749674376 ], [ -96.985870120132603, 18.72709034991647 ], [ -96.952961920145555, 18.752622940195483 ], [ -96.95461826045991, 18.757850179711401 ], [ -96.963625849541231, 18.764764290070509 ], [ -96.95962767983265, 18.768479979864257 ], [ -96.96280371995023, 18.770685680267196 ], [ -96.954921139945881, 18.777145820244201 ], [ -96.943687829538334, 18.777449249919986 ], [ -96.9370106498517, 18.781588230132982 ] ] ] } },
{ "type": "Feature", "properties": { "code": "30208", "stateCode": "30", "municipalityCode": "208", "name": "Carlos A. Carrillo" }, "geometry": { "type": "Polygon", "coordinates": [ [ [ -95.771591630059916, 18.438856289871545 ], [ -95.757180000143123, 18.438769019926536 ], [ -95.750655850392135, 18.42853585013674 ], [ -95.73636275039118, 18.424269229971898 ], [ -95.735216889763791, 18.422067820323594 ], [ -95.740587770066227, 18.419306659898961 ], [ -95.706972709753529, 18.402887019683348 ], [ -95.700349140269353, 18.39608192009765 ], [ -95.660064260011637, 18.377141150329862 ], [ -95.646160850418482, 18.374746480373258 ], [ -95.644884999635039, 18.361846889698281 ], [ -95.63970102990227, 18.356344419791487 ], [ -95.65995802045083, 18.348214049604323 ], [ -95.649246429645913, 18.348034800243582 ], [ -95.646458940320542, 18.342705080234126 ], [ -95.644495110362129, 18.345246949859558 ], [ -95.643320420068221, 18.344817630296092 ], [ -95.643286940001815, 18.337829509561764 ], [ -95.640702170392984, 18.337270489912054 ], [ -95.640928510385024, 18.3337259497854 ], [ -95.644484569818005, 18.337638779957285 ], [ -95.651654539725484, 18.336133999902614 ], [ -95.655847540412921, 18.322788180396447 ], [ -95.658683180379583, 18.323169380008643 ], [ -95.655603939556386, 18.318261949585516 ], [ -95.663520050327747, 18.315781599833898 ], [ -95.66150384959856, 18.308448220399047 ], [ -95.642344430370031, 18.304459220085889 ], [ -95.646234650077844, 18.296231230122832 ], [ -95.64117102044159, 18.295495649767147 ], [ -95.644668939650245, 18.279952430406155 ], [ -95.651915020300791, 18.280433800088971 ], [ -95.657362579814006, 18.276843249613659 ], [ -95.653956490008611, 18.262008620098435 ], [ -95.682999399680511, 18.250717830381749 ], [ -95.682515380164602, 18.237651540269958 ], [ -95.700200250447153, 18.236053750357307 ], [ -95.718341770215702, 18.214782690237392 ], [ -95.731948350106265, 18.220026370390002 ], [ -95.733291319601008, 18.224104200108247 ], [ -95.730377540283769, 18.225324709890931 ], [ -95.733555140112941, 18.226795889897545 ], [ -95.734215059912486, 18.232356509695823 ], [ -95.743054380229054, 18.230753850400735 ], [ -95.74714369042114, 18.23389862973475 ], [ -95.746243109811928, 18.237173259669785 ], [ -95.742317630429199, 18.233831739757967 ], [ -95.737588370199973, 18.235996849942573 ], [ -95.737968310260371, 18.239600169918823 ], [ -95.731655979663088, 18.236975029788351 ], [ -95.729233310183048, 18.240919619579202 ], [ -95.749214750149022, 18.244702719689794 ], [ -95.755158340137569, 18.251731969991724 ], [ -95.764134479780409, 18.274106000427246 ], [ -95.771686780288562, 18.276594710375129 ], [ -95.772801049818213, 18.269686119981504 ], [ -95.778947769899176, 18.268767890322962 ], [ -95.782100549820711, 18.281622740156951 ], [ -95.79237811016506, 18.286472109954651 ], [ -95.791447169592345, 18.290004859534683 ], [ -95.786122480071313, 18.288089089686398 ], [ -95.782418660059321, 18.293691180381693 ], [ -95.783475600142978, 18.308932660006334 ], [ -95.779809920228217, 18.309483519642555 ], [ -95.779240319804117, 18.301963939820507 ], [ -95.776609289762732, 18.300778109552084 ], [ -95.76864785039588, 18.306053460241014 ], [ -95.765363540181298, 18.31880126033332 ], [ -95.778180630374862, 18.334228919890258 ], [ -95.776899540208859, 18.359812650167893 ], [ -95.770713619777183, 18.359957430394765 ], [ -95.779374889913598, 18.375891820212654 ], [ -95.778555690169341, 18.399882799670131 ], [ -95.791333279938328, 18.417269850149872 ], [ -95.778916910435498, 18.418637179785041 ], [ -95.771591630059916, 18.438856289871545 ] ] ] } },
{ "type": "Feature", "properties": { "code": "30207", "stateCode": "30", "municipalityCode": "207", "name": "Tres Valles" }, "geometry": { "type": "Polygon", "coordinates": [ [ [ -96.120077739806021, 18.422796849958946 ], [ -96.1155272596272, 18.418738370335969 ], [ -96.112675749914345, 18.419845150037567 ], [ -96.11175460007334, 18.416096650454786 ], [ -96.10729977985514, 18.4166967100279 ], [ -96.104994019901014, 18.421734180220103 ], [ -96.09746462031714, 18.419793339952363 ], [ -96.091795379569533, 18.413561060088281 ], [ -96.083665800436663, 18.410420719906632 ], [ -96.07988112030344, 18.413351090195462 ], [ -96.074462250442878, 18.408969279915461 ], [ -96.060663089604702, 18.416062980055436 ], [ -96.044531620402864, 18.400245770335165 ], [ -96.038725479605844, 18.402048569699041 ], [ -96.037550050256542, 18.405479850219567 ], [ -96.032691290283438, 18.404539750022678 ], [ -96.024348739835759, 18.389494230003748 ], [ -96.01588727982292, 18.387933339758295 ], [ -96.016595380111795, 18.375413519950619 ], [ -96.033090110464087, 18.382515980230782 ], [ -96.036933140417361, 18.374288819798085 ], [ -96.035095320240018, 18.362748399807128 ], [ -96.043417619736871, 18.360553549876535 ], [ -96.044470630144573, 18.36474422022934 ], [ -96.05477520040418, 18.364593459857769 ], [ -96.05353768044786, 18.361193539780874 ], [ -96.058937219609064, 18.359493849883787 ], [ -96.057762780372258, 18.356066310418765 ], [ -96.060209259971174, 18.357356340094508 ], [ -96.066413149994005, 18.352188859918076 ], [ -96.064174910076133, 18.346473599994081 ], [ -96.066394490127166, 18.347253710423754 ], [ -96.068115259700974, 18.334522940311281 ], [ -96.078640119885264, 18.336854279637695 ], [ -96.090071780021702, 18.32677517009785 ], [ -96.088891420271167, 18.321899629723728 ], [ -96.091953089733849, 18.318601889862045 ], [ -96.083529079948946, 18.31429405965908 ], [ -96.082386319599252, 18.305296690302523 ], [ -96.07155259972447, 18.31453602007673 ], [ -96.05825316968361, 18.30398278010744 ], [ -96.059500049757474, 18.299061750162778 ], [ -96.057598800330979, 18.302374180214564 ], [ -96.058777750327863, 18.298481580021882 ], [ -96.055287769890981, 18.299807650227855 ], [ -96.055710910270008, 18.289900419915586 ], [ -96.069909059795094, 18.287761630000748 ], [ -96.067033480166074, 18.28388371978135 ], [ -96.07071577997479, 18.282983320305803 ], [ -96.069821050108771, 18.275189519949997 ], [ -96.072029430399994, 18.274633290051995 ], [ -96.064613219595344, 18.260846199977813 ], [ -96.060894199765627, 18.261312289983714 ], [ -96.059961519522915, 18.254799850127633 ], [ -96.053571049606902, 18.25164819998092 ], [ -96.065153829999403, 18.248929939909374 ], [ -96.062100889664848, 18.23970342959856 ], [ -96.078184149800521, 18.232465969615895 ], [ -96.080407430258248, 18.218700449661522 ], [ -96.069803260399681, 18.219676319817736 ], [ -96.069061319920664, 18.214140679837406 ], [ -96.074072849846615, 18.210169510342507 ], [ -96.078188799950212, 18.199833379863374 ], [ -96.085213139770801, 18.200905910190787 ], [ -96.089717150088291, 18.194955919805302 ], [ -96.097278649013845, 18.191902079837991 ], [ -96.103538369638954, 18.195417980334341 ], [ -96.104155140132619, 18.192106999982609 ], [ -96.118478139765429, 18.191745460148116 ], [ -96.118472829725334, 18.187119980059066 ], [ -96.122197540266498, 18.184624200332898 ], [ -96.122383829953378, 18.187884829794449 ], [ -96.138376769854389, 18.184764889855281 ], [ -96.139741430021758, 18.199274890442222 ], [ -96.149979920289383, 18.190617949660687 ], [ -96.154433510267751, 18.193552020399448 ], [ -96.158825970119636, 18.19153632039594 ], [ -96.157921170021254, 18.188993140318551 ], [ -96.173340260248153, 18.190425569790754 ], [ -96.171391120485794, 18.186417769587891 ], [ -96.203132979582733, 18.174875230767274 ], [ -96.217478089179309, 18.161967400508281 ], [ -96.231003050338089, 18.189726779572915 ], [ -96.243588689377304, 18.197103770814586 ], [ -96.26799354871909, 18.22445163035373 ], [ -96.266818058902786, 18.245662060926882 ], [ -96.281312819049447, 18.259134750540102 ], [ -96.288236709450757, 18.259761421288946 ], [ -96.283128908630644, 18.268900950037857 ], [ -96.276027878680551, 18.265809890577327 ], [ -96.277269829100106, 18.271403079791305 ], [ -96.269163920391676, 18.273984180496473 ], [ -96.273534290121262, 18.275534431188767 ], [ -96.273234998620637, 18.281055050884436 ], [ -96.278576148785319, 18.283818399614695 ], [ -96.273888539449814, 18.285915889635518 ], [ -96.277305980018127, 18.288097570748498 ], [ -96.277417519664382, 18.294015020375728 ], [ -96.270605849574622, 18.297444060223132 ], [ -96.273323750222744, 18.300540339570908 ], [ -96.285491599127823, 18.30168740126506 ], [ -96.284759948573168, 18.309396770225373 ], [ -96.294449660163352, 18.312428800310567 ], [ -96.290461180165423, 18.320882339897093 ], [ -96.297068180409738, 18.337342949969461 ], [ -96.296041629941101, 18.347080179642241 ], [ -96.300127020291313, 18.366800689936486 ], [ -96.297570449972227, 18.364874119686228 ], [ -96.296703399781094, 18.371306999659499 ], [ -96.289224889685116, 18.377784459994771 ], [ -96.279649829750582, 18.375777939580992 ], [ -96.279419430383527, 18.385871119786795 ], [ -96.281501319791715, 18.386090449713766 ], [ -96.273642740189814, 18.391661309655248 ], [ -96.261255400431452, 18.408240459756097 ], [ -96.249360490252158, 18.4043573097624 ], [ -96.244059820273932, 18.396899220446276 ], [ -96.233785219809079, 18.396047289548207 ], [ -96.231103349836303, 18.392434709919332 ], [ -96.199209400362477, 18.395552479888917 ], [ -96.187624659844488, 18.393772770364514 ], [ -96.177721889719649, 18.385774850423608 ], [ -96.162809249753252, 18.389710850414339 ], [ -96.159163380393124, 18.40204566036056 ], [ -96.150101089534232, 18.405562740203735 ], [ -96.150625149866343, 18.410838150301458 ], [ -96.139113030077326, 18.410158940047232 ], [ -96.134377859599795, 18.417617000280234 ], [ -96.120077739806021, 18.422796849958946 ] ] ] } },
{ "type": "Feature", "properties": { "code": "30204", "stateCode": "30", "municipalityCode": "204", "name": "Agua Dulce" }, "geometry": { "type": "Polygon", "coordinates": [ [ [ -94.131486220348279, 18.213069059895545 ], [ -94.127665480269386, 18.169436999952477 ], [ -94.120299649585576, 18.164959169997697 ], [ -94.106065719830227, 18.174212679958092 ], [ -94.097908019650248, 18.168358580167389 ], [ -94.093887920227942, 18.155370250416571 ], [ -94.098256379766681, 18.148091690222543 ], [ -94.100443569584726, 18.125915940323949 ], [ -94.096133320001229, 18.1118914896586 ], [ -94.081588260090285, 18.09991429022201 ], [ -94.082459659931104, 18.091423139771866 ], [ -94.095627020148541, 18.08373702956203 ], [ -94.097159489945895, 18.07862757982091 ], [ -94.074399370370799, 18.058947859767343 ], [ -94.078015599551989, 18.043075909886625 ], [ -94.083557060172069, 18.033903649883843 ], [ -94.079852709622457, 18.022327459971098 ], [ -94.083492620028963, 18.005567140142873 ], [ -94.067090419739813, 18.009852449767013 ], [ -94.064253220312921, 18.00353668965268 ], [ -94.066834999887575, 17.991888249647712 ], [ -94.061400310117151, 17.988124339557462 ], [ -94.068516319577157, 17.979592649927252 ], [ -94.073532689683148, 17.987770580045421 ], [ -94.082500480285105, 17.977953509646767 ], [ -94.081356779675119, 17.967853720098162 ], [ -94.087773779636478, 17.971066650124008 ], [ -94.092948950210996, 17.967599720261788 ], [ -94.09928711048336, 17.970115279763419 ], [ -94.11244025022765, 17.966043569833058 ], [ -94.133401169740992, 17.978714650157478 ], [ -94.140224079880312, 17.977840909859502 ], [ -94.154766200135768, 17.983925199719479 ], [ -94.17607451036551, 17.978693419778718 ], [ -94.180917650200456, 17.989492710386475 ], [ -94.204276629812583, 17.991032379890218 ], [ -94.207914940452213, 17.998102119959288 ], [ -94.213941219801555, 17.997083379979983 ], [ -94.220290029660092, 18.003410919927514 ], [ -94.217677909929151, 18.012517459551226 ], [ -94.211588800189077, 18.018317859631878 ], [ -94.220690680247131, 18.020323369965556 ], [ -94.217906680179027, 18.040413200166277 ], [ -94.23260744968762, 18.045026540367481 ], [ -94.235280250302679, 18.050725379926146 ], [ -94.242095310399023, 18.05193275004769 ], [ -94.258882740210169, 18.047353150186396 ], [ -94.27205214041436, 18.049380970039245 ], [ -94.282427970200189, 18.061974599681303 ], [ -94.273524679781687, 18.06307047962795 ], [ -94.27638811022355, 18.06971963017903 ], [ -94.265081489770978, 18.065355419698818 ], [ -94.259194290019025, 18.067427970317848 ], [ -94.240172830398777, 18.086869059707976 ], [ -94.241352229668863, 18.118031880128925 ], [ -94.236106279724709, 18.123650219582551 ], [ -94.238027630412432, 18.127717890140751 ], [ -94.223457950283162, 18.135792479563442 ], [ -94.228275090127923, 18.153024050044259 ], [ -94.23548534034073, 18.162255229833409 ], [ -94.234453979874345, 18.172600339924145 ], [ -94.240731879512651, 18.175794880416355 ], [ -94.240093170209022, 18.188001249979195 ], [ -94.131486220348279, 18.213069059895545 ] ] ] } },
{ "type": "Feature", "properties": { "code": "30202", "stateCode": "30", "municipalityCode": "202", "name": "Zontecomatlán de López y Fuentes" }, "geometry": { "type": "Polygon", "coordinates": [ [ [ -98.307838148559881, 20.801327539776491 ], [ -98.302876909258202, 20.795900769734377 ], [ -98.298446429428878, 20.80142926024698 ], [ -98.297770778754114, 20.795746580102975 ], [ -98.304478708898969, 20.782733460315587 ], [ -98.298810058993325, 20.777839849664407 ], [ -98.292022938740757, 20.785506749734441 ], [ -98.284395798814842, 20.786664569740818 ], [ -98.279541458967174, 20.782698290208042 ], [ -98.275565888998685, 20.786018219803772 ], [ -98.261595169502456, 20.785969230340161 ], [ -98.254447139198518, 20.79400794039843 ], [ -98.247820249951786, 20.789157910334186 ], [ -98.242399740281073, 20.792258379770345 ], [ -98.233093279686415, 20.783452539710467 ], [ -98.237146650138826, 20.782733289624684 ], [ -98.238989740142571, 20.780474570269011 ], [ -98.234428569877608, 20.778776090252148 ], [ -98.232488319763632, 20.768197259735157 ], [ -98.226821740009001, 20.766816279618013 ], [ -98.229900169529984, 20.761269139786673 ], [ -98.23377172027881, 20.760848739761094 ], [ -98.231957689749891, 20.758954519655898 ], [ -98.219630060027896, 20.755273820375184 ], [ -98.207577400473454, 20.757019059631137 ], [ -98.203310430397025, 20.761431250267517 ], [ -98.196107570442237, 20.760584909955103 ], [ -98.197506319556155, 20.754233429934594 ], [ -98.204618509704886, 20.746418570302541 ], [ -98.192752450108827, 20.738154170064419 ], [ -98.18481985990303, 20.739227829830241 ], [ -98.191565079803198, 20.732648340084083 ], [ -98.182445219969509, 20.723843199647273 ], [ -98.184387289609759, 20.719697769744588 ], [ -98.181069540003151, 20.71647188970319 ], [ -98.18696636960351, 20.707611320099979 ], [ -98.186529600487191, 20.703305539783081 ], [ -98.192691049682921, 20.701680380013585 ], [ -98.194010519921164, 20.696913260116059 ], [ -98.201018820105631, 20.698933799735407 ], [ -98.201831049834482, 20.688722259990044 ], [ -98.207682679968869, 20.682663720365966 ], [ -98.212121150152001, 20.684197399791536 ], [ -98.208145719883987, 20.686567660165448 ], [ -98.209458550095746, 20.688253710025766 ], [ -98.221785179557784, 20.678687600427022 ], [ -98.235499119628614, 20.681665229773067 ], [ -98.238603889955172, 20.67591302982234 ], [ -98.248466169619547, 20.675542880158726 ], [ -98.254599320289458, 20.669794090262123 ], [ -98.25254907952133, 20.677874630274861 ], [ -98.25982051973962, 20.674348619889503 ], [ -98.258564119745913, 20.680964949778755 ], [ -98.264646999668884, 20.683619910005632 ], [ -98.265690399950699, 20.679383309826346 ], [ -98.269519169787571, 20.680430320420495 ], [ -98.271848849627659, 20.675916580061415 ], [ -98.276471939672859, 20.677819629713987 ], [ -98.27657777999454, 20.67147837994774 ], [ -98.283473779624146, 20.669435259971138 ], [ -98.304014569637545, 20.687534019911922 ], [ -98.294826139887959, 20.695439289752766 ], [ -98.29734021981659, 20.702534890447787 ], [ -98.306153519629135, 20.697663620012825 ], [ -98.316881580442157, 20.698026819897031 ], [ -98.321307369660218, 20.692502420143306 ], [ -98.328750619917329, 20.691340680375749 ], [ -98.335946079675026, 20.684992740054248 ], [ -98.342017199555357, 20.688751179704553 ], [ -98.367398539705661, 20.686619060049331 ], [ -98.381334400393825, 20.693977859696602 ], [ -98.381935110315553, 20.698374889938549 ], [ -98.388224249863086, 20.69548035024793 ], [ -98.402647229590528, 20.707604139689341 ], [ -98.433465599607487, 20.717523679619415 ], [ -98.421453769671302, 20.739347820204909 ], [ -98.42551050961346, 20.748929289679459 ], [ -98.423724229620063, 20.751893909946492 ], [ -98.414684719703502, 20.754884370067465 ], [ -98.393834709586528, 20.75427106005008 ], [ -98.392685309528076, 20.761833379782914 ], [ -98.397682079631068, 20.781757490416393 ], [ -98.386738279795949, 20.784378339690925 ], [ -98.383257709987305, 20.780358150444901 ], [ -98.382203830478261, 20.784757950013148 ], [ -98.375988259712258, 20.782430260338334 ], [ -98.373326509559064, 20.785439739710476 ], [ -98.364330879527259, 20.784982400344742 ], [ -98.352968659802627, 20.793938150135176 ], [ -98.353729710478632, 20.801369829566372 ], [ -98.348740379751007, 20.802522109645608 ], [ -98.325245908872148, 20.783823370403756 ], [ -98.315315979077042, 20.788746829962729 ], [ -98.307838148559881, 20.801327539776491 ] ] ] } },
{ "type": "Feature", "properties": { "code": "30200", "stateCode": "30", "municipalityCode": "200", "name": "Zentla" }, "geometry": { "type": "Polygon", "coordinates": [ [ [ -96.865859969621994, 19.135644289873749 ], [ -96.838989850363959, 19.127518420174155 ], [ -96.831017450424397, 19.122342709694291 ], [ -96.830788750391633, 19.118863920095432 ], [ -96.820313630348792, 19.117182060437866 ], [ -96.815209479732459, 19.110163109777609 ], [ -96.804366570178104, 19.10975424983738 ], [ -96.786320489807409, 19.095590650024487 ], [ -96.786749660391209, 19.093245599943348 ], [ -96.780514799642972, 19.095389799625956 ], [ -96.775811890482402, 19.091366919693542 ], [ -96.769042780080497, 19.09155177042582 ], [ -96.761378579943127, 19.082944650012273 ], [ -96.751957649853637, 19.082913179578572 ], [ -96.749998780322855, 19.079858999866424 ], [ -96.743813950094534, 19.081395650422166 ], [ -96.736452260003219, 19.076267370008406 ], [ -96.723166820392137, 19.074771149939956 ], [ -96.708206510350422, 19.078103599917849 ], [ -96.691907480258521, 19.072509349653199 ], [ -96.677457880195917, 19.079953149843796 ], [ -96.675553570111063, 19.074879820452789 ], [ -96.674339679752251, 19.079500370051736 ], [ -96.668031940137226, 19.081114000286021 ], [ -96.664040970133556, 19.077602710024916 ], [ -96.666860849572998, 19.07424525968278 ], [ -96.659751259958725, 19.080084999683269 ], [ -96.654431290024974, 19.074583940255607 ], [ -96.652677799928611, 19.079713679872256 ], [ -96.648838889681784, 19.074114949895492 ], [ -96.644617619702629, 19.077933909608301 ], [ -96.639871029606866, 19.076025539554919 ], [ -96.642729599703614, 19.080477230388517 ], [ -96.637168170080386, 19.07793649035052 ], [ -96.627918050114545, 19.082268879802577 ], [ -96.631611749578525, 19.084763059941185 ], [ -96.629860889944112, 19.091845689776381 ], [ -96.625142619973374, 19.088502680241049 ], [ -96.607640140388867, 19.090254249815548 ], [ -96.606552400194104, 19.087529080330921 ], [ -96.596697949833882, 19.087027089938914 ], [ -96.596843659687423, 19.083661110235322 ], [ -96.588411539914773, 19.086941419651321 ], [ -96.587247720339761, 19.08377369033936 ], [ -96.583588489920785, 19.085507149860106 ], [ -96.579694050304042, 19.082125139925452 ], [ -96.567756769614803, 19.081221659939573 ], [ -96.564840830450393, 19.084621619584368 ], [ -96.563686979741988, 19.08008056981047 ], [ -96.557161719957804, 19.07889882020919 ], [ -96.56196245023483, 19.073612419942844 ], [ -96.56857061991316, 19.073015629768626 ], [ -96.570444220309923, 19.069393429651569 ], [ -96.584259139613465, 19.071575769588193 ], [ -96.56611554031943, 19.056536120240661 ], [ -96.56540632018779, 19.060011600211912 ], [ -96.551759719799648, 19.055615739871907 ], [ -96.549436119543827, 19.058218369732081 ], [ -96.545226880401827, 19.051698380432082 ], [ -96.545738090138386, 19.056471119812812 ], [ -96.542348379654413, 19.057081119778701 ], [ -96.538572169547166, 19.049142860006011 ], [ -96.536411719776325, 19.050215309574877 ], [ -96.534480709664862, 19.045408170072353 ], [ -96.529361520338441, 19.043804489649581 ], [ -96.542343829569688, 19.039076679622589 ], [ -96.54317378033555, 19.041347879890218 ], [ -96.538798910399208, 19.041442319634498 ], [ -96.540157770101843, 19.045248819935527 ], [ -96.54428002005443, 19.043275280374427 ], [ -96.547373320289935, 19.045470020176467 ], [ -96.55103233988693, 19.038698430273293 ], [ -96.554777489898385, 19.047715619555053 ], [ -96.552827229517021, 19.0503327403956 ], [ -96.558748049826093, 19.050336379702717 ], [ -96.562378909621003, 19.054246260042547 ], [ -96.56662139957497, 19.05094166029809 ], [ -96.567938679714089, 19.054598140214232 ], [ -96.572108859922935, 19.050244219582574 ], [ -96.573229090228395, 19.052934939652289 ], [ -96.577568080386229, 19.0522378203936 ], [ -96.577343819928302, 19.048585219654854 ], [ -96.582624369708896, 19.052207170054547 ], [ -96.586589460119612, 19.047020250443268 ], [ -96.589248570211339, 19.051624540165523 ], [ -96.595641279879487, 19.045675779580094 ], [ -96.600578739683115, 19.050592459741193 ], [ -96.602300250461596, 19.044087920051982 ], [ -96.604478449681864, 19.049974109602719 ], [ -96.607029939727795, 19.047636690256056 ], [ -96.609269999527967, 19.051679580284095 ], [ -96.615474680178934, 19.049405219864571 ], [ -96.615297460052446, 19.055707429742892 ], [ -96.618528429525682, 19.052211090034614 ], [ -96.61764967981216, 19.046580180297315 ], [ -96.620572059721923, 19.050420939887694 ], [ -96.625543859971586, 19.04548312017446 ], [ -96.630569139767942, 19.046650119694398 ], [ -96.630975709570293, 19.042640380150491 ], [ -96.638416980452988, 19.04719477007249 ], [ -96.6378319695595, 19.052190230329124 ], [ -96.654199419628412, 19.042652150286994 ], [ -96.656788710081514, 19.0449976196692 ], [ -96.663507429538313, 19.041102780421095 ], [ -96.664204089547496, 19.043864140375359 ], [ -96.671384320013232, 19.042573049566055 ], [ -96.670788830252391, 19.045990580446112 ], [ -96.674851049828405, 19.047832510304918 ], [ -96.677065279598352, 19.040940249574255 ], [ -96.685256169613567, 19.038750029541735 ], [ -96.707736419950365, 19.021187490237512 ], [ -96.72335190962157, 19.020469199741111 ], [ -96.74270368034199, 19.026723650166801 ], [ -96.755141979735114, 19.021894399876764 ], [ -96.773245139807031, 19.02116417026614 ], [ -96.791620080314289, 19.026568309676904 ], [ -96.795075369757512, 19.02506301997262 ], [ -96.796433720364845, 19.029222520459019 ], [ -96.798624879940562, 19.026547429721436 ], [ -96.805132719516692, 19.027566770420492 ], [ -96.811033779877405, 19.039327769805201 ], [ -96.838826019575549, 19.06932942977328 ], [ -96.838554949582701, 19.078444999793081 ], [ -96.845103399979351, 19.075864750192849 ], [ -96.844908619620696, 19.080293950100142 ], [ -96.8525354795769, 19.087454089680183 ], [ -96.854452850397138, 19.094013309846492 ], [ -96.863065290089096, 19.093263290453685 ], [ -96.872415750378821, 19.100046340068459 ], [ -96.87142881997913, 19.112997139600392 ], [ -96.875184149760756, 19.114531319569572 ], [ -96.880009379973984, 19.124235510358641 ], [ -96.88422805993028, 19.125037250239178 ], [ -96.867063199899263, 19.132148249865292 ], [ -96.865859969621994, 19.135644289873749 ] ] ] } },
{ "type": "Feature", "properties": { "code": "30186", "stateCode": "30", "municipalityCode": "186", "name": "Tomatlán" }, "geometry": { "type": "Polygon", "coordinates": [ [ [ -97.005951880229134, 19.051124820359107 ], [ -97.002672850319371, 19.044178489775209 ], [ -97.002475320452305, 19.031029050425101 ], [ -96.99829508956185, 19.026207939590154 ], [ -96.995150919896503, 19.032555119684194 ], [ -96.993304979704874, 19.02496957970461 ], [ -96.984307250089046, 19.021465799921817 ], [ -96.983003219997627, 19.032907980328293 ], [ -96.975447180375696, 19.032386580124992 ], [ -96.974846279898614, 19.024149799935152 ], [ -96.969195119995291, 19.020903850294644 ], [ -96.965468539691855, 19.012632659810141 ], [ -96.965978320432868, 19.007318060000578 ], [ -96.982933599613062, 19.001982150289987 ], [ -96.980185490051184, 18.99541983020157 ], [ -96.981297349572955, 18.986129060102378 ], [ -96.988889889685836, 18.989760850439346 ], [ -96.998287950110623, 19.00805942973378 ], [ -97.003247689971928, 19.008985380446887 ], [ -97.002396799564508, 19.013006620126458 ], [ -97.011090889612134, 19.017353629876869 ], [ -97.018448199907297, 19.026385659647296 ], [ -97.025352690037508, 19.026996230113724 ], [ -97.027897709601348, 19.033257479825338 ], [ -97.023670689524437, 19.028403420210577 ], [ -97.020648889917737, 19.039064949954092 ], [ -97.033019720089982, 19.049441600010461 ], [ -97.005951880229134, 19.051124820359107 ] ] ] } },
{ "type": "Feature", "properties": { "code": "30197", "stateCode": "30", "municipalityCode": "197", "name": "Yecuatla" }, "geometry": { "type": "Polygon", "coordinates": [ [ [ -96.739391830296313, 19.90839012013679 ], [ -96.716317649876174, 19.902506060269545 ], [ -96.709225169985402, 19.891972879853473 ], [ -96.718248079770831, 19.886435939830022 ], [ -96.715378619556219, 19.877975049544411 ], [ -96.702030720237303, 19.884075169751775 ], [ -96.706212569875916, 19.876363370389146 ], [ -96.718648660087837, 19.869907080010023 ], [ -96.724078910364852, 19.859307349779151 ], [ -96.72691224967781, 19.861929820401247 ], [ -96.728868939644968, 19.859487420299107 ], [ -96.722323309711143, 19.8544329204333 ], [ -96.727161879757304, 19.846643490320922 ], [ -96.720230380315158, 19.84500557981746 ], [ -96.740815969720686, 19.827332249773704 ], [ -96.741056859871222, 19.816697520375023 ], [ -96.748417429895426, 19.809108620102919 ], [ -96.752967850392537, 19.793519739711698 ], [ -96.771869880123845, 19.788741919956205 ], [ -96.782988140192813, 19.794733880274389 ], [ -96.7801553995414, 19.799458690098742 ], [ -96.782402659521992, 19.801207320167833 ], [ -96.787854660035123, 19.796768650205529 ], [ -96.790650179963876, 19.788950650280491 ], [ -96.799544709733524, 19.784992149802601 ], [ -96.801135679543492, 19.793738119709761 ], [ -96.792637179815799, 19.803443939988274 ], [ -96.79546727978709, 19.807805690191685 ], [ -96.800456140477877, 19.803307319581748 ], [ -96.806409600430058, 19.806208970233097 ], [ -96.810745250055149, 19.798342919672891 ], [ -96.822670910439228, 19.794800219842777 ], [ -96.824391110313186, 19.801011290165089 ], [ -96.831005260074093, 19.804889000319051 ], [ -96.830519659834678, 19.812950550026446 ], [ -96.83703185974727, 19.818909980054343 ], [ -96.836384450196292, 19.832279220159649 ], [ -96.827971179745404, 19.839852539695659 ], [ -96.827234800451095, 19.850485749947303 ], [ -96.807731509816421, 19.868934820167127 ], [ -96.808356430170619, 19.874847140326523 ], [ -96.804719260147067, 19.874844180160981 ], [ -96.808052749977335, 19.879674089702974 ], [ -96.802317649727158, 19.885322279896243 ], [ -96.796997449828027, 19.885892180415372 ], [ -96.797263059567356, 19.896415379947875 ], [ -96.784168419929159, 19.898277600245386 ], [ -96.778726519719186, 19.903719489935792 ], [ -96.770950659724932, 19.904786140135542 ], [ -96.755683619947447, 19.888929779633365 ], [ -96.739391830296313, 19.90839012013679 ] ] ] } },
{ "type": "Feature", "properties": { "code": "30196", "stateCode": "30", "municipalityCode": "196", "name": "Yanga" }, "geometry": { "type": "Polygon", "coordinates": [ [ [ -96.824750029889898, 18.882146229788489 ], [ -96.824526919855998, 18.87905545027041 ], [ -96.81806887962729, 18.880329739809337 ], [ -96.817256820305445, 18.877609600238415 ], [ -96.816373109971636, 18.880992580091938 ], [ -96.809559399901559, 18.877338709998821 ], [ -96.804612710213021, 18.878987170066626 ], [ -96.804338659714574, 18.875833740377608 ], [ -96.781055279700482, 18.876496829730478 ], [ -96.774763110347024, 18.867072969574327 ], [ -96.765066260213473, 18.859357450006726 ], [ -96.760608090398108, 18.859787549787363 ], [ -96.765023380426683, 18.855330550436694 ], [ -96.761755319673924, 18.851317580077136 ], [ -96.755644229838595, 18.852784750074047 ], [ -96.752174309883586, 18.847064179604885 ], [ -96.747586509889672, 18.845901090054294 ], [ -96.750025090057193, 18.834135420190112 ], [ -96.753978710226917, 18.833815379944653 ], [ -96.766777079596295, 18.807308030314786 ], [ -96.755252319576584, 18.801294249729104 ], [ -96.769335860313817, 18.792761720332198 ], [ -96.775526519680028, 18.798541619832907 ], [ -96.780193689868653, 18.792395950108958 ], [ -96.766704149858853, 18.78313449013547 ], [ -96.780360199617931, 18.77888044978765 ], [ -96.777384970378108, 18.768567879942609 ], [ -96.782446859992248, 18.766034509659359 ], [ -96.781595430426833, 18.763934310161556 ], [ -96.789160460430679, 18.763392919635979 ], [ -96.787980850426763, 18.768338909985985 ], [ -96.799002460076522, 18.775774459965959 ], [ -96.810670980405888, 18.772716349671683 ], [ -96.828774280339218, 18.775951339747351 ], [ -96.837688079953324, 18.785885689987559 ], [ -96.835162249851962, 18.7990637500777 ], [ -96.838605909996076, 18.802750079893805 ], [ -96.844164630318758, 18.80091326003916 ], [ -96.844437320153304, 18.804112910188135 ], [ -96.849755419652936, 18.806772690066861 ], [ -96.84274329036684, 18.810129289913846 ], [ -96.831744749713891, 18.824381280029453 ], [ -96.820469059981036, 18.817692770077443 ], [ -96.822307830204181, 18.843411290443736 ], [ -96.855307170023352, 18.86552076994376 ], [ -96.840687139522615, 18.871995220342548 ], [ -96.840927370126892, 18.875675259665723 ], [ -96.824750029889898, 18.882146229788489 ] ] ] } },
{ "type": "Feature", "properties": { "code": "30137", "stateCode": "30", "municipalityCode": "137", "name": "Los Reyes" }, "geometry": { "type": "Polygon", "coordinates": [ [ [ -97.051845650233119, 18.714301769645864 ], [ -97.043077369891421, 18.712968089867246 ], [ -97.039534199767814, 18.703994019749231 ], [ -97.036040289970856, 18.703315570399806 ], [ -97.032837519851086, 18.708345399669589 ], [ -97.013917480342243, 18.703221779694786 ], [ -97.014573780461035, 18.695373739686488 ], [ -97.009695250059167, 18.692829480286154 ], [ -97.007987550254597, 18.686311170393889 ], [ -97.012767599717137, 18.680660709762758 ], [ -97.020355150344685, 18.679641199962042 ], [ -97.027656230415033, 18.671065520251727 ], [ -97.021397180335867, 18.668754199772721 ], [ -97.021024709524184, 18.658151830020977 ], [ -97.024228380206821, 18.655532740448137 ], [ -97.02020737033898, 18.650876680254814 ], [ -97.0378658598881, 18.645584419638745 ], [ -97.041631660201261, 18.648683489799645 ], [ -97.078353059808435, 18.62937716957034 ], [ -97.084711770315522, 18.641219139982848 ], [ -97.078482250291884, 18.641372940163535 ], [ -97.064022519553347, 18.663877709872274 ], [ -97.055068679541094, 18.665316549922572 ], [ -97.055637579517082, 18.679525020336065 ], [ -97.053253260189592, 18.681077459727895 ], [ -97.056338569777921, 18.684039379875387 ], [ -97.053732179575334, 18.685615509552012 ], [ -97.062810980399902, 18.691967479910012 ], [ -97.060168950480787, 18.696538019803999 ], [ -97.063520149805498, 18.695141229802203 ], [ -97.062082600218275, 18.698025859670611 ], [ -97.066783570038936, 18.699459740055708 ], [ -97.062859309664006, 18.703548020106421 ], [ -97.069648629876369, 18.703208140219289 ], [ -97.062186350421669, 18.706256649855586 ], [ -97.049178179989966, 18.704013910388497 ], [ -97.047995479669538, 18.706441710076497 ], [ -97.054183860122478, 18.711850079753876 ], [ -97.051845650233119, 18.714301769645864 ] ] ] } },
{ "type": "Feature", "properties": { "code": "30184", "stateCode": "30", "municipalityCode": "184", "name": "Tlaquilpa" }, "geometry": { "type": "Polygon", "coordinates": [ [ [ -97.108876649737979, 18.655207629634312 ], [ -97.095133219825925, 18.647980320069436 ], [ -97.089438709939103, 18.649264909751558 ], [ -97.067140140409464, 18.606878379943112 ], [ -97.063340110116513, 18.605468600182917 ], [ -97.059588489934413, 18.596378180165665 ], [ -97.048861649783206, 18.588393479902322 ], [ -97.075095480360076, 18.582102119805828 ], [ -97.085324849866012, 18.585174750137178 ], [ -97.088993550353436, 18.579861569835607 ], [ -97.100468859580829, 18.57564125998854 ], [ -97.10247882046535, 18.578174490074321 ], [ -97.115727179555819, 18.57619474005967 ], [ -97.119241950226566, 18.571856820353904 ], [ -97.132634820446512, 18.57579301975397 ], [ -97.144563079550579, 18.570927860425869 ], [ -97.145857830107502, 18.582159430151044 ], [ -97.142394060119358, 18.593345910345086 ], [ -97.138273450418922, 18.592567720444432 ], [ -97.141276290108138, 18.602425230148246 ], [ -97.140136569828883, 18.617709740063958 ], [ -97.132617949612339, 18.630354620285473 ], [ -97.122566510195639, 18.634595450246142 ], [ -97.134154279833041, 18.642191180405394 ], [ -97.13418725995929, 18.648095720260695 ], [ -97.121705649729506, 18.648594619651611 ], [ -97.108876649737979, 18.655207629634312 ] ] ] } },
{ "type": "Feature", "properties": { "code": "30105", "stateCode": "30", "municipalityCode": "105", "name": "Medellín de Bravo" }, "geometry": { "type": "Polygon", "coordinates": [ [ [ -96.243986022467695, 19.144900213757445 ], [ -96.241907679621022, 19.140070119689717 ], [ -96.236849939875938, 19.139955050378791 ], [ -96.237654710219587, 19.135784909960499 ], [ -96.222134200047236, 19.119198880034443 ], [ -96.210757460348347, 19.124236110037725 ], [ -96.20869862960069, 19.10953135007264 ], [ -96.205047080425359, 19.107183569782716 ], [ -96.20189549017914, 19.109499369847949 ], [ -96.190350289829865, 19.102666349644927 ], [ -96.178867910071901, 19.10509574004676 ], [ -96.173817949814065, 19.102212310191938 ], [ -96.172417350308521, 19.108156050020476 ], [ -96.158931549809466, 19.110763520311913 ], [ -96.146858769631123, 19.108244660271613 ], [ -96.130240979565173, 19.118574169612458 ], [ -96.113932569789327, 19.108266580165271 ], [ -96.109687090306736, 19.09859007993564 ], [ -96.117759629822586, 19.09211428975706 ], [ -96.140782939952999, 19.094328509600231 ], [ -96.1403056898871, 19.086982829784638 ], [ -96.144356720203888, 19.081757310069136 ], [ -96.132670830317537, 19.076695660243832 ], [ -96.1313688297965, 19.07006685024167 ], [ -96.141298020248655, 19.067828820014388 ], [ -96.142959349885572, 19.058133999710886 ], [ -96.123764119581736, 19.059577149999654 ], [ -96.122839950115861, 19.054311980115507 ], [ -96.109806860308453, 19.057999109630806 ], [ -96.104407109561251, 19.047125029866148 ], [ -96.097011319988439, 19.047025200358359 ], [ -96.095592849704914, 19.036107400339798 ], [ -96.102294710398269, 19.034240819597922 ], [ -96.10259856967069, 19.026667739850168 ], [ -96.109626450432046, 19.026873020365763 ], [ -96.111109880234281, 19.010482849835434 ], [ -96.092137379555012, 18.994666260239054 ], [ -96.090792110476386, 19.001915909625936 ], [ -96.090225799716976, 18.999086600124016 ], [ -96.075595430278341, 18.997644320418953 ], [ -96.070426820142174, 18.986601980239566 ], [ -96.068758260296164, 18.989108490043499 ], [ -96.066500320272041, 18.987278739895611 ], [ -96.053203649637979, 18.990622629699548 ], [ -96.043892119771357, 18.986625720275018 ], [ -96.028950110125507, 18.960219149767784 ], [ -96.026624709518288, 18.943380510131778 ], [ -96.021975939864916, 18.940570119793826 ], [ -96.032021279746758, 18.939144919584724 ], [ -96.037529820223767, 18.925627850438971 ], [ -96.049050020028574, 18.930590019580539 ], [ -96.054170859985803, 18.9396165095818 ], [ -96.050167020481425, 18.945662659774193 ], [ -96.055009979539975, 18.948533620411144 ], [ -96.06916206044481, 18.934431819749332 ], [ -96.071136020039702, 18.93873937989563 ], [ -96.066428370022393, 18.945974370439721 ], [ -96.071596280086013, 18.951176779566865 ], [ -96.073084940049569, 18.947990829821229 ], [ -96.074953940424805, 18.949710629867539 ], [ -96.08254371986942, 18.936585059618483 ], [ -96.080560460311688, 18.934833780368969 ], [ -96.082829110314023, 18.936405999972362 ], [ -96.086200650290152, 18.93030703013191 ], [ -96.091169739603373, 18.911172579860057 ], [ -96.092996319944888, 18.916964910295153 ], [ -96.100201549833756, 18.913703979867986 ], [ -96.101613170237002, 18.899212769612319 ], [ -96.095254079632866, 18.895131689743529 ], [ -96.100607419627167, 18.893075249811361 ], [ -96.120354579868149, 18.896992570014397 ], [ -96.132362459959751, 18.85954614967272 ], [ -96.14067615024382, 18.857210479837608 ], [ -96.14620645040857, 18.841840750379838 ], [ -96.149979020161837, 18.839492049651241 ], [ -96.156737380137614, 18.839628370223291 ], [ -96.164318230247602, 18.846292520103407 ], [ -96.170242479829071, 18.844639749984303 ], [ -96.171252249570088, 18.849351079988622 ], [ -96.174908169928884, 18.844610350304343 ], [ -96.1804240896913, 18.845455540400135 ], [ -96.183918549692621, 18.84247421961194 ], [ -96.193425490115203, 18.902345939946695 ], [ -96.197629909954614, 18.903021539963476 ], [ -96.20131759959294, 18.896965139586172 ], [ -96.20825294046837, 18.896055889611098 ], [ -96.207539849957683, 18.89175217970832 ], [ -96.211525059548762, 18.886891229972399 ], [ -96.218713509827026, 18.900779200208607 ], [ -96.212846510464459, 18.901515349742812 ], [ -96.215405520142923, 18.907719380170203 ], [ -96.219041430441266, 18.907997489953345 ], [ -96.213106280125317, 18.915386350220945 ], [ -96.215930399563462, 18.919972139659588 ], [ -96.232446139969312, 18.914165920312534 ], [ -96.232918320269619, 18.90946036984684 ], [ -96.242999489649549, 18.908228290357375 ], [ -96.247077370006991, 18.901884880263534 ], [ -96.256487580259687, 18.902493800285562 ], [ -96.263027459687294, 18.907259179889081 ], [ -96.263479719831025, 18.917310090109236 ], [ -96.252919420429592, 18.922984480156952 ], [ -96.256984320274327, 18.935702600349458 ], [ -96.253440579915065, 18.945596369644733 ], [ -96.246339520186268, 18.946295680002208 ], [ -96.233224419574199, 18.953869829706377 ], [ -96.224467550337963, 18.964257090438174 ], [ -96.219862709782376, 18.976132149779637 ], [ -96.227420649941692, 18.982652339574447 ], [ -96.224292849801273, 18.98506697976622 ], [ -96.217226649977562, 18.983106550035927 ], [ -96.200777450162477, 18.990811319684525 ], [ -96.199842000352163, 18.997387969804716 ], [ -96.195927599578113, 19.000133289882861 ], [ -96.191307710007067, 18.998544600186488 ], [ -96.185345139572846, 19.007990569959873 ], [ -96.187604079795179, 19.024269490319686 ], [ -96.182181820354572, 19.029074340058365 ], [ -96.180922919549786, 19.035435429728249 ], [ -96.176660419519649, 19.032880860170376 ], [ -96.175033149810844, 19.038661880288661 ], [ -96.172853919941531, 19.037179949792701 ], [ -96.177879800402152, 19.04673125998583 ], [ -96.176139850379045, 19.049503970078177 ], [ -96.183336459972168, 19.051499369693278 ], [ -96.197296769588334, 19.050473290409297 ], [ -96.198122579853816, 19.046804689748839 ], [ -96.204252230002098, 19.046877920126402 ], [ -96.205715170301147, 19.044214910388828 ], [ -96.209110629836758, 19.048400289910145 ], [ -96.218100020393621, 19.038726509870692 ], [ -96.22494410968531, 19.042905000200339 ], [ -96.226933919779285, 19.039116550088568 ], [ -96.231218660407706, 19.048405709681663 ], [ -96.239604459609097, 19.045852109688706 ], [ -96.251591770376919, 19.047673400180248 ], [ -96.250546510214988, 19.054845719762756 ], [ -96.265133169604098, 19.064888150247615 ], [ -96.256348720016391, 19.091885690425336 ], [ -96.263098600020044, 19.092995400256672 ], [ -96.260850720034426, 19.102163880038347 ], [ -96.263691579901916, 19.118514549801954 ], [ -96.272017629588419, 19.121768940427568 ], [ -96.261860259746371, 19.131009139790905 ], [ -96.261233980358284, 19.135603309736233 ], [ -96.257906510349287, 19.134665420177701 ], [ -96.257252879598312, 19.14030277022195 ], [ -96.243986022467695, 19.144900213757445 ] ] ] } },
{ "type": "Feature", "properties": { "code": "30043", "stateCode": "30", "municipalityCode": "043", "name": "Comapa" }, "geometry": { "type": "Polygon", "coordinates": [ [ [ -96.657112059852736, 19.207611399833251 ], [ -96.648822520340175, 19.207577550367386 ], [ -96.651654430324086, 19.196753460055312 ], [ -96.624171779966858, 19.203874139545935 ], [ -96.619116020314948, 19.1972150199575 ], [ -96.611802580064335, 19.194701909721573 ], [ -96.610628969700585, 19.188452520381613 ], [ -96.594305250020085, 19.182185220050862 ], [ -96.595399719619451, 19.179736249991684 ], [ -96.589124909602418, 19.172814630363213 ], [ -96.57863019967084, 19.171843170122717 ], [ -96.578289619683076, 19.17494778019821 ], [ -96.573781600358899, 19.171781400169809 ], [ -96.568128859525189, 19.172564430366354 ], [ -96.567766289671823, 19.168388600089646 ], [ -96.562843229574582, 19.165683599660859 ], [ -96.559985569971317, 19.167887850001108 ], [ -96.55651290977373, 19.163082379924987 ], [ -96.545985430103798, 19.159898059562504 ], [ -96.544235520103712, 19.155550120273482 ], [ -96.53435884953096, 19.16362569020583 ], [ -96.533086620213979, 19.158927450334534 ], [ -96.527788970200689, 19.159017910057987 ], [ -96.529704920162828, 19.156114369750437 ], [ -96.524249750471085, 19.158814200088127 ], [ -96.513021050167936, 19.156662250080807 ], [ -96.517492030380993, 19.14964208012368 ], [ -96.51049540030688, 19.152385489936201 ], [ -96.508045279825083, 19.156949400161327 ], [ -96.50519796954282, 19.150681080395067 ], [ -96.498863520048729, 19.149727519992819 ], [ -96.501984570454525, 19.143724169688042 ], [ -96.49502442969191, 19.147331879884508 ], [ -96.492855920159812, 19.139250079809305 ], [ -96.494578569848414, 19.136082720275699 ], [ -96.501292049759172, 19.138079459609028 ], [ -96.515150630274618, 19.134482029616429 ], [ -96.516045119608435, 19.136905819578384 ], [ -96.532650580318759, 19.136037519568045 ], [ -96.537240749787998, 19.131655480138605 ], [ -96.5517304595231, 19.129479280304835 ], [ -96.550785000387691, 19.131895080396603 ], [ -96.570269229990302, 19.131772060277978 ], [ -96.572545379808005, 19.13439820041911 ], [ -96.57027950989675, 19.118914050299374 ], [ -96.560473679801262, 19.119195890205745 ], [ -96.561560479751662, 19.11214469028841 ], [ -96.550099850018327, 19.112253679948179 ], [ -96.546244940061655, 19.10574329037787 ], [ -96.551522630299203, 19.100669749594893 ], [ -96.551619659639826, 19.10339398032313 ], [ -96.554945020484965, 19.100860779768201 ], [ -96.558825940016888, 19.103320149823176 ], [ -96.561810179777552, 19.098001830084335 ], [ -96.567684779713332, 19.100763710107859 ], [ -96.569512719940391, 19.092841910429406 ], [ -96.564235829856713, 19.086405750302458 ], [ -96.567756769614803, 19.081221659939573 ], [ -96.579694050304042, 19.082125139925452 ], [ -96.583588489920785, 19.085507149860106 ], [ -96.587247720339761, 19.08377369033936 ], [ -96.588411539914773, 19.086941419651321 ], [ -96.596843659687423, 19.083661110235322 ], [ -96.596697949833882, 19.087027089938914 ], [ -96.603241339937057, 19.08655938023394 ], [ -96.608653030483353, 19.090405739577022 ], [ -96.628553909943832, 19.088862980011541 ], [ -96.629860889944112, 19.091845689776381 ], [ -96.631611749578525, 19.084763059941185 ], [ -96.627918050114545, 19.082268879802577 ], [ -96.637168170080386, 19.07793649035052 ], [ -96.64319457022863, 19.080227779579882 ], [ -96.640367139765488, 19.075720480416173 ], [ -96.644617619702629, 19.077933909608301 ], [ -96.650105690139725, 19.074087630034597 ], [ -96.652677799928611, 19.079713679872256 ], [ -96.654431290024974, 19.074583940255607 ], [ -96.659751259958725, 19.080084999683269 ], [ -96.666860849572998, 19.07424525968278 ], [ -96.664040970133556, 19.077602710024916 ], [ -96.668031940137226, 19.081114000286021 ], [ -96.674339679752251, 19.079500370051736 ], [ -96.675553570111063, 19.074879820452789 ], [ -96.677457880195917, 19.079953149843796 ], [ -96.684410679859397, 19.077952059779353 ], [ -96.684902920434112, 19.085188079903059 ], [ -96.68723192002615, 19.082415650302707 ], [ -96.690651289916801, 19.084763350317793 ], [ -96.691717539771872, 19.081968519553012 ], [ -96.703941890100111, 19.088349119903985 ], [ -96.718033879586315, 19.087536620065205 ], [ -96.729766230369378, 19.091739969912261 ], [ -96.738415769723375, 19.089486570089626 ], [ -96.744275890357031, 19.093592519602364 ], [ -96.747420919901131, 19.092125309818972 ], [ -96.779661049721582, 19.102086170341682 ], [ -96.790820219928335, 19.11211937992897 ], [ -96.802287380152862, 19.115971320042107 ], [ -96.823136109913861, 19.140342909878068 ], [ -96.839828399566386, 19.141011850037831 ], [ -96.854337489550986, 19.149055719539469 ], [ -96.873263420256436, 19.15050829018903 ], [ -96.886016460355904, 19.158183319704168 ], [ -96.897880740279291, 19.159091980422797 ], [ -96.906715890260571, 19.164478050238756 ], [ -96.923736779736515, 19.193386969805292 ], [ -96.921542689721903, 19.198840690672711 ], [ -96.913637259541659, 19.199656819582625 ], [ -96.908577689627464, 19.192878459837367 ], [ -96.887131829937019, 19.186997880032948 ], [ -96.881267260023904, 19.180283219906968 ], [ -96.871158380378162, 19.180738519658188 ], [ -96.865492859886714, 19.175479340368724 ], [ -96.860301920310476, 19.175535219795204 ], [ -96.856892999588169, 19.169792909864725 ], [ -96.845960980373391, 19.171253540011055 ], [ -96.819028399970037, 19.160368749888264 ], [ -96.798826620120764, 19.164554019798697 ], [ -96.761877050328977, 19.161350380232722 ], [ -96.746414349806841, 19.168016200442764 ], [ -96.730252310264746, 19.163729969601587 ], [ -96.717508250023911, 19.167717230115095 ], [ -96.707135779613495, 19.174337089611271 ], [ -96.705940049670929, 19.178941310223106 ], [ -96.708948230166499, 19.178876340305944 ], [ -96.705784889524935, 19.181393940047222 ], [ -96.697386859578572, 19.182775630178202 ], [ -96.694909650404071, 19.186098629935941 ], [ -96.692365169603363, 19.184279820424727 ], [ -96.680700800350579, 19.195273709616785 ], [ -96.677126120268724, 19.192922460217851 ], [ -96.677262749987293, 19.198436350377914 ], [ -96.667042250419513, 19.202102060359696 ], [ -96.667751350348837, 19.206826710124343 ], [ -96.661514230064668, 19.20360140017554 ], [ -96.661282480201038, 19.206463659927991 ], [ -96.656636479717804, 19.204932020242616 ], [ -96.657112059852736, 19.207611399833251 ] ] ] } },
{ "type": "Feature", "properties": { "code": "30042", "stateCode": "30", "municipalityCode": "042", "name": "Colipa" }, "geometry": { "type": "Polygon", "coordinates": [ [ [ -96.661881689801405, 19.998219050022236 ], [ -96.65906731013682, 19.985684910315072 ], [ -96.645078799576254, 19.990768599575389 ], [ -96.645618569635673, 19.976121980408063 ], [ -96.641439090109159, 19.970311999832457 ], [ -96.642226579931872, 19.959536999760509 ], [ -96.654319950375566, 19.946889600400933 ], [ -96.637352369903823, 19.947701119825076 ], [ -96.637606820215723, 19.94191550995329 ], [ -96.643804250100331, 19.935518820117387 ], [ -96.644687999637497, 19.92161762997803 ], [ -96.650306740365238, 19.920514650380433 ], [ -96.654776229596635, 19.914868430422366 ], [ -96.650930829698879, 19.907968349602907 ], [ -96.651720289918714, 19.898730629940303 ], [ -96.662744030457731, 19.890884689870983 ], [ -96.664635519609348, 19.882099709963722 ], [ -96.674281829549088, 19.872087849901682 ], [ -96.694640659750021, 19.872682859751798 ], [ -96.697248119636086, 19.875640339942713 ], [ -96.69496642002909, 19.879787429924097 ], [ -96.702030720237303, 19.884075169751775 ], [ -96.715378619556219, 19.877975049544411 ], [ -96.718248079770831, 19.886435939830022 ], [ -96.709225169985402, 19.891972879853473 ], [ -96.721466430312191, 19.905386350201901 ], [ -96.724215229542764, 19.903309509944169 ], [ -96.739503540166353, 19.90842194975092 ], [ -96.755683619947447, 19.888929779633365 ], [ -96.770772779528869, 19.902656080361286 ], [ -96.779780679781268, 19.916730949642723 ], [ -96.783840949871291, 19.91767412006104 ], [ -96.785798649787807, 19.924562879732768 ], [ -96.79738190988013, 19.932437250368153 ], [ -96.793646549625208, 19.941714979588003 ], [ -96.779049910089384, 19.94191602039534 ], [ -96.772524719690708, 19.936849429825177 ], [ -96.772471140270468, 19.944844510041776 ], [ -96.764566020341775, 19.947884880394092 ], [ -96.759597690251525, 19.957070340353937 ], [ -96.75648518006318, 19.954632800357128 ], [ -96.75748474030074, 19.959945200087166 ], [ -96.738335479967247, 19.976972370087477 ], [ -96.734432980214123, 19.988073690224457 ], [ -96.72999403025679, 19.986748029941591 ], [ -96.730041780356402, 19.971356229954058 ], [ -96.726525920403958, 19.969344460206568 ], [ -96.720313380150174, 19.978756980371511 ], [ -96.709249749695545, 19.96908927979014 ], [ -96.705276799737959, 19.972523259967286 ], [ -96.703187919953777, 19.969114110093894 ], [ -96.698163489823656, 19.973426969845605 ], [ -96.695180970460569, 19.972122550034435 ], [ -96.688799949931806, 19.981661349614381 ], [ -96.68256487970072, 19.978732520119678 ], [ -96.677982949760462, 19.987276880304837 ], [ -96.661881689801405, 19.998219050022236 ] ] ] } },
{ "type": "Feature", "properties": { "code": "30019", "stateCode": "30", "municipalityCode": "019", "name": "Astacinga" }, "geometry": { "type": "Polygon", "coordinates": [ [ [ -97.048749320225824, 18.588120520105477 ], [ -97.048074149730965, 18.581441369716114 ], [ -97.05209331031034, 18.576251090110716 ], [ -97.071144859866394, 18.569181889884884 ], [ -97.079402850300312, 18.554769980118746 ], [ -97.096834170254439, 18.539250029773513 ], [ -97.103072480225947, 18.538047799639585 ], [ -97.10441077019577, 18.529384050240076 ], [ -97.110470180031768, 18.521451400340794 ], [ -97.113469710153652, 18.52252842998919 ], [ -97.113697250409501, 18.5313793795656 ], [ -97.144563079550579, 18.570927860425869 ], [ -97.132634820446512, 18.57579301975397 ], [ -97.119241950226566, 18.571856820353904 ], [ -97.115727179555819, 18.57619474005967 ], [ -97.10247882046535, 18.578174490074321 ], [ -97.100468859580829, 18.57564125998854 ], [ -97.088993550353436, 18.579861569835607 ], [ -97.085324849866012, 18.585174750137178 ], [ -97.075095480360076, 18.582102119805828 ], [ -97.048749320225824, 18.588120520105477 ] ] ] } },
{ "type": "Feature", "properties": { "code": "30163", "stateCode": "30", "municipalityCode": "163", "name": "Tenochtitlán" }, "geometry": { "type": "Polygon", "coordinates": [ [ [ -96.948571580336818, 19.894298740037222 ], [ -96.930669819797046, 19.876454510112421 ], [ -96.912067550050295, 19.847966420263145 ], [ -96.913749479880664, 19.839486430245465 ], [ -96.905893370040758, 19.830069779883857 ], [ -96.911044229722108, 19.825914770165969 ], [ -96.898635490051092, 19.82345589036051 ], [ -96.900969519603834, 19.818753709807048 ], [ -96.895570139623104, 19.801128169832786 ], [ -96.897423909617615, 19.790793829741695 ], [ -96.889479650412696, 19.784732719701751 ], [ -96.905287630132193, 19.781750629897303 ], [ -96.895601510439988, 19.767567749992086 ], [ -96.903431289564494, 19.76899040036059 ], [ -96.907537080135583, 19.764775599596877 ], [ -96.932286880146947, 19.755157540164063 ], [ -96.944080030340274, 19.761800050328212 ], [ -96.946945399815348, 19.768358850179752 ], [ -96.94941148000963, 19.764721860422394 ], [ -96.956549769830332, 19.763404940312927 ], [ -96.963173820123373, 19.76996429022573 ], [ -96.972171939551941, 19.769307229935315 ], [ -96.972232659672372, 19.773010349728203 ], [ -96.967120659684952, 19.777132419940635 ], [ -96.968586510086467, 19.783922199679349 ], [ -96.984487049948115, 19.782846260419046 ], [ -96.988303950475768, 19.778861259918067 ], [ -96.989472970151695, 19.783055260228053 ], [ -96.994104319886759, 19.78499755012831 ], [ -96.993060110434442, 19.790970310310662 ], [ -96.996792650035005, 19.800259170083084 ], [ -96.98750551041401, 19.795608660317814 ], [ -96.975376169580315, 19.796863949779077 ], [ -96.971090579971417, 19.800855219676571 ], [ -96.977955490399737, 19.806019030067283 ], [ -96.964003950056011, 19.807393490248245 ], [ -96.959964109980305, 19.814842309739461 ], [ -96.964536339881803, 19.818423110142703 ], [ -96.964941890158926, 19.824152910220903 ], [ -96.974754600281059, 19.823801740381167 ], [ -96.975581510467137, 19.83212760024518 ], [ -96.982435689873952, 19.83336314955282 ], [ -96.986836219656709, 19.830710289686269 ], [ -96.988578120236284, 19.832827550070753 ], [ -96.974796339752274, 19.840985549792457 ], [ -96.974471419743423, 19.844945539600928 ], [ -96.958600860302766, 19.854649999702627 ], [ -96.955799539804488, 19.86253959970426 ], [ -96.949938710191319, 19.864487549833207 ], [ -96.955829539672578, 19.876992689566876 ], [ -96.956300089591096, 19.895211650189491 ], [ -96.948571580336818, 19.894298740037222 ] ] ] } },
{ "type": "Feature", "properties": { "code": "30115", "stateCode": "30", "municipalityCode": "115", "name": "Nogales" }, "geometry": { "type": "Polygon", "coordinates": [ [ [ -97.220542419648567, 18.911973970214504 ], [ -97.202872339924014, 18.876659570300781 ], [ -97.204958829555295, 18.872337420373846 ], [ -97.191168849972044, 18.868084569819789 ], [ -97.179209480243628, 18.855822370109948 ], [ -97.170696380303056, 18.839510260167554 ], [ -97.170724889763378, 18.830547579890144 ], [ -97.161057539421563, 18.834096260749014 ], [ -97.152465219694903, 18.827982060149303 ], [ -97.154679079817797, 18.819035289557856 ], [ -97.16584326019067, 18.811142400041724 ], [ -97.167769769842735, 18.806528280158822 ], [ -97.170123020319281, 18.809713581235645 ], [ -97.174503578960142, 18.809127110892668 ], [ -97.176558770353481, 18.815743970076657 ], [ -97.182698219683118, 18.814025720045947 ], [ -97.188066108718559, 18.817242229522833 ], [ -97.189824398553355, 18.812365660591617 ], [ -97.194718310171481, 18.813356940382015 ], [ -97.195549139047429, 18.807086569768732 ], [ -97.200292920339109, 18.805553951181107 ], [ -97.195941580270727, 18.801398659988976 ], [ -97.197759139879366, 18.793741540396834 ], [ -97.192314180053799, 18.790687259712705 ], [ -97.184862879969302, 18.797536680318682 ], [ -97.184004380190331, 18.785218079925045 ], [ -97.178196090173415, 18.786510350147346 ], [ -97.159539620336744, 18.77722542005715 ], [ -97.162483280332992, 18.77188871989193 ], [ -97.16173786027899, 18.763703689915143 ], [ -97.172723949552747, 18.762764659746246 ], [ -97.174308290064474, 18.758778660235762 ], [ -97.195891059883763, 18.758710169966246 ], [ -97.194294179538218, 18.769879979990321 ], [ -97.201168660362512, 18.776073110120215 ], [ -97.199515290449469, 18.77842049007084 ], [ -97.205220820112359, 18.778059060171035 ], [ -97.205951820244195, 18.782723354320346 ], [ -97.211440480286996, 18.783164110408979 ], [ -97.210895290052534, 18.787541889601059 ], [ -97.228040489795731, 18.793771400405038 ], [ -97.222511379692548, 18.807895000412852 ], [ -97.234542689663684, 18.811257200362093 ], [ -97.23262561991541, 18.816374459963569 ], [ -97.236330509989045, 18.820906850189825 ], [ -97.227493769602873, 18.819047380212936 ], [ -97.232428660351616, 18.832517659909762 ], [ -97.227451169731793, 18.842405140025409 ], [ -97.231119850249584, 18.853038150190386 ], [ -97.223675049893956, 18.863182780190151 ], [ -97.211671320336492, 18.868561909897942 ], [ -97.212658860384337, 18.879616489651251 ], [ -97.223329949548813, 18.888351819652648 ], [ -97.23214804986884, 18.903592740097626 ], [ -97.220542419648567, 18.911973970214504 ] ] ] } },
{ "type": "Feature", "properties": { "code": "30114", "stateCode": "30", "municipalityCode": "114", "name": "Nautla" }, "geometry": { "type": "Polygon", "coordinates": [ [ [ -96.784481349877069, 20.243505420269905 ], [ -96.771263620043129, 20.224681459732562 ], [ -96.710188660213106, 20.165220750449496 ], [ -96.705520709821116, 20.156946890214464 ], [ -96.715654690099669, 20.148680950072336 ], [ -96.704683970486684, 20.123618969647044 ], [ -96.693652749775922, 20.10761544974963 ], [ -96.708873449637593, 20.094565680419393 ], [ -96.701664119540183, 20.093244370426564 ], [ -96.699030420175944, 20.087296280024159 ], [ -96.680723600025019, 20.08235353960848 ], [ -96.697309830352069, 20.063646720441326 ], [ -96.699732850155144, 20.066171509883112 ], [ -96.711863950005878, 20.055530030185945 ], [ -96.706797309590485, 20.049874750129479 ], [ -96.717738259583243, 20.046527539594724 ], [ -96.728621540364983, 20.032880799602029 ], [ -96.739049510388838, 20.027243340227269 ], [ -96.737567739668464, 20.023860050060804 ], [ -96.742896970241105, 20.021185000285371 ], [ -96.762906229840908, 20.023753460159114 ], [ -96.767155289810518, 20.011400349772785 ], [ -96.772618319765797, 20.013458849911146 ], [ -96.77861017007109, 20.008700020315246 ], [ -96.818855549733456, 20.002314830363705 ], [ -96.82723770983678, 20.014444059920994 ], [ -96.848104230364768, 20.017721770114971 ], [ -96.847638909814478, 20.021791350098766 ], [ -96.853850280237396, 20.022920650373948 ], [ -96.858210089783981, 20.030328339743154 ], [ -96.864652580173015, 20.029565979978535 ], [ -96.86250605015546, 20.037924139933917 ], [ -96.86552273984546, 20.037239740021924 ], [ -96.865821950352839, 20.040814139572944 ], [ -96.858301799800103, 20.044630199911207 ], [ -96.861335600089006, 20.045137149710044 ], [ -96.859935079732026, 20.05104335027853 ], [ -96.861442769755712, 20.052857690199435 ], [ -96.862180249527611, 20.048824980152634 ], [ -96.868127339853743, 20.048586349605621 ], [ -96.866919020417797, 20.053890580033229 ], [ -96.872309110056818, 20.053219849665297 ], [ -96.863513179775438, 20.062367879865914 ], [ -96.875323479840162, 20.06076225028481 ], [ -96.88028489007003, 20.065056739687929 ], [ -96.881769260086912, 20.077805630003109 ], [ -96.886220619721342, 20.075611580075872 ], [ -96.887751349898281, 20.078966349592488 ], [ -96.895254819672985, 20.079998800267937 ], [ -96.89444961969194, 20.087567909703303 ], [ -96.897993910153389, 20.088331520058823 ], [ -96.893501230409214, 20.0895053801394 ], [ -96.900156879819434, 20.090975709631088 ], [ -96.899142950339808, 20.09429710993491 ], [ -96.896830880314127, 20.092975480314088 ], [ -96.895157819521543, 20.093225770342755 ], [ -96.899400849988965, 20.09626744998172 ], [ -96.896480249995264, 20.098086939932859 ], [ -96.903168909770031, 20.101223290008495 ], [ -96.908549080330332, 20.096331650052889 ], [ -96.913308420195662, 20.100235909673096 ], [ -96.909315710359408, 20.105993919687634 ], [ -96.910872000450993, 20.11060014039397 ], [ -96.905128890460063, 20.111415510077368 ], [ -96.905906860302807, 20.121127599995376 ], [ -96.898649029942447, 20.122088029973092 ], [ -96.897650969536954, 20.126567459657956 ], [ -96.89359133960383, 20.124266369546248 ], [ -96.894014110226465, 20.128601019640456 ], [ -96.890132999674606, 20.12765151997727 ], [ -96.891497519691285, 20.131804060173277 ], [ -96.8836460298714, 20.130456950227366 ], [ -96.883806289774725, 20.135517690333678 ], [ -96.875224680105902, 20.141224180283565 ], [ -96.8767173397557, 20.149700829670131 ], [ -96.874031260220946, 20.154299029804275 ], [ -96.868339259918017, 20.156275429686691 ], [ -96.862749749962674, 20.147024319772317 ], [ -96.858772030067016, 20.148664460095834 ], [ -96.859999310093443, 20.161578379743723 ], [ -96.85140524970052, 20.167080520414306 ], [ -96.850004519904346, 20.176445690054852 ], [ -96.852683400204114, 20.183665649962851 ], [ -96.863788919217995, 20.187138020932885 ], [ -96.865673479750455, 20.1982464599281 ], [ -96.857201059531718, 20.196953920330884 ], [ -96.854013860376895, 20.189456059888954 ], [ -96.834111119700225, 20.176368060108381 ], [ -96.823723679772371, 20.184723420216766 ], [ -96.821406419631401, 20.201211419982663 ], [ -96.813733939712293, 20.211494719951336 ], [ -96.797688659560166, 20.201563479650527 ], [ -96.78339284954852, 20.207212320285105 ], [ -96.776263630232179, 20.222679999746301 ], [ -96.778870489596969, 20.230786820058068 ], [ -96.787239579904949, 20.239096049752664 ], [ -96.784481349877069, 20.243505420269905 ] ] ] } },
{ "type": "Feature", "properties": { "code": "30113", "stateCode": "30", "municipalityCode": "113", "name": "Naranjal" }, "geometry": { "type": "Polygon", "coordinates": [ [ [ -96.971279029571107, 18.825081890378836 ], [ -96.964028369661875, 18.820459140187626 ], [ -96.96249464988415, 18.813915320315271 ], [ -96.951426169918165, 18.810539449946756 ], [ -96.949094459614571, 18.804041740064982 ], [ -96.926753250336745, 18.802516169836405 ], [ -96.924169649607535, 18.794880719981943 ], [ -96.932423999628469, 18.789718879865283 ], [ -96.940808629643172, 18.778285230340895 ], [ -96.954921139945853, 18.777145820244151 ], [ -96.962803719950188, 18.770685680267132 ], [ -96.969802919798028, 18.77332465024201 ], [ -96.980370649552469, 18.793590379588295 ], [ -96.974752059848527, 18.798795969544365 ], [ -96.977096309863484, 18.8205403101326 ], [ -96.971279029571107, 18.825081890378836 ] ] ] } },
{ "type": "Feature", "properties": { "code": "30010", "stateCode": "30", "municipalityCode": "010", "name": "Altotonga" }, "geometry": { "type": "Polygon", "coordinates": [ [ [ -96.9563150596735, 19.892535769773406 ], [ -96.955829539672578, 19.876992689566876 ], [ -96.949938710191319, 19.864487549833207 ], [ -96.955799539804488, 19.86253959970426 ], [ -96.958600860302766, 19.854649999702627 ], [ -96.974471419743423, 19.844945539600928 ], [ -96.974796339752274, 19.840985549792457 ], [ -96.988578120236284, 19.832827550070753 ], [ -96.986836219656709, 19.830710289686269 ], [ -96.982435689873952, 19.83336314955282 ], [ -96.975581510467137, 19.83212760024518 ], [ -96.974754600281059, 19.823801740381167 ], [ -96.964941890158926, 19.824152910220903 ], [ -96.964536339881803, 19.818423110142703 ], [ -96.959964109980305, 19.814842309739461 ], [ -96.964003950056011, 19.807393490248245 ], [ -96.977955490399737, 19.806019030067283 ], [ -96.971090579971417, 19.800855219676571 ], [ -96.975376169580315, 19.796863949779077 ], [ -96.98750551041401, 19.795608660317814 ], [ -96.996792650035005, 19.800259170083084 ], [ -96.993060110434442, 19.790970310310662 ], [ -96.995863549839839, 19.77674509019694 ], [ -97.005095019616377, 19.775997180363252 ], [ -97.020364750268214, 19.78791874965928 ], [ -97.025943170033003, 19.779987910347405 ], [ -97.036560570260463, 19.781217859817087 ], [ -97.056450090459947, 19.770884690033096 ], [ -97.058772980187896, 19.763898459795261 ], [ -97.062732089902653, 19.763340139921251 ], [ -97.062114629904769, 19.768215509866522 ], [ -97.071124379637254, 19.766147489642915 ], [ -97.07936925953554, 19.756046250170513 ], [ -97.077855379793846, 19.746230520023865 ], [ -97.10740756997798, 19.740509550290682 ], [ -97.116908060124075, 19.744229350058745 ], [ -97.130417949926041, 19.761334120198871 ], [ -97.138808319806444, 19.747729479764924 ], [ -97.143627430298181, 19.746348139692309 ], [ -97.144368519671801, 19.738941570289835 ], [ -97.153208000072127, 19.738627139703379 ], [ -97.16423698047619, 19.723922629649934 ], [ -97.167560720461978, 19.724212290399709 ], [ -97.169174420077155, 19.714579029551039 ], [ -97.179117799657988, 19.707612799674973 ], [ -97.183064290467783, 19.700340659746448 ], [ -97.182156909811553, 19.694431220343194 ], [ -97.185579690325198, 19.688371449787148 ], [ -97.199222170164134, 19.683330580288953 ], [ -97.196007340410645, 19.677890349786995 ], [ -97.216172351418265, 19.684958379928581 ], [ -97.223013109890459, 19.684144949690058 ], [ -97.223698220206387, 19.680188910119714 ], [ -97.228216050476604, 19.67864757967881 ], [ -97.247210350127332, 19.687765199647092 ], [ -97.256193849894885, 19.688109250230941 ], [ -97.259133819919981, 19.680119450292896 ], [ -97.247579450322036, 19.662584510191156 ], [ -97.236364779874876, 19.657014819806314 ], [ -97.23803905030212, 19.636795350277147 ], [ -97.257533139992461, 19.645709629778022 ], [ -97.261631049786985, 19.645636569769973 ], [ -97.267853749935185, 19.638007349652792 ], [ -97.277995490225962, 19.667494120166459 ], [ -97.280946820479357, 19.686097459898967 ], [ -97.270155710047206, 19.697705249917714 ], [ -97.271448966173281, 19.716914111228341 ], [ -97.281941620162428, 19.724770260246832 ], [ -97.283074110308405, 19.732004450041774 ], [ -97.281055180071121, 19.755832909889637 ], [ -97.272132820334321, 19.768781619808305 ], [ -97.259772090098764, 19.775809119735808 ], [ -97.265513060029591, 19.779833289652014 ], [ -97.261862310257754, 19.782400350122721 ], [ -97.263353680243299, 19.785404999921294 ], [ -97.260581420131786, 19.789018600426928 ], [ -97.255723800103709, 19.782526050218095 ], [ -97.249287739744091, 19.785859740215454 ], [ -97.250298510156583, 19.778710180361948 ], [ -97.233452250177976, 19.778406419880532 ], [ -97.229213599759348, 19.772743200134499 ], [ -97.208785940446518, 19.781801819981538 ], [ -97.199193350436317, 19.762436859929597 ], [ -97.188818679839656, 19.75685993954426 ], [ -97.18026543019343, 19.772625779895193 ], [ -97.182712909950965, 19.774292970086055 ], [ -97.181792779950655, 19.779187629893421 ], [ -97.187316020204847, 19.783027379805691 ], [ -97.185304739835587, 19.786946949995166 ], [ -97.17207297023198, 19.794490169925108 ], [ -97.166353250132701, 19.79122282008473 ], [ -97.162668339589729, 19.792914619948068 ], [ -97.154974720481675, 19.80327947980437 ], [ -97.151065289539815, 19.803489940276901 ], [ -97.138158970134441, 19.814538890191503 ], [ -97.134645980252898, 19.825741649578593 ], [ -97.137952650065017, 19.829424169921161 ], [ -97.131775749651823, 19.824974309602602 ], [ -97.123276750383468, 19.835113149871678 ], [ -97.124488979547181, 19.839225909939074 ], [ -97.119429629698075, 19.837284690104951 ], [ -97.115039980308211, 19.84509808038705 ], [ -97.104637660227098, 19.841455289770462 ], [ -97.102333049658853, 19.850278919594626 ], [ -97.096382460155169, 19.853914800227017 ], [ -97.086928320440407, 19.852157320124988 ], [ -97.083136800198233, 19.847761519921288 ], [ -97.072888999603009, 19.849555919752845 ], [ -97.072682320277607, 19.853133490214148 ], [ -97.070172309733053, 19.851760649782097 ], [ -97.06800518024265, 19.855799629581476 ], [ -97.057833279942074, 19.844096709561043 ], [ -97.050519050346651, 19.847287940430601 ], [ -97.056863860170154, 19.853764969962334 ], [ -97.045904090174176, 19.856062110360671 ], [ -97.031877769898927, 19.865260199674985 ], [ -97.017467740129447, 19.856897149656699 ], [ -97.008528320259131, 19.858338629760645 ], [ -97.009863170016772, 19.867365690356667 ], [ -97.004078180248229, 19.875106110122054 ], [ -97.005319939730228, 19.878854279903457 ], [ -97.002282829568614, 19.879247459999235 ], [ -97.003621430361818, 19.88273413989662 ], [ -96.995177999617383, 19.881846889993081 ], [ -96.987949580411254, 19.886527230256316 ], [ -96.974482320133703, 19.882137510450619 ], [ -96.9563150596735, 19.892535769773406 ] ] ] } },
{ "type": "Feature", "properties": { "code": "30097", "stateCode": "30", "municipalityCode": "097", "name": "Lerdo de Tejada" }, "geometry": { "type": "Polygon", "coordinates": [ [ [ -95.525304369848385, 18.713860659777545 ], [ -95.437057520115587, 18.710871909756765 ], [ -95.436985510447187, 18.707335979846491 ], [ -95.442569979980661, 18.705723149964786 ], [ -95.443243419637525, 18.701750309742465 ], [ -95.448115740089136, 18.704311200417543 ], [ -95.448674220486907, 18.697205779643781 ], [ -95.453315849677594, 18.695426090420579 ], [ -95.457718480107971, 18.698867679665227 ], [ -95.456539979903525, 18.694274920238225 ], [ -95.475236419764755, 18.683618380147593 ], [ -95.457977999828202, 18.65894276955423 ], [ -95.467237660319469, 18.655910460374525 ], [ -95.470109399795973, 18.647190859952957 ], [ -95.468323650201512, 18.630381080267842 ], [ -95.465108950093878, 18.629601339637816 ], [ -95.470996939690849, 18.627039940275946 ], [ -95.468100310031019, 18.603866830408876 ], [ -95.476717710076073, 18.603809289588149 ], [ -95.478792150422848, 18.608616549680718 ], [ -95.488894049849335, 18.607882029747802 ], [ -95.492854109813933, 18.611305000013342 ], [ -95.497790340184935, 18.608682879797367 ], [ -95.515401249866343, 18.608702219902426 ], [ -95.518502399543166, 18.61123410986481 ], [ -95.532531689606472, 18.606856379803929 ], [ -95.532717580068962, 18.609336540282602 ], [ -95.544731829804249, 18.608422660054867 ], [ -95.547713120186145, 18.615574110350007 ], [ -95.550839090272049, 18.616176509780093 ], [ -95.561442660110956, 18.640756679576967 ], [ -95.555862289977796, 18.650613719770547 ], [ -95.523793549541878, 18.658338170416044 ], [ -95.51188071008751, 18.664861340407587 ], [ -95.51362854033647, 18.674456650052576 ], [ -95.510585110440445, 18.68202977004654 ], [ -95.513630690400873, 18.682670830164248 ], [ -95.509932770087389, 18.688966520230643 ], [ -95.51540186029851, 18.700938509956121 ], [ -95.518098940027798, 18.698212739600006 ], [ -95.52169353990034, 18.703817650167863 ], [ -95.525304369848385, 18.713860659777545 ] ] ] } },
{ "type": "Feature", "properties": { "code": "30087", "stateCode": "30", "municipalityCode": "087", "name": "Xalapa" }, "geometry": { "type": "Polygon", "coordinates": [ [ [ -96.842223060480976, 19.599465369825946 ], [ -96.843909119606835, 19.591591770047252 ], [ -96.842883580446639, 19.589668569567156 ], [ -96.842185249930012, 19.593845199608918 ], [ -96.831240060261749, 19.593086720264125 ], [ -96.828539150031077, 19.597232780057858 ], [ -96.817341049663924, 19.587561320333482 ], [ -96.804704200024986, 19.584099380260142 ], [ -96.798973179880747, 19.567673770323751 ], [ -96.809996689879256, 19.559329860129875 ], [ -96.832499579698293, 19.563067599615881 ], [ -96.836258680193467, 19.555439750012482 ], [ -96.841509020069552, 19.554561710441867 ], [ -96.842175250438217, 19.546877510203345 ], [ -96.831845739551753, 19.544902630200781 ], [ -96.825353339703, 19.534767480396045 ], [ -96.837982479622383, 19.537613029811769 ], [ -96.839348089612301, 19.541516490141355 ], [ -96.849441880431257, 19.538562750373202 ], [ -96.826364479653179, 19.52328033960961 ], [ -96.822293979756139, 19.514965460082895 ], [ -96.824121950466136, 19.512679770097495 ], [ -96.828009889988621, 19.513596549946346 ], [ -96.829729030477012, 19.510860309904238 ], [ -96.83435424973446, 19.515096310194945 ], [ -96.860390429585834, 19.520898770398617 ], [ -96.862389540164926, 19.519320740311208 ], [ -96.857776179849068, 19.510607350389066 ], [ -96.862973089085955, 19.507223540162276 ], [ -96.868525479164035, 19.508506549789864 ], [ -96.864001770115038, 19.506384420421035 ], [ -96.873813149645059, 19.499858419626388 ], [ -96.876082689253934, 19.493953341004826 ], [ -96.882129200366919, 19.49504118118071 ], [ -96.892756969618972, 19.489517259664215 ], [ -96.898263169723378, 19.493275489572873 ], [ -96.89994156993987, 19.485497450366537 ], [ -96.905084979959454, 19.484591540185178 ], [ -96.9065878297491, 19.494154689574859 ], [ -96.917224119760974, 19.494380860200188 ], [ -96.922814510044603, 19.488384089906258 ], [ -96.93124570958912, 19.494283259794813 ], [ -96.93531968035083, 19.49286205981544 ], [ -96.941382319833821, 19.506814519944101 ], [ -96.937017650003284, 19.511121380288913 ], [ -96.942268660412921, 19.514280919617871 ], [ -96.947225399772336, 19.512906479952509 ], [ -96.951933580303688, 19.52222467997807 ], [ -96.951179909577775, 19.529818540073869 ], [ -96.957726830220338, 19.53346057019532 ], [ -96.964785199928485, 19.532038720293595 ], [ -96.96984994011062, 19.536765320214403 ], [ -96.968728709888609, 19.547551830196618 ], [ -96.95732693960079, 19.550919519560647 ], [ -96.955627660239827, 19.567029679621285 ], [ -96.939368849609991, 19.576525630297965 ], [ -96.918195118845276, 19.579182019826359 ], [ -96.903229859860915, 19.571632051266953 ], [ -96.898209860365739, 19.580830939629553 ], [ -96.88242568993951, 19.578620479642339 ], [ -96.874026149661859, 19.580997549740896 ], [ -96.872013029928453, 19.591818830091352 ], [ -96.849510060235659, 19.585061919602083 ], [ -96.842223060480976, 19.599465369825946 ] ] ] } },
{ "type": "Feature", "properties": { "code": "30149", "stateCode": "30", "municipalityCode": "149", "name": "Soteapan" }, "geometry": { "type": "Polygon", "coordinates": [ [ [ -94.837105679578968, 18.405948919656488 ], [ -94.833309459976618, 18.403941549882518 ], [ -94.834102509804367, 18.389712890130166 ], [ -94.828772400311777, 18.390771539926714 ], [ -94.827517770282853, 18.386830479991666 ], [ -94.829088600291698, 18.378452229746934 ], [ -94.825199430278744, 18.378739420084994 ], [ -94.817480019552278, 18.368533859866314 ], [ -94.828213750064847, 18.360796370087982 ], [ -94.827814770186947, 18.35652238006077 ], [ -94.833867710434006, 18.349426260199248 ], [ -94.832383480453032, 18.335572419749411 ], [ -94.836810799848337, 18.330356320082561 ], [ -94.835081400190774, 18.324183969698886 ], [ -94.837457119560781, 18.320530659643616 ], [ -94.832001030320598, 18.299436370461844 ], [ -94.822702379551416, 18.283578539574972 ], [ -94.824870399721902, 18.280015319702354 ], [ -94.821043290326514, 18.273377540160627 ], [ -94.814043400143632, 18.269485740394078 ], [ -94.814438460027162, 18.265005020150969 ], [ -94.82483218014157, 18.266762879832999 ], [ -94.826790679590871, 18.262220320181108 ], [ -94.835546629795843, 18.26240493963045 ], [ -94.835525680462709, 18.264657149793027 ], [ -94.851109520457172, 18.259502569726298 ], [ -94.853902709931361, 18.25574065025026 ], [ -94.850888709637232, 18.253991430338303 ], [ -94.852839480042746, 18.248168549600535 ], [ -94.859155940077528, 18.242702940193375 ], [ -94.852717260252945, 18.225742570203071 ], [ -94.860760229629676, 18.22450152039584 ], [ -94.854613980384428, 18.212641719825466 ], [ -94.851276600022771, 18.191579459605972 ], [ -94.8416737500891, 18.194266859563591 ], [ -94.842941510014299, 18.18304762011801 ], [ -94.839401120375996, 18.178609910254956 ], [ -94.845651089748529, 18.176754749557546 ], [ -94.846106779700264, 18.173585620190071 ], [ -94.843289230352724, 18.159494260442557 ], [ -94.840417380242684, 18.163152549935734 ], [ -94.8365074200224, 18.159614279814864 ], [ -94.831747169510962, 18.16178258040469 ], [ -94.82770228014418, 18.157920660154502 ], [ -94.825868490286609, 18.161543909924834 ], [ -94.824654880153389, 18.156280079835831 ], [ -94.819550910274216, 18.159570020173831 ], [ -94.816306980110369, 18.156090969775207 ], [ -94.816157550027214, 18.160046109650519 ], [ -94.807253339819951, 18.153756920178267 ], [ -94.802308349550572, 18.156834060046052 ], [ -94.801832950362339, 18.152016519850967 ], [ -94.797266398543584, 18.155208980820099 ], [ -94.794732250440106, 18.147447619822959 ], [ -94.798185889818612, 18.146292179880135 ], [ -94.796200350168476, 18.126643660263866 ], [ -94.815361380245093, 18.129197600448087 ], [ -94.818697320186885, 18.117137150144327 ], [ -94.833218200345897, 18.123953720415599 ], [ -94.836479120106063, 18.114502689692802 ], [ -94.843828320289049, 18.107839170189511 ], [ -94.842766770238498, 18.099849090357697 ], [ -94.852576489805742, 18.101637999562783 ], [ -94.854309829878304, 18.094281620237126 ], [ -94.859636450291219, 18.094149110355673 ], [ -94.859586690061576, 18.091965350225067 ], [ -94.855391060222388, 18.093022290234984 ], [ -94.851777519931943, 18.086680739666814 ], [ -94.847678770148633, 18.085376660155401 ], [ -94.850835910091135, 18.088682019779867 ], [ -94.845733800348782, 18.091532510244861 ], [ -94.842533479979451, 18.085984059982593 ], [ -94.804189400018018, 18.086497449551501 ], [ -94.804078889650043, 18.082017289766004 ], [ -94.800239000191809, 18.082036140120739 ], [ -94.800133510069045, 18.074112939688721 ], [ -94.795173059563481, 18.072167769696627 ], [ -94.812215089851094, 18.05087427998582 ], [ -94.820495489922436, 18.061109630049856 ], [ -94.838899570036332, 18.060286490247464 ], [ -94.849356370295183, 18.053714420389969 ], [ -94.855810539817057, 18.055882819843223 ], [ -94.859924849723839, 18.052485719723148 ], [ -94.864223079654181, 18.054982429587124 ], [ -94.877992370102262, 18.070457109761392 ], [ -94.881268109676668, 18.085992450217312 ], [ -94.878663860021504, 18.086470650181411 ], [ -94.882137169822585, 18.08895371984293 ], [ -94.879941909988631, 18.093360050032292 ], [ -94.88726865027067, 18.09803379972373 ], [ -94.883116450449734, 18.099779779857169 ], [ -94.885919710445719, 18.104788200297463 ], [ -94.884107180180919, 18.107090140215526 ], [ -94.891562260318665, 18.10697307969199 ], [ -94.890506310105437, 18.110735629841361 ], [ -94.8987472598767, 18.114117850039726 ], [ -94.911253830055401, 18.11537537991731 ], [ -94.911947949891456, 18.111663579972223 ], [ -94.921726680158088, 18.112474029583417 ], [ -94.918366769969992, 18.118663029706141 ], [ -94.913993139748925, 18.118588910199087 ], [ -94.917656399684375, 18.128870229618006 ], [ -94.922247379949312, 18.128789110283137 ], [ -94.923006340412897, 18.134649829748245 ], [ -94.934585890142387, 18.135411279658712 ], [ -94.937599400060321, 18.141095880140416 ], [ -94.980073600172588, 18.111907139935628 ], [ -94.989549430431083, 18.106399480398114 ], [ -94.991628419829055, 18.108465449798242 ], [ -94.992595290139278, 18.116590080173783 ], [ -94.989673029572572, 18.119460310401841 ], [ -94.992347779949782, 18.122327350020619 ], [ -94.989160879551122, 18.125885310317901 ], [ -94.99228666026363, 18.12981925981002 ], [ -94.97947542044507, 18.136858200206984 ], [ -94.97988207986711, 18.142089889892279 ], [ -94.9763169999311, 18.145295579636258 ], [ -94.965957479992227, 18.149546339789307 ], [ -94.9616562597962, 18.159409550366203 ], [ -94.964738450292657, 18.168888090156262 ], [ -94.967396859791933, 18.168254169841106 ], [ -94.964294230073321, 18.172716349698749 ], [ -94.967390179652043, 18.174227720281174 ], [ -94.96336556964043, 18.176319599750443 ], [ -94.965266000253081, 18.182090649689709 ], [ -94.960022219635036, 18.186735150271559 ], [ -94.958176749977184, 18.193946969935276 ], [ -94.9638981703946, 18.195713169790665 ], [ -94.964106179686411, 18.202689139912103 ], [ -94.961521539897561, 18.20446421976715 ], [ -94.964868770331492, 18.204050969899271 ], [ -94.96267219965965, 18.226675969540377 ], [ -94.959503420136869, 18.232163419698193 ], [ -94.967508980263588, 18.232845449560756 ], [ -94.976314799785143, 18.225726859795291 ], [ -94.981867049674747, 18.23199425039898 ], [ -94.980518849845751, 18.24675881991266 ], [ -94.98670091984296, 18.245506940388807 ], [ -94.985470579682627, 18.253142429985232 ], [ -94.988093749669744, 18.25438789030407 ], [ -94.985410000456582, 18.267167459737088 ], [ -94.981706140357588, 18.267328369761088 ], [ -94.98056308042824, 18.273804479662147 ], [ -94.994429630143813, 18.263592570321123 ], [ -94.993871490347388, 18.258964619770914 ], [ -94.99896445017437, 18.261180170066474 ], [ -94.995336879790685, 18.263589650173092 ], [ -94.99583281961722, 18.273534829816565 ], [ -94.99198046011405, 18.284152479659088 ], [ -94.997474449595714, 18.285608379587959 ], [ -94.995650780056451, 18.298484780118308 ], [ -95.001169489833146, 18.298393660044617 ], [ -95.001910949584712, 18.306376979748009 ], [ -94.989476799741325, 18.308444170073891 ], [ -94.987220860221697, 18.311562970366857 ], [ -94.993997830093676, 18.317810369567017 ], [ -94.995786200168837, 18.326272280374635 ], [ -95.010469019599569, 18.324139709976919 ], [ -95.017118089864638, 18.319338429732298 ], [ -95.019013999761242, 18.323709539721122 ], [ -95.024718260130854, 18.322802980345863 ], [ -95.031673880420769, 18.32654606016898 ], [ -95.025955659856308, 18.337510520151909 ], [ -95.014960379783957, 18.340355420306416 ], [ -95.003752229924729, 18.347867249773664 ], [ -94.993300830204987, 18.344082020070278 ], [ -94.985360450271955, 18.346776510138685 ], [ -94.973006829534654, 18.363869450156606 ], [ -94.951583149537541, 18.361047320262823 ], [ -94.946014549560076, 18.365501539827633 ], [ -94.938591319643351, 18.356843250344301 ], [ -94.92014910991935, 18.358782709954507 ], [ -94.916387179739772, 18.354021150358928 ], [ -94.904898579529259, 18.361202289930265 ], [ -94.899172080145632, 18.354147219610105 ], [ -94.895394489789297, 18.368590090333928 ], [ -94.880250709604582, 18.371809710285014 ], [ -94.880845859617779, 18.378763739896883 ], [ -94.8690911638394, 18.389696781332646 ], [ -94.866798180395037, 18.385942150338991 ], [ -94.858995550161069, 18.387671890216009 ], [ -94.861635970268978, 18.392642110113336 ], [ -94.858278619753378, 18.398630920070023 ], [ -94.840226280308428, 18.401950549594932 ], [ -94.837105679578968, 18.405948919656488 ] ] ] } },
{ "type": "Feature", "properties": { "code": "30150", "stateCode": "30", "municipalityCode": "150", "name": "Tamalín" }, "geometry": { "type": "MultiPolygon", "coordinates": [ [ [ [ -97.774668620460389, 21.362202690038124 ], [ -97.792314919580988, 21.33836491042187 ], [ -97.789330579876975, 21.333080369831166 ], [ -97.795214830334757, 21.326027920176326 ], [ -97.802998199684524, 21.324983419928223 ], [ -97.808472520197085, 21.320488940162416 ], [ -97.809734090371322, 21.3239759503053 ], [ -97.821308339702867, 21.325542659743579 ], [ -97.817415520123362, 21.343154479582878 ], [ -97.822383220398635, 21.344562580105183 ], [ -97.820839539948167, 21.348347749942 ], [ -97.795941650348837, 21.366936399754422 ], [ -97.774668620460389, 21.362202690038124 ] ] ], [ [ [ -97.748518779994896, 21.435769850397808 ], [ -97.760167490477485, 21.423643110224432 ], [ -97.760206119601904, 21.418635879573884 ], [ -97.754043880121969, 21.423570149591168 ], [ -97.752109950194367, 21.420538049643383 ], [ -97.755472830044013, 21.419719819918736 ], [ -97.752040649527956, 21.414754889634022 ], [ -97.762128479686922, 21.406457880316605 ], [ -97.775834830204133, 21.412461999789617 ], [ -97.779975319956648, 21.411497539763861 ], [ -97.780037149890518, 21.41533586002598 ], [ -97.793342769845466, 21.420518659676148 ], [ -97.801850020462112, 21.417013999921739 ], [ -97.794559709697253, 21.429099540247687 ], [ -97.787365690218849, 21.430636150097968 ], [ -97.779792739715219, 21.43839726026534 ], [ -97.778956859931696, 21.43545204973659 ], [ -97.772274019753311, 21.439690460397447 ], [ -97.763432920253024, 21.434085680238702 ], [ -97.755260289591945, 21.437633970281574 ], [ -97.751988860134205, 21.445594450011257 ], [ -97.748518779994896, 21.435769850397808 ] ] ], [ [ [ -97.643207420013084, 21.62680187970377 ], [ -97.530529540083592, 21.580853599971306 ], [ -97.513082319686248, 21.467008349737998 ], [ -97.519939629624631, 21.458849889981238 ], [ -97.525087280090275, 21.426507259678534 ], [ -97.538276309695789, 21.426585600010103 ], [ -97.544420090126593, 21.420512649980648 ], [ -97.529208659508555, 21.419543890278138 ], [ -97.527456490417848, 21.41357157045212 ], [ -97.519787399749561, 21.407797659613792 ], [ -97.526128660073667, 21.403048450111555 ], [ -97.538314319897992, 21.407079859856854 ], [ -97.546088629649205, 21.401934969994002 ], [ -97.546617459894875, 21.398186179830184 ], [ -97.552458819985404, 21.399011620178438 ], [ -97.55763800034137, 21.383495200166806 ], [ -97.565909940193833, 21.388484050387202 ], [ -97.574920830200298, 21.382926019916688 ], [ -97.576580179776784, 21.392950110382252 ], [ -97.581551769630082, 21.388949230037159 ], [ -97.583225479915484, 21.392977420292215 ], [ -97.586918220224362, 21.390467119680697 ], [ -97.585497770212967, 21.396446370243943 ], [ -97.589553490391879, 21.394567509692642 ], [ -97.589748150150996, 21.399297350227279 ], [ -97.598438230104449, 21.399999849695938 ], [ -97.596729629751863, 21.413022380166616 ], [ -97.589283480106502, 21.412318649644366 ], [ -97.589562280073068, 21.408965689594989 ], [ -97.581026749753619, 21.404559179641431 ], [ -97.562106570393311, 21.4128840501958 ], [ -97.565603580238303, 21.42106711983114 ], [ -97.567622259534986, 21.417260460438253 ], [ -97.572019859713279, 21.422111170337441 ], [ -97.570151259793491, 21.435110619559843 ], [ -97.564255429552233, 21.442733519885095 ], [ -97.570009079877224, 21.460754460106081 ], [ -97.568018489848185, 21.464227920374462 ], [ -97.575370250457411, 21.468627140024047 ], [ -97.584549310327418, 21.483081379570642 ], [ -97.590266509671437, 21.480809739917099 ], [ -97.595014909824016, 21.486759420272449 ], [ -97.601203319986183, 21.488023600061286 ], [ -97.60073551016265, 21.493644910161404 ], [ -97.604857060272309, 21.49287676960251 ], [ -97.603463949850081, 21.496028629588146 ], [ -97.606401599992964, 21.499237830008031 ], [ -97.611849569707474, 21.47167551028781 ], [ -97.618904429561042, 21.484354079646746 ], [ -97.632244429694239, 21.49182439954599 ], [ -97.651838220412799, 21.478451449860124 ], [ -97.645761089767348, 21.477799319566174 ], [ -97.649267449991939, 21.468733430145701 ], [ -97.653668349815334, 21.473796229943119 ], [ -97.663939969879578, 21.465055779772872 ], [ -97.674011619696202, 21.467784109633225 ], [ -97.675008779742612, 21.465185180352591 ], [ -97.682239939798038, 21.468238690412694 ], [ -97.680538650315626, 21.47036677019598 ], [ -97.688765770138644, 21.47193641968294 ], [ -97.690588979914821, 21.468045200064871 ], [ -97.699851119675714, 21.467275279802539 ], [ -97.706967969824291, 21.468644309844397 ], [ -97.703510280379703, 21.476514220443544 ], [ -97.706398980376036, 21.477769740331951 ], [ -97.712212029626272, 21.465677179834731 ], [ -97.722958600012021, 21.46550136970766 ], [ -97.728942719586357, 21.45542770979479 ], [ -97.739315090199014, 21.449877290262513 ], [ -97.750985319579641, 21.451653659740469 ], [ -97.759308120208757, 21.448804059603141 ], [ -97.76239098037972, 21.456946399761097 ], [ -97.757525540305423, 21.458677510450404 ], [ -97.757818950268103, 21.464561319924314 ], [ -97.751582399596359, 21.465496719599511 ], [ -97.744079819976307, 21.473928600258805 ], [ -97.73854055030526, 21.48784483022002 ], [ -97.747408089867037, 21.486944049970131 ], [ -97.747487920095409, 21.483469230117784 ], [ -97.753466600238269, 21.486477799732715 ], [ -97.757279109812998, 21.483613230375045 ], [ -97.771985090360289, 21.489155450158009 ], [ -97.770350740258607, 21.495860140153059 ], [ -97.751046280437663, 21.500283750036843 ], [ -97.749782950187011, 21.505358680095078 ], [ -97.742849400475791, 21.504621179872768 ], [ -97.750955579545334, 21.515017820182035 ], [ -97.747486059698176, 21.525991279579554 ], [ -97.750131770161786, 21.534609550003172 ], [ -97.736313489794483, 21.543489829905219 ], [ -97.726895949883257, 21.545091399676732 ], [ -97.7279177695588, 21.552926219930281 ], [ -97.718948689641039, 21.557311350225465 ], [ -97.71315298041138, 21.565436569855958 ], [ -97.713871520295413, 21.569166850038798 ], [ -97.72715798011852, 21.574289540360088 ], [ -97.720477059597243, 21.581531540218418 ], [ -97.721197289910606, 21.58568268957438 ], [ -97.727659089903653, 21.58937427957299 ], [ -97.723185050443945, 21.595048549743588 ], [ -97.724042999788281, 21.60574504971467 ], [ -97.716600570181441, 21.605422540110499 ], [ -97.695583079801949, 21.618575919869578 ], [ -97.687969910349608, 21.613236909705062 ], [ -97.679311169720933, 21.613126999967307 ], [ -97.668071659956908, 21.604911879699625 ], [ -97.643207420013084, 21.62680187970377 ] ] ] ] } },
{ "type": "Feature", "properties": { "code": "30148", "stateCode": "30", "municipalityCode": "148", "name": "Soledad de Doblado" }, "geometry": { "type": "Polygon", "coordinates": [ [ [ -96.445734080008279, 19.187651079557966 ], [ -96.44696291954385, 19.180084819767107 ], [ -96.443763980161961, 19.179849400218778 ], [ -96.443881350461169, 19.17647982956403 ], [ -96.4482379696816, 19.171819579973064 ], [ -96.438412970459353, 19.17003668993274 ], [ -96.433920169622951, 19.172229220158147 ], [ -96.433719170456612, 19.170167339787064 ], [ -96.430210420129853, 19.169254220448025 ], [ -96.433303050189636, 19.17135060017905 ], [ -96.428657690271663, 19.173077779944986 ], [ -96.425752430109895, 19.170351979606007 ], [ -96.427538820093176, 19.167273280146279 ], [ -96.418663219826101, 19.168942450272283 ], [ -96.418818599572475, 19.166380029750805 ], [ -96.414182680410676, 19.170894680070855 ], [ -96.411013369664559, 19.169162679579337 ], [ -96.408315080317777, 19.172468940355195 ], [ -96.400546379578628, 19.172962889709773 ], [ -96.409370030318968, 19.158919689634878 ], [ -96.413814180464229, 19.157281679938244 ], [ -96.415507909575823, 19.149505029714277 ], [ -96.40429952029082, 19.144012109647697 ], [ -96.407730350413274, 19.142960850199898 ], [ -96.407366580006354, 19.133869649965828 ], [ -96.398610720085173, 19.135335449805837 ], [ -96.395246059851743, 19.1107358201523 ], [ -96.399255089654034, 19.108685719779629 ], [ -96.396177910151877, 19.102962419948856 ], [ -96.397159709541242, 19.092896909572286 ], [ -96.393986690044443, 19.093592110054292 ], [ -96.392334720138436, 19.090375829840294 ], [ -96.380732519737009, 19.095602880319877 ], [ -96.375120549976018, 19.093635950275093 ], [ -96.381300400076682, 19.085706829621259 ], [ -96.379753460480202, 19.081017289639679 ], [ -96.371853659790347, 19.075601910148013 ], [ -96.377002880155175, 19.07160131986446 ], [ -96.37829786032222, 19.065144309799024 ], [ -96.381184540427654, 19.065644230400675 ], [ -96.390639800195771, 19.047731980401007 ], [ -96.40345744963679, 19.045430490219168 ], [ -96.402924000419532, 19.043144850130204 ], [ -96.411052709806455, 19.03974166023761 ], [ -96.405826459665093, 19.037001050170154 ], [ -96.402212779814207, 19.040574280205909 ], [ -96.395993520138148, 19.037922920018246 ], [ -96.399183219868902, 19.032297459894632 ], [ -96.389857150362374, 19.025071829932987 ], [ -96.366609779596914, 19.018904860293055 ], [ -96.353911089871062, 19.020507310287147 ], [ -96.352182429607851, 19.015342820136471 ], [ -96.341695250014666, 19.016674919718518 ], [ -96.337075089946623, 19.012812250268166 ], [ -96.334448280427665, 19.002891799721844 ], [ -96.326654020226997, 18.998835969657325 ], [ -96.319890139563071, 18.999399580423908 ], [ -96.324580599588913, 18.97802052023966 ], [ -96.314511119524454, 18.978997290111494 ], [ -96.314167090312026, 18.974325000312426 ], [ -96.317703680309151, 18.97030962996763 ], [ -96.321094680339769, 18.970918630419281 ], [ -96.322799969625805, 18.964089429553962 ], [ -96.325984320055682, 18.963261259588364 ], [ -96.326720450131063, 18.96696505978008 ], [ -96.343227630466558, 18.969534059987275 ], [ -96.343258319892925, 18.975399740215803 ], [ -96.350096719867594, 18.974649170324525 ], [ -96.356817030078616, 18.958369459585132 ], [ -96.372724369727223, 18.945754830389212 ], [ -96.373979380072797, 18.948609430105193 ], [ -96.378914909853052, 18.947467350077535 ], [ -96.378671049899296, 18.944067249990763 ], [ -96.392885879668228, 18.943460050311135 ], [ -96.396054060426948, 18.935710319933065 ], [ -96.409351920054803, 18.93626141986827 ], [ -96.410721569879954, 18.939954849601989 ], [ -96.413401629692004, 18.93696746013336 ], [ -96.426519489847124, 18.944457800369296 ], [ -96.429094649910084, 18.937948429675828 ], [ -96.433977780332611, 18.937009050131813 ], [ -96.450020569589697, 18.949286800318141 ], [ -96.451693179725353, 18.945526140074978 ], [ -96.459537659829024, 18.946345920092341 ], [ -96.462228319548245, 18.939130309604259 ], [ -96.49200294963903, 18.934036579831954 ], [ -96.495410109572703, 18.938746939791915 ], [ -96.500349779553375, 18.939000370129513 ], [ -96.519728679728189, 18.952049539732748 ], [ -96.533033480131266, 18.952403969907898 ], [ -96.531386150117783, 18.956136710352943 ], [ -96.535295289613856, 18.955122320062621 ], [ -96.536819939706817, 18.959911909828858 ], [ -96.54124908970978, 18.958079649920283 ], [ -96.538206369972357, 18.962031649636256 ], [ -96.544123110375608, 18.962502889830997 ], [ -96.546026880146968, 18.959495629732828 ], [ -96.550704979902449, 18.962768119680138 ], [ -96.549971659713677, 18.965539290203196 ], [ -96.55723827956615, 18.965526450174192 ], [ -96.559830450254964, 18.974650179663616 ], [ -96.558011459697354, 18.977000149702015 ], [ -96.54402968958253, 18.974902250129862 ], [ -96.535798249851581, 18.979916199912154 ], [ -96.528632599712978, 18.978263909679445 ], [ -96.524861289988962, 18.991258339553884 ], [ -96.510269480155458, 18.994309420284463 ], [ -96.509944539687254, 18.997064050386829 ], [ -96.494186379584605, 18.993299980202615 ], [ -96.493812680134027, 18.989017179748593 ], [ -96.487668939972281, 18.986472379673085 ], [ -96.491931879789021, 19.018638769594247 ], [ -96.490282709916343, 19.029807580446445 ], [ -96.482516320333673, 19.029747749922368 ], [ -96.484931549949707, 19.037755569886279 ], [ -96.482468050114065, 19.044925309925702 ], [ -96.486583490256223, 19.042656339863665 ], [ -96.487201139706741, 19.048101569836557 ], [ -96.499734820020322, 19.045472450416668 ], [ -96.503357020143184, 19.050913880124345 ], [ -96.506142879644671, 19.047678339964463 ], [ -96.501530940396421, 19.042818650414976 ], [ -96.504030799784431, 19.038915820141899 ], [ -96.51394710986483, 19.041039170045323 ], [ -96.514100520342254, 19.047508170339018 ], [ -96.51796665981631, 19.043741720277943 ], [ -96.529361520338441, 19.043804489649581 ], [ -96.534480709664862, 19.045408170072353 ], [ -96.536411719776325, 19.050215309574877 ], [ -96.538572169547166, 19.049142860006011 ], [ -96.542348379654413, 19.057081119778701 ], [ -96.545738090138386, 19.056471119812812 ], [ -96.545226880401827, 19.051698380432082 ], [ -96.549436119543827, 19.058218369732081 ], [ -96.551759719799648, 19.055615739871907 ], [ -96.56540632018779, 19.060011600211912 ], [ -96.56611554031943, 19.056536120240661 ], [ -96.584259139613465, 19.071575769588193 ], [ -96.570444220309923, 19.069393429651569 ], [ -96.56857061991316, 19.073015629768626 ], [ -96.561393940049072, 19.074049429562017 ], [ -96.557161719957804, 19.07889882020919 ], [ -96.564001939995791, 19.080378289640631 ], [ -96.564400820184247, 19.087091119909815 ], [ -96.569512719940391, 19.092841910429406 ], [ -96.567684779713332, 19.100763710107859 ], [ -96.561810179777552, 19.098001830084335 ], [ -96.558825940016888, 19.103320149823176 ], [ -96.554945020484965, 19.100860779768201 ], [ -96.551619659639826, 19.10339398032313 ], [ -96.551522630299203, 19.100669749594893 ], [ -96.546244940061655, 19.10574329037787 ], [ -96.550099850018327, 19.112253679948179 ], [ -96.561560479751662, 19.11214469028841 ], [ -96.560473679801262, 19.119195890205745 ], [ -96.57027950989675, 19.118914050299374 ], [ -96.57377937975329, 19.133044340192516 ], [ -96.550785000387691, 19.131895080396603 ], [ -96.5517304595231, 19.129479280304835 ], [ -96.537240749787998, 19.131655480138605 ], [ -96.532650580318759, 19.136037519568045 ], [ -96.516045119608435, 19.136905819578384 ], [ -96.515150630274618, 19.134482029616429 ], [ -96.501292049759172, 19.138079459609028 ], [ -96.494578569848414, 19.136082720275699 ], [ -96.493708490422492, 19.145879249813525 ], [ -96.501984570454525, 19.143724169688042 ], [ -96.498846290076045, 19.149610650266936 ], [ -96.502953680333547, 19.155740569573283 ], [ -96.497504600361054, 19.15897678002565 ], [ -96.497840179606484, 19.168404399851951 ], [ -96.48766790991327, 19.172888260029801 ], [ -96.491702720280287, 19.1738741098719 ], [ -96.489602550345126, 19.178248830208201 ], [ -96.479311310348734, 19.181778939843518 ], [ -96.475982820287939, 19.176764859578846 ], [ -96.475559150086511, 19.181160980148249 ], [ -96.467886000255319, 19.177868650396274 ], [ -96.468052000321308, 19.183726350237116 ], [ -96.46713071000768, 19.184019740221256 ], [ -96.463799259676918, 19.178696599965708 ], [ -96.465374290064659, 19.18447374999954 ], [ -96.460769169892444, 19.183013090291809 ], [ -96.454807910211684, 19.18706439970369 ], [ -96.445734080008279, 19.187651079557966 ] ] ] } },
{ "type": "Feature", "properties": { "code": "30147", "stateCode": "30", "municipalityCode": "147", "name": "Soledad Atzompa" }, "geometry": { "type": "Polygon", "coordinates": [ [ [ -97.206465783846269, 18.780434936385973 ], [ -97.203941740460593, 18.777549419754727 ], [ -97.199515290449469, 18.77842049007084 ], [ -97.201168660362512, 18.776073110120215 ], [ -97.19457127403787, 18.771101480386534 ], [ -97.195891059883763, 18.758710169966246 ], [ -97.187711829743222, 18.757039830190784 ], [ -97.174308290064474, 18.758778660235762 ], [ -97.174415179575007, 18.761905679736547 ], [ -97.166362309744471, 18.763965520181188 ], [ -97.144691549738269, 18.762012320011067 ], [ -97.140217799686596, 18.763284820283676 ], [ -97.140616200426635, 18.76724914996602 ], [ -97.134692400020995, 18.766501280327532 ], [ -97.131691520386951, 18.770000370095257 ], [ -97.130634999538501, 18.765538830356984 ], [ -97.135515539779519, 18.761641820244062 ], [ -97.132870459582094, 18.753036200379611 ], [ -97.135643340353553, 18.737886579976447 ], [ -97.132225180190943, 18.730320309563428 ], [ -97.137552689716117, 18.715593969925646 ], [ -97.135894769911275, 18.683859479937013 ], [ -97.146031520115457, 18.673399739940646 ], [ -97.151295550075247, 18.672196490407543 ], [ -97.159645369977213, 18.685163370329107 ], [ -97.168815420014354, 18.685538829953057 ], [ -97.186770089629093, 18.672385350267461 ], [ -97.183579750333678, 18.669380769923656 ], [ -97.185376000304856, 18.667762250151984 ], [ -97.180670149817999, 18.665359380379851 ], [ -97.177895969775165, 18.658735110112726 ], [ -97.171304969789176, 18.664305539760328 ], [ -97.158873940420975, 18.664229580291487 ], [ -97.156550510070147, 18.660303019866198 ], [ -97.165752539891542, 18.652686319624515 ], [ -97.175484719604214, 18.654404250333865 ], [ -97.183352490259338, 18.649100289610491 ], [ -97.183123650219628, 18.646306519654466 ], [ -97.191331319893948, 18.646822289749661 ], [ -97.197862259982344, 18.638876279974802 ], [ -97.207674619994179, 18.637743289952699 ], [ -97.208484000085335, 18.633486179922865 ], [ -97.228596180213344, 18.639373819785185 ], [ -97.237697279934409, 18.64723036975191 ], [ -97.243802830237456, 18.646925490351205 ], [ -97.240287289972102, 18.666266140093722 ], [ -97.2365074895677, 18.670697579801949 ], [ -97.230683719588441, 18.665927579579954 ], [ -97.227752449526776, 18.668229290428997 ], [ -97.23102292017326, 18.67237408033882 ], [ -97.230623800197932, 18.681099370393127 ], [ -97.222453879728121, 18.683478600049423 ], [ -97.219303859775906, 18.691145419650496 ], [ -97.218933479762356, 18.693140180196288 ], [ -97.224198089535079, 18.690052490048597 ], [ -97.229228909635836, 18.691638649935957 ], [ -97.233507690426464, 18.702018430306289 ], [ -97.215768049533395, 18.720332030226881 ], [ -97.223680540364541, 18.731945290332504 ], [ -97.219359890269303, 18.739419919949498 ], [ -97.21561085040203, 18.737700020271909 ], [ -97.208824430084547, 18.744497829608385 ], [ -97.225347340276258, 18.758287289951792 ], [ -97.215289180258111, 18.76639003015196 ], [ -97.218474320371783, 18.769416150077163 ], [ -97.206465783846269, 18.780434936385973 ] ] ] } },
{ "type": "Feature", "properties": { "code": "30064", "stateCode": "30", "municipalityCode": "064", "name": "Chumatlán" }, "geometry": { "type": "Polygon", "coordinates": [ [ [ -97.558027150410339, 20.249566510177903 ], [ -97.545253909992567, 20.245723150264737 ], [ -97.547397879665198, 20.240698740347248 ], [ -97.557568049542795, 20.237211319709374 ], [ -97.561377399557202, 20.228452709673377 ], [ -97.567382279664358, 20.228106539670211 ], [ -97.569628890285585, 20.220475179894404 ], [ -97.575920219894272, 20.217556679813502 ], [ -97.567519170240899, 20.211876970118084 ], [ -97.568494859773594, 20.205887259811817 ], [ -97.579382049522195, 20.197798800092666 ], [ -97.602394309825954, 20.194242319612837 ], [ -97.599928819974764, 20.196554510295726 ], [ -97.602113290288997, 20.202451420246927 ], [ -97.611077550413697, 20.20618631025232 ], [ -97.611651720070839, 20.221273600250882 ], [ -97.605709949665666, 20.22066401997909 ], [ -97.603295540117657, 20.22496890978509 ], [ -97.609342860138895, 20.227063109600373 ], [ -97.6099845699068, 20.23525290971617 ], [ -97.591660369715157, 20.244792369593643 ], [ -97.580120540174818, 20.246374649775131 ], [ -97.578977229585661, 20.243120819814621 ], [ -97.564433419581817, 20.242434140048402 ], [ -97.558027150410339, 20.249566510177903 ] ] ] } },
{ "type": "Feature", "properties": { "code": "30074", "stateCode": "30", "municipalityCode": "074", "name": "Huiloapan de Cuauhtémoc" }, "geometry": { "type": "Polygon", "coordinates": [ [ [ -97.134819480224806, 18.836699020754036 ], [ -97.126833738684169, 18.835751250572581 ], [ -97.117234570483532, 18.828954749705858 ], [ -97.104137649604866, 18.834425380379415 ], [ -97.097929680269758, 18.833044199996696 ], [ -97.095089080152434, 18.824188749707275 ], [ -97.122782110058353, 18.812423949880358 ], [ -97.120772149800402, 18.807362369644764 ], [ -97.13176670983421, 18.796422059654045 ], [ -97.143275350254655, 18.796734419609987 ], [ -97.166405238399776, 18.805451016890125 ], [ -97.16584326019067, 18.811142400041724 ], [ -97.154679079817797, 18.819035289557856 ], [ -97.15030379876643, 18.830203179526034 ], [ -97.134819480224806, 18.836699020754036 ] ] ] } },
{ "type": "Feature", "properties": { "code": "30168", "stateCode": "30", "municipalityCode": "168", "name": "Tequila" }, "geometry": { "type": "Polygon", "coordinates": [ [ [ -96.97498088000512, 18.798438550133298 ], [ -96.980370649552469, 18.793590379588295 ], [ -96.975898650350388, 18.781052339671046 ], [ -96.969802919798028, 18.77332465024201 ], [ -96.959822090184431, 18.768994350018581 ], [ -96.963625849541259, 18.764764290070467 ], [ -96.952547339777723, 18.75368205007581 ], [ -96.985870120132645, 18.727090349916381 ], [ -96.988128229621125, 18.714535749674408 ], [ -96.995163280090509, 18.709773399872194 ], [ -96.993119539602247, 18.703910289806231 ], [ -96.999404350462157, 18.70531451960316 ], [ -97.000944949566389, 18.701694219986003 ], [ -97.007346399904932, 18.700558540100172 ], [ -97.032837519851086, 18.708345399669589 ], [ -97.036040289970856, 18.703315570399806 ], [ -97.039534199767814, 18.703994019749231 ], [ -97.043077369891421, 18.712968089867246 ], [ -97.052396970230703, 18.714507659907483 ], [ -97.054183860122478, 18.711850079753876 ], [ -97.047995479669538, 18.706441710076497 ], [ -97.049178179989966, 18.704013910388497 ], [ -97.062186350421669, 18.706256649855586 ], [ -97.073940710142878, 18.701987310311285 ], [ -97.076336920024744, 18.703983750044038 ], [ -97.074210250390223, 18.712709020343112 ], [ -97.085455779831079, 18.716049889675801 ], [ -97.086425199683887, 18.70829660043151 ], [ -97.09175389037965, 18.706414080397835 ], [ -97.101873980134144, 18.706153909897687 ], [ -97.100209850062512, 18.712549679618007 ], [ -97.107722520036333, 18.710910779558279 ], [ -97.112888079645629, 18.701879460032838 ], [ -97.128324710271926, 18.704103890366561 ], [ -97.121076490205994, 18.708358380418847 ], [ -97.126871880315505, 18.716380400298043 ], [ -97.126811309682083, 18.724326379782056 ], [ -97.135540229567283, 18.737008429897855 ], [ -97.132870459582094, 18.753036200379611 ], [ -97.135384249723458, 18.762937619695688 ], [ -97.130731120031228, 18.76625693967685 ], [ -97.127270830288623, 18.766510000052708 ], [ -97.117670749701574, 18.756963980087622 ], [ -97.111621660096716, 18.756926050254581 ], [ -97.104538350422729, 18.748787349899047 ], [ -97.091482049659788, 18.749939509614236 ], [ -97.086193450276753, 18.75753092010244 ], [ -97.079879419627503, 18.757615969540733 ], [ -97.069484880158441, 18.74715048036628 ], [ -97.065002919934756, 18.755161719994636 ], [ -97.066693980293564, 18.759132580009997 ], [ -97.058342369995543, 18.759829660420365 ], [ -97.04804918017372, 18.752904029926643 ], [ -97.046986169570658, 18.747545549568219 ], [ -97.039257649719644, 18.748147290422853 ], [ -97.024327450122513, 18.756535379570256 ], [ -97.02209436990438, 18.762628570022546 ], [ -97.012627449940425, 18.756425179622457 ], [ -97.00721322031221, 18.771086430351691 ], [ -96.997343779542973, 18.769263059722505 ], [ -96.984066999772665, 18.778698800282193 ], [ -96.987936819634029, 18.794441489880342 ], [ -96.97498088000512, 18.798438550133298 ] ] ] } },
{ "type": "Feature", "properties": { "code": "30166", "stateCode": "30", "municipalityCode": "166", "name": "Tepetlán" }, "geometry": { "type": "Polygon", "coordinates": [ [ [ -96.769020799711427, 19.735376179594091 ], [ -96.769452260329388, 19.727402659738559 ], [ -96.762417889760997, 19.732341139713657 ], [ -96.760254509574125, 19.729010939550374 ], [ -96.750632880109947, 19.726545279879485 ], [ -96.74980739996181, 19.715069539603927 ], [ -96.741304400393574, 19.708983280113689 ], [ -96.73910309036259, 19.714117309787884 ], [ -96.735514319581114, 19.713105620432657 ], [ -96.729980380185722, 19.719016280115547 ], [ -96.724284779740884, 19.709789569853871 ], [ -96.717371179576986, 19.706692980291816 ], [ -96.714477029816265, 19.694589659542167 ], [ -96.720207800331451, 19.695242169844803 ], [ -96.726546889685409, 19.683116580194802 ], [ -96.727670830452681, 19.673556830248138 ], [ -96.743749229818988, 19.67371042043937 ], [ -96.734901199608842, 19.666051000104122 ], [ -96.737306139703691, 19.663152579586427 ], [ -96.744459020229257, 19.663167320457436 ], [ -96.744233169918374, 19.644182420325642 ], [ -96.749721510180166, 19.63557601969752 ], [ -96.753107950480626, 19.637251829696162 ], [ -96.751542479896358, 19.631974280027052 ], [ -96.756857780008474, 19.631046509678697 ], [ -96.751215679735964, 19.626735969544605 ], [ -96.752782950481659, 19.625173539797512 ], [ -96.747457249808676, 19.617614850008767 ], [ -96.754199150002165, 19.616330539608498 ], [ -96.754146109808573, 19.613498570094304 ], [ -96.759296819947934, 19.615568429546947 ], [ -96.760124830002738, 19.611610940120741 ], [ -96.767267120323268, 19.620163180151639 ], [ -96.76995282964981, 19.604030060062907 ], [ -96.777616120304501, 19.602792970128739 ], [ -96.783287660314684, 19.593253339951161 ], [ -96.796571139768133, 19.592947030028515 ], [ -96.809335459894498, 19.608985889627075 ], [ -96.809285309616527, 19.612869400182703 ], [ -96.795351890036571, 19.621614430327551 ], [ -96.794181250277276, 19.635119259748191 ], [ -96.801583150241342, 19.649045979958949 ], [ -96.810422110302639, 19.656589029912446 ], [ -96.816297310192226, 19.654223060060467 ], [ -96.822375820329484, 19.666504649565887 ], [ -96.829375879886697, 19.669726230093886 ], [ -96.830982629781928, 19.67293002996178 ], [ -96.823999289956788, 19.67301429005396 ], [ -96.830263749784194, 19.683467000230547 ], [ -96.822358940335775, 19.683483460393266 ], [ -96.822829650382445, 19.693979260043676 ], [ -96.814698919955291, 19.692697289811001 ], [ -96.813562319912918, 19.698891459962152 ], [ -96.795054579821127, 19.699812399835864 ], [ -96.79184747960123, 19.716878429833052 ], [ -96.788970369571743, 19.711477349844703 ], [ -96.773073739910984, 19.713078890131591 ], [ -96.78163889000345, 19.724920579600489 ], [ -96.773770350441978, 19.728402199569437 ], [ -96.769020799711427, 19.735376179594091 ] ] ] } },
{ "type": "Feature", "properties": { "code": "30165", "stateCode": "30", "municipalityCode": "165", "name": "Tepatlaxco" }, "geometry": { "type": "Polygon", "coordinates": [ [ [ -96.882804350002388, 19.093921909866445 ], [ -96.851761350473723, 19.084830570018877 ], [ -96.843937509615316, 19.075245940326599 ], [ -96.838554949582701, 19.078444999793081 ], [ -96.838826019575549, 19.06932942977328 ], [ -96.805353199937443, 19.030756349767575 ], [ -96.80458822007742, 19.02598054982851 ], [ -96.811488509946415, 19.009124430047116 ], [ -96.832858090141201, 19.003394680031413 ], [ -96.838487479813196, 19.008510479758705 ], [ -96.839312419730007, 19.005263139858066 ], [ -96.847212709529785, 19.002809949950631 ], [ -96.852996400365143, 19.008929940089637 ], [ -96.867503909662005, 19.012404769750376 ], [ -96.872345489813824, 19.010413369684315 ], [ -96.871363540476693, 19.007521719650349 ], [ -96.882972539726765, 19.005591419662796 ], [ -96.883564509819166, 19.010733980411295 ], [ -96.879612369795396, 19.016596679843406 ], [ -96.881605520177956, 19.030496890335108 ], [ -96.878927340358075, 19.034690229854885 ], [ -96.882377660012978, 19.039748379602457 ], [ -96.874407459752732, 19.046299219882687 ], [ -96.892897819846468, 19.061370939923215 ], [ -96.895378349798207, 19.06906082028199 ], [ -96.892793830382757, 19.081590750317456 ], [ -96.896690220323137, 19.084592320017695 ], [ -96.894604679807486, 19.090067740397068 ], [ -96.882804350002388, 19.093921909866445 ] ] ] } },
{ "type": "Feature", "properties": { "code": "30164", "stateCode": "30", "municipalityCode": "164", "name": "Teocelo" }, "geometry": { "type": "Polygon", "coordinates": [ [ [ -96.987787419837701, 19.403473090262676 ], [ -96.980610940071969, 19.40251541994504 ], [ -96.979087579559263, 19.398530000026778 ], [ -96.970587219977702, 19.401836169721385 ], [ -96.930783380330865, 19.389790309829742 ], [ -96.926301369613796, 19.383713309868181 ], [ -96.921583649961576, 19.384478000008411 ], [ -96.907333400147095, 19.37513692028925 ], [ -96.905492579737356, 19.36868149018612 ], [ -96.89520151994985, 19.371806030285558 ], [ -96.893463910110029, 19.379317599821452 ], [ -96.885995519912768, 19.385081620125231 ], [ -96.884240600115433, 19.381674320052962 ], [ -96.869981149766204, 19.380348369897824 ], [ -96.862815690037891, 19.381107879682414 ], [ -96.860061049918642, 19.384433179943585 ], [ -96.857771580076417, 19.379785620174626 ], [ -96.846451079952388, 19.376439739774668 ], [ -96.845884230415635, 19.372915370066224 ], [ -96.841731029791887, 19.373987630053822 ], [ -96.844343220270602, 19.368988920019429 ], [ -96.85592468978642, 19.372501749899001 ], [ -96.854692019818714, 19.364635150047651 ], [ -96.859021430136835, 19.364273779642691 ], [ -96.869103029836637, 19.354989430079179 ], [ -96.872164399754311, 19.35924048043163 ], [ -96.872843879604005, 19.352908549804191 ], [ -96.879437139699732, 19.353283089633454 ], [ -96.88153775030149, 19.344749910303868 ], [ -96.886412579799313, 19.34292264975922 ], [ -96.904041719804951, 19.345268199881652 ], [ -96.9163220004544, 19.351983050017811 ], [ -96.922270520255267, 19.349184939829968 ], [ -96.931595200215469, 19.369896030415987 ], [ -96.933481219813913, 19.365589349626333 ], [ -96.941718079764485, 19.364574889632284 ], [ -96.944240859774723, 19.368638599620819 ], [ -96.971449920173654, 19.355940919554968 ], [ -96.991381339838924, 19.359966479558167 ], [ -96.999743889531217, 19.355786370171849 ], [ -97.012807169677643, 19.355067489889425 ], [ -97.015402369660109, 19.360976600204896 ], [ -97.005077680022509, 19.372845279952497 ], [ -96.997202279560341, 19.37447057022251 ], [ -97.002755939907644, 19.37663517989315 ], [ -96.99958078036471, 19.380462580086093 ], [ -97.003210019967881, 19.383617060419795 ], [ -97.009407969696625, 19.382170460283589 ], [ -97.014506019624093, 19.386482719593037 ], [ -97.027780509720728, 19.3857306500568 ], [ -97.030596800062611, 19.391604030285446 ], [ -97.020214940293698, 19.396658629993791 ], [ -97.011625689980278, 19.393294549721087 ], [ -96.987787419837701, 19.403473090262676 ] ] ] } },
{ "type": "Feature", "properties": { "code": "30126", "stateCode": "30", "municipalityCode": "126", "name": "Paso de Ovejas" }, "geometry": { "type": "Polygon", "coordinates": [ [ [ -96.376862380416725, 19.365041880333436 ], [ -96.371721549770427, 19.362608089625542 ], [ -96.373552309813391, 19.357935150359669 ], [ -96.35874853988571, 19.347923429641934 ], [ -96.35981857014923, 19.342694090201658 ], [ -96.349435709593109, 19.341242260366691 ], [ -96.351329920450354, 19.33285114027052 ], [ -96.354537279998937, 19.33258536959449 ], [ -96.346956630447366, 19.325314719632569 ], [ -96.345734029934263, 19.314625200116069 ], [ -96.322050750116475, 19.295563450191381 ], [ -96.327942280303461, 19.292977649653931 ], [ -96.327360740243989, 19.287135200104348 ], [ -96.340047950198084, 19.248852259637513 ], [ -96.339526220392258, 19.231060050374552 ], [ -96.326969000135634, 19.217797519643202 ], [ -96.334817369834226, 19.205583549705636 ], [ -96.332318460413205, 19.198782949682709 ], [ -96.354045460183812, 19.193331660033536 ], [ -96.359558649777213, 19.188854829686633 ], [ -96.366090599744211, 19.191531859704881 ], [ -96.370113570126875, 19.197506340051842 ], [ -96.3817988500453, 19.188227140422381 ], [ -96.404151000014181, 19.186345850204983 ], [ -96.411037799685388, 19.181915580231575 ], [ -96.420930310412317, 19.1893804496498 ], [ -96.433784739650207, 19.183744139542462 ], [ -96.446217880080894, 19.187915689642857 ], [ -96.454807910211684, 19.18706439970369 ], [ -96.460769169892444, 19.183013090291809 ], [ -96.465374290064659, 19.18447374999954 ], [ -96.463514779879375, 19.181500849647211 ], [ -96.463263919640937, 19.17937984999104 ], [ -96.463799259676918, 19.178696599965708 ], [ -96.46713071000768, 19.184019740221256 ], [ -96.467886000255319, 19.177868650396274 ], [ -96.475559150086511, 19.181160980148249 ], [ -96.475982820287939, 19.176764859578846 ], [ -96.479311310348734, 19.181778939843518 ], [ -96.483200030414011, 19.181283049788327 ], [ -96.49139162035766, 19.17552100026575 ], [ -96.487834059575448, 19.174812320045117 ], [ -96.49049915011507, 19.170053250026271 ], [ -96.497840179606484, 19.168404399851951 ], [ -96.497504600361054, 19.15897678002565 ], [ -96.502953680333547, 19.155740569573283 ], [ -96.500276259725865, 19.150680819750409 ], [ -96.50519796954282, 19.150681080395067 ], [ -96.508045279825083, 19.156949400161327 ], [ -96.51049540030688, 19.152385489936201 ], [ -96.517492030380993, 19.14964208012368 ], [ -96.513021050167936, 19.156662250080807 ], [ -96.524249750471085, 19.158814200088127 ], [ -96.529704920162828, 19.156114369750437 ], [ -96.527788970200689, 19.159017910057987 ], [ -96.533086620213979, 19.158927450334534 ], [ -96.53435884953096, 19.16362569020583 ], [ -96.544235520103712, 19.155550120273482 ], [ -96.545985430103798, 19.159898059562504 ], [ -96.55651290977373, 19.163082379924987 ], [ -96.559985569971317, 19.167887850001108 ], [ -96.562843229574582, 19.165683599660859 ], [ -96.567766289671823, 19.168388600089646 ], [ -96.568128859525189, 19.172564430366354 ], [ -96.573781600358899, 19.171781400169809 ], [ -96.578289619683076, 19.17494778019821 ], [ -96.57863019967084, 19.171843170122717 ], [ -96.589124909602418, 19.172814630363213 ], [ -96.59489889034873, 19.182705490263729 ], [ -96.610628969700585, 19.188452520381613 ], [ -96.611802580064335, 19.194701909721573 ], [ -96.621617180047977, 19.199939850274387 ], [ -96.623921890323942, 19.205529320122086 ], [ -96.610308460192101, 19.215258059806729 ], [ -96.606602949736796, 19.214299220441998 ], [ -96.595411630364538, 19.227600659814275 ], [ -96.595249690014242, 19.231663200251351 ], [ -96.582180830276158, 19.231065580399278 ], [ -96.570910309713213, 19.236054450030004 ], [ -96.570951429686346, 19.238546170318145 ], [ -96.560497249859523, 19.240917890010085 ], [ -96.560781780434695, 19.244433579693677 ], [ -96.54262976979561, 19.249934369907066 ], [ -96.539028180117199, 19.257685179704342 ], [ -96.517266799603988, 19.271709620403492 ], [ -96.5147702004477, 19.277873400446421 ], [ -96.503520720335231, 19.284365919635277 ], [ -96.49383874036296, 19.28563092018199 ], [ -96.493662169580787, 19.295140179625481 ], [ -96.488376549888926, 19.293933720119629 ], [ -96.476845580201854, 19.304590889960178 ], [ -96.469692419566471, 19.305387370058629 ], [ -96.469618940236685, 19.310860030077798 ], [ -96.465366580342518, 19.311852089699499 ], [ -96.467703849673626, 19.316127680270398 ], [ -96.464906599650888, 19.31290775015567 ], [ -96.462779779896522, 19.316331630199997 ], [ -96.451522050426718, 19.318575490284658 ], [ -96.440195980154897, 19.327510309642363 ], [ -96.438307940259477, 19.333522179924984 ], [ -96.425269049641145, 19.33507477993075 ], [ -96.422679059773458, 19.341408630282569 ], [ -96.425281179557999, 19.346859090220949 ], [ -96.421534579963122, 19.352144089732786 ], [ -96.413869940228224, 19.349962019857227 ], [ -96.407457140063343, 19.358839579642243 ], [ -96.40683344986347, 19.353680150121264 ], [ -96.397412939809882, 19.35479268982921 ], [ -96.396495859534369, 19.348912510280403 ], [ -96.393120920087497, 19.347771020351377 ], [ -96.388528679805205, 19.352832169758127 ], [ -96.392661510292768, 19.362567110373814 ], [ -96.38167965977587, 19.35985077005159 ], [ -96.376862380416725, 19.365041880333436 ] ] ] } },
{ "type": "Feature", "properties": { "code": "30050", "stateCode": "30", "municipalityCode": "050", "name": "Coxquihui" }, "geometry": { "type": "Polygon", "coordinates": [ [ [ -97.541852679690081, 20.273332910174439 ], [ -97.530913630415199, 20.265357519760464 ], [ -97.519008909594319, 20.264217149993573 ], [ -97.504630779855944, 20.267544140353301 ], [ -97.496448540344446, 20.261447819957692 ], [ -97.482815020063953, 20.259165279743929 ], [ -97.487268140199447, 20.24987675022086 ], [ -97.486182000100982, 20.245230430433494 ], [ -97.51665071958034, 20.241692719603478 ], [ -97.519357830365493, 20.237127059572643 ], [ -97.517403020346066, 20.231876170350031 ], [ -97.526465030215491, 20.228985939965714 ], [ -97.527331400320421, 20.220104350274898 ], [ -97.540948490158755, 20.215766090093688 ], [ -97.536963170378399, 20.205156109912974 ], [ -97.543756509615022, 20.205138799988671 ], [ -97.545989890194292, 20.207949029645441 ], [ -97.551813599539301, 20.205347820275563 ], [ -97.548551399950426, 20.194380179594901 ], [ -97.545317830236257, 20.195279140140457 ], [ -97.542308620043173, 20.20243810969146 ], [ -97.531034369623214, 20.199829370122227 ], [ -97.532663320329675, 20.192845950069252 ], [ -97.530374800433478, 20.188703619780938 ], [ -97.521553229943834, 20.190705720281667 ], [ -97.524237399585374, 20.201559429796955 ], [ -97.522728379649237, 20.205328030343278 ], [ -97.518356430162314, 20.20562889018737 ], [ -97.518390799678116, 20.209007030165118 ], [ -97.512538580319898, 20.205702950439843 ], [ -97.50582442029156, 20.206471110273416 ], [ -97.508180030340839, 20.199298049918287 ], [ -97.505023029604459, 20.196231890256261 ], [ -97.508752800230013, 20.192869920053109 ], [ -97.515002449682427, 20.194452800008129 ], [ -97.513643279598995, 20.182098769903025 ], [ -97.507671850076889, 20.183790019737867 ], [ -97.505652119696236, 20.178373109792705 ], [ -97.516796340376729, 20.168743509786431 ], [ -97.531212479997052, 20.168463059832515 ], [ -97.537218599977294, 20.175992999885278 ], [ -97.544486519551057, 20.166934350381997 ], [ -97.55383577955979, 20.169810310276304 ], [ -97.56922350997813, 20.164308779847854 ], [ -97.576422579628343, 20.176554180017408 ], [ -97.585746450099748, 20.164642829780632 ], [ -97.58630439987374, 20.157612139976333 ], [ -97.591134280401874, 20.155637580039659 ], [ -97.595528349785567, 20.16005002985624 ], [ -97.605656370323118, 20.157748689814486 ], [ -97.604489110117427, 20.166873619762342 ], [ -97.621597879994312, 20.172325910074061 ], [ -97.618692739768221, 20.178124620289804 ], [ -97.620642550058861, 20.180256229659832 ], [ -97.615472569874669, 20.18618565019019 ], [ -97.609987140360531, 20.183489059702765 ], [ -97.607172749551538, 20.188384290172177 ], [ -97.600586849710226, 20.188486660090788 ], [ -97.604337029667718, 20.194683170363579 ], [ -97.579382049522195, 20.197798800092666 ], [ -97.571087800004577, 20.202973170124231 ], [ -97.567519170240899, 20.211876970118084 ], [ -97.5755868202709, 20.218364090452038 ], [ -97.569628890285585, 20.220475179894404 ], [ -97.567382279664358, 20.228106539670211 ], [ -97.561377399557202, 20.228452709673377 ], [ -97.557568049542795, 20.237211319709374 ], [ -97.547397879665198, 20.240698740347248 ], [ -97.545253909992567, 20.245723150264737 ], [ -97.557142060351779, 20.250117459844866 ], [ -97.56368578011859, 20.242603050245371 ], [ -97.575120509642574, 20.243385309858184 ], [ -97.581895689967567, 20.266893740116 ], [ -97.569035910269122, 20.27217074997775 ], [ -97.559707030072587, 20.267271690152885 ], [ -97.552923860101515, 20.271418230199838 ], [ -97.546273800340913, 20.268974620283061 ], [ -97.541852679690081, 20.273332910174439 ] ] ] } },
{ "type": "Feature", "properties": { "code": "30046", "stateCode": "30", "municipalityCode": "046", "name": "Cosautlán de Carvajal" }, "geometry": { "type": "Polygon", "coordinates": [ [ [ -96.931001229621074, 19.369624940373438 ], [ -96.922270520255267, 19.349184939829968 ], [ -96.9163220004544, 19.351983050017811 ], [ -96.904041719804951, 19.345268199881652 ], [ -96.89588801994374, 19.345254679772196 ], [ -96.893436630227441, 19.342559380277791 ], [ -96.8957077096061, 19.335995539588254 ], [ -96.901948920239803, 19.334847679586563 ], [ -96.90745625011435, 19.328026819639661 ], [ -96.919402829542079, 19.32182180018923 ], [ -96.918276449653789, 19.318209380099734 ], [ -96.92446235004418, 19.312896890305023 ], [ -96.923717340021255, 19.309570970011567 ], [ -96.92975543048864, 19.311068649652789 ], [ -96.935048860047019, 19.305846880170002 ], [ -96.939110709723792, 19.308871319961074 ], [ -96.944254309743542, 19.300174150242775 ], [ -96.947646550389479, 19.300055830284965 ], [ -96.94678680004786, 19.296849720061235 ], [ -96.95186281982005, 19.298663949966482 ], [ -96.951041279815371, 19.295849449649609 ], [ -96.959037050104271, 19.293334619882671 ], [ -96.959747580458554, 19.289084259874127 ], [ -96.976245000442958, 19.292118310205687 ], [ -96.980722290257617, 19.289819049616927 ], [ -96.986176569521461, 19.298000550109496 ], [ -96.987847659999716, 19.295266450107338 ], [ -97.000323219787887, 19.306256689838158 ], [ -97.007224119667114, 19.318346750188535 ], [ -97.024195580439908, 19.318860369645567 ], [ -97.03034778011228, 19.325183289699716 ], [ -97.034510600444975, 19.336112709686446 ], [ -97.027863620065062, 19.339939919775468 ], [ -97.027975620047471, 19.343788369670584 ], [ -97.035306450207187, 19.348767059948937 ], [ -97.031906060140628, 19.350905120299494 ], [ -97.034867140193242, 19.353367770161849 ], [ -97.015232710346538, 19.35891432007147 ], [ -97.011415460234417, 19.35475657955665 ], [ -96.999743889531217, 19.355786370171849 ], [ -96.991381339838924, 19.359966479558167 ], [ -96.971449920173654, 19.355940919554968 ], [ -96.944891890110313, 19.368451310178418 ], [ -96.941718079764485, 19.364574889632284 ], [ -96.932746449732193, 19.365903290261809 ], [ -96.931001229621074, 19.369624940373438 ] ] ] } },
{ "type": "Feature", "properties": { "code": "30004", "stateCode": "30", "municipalityCode": "004", "name": "Actopan" }, "geometry": { "type": "Polygon", "coordinates": [ [ [ -96.448117109928347, 19.72704813991098 ], [ -96.440295800235646, 19.720327680396448 ], [ -96.435186310089108, 19.709003050038756 ], [ -96.426785540462646, 19.716622430143648 ], [ -96.410499579546084, 19.711004780076596 ], [ -96.401465459308739, 19.690064426138303 ], [ -96.394762518419768, 19.679114146955044 ], [ -96.391343231750909, 19.678357477812284 ], [ -96.397597170044747, 19.67283290961797 ], [ -96.397768820001531, 19.654089060049991 ], [ -96.394712549348498, 19.643240202976958 ], [ -96.371830461837774, 19.602144532119087 ], [ -96.379044434652471, 19.589579206293681 ], [ -96.375619280189625, 19.56644480044438 ], [ -96.36061677568911, 19.536882292684918 ], [ -96.330051912374401, 19.49754610457645 ], [ -96.337461459876252, 19.490087319753634 ], [ -96.345078890314355, 19.490824430138538 ], [ -96.354904850066362, 19.485035179615348 ], [ -96.356308950257244, 19.479023860340529 ], [ -96.364124479932229, 19.486165570112483 ], [ -96.373615889623295, 19.484491540413973 ], [ -96.373996519727584, 19.480919510055532 ], [ -96.3672672000868, 19.478871420258855 ], [ -96.368836940059481, 19.474190250335052 ], [ -96.383511919574957, 19.470459089577414 ], [ -96.383333119888746, 19.465524679587816 ], [ -96.389470400408371, 19.461894180364204 ], [ -96.390864679561233, 19.45734297009373 ], [ -96.400408650277839, 19.458837489633815 ], [ -96.398422369630154, 19.46369174986561 ], [ -96.4136819203692, 19.455840859726116 ], [ -96.430799050447803, 19.461039579958555 ], [ -96.450458949657246, 19.458466920328387 ], [ -96.458696630274957, 19.461413150285235 ], [ -96.4577118202197, 19.4581891803982 ], [ -96.464636520167133, 19.452944570440014 ], [ -96.474782510245618, 19.452170519576899 ], [ -96.477027820196867, 19.442450889701259 ], [ -96.488738460333863, 19.431710580206598 ], [ -96.494423140030221, 19.419405830416324 ], [ -96.503612539690835, 19.420413739622681 ], [ -96.508416510069367, 19.416586459925778 ], [ -96.513693849640902, 19.417227709689378 ], [ -96.516744769780217, 19.410617479912652 ], [ -96.512742970156211, 19.406112879684912 ], [ -96.514364290000813, 19.399485829804014 ], [ -96.530730650410135, 19.403236820298762 ], [ -96.538074310456622, 19.394656200119844 ], [ -96.544851020145302, 19.401882949567778 ], [ -96.554301570104741, 19.400345489666378 ], [ -96.559572600071888, 19.417256459628721 ], [ -96.566480890351954, 19.415684449721152 ], [ -96.565554649878862, 19.408204579830645 ], [ -96.569580909632037, 19.405953630251567 ], [ -96.577737339771929, 19.421797749590009 ], [ -96.606040249899166, 19.420321250112231 ], [ -96.62543048037638, 19.432173649902406 ], [ -96.636946969973863, 19.433914949911166 ], [ -96.643278819878802, 19.438478349564431 ], [ -96.64826141966951, 19.436493249572198 ], [ -96.647158720382464, 19.441847509890632 ], [ -96.651171829815951, 19.443332619819806 ], [ -96.649370939601795, 19.445107580068072 ], [ -96.655036479886633, 19.45471909012895 ], [ -96.673616770039203, 19.453904140171158 ], [ -96.679768140389413, 19.457799380270696 ], [ -96.688832280305178, 19.455040289670531 ], [ -96.693370650440258, 19.464864749591815 ], [ -96.701596800238903, 19.465736780076167 ], [ -96.70546843006764, 19.471318679868315 ], [ -96.711374459550768, 19.473058429839927 ], [ -96.709571230064043, 19.479097170334594 ], [ -96.704936520313296, 19.481312580446218 ], [ -96.717293650004365, 19.496785250049264 ], [ -96.733021910214887, 19.506502980000764 ], [ -96.729334719822035, 19.516654219682795 ], [ -96.743573230156727, 19.521925919782735 ], [ -96.756475199744344, 19.522099170125067 ], [ -96.768438939907028, 19.529612980007339 ], [ -96.773758369743888, 19.528992880067634 ], [ -96.780867749759565, 19.540272580374246 ], [ -96.78838433988814, 19.545886619783452 ], [ -96.79400235015855, 19.545453740117665 ], [ -96.790283490357496, 19.553869449566367 ], [ -96.774522080459491, 19.555004510013838 ], [ -96.767528650087712, 19.565572680108385 ], [ -96.759950739869737, 19.563079600432498 ], [ -96.757395170273512, 19.566885770041814 ], [ -96.762674369913185, 19.572897170024092 ], [ -96.757784419983381, 19.575320079613363 ], [ -96.753124110055495, 19.57123264959565 ], [ -96.729660120015112, 19.571504319948204 ], [ -96.706443909749339, 19.564640920014067 ], [ -96.70454675028806, 19.556729140424732 ], [ -96.685535680119216, 19.541290369766003 ], [ -96.680609519788078, 19.532336980187885 ], [ -96.668731120384848, 19.536166420415192 ], [ -96.665250710385038, 19.538573660246389 ], [ -96.666428780324836, 19.544382550279884 ], [ -96.684707509852842, 19.559635720384208 ], [ -96.68375367979688, 19.570211739994413 ], [ -96.679706250174064, 19.569571619724098 ], [ -96.682291200111067, 19.581856540136826 ], [ -96.667092170306219, 19.584155679751117 ], [ -96.659743919624958, 19.589577940278829 ], [ -96.643760349552466, 19.583664710266184 ], [ -96.643625549632176, 19.5876313198929 ], [ -96.641319229985953, 19.580371199901133 ], [ -96.631016970219619, 19.578325319780241 ], [ -96.625065710004066, 19.581531940038634 ], [ -96.622045430131408, 19.588009569780017 ], [ -96.611880910224485, 19.585177860296618 ], [ -96.606193780197998, 19.586944079779183 ], [ -96.62262604972463, 19.600721509579035 ], [ -96.619069940058338, 19.619147370274046 ], [ -96.607880320256996, 19.614295510248507 ], [ -96.599902230307833, 19.616434199955421 ], [ -96.595291770140889, 19.622186620033983 ], [ -96.587212489561196, 19.617421319741286 ], [ -96.559553249589854, 19.619192709546809 ], [ -96.541392909719164, 19.64401799958646 ], [ -96.539437450047146, 19.654936490076484 ], [ -96.531882919666387, 19.655863740272377 ], [ -96.526794659883763, 19.662051400393 ], [ -96.524754770183606, 19.669878019712421 ], [ -96.527368830162033, 19.673050780019647 ], [ -96.522560509640414, 19.676028120375914 ], [ -96.52161048952361, 19.68284985039978 ], [ -96.513560090358496, 19.689673490015853 ], [ -96.508206320276287, 19.68299943017562 ], [ -96.499150029946875, 19.684505050110168 ], [ -96.503708510003918, 19.705762249662172 ], [ -96.481595450124743, 19.712418820431076 ], [ -96.471583709979413, 19.710340030274892 ], [ -96.464482380101956, 19.715045980428968 ], [ -96.470415120087964, 19.718751719989672 ], [ -96.460009350425878, 19.724845620368594 ], [ -96.448117109928347, 19.72704813991098 ] ] ] } },
{ "type": "Feature", "properties": { "code": "30128", "stateCode": "30", "municipalityCode": "128", "name": "Perote" }, "geometry": { "type": "Polygon", "coordinates": [ [ [ -97.261631049786985, 19.645636569769973 ], [ -97.23803905030212, 19.636795350277147 ], [ -97.218512089917553, 19.633708059820961 ], [ -97.219612319618932, 19.629734890169367 ], [ -97.215783690059865, 19.628742879954004 ], [ -97.218463909719389, 19.627632140046231 ], [ -97.20434340034889, 19.614195629884279 ], [ -97.187998629909885, 19.622573230364431 ], [ -97.181618170278526, 19.629311620276944 ], [ -97.170264739589911, 19.632221399703504 ], [ -97.166093250112326, 19.628060140298384 ], [ -97.168810479513908, 19.616103970254152 ], [ -97.14703689032649, 19.598527740079842 ], [ -97.140465970459545, 19.595346739684192 ], [ -97.139402860173519, 19.603104169709752 ], [ -97.133945710182033, 19.596403540122115 ], [ -97.134920029730196, 19.590991719942092 ], [ -97.123298910175592, 19.60125797020676 ], [ -97.128352799884865, 19.577461019773622 ], [ -97.117372510003165, 19.562540580441286 ], [ -97.099788540123242, 19.547145919936078 ], [ -97.09877982984591, 19.540071679771298 ], [ -97.104437399806969, 19.531756119867108 ], [ -97.103841830153527, 19.52484868036122 ], [ -97.11094052031055, 19.517770579988369 ], [ -97.122187850299809, 19.519355090260319 ], [ -97.130339600052466, 19.515514490080058 ], [ -97.138485139785871, 19.50824525000257 ], [ -97.149820939536255, 19.487957779857975 ], [ -97.16538591983894, 19.482764109767288 ], [ -97.185927619902031, 19.484158379731575 ], [ -97.197455619827991, 19.47695207987519 ], [ -97.216657779738554, 19.479256259959463 ], [ -97.220084019571104, 19.47420282027803 ], [ -97.232679019966696, 19.475244380140857 ], [ -97.244292540160188, 19.469615260388558 ], [ -97.250904429872094, 19.473034080073766 ], [ -97.251744049874134, 19.468622490292159 ], [ -97.259268879820439, 19.473442340063592 ], [ -97.260378620353151, 19.467581770083591 ], [ -97.263803430126941, 19.467877139688472 ], [ -97.267601430478692, 19.460106779673339 ], [ -97.272184429987746, 19.458576379955069 ], [ -97.274554830415568, 19.452666020317476 ], [ -97.26720793996904, 19.448446679640483 ], [ -97.262656750203746, 19.441145599832048 ], [ -97.257950819538763, 19.442378150288778 ], [ -97.259907860326763, 19.437624719954915 ], [ -97.249316909530748, 19.428534600194222 ], [ -97.23976237040219, 19.407257950211591 ], [ -97.234008779622528, 19.405397310252692 ], [ -97.220415110133175, 19.38577188982212 ], [ -97.223317260085821, 19.382495739747831 ], [ -97.250680050000824, 19.384971949583868 ], [ -97.270934399913799, 19.382650289691359 ], [ -97.28496820020078, 19.391636739565481 ], [ -97.287152018752806, 19.389295740833713 ], [ -97.337750110433902, 19.392530720005634 ], [ -97.348620089643134, 19.378493709765323 ], [ -97.360453109610688, 19.376029320330133 ], [ -97.371699880318843, 19.403059140315474 ], [ -97.394102350138496, 19.407295570092291 ], [ -97.397356539331, 19.41906423023261 ], [ -97.39240580043176, 19.4178460001121 ], [ -97.389933369655608, 19.428923620425973 ], [ -97.381543260192117, 19.432366830327901 ], [ -97.371698549907535, 19.431308179627759 ], [ -97.36390077953601, 19.434994480346532 ], [ -97.357276280147445, 19.43237671955638 ], [ -97.352146540175525, 19.441952749616174 ], [ -97.354611619840355, 19.442999369833068 ], [ -97.353888910066587, 19.447229910025818 ], [ -97.3468929998146, 19.450998630332155 ], [ -97.348258519518609, 19.48462697032037 ], [ -97.352078019963898, 19.484722859703304 ], [ -97.355729849985124, 19.492910249712669 ], [ -97.360746109864124, 19.48849344966564 ], [ -97.370670620025479, 19.494994919778279 ], [ -97.394923629901086, 19.492421030409286 ], [ -97.404555879934293, 19.495866289849396 ], [ -97.405855060259512, 19.500810289761226 ], [ -97.400882349569443, 19.506913969901341 ], [ -97.402121340110639, 19.515417119632556 ], [ -97.407522659811164, 19.521869319554366 ], [ -97.405470890443368, 19.525453429682507 ], [ -97.412129830125906, 19.535919370403512 ], [ -97.409589679983824, 19.537329340375226 ], [ -97.420749250196153, 19.539818150215847 ], [ -97.422370849808573, 19.544056769961667 ], [ -97.426646859980465, 19.541676020430653 ], [ -97.426881289660273, 19.569159680173669 ], [ -97.430588380352987, 19.57617042006547 ], [ -97.430323449677005, 19.586134379869339 ], [ -97.434278519976786, 19.588848459863396 ], [ -97.431740679701946, 19.599618400216329 ], [ -97.428023349675016, 19.601700110319907 ], [ -97.42804664954943, 19.615897180379747 ], [ -97.416426079709467, 19.627966999800808 ], [ -97.405053550231329, 19.620200149578906 ], [ -97.402747289850907, 19.615343019605177 ], [ -97.392499720290985, 19.626374580268131 ], [ -97.384970629884535, 19.627943799563191 ], [ -97.382801350397756, 19.635333220076873 ], [ -97.364582429791213, 19.620116630392804 ], [ -97.358591419679982, 19.627800460299522 ], [ -97.351212339682348, 19.61076726003143 ], [ -97.317900340182462, 19.632069310058885 ], [ -97.310801050203892, 19.633130000208155 ], [ -97.305196919675367, 19.623673339654253 ], [ -97.309561149578414, 19.609593779604907 ], [ -97.285120800388626, 19.616611370124236 ], [ -97.273542520452395, 19.627160659896951 ], [ -97.273683999987924, 19.633607979843994 ], [ -97.261631049786985, 19.645636569769973 ] ] ] } },
{ "type": "Feature", "properties": { "code": "30145", "stateCode": "30", "municipalityCode": "145", "name": "Soconusco" }, "geometry": { "type": "Polygon", "coordinates": [ [ [ -94.819542649868623, 18.059872910039427 ], [ -94.812215089851037, 18.050874279985845 ], [ -94.819594829875726, 18.043286090324152 ], [ -94.818215200106707, 18.041418120398738 ], [ -94.812405539651579, 18.044507970426519 ], [ -94.80823713987732, 18.04108482976336 ], [ -94.804146059940066, 18.042352020198802 ], [ -94.804329739620428, 18.039708690222483 ], [ -94.800256879614253, 18.041228370117803 ], [ -94.800025600478577, 18.035356979596092 ], [ -94.78981299982398, 18.024328220136187 ], [ -94.769089970223064, 18.026685349847153 ], [ -94.763313749636268, 18.019405169876698 ], [ -94.76573757976098, 18.016025740048576 ], [ -94.762336940346955, 18.008792120222274 ], [ -94.765800890356957, 18.006012049997466 ], [ -94.761588419675192, 18.003113430119068 ], [ -94.762746889645015, 17.996918379711786 ], [ -94.771761850314164, 18.000712450282865 ], [ -94.781334260145272, 17.999637570126943 ], [ -94.783413800029038, 17.983983420434669 ], [ -94.814225829631937, 17.967953799882928 ], [ -94.815592520349469, 17.972864630020172 ], [ -94.821203979788649, 17.973265850081887 ], [ -94.828585550056516, 17.965153079680245 ], [ -94.835052400173623, 17.967220170275574 ], [ -94.850844549975918, 17.958451649848218 ], [ -94.851028509680759, 17.955629139814935 ], [ -94.890532510050107, 17.952476249838863 ], [ -94.898543018762822, 17.95938474078962 ], [ -94.899877050174936, 17.957140742143867 ], [ -94.907526818583676, 17.958875831105114 ], [ -94.911874919583894, 17.971283279848855 ], [ -94.899248050077915, 17.971523879868315 ], [ -94.894076380051928, 17.998591519717561 ], [ -94.872344340057225, 17.987028769703006 ], [ -94.865870509630028, 17.993723059578862 ], [ -94.850215940245704, 17.993063089997072 ], [ -94.850059549993603, 18.001739719912166 ], [ -94.85598868955816, 18.005348880152443 ], [ -94.864333549779431, 18.021091680356236 ], [ -94.864588460194071, 18.027296080085666 ], [ -94.870137089658542, 18.029996290343298 ], [ -94.872034919679606, 18.03500564960747 ], [ -94.868194249908399, 18.041939780242057 ], [ -94.854519630256249, 18.039665309986098 ], [ -94.859848570150845, 18.052550349781825 ], [ -94.855810539817099, 18.055882819843173 ], [ -94.849356370295226, 18.053714420389976 ], [ -94.83889957003629, 18.060286490247414 ], [ -94.819542649868623, 18.059872910039427 ] ] ] } },
{ "type": "Feature", "properties": { "code": "30146", "stateCode": "30", "municipalityCode": "146", "name": "Sochiapa" }, "geometry": { "type": "Polygon", "coordinates": [ [ [ -96.946278849669028, 19.202396450495186 ], [ -96.94202205031074, 19.197684859727719 ], [ -96.923512220187263, 19.193193980345185 ], [ -96.914746569523771, 19.18195862005344 ], [ -96.907977570105544, 19.165308679586225 ], [ -96.897880740279291, 19.159091980422797 ], [ -96.886016460355904, 19.158183319704168 ], [ -96.886488599658762, 19.147361969662871 ], [ -96.889399919651623, 19.147838599796756 ], [ -96.884626820021751, 19.140937570288866 ], [ -96.887306720233084, 19.139767719804883 ], [ -96.888910829873026, 19.143701199689037 ], [ -96.892481539650433, 19.14164304977222 ], [ -96.905824740309754, 19.152928679903351 ], [ -96.908293370127879, 19.151206280335391 ], [ -96.926319310484132, 19.159406969600187 ], [ -96.942341369740603, 19.182163710121344 ], [ -96.959235140338237, 19.185316110171662 ], [ -96.95339485043722, 19.187587350971611 ], [ -96.956390119588249, 19.19379017953743 ], [ -96.952957079940418, 19.194819661334481 ], [ -96.950913849707476, 19.202230800716986 ], [ -96.946278849669028, 19.202396450495186 ] ] ] } },
{ "type": "Feature", "properties": { "code": "30098", "stateCode": "30", "municipalityCode": "098", "name": "Magdalena" }, "geometry": { "type": "Polygon", "coordinates": [ [ [ -97.041111939652183, 18.789545050267073 ], [ -97.022291919913044, 18.760774459598675 ], [ -97.028361910336258, 18.75321994967226 ], [ -97.046831059970415, 18.747518320294319 ], [ -97.04804918017372, 18.752904029926643 ], [ -97.058342369995543, 18.759829660420365 ], [ -97.066693980293564, 18.759132580009997 ], [ -97.075215230092752, 18.773527519659357 ], [ -97.066980519809121, 18.778484309670141 ], [ -97.061310050113917, 18.77385751036925 ], [ -97.056722630250718, 18.775792229673861 ], [ -97.048885200442768, 18.781979260348852 ], [ -97.047120570299015, 18.788512770199432 ], [ -97.041111939652183, 18.789545050267073 ] ] ] } },
{ "type": "Feature", "properties": { "code": "30107", "stateCode": "30", "municipalityCode": "107", "name": "Las Minas" }, "geometry": { "type": "Polygon", "coordinates": [ [ [ -97.128895490362979, 19.761042829558516 ], [ -97.116908060124075, 19.744229350058745 ], [ -97.109205680278237, 19.740023260244193 ], [ -97.102802450146939, 19.726120910213783 ], [ -97.112554030086272, 19.721456890237725 ], [ -97.135235579953502, 19.699632820371601 ], [ -97.142442049669953, 19.696869630022572 ], [ -97.133332819795427, 19.688719709917816 ], [ -97.147492920276619, 19.686648339831081 ], [ -97.140241910346461, 19.671135450409452 ], [ -97.150971659962778, 19.646329659832411 ], [ -97.195053510471695, 19.676956460090445 ], [ -97.199249020226972, 19.683274060053986 ], [ -97.185579690325198, 19.688371449787148 ], [ -97.182156909811553, 19.694431220343194 ], [ -97.183064290467783, 19.700340659746448 ], [ -97.179117799657988, 19.707612799674973 ], [ -97.169174420077155, 19.714579029551039 ], [ -97.167560720461978, 19.724212290399709 ], [ -97.16423698047619, 19.723922629649934 ], [ -97.153208000072127, 19.738627139703379 ], [ -97.144368519671801, 19.738941570289835 ], [ -97.143627430298181, 19.746348139692309 ], [ -97.138808319806444, 19.747729479764924 ], [ -97.132121059961619, 19.756489429595483 ], [ -97.133148459786341, 19.759514250257684 ], [ -97.128895490362979, 19.761042829558516 ] ] ] } },
{ "type": "Feature", "properties": { "code": "30116", "stateCode": "30", "municipalityCode": "116", "name": "Oluta" }, "geometry": { "type": "Polygon", "coordinates": [ [ [ -94.85638771037587, 17.953200720386906 ], [ -94.859883000234873, 17.941711140431082 ], [ -94.847948220153199, 17.937735779940883 ], [ -94.84647531986775, 17.924461110136711 ], [ -94.855284120262311, 17.90328717999461 ], [ -94.866792970152474, 17.901251150144265 ], [ -94.855940220374123, 17.890096689592536 ], [ -94.857048020370769, 17.883419540330667 ], [ -94.852893369787338, 17.877613860310159 ], [ -94.868182280259788, 17.863388340439109 ], [ -94.877960770067219, 17.864085250397117 ], [ -94.881331059868273, 17.863213580010981 ], [ -94.881480550297923, 17.858884460172586 ], [ -94.89409400038619, 17.858231749723522 ], [ -94.894595649945344, 17.853308550153045 ], [ -94.889566780390354, 17.844409570329649 ], [ -94.89084271982226, 17.840747849878138 ], [ -94.893951780241835, 17.836815380409874 ], [ -94.894486430277993, 17.840388230219439 ], [ -94.899876520052828, 17.84034098002601 ], [ -94.895542199976958, 17.847449479747027 ], [ -94.900025720328131, 17.851819230233541 ], [ -94.90240526034178, 17.849470250029388 ], [ -94.902977739685099, 17.851696109873444 ], [ -94.911459579626609, 17.851183110341093 ], [ -94.910718950368818, 17.860220400249659 ], [ -94.914955490019906, 17.864592260126987 ], [ -94.917847860431209, 17.862341540217791 ], [ -94.9249848200934, 17.865146780041616 ], [ -94.932740829896744, 17.873941749696712 ], [ -94.931439400104054, 17.876001400356156 ], [ -94.935106030343945, 17.879250509794396 ], [ -94.932041369954462, 17.880669320056057 ], [ -94.932004950403325, 17.888278460380803 ], [ -94.928548370004634, 17.887795650181364 ], [ -94.929191690072301, 17.890505939714497 ], [ -94.946373489531481, 17.892777030285309 ], [ -94.949563719650868, 17.896450090329026 ], [ -94.944825850281561, 17.90298314965565 ], [ -94.92000620013502, 17.902252509699807 ], [ -94.917014649796073, 17.911301550067822 ], [ -94.939235140368964, 17.90997072001981 ], [ -94.919487709482965, 17.934981311244211 ], [ -94.913721369504941, 17.93364148080137 ], [ -94.892822680062366, 17.952248710208295 ], [ -94.85638771037587, 17.953200720386906 ] ] ] } },
{ "type": "Feature", "properties": { "code": "30131", "stateCode": "30", "municipalityCode": "131", "name": "Poza Rica de Hidalgo" }, "geometry": { "type": "Polygon", "coordinates": [ [ [ -97.438527479923366, 20.58989634044994 ], [ -97.433197659896024, 20.586747780173425 ], [ -97.430263660149407, 20.589477630017537 ], [ -97.430452020075009, 20.585180689799564 ], [ -97.425593950132324, 20.585043779774988 ], [ -97.420236249979013, 20.579596319636575 ], [ -97.413383540253477, 20.567058000089109 ], [ -97.409402379673111, 20.553496659739114 ], [ -97.411587889566448, 20.546117230013067 ], [ -97.408531829871322, 20.545657889938315 ], [ -97.399886090269163, 20.504321920216075 ], [ -97.404035090048581, 20.487668629883338 ], [ -97.448365060380269, 20.491217090040411 ], [ -97.450539980436744, 20.494557259710842 ], [ -97.454982860004137, 20.491593019830056 ], [ -97.457362779854776, 20.496844260039758 ], [ -97.465390079660281, 20.497560549618306 ], [ -97.464892308680774, 20.500348981130323 ], [ -97.475211619198447, 20.503562510795483 ], [ -97.4743377504318, 20.505784740133159 ], [ -97.483119950121377, 20.508125140918409 ], [ -97.487675650382315, 20.505661400927522 ], [ -97.486665859861958, 20.514594619943558 ], [ -97.478205149779825, 20.525703740183552 ], [ -97.48306634083005, 20.533590320228619 ], [ -97.482186169768099, 20.537892080305756 ], [ -97.465643279936074, 20.549564580660416 ], [ -97.454782229723321, 20.553222510389901 ], [ -97.454086060232655, 20.55978127979601 ], [ -97.448758350323786, 20.560154059833728 ], [ -97.440888660322372, 20.577482400237788 ], [ -97.442015510106302, 20.580554369736973 ], [ -97.447315310026127, 20.578467110296312 ], [ -97.449569600157616, 20.583110420121919 ], [ -97.438527479923366, 20.58989634044994 ] ] ] } },
{ "type": "Feature", "properties": { "code": "30136", "stateCode": "30", "municipalityCode": "136", "name": "Rafael Lucio" }, "geometry": { "type": "Polygon", "coordinates": [ [ [ -97.002544600197368, 19.617014030261362 ], [ -96.980208149713889, 19.620519490387728 ], [ -96.974625290227266, 19.613728679689189 ], [ -96.974598570072558, 19.602063509923656 ], [ -96.969160059780563, 19.599326319753995 ], [ -96.968415250011262, 19.596678289980897 ], [ -96.972354630385439, 19.595150689742727 ], [ -96.971732229384614, 19.590103080614799 ], [ -96.958319399055711, 19.591119550346363 ], [ -96.958349849716811, 19.587370060017449 ], [ -96.978036059853551, 19.586067279896309 ], [ -96.984905020214583, 19.580203569921252 ], [ -96.99600250968777, 19.578309420017483 ], [ -96.99828531996981, 19.603857750245599 ], [ -96.996157519816052, 19.611316970341854 ], [ -97.002544600197368, 19.617014030261362 ] ] ] } },
{ "type": "Feature", "properties": { "code": "30138", "stateCode": "30", "municipalityCode": "138", "name": "Río Blanco" }, "geometry": { "type": "Polygon", "coordinates": [ [ [ -97.157598570057814, 18.865598969759475 ], [ -97.150039650475932, 18.858274859855673 ], [ -97.145746229733334, 18.846414230385378 ], [ -97.142273649090527, 18.846783349579045 ], [ -97.140846969534209, 18.853214020924323 ], [ -97.131829978889442, 18.853660619675818 ], [ -97.130910320091118, 18.844703691345828 ], [ -97.118124549330858, 18.842881720437166 ], [ -97.110180690439449, 18.832015719595571 ], [ -97.117234570483532, 18.828954749705858 ], [ -97.126833738684169, 18.835751250572581 ], [ -97.135208149058755, 18.836730629610383 ], [ -97.15030379876643, 18.830203179526034 ], [ -97.15163708962119, 18.825121970409139 ], [ -97.161057539421563, 18.834096260749014 ], [ -97.170724889763378, 18.830547579890144 ], [ -97.170696380303056, 18.839510260167554 ], [ -97.178156550088346, 18.84949676993455 ], [ -97.179882969682509, 18.861450449976896 ], [ -97.176520179616645, 18.863459620242232 ], [ -97.165564000247727, 18.858436890120334 ], [ -97.157598570057814, 18.865598969759475 ] ] ] } },
{ "type": "Feature", "properties": { "code": "30140", "stateCode": "30", "municipalityCode": "140", "name": "San Andrés Tenejapan" }, "geometry": { "type": "Polygon", "coordinates": [ [ [ -97.085779630025755, 18.79538918029019 ], [ -97.067741980229442, 18.787373059861672 ], [ -97.070525999754921, 18.777412649635579 ], [ -97.075215230092752, 18.773527519659357 ], [ -97.065002919934756, 18.755161719994636 ], [ -97.069484880158441, 18.74715048036628 ], [ -97.079879419627503, 18.757615969540733 ], [ -97.086193450276753, 18.75753092010244 ], [ -97.091482049659788, 18.749939509614236 ], [ -97.105675249934677, 18.749256519692082 ], [ -97.111621660096716, 18.756926050254581 ], [ -97.112995680198992, 18.766290229981323 ], [ -97.121182110415717, 18.77391002983957 ], [ -97.120835950337479, 18.782927450407005 ], [ -97.111001150118014, 18.790749860105574 ], [ -97.101502750137428, 18.791753850052984 ], [ -97.096813880129929, 18.788564780341797 ], [ -97.094619850303687, 18.790414420074768 ], [ -97.097867150087239, 18.79286582990218 ], [ -97.085779630025755, 18.79538918029019 ] ] ] } },
{ "type": "Feature", "properties": { "code": "30156", "stateCode": "30", "municipalityCode": "156", "name": "Tatatila" }, "geometry": { "type": "Polygon", "coordinates": [ [ [ -97.03378998017962, 19.781406510169756 ], [ -97.024845460077984, 19.779445109935963 ], [ -97.023305750340555, 19.775148309992918 ], [ -97.029838309520031, 19.765826890205012 ], [ -97.022174459700125, 19.758949109557523 ], [ -97.031740629876523, 19.754321819948498 ], [ -97.0295854796681, 19.747416059703454 ], [ -97.034719229751843, 19.732731199670233 ], [ -97.029342709693523, 19.726611860075604 ], [ -97.030854940245121, 19.719233629808532 ], [ -97.044229179878798, 19.705974690035781 ], [ -97.065936950075709, 19.693814829933388 ], [ -97.068333849550342, 19.685031719601483 ], [ -97.072153029671554, 19.687624419745838 ], [ -97.078720020036187, 19.683974520218261 ], [ -97.07479351044617, 19.674973890399404 ], [ -97.079596740006139, 19.672237430178459 ], [ -97.08081339996842, 19.666296290070964 ], [ -97.086993820003684, 19.666894719887043 ], [ -97.090766620410889, 19.656955509633608 ], [ -97.0974808295462, 19.656382940359205 ], [ -97.096695820193091, 19.653331489613556 ], [ -97.105940919667688, 19.659244429823826 ], [ -97.112340709999231, 19.659324890343061 ], [ -97.11862097033665, 19.666888859975 ], [ -97.120346570304449, 19.66545749025892 ], [ -97.115216279631866, 19.657203799856525 ], [ -97.116548919736971, 19.650681079691058 ], [ -97.132667368974552, 19.64946089009397 ], [ -97.13269921878495, 19.646562780182816 ], [ -97.150971659962778, 19.646329659832411 ], [ -97.140241910346461, 19.671135450409452 ], [ -97.147492920276619, 19.686648339831081 ], [ -97.133332819795427, 19.688719709917816 ], [ -97.142442049669953, 19.696869630022572 ], [ -97.135235579953502, 19.699632820371601 ], [ -97.112554030086272, 19.721456890237725 ], [ -97.102802450146939, 19.726120910213783 ], [ -97.111292950206106, 19.74009337016598 ], [ -97.077855379793846, 19.746230520023865 ], [ -97.07936925953554, 19.756046250170513 ], [ -97.071124379637254, 19.766147489642915 ], [ -97.062114629904769, 19.768215509866522 ], [ -97.062732089902653, 19.763340139921251 ], [ -97.058772980187896, 19.763898459795261 ], [ -97.056450090459947, 19.770884690033096 ], [ -97.03378998017962, 19.781406510169756 ] ] ] } },
{ "type": "Feature", "properties": { "code": "30157", "stateCode": "30", "municipalityCode": "157", "name": "Castillo de Teayo" }, "geometry": { "type": "Polygon", "coordinates": [ [ [ -97.620930079631108, 20.833507259929853 ], [ -97.618638679724057, 20.828844550189235 ], [ -97.612123980078991, 20.82604719959896 ], [ -97.613513090055164, 20.823058480420897 ], [ -97.6091018603652, 20.821272060093243 ], [ -97.60875135038016, 20.816978630378525 ], [ -97.603289680444846, 20.815817380029031 ], [ -97.604019180415591, 20.812509080031923 ], [ -97.587600769635515, 20.812694950410986 ], [ -97.585756880329029, 20.801982820021571 ], [ -97.574848860066339, 20.796174629654139 ], [ -97.580439249739428, 20.792518399667369 ], [ -97.57878786016893, 20.788485950217527 ], [ -97.585902089929576, 20.773882679715047 ], [ -97.582651909613062, 20.772133110092394 ], [ -97.588141180215018, 20.763677179686749 ], [ -97.586022050420553, 20.755938819833034 ], [ -97.591173650337225, 20.753145170348922 ], [ -97.591841820351348, 20.745057200155006 ], [ -97.604343200310183, 20.747452969598772 ], [ -97.6016875400815, 20.74131698007259 ], [ -97.596675779540988, 20.740567579862425 ], [ -97.601681629967047, 20.728396140030604 ], [ -97.598714620320862, 20.719520170018747 ], [ -97.602308850324846, 20.715517060176683 ], [ -97.599941770067574, 20.705288339942008 ], [ -97.606114629605187, 20.703483220038947 ], [ -97.599479229827423, 20.697554080141892 ], [ -97.609556449745085, 20.695907170076669 ], [ -97.610407540382297, 20.690743750119218 ], [ -97.616794800468895, 20.691986739814265 ], [ -97.617595229973134, 20.687424399774436 ], [ -97.610846549589951, 20.688058889712302 ], [ -97.612331720199904, 20.67832555015184 ], [ -97.606166369665203, 20.67068740000493 ], [ -97.612784999931478, 20.670525110186997 ], [ -97.616460920249992, 20.667011109782546 ], [ -97.625888539532696, 20.669451260135634 ], [ -97.624093450470369, 20.666233480212775 ], [ -97.631800180243459, 20.662269979930112 ], [ -97.631931819566645, 20.656048939695726 ], [ -97.637532829704554, 20.65885922037382 ], [ -97.64324420015339, 20.655504979982293 ], [ -97.646156029775128, 20.657839420183738 ], [ -97.653766630079147, 20.656635350390658 ], [ -97.653440950245866, 20.654109490303465 ], [ -97.66142802968902, 20.658198710124879 ], [ -97.662580619974435, 20.652283689835617 ], [ -97.65902625953342, 20.648295059697237 ], [ -97.665520569932028, 20.647961550194271 ], [ -97.665289149901142, 20.641351689775572 ], [ -97.657647680004345, 20.641270579960306 ], [ -97.658424940301813, 20.637933509927446 ], [ -97.666243319562355, 20.639653200217015 ], [ -97.681941319964423, 20.636950799867559 ], [ -97.681827080450844, 20.639804120461331 ], [ -97.690922229647597, 20.639859229540676 ], [ -97.693176430391645, 20.642874949636084 ], [ -97.702301949543397, 20.641113720190326 ], [ -97.704834019584183, 20.629573770353087 ], [ -97.714496969576004, 20.636860450119975 ], [ -97.73120270960338, 20.637790169707387 ], [ -97.737326200419488, 20.646431280015772 ], [ -97.749511219737471, 20.643320459816263 ], [ -97.752101819877808, 20.657667400268071 ], [ -97.74921868035581, 20.659653170370735 ], [ -97.745338620180135, 20.657179380307639 ], [ -97.73807884955481, 20.663030250389994 ], [ -97.740619690119601, 20.674042380362433 ], [ -97.737067370229198, 20.679655310153962 ], [ -97.740728849872099, 20.681851719875905 ], [ -97.740701629670525, 20.689727910278002 ], [ -97.747709799630002, 20.686260049539069 ], [ -97.756859710312, 20.689492289656087 ], [ -97.756477510363851, 20.697347019864697 ], [ -97.751420460258814, 20.701435089576432 ], [ -97.750638719557841, 20.707330080258782 ], [ -97.750174850259285, 20.724074910143418 ], [ -97.752967909676698, 20.732369910065373 ], [ -97.728461480172385, 20.741266850382718 ], [ -97.722819920271206, 20.749988540003439 ], [ -97.726353720207626, 20.759977320135445 ], [ -97.718955050018522, 20.762954379778659 ], [ -97.726644510413749, 20.767332320153294 ], [ -97.726509980426485, 20.771161459749194 ], [ -97.720885140449269, 20.770412290384836 ], [ -97.719184489595918, 20.775500660107006 ], [ -97.720907970379457, 20.778734710413588 ], [ -97.725159230294807, 20.777714349764448 ], [ -97.728064520392351, 20.784955949906045 ], [ -97.723065120378038, 20.786431739822039 ], [ -97.725982969920182, 20.791653650446928 ], [ -97.713144279607164, 20.799834289601755 ], [ -97.704942599953881, 20.797439780069816 ], [ -97.70236094961011, 20.793581569889877 ], [ -97.694652820341787, 20.796531569652938 ], [ -97.695179319828554, 20.800038849946976 ], [ -97.738914940350242, 20.801534630082699 ], [ -97.748209920152931, 20.809014710444853 ], [ -97.750348539855679, 20.814788449782494 ], [ -97.743169679567757, 20.817369550126575 ], [ -97.739789089805697, 20.815579340139145 ], [ -97.738641620473629, 20.817991599900157 ], [ -97.732854850319029, 20.814160489617784 ], [ -97.733806060419951, 20.811291450046205 ], [ -97.725659850020364, 20.808048430207915 ], [ -97.717422829782052, 20.811029820024622 ], [ -97.699324049642641, 20.807630999598516 ], [ -97.69595688034677, 20.803794860399911 ], [ -97.690976230467029, 20.807040220071549 ], [ -97.689075939766511, 20.803745570225722 ], [ -97.682521689761415, 20.814762450051624 ], [ -97.685596199573794, 20.820699829886696 ], [ -97.664294480420722, 20.815445250065554 ], [ -97.663166320469315, 20.8119293497654 ], [ -97.656709999935089, 20.814523020029647 ], [ -97.646216799684922, 20.810360259833327 ], [ -97.635033029696771, 20.817222339872281 ], [ -97.633029229746242, 20.821651250165264 ], [ -97.636695969948889, 20.822482290086175 ], [ -97.636584119689758, 20.825194880368027 ], [ -97.63343597012117, 20.8258725501694 ], [ -97.633910509725354, 20.830158799907064 ], [ -97.624534819742649, 20.828618459577527 ], [ -97.620930079631108, 20.833507259929853 ] ] ] } },
{ "type": "Feature", "properties": { "code": "30158", "stateCode": "30", "municipalityCode": "158", "name": "Tecolutla" }, "geometry": { "type": "Polygon", "coordinates": [ [ [ -97.131448920251728, 20.599699579932047 ], [ -97.057483879551555, 20.523739999604306 ], [ -96.985731849565227, 20.463822080317058 ], [ -96.955077290118524, 20.417379770265946 ], [ -96.930272169886152, 20.388715540100129 ], [ -96.785277520135196, 20.244769620342371 ], [ -96.785363620347411, 20.241813679847329 ], [ -96.803680179981853, 20.247247450060136 ], [ -96.819626149662952, 20.237900180111396 ], [ -96.833587519757728, 20.263066179590858 ], [ -96.837666680239295, 20.258339310230905 ], [ -96.843553519690403, 20.260890400430014 ], [ -96.854661169998494, 20.278773060347937 ], [ -96.861055419941735, 20.280151150190182 ], [ -96.867716999572067, 20.27726001996977 ], [ -96.872736919852827, 20.280004289716004 ], [ -96.876464510004524, 20.272014830216854 ], [ -96.888047550283758, 20.270737539665696 ], [ -96.896907199900625, 20.276434030303555 ], [ -96.905439970314376, 20.288691419743909 ], [ -96.919787859862922, 20.297543399846706 ], [ -96.928675460453746, 20.294143219656068 ], [ -96.935955679587977, 20.297708949601176 ], [ -96.940813020244562, 20.294387289888732 ], [ -96.94032625033914, 20.288391169671804 ], [ -96.949778480457809, 20.281058980299509 ], [ -96.955726379735992, 20.283693629745756 ], [ -96.961257719750918, 20.275832089795891 ], [ -96.973894080105723, 20.273843090179682 ], [ -96.976813649534208, 20.2841804597284 ], [ -96.97834300022987, 20.282698119692313 ], [ -96.981761149951751, 20.287804780079064 ], [ -96.998037740032359, 20.29621748991249 ], [ -97.00852245011734, 20.289594969747675 ], [ -97.005269229556617, 20.286809089751845 ], [ -97.005944180155282, 20.279950679701091 ], [ -97.010456029995936, 20.274187949845164 ], [ -97.01020710999596, 20.276799780325895 ], [ -97.014852850425569, 20.275223550447944 ], [ -97.016121079655406, 20.278687489742008 ], [ -97.022745679583167, 20.276952029706592 ], [ -97.023263710262086, 20.280832450070022 ], [ -97.044041780475922, 20.277504320029919 ], [ -97.047922320027055, 20.27041754984257 ], [ -97.042811000314515, 20.265712630002781 ], [ -97.046888520389942, 20.262197519676892 ], [ -97.061660029944548, 20.259284620182189 ], [ -97.065122879719496, 20.266745460354418 ], [ -97.072079089519377, 20.266562940014914 ], [ -97.078188310477074, 20.272353920046044 ], [ -97.082376660297314, 20.268381569830481 ], [ -97.081464019756226, 20.270926819888945 ], [ -97.084346779824472, 20.269492170145309 ], [ -97.088349689993663, 20.274600079972874 ], [ -97.090736860473555, 20.273813849837758 ], [ -97.08953120021026, 20.270618739864254 ], [ -97.095580580360775, 20.26920250988729 ], [ -97.095639020371891, 20.264225579892035 ], [ -97.103769689628564, 20.256226829965851 ], [ -97.101343879690191, 20.263441319819936 ], [ -97.104355450448566, 20.270879800135916 ], [ -97.102586030244268, 20.286788570045267 ], [ -97.109684860258284, 20.295169750003136 ], [ -97.109499450037887, 20.301417420025032 ], [ -97.122386459781211, 20.304850800162345 ], [ -97.130323030225043, 20.300942060444957 ], [ -97.130196219674161, 20.298251850053219 ], [ -97.134541490124064, 20.298679859826784 ], [ -97.132981950452248, 20.302169149780894 ], [ -97.137944419615522, 20.304234019926405 ], [ -97.135639310022839, 20.311247580292452 ], [ -97.144814950035425, 20.313420319957689 ], [ -97.148591280230846, 20.318437680319512 ], [ -97.154632599798191, 20.317763429698239 ], [ -97.15282076975133, 20.324227510318092 ], [ -97.156670139844735, 20.324818879651399 ], [ -97.162444050118552, 20.332830090146459 ], [ -97.155539079805337, 20.329111579602262 ], [ -97.145115199824801, 20.33791212043597 ], [ -97.146819950012841, 20.343213489736225 ], [ -97.140889000425773, 20.344857149623476 ], [ -97.141643649608199, 20.352843339842831 ], [ -97.146427849555081, 20.359085060189646 ], [ -97.142921780357142, 20.375439259604804 ], [ -97.137877950121123, 20.376751599912595 ], [ -97.130272939977431, 20.371902829960529 ], [ -97.128208479849533, 20.378366149953372 ], [ -97.117462600379113, 20.375188880365641 ], [ -97.117774919538036, 20.378598489627279 ], [ -97.109152509929558, 20.378591119629149 ], [ -97.104831420393239, 20.381475939591713 ], [ -97.106475629830882, 20.394936089906761 ], [ -97.103672309750806, 20.397307400330092 ], [ -97.09611652027148, 20.396264319944652 ], [ -97.083718689741602, 20.386383879847742 ], [ -97.082410539864838, 20.392344549706515 ], [ -97.07651552005342, 20.393242139932848 ], [ -97.080162630133103, 20.394238940370396 ], [ -97.081315539769747, 20.401283059623914 ], [ -97.073731059695149, 20.401847770436827 ], [ -97.072476889990227, 20.408794970349572 ], [ -97.056464919576271, 20.405982540419686 ], [ -97.037405539788452, 20.409312580264395 ], [ -97.037527079583768, 20.416857049666081 ], [ -97.031330350073091, 20.416939229991119 ], [ -97.035186079974764, 20.420509230371337 ], [ -97.034025909576201, 20.424505179797226 ], [ -97.02659692020849, 20.423286819897005 ], [ -97.034625630315844, 20.431441489694187 ], [ -97.028816250458149, 20.432973770277009 ], [ -97.022543370110029, 20.441030349725782 ], [ -97.030524579557877, 20.449844830195023 ], [ -97.029197289870353, 20.459854779977736 ], [ -97.01650258009073, 20.46384610960666 ], [ -97.020413000383641, 20.467618680027194 ], [ -97.013514449782448, 20.472203719909562 ], [ -97.05275809030087, 20.467357619861591 ], [ -97.060556909688316, 20.471106000225742 ], [ -97.065682479675274, 20.4797234199341 ], [ -97.078980719817167, 20.474608580001604 ], [ -97.073137119704626, 20.479568659578696 ], [ -97.081370000192877, 20.482825030366762 ], [ -97.065709200443919, 20.489865150067313 ], [ -97.0639341502674, 20.493274400210517 ], [ -97.104161079651732, 20.530682690421102 ], [ -97.110681649766718, 20.527449030099987 ], [ -97.113596419994735, 20.520961060236917 ], [ -97.126767319535162, 20.525409250425085 ], [ -97.134294859886637, 20.511584860181006 ], [ -97.147184260399484, 20.509584550230205 ], [ -97.156296030346311, 20.503689549680992 ], [ -97.163770509656516, 20.507143799725267 ], [ -97.168172999570842, 20.50313048994196 ], [ -97.170356600253157, 20.506471430372006 ], [ -97.174902860034422, 20.505335119659751 ], [ -97.174901249848773, 20.516443230306319 ], [ -97.181904939527286, 20.522814109793117 ], [ -97.215559349912425, 20.527426980177609 ], [ -97.21284489036772, 20.536872750303491 ], [ -97.188868579965103, 20.543553479754646 ], [ -97.183278420339505, 20.552314859857415 ], [ -97.192390249762468, 20.563349059617856 ], [ -97.187738080350215, 20.572360230019271 ], [ -97.181256139797739, 20.570295660149238 ], [ -97.178965949638155, 20.571882090315384 ], [ -97.180326150042674, 20.576441830110113 ], [ -97.17154884955616, 20.579693059670504 ], [ -97.167944310162184, 20.585904600439822 ], [ -97.159018859780005, 20.585558169868904 ], [ -97.159425419581979, 20.592549859746768 ], [ -97.15562277032214, 20.598410000130396 ], [ -97.148438829808029, 20.594389980287467 ], [ -97.143503120397995, 20.598999079649129 ], [ -97.131448920251728, 20.599699579932047 ] ] ] } },
{ "type": "Feature", "properties": { "code": "30159", "stateCode": "30", "municipalityCode": "159", "name": "Tehuipango" }, "geometry": { "type": "Polygon", "coordinates": [ [ [ -97.041506479772835, 18.584279339641299 ], [ -97.021782139892352, 18.566493620129343 ], [ -97.013985400489133, 18.563464579582273 ], [ -97.005293579845642, 18.566498170206302 ], [ -97.002758000414431, 18.559038970067839 ], [ -96.997873820174036, 18.559058550325783 ], [ -96.99901787961241, 18.556815620195721 ], [ -96.974654319607183, 18.553536690181115 ], [ -96.972721060020447, 18.550278650014196 ], [ -96.977608680031864, 18.545112650338911 ], [ -96.983941859771448, 18.546526120028087 ], [ -97.005874020252193, 18.524045570377051 ], [ -97.015259859704486, 18.520882740184657 ], [ -97.021044179606932, 18.512426619653539 ], [ -97.025764580277155, 18.517071800138698 ], [ -97.036701089800232, 18.505037980378159 ], [ -97.046378149943749, 18.499560220325574 ], [ -97.051965980128216, 18.485738079681539 ], [ -97.05884179960124, 18.477201999547244 ], [ -97.076073769638541, 18.466001249788246 ], [ -97.079967520169603, 18.454507780197829 ], [ -97.083471379680191, 18.483942749779423 ], [ -97.112698230016804, 18.52131452026579 ], [ -97.10441077019577, 18.529384050240076 ], [ -97.103072480225947, 18.538047799639585 ], [ -97.096834170254439, 18.539250029773513 ], [ -97.079402850300312, 18.554769980118746 ], [ -97.071144859866394, 18.569181889884884 ], [ -97.056175090216527, 18.573716769660496 ], [ -97.041506479772835, 18.584279339641299 ] ] ] } },
{ "type": "Feature", "properties": { "code": "30160", "stateCode": "30", "municipalityCode": "160", "name": "Álamo Temapache" }, "geometry": { "type": "Polygon", "coordinates": [ [ [ -97.685234430048467, 21.198681169606086 ], [ -97.683441050312325, 21.192690219901788 ], [ -97.671798659851135, 21.188382830039924 ], [ -97.670005420435459, 21.191438800084853 ], [ -97.651766620374332, 21.184764709862858 ], [ -97.636765769575078, 21.183514879558746 ], [ -97.629688969942833, 21.169798710199007 ], [ -97.629967779602367, 21.158854020087247 ], [ -97.620509600449367, 21.156844489665222 ], [ -97.6146426803829, 21.148999199802024 ], [ -97.60910174015072, 21.152665970397695 ], [ -97.611831600425759, 21.140617109940504 ], [ -97.598736119918485, 21.136620799883669 ], [ -97.593839690033874, 21.138608690434907 ], [ -97.58800387966491, 21.123614220238736 ], [ -97.572642449700666, 21.107751139970855 ], [ -97.56781682008446, 21.105135979644828 ], [ -97.553009979912744, 21.107571140421673 ], [ -97.531895969625666, 21.103399689604476 ], [ -97.521644420437653, 21.108643889641368 ], [ -97.519254049587715, 21.10179519957256 ], [ -97.514193509804102, 21.103093050437465 ], [ -97.507967170023832, 21.099543600257256 ], [ -97.516401339757877, 21.092346780416513 ], [ -97.509993860060987, 21.087652199747659 ], [ -97.507097749751793, 21.074066480020218 ], [ -97.51745306015863, 21.075386110385352 ], [ -97.538517829996778, 21.070032509574744 ], [ -97.543339719845022, 21.07159482039021 ], [ -97.546317750037176, 21.08182530997092 ], [ -97.555687370107108, 21.084773020429974 ], [ -97.562252520287061, 21.069468549782435 ], [ -97.558850339822641, 21.062348570191936 ], [ -97.560429380173389, 21.058428599557335 ], [ -97.552209479901322, 21.055375939932247 ], [ -97.549434079654418, 21.058052800327633 ], [ -97.548786119689808, 21.05502877021226 ], [ -97.544440290405547, 21.059335490007403 ], [ -97.540853090100256, 21.052500710450328 ], [ -97.553024819559894, 21.047277570140022 ], [ -97.556030369737186, 21.03967915008678 ], [ -97.560058150390617, 21.040123750464357 ], [ -97.561676180118283, 21.034451569983592 ], [ -97.575889660263812, 21.022900229743733 ], [ -97.574656569620046, 21.020618579798249 ], [ -97.591842279905876, 21.027655650178669 ], [ -97.59379679956686, 21.012146540038042 ], [ -97.598313250153311, 21.007919459661359 ], [ -97.590612800306133, 21.006039450043488 ], [ -97.589346749527863, 21.001731800310935 ], [ -97.582693630224071, 21.003782719984642 ], [ -97.580089280477168, 21.000751199628457 ], [ -97.578658620136764, 21.004399379557423 ], [ -97.573204770004921, 21.00554882985826 ], [ -97.56675397031853, 21.000711220038415 ], [ -97.564860149667496, 20.992896340354616 ], [ -97.567381430261634, 20.99581332021166 ], [ -97.580600689786195, 20.995495230107387 ], [ -97.583005520124843, 20.999384250153007 ], [ -97.599905629529871, 20.996132920020056 ], [ -97.59817432005697, 20.988966509674043 ], [ -97.589223820338248, 20.981821579940988 ], [ -97.592655569659883, 20.971744579914645 ], [ -97.571652319991117, 20.950119569818323 ], [ -97.528724059886358, 20.954512289980169 ], [ -97.516626719746924, 20.944640249855492 ], [ -97.520363620023303, 20.934473169981722 ], [ -97.499782290169549, 20.93301348003185 ], [ -97.499321489682757, 20.926755289656725 ], [ -97.507743349779631, 20.91161478007642 ], [ -97.501484650411101, 20.906822379652013 ], [ -97.500176250153359, 20.883805290348093 ], [ -97.507103180315312, 20.874540229863261 ], [ -97.507442580085822, 20.851732619750454 ], [ -97.513808819570613, 20.859353369946767 ], [ -97.514188940288662, 20.854002920165922 ], [ -97.519743259559306, 20.859748850176423 ], [ -97.522250909580919, 20.854232280251878 ], [ -97.523113599640752, 20.857028569951055 ], [ -97.528399879927946, 20.857655249960313 ], [ -97.529514420188761, 20.846558739622616 ], [ -97.528297510168414, 20.844100150456295 ], [ -97.527637949826797, 20.844771719851341 ], [ -97.520051310386151, 20.838213849574636 ], [ -97.51947957986215, 20.837660379879708 ], [ -97.519573819817765, 20.837287350123209 ], [ -97.530343000428118, 20.823328979785288 ], [ -97.541663719729129, 20.822230719868323 ], [ -97.542411679747289, 20.818266460216321 ], [ -97.557625629969039, 20.820798880004606 ], [ -97.559324139523369, 20.826765350064992 ], [ -97.564546649607223, 20.818385120106569 ], [ -97.568485510405608, 20.817594029957565 ], [ -97.569405259526192, 20.820808910225917 ], [ -97.571692400404487, 20.8187355200746 ], [ -97.573551619648924, 20.812792720414905 ], [ -97.582374779680123, 20.814793199884583 ], [ -97.587322919525462, 20.811916220358132 ], [ -97.604019180415591, 20.812509080031923 ], [ -97.603289680444846, 20.815817380029031 ], [ -97.60875135038016, 20.816978630378525 ], [ -97.6091018603652, 20.821272060093243 ], [ -97.613513090055164, 20.823058480420897 ], [ -97.612123980078991, 20.82604719959896 ], [ -97.618638679724057, 20.828844550189235 ], [ -97.620929829967523, 20.833631279978977 ], [ -97.624534819742649, 20.828618459577527 ], [ -97.633910509725354, 20.830158799907064 ], [ -97.63343597012117, 20.8258725501694 ], [ -97.636584119689758, 20.825194880368027 ], [ -97.636695969948889, 20.822482290086175 ], [ -97.633029229746242, 20.821651250165264 ], [ -97.635033029696771, 20.817222339872281 ], [ -97.646216799684922, 20.810360259833327 ], [ -97.656709999935089, 20.814523020029647 ], [ -97.663166320469315, 20.8119293497654 ], [ -97.664294480420722, 20.815445250065554 ], [ -97.685596199573794, 20.820699829886696 ], [ -97.682521689761415, 20.814762450051624 ], [ -97.689075939766511, 20.803745570225722 ], [ -97.690976230467029, 20.807040220071549 ], [ -97.69595688034677, 20.803794860399911 ], [ -97.699324049642641, 20.807630999598516 ], [ -97.717422829782052, 20.811029820024622 ], [ -97.725659850020364, 20.808048430207915 ], [ -97.733806060419951, 20.811291450046205 ], [ -97.732854850319029, 20.814160489617784 ], [ -97.738641620473629, 20.817991599900157 ], [ -97.739789089805697, 20.815579340139145 ], [ -97.751826089954335, 20.814925460314971 ], [ -97.763104229952447, 20.818864599830857 ], [ -97.773001679969511, 20.827201379978757 ], [ -97.773878909913961, 20.823014429747921 ], [ -97.777040020349233, 20.824328650331527 ], [ -97.790395279833987, 20.81683287961609 ], [ -97.797178750358398, 20.821163690007612 ], [ -97.813767310232379, 20.82006607975217 ], [ -97.824048600057282, 20.809809910076506 ], [ -97.830698139669806, 20.807996860115463 ], [ -97.830928629558016, 20.812679599897503 ], [ -97.850118429587326, 20.816923829745711 ], [ -97.84307996962032, 20.824446340057214 ], [ -97.843553000394493, 20.831376060227736 ], [ -97.838920170040609, 20.836496490335854 ], [ -97.84534860047566, 20.839766139832367 ], [ -97.852867939515519, 20.832868350187034 ], [ -97.861738460387926, 20.835368520006199 ], [ -97.870771890366186, 20.831336630059031 ], [ -97.87911977991908, 20.834275879809788 ], [ -97.894801710326263, 20.797763879796207 ], [ -97.905933449980765, 20.797335229625059 ], [ -97.913677319706352, 20.783909249910852 ], [ -97.928494889861582, 20.789222829567478 ], [ -97.926089429943332, 20.805638949903745 ], [ -97.920407820078111, 20.814845750255991 ], [ -97.92253478039656, 20.821802260277313 ], [ -97.920209829833325, 20.834227120392704 ], [ -97.908306739664368, 20.839998289680249 ], [ -97.901908250353301, 20.848068050233305 ], [ -97.887721000280749, 20.853880180204449 ], [ -97.896341380035011, 20.856070380065088 ], [ -97.896939459900409, 20.852888480137686 ], [ -97.907060599938589, 20.852069890219216 ], [ -97.910045479893355, 20.856069370298595 ], [ -97.90334954019994, 20.862412049594781 ], [ -97.903547549584843, 20.870933799806757 ], [ -97.914092630433089, 20.87598768043846 ], [ -97.91892817006611, 20.873268290231923 ], [ -97.921386199982663, 20.876474309764284 ], [ -97.929150650315549, 20.875694060348309 ], [ -97.92988631959517, 20.879350780293173 ], [ -97.917294909580647, 20.880847380201899 ], [ -97.913786049921598, 20.888194940382764 ], [ -97.910436650120474, 20.88556011958557 ], [ -97.899516770193884, 20.897978510247597 ], [ -97.88025754965085, 20.893296800372209 ], [ -97.874474289996073, 20.903565120383973 ], [ -97.877694179954176, 20.914295619776915 ], [ -97.875426430311165, 20.918716879954108 ], [ -97.88145075023462, 20.923690849657827 ], [ -97.877730799806969, 20.929833029643667 ], [ -97.880440259816694, 20.930015180221439 ], [ -97.878322399793959, 20.93638770957692 ], [ -97.867940690386533, 20.95246363015417 ], [ -97.858388140057329, 20.954246109565574 ], [ -97.863867200328215, 20.959976599738766 ], [ -97.848190420144817, 20.970142599585831 ], [ -97.85800101989733, 20.969331319828946 ], [ -97.850776920317017, 20.9767477403722 ], [ -97.854623779629264, 20.978166320322956 ], [ -97.861774750026854, 20.97489993995773 ], [ -97.86373694980351, 20.97805007957859 ], [ -97.861410799675895, 20.98283573973405 ], [ -97.865451090065577, 20.988951630291044 ], [ -97.870335120028173, 20.989340349733904 ], [ -97.870435379870031, 20.984310910067499 ], [ -97.874448179783897, 20.98719917037651 ], [ -97.876731109628693, 20.981343750049035 ], [ -97.880511579854044, 20.984305880008261 ], [ -97.887624139903281, 20.982036620312709 ], [ -97.895288539714741, 20.984802519635888 ], [ -97.893156910333218, 20.98981891971512 ], [ -97.899674519657182, 20.989275110407412 ], [ -97.898930110325068, 20.992604770022272 ], [ -97.894261749989539, 20.991803459584489 ], [ -97.897282770069339, 20.996352770132681 ], [ -97.901448569980431, 20.99679132005906 ], [ -97.903306660464139, 20.985675309825769 ], [ -97.909561170177895, 20.988265880030152 ], [ -97.911304250366712, 20.994253940051031 ], [ -97.904566570218179, 21.002440679970487 ], [ -97.925562230201564, 20.997996719801279 ], [ -97.925752460476474, 21.011276769621698 ], [ -97.912635619917125, 21.009876910331766 ], [ -97.905598520471344, 21.019324460348848 ], [ -97.921077020079736, 21.026338079587894 ], [ -97.912527600238946, 21.050671629975426 ], [ -97.904904420022575, 21.053493050074799 ], [ -97.882003220293939, 21.047294720045546 ], [ -97.880143619662931, 21.048527580270349 ], [ -97.885204229749419, 21.054383289648328 ], [ -97.882582139923187, 21.057599540254291 ], [ -97.877561770058577, 21.056641140013223 ], [ -97.873305920099256, 21.062578399661732 ], [ -97.874685029510871, 21.064779550258748 ], [ -97.857806880358098, 21.070480629821706 ], [ -97.854212420477765, 21.067933249984858 ], [ -97.852926519743477, 21.075036920286149 ], [ -97.856905800223871, 21.086026619771101 ], [ -97.851444140026928, 21.086472079660432 ], [ -97.819670450079244, 21.106334380422858 ], [ -97.832326539627488, 21.117548829958622 ], [ -97.834176620107684, 21.126627290020608 ], [ -97.81673510953334, 21.123531460000617 ], [ -97.814195710311111, 21.120380029784652 ], [ -97.813124180003044, 21.122830379838543 ], [ -97.809664139718365, 21.117141139795343 ], [ -97.811450849961275, 21.112483169650538 ], [ -97.801182939871083, 21.104200519916997 ], [ -97.797653179694493, 21.10782285017843 ], [ -97.793266280064216, 21.107020890039411 ], [ -97.786301080407668, 21.096408339932392 ], [ -97.773530089635358, 21.09364547981772 ], [ -97.772238199979384, 21.095990459624211 ], [ -97.771354919650264, 21.089296769723955 ], [ -97.765528709958929, 21.091321649622483 ], [ -97.758716879965746, 21.086623459805651 ], [ -97.757843519720993, 21.091891020253719 ], [ -97.750340909830157, 21.0945122199997 ], [ -97.74747466006724, 21.100991169724345 ], [ -97.752557109830775, 21.103298489860116 ], [ -97.750854519569828, 21.110988019757471 ], [ -97.75534845043174, 21.11210162034978 ], [ -97.757038450126302, 21.119939030092464 ], [ -97.755240910466313, 21.139439060212649 ], [ -97.747753149863584, 21.13198876974873 ], [ -97.738190749754523, 21.14019992043524 ], [ -97.741563539973896, 21.142717580424677 ], [ -97.740547089881105, 21.145877509666335 ], [ -97.727243710166562, 21.130773289922026 ], [ -97.719862519585618, 21.141526769617762 ], [ -97.724719520341125, 21.147464769840578 ], [ -97.725231909874537, 21.154533859615618 ], [ -97.708359089836264, 21.153141539915921 ], [ -97.704449859560413, 21.156571620262081 ], [ -97.708415079585393, 21.164166540406804 ], [ -97.722485799862895, 21.171680480360212 ], [ -97.710109349639581, 21.169880710112679 ], [ -97.70543607952996, 21.191463859666584 ], [ -97.702846739896913, 21.193358619828629 ], [ -97.699777479665343, 21.189622050259089 ], [ -97.699021169588207, 21.196343020286029 ], [ -97.697263460366415, 21.193849080267384 ], [ -97.685234430048467, 21.198681169606086 ] ] ] } },
{ "type": "Feature", "properties": { "code": "30161", "stateCode": "30", "municipalityCode": "161", "name": "Tempoal" }, "geometry": { "type": "Polygon", "coordinates": [ [ [ -98.204942449977523, 21.721814380403544 ], [ -98.190731580152232, 21.717384539755283 ], [ -98.191297430045324, 21.711521420108657 ], [ -98.187139180256693, 21.714819879651269 ], [ -98.159322049591978, 21.711413769966441 ], [ -98.155388909961289, 21.707090549593509 ], [ -98.159562980277741, 21.698947180092695 ], [ -98.154825259863088, 21.695080479962435 ], [ -98.15534848030812, 21.689642939624608 ], [ -98.148564630408984, 21.693207969657177 ], [ -98.14728018016595, 21.688547540269997 ], [ -98.142673339991774, 21.687360680063371 ], [ -98.149164580438978, 21.680488919620142 ], [ -98.140747309980483, 21.675807060016492 ], [ -98.143491030091468, 21.672341120185248 ], [ -98.136307740188798, 21.667084660064202 ], [ -98.130202849589253, 21.667109980265611 ], [ -98.127689259769468, 21.659569110206 ], [ -98.115595280298493, 21.655975310175322 ], [ -98.11518922011598, 21.652395580289969 ], [ -98.107932599540348, 21.655746480000893 ], [ -98.107154889570666, 21.648143859586991 ], [ -98.102721030210859, 21.645368140367424 ], [ -98.096310519906893, 21.64689577030996 ], [ -98.080856049843788, 21.636155889849565 ], [ -98.089822650230317, 21.632220000179419 ], [ -98.096057180005999, 21.636024890067834 ], [ -98.107600690333342, 21.623256279557346 ], [ -98.10593633978219, 21.616183570061246 ], [ -98.109296509715392, 21.613933029801625 ], [ -98.10607884961577, 21.611277060361751 ], [ -98.10934400003741, 21.594087059877321 ], [ -98.117689910433299, 21.592226380024652 ], [ -98.126595279758035, 21.594788170255903 ], [ -98.138944029586824, 21.587184050017065 ], [ -98.147710649935192, 21.590226000373548 ], [ -98.147279969834827, 21.580300400412263 ], [ -98.157327079785318, 21.574033079638816 ], [ -98.158229829677325, 21.568396999835254 ], [ -98.170162510372762, 21.572271710424022 ], [ -98.179036340305842, 21.570670519651873 ], [ -98.184013889782378, 21.580668230366264 ], [ -98.188926089759647, 21.582068740168637 ], [ -98.202700489969075, 21.579671020165637 ], [ -98.232088680006171, 21.563783279997992 ], [ -98.227297380165453, 21.55465219962171 ], [ -98.242576520262944, 21.550952050210633 ], [ -98.243461689546578, 21.538095690140704 ], [ -98.249551890227906, 21.536816199931316 ], [ -98.252364799539905, 21.532403539731735 ], [ -98.249604079532617, 21.517409719865004 ], [ -98.255123830230815, 21.507507120213155 ], [ -98.246879340000305, 21.501959520442874 ], [ -98.242491459948923, 21.49470585962473 ], [ -98.244376519704318, 21.487779219891515 ], [ -98.237646689661943, 21.482057310308651 ], [ -98.240691940104739, 21.47216357989409 ], [ -98.250921740032226, 21.478533249643291 ], [ -98.258006749991367, 21.469704919811296 ], [ -98.244057399749877, 21.463281600414184 ], [ -98.244641050075018, 21.458157570238484 ], [ -98.267349369888478, 21.456877890384817 ], [ -98.267261820020821, 21.480896570356649 ], [ -98.259472379862871, 21.487535629707981 ], [ -98.268699140335471, 21.503262549560436 ], [ -98.276021739546835, 21.501025569766554 ], [ -98.277264880381537, 21.495331520397642 ], [ -98.286731399828739, 21.489695889843045 ], [ -98.296996940067331, 21.478035370086765 ], [ -98.30678579970926, 21.476136880113536 ], [ -98.31745085035557, 21.466861180269625 ], [ -98.320071660189456, 21.471288250437475 ], [ -98.317261769921188, 21.479169539556437 ], [ -98.321920420214397, 21.480511660114907 ], [ -98.328646219873605, 21.477116750170005 ], [ -98.324453150430685, 21.462452540288627 ], [ -98.335941619933763, 21.467949800203915 ], [ -98.337019979636324, 21.462305230316158 ], [ -98.339940420468949, 21.464166080061272 ], [ -98.345855740094635, 21.459005200135856 ], [ -98.34591674980652, 21.45104153993676 ], [ -98.336127339901196, 21.442934999841306 ], [ -98.338799940213988, 21.439687660189044 ], [ -98.334070800437928, 21.440229939632047 ], [ -98.334942449739756, 21.4362426195692 ], [ -98.32768000013067, 21.427715489843244 ], [ -98.34657261993398, 21.401023319649052 ], [ -98.350743370290672, 21.401839509573279 ], [ -98.349158599898303, 21.395319569726311 ], [ -98.355777969842379, 21.389401709855747 ], [ -98.364678290242281, 21.394572769602636 ], [ -98.365310030088651, 21.401202570449783 ], [ -98.369531539819448, 21.402069890221401 ], [ -98.377949570012674, 21.411809370001539 ], [ -98.393238020425883, 21.416221860303335 ], [ -98.397073319880619, 21.410660319908548 ], [ -98.392801880028358, 21.403162980346167 ], [ -98.396333720184174, 21.401961050083983 ], [ -98.402213340410455, 21.407185949990552 ], [ -98.409263429983312, 21.40149067981999 ], [ -98.402006250187924, 21.395837769571493 ], [ -98.407555740321584, 21.391632169601863 ], [ -98.409317689651388, 21.394654819705814 ], [ -98.411832540030403, 21.39338826044558 ], [ -98.410698339910951, 21.389546490289188 ], [ -98.406547430014029, 21.388782799777037 ], [ -98.413324720141489, 21.383432600170167 ], [ -98.419114739545421, 21.387970480009415 ], [ -98.421129399699097, 21.384213050387519 ], [ -98.426156019705928, 21.389683940446556 ], [ -98.436722649642249, 21.391082549937515 ], [ -98.434880459570692, 21.396724090313796 ], [ -98.445821659858836, 21.3970983198267 ], [ -98.440855219806338, 21.400179250183431 ], [ -98.444384749958914, 21.402130800321853 ], [ -98.454464720235109, 21.399316200123796 ], [ -98.458940000226164, 21.391119110376295 ], [ -98.458762150321292, 21.388652430144813 ], [ -98.447993980237982, 21.385965920212865 ], [ -98.45155727963737, 21.380133549565972 ], [ -98.464174940169812, 21.381274859654781 ], [ -98.46760668000752, 21.378591510327887 ], [ -98.470784450055405, 21.389643119844987 ], [ -98.481774619900932, 21.388992630050677 ], [ -98.48076617019133, 21.39767996981692 ], [ -98.487039739623611, 21.398148400097291 ], [ -98.486927619894075, 21.392386179879665 ], [ -98.500685740305968, 21.385347090211972 ], [ -98.505195719524025, 21.394872379897837 ], [ -98.507923599519998, 21.391934879904593 ], [ -98.510537110028565, 21.40195548043933 ], [ -98.519187909861884, 21.401303599725434 ], [ -98.517929180178953, 21.403560719578479 ], [ -98.521791580404823, 21.405396429773553 ], [ -98.519998709906005, 21.422406980321252 ], [ -98.522890280397775, 21.424950599759235 ], [ -98.521502580185668, 21.431405569931076 ], [ -98.524641450322434, 21.44016394017093 ], [ -98.520748140084208, 21.443501679870813 ], [ -98.520540200439569, 21.457522429627691 ], [ -98.518169030293691, 21.459813120011127 ], [ -98.517098780247522, 21.457428949717791 ], [ -98.516913059706724, 21.460701710359555 ], [ -98.535599599920815, 21.492464879587249 ], [ -98.532255859617294, 21.501139519717889 ], [ -98.540581829757727, 21.507625450129638 ], [ -98.543028060093718, 21.513830999805752 ], [ -98.553803679825535, 21.516135779884319 ], [ -98.557451999691338, 21.521978280157334 ], [ -98.565050719609829, 21.520086079829799 ], [ -98.579634430005299, 21.527162219808694 ], [ -98.585074889995013, 21.535771879673195 ], [ -98.587529909689934, 21.533577939634998 ], [ -98.602247419761824, 21.540430820104305 ], [ -98.59881643042111, 21.550428660310704 ], [ -98.600259429870789, 21.554670080223996 ], [ -98.607780879786404, 21.555787849717507 ], [ -98.603486970436222, 21.561998479669622 ], [ -98.608295660254583, 21.564386940122088 ], [ -98.605400119774529, 21.566913200280702 ], [ -98.609726089683562, 21.575080369898036 ], [ -98.613397430073476, 21.57522717001223 ], [ -98.613409550450143, 21.579857829623197 ], [ -98.618161369844685, 21.578830890395871 ], [ -98.620273149834333, 21.5833979203396 ], [ -98.625746660236018, 21.585456050193308 ], [ -98.620506020106561, 21.588241450328315 ], [ -98.625652120351276, 21.592595620267854 ], [ -98.619354089938199, 21.602461400031789 ], [ -98.621127000280879, 21.627822150078458 ], [ -98.62805071957473, 21.630477400136151 ], [ -98.635355920166589, 21.6262961798292 ], [ -98.643512509735274, 21.630490649579539 ], [ -98.633743550078364, 21.642589399920936 ], [ -98.633221750107481, 21.653888170217122 ], [ -98.62056161995352, 21.653073280278562 ], [ -98.609470480240248, 21.667229089620268 ], [ -98.6114027101613, 21.671867479582421 ], [ -98.624961819724675, 21.673065350208638 ], [ -98.621996969811875, 21.682382570095964 ], [ -98.616142579533147, 21.683757000269868 ], [ -98.599053850055824, 21.669437579858048 ], [ -98.589522579704052, 21.669127599623629 ], [ -98.578891369774595, 21.6721206502413 ], [ -98.569326800331879, 21.682543830362995 ], [ -98.561737680390237, 21.682919460308252 ], [ -98.556950720086775, 21.689392549569433 ], [ -98.550845910118426, 21.691489120241162 ], [ -98.536482779593385, 21.646327519767745 ], [ -98.530187060422307, 21.648117780448178 ], [ -98.516154430466543, 21.643821109963287 ], [ -98.514868820021263, 21.647846969821849 ], [ -98.489363450106836, 21.658633659566515 ], [ -98.488933619606641, 21.656665049690478 ], [ -98.480989629884675, 21.669988089680366 ], [ -98.448014400308239, 21.677789340154689 ], [ -98.428491889678298, 21.665116309638424 ], [ -98.410765350183198, 21.663839120096807 ], [ -98.425109449867165, 21.656223820172585 ], [ -98.422668780265965, 21.655191850080602 ], [ -98.373975719656542, 21.661753829670435 ], [ -98.374401880187705, 21.66470361993926 ], [ -98.366668140097829, 21.66746962003042 ], [ -98.325737849879459, 21.671913249973166 ], [ -98.32396042010447, 21.686794290008859 ], [ -98.259945969694982, 21.701317940181422 ], [ -98.259205860362584, 21.699062029998167 ], [ -98.243314709756987, 21.702883430240917 ], [ -98.242404219946366, 21.705672140402751 ], [ -98.227406890055022, 21.703632519578068 ], [ -98.225180000276978, 21.714262339702991 ], [ -98.210209549689438, 21.712020449997731 ], [ -98.210038629799058, 21.717518290409398 ], [ -98.204810449795517, 21.716779020294908 ], [ -98.204942449977523, 21.721814380403544 ] ] ] } },
{ "type": "Feature", "properties": { "code": "30162", "stateCode": "30", "municipalityCode": "162", "name": "Tenampa" }, "geometry": { "type": "Polygon", "coordinates": [ [ [ -96.823254600376885, 19.299687310452079 ], [ -96.792660520166791, 19.283217000118384 ], [ -96.787596800329027, 19.2871869195892 ], [ -96.780560430007611, 19.283921850003992 ], [ -96.770513349850745, 19.287907320390051 ], [ -96.764291340239339, 19.285757540459613 ], [ -96.753958540299436, 19.273318200145685 ], [ -96.778540860209475, 19.268992169629211 ], [ -96.781854999572133, 19.264515449540255 ], [ -96.799305080463242, 19.257111660140833 ], [ -96.82578807963823, 19.246709630206134 ], [ -96.831123940071961, 19.247882950972311 ], [ -96.835980230389069, 19.239682400133752 ], [ -96.85689922010296, 19.226600199884174 ], [ -96.880882660345122, 19.217995459786792 ], [ -96.887040540378592, 19.216975999767733 ], [ -96.894134030326725, 19.224001080145278 ], [ -96.917066150388123, 19.229238769650745 ], [ -96.917509619721287, 19.23221973996403 ], [ -96.898206549611245, 19.242335800392141 ], [ -96.898652350486515, 19.25216068959076 ], [ -96.889181339729703, 19.25878231956689 ], [ -96.877356770344889, 19.261973150209741 ], [ -96.870846430224518, 19.273045251038212 ], [ -96.86029515009109, 19.280418430222063 ], [ -96.854446919915532, 19.280970630148527 ], [ -96.853424199635811, 19.288428289708747 ], [ -96.832904709606481, 19.299497779916951 ], [ -96.823254600376885, 19.299687310452079 ] ] ] } },
{ "type": "Feature", "properties": { "code": "30078", "stateCode": "30", "municipalityCode": "078", "name": "Ixcatepec" }, "geometry": { "type": "Polygon", "coordinates": [ [ [ -98.064363910389403, 21.349983750430191 ], [ -98.05695507977444, 21.34642313969502 ], [ -98.053030619591041, 21.339715430079465 ], [ -98.045913309833594, 21.339106460067971 ], [ -98.04315731036138, 21.335453599579328 ], [ -98.045131030048708, 21.328624149828759 ], [ -98.040545230095091, 21.324569050338457 ], [ -98.030405309891364, 21.324586510378765 ], [ -98.023417429683619, 21.329737879970907 ], [ -98.014709490097559, 21.325759290045347 ], [ -98.015830599545154, 21.32103002978884 ], [ -98.008870290037464, 21.316674889886901 ], [ -98.009850980330597, 21.311635339841207 ], [ -98.005406000177558, 21.311386920306788 ], [ -98.01154133977532, 21.307188050426728 ], [ -98.006776119539737, 21.30515714962954 ], [ -98.007491029639567, 21.297910279966747 ], [ -98.002638229665436, 21.291937119785739 ], [ -98.006791570175167, 21.289455200102747 ], [ -98.004234319854291, 21.287743349734107 ], [ -98.004945919765746, 21.282599030274465 ], [ -98.001700909762775, 21.282025139985606 ], [ -98.004824419946985, 21.276724229935922 ], [ -98.004530180093496, 21.26112842021282 ], [ -97.999377799936283, 21.248630430207005 ], [ -97.995392630042389, 21.247802400394214 ], [ -97.971720059580534, 21.257628919962407 ], [ -97.969006460294736, 21.255389780304103 ], [ -97.972357769652504, 21.2468109998374 ], [ -97.958480739789167, 21.238244819579144 ], [ -97.949254109913909, 21.239294059855244 ], [ -97.93724823032413, 21.233340150053504 ], [ -97.936174889651795, 21.221686739912933 ], [ -97.928942109933416, 21.21678326032027 ], [ -97.932578200310516, 21.204659279815115 ], [ -97.936457060391447, 21.20381311966414 ], [ -97.961856080282786, 21.21050494993159 ], [ -97.959912250196638, 21.200176230246548 ], [ -97.962957710077916, 21.190275349831108 ], [ -97.959944689871207, 21.18905455038578 ], [ -97.962653489550178, 21.185464549854885 ], [ -97.96782708988512, 21.185252580419476 ], [ -97.963142379542262, 21.178787060269048 ], [ -97.966495089761423, 21.173441400402179 ], [ -97.963289459593923, 21.170448849961872 ], [ -97.978591800168829, 21.166027170028087 ], [ -97.988867200060341, 21.15777477020865 ], [ -98.005230000310519, 21.155130450113447 ], [ -98.012452349982922, 21.14869094044592 ], [ -98.028601860266363, 21.152465979610895 ], [ -98.03064617992176, 21.155805550021519 ], [ -98.043668199772213, 21.15668133995435 ], [ -98.043572769793485, 21.161653780376827 ], [ -98.035448049883328, 21.171475340152515 ], [ -98.029498049900567, 21.17363074980145 ], [ -98.040468859629712, 21.188142369670668 ], [ -98.046374019596726, 21.191033249868124 ], [ -98.045149139793494, 21.197063769844917 ], [ -98.057898199652769, 21.202706260120074 ], [ -98.061036719808286, 21.198686649623731 ], [ -98.070382000013751, 21.208767150172605 ], [ -98.058843709849825, 21.21678471035073 ], [ -98.060995580342706, 21.220669769843241 ], [ -98.070177019657052, 21.220317489843193 ], [ -98.055780089727904, 21.230026459832828 ], [ -98.067027220060098, 21.234077780216445 ], [ -98.076792850154561, 21.24329441955291 ], [ -98.079321230027233, 21.239138309736401 ], [ -98.08299962017125, 21.241561229802247 ], [ -98.093054780225941, 21.238150109994017 ], [ -98.099702000306976, 21.242956750444399 ], [ -98.109707179521507, 21.241635970307524 ], [ -98.116439720427138, 21.245468050406551 ], [ -98.098919199563284, 21.252327820092628 ], [ -98.100486059989905, 21.258006510310818 ], [ -98.091080030468945, 21.273958399770891 ], [ -98.065556650054063, 21.275122320165714 ], [ -98.067797200348252, 21.284918750451443 ], [ -98.063461519941725, 21.290485630399672 ], [ -98.07004494955487, 21.31323505018446 ], [ -98.061510120054152, 21.321658150075859 ], [ -98.060639419975146, 21.3291608197747 ], [ -98.066001750230853, 21.331122769688079 ], [ -98.070941089596388, 21.338134679793075 ], [ -98.066963599768698, 21.345038259588932 ], [ -98.066397030115667, 21.34234659960903 ], [ -98.063087830345467, 21.344720659725137 ], [ -98.064363910389403, 21.349983750430191 ] ] ] } },
{ "type": "Feature", "properties": { "code": "30167", "stateCode": "30", "municipalityCode": "167", "name": "Tepetzintla" }, "geometry": { "type": "Polygon", "coordinates": [ [ [ -97.870674260119188, 21.237911909840893 ], [ -97.867948769952562, 21.233441570259814 ], [ -97.860737490058455, 21.231751710088336 ], [ -97.855474220439802, 21.223120540316181 ], [ -97.848265280174942, 21.227912910144703 ], [ -97.842104140351111, 21.224043579617355 ], [ -97.832617150376365, 21.230628940455873 ], [ -97.827084859601854, 21.218734719875584 ], [ -97.831754569975061, 21.217956289938893 ], [ -97.833080380091531, 21.211650710306159 ], [ -97.843931749673899, 21.197465109863099 ], [ -97.843950860421131, 21.184663859779132 ], [ -97.832678710445734, 21.180192720262841 ], [ -97.821524919745158, 21.184906949938714 ], [ -97.806880749695608, 21.185080050210541 ], [ -97.784626879586668, 21.168247260064096 ], [ -97.783437550473693, 21.164414279953352 ], [ -97.779261060164359, 21.164212310101195 ], [ -97.775667580026479, 21.15479405998104 ], [ -97.775930540424042, 21.143444800196345 ], [ -97.762750819621559, 21.137434020364807 ], [ -97.758575819992529, 21.141250850288849 ], [ -97.755374030360613, 21.139626569936169 ], [ -97.757038450126302, 21.119939030092464 ], [ -97.75534845043174, 21.11210162034978 ], [ -97.750854519569828, 21.110988019757471 ], [ -97.752557109830775, 21.103298489860116 ], [ -97.74747466006724, 21.100991169724345 ], [ -97.750340909830157, 21.0945122199997 ], [ -97.757843519720993, 21.091891020253719 ], [ -97.758716879965746, 21.086623459805651 ], [ -97.765528709958929, 21.091321649622483 ], [ -97.771354919650264, 21.089296769723955 ], [ -97.772238199979384, 21.095990459624211 ], [ -97.773530089635358, 21.09364547981772 ], [ -97.786301080407668, 21.096408339932392 ], [ -97.793266280064216, 21.107020890039411 ], [ -97.797653179694493, 21.10782285017843 ], [ -97.801182939871083, 21.104200519916997 ], [ -97.811450849961275, 21.112483169650538 ], [ -97.809664139718365, 21.117141139795343 ], [ -97.813124180003044, 21.122830379838543 ], [ -97.814195710311111, 21.120380029784652 ], [ -97.81673510953334, 21.123531460000617 ], [ -97.834176620107684, 21.126627290020608 ], [ -97.832326539627488, 21.117548829958622 ], [ -97.819670450079244, 21.106334380422858 ], [ -97.851444140026928, 21.086472079660432 ], [ -97.856905800223871, 21.086026619771101 ], [ -97.852926519743477, 21.075036920286149 ], [ -97.854212420477765, 21.067933249984858 ], [ -97.857806880358098, 21.070480629821706 ], [ -97.874685029510871, 21.064779550258748 ], [ -97.872521000006586, 21.067266629669497 ], [ -97.880216150004429, 21.068160379968315 ], [ -97.879870620436762, 21.073753259720004 ], [ -97.893842660280669, 21.074441659767484 ], [ -97.893886649739812, 21.080190349542875 ], [ -97.901941950201646, 21.086268739993173 ], [ -97.903904029949331, 21.096091179837632 ], [ -97.917378430315765, 21.101616259866063 ], [ -97.917123450460267, 21.106198549922759 ], [ -97.929840780162323, 21.106370000065869 ], [ -97.938823169556557, 21.101393579828972 ], [ -97.942885120216587, 21.106395549660363 ], [ -97.94994969045905, 21.106529980301431 ], [ -97.942510060015721, 21.10732293999401 ], [ -97.943002910100319, 21.114909029936229 ], [ -97.950564710309976, 21.115483230249264 ], [ -97.947490399946005, 21.127046349918693 ], [ -97.949886770330679, 21.126994890386015 ], [ -97.948400979571929, 21.130621689814195 ], [ -97.950909060282271, 21.132146510323793 ], [ -97.941041600353699, 21.150426430176488 ], [ -97.943363140478425, 21.151931819725139 ], [ -97.941452909632645, 21.158844619750621 ], [ -97.944420619521978, 21.160382580276153 ], [ -97.941557569903665, 21.166824429984587 ], [ -97.946801080222713, 21.170027739980117 ], [ -97.951861419556565, 21.169022139854214 ], [ -97.956942939588757, 21.180528029689142 ], [ -97.963883180418534, 21.180882799957654 ], [ -97.967679279773904, 21.185665659621993 ], [ -97.958174050168651, 21.18464465016579 ], [ -97.949595519902743, 21.196349850233712 ], [ -97.939145150091448, 21.199689320102767 ], [ -97.927828339956534, 21.196704619555501 ], [ -97.915308280320659, 21.197908149739977 ], [ -97.903518200096897, 21.216516220452554 ], [ -97.895216079787076, 21.220915110113786 ], [ -97.887573679637285, 21.231796200407754 ], [ -97.870674260119188, 21.237911909840893 ] ] ] } },
{ "type": "Feature", "properties": { "code": "30169", "stateCode": "30", "municipalityCode": "169", "name": "José Azueta" }, "geometry": { "type": "Polygon", "coordinates": [ [ [ -95.594073770263464, 18.354419280239359 ], [ -95.604784310050192, 18.340150250266749 ], [ -95.598052379640478, 18.334497379654426 ], [ -95.589667780143387, 18.339275739959543 ], [ -95.584404779892864, 18.329848339879533 ], [ -95.599047319533213, 18.329142180263812 ], [ -95.592009460104805, 18.324514259758285 ], [ -95.59744927970354, 18.3107613104081 ], [ -95.592901719527035, 18.303784680230148 ], [ -95.582480369872485, 18.302570179747974 ], [ -95.579394830272648, 18.298268310153258 ], [ -95.582725379701856, 18.294194449627422 ], [ -95.590204170064453, 18.294878120316209 ], [ -95.590584180155773, 18.290887120458112 ], [ -95.571827430343845, 18.289228479689093 ], [ -95.562523109684449, 18.283758370390519 ], [ -95.558728750439741, 18.273907619947252 ], [ -95.562352420423338, 18.268512889827679 ], [ -95.571259970462947, 18.268636519732127 ], [ -95.572776740244763, 18.260399709969409 ], [ -95.580190350220008, 18.258925740124791 ], [ -95.577900200116233, 18.254000319601865 ], [ -95.579525550315836, 18.242462600325432 ], [ -95.573699290156668, 18.244765999963995 ], [ -95.568247769649361, 18.242284860181094 ], [ -95.570194630169041, 18.234666679557783 ], [ -95.575463290295488, 18.234428859593297 ], [ -95.581100719874328, 18.242910079773651 ], [ -95.585345220164243, 18.243627049720228 ], [ -95.58505247988731, 18.239906149906712 ], [ -95.596084629723393, 18.235983580312674 ], [ -95.592153400231837, 18.227998109838047 ], [ -95.59971871998917, 18.232130890198558 ], [ -95.606857919933177, 18.230797749575856 ], [ -95.60896263018158, 18.221676780264396 ], [ -95.606763459924252, 18.216925079877097 ], [ -95.6096910200487, 18.213552340044028 ], [ -95.62182685976984, 18.223038720149948 ], [ -95.628869320371308, 18.222754449667143 ], [ -95.633049799628452, 18.219646919939109 ], [ -95.631132779931633, 18.21016151020676 ], [ -95.63347171991775, 18.2051402002689 ], [ -95.645666650439281, 18.204792350033955 ], [ -95.64644154033391, 18.18227507983169 ], [ -95.65170952007162, 18.189953749678008 ], [ -95.657980819878148, 18.189086949955914 ], [ -95.65314689015797, 18.186717230210522 ], [ -95.653856659818032, 18.180475029994422 ], [ -95.646372490115027, 18.174338859823973 ], [ -95.66164398015944, 18.168073859844988 ], [ -95.650465910192111, 18.168907320345557 ], [ -95.648213229809201, 18.164507179910807 ], [ -95.651054980327714, 18.158629319936495 ], [ -95.638763550411866, 18.153222679702139 ], [ -95.648875280439, 18.1493671397429 ], [ -95.653714419592234, 18.143846770403918 ], [ -95.654481000038956, 18.136979319611999 ], [ -95.64881583020059, 18.129943260236402 ], [ -95.650866949874469, 18.123006380327844 ], [ -95.656286509664298, 18.120318850299203 ], [ -95.664889720085611, 18.125651340404325 ], [ -95.667306830145719, 18.122925120159614 ], [ -95.662200379966421, 18.114184540146432 ], [ -95.664820080039178, 18.111203369995028 ], [ -95.661262479865314, 18.103144950163042 ], [ -95.661898340380716, 18.094460250331554 ], [ -95.638932750421645, 18.091401430052201 ], [ -95.639041459848301, 18.089886600185469 ], [ -95.632606049560025, 18.088988950020749 ], [ -95.625447420231879, 18.085539690242975 ], [ -95.629939430041233, 18.070874969895897 ], [ -95.645582720451884, 18.068419340220636 ], [ -95.649738599547959, 18.051657019952692 ], [ -95.644223619564315, 18.045840170407153 ], [ -95.647652379601183, 18.041997020218062 ], [ -95.647902399733439, 18.020994290160736 ], [ -95.659371979818502, 18.008943710019167 ], [ -95.65614882993826, 18.003200310056808 ], [ -95.660208279660793, 17.992311979879084 ], [ -95.665332290153543, 17.99317082029722 ], [ -95.669121939836586, 17.9983114803617 ], [ -95.671375370240497, 17.992495489615738 ], [ -95.674489819942551, 17.995195600183813 ], [ -95.674544619822385, 17.992311780048183 ], [ -95.678070110157776, 17.992828279670821 ], [ -95.677707919939735, 17.995863120138505 ], [ -95.683786199691156, 17.997528779970104 ], [ -95.692555340450411, 17.992265000030944 ], [ -95.699753460108525, 17.982104719711501 ], [ -95.697925370284551, 17.958715150213212 ], [ -95.700130170180557, 17.955955879608915 ], [ -95.717318370364936, 17.953522630170674 ], [ -95.712395999726979, 17.947327950165505 ], [ -95.728935779832071, 17.920304089789713 ], [ -95.73259856995125, 17.919290740125454 ], [ -95.736138909798356, 17.923356719777725 ], [ -95.750396339656788, 17.923337260006925 ], [ -95.759686780467192, 17.929018199848269 ], [ -95.760135679681312, 17.926162950134344 ], [ -95.764977650052643, 17.925948850161049 ], [ -95.771880969803021, 17.92879034982623 ], [ -95.773633229978159, 17.924384110346161 ], [ -95.780524119973563, 17.927271969730086 ], [ -95.778411030202221, 17.931452819951268 ], [ -95.789677050421503, 17.936060920243303 ], [ -95.795519140046935, 17.927353479921251 ], [ -95.824241540198329, 18.081004020273657 ], [ -95.818727650017891, 18.081156919571509 ], [ -95.816549580011397, 18.085111490307504 ], [ -95.809789079996705, 18.084582250149971 ], [ -95.808853570306312, 18.088427799596484 ], [ -95.795393750022015, 18.088252649982312 ], [ -95.792711180323323, 18.092942939655298 ], [ -95.780894779712867, 18.093005689637867 ], [ -95.775341629521506, 18.1026142201471 ], [ -95.779207740240309, 18.104634460118895 ], [ -95.775397290262831, 18.108308570330724 ], [ -95.777960289896498, 18.108441890261311 ], [ -95.779496150009976, 18.122914739932632 ], [ -95.775819230388109, 18.124529819564522 ], [ -95.778513310244733, 18.12987071975358 ], [ -95.769503119655866, 18.130064219769501 ], [ -95.769922319876031, 18.135667019925073 ], [ -95.766641079884621, 18.138045320178236 ], [ -95.770484420038528, 18.138030580031383 ], [ -95.770459369776063, 18.142636969548651 ], [ -95.764984740330149, 18.142649380366127 ], [ -95.765430829764853, 18.150647719560887 ], [ -95.72860285027167, 18.164014030130861 ], [ -95.726214370338056, 18.182264689855064 ], [ -95.722358459678588, 18.182691229702801 ], [ -95.721871650327671, 18.187243050298619 ], [ -95.707660550148887, 18.188791579754266 ], [ -95.709286170453993, 18.196459419599055 ], [ -95.705137250438995, 18.207577279909245 ], [ -95.714715630393414, 18.203822120409914 ], [ -95.724984120177069, 18.211975690084195 ], [ -95.717919860239874, 18.214953999889506 ], [ -95.700200250447153, 18.236053750357307 ], [ -95.682515380164602, 18.237651540269958 ], [ -95.682999399680511, 18.250717830381749 ], [ -95.653956490008611, 18.262008620098435 ], [ -95.657362579814006, 18.276843249613659 ], [ -95.651915020300791, 18.280433800088971 ], [ -95.644668939650245, 18.279952430406155 ], [ -95.64117102044159, 18.295495649767147 ], [ -95.646234650077844, 18.296231230122832 ], [ -95.642344430370031, 18.304459220085889 ], [ -95.66150384959856, 18.308448220399047 ], [ -95.663520050327747, 18.315781599833898 ], [ -95.655603939556386, 18.318261949585516 ], [ -95.658683180379583, 18.323169380008643 ], [ -95.655847540412921, 18.322788180396447 ], [ -95.651654539725484, 18.336133999902614 ], [ -95.644484569818005, 18.337638779957285 ], [ -95.640928510385024, 18.3337259497854 ], [ -95.640702170392984, 18.337270489912054 ], [ -95.643286940001815, 18.337829509561764 ], [ -95.643320420068221, 18.344817630296092 ], [ -95.646458940320542, 18.342705080234126 ], [ -95.649246429645913, 18.348034800243582 ], [ -95.659441750260498, 18.34937371999073 ], [ -95.63970102990227, 18.356344419791487 ], [ -95.637483280324275, 18.351413150397747 ], [ -95.594073770263464, 18.354419280239359 ] ] ] } },
{ "type": "Feature", "properties": { "code": "30185", "stateCode": "30", "municipalityCode": "185", "name": "Tlilapan" }, "geometry": { "type": "Polygon", "coordinates": [ [ [ -97.091363139746619, 18.812688820462505 ], [ -97.091490859961922, 18.808357749824562 ], [ -97.085657250038636, 18.803989341370677 ], [ -97.074834849547997, 18.808679120512608 ], [ -97.075886309377879, 18.80299597058788 ], [ -97.070304398997948, 18.801354020415491 ], [ -97.064080140412472, 18.78798459978125 ], [ -97.055412970405982, 18.796659879859327 ], [ -97.046567680071732, 18.798564650201296 ], [ -97.041217829677649, 18.789766649666635 ], [ -97.047120570299015, 18.788512770199432 ], [ -97.048885200442768, 18.781979260348852 ], [ -97.061310050113917, 18.77385751036925 ], [ -97.066318910454655, 18.778501649969673 ], [ -97.070525999754921, 18.777412649635579 ], [ -97.067741980229442, 18.787373059861672 ], [ -97.087319229730696, 18.79595064961519 ], [ -97.097867150087239, 18.79286582990218 ], [ -97.094619850303687, 18.790414420074768 ], [ -97.096813880129929, 18.788564780341797 ], [ -97.101502750137428, 18.791753850052984 ], [ -97.111001150118014, 18.790749860105574 ], [ -97.111656619938316, 18.80132993985454 ], [ -97.091363139746619, 18.812688820462505 ] ] ] } },
{ "type": "Feature", "properties": { "code": "30190", "stateCode": "30", "municipalityCode": "190", "name": "Tuxtilla" }, "geometry": { "type": "Polygon", "coordinates": [ [ [ -95.888438909929818, 18.25065017038931 ], [ -95.846618480282274, 18.209103910280081 ], [ -95.845682370126639, 18.199479920069344 ], [ -95.841110459534178, 18.196943140023301 ], [ -95.845236799651133, 18.191707510278615 ], [ -95.84196500007252, 18.182799260404057 ], [ -95.856054830460863, 18.180602350200122 ], [ -95.861873509767065, 18.177380089663444 ], [ -95.862807620086471, 18.173451250423554 ], [ -95.869182909982285, 18.17921253956931 ], [ -95.87232956990087, 18.177806060047107 ], [ -95.873088720256121, 18.164069049578533 ], [ -95.869827249587871, 18.163532659929771 ], [ -95.867516150322786, 18.150651819609546 ], [ -95.857660779813315, 18.14815625971146 ], [ -95.849824800407958, 18.141154279996968 ], [ -95.851535710280672, 18.130790969851763 ], [ -95.902743050398087, 18.135696820333997 ], [ -95.899373780249732, 18.140730519685757 ], [ -95.900837850151106, 18.143790629647832 ], [ -95.897058689731693, 18.146047459662213 ], [ -95.895184739997447, 18.144002060207772 ], [ -95.896154629739883, 18.148796459959044 ], [ -95.912415309934488, 18.152813030190746 ], [ -95.90825368996444, 18.160821620328775 ], [ -95.911301199870081, 18.166658079600804 ], [ -95.909680319859106, 18.170206549742609 ], [ -95.913667799682187, 18.171051060425217 ], [ -95.910812650148486, 18.184948580067719 ], [ -95.89870540016436, 18.190298800022131 ], [ -95.889996380444941, 18.188356489692179 ], [ -95.878872780089083, 18.197767830229864 ], [ -95.881811629611988, 18.207479290017385 ], [ -95.889624019672979, 18.212541179605104 ], [ -95.893832280430033, 18.223639919917954 ], [ -95.911551799567121, 18.221853029676442 ], [ -95.911065260463118, 18.240569830031397 ], [ -95.919740570186534, 18.246785969705591 ], [ -95.912005260056972, 18.25059707999019 ], [ -95.901540740416124, 18.239631850176469 ], [ -95.888438909929818, 18.25065017038931 ] ] ] } },
{ "type": "Feature", "properties": { "code": "30003", "stateCode": "30", "municipalityCode": "003", "name": "Acayucan" }, "geometry": { "type": "Polygon", "coordinates": [ [ [ -95.003095229968167, 18.146673909937071 ], [ -94.993350110148128, 18.145547459739646 ], [ -94.997831260048628, 18.138481480271999 ], [ -94.996303089716818, 18.131077539561449 ], [ -94.998477379534279, 18.12859913998583 ], [ -94.992037889890668, 18.128831569997971 ], [ -94.989160879551079, 18.125885310317933 ], [ -94.992314340347519, 18.122505139651825 ], [ -94.9896730295726, 18.11946031040187 ], [ -94.993278820033254, 18.111135570383791 ], [ -94.989549430431055, 18.106399480398114 ], [ -94.937599400060279, 18.14109588014043 ], [ -94.934585890142415, 18.135411279658779 ], [ -94.923006340412854, 18.134649829748263 ], [ -94.922247379949255, 18.128789110283137 ], [ -94.91765639968439, 18.128870229618027 ], [ -94.913993139748882, 18.118588910199069 ], [ -94.918366769969936, 18.118663029706177 ], [ -94.92172668015813, 18.112474029583463 ], [ -94.911947949891427, 18.111663579972276 ], [ -94.911253830055358, 18.115375379917356 ], [ -94.898747259876657, 18.114117850039776 ], [ -94.890506310105394, 18.110735629841383 ], [ -94.891562260318622, 18.106973079692004 ], [ -94.884107180180877, 18.107090140215526 ], [ -94.885919710445691, 18.104788200297474 ], [ -94.883116450449691, 18.099779779857109 ], [ -94.887268650270698, 18.098033799723748 ], [ -94.879941909988588, 18.093360050032331 ], [ -94.882137169822528, 18.088953719842877 ], [ -94.878663860021547, 18.086470650181425 ], [ -94.881268109676711, 18.085992450217258 ], [ -94.87799237010222, 18.070457109761307 ], [ -94.864223079654124, 18.054982429587142 ], [ -94.860678619884069, 18.054633680282336 ], [ -94.854519630256249, 18.039665309986098 ], [ -94.868473859813733, 18.041802199947931 ], [ -94.871205619645522, 18.031392650107996 ], [ -94.864588460194071, 18.027296080085666 ], [ -94.864333549779431, 18.021091680356236 ], [ -94.849507260296463, 17.998450890154402 ], [ -94.850215940245704, 17.993063089997072 ], [ -94.865870509630028, 17.993723059578862 ], [ -94.872344340057225, 17.987028769703006 ], [ -94.881531279594199, 17.993817830124218 ], [ -94.894788220151668, 17.998142199858162 ], [ -94.899248050077915, 17.971523879868315 ], [ -94.911874919583894, 17.971283279848855 ], [ -94.907526818583676, 17.958875831105114 ], [ -94.899877050174936, 17.957140742143867 ], [ -94.898543018762822, 17.95938474078962 ], [ -94.890527259993419, 17.952435909961473 ], [ -94.913721369504941, 17.93364148080137 ], [ -94.919487709482965, 17.934981311244211 ], [ -94.930202309794979, 17.921376580093572 ], [ -94.948463290419724, 17.921408890058849 ], [ -94.951388539538002, 17.922692340090393 ], [ -94.948478579718369, 17.926626570245464 ], [ -94.956325459654494, 17.922128879877405 ], [ -94.954752819892846, 17.928465169728796 ], [ -94.960234149844695, 17.928328830093562 ], [ -94.966246379675908, 17.920976920415775 ], [ -94.962977980333974, 17.920017430411146 ], [ -94.966376970173783, 17.917264370410916 ], [ -94.968101659696941, 17.919244249956296 ], [ -94.973486309996758, 17.911382890244152 ], [ -94.976471459622559, 17.912613969771431 ], [ -94.982537260389975, 17.907662879582361 ], [ -94.987374250321992, 17.910268429600233 ], [ -94.982782280381358, 17.914676600335298 ], [ -94.989189349575398, 17.929049509620466 ], [ -94.997053950142615, 17.930209620143692 ], [ -94.996334850390753, 17.932107880295867 ], [ -95.010437000197129, 17.929947220006405 ], [ -95.010267290335264, 17.944362230444767 ], [ -95.005787339911876, 17.945389109926158 ], [ -95.010224879995491, 17.952986180317193 ], [ -95.001354280451451, 17.954392850361224 ], [ -95.00440016965419, 17.9558371703184 ], [ -95.00349897036152, 17.958719290096671 ], [ -95.007256890069954, 17.958771879550895 ], [ -95.00701545015761, 17.96198471989576 ], [ -95.018937450151952, 17.96435153996973 ], [ -95.018966539801539, 17.961773599828042 ], [ -95.024868739586822, 17.961813000123751 ], [ -95.024908090336226, 17.95895801975951 ], [ -95.030772460347848, 17.959024449821751 ], [ -95.030731309899338, 17.961873820269272 ], [ -95.05330167989851, 17.960218020406124 ], [ -95.058292909843217, 17.963667940303331 ], [ -95.058263979610103, 17.97431679985009 ], [ -95.08012884989202, 17.973652749709725 ], [ -95.080091860153317, 17.976298690459252 ], [ -95.084904569968259, 17.976166820150198 ], [ -95.08483530982096, 17.973528249692208 ], [ -95.096966119949101, 17.97275333971988 ], [ -95.096863309833495, 17.955887109932625 ], [ -95.101733400187044, 17.958750250336269 ], [ -95.106895419794157, 17.956843540190192 ], [ -95.106219169985465, 17.960092970337708 ], [ -95.118866109962426, 17.958988980097036 ], [ -95.123356550173384, 17.965119980111975 ], [ -95.13352762011678, 17.96837823042064 ], [ -95.135827799862966, 17.957408399978494 ], [ -95.13112212033198, 17.944562349797508 ], [ -95.137308679630976, 17.948688780362993 ], [ -95.14834897032253, 17.94218790986961 ], [ -95.147650059684807, 17.94659591990208 ], [ -95.15477283020013, 17.953047780247697 ], [ -95.168425550024395, 17.958169290443951 ], [ -95.168362049954453, 17.981282509617859 ], [ -95.180248579526591, 17.985855980267019 ], [ -95.191507539841695, 17.981401079655331 ], [ -95.195520829564217, 17.984455310273976 ], [ -95.197604429929967, 17.996227149847908 ], [ -95.204501889803623, 18.003507170128238 ], [ -95.208200219832648, 18.018915749742501 ], [ -95.200322879941794, 18.019946550188845 ], [ -95.194488139754355, 18.014868380267217 ], [ -95.190715380003184, 18.019922489872741 ], [ -95.197261220116062, 18.024006680369059 ], [ -95.211180950299706, 18.024048940139938 ], [ -95.198760380335983, 18.030561179641904 ], [ -95.197285829977744, 18.03513953966673 ], [ -95.200519120302602, 18.040342200405654 ], [ -95.207909629645229, 18.04083605993192 ], [ -95.208259599676794, 18.030846280004745 ], [ -95.213428019933076, 18.030702339858866 ], [ -95.221958880039551, 18.0438405498153 ], [ -95.222909549740265, 18.05114728989918 ], [ -95.232803980444402, 18.048261630099095 ], [ -95.242340829572186, 18.053002820376868 ], [ -95.24520011979682, 18.060451060059624 ], [ -95.24186769000633, 18.062993370233496 ], [ -95.236503550349909, 18.063172540167681 ], [ -95.231765580074892, 18.058608089827604 ], [ -95.228251910136763, 18.060278340143661 ], [ -95.235052509637896, 18.073125919693162 ], [ -95.226390489898947, 18.087346229686403 ], [ -95.240619649943952, 18.099677279668185 ], [ -95.247958179543616, 18.098629630347439 ], [ -95.255054539562011, 18.115222549727914 ], [ -95.259743050217054, 18.11860965027806 ], [ -95.258778139717336, 18.124239769568568 ], [ -95.255258219755504, 18.12147534995772 ], [ -95.252071320425827, 18.123160799670288 ], [ -95.243371660423591, 18.10874794993909 ], [ -95.232840419605338, 18.112839799607926 ], [ -95.225148119577597, 18.112224089740121 ], [ -95.22374758027226, 18.104389370249052 ], [ -95.226606540176377, 18.098361509649234 ], [ -95.205967019865398, 18.086879489560179 ], [ -95.20110137014322, 18.077903970122897 ], [ -95.192097940000693, 18.076450680321749 ], [ -95.192528000252622, 18.068522079906884 ], [ -95.185899029796275, 18.062159020268144 ], [ -95.182770629799776, 18.07437919991246 ], [ -95.173145690136025, 18.074403080325744 ], [ -95.167905550115009, 18.079206770312048 ], [ -95.159946599753837, 18.07669843043508 ], [ -95.155486829695562, 18.085213430109381 ], [ -95.159661830327636, 18.08914743013608 ], [ -95.146302059758028, 18.104406139632204 ], [ -95.141444679757569, 18.105805830262973 ], [ -95.141080379672047, 18.10970051036945 ], [ -95.138826630242747, 18.108647799899952 ], [ -95.137423689727342, 18.116332119562561 ], [ -95.134983179579265, 18.115284200047771 ], [ -95.128650280191039, 18.122255799743975 ], [ -95.128730519721842, 18.128674779684921 ], [ -95.122674369722262, 18.128786000158573 ], [ -95.120453139693524, 18.133381579960975 ], [ -95.102765880118113, 18.127616049953559 ], [ -95.086861490086108, 18.142403260128454 ], [ -95.073724320378759, 18.135406600373862 ], [ -95.062145109544772, 18.143309909871615 ], [ -95.056552339647382, 18.139945030175912 ], [ -95.066215089718682, 18.132471800134415 ], [ -95.059575140064226, 18.132509020430518 ], [ -95.059758059572431, 18.128734679755102 ], [ -95.050421799881562, 18.125670290185628 ], [ -95.050286199556353, 18.118135379789205 ], [ -95.044478020247624, 18.111013420394709 ], [ -95.037511289751933, 18.11774328983271 ], [ -95.033099510024471, 18.117546150254043 ], [ -95.033769170385867, 18.121963449796578 ], [ -95.020618909534306, 18.121584600372639 ], [ -95.02042031026339, 18.136156880034466 ], [ -95.016603170326874, 18.136671229564499 ], [ -95.017050110398017, 18.140984250253716 ], [ -95.011387259941429, 18.138027949869571 ], [ -95.012579429990595, 18.135953080335057 ], [ -95.007016339931425, 18.136229630062211 ], [ -95.00649984975604, 18.125675119963866 ], [ -95.002442800330186, 18.125868059602869 ], [ -95.00402293997449, 18.144263920017352 ], [ -95.000871950332524, 18.14109537986884 ], [ -95.003095229968167, 18.146673909937071 ] ] ] } },
{ "type": "Feature", "properties": { "code": "30194", "stateCode": "30", "municipalityCode": "194", "name": "Villa Aldama" }, "geometry": { "type": "Polygon", "coordinates": [ [ [ -97.256193849894885, 19.688109250230941 ], [ -97.247210350127332, 19.687765199647092 ], [ -97.228216050476604, 19.67864757967881 ], [ -97.223698220206387, 19.680188910119714 ], [ -97.223013109890459, 19.684144949690058 ], [ -97.211292739597013, 19.684709089631685 ], [ -97.191900950091224, 19.676250879735541 ], [ -97.150971659962778, 19.646329659832411 ], [ -97.155760119888626, 19.638581090320191 ], [ -97.154606479754804, 19.632750649605335 ], [ -97.149801200340676, 19.62963062980247 ], [ -97.151738030169895, 19.622037970277152 ], [ -97.166686049629817, 19.615561449781556 ], [ -97.166234750096848, 19.628611889993831 ], [ -97.171591709975601, 19.632326259684962 ], [ -97.181618170278526, 19.629311620276944 ], [ -97.187998629909885, 19.622573230364431 ], [ -97.20434340034889, 19.614195629884279 ], [ -97.218463909719389, 19.627632140046231 ], [ -97.215783690059865, 19.628742879954004 ], [ -97.219612319618932, 19.629734890169367 ], [ -97.218512089917553, 19.633708059820961 ], [ -97.23803905030212, 19.636795350277147 ], [ -97.236364779874876, 19.657014819806314 ], [ -97.247579450322036, 19.662584510191156 ], [ -97.259720259907397, 19.681100769553087 ], [ -97.256193849894885, 19.688109250230941 ] ] ] } },
{ "type": "Feature", "properties": { "code": "30199", "stateCode": "30", "municipalityCode": "199", "name": "Zaragoza" }, "geometry": { "type": "Polygon", "coordinates": [ [ [ -94.636150080165464, 17.971725659922011 ], [ -94.629243750247468, 17.967687920292647 ], [ -94.631848199822699, 17.965905740078323 ], [ -94.622354940087476, 17.960896979720221 ], [ -94.621313379698378, 17.965997319857586 ], [ -94.613362520276354, 17.964561399716718 ], [ -94.614951079618336, 17.950640999785342 ], [ -94.607255230011631, 17.937918029873021 ], [ -94.618351659669244, 17.930152289598997 ], [ -94.622139090396843, 17.923346850388032 ], [ -94.648813419868731, 17.936993819580007 ], [ -94.656851680393487, 17.948117619691367 ], [ -94.6662901501834, 17.948516599622828 ], [ -94.676317420062688, 17.962270380357104 ], [ -94.672081199736951, 17.963664309991394 ], [ -94.672683250364855, 17.967702109753908 ], [ -94.65430308971186, 17.971685620290469 ], [ -94.646972149701639, 17.963283769954732 ], [ -94.636150080165464, 17.971725659922011 ] ] ] } },
{ "type": "Feature", "properties": { "code": "30206", "stateCode": "30", "municipalityCode": "206", "name": "Nanchital de Lázaro Cárdenas del Río" }, "geometry": { "type": "Polygon", "coordinates": [ [ [ -94.415105430348262, 18.097858349887826 ], [ -94.409229150156364, 18.087732679910889 ], [ -94.406493489855521, 18.091217659749717 ], [ -94.400180090002621, 18.090944400007597 ], [ -94.399469060098397, 18.077828290160276 ], [ -94.392567050127653, 18.073147939814319 ], [ -94.387004309801441, 18.072506920159114 ], [ -94.372303660406843, 18.081786230043406 ], [ -94.365752000150295, 18.082263050367153 ], [ -94.365517649957695, 18.075654719971801 ], [ -94.357903419865977, 18.070773219631068 ], [ -94.355348889873909, 18.074764849855026 ], [ -94.352703949911884, 18.073784940369514 ], [ -94.344521829757994, 18.060978489985715 ], [ -94.367974320155355, 18.05252697976097 ], [ -94.37515437030639, 18.045365920159416 ], [ -94.412719770306524, 18.03413617970547 ], [ -94.422134580167466, 18.052447880368568 ], [ -94.41426051045697, 18.068447280187812 ], [ -94.415667350147572, 18.082151549728948 ], [ -94.424077540037402, 18.098040249982308 ], [ -94.415105430348262, 18.097858349887826 ] ] ] } },
{ "type": "Feature", "properties": { "code": "30011", "stateCode": "30", "municipalityCode": "011", "name": "Alvarado" }, "geometry": { "type": "Polygon", "coordinates": [ [ [ -96.098444479934557, 19.102230179854772 ], [ -96.098166310366594, 19.094932950324136 ], [ -96.082602369365276, 19.077673429624731 ], [ -96.047554992782224, 19.06005536368799 ], [ -96.017041973697474, 19.056138207330552 ], [ -96.00484247822547, 19.057924557369098 ], [ -95.992979725026487, 19.064337531120071 ], [ -95.991930394888726, 19.063025125777664 ], [ -95.981449788917175, 19.066133525748651 ], [ -95.978159903356229, 19.065329741126416 ], [ -95.981720170705387, 19.065784812227925 ], [ -95.982582409120582, 19.062997388990954 ], [ -95.979376402395118, 19.06433631626998 ], [ -95.969840711570185, 19.050238009305197 ], [ -95.959911091824296, 18.962818976010031 ], [ -95.953254289860979, 18.944803493212554 ], [ -95.941722199608506, 18.92685917971194 ], [ -95.943365020337453, 18.91389685006067 ], [ -95.940768126263507, 18.905098480139561 ], [ -95.924056140146831, 18.882211420123767 ], [ -95.884884229939416, 18.84723886000819 ], [ -95.854660720386363, 18.828708279977171 ], [ -95.805606225525949, 18.808034272272145 ], [ -95.755289801547207, 18.792496442181097 ], [ -95.750376258777706, 18.795411525670399 ], [ -95.75213243856949, 18.791845993642866 ], [ -95.743033169652563, 18.787343080155019 ], [ -95.742625918663222, 18.790812764590033 ], [ -95.720246759294923, 18.768836297704116 ], [ -95.66778477694362, 18.743623316062404 ], [ -95.602445880298433, 18.724903749683985 ], [ -95.525304019802405, 18.714821879896995 ], [ -95.52169353990034, 18.703817650167863 ], [ -95.518098940027798, 18.698212739600006 ], [ -95.51540186029851, 18.700938509956121 ], [ -95.509932770087389, 18.688966520230643 ], [ -95.513630690400873, 18.682670830164248 ], [ -95.510585110440445, 18.68202977004654 ], [ -95.51362854033647, 18.674456650052576 ], [ -95.51188071008751, 18.664861340407587 ], [ -95.523793549541878, 18.658338170416044 ], [ -95.550623279721336, 18.652973169970263 ], [ -95.557723220354063, 18.661994399593695 ], [ -95.575430599603408, 18.666243169544739 ], [ -95.583170800063598, 18.681006739553371 ], [ -95.594316200101986, 18.692046619622293 ], [ -95.610814969556742, 18.695902430276004 ], [ -95.627962379612782, 18.693636919871846 ], [ -95.634999029690334, 18.707309149681826 ], [ -95.636945050187421, 18.695550549737337 ], [ -95.646883489734364, 18.695895859909161 ], [ -95.656194060035446, 18.68691922993257 ], [ -95.662164860260617, 18.687245020008227 ], [ -95.670958710132865, 18.682214539726594 ], [ -95.67869017025825, 18.683279280281045 ], [ -95.696025920196334, 18.674061799948092 ], [ -95.715979030065967, 18.677825109851845 ], [ -95.717594939651661, 18.669591279709486 ], [ -95.726207650138079, 18.665514629998672 ], [ -95.723321250154669, 18.659072000407878 ], [ -95.725237019572489, 18.636937920382863 ], [ -95.72063607958475, 18.626483660418664 ], [ -95.724611780432255, 18.622137980017811 ], [ -95.720259579938073, 18.617490799764244 ], [ -95.736189979781116, 18.599626939838643 ], [ -95.745325049696376, 18.603475619954338 ], [ -95.750530370189054, 18.600092429839048 ], [ -95.752085289530086, 18.597147510163452 ], [ -95.748289980326092, 18.588719279808995 ], [ -95.751153770277327, 18.583277750319301 ], [ -95.748774550345502, 18.57966593961131 ], [ -95.753645229896236, 18.568394340378141 ], [ -95.751551509774046, 18.56613852019575 ], [ -95.754423380069809, 18.565908030087343 ], [ -95.757885719837631, 18.555040459941793 ], [ -95.766046650382393, 18.57152195003323 ], [ -95.775696550021593, 18.569504630153912 ], [ -95.786173599662604, 18.581779340034092 ], [ -95.783496120175229, 18.589855520820091 ], [ -95.790449170158695, 18.59704051041539 ], [ -95.793799619639046, 18.615860279751217 ], [ -95.80815684988238, 18.612760579662542 ], [ -95.811488170337498, 18.616205139934781 ], [ -95.802530399880155, 18.639613879582804 ], [ -95.803695799899145, 18.646844830152911 ], [ -95.82348718038034, 18.64561837962361 ], [ -95.827048620344996, 18.649808170421966 ], [ -95.824436800304866, 18.656633680119807 ], [ -95.829610289632086, 18.658308149793768 ], [ -95.833203199911352, 18.654636450062721 ], [ -95.839049519958721, 18.654482429975889 ], [ -95.847383059851239, 18.661462260330453 ], [ -95.847837510450475, 18.649091219876727 ], [ -95.865534660194456, 18.644730050072649 ], [ -95.886820319947674, 18.622836519764935 ], [ -95.899227430305857, 18.625421889940249 ], [ -95.89306062956598, 18.634997169705436 ], [ -95.887210769904001, 18.660050749823441 ], [ -95.886586579816424, 18.682841309670273 ], [ -95.882362219670838, 18.69821808004188 ], [ -95.885216690027264, 18.704970599894175 ], [ -95.882955659723109, 18.719043000221362 ], [ -95.880350519859761, 18.723898909991615 ], [ -95.87096031007701, 18.726813879760304 ], [ -95.872038539946104, 18.734021629719724 ], [ -95.865622370355567, 18.752040180041963 ], [ -95.871121490414097, 18.752467219728004 ], [ -95.875784170409332, 18.745496599786254 ], [ -95.879285120458704, 18.758173660292233 ], [ -95.883443950215693, 18.760645769820275 ], [ -95.897585020163248, 18.750919059794672 ], [ -95.907213569927563, 18.753428080430453 ], [ -95.910226629931444, 18.776475320230396 ], [ -95.937178519978673, 18.794429739636065 ], [ -95.964585120228648, 18.793175230008039 ], [ -95.973347150374707, 18.789450000358201 ], [ -95.976723550346691, 18.793090090366587 ], [ -95.975902350189031, 18.801138399632741 ], [ -95.980523169623822, 18.798597619560383 ], [ -95.996037520125512, 18.802342519641368 ], [ -95.998468949772672, 18.826849460267926 ], [ -95.982506419875165, 18.833686519745644 ], [ -95.985011460406952, 18.836459399800145 ], [ -95.982289149925151, 18.867273689920324 ], [ -95.986271380004254, 18.885090519672808 ], [ -96.000994920153261, 18.88409922998763 ], [ -96.003521579640363, 18.881351649784175 ], [ -96.003698849668268, 18.885790400315688 ], [ -96.02256337971086, 18.885595880014588 ], [ -96.022628689698507, 18.89255948955935 ], [ -96.027362520043098, 18.892575289765354 ], [ -96.026507080168244, 18.896686600240432 ], [ -96.028411320188425, 18.89434539992131 ], [ -96.03163974998418, 18.897483740043924 ], [ -96.028419999830902, 18.925074800175331 ], [ -96.019271449945848, 18.934426660420552 ], [ -96.020469110423321, 18.939297260352838 ], [ -96.026624709518288, 18.943380510131778 ], [ -96.028950110125507, 18.960219149767784 ], [ -96.043892119771357, 18.986625720275018 ], [ -96.053203649637979, 18.990622629699548 ], [ -96.066500320272041, 18.987278739895611 ], [ -96.068758260296164, 18.989108490043499 ], [ -96.070426820142174, 18.986601980239566 ], [ -96.075595430278341, 18.997644320418953 ], [ -96.090225799716976, 18.999086600124016 ], [ -96.090792110476386, 19.001915909625936 ], [ -96.092137379555012, 18.994666260239054 ], [ -96.111109880234281, 19.010482849835434 ], [ -96.109626450432046, 19.026873020365763 ], [ -96.10259856967069, 19.026667739850168 ], [ -96.102294710398269, 19.034240819597922 ], [ -96.095592849704914, 19.036107400339798 ], [ -96.096841450082835, 19.046680339772244 ], [ -96.104407109561251, 19.047125029866148 ], [ -96.109806860308453, 19.057999109630806 ], [ -96.117352309883543, 19.055739109634526 ], [ -96.120809490036791, 19.061365720256873 ], [ -96.117053170289282, 19.058831710375827 ], [ -96.113903489581759, 19.072554629634691 ], [ -96.116916120125666, 19.084228149565554 ], [ -96.110280420417453, 19.086333219825732 ], [ -96.105729139998701, 19.083213820064131 ], [ -96.106625649446102, 19.091919660255144 ], [ -96.099019309743412, 19.094364769618686 ], [ -96.102264199920313, 19.099297229843561 ], [ -96.098444479934557, 19.102230179854772 ] ] ] } },
{ "type": "Feature", "properties": { "code": "30012", "stateCode": "30", "municipalityCode": "012", "name": "Amatitlán" }, "geometry": { "type": "Polygon", "coordinates": [ [ [ -95.716640309651382, 18.523613229535492 ], [ -95.701692969889848, 18.512526779597298 ], [ -95.699090720197844, 18.504580429901942 ], [ -95.683066429805208, 18.495241580331516 ], [ -95.676478920214123, 18.481773689749311 ], [ -95.671396830284266, 18.480873650368768 ], [ -95.669410380451652, 18.470351139794502 ], [ -95.6664259696485, 18.470820649973099 ], [ -95.662494089623308, 18.464843649780814 ], [ -95.664701780120893, 18.458222709732524 ], [ -95.658358860293419, 18.451271510274761 ], [ -95.647082630353495, 18.448858829569748 ], [ -95.639533140430601, 18.437963150329288 ], [ -95.647919800175956, 18.434174570267921 ], [ -95.632126459513728, 18.421958720424282 ], [ -95.626819110040216, 18.408009219711396 ], [ -95.632430680453822, 18.383038340400006 ], [ -95.614165710021169, 18.385727319909545 ], [ -95.617587369947287, 18.371410579809801 ], [ -95.613932860433877, 18.363677169973144 ], [ -95.610138619930623, 18.360768549795658 ], [ -95.604815259851677, 18.364658200380671 ], [ -95.597729249760164, 18.364557799754373 ], [ -95.594058379653973, 18.360896680100417 ], [ -95.594005369582561, 18.354947480434095 ], [ -95.637483280324275, 18.351413150397747 ], [ -95.644884999635039, 18.361846889698281 ], [ -95.646160850418482, 18.374746480373258 ], [ -95.660064260011637, 18.377141150329862 ], [ -95.700349140269353, 18.39608192009765 ], [ -95.706972709753529, 18.402887019683348 ], [ -95.740587770066227, 18.419306659898961 ], [ -95.735216889763791, 18.422067820323594 ], [ -95.73636275039118, 18.424269229971898 ], [ -95.750655850392135, 18.42853585013674 ], [ -95.757180000143123, 18.438769019926536 ], [ -95.769252919632493, 18.438919280399727 ], [ -95.773342619704209, 18.441781579755446 ], [ -95.774501509702134, 18.448379220363758 ], [ -95.766505859634563, 18.454756739538155 ], [ -95.776626199803019, 18.45706519994361 ], [ -95.776416170054063, 18.472115710345733 ], [ -95.760362510193147, 18.468799579801207 ], [ -95.754697290398482, 18.471423480231294 ], [ -95.753934020227391, 18.477148650093323 ], [ -95.751735290302477, 18.475370690072527 ], [ -95.749649220337147, 18.480066020246269 ], [ -95.7467548200582, 18.479955679623018 ], [ -95.74611730977638, 18.486572619737455 ], [ -95.720733180160693, 18.48135615039315 ], [ -95.705604549839549, 18.49401088975128 ], [ -95.704568430405345, 18.502392030226854 ], [ -95.717987520195749, 18.519255279588943 ], [ -95.715180459976139, 18.516701200252925 ], [ -95.716640309651382, 18.523613229535492 ] ] ] } },
{ "type": "Feature", "properties": { "code": "30015", "stateCode": "30", "municipalityCode": "015", "name": "Angel R. Cabada" }, "geometry": { "type": "Polygon", "coordinates": [ [ [ -95.288138349673943, 18.716652230370677 ], [ -95.284659719759063, 18.707219509734536 ], [ -95.28909105043688, 18.703458829717533 ], [ -95.290369739562223, 18.707191080278271 ], [ -95.294497849623909, 18.706969880176221 ], [ -95.302399019919733, 18.691700549697199 ], [ -95.295066490193406, 18.690603459641288 ], [ -95.295141180127487, 18.681252630136793 ], [ -95.292307460291156, 18.680842399900406 ], [ -95.295682429900609, 18.679017489695948 ], [ -95.294967800013481, 18.665267849653112 ], [ -95.286131019605207, 18.664069710418389 ], [ -95.295134520203689, 18.63483774978128 ], [ -95.295520649803024, 18.632453599792374 ], [ -95.291432600279109, 18.631955200035851 ], [ -95.292744910110116, 18.624498620448758 ], [ -95.298976449879689, 18.625386020437759 ], [ -95.299565679735892, 18.621497750047546 ], [ -95.293587980066732, 18.620494920120088 ], [ -95.293781710207455, 18.61645071042339 ], [ -95.287443309532478, 18.615911420055763 ], [ -95.288647950073226, 18.607906370238616 ], [ -95.284247819984998, 18.602770480239879 ], [ -95.260561280106813, 18.599803509701999 ], [ -95.267942850144465, 18.599703909988012 ], [ -95.269342600178021, 18.59155418002511 ], [ -95.285566279911805, 18.594003319582544 ], [ -95.294859579607476, 18.591659599530995 ], [ -95.293815770102086, 18.595984450244423 ], [ -95.298459720259203, 18.590304429932353 ], [ -95.305810619676862, 18.597514119964313 ], [ -95.308225110426093, 18.585462149998584 ], [ -95.322069140325439, 18.583744150411398 ], [ -95.32664770993253, 18.572502349810293 ], [ -95.31618511984108, 18.563855199940846 ], [ -95.313684770285946, 18.554177199561256 ], [ -95.31981567989871, 18.553883880393034 ], [ -95.314975859942479, 18.545802340241973 ], [ -95.322097889990232, 18.546227619997435 ], [ -95.326280950379953, 18.531970879894754 ], [ -95.33276439954308, 18.526732309969798 ], [ -95.328173149727235, 18.523420249740827 ], [ -95.328370090241322, 18.517711509921906 ], [ -95.336963540317853, 18.519231430307354 ], [ -95.34480985955183, 18.515766309654598 ], [ -95.343530509977512, 18.512858029581064 ], [ -95.348637540353678, 18.51399036978556 ], [ -95.349637150392567, 18.506697349772246 ], [ -95.369625539837159, 18.507915400012472 ], [ -95.370692570411464, 18.503519720097334 ], [ -95.375223089949685, 18.502268419903093 ], [ -95.382210970419663, 18.504960819801155 ], [ -95.380403490104442, 18.489172689612602 ], [ -95.401227180282618, 18.495202949862964 ], [ -95.407275180408689, 18.490291769937077 ], [ -95.414231280182563, 18.490933650419944 ], [ -95.415757030146182, 18.487370781321765 ], [ -95.416928350291144, 18.491287029572106 ], [ -95.426495539590803, 18.491112819803611 ], [ -95.424261230158422, 18.49518200001302 ], [ -95.427753630170869, 18.495653120043997 ], [ -95.42713451991564, 18.501270339740984 ], [ -95.440982939919749, 18.502529720286724 ], [ -95.446086780051544, 18.501660399861915 ], [ -95.444077380273114, 18.486563339572164 ], [ -95.450935979928659, 18.487401619715278 ], [ -95.452364079756805, 18.483542550112983 ], [ -95.46085511972403, 18.483147399616268 ], [ -95.464488820290782, 18.478526909793558 ], [ -95.470298599675701, 18.479828060212007 ], [ -95.475196780335082, 18.469249889934481 ], [ -95.481269750232883, 18.468892050124616 ], [ -95.486174429625208, 18.472389660226849 ], [ -95.489033289885398, 18.46916549011388 ], [ -95.491128110444109, 18.475283830207324 ], [ -95.49612234003159, 18.476950949792297 ], [ -95.502358059857599, 18.473845829736945 ], [ -95.50321112020832, 18.479614079690016 ], [ -95.499872660289242, 18.483786540056439 ], [ -95.504791080174243, 18.495455449795795 ], [ -95.49869687978493, 18.518929150171388 ], [ -95.503173859724086, 18.524091170282521 ], [ -95.496862379844899, 18.527772150369469 ], [ -95.496111749854236, 18.53850005015585 ], [ -95.488001679547381, 18.544451719669929 ], [ -95.489859750343783, 18.546447969983319 ], [ -95.486168349697465, 18.55095701959808 ], [ -95.49263769038717, 18.553975000100213 ], [ -95.492631079652938, 18.5593283797607 ], [ -95.481716349980417, 18.563536380071486 ], [ -95.483751339705634, 18.554341719729177 ], [ -95.479979859701032, 18.555645519870993 ], [ -95.477367630442572, 18.551541220169227 ], [ -95.469721779950873, 18.55353017959888 ], [ -95.467163310213124, 18.571769799697645 ], [ -95.46019744987322, 18.575891110002782 ], [ -95.460891060001003, 18.588595770329142 ], [ -95.466190109900936, 18.587780250114889 ], [ -95.470996939690849, 18.627039940275946 ], [ -95.465108950093878, 18.629601339637816 ], [ -95.468323650201512, 18.630381080267842 ], [ -95.470651339874621, 18.640843909856333 ], [ -95.467237660319469, 18.655910460374525 ], [ -95.459764629613431, 18.656567019970829 ], [ -95.458053120197505, 18.659618580019885 ], [ -95.469645689918138, 18.678088050308986 ], [ -95.475328490198336, 18.680772310132244 ], [ -95.473044280162057, 18.68639613991655 ], [ -95.456539979903525, 18.694274920238225 ], [ -95.457718480107971, 18.698867679665227 ], [ -95.453315849677594, 18.695426090420579 ], [ -95.448674220486907, 18.697205779643781 ], [ -95.448115740089136, 18.704311200417543 ], [ -95.443243419637525, 18.701750309742465 ], [ -95.442569979980661, 18.705723149964786 ], [ -95.436985510447187, 18.707335979846491 ], [ -95.437057520115587, 18.710871909756765 ], [ -95.344617606477314, 18.711495757639003 ], [ -95.294838149940674, 18.713569879604488 ], [ -95.288138349673943, 18.716652230370677 ] ] ] } },
{ "type": "Feature", "properties": { "code": "30016", "stateCode": "30", "municipalityCode": "016", "name": "La Antigua" }, "geometry": { "type": "Polygon", "coordinates": [ [ [ -96.321559819925241, 19.414173710230845 ], [ -96.306620778330171, 19.373126466565594 ], [ -96.31076181296595, 19.35676276347305 ], [ -96.300381830762916, 19.330886276031642 ], [ -96.263917570939313, 19.291229678392789 ], [ -96.221558599888326, 19.265380849629768 ], [ -96.227652939669838, 19.260572319888819 ], [ -96.223713250078816, 19.256565689619965 ], [ -96.226265320087847, 19.255220199647386 ], [ -96.224155710431319, 19.248882769860057 ], [ -96.226434139653691, 19.220817629725783 ], [ -96.241417598853843, 19.225497370057372 ], [ -96.272986480209966, 19.264799430028773 ], [ -96.28010298028407, 19.259196769625781 ], [ -96.286828310461217, 19.259896400127932 ], [ -96.291112350229383, 19.243499149923029 ], [ -96.309590599694033, 19.23268427990217 ], [ -96.318771259849484, 19.231043249987142 ], [ -96.324515419768986, 19.23447942042344 ], [ -96.323680550441097, 19.237321279817397 ], [ -96.339392539829518, 19.241851169540524 ], [ -96.340047950198084, 19.248852259637513 ], [ -96.327360740243989, 19.287135200104348 ], [ -96.327942280303461, 19.292977649653931 ], [ -96.322050750116475, 19.295563450191381 ], [ -96.345734029934263, 19.314625200116069 ], [ -96.346956630447366, 19.325314719632569 ], [ -96.354537279998937, 19.33258536959449 ], [ -96.351329920450354, 19.33285114027052 ], [ -96.349435709593109, 19.341242260366691 ], [ -96.35981857014923, 19.342694090201658 ], [ -96.35874853988571, 19.347923429641934 ], [ -96.373903919728889, 19.35829584955852 ], [ -96.371608970260013, 19.362050940324696 ], [ -96.373700460127154, 19.364269170237527 ], [ -96.377950820078823, 19.365277749997599 ], [ -96.381420150418307, 19.359940230031778 ], [ -96.384792940129813, 19.360582710113313 ], [ -96.381931650266552, 19.372278020992376 ], [ -96.377140689200672, 19.372883539519467 ], [ -96.372259229395837, 19.381441769884034 ], [ -96.373432169732951, 19.387814980415722 ], [ -96.376609139683751, 19.388087080233273 ], [ -96.377093060080128, 19.400715880073903 ], [ -96.353341890385551, 19.395490279920924 ], [ -96.331963050457134, 19.395918259883057 ], [ -96.329933709854828, 19.408828550026993 ], [ -96.322586689836072, 19.409101569548444 ], [ -96.321559819925241, 19.414173710230845 ] ] ] } },
{ "type": "Feature", "properties": { "code": "30017", "stateCode": "30", "municipalityCode": "017", "name": "Apazapan" }, "geometry": { "type": "Polygon", "coordinates": [ [ [ -96.675529331114774, 19.383050049842343 ], [ -96.679431310639558, 19.369091719825676 ], [ -96.663614630356662, 19.36091949084976 ], [ -96.662147140338149, 19.350985231129936 ], [ -96.658870000013394, 19.350954200218936 ], [ -96.656962580137105, 19.339498290939787 ], [ -96.654091340084989, 19.337844620183844 ], [ -96.647303259636189, 19.342311200732222 ], [ -96.647841969529082, 19.344867650358438 ], [ -96.641402181291582, 19.345236970029131 ], [ -96.639610980675911, 19.352370260420525 ], [ -96.632970249714234, 19.347078479896457 ], [ -96.630643480960018, 19.350920001019347 ], [ -96.629512910368206, 19.347660480077284 ], [ -96.619961950288456, 19.346284370159225 ], [ -96.612771089929623, 19.35028745022478 ], [ -96.604464749659854, 19.343782490598972 ], [ -96.596763080475569, 19.349598120150585 ], [ -96.595596781114224, 19.347022711119806 ], [ -96.586354579889743, 19.346143050921402 ], [ -96.587668481109432, 19.343969180992808 ], [ -96.582489339745521, 19.341381550537331 ], [ -96.56022805025259, 19.339841740356437 ], [ -96.571150420770138, 19.336027479961977 ], [ -96.576436739892898, 19.325484480694353 ], [ -96.586739740071565, 19.32649371097833 ], [ -96.592328740400774, 19.31949631104537 ], [ -96.600607600537103, 19.323925859927638 ], [ -96.60245417032921, 19.332906229583831 ], [ -96.61317494862611, 19.336242620722828 ], [ -96.627315489881155, 19.325622710291452 ], [ -96.628601419612338, 19.320546380165428 ], [ -96.657411829849323, 19.315849971115146 ], [ -96.65821125948689, 19.311133881085411 ], [ -96.664872280074036, 19.314536490390729 ], [ -96.670695969803234, 19.305840570148593 ], [ -96.676043520741118, 19.303661259768912 ], [ -96.686648520467983, 19.309367350029824 ], [ -96.68987657992129, 19.30499192036249 ], [ -96.692822710419321, 19.305524321264404 ], [ -96.698634150064052, 19.315969949738285 ], [ -96.705203000503673, 19.310767450620329 ], [ -96.718597309802959, 19.31538440040546 ], [ -96.730692879711256, 19.335156750338815 ], [ -96.732836850383691, 19.351506620379922 ], [ -96.739664030536488, 19.362997489791287 ], [ -96.736827770562613, 19.363426080337714 ], [ -96.738067140139421, 19.371598680039757 ], [ -96.728963769752085, 19.366718880294954 ], [ -96.721914749591264, 19.3667659704888 ], [ -96.714238251013015, 19.358097150057645 ], [ -96.707244290542633, 19.357669090581279 ], [ -96.702274169731041, 19.366240580033601 ], [ -96.697762890217405, 19.366480680745145 ], [ -96.696981970852491, 19.37077957959573 ], [ -96.682863089997937, 19.374723290992961 ], [ -96.675529331114774, 19.383050049842343 ] ] ] } },
{ "type": "Feature", "properties": { "code": "30117", "stateCode": "30", "municipalityCode": "117", "name": "Omealca" }, "geometry": { "type": "Polygon", "coordinates": [ [ [ -96.903949820344948, 18.785683309878969 ], [ -96.883932399544832, 18.778646879766814 ], [ -96.870008429774671, 18.762572800037084 ], [ -96.857237739710129, 18.758084569599255 ], [ -96.841728089914639, 18.766364220109089 ], [ -96.821326109638093, 18.762448149925831 ], [ -96.81363574967331, 18.759199230351914 ], [ -96.811557420180947, 18.754953970206707 ], [ -96.792305079605399, 18.748531220190188 ], [ -96.779111169887813, 18.750764519555897 ], [ -96.733380490257304, 18.739540719734133 ], [ -96.725444689921332, 18.744461139605082 ], [ -96.696714769813312, 18.744395579805449 ], [ -96.691694969665932, 18.747180919872065 ], [ -96.685519319722204, 18.744515719956429 ], [ -96.671956879824606, 18.750104689655974 ], [ -96.665771460042095, 18.749862089648946 ], [ -96.661627780207155, 18.745245339782361 ], [ -96.654809080114561, 18.751535000410819 ], [ -96.648199180459471, 18.745921629805476 ], [ -96.64591521990252, 18.748452480151844 ], [ -96.641943689605895, 18.744846119945251 ], [ -96.633321750353886, 18.746975659893273 ], [ -96.627537619936717, 18.742024949600957 ], [ -96.61898662961994, 18.743066890040538 ], [ -96.603206660310178, 18.738044339965786 ], [ -96.600072570223887, 18.74032698018561 ], [ -96.597445459735638, 18.737814420284977 ], [ -96.596839820215735, 18.741812860313196 ], [ -96.593640449873391, 18.738303939887018 ], [ -96.588685489757779, 18.741824579902612 ], [ -96.582935459681494, 18.740831379590347 ], [ -96.576775999766085, 18.738033750436177 ], [ -96.578420449658566, 18.735174830182668 ], [ -96.584176450054031, 18.738800370247738 ], [ -96.58739965042615, 18.731892110441084 ], [ -96.578939909565989, 18.730713420271918 ], [ -96.579954849999041, 18.724598020442507 ], [ -96.56782819953095, 18.71944022024681 ], [ -96.566880429772937, 18.707703889768602 ], [ -96.576878310150278, 18.707780229991563 ], [ -96.576709250410175, 18.703617109810946 ], [ -96.585009370162282, 18.704711200353326 ], [ -96.588810829892211, 18.700508249930149 ], [ -96.59143448999238, 18.705308660308987 ], [ -96.598512049671214, 18.701754630123897 ], [ -96.596076800198333, 18.696975119760975 ], [ -96.598614179793486, 18.692923480386963 ], [ -96.590396379597351, 18.689780380268207 ], [ -96.591831340203782, 18.680075120109812 ], [ -96.601470220319428, 18.680884910424915 ], [ -96.608187349819374, 18.675550020421731 ], [ -96.615269180453339, 18.677471630160927 ], [ -96.617863150361487, 18.661109520422567 ], [ -96.614638599708087, 18.659108709607366 ], [ -96.616240479794996, 18.65672197038074 ], [ -96.612426769881623, 18.655839079827281 ], [ -96.611502829897006, 18.649726879930522 ], [ -96.614739619974685, 18.650467429818359 ], [ -96.620242150109434, 18.645057510189208 ], [ -96.62694228968904, 18.632531029627735 ], [ -96.645809169523432, 18.640390520203077 ], [ -96.654999259986269, 18.651297850055137 ], [ -96.659151939741676, 18.650489090309108 ], [ -96.66823646005831, 18.65595249019886 ], [ -96.674416489605434, 18.665936119717756 ], [ -96.683021719715555, 18.66968805999327 ], [ -96.684021050442709, 18.656752340129252 ], [ -96.681026979583777, 18.648428510290142 ], [ -96.684144379794049, 18.644263649746428 ], [ -96.708201939951593, 18.658151599909917 ], [ -96.721668690119159, 18.672662080179169 ], [ -96.723521859774678, 18.679587650117959 ], [ -96.733187540021206, 18.687740999924838 ], [ -96.744436879642691, 18.690934369796686 ], [ -96.746903910227331, 18.694705050287915 ], [ -96.75082785956765, 18.691694690019506 ], [ -96.754427820374445, 18.695748979784884 ], [ -96.760460919779334, 18.693348540414725 ], [ -96.764575620167108, 18.697180250031519 ], [ -96.772283949949482, 18.693941600158631 ], [ -96.779374599594618, 18.703658280288558 ], [ -96.784283459761554, 18.703159579778664 ], [ -96.787756830331148, 18.713627620202384 ], [ -96.791779770167565, 18.717381710055616 ], [ -96.792685420419147, 18.713367749825835 ], [ -96.801106379556714, 18.724532089619178 ], [ -96.805579970471754, 18.725612950023557 ], [ -96.811526200061621, 18.739362909967731 ], [ -96.820505490333943, 18.736533380263527 ], [ -96.824386030253208, 18.744513569667479 ], [ -96.834747970146452, 18.745594829829589 ], [ -96.842933149531987, 18.75263283003618 ], [ -96.847181830253362, 18.743886910033815 ], [ -96.87259477954801, 18.752350289604109 ], [ -96.884899430456002, 18.744946350012114 ], [ -96.895760259954145, 18.743640419688045 ], [ -96.895698569720423, 18.75062246009902 ], [ -96.901966309901255, 18.751410980142758 ], [ -96.915344779565601, 18.760970969917267 ], [ -96.906313369629274, 18.772543819906002 ], [ -96.908609170273138, 18.780974630103266 ], [ -96.903949820344948, 18.785683309878969 ] ] ] } },
{ "type": "Feature", "properties": { "code": "30044", "stateCode": "30", "municipalityCode": "044", "name": "Córdoba" }, "geometry": { "type": "Polygon", "coordinates": [ [ [ -96.939190260348326, 19.010536620402721 ], [ -96.913729450443327, 19.006620400278944 ], [ -96.898236709630609, 18.991752019837257 ], [ -96.90505421977781, 18.985467940010111 ], [ -96.900681419827208, 18.979251650015932 ], [ -96.904442029690472, 18.9739280197944 ], [ -96.904430820273404, 18.963774489790392 ], [ -96.873349579923214, 18.957344019692751 ], [ -96.876569740157038, 18.949730599866029 ], [ -96.879101350049041, 18.951654379624483 ], [ -96.881393999877588, 18.949382050093217 ], [ -96.882884230432126, 18.941992920320949 ], [ -96.880159660270294, 18.94151531985267 ], [ -96.881840289791512, 18.93779122012532 ], [ -96.878652680192616, 18.935627779645532 ], [ -96.882233219680643, 18.92873498026124 ], [ -96.880658339901473, 18.92650793987605 ], [ -96.883100260417024, 18.926591290029567 ], [ -96.875260020045047, 18.911213180594491 ], [ -96.894725649196218, 18.906433750614347 ], [ -96.902252398973829, 18.910653921013374 ], [ -96.906195919347184, 18.907095581225892 ], [ -96.90693782892501, 18.896706320110983 ], [ -96.892867569276703, 18.88738851975322 ], [ -96.88150073987353, 18.885699249989706 ], [ -96.883842000436147, 18.880523800168977 ], [ -96.886191399608904, 18.881269819914522 ], [ -96.885378380201118, 18.875145629723757 ], [ -96.896395399194162, 18.872619710114144 ], [ -96.898404118806127, 18.864477581237974 ], [ -96.91440919880182, 18.865128400296435 ], [ -96.914950779052191, 18.861864910495481 ], [ -96.92171950968671, 18.864687350099867 ], [ -96.920426180206263, 18.859391030665339 ], [ -96.928647710013038, 18.855219979758637 ], [ -96.935680690132898, 18.857134430454504 ], [ -96.940977120069874, 18.85353134976295 ], [ -96.944497949918372, 18.855829950400771 ], [ -96.948310338708055, 18.847202320605227 ], [ -96.954826739959628, 18.844402849595944 ], [ -96.956522320075678, 18.83827821995671 ], [ -96.963938019958846, 18.837131542838733 ], [ -96.964127480337581, 18.841158689633478 ], [ -96.970209369750165, 18.841817079607495 ], [ -96.969412420334621, 18.846818370346217 ], [ -96.973887830198066, 18.85434742043449 ], [ -96.970563320135938, 18.859534090009536 ], [ -96.981683420367659, 18.88294577974019 ], [ -96.97962902984365, 18.882645801145909 ], [ -96.980150058907768, 18.886992401188429 ], [ -96.974088459678896, 18.887736290237356 ], [ -96.981341429710241, 18.891957620433978 ], [ -96.983399399127492, 18.902773510087208 ], [ -96.959783430229777, 18.900891689735904 ], [ -96.955096139700018, 18.90179288994992 ], [ -96.955977310294983, 18.906643060132055 ], [ -97.003428219764658, 18.952330219762562 ], [ -96.989224049529781, 18.977224860191864 ], [ -96.997076879553205, 18.986784800433409 ], [ -96.989400820280494, 18.990521380144241 ], [ -96.981297349572955, 18.986129060102378 ], [ -96.980185490051184, 18.99541983020157 ], [ -96.982933599613062, 19.001982150289987 ], [ -96.97438456993676, 19.00559979969486 ], [ -96.964259139552851, 19.008704479874012 ], [ -96.952063939917934, 19.004338229758805 ], [ -96.939190260348326, 19.010536620402721 ] ] ] } },
{ "type": "Feature", "properties": { "code": "30047", "stateCode": "30", "municipalityCode": "047", "name": "Coscomatepec" }, "geometry": { "type": "Polygon", "coordinates": [ [ [ -97.037972920018632, 19.134184460080128 ], [ -97.025582850266389, 19.124054750406913 ], [ -97.023094710300342, 19.119643600269065 ], [ -97.025324489825948, 19.115049859813098 ], [ -97.014335510145528, 19.107956090393344 ], [ -97.009171289926229, 19.100304920349483 ], [ -97.009277970386876, 19.092641229986071 ], [ -97.002783289943821, 19.090736150022675 ], [ -96.999728519535068, 19.08608677985303 ], [ -97.004583719908624, 19.074180619687965 ], [ -97.008636539802026, 19.07935488963378 ], [ -97.018134179663278, 19.073775479819265 ], [ -97.017870079921721, 19.070083280293659 ], [ -97.011122540234979, 19.068109709926095 ], [ -97.013193059767744, 19.065033909919443 ], [ -97.010716850287892, 19.065451599874308 ], [ -97.005976859849852, 19.051283479800439 ], [ -97.033019720089982, 19.049441600010461 ], [ -97.020648889917737, 19.039064949954092 ], [ -97.023859539773767, 19.028319080192546 ], [ -97.031993219998398, 19.037039770274209 ], [ -97.058573949941731, 19.023856919594259 ], [ -97.064827310367207, 19.024148109756222 ], [ -97.065372280375584, 19.028968569808089 ], [ -97.06931183007724, 19.030713289678157 ], [ -97.072059340252508, 19.022712139953697 ], [ -97.064963399593793, 19.002787230037363 ], [ -97.076757180313777, 19.002678490277113 ], [ -97.085650889948198, 18.997435969817897 ], [ -97.091185150456141, 18.990472089722868 ], [ -97.091979319868813, 18.983834170100575 ], [ -97.098705859727076, 18.991110090005456 ], [ -97.110862830228996, 18.989035750356997 ], [ -97.12289359971696, 18.998394109702822 ], [ -97.129523350375152, 18.996430939893205 ], [ -97.132510250109306, 18.999965750121437 ], [ -97.15372036980132, 19.004891149818864 ], [ -97.157692830201171, 19.010983710437863 ], [ -97.164330710108246, 19.012118229994517 ], [ -97.170606050333205, 19.023494980024513 ], [ -97.176046080064793, 19.024734480348251 ], [ -97.175776719926773, 19.029378429738383 ], [ -97.185914859749957, 19.03868352005075 ], [ -97.195597799934049, 19.041342880317327 ], [ -97.192929969665244, 19.058541890239621 ], [ -97.185492859810111, 19.062802089967096 ], [ -97.173031970435659, 19.066401219734448 ], [ -97.167120769775124, 19.06324764973072 ], [ -97.155799799843578, 19.066063880162858 ], [ -97.142795140197038, 19.062022029908373 ], [ -97.132723690120685, 19.063604200147083 ], [ -97.135036880246346, 19.069999940056348 ], [ -97.123688780365384, 19.066601140268244 ], [ -97.115062049643029, 19.068053621818624 ], [ -97.121207169638652, 19.076201340352441 ], [ -97.114231910217782, 19.076279350366587 ], [ -97.104250630324543, 19.081780449902197 ], [ -97.098364380016378, 19.079591720048324 ], [ -97.089283350226765, 19.090378750071768 ], [ -97.078302019761509, 19.092438399733396 ], [ -97.078599649944536, 19.099301429789428 ], [ -97.073912480301928, 19.097011420148636 ], [ -97.069677850058511, 19.099503800048328 ], [ -97.070447259589727, 19.102490999706234 ], [ -97.063827910183704, 19.101005579731741 ], [ -97.066461749652134, 19.112889569541725 ], [ -97.051936520308175, 19.106733509622583 ], [ -97.057076370049543, 19.11885977012944 ], [ -97.056735819710894, 19.12912142979874 ], [ -97.05288184992547, 19.128983940085092 ], [ -97.051950580289216, 19.132312969638917 ], [ -97.043192520390818, 19.128239110193704 ], [ -97.037972920018632, 19.134184460080128 ] ] ] } },
{ "type": "Feature", "properties": { "code": "30049", "stateCode": "30", "municipalityCode": "049", "name": "Cotaxtla" }, "geometry": { "type": "Polygon", "coordinates": [ [ [ -96.308673289836918, 18.978720800076875 ], [ -96.296890830350534, 18.963341000225846 ], [ -96.302636339909142, 18.941491510285296 ], [ -96.300830429677688, 18.935066489924495 ], [ -96.294394380365674, 18.935148779907124 ], [ -96.292123149932465, 18.94295068986165 ], [ -96.284511879872639, 18.943181479570587 ], [ -96.281364689531458, 18.937716420138582 ], [ -96.282929059782475, 18.928808739695551 ], [ -96.277732079607972, 18.925164449586873 ], [ -96.279317740437378, 18.919212199970005 ], [ -96.274107749823685, 18.916541080017033 ], [ -96.263479719831025, 18.917310090109236 ], [ -96.263027459687294, 18.907259179889081 ], [ -96.258916659784902, 18.903642459950301 ], [ -96.247077370006991, 18.901884880263534 ], [ -96.242999489649549, 18.908228290357375 ], [ -96.232918320269619, 18.90946036984684 ], [ -96.232446139969312, 18.914165920312534 ], [ -96.218501369916339, 18.920516080156517 ], [ -96.213106280125317, 18.915386350220945 ], [ -96.219041430441266, 18.907997489953345 ], [ -96.215405520142923, 18.907719380170203 ], [ -96.212846510464459, 18.901515349742812 ], [ -96.218713509827026, 18.900779200208607 ], [ -96.211525059548762, 18.886891229972399 ], [ -96.207539849957683, 18.89175217970832 ], [ -96.20825294046837, 18.896055889611098 ], [ -96.20131759959294, 18.896965139586172 ], [ -96.197629909954614, 18.903021539963476 ], [ -96.193425490115203, 18.902345939946695 ], [ -96.183918549692621, 18.84247421961194 ], [ -96.187992089780025, 18.840638290104977 ], [ -96.18998070958402, 18.845969280269493 ], [ -96.19226909003379, 18.845177649748152 ], [ -96.190579859871008, 18.839926659901515 ], [ -96.196013229965814, 18.832528029613538 ], [ -96.204280000459534, 18.833448420095902 ], [ -96.203096019692197, 18.837824519689281 ], [ -96.212392919689108, 18.839535889779256 ], [ -96.220304349867632, 18.828283429787582 ], [ -96.228583419780207, 18.830890630121662 ], [ -96.243539819757885, 18.827381149977164 ], [ -96.249043939669036, 18.818626489842767 ], [ -96.251386550174161, 18.820248860307984 ], [ -96.258453290006059, 18.813826519862307 ], [ -96.262776770425305, 18.814731079701652 ], [ -96.269626419667034, 18.809821879909656 ], [ -96.267330320168512, 18.795159939624735 ], [ -96.279049800320522, 18.782447029744933 ], [ -96.297074799697484, 18.786052309852064 ], [ -96.305469290244602, 18.784236420433345 ], [ -96.318492309910283, 18.792359000256774 ], [ -96.327319219949175, 18.790033049561433 ], [ -96.328073320301229, 18.794767399979577 ], [ -96.337516219964002, 18.795305540110519 ], [ -96.340819090414328, 18.798669199791696 ], [ -96.339882720381496, 18.787819280116651 ], [ -96.356492400303068, 18.792955709746472 ], [ -96.36630271985058, 18.785622660283739 ], [ -96.371744199719203, 18.787729309676614 ], [ -96.391556620328657, 18.784081829740988 ], [ -96.419294149628811, 18.773017060135437 ], [ -96.421830019778881, 18.770788509867284 ], [ -96.416318350326478, 18.767793020401886 ], [ -96.415179150482786, 18.761228769736217 ], [ -96.399050349887005, 18.755151200206722 ], [ -96.400699119697421, 18.749079019751917 ], [ -96.405457119992732, 18.746072110089958 ], [ -96.423624220365326, 18.750058599794659 ], [ -96.424401179583739, 18.744915370061282 ], [ -96.418180520340911, 18.743361859683695 ], [ -96.420560120179672, 18.736281549832928 ], [ -96.424971090131137, 18.73965836985969 ], [ -96.427640229570898, 18.736376349602228 ], [ -96.430566520390741, 18.738922489731866 ], [ -96.435007419808329, 18.736747180097787 ], [ -96.438074540366159, 18.741436290333382 ], [ -96.448618180404821, 18.73958994028645 ], [ -96.455767230359868, 18.742132969996195 ], [ -96.461059829609894, 18.740990619866729 ], [ -96.461867550054279, 18.737515550118697 ], [ -96.468593340149098, 18.740368220383466 ], [ -96.470052230312845, 18.73683519965109 ], [ -96.475469350409057, 18.736420169619439 ], [ -96.474511520464944, 18.752101349881073 ], [ -96.467515089746584, 18.752804419825342 ], [ -96.475424909707471, 18.756959319590273 ], [ -96.482633169733518, 18.765056579939174 ], [ -96.482532919543658, 18.768915999758352 ], [ -96.46979297974724, 18.780571030267019 ], [ -96.47074214011667, 18.78549857982054 ], [ -96.465776629577675, 18.785980570108961 ], [ -96.464745480426487, 18.797125689629301 ], [ -96.472438939607329, 18.804655370388378 ], [ -96.465946080227098, 18.813592450117472 ], [ -96.469058489805349, 18.818365619678243 ], [ -96.472787089652627, 18.817127059649387 ], [ -96.480477570338223, 18.821521109860733 ], [ -96.487527079680362, 18.837062340313171 ], [ -96.496750019993911, 18.840936179756124 ], [ -96.502260799622221, 18.847896049822353 ], [ -96.506028289623927, 18.846749630149255 ], [ -96.506759000191465, 18.852685220458369 ], [ -96.515367480389045, 18.853677120119048 ], [ -96.51766087995351, 18.860746059944141 ], [ -96.527974690324996, 18.863418820027835 ], [ -96.526732829935014, 18.866557060438101 ], [ -96.516458719904321, 18.870122910011844 ], [ -96.512710150051035, 18.876861889994284 ], [ -96.524130259553687, 18.882426250238041 ], [ -96.531686019857545, 18.892074260238854 ], [ -96.535637980089476, 18.90539132019196 ], [ -96.538884780464841, 18.90672522988832 ], [ -96.528825679696055, 18.908746969836486 ], [ -96.529484749656106, 18.905908510174797 ], [ -96.51473631964393, 18.906248519661251 ], [ -96.512786509545535, 18.902023090405624 ], [ -96.506529089550099, 18.899520920284928 ], [ -96.497361290154629, 18.901361170321611 ], [ -96.493988599944814, 18.911200659875814 ], [ -96.502223709571254, 18.913505260054798 ], [ -96.507185719906346, 18.91127482979849 ], [ -96.511514120341445, 18.914678429631447 ], [ -96.516283940235567, 18.912485620168376 ], [ -96.520287819518373, 18.91919291022851 ], [ -96.509051950201027, 18.922418019921249 ], [ -96.503726080214122, 18.917347399674917 ], [ -96.495409850207579, 18.915536980179692 ], [ -96.50114226002151, 18.924103539635119 ], [ -96.499963940466841, 18.928636780118985 ], [ -96.467725579648572, 18.929971379667577 ], [ -96.466620340062661, 18.939534430338771 ], [ -96.462228319548245, 18.939130309604259 ], [ -96.459537659829024, 18.946345920092341 ], [ -96.451693179725353, 18.945526140074978 ], [ -96.450020569589697, 18.949286800318141 ], [ -96.433977780332611, 18.937009050131813 ], [ -96.429094649910084, 18.937948429675828 ], [ -96.426519489847124, 18.944457800369296 ], [ -96.413401629692004, 18.93696746013336 ], [ -96.410721569879954, 18.939954849601989 ], [ -96.409351920054803, 18.93626141986827 ], [ -96.396054060426948, 18.935710319933065 ], [ -96.392885879668228, 18.943460050311135 ], [ -96.378671049899296, 18.944067249990763 ], [ -96.378914909853052, 18.947467350077535 ], [ -96.373979380072797, 18.948609430105193 ], [ -96.372724369727223, 18.945754830389212 ], [ -96.356817030078616, 18.958369459585132 ], [ -96.350096719867594, 18.974649170324525 ], [ -96.343258319892925, 18.975399740215803 ], [ -96.343227630466558, 18.969534059987275 ], [ -96.326720450131063, 18.96696505978008 ], [ -96.325984320055682, 18.963261259588364 ], [ -96.322799969625805, 18.964089429553962 ], [ -96.321094680339769, 18.970918630419281 ], [ -96.314672480274439, 18.972567089558545 ], [ -96.31439726031293, 18.978196950388437 ], [ -96.308673289836918, 18.978720800076875 ] ] ] } },
{ "type": "Feature", "properties": { "code": "30052", "stateCode": "30", "municipalityCode": "052", "name": "Cuichapa" }, "geometry": { "type": "Polygon", "coordinates": [ [ [ -96.887425290018953, 18.799803379976364 ], [ -96.86860163000982, 18.783380800342275 ], [ -96.855898949565145, 18.787056860020954 ], [ -96.837591619607409, 18.785886580369354 ], [ -96.828774280339218, 18.775951339747351 ], [ -96.810670980405888, 18.772716349671683 ], [ -96.799002460076522, 18.775774459965959 ], [ -96.788286520429835, 18.768703910376921 ], [ -96.78705833994178, 18.762862890401586 ], [ -96.77222274034898, 18.768501029890508 ], [ -96.772841880111812, 18.764583060076362 ], [ -96.7646192499639, 18.765938690391575 ], [ -96.75884111955861, 18.757149830022126 ], [ -96.753092920448438, 18.758209660408834 ], [ -96.744165909973162, 18.752076749725159 ], [ -96.739250309914311, 18.753382400123023 ], [ -96.733211620109557, 18.748280969802178 ], [ -96.725212489591883, 18.747281920004891 ], [ -96.733380490257304, 18.739540719734133 ], [ -96.779111169887813, 18.750764519555897 ], [ -96.792305079605399, 18.748531220190188 ], [ -96.811557420180947, 18.754953970206707 ], [ -96.81363574967331, 18.759199230351914 ], [ -96.821326109638093, 18.762448149925831 ], [ -96.841728089914639, 18.766364220109089 ], [ -96.846042679927223, 18.766049999806693 ], [ -96.854068379540934, 18.758249309968587 ], [ -96.866153229515177, 18.760528950415274 ], [ -96.883932399544832, 18.778646879766814 ], [ -96.904327020243443, 18.786091199949166 ], [ -96.899774150164973, 18.791209110183242 ], [ -96.892009430419378, 18.790017659868514 ], [ -96.893248849910293, 18.792957649762503 ], [ -96.888606770293094, 18.793408199581737 ], [ -96.890388940151794, 18.797422570286578 ], [ -96.887425290018953, 18.799803379976364 ] ] ] } },
{ "type": "Feature", "properties": { "code": "30099", "stateCode": "30", "municipalityCode": "099", "name": "Maltrata" }, "geometry": { "type": "Polygon", "coordinates": [ [ [ -97.240439600305777, 18.923616349799183 ], [ -97.237542979552671, 18.915047679780191 ], [ -97.225725150339329, 18.920129780196469 ], [ -97.220633399762619, 18.918683109952571 ], [ -97.218159179778198, 18.910311879871685 ], [ -97.222376879983301, 18.911955050146194 ], [ -97.222867879564348, 18.907870259932061 ], [ -97.23214804986884, 18.903592740097626 ], [ -97.223329949548813, 18.888351819652648 ], [ -97.21108831011405, 18.876072229859464 ], [ -97.214081970106179, 18.873300620253247 ], [ -97.211671320336492, 18.868561909897942 ], [ -97.215534629606381, 18.868060570198228 ], [ -97.214321740449847, 18.86542877046238 ], [ -97.223675049893956, 18.863182780190151 ], [ -97.231119850249584, 18.853038150190386 ], [ -97.227451169731793, 18.842405140025409 ], [ -97.232428660351616, 18.832517659909762 ], [ -97.227673969662206, 18.818635650175366 ], [ -97.236721090424709, 18.820126480203268 ], [ -97.232675349895516, 18.816621769594263 ], [ -97.234542689663684, 18.811257200362093 ], [ -97.222511379692548, 18.807895000412852 ], [ -97.228040489795731, 18.793771400405038 ], [ -97.224485080129611, 18.791664520246858 ], [ -97.264781829735142, 18.778817619786416 ], [ -97.269975769696032, 18.771395229996219 ], [ -97.278102399917103, 18.774077740135308 ], [ -97.28067307958095, 18.763377599714037 ], [ -97.285170980332722, 18.762676140390511 ], [ -97.2982942495766, 18.772960029902134 ], [ -97.324644890076868, 18.764847630381624 ], [ -97.311824940251768, 18.776655140060523 ], [ -97.30129281964193, 18.778864740378943 ], [ -97.299996650315734, 18.776030539952941 ], [ -97.29219362032751, 18.786399080349444 ], [ -97.311980169652415, 18.810678380227582 ], [ -97.325953020062556, 18.813028370281408 ], [ -97.326263579636375, 18.819676660240205 ], [ -97.322758489949138, 18.818843509884996 ], [ -97.320388779609374, 18.821907569568765 ], [ -97.324534199667113, 18.830421980138123 ], [ -97.322667079599427, 18.835071920386625 ], [ -97.306404230380963, 18.843035379570434 ], [ -97.307962309853679, 18.848157219913222 ], [ -97.300714219795239, 18.859528630189061 ], [ -97.296508420037171, 18.861263199571169 ], [ -97.29731157979306, 18.867310290015958 ], [ -97.272453539688399, 18.890124970255989 ], [ -97.261052540372575, 18.894027339598626 ], [ -97.245802490422449, 18.893300630190964 ], [ -97.241768319568692, 18.902607020043689 ], [ -97.247215860067968, 18.918926350326906 ], [ -97.240439600305777, 18.923616349799183 ] ] ] } },
{ "type": "Feature", "properties": { "code": "30100", "stateCode": "30", "municipalityCode": "100", "name": "Manlio Fabio Altamirano" }, "geometry": { "type": "Polygon", "coordinates": [ [ [ -96.318854000007775, 19.198250350452835 ], [ -96.314701280410446, 19.191311680414071 ], [ -96.308771030281619, 19.191960489762018 ], [ -96.301949480443113, 19.187014140401242 ], [ -96.30901034985564, 19.183849570387643 ], [ -96.313907110436332, 19.150066620307001 ], [ -96.310560679703755, 19.15877130955182 ], [ -96.306450060173759, 19.156445279673637 ], [ -96.30652063041191, 19.158936950247405 ], [ -96.305124719720808, 19.159509090294037 ], [ -96.294160849948938, 19.158539109846082 ], [ -96.29048294032826, 19.155479659588583 ], [ -96.292924969544089, 19.154173769831832 ], [ -96.266566740287203, 19.137356570310168 ], [ -96.261860259746371, 19.131009139790905 ], [ -96.272017629588419, 19.121768940427568 ], [ -96.263691579901916, 19.118514549801954 ], [ -96.260850720034426, 19.102163880038347 ], [ -96.263098600020044, 19.092995400256672 ], [ -96.256348720016391, 19.091885690425336 ], [ -96.258709850440496, 19.07982043026708 ], [ -96.26376065003781, 19.075557420277612 ], [ -96.264380369551418, 19.064152230366599 ], [ -96.282780620417526, 19.060771029622259 ], [ -96.286970859537846, 19.052749719905112 ], [ -96.292051399766947, 19.052191090333878 ], [ -96.292424620265209, 19.054644229952856 ], [ -96.293437800034468, 19.040060889710009 ], [ -96.300027400293843, 19.037886290225558 ], [ -96.297223430376164, 19.03583567981298 ], [ -96.303641650213365, 19.028845549785572 ], [ -96.312504629817568, 19.02840565018008 ], [ -96.306336489560124, 19.017925920419263 ], [ -96.303052629838746, 19.015545459816465 ], [ -96.29944519963459, 19.017774460138337 ], [ -96.295318140295151, 19.010791200399321 ], [ -96.299298119656498, 18.997641630238682 ], [ -96.305816199701653, 19.00053309000538 ], [ -96.31447487975052, 18.997534849899804 ], [ -96.315495679523167, 18.982257180407561 ], [ -96.309211879585831, 18.98072732022667 ], [ -96.303871889846619, 18.983488479941386 ], [ -96.30518825961515, 18.974094369666975 ], [ -96.310102079843574, 18.979241450122828 ], [ -96.324580599588913, 18.97802052023966 ], [ -96.319890139563071, 18.999399580423908 ], [ -96.326654020226997, 18.998835969657325 ], [ -96.334448280427665, 19.002891799721844 ], [ -96.337075089946623, 19.012812250268166 ], [ -96.341695250014666, 19.016674919718518 ], [ -96.352182429607851, 19.015342820136471 ], [ -96.353911089871062, 19.020507310287147 ], [ -96.366609779596914, 19.018904860293055 ], [ -96.389857150362374, 19.025071829932987 ], [ -96.399183219868902, 19.032297459894632 ], [ -96.395993520138148, 19.037922920018246 ], [ -96.402212779814207, 19.040574280205909 ], [ -96.405826459665093, 19.037001050170154 ], [ -96.411052709806455, 19.03974166023761 ], [ -96.402924000419532, 19.043144850130204 ], [ -96.40345744963679, 19.045430490219168 ], [ -96.390639800195771, 19.047731980401007 ], [ -96.381184540427654, 19.065644230400675 ], [ -96.37829786032222, 19.065144309799024 ], [ -96.377002880155175, 19.07160131986446 ], [ -96.371853659790347, 19.075601910148013 ], [ -96.379753460480202, 19.081017289639679 ], [ -96.381300400076682, 19.085706829621259 ], [ -96.375120549976018, 19.093635950275093 ], [ -96.380732519737009, 19.095602880319877 ], [ -96.392334720138436, 19.090375829840294 ], [ -96.393986690044443, 19.093592110054292 ], [ -96.397159709541242, 19.092896909572286 ], [ -96.396177910151877, 19.102962419948856 ], [ -96.399255089654034, 19.108685719779629 ], [ -96.395246059851743, 19.1107358201523 ], [ -96.398610720085173, 19.135335449805837 ], [ -96.407366580006354, 19.133869649965828 ], [ -96.407730350413274, 19.142960850199898 ], [ -96.40429952029082, 19.144012109647697 ], [ -96.415507909575823, 19.149505029714277 ], [ -96.413814180464229, 19.157281679938244 ], [ -96.409370030318968, 19.158919689634878 ], [ -96.400546379578628, 19.172962889709773 ], [ -96.408315080317777, 19.172468940355195 ], [ -96.411013369664559, 19.169162679579337 ], [ -96.414182680410676, 19.170894680070855 ], [ -96.418818599572475, 19.166380029750805 ], [ -96.418663219826101, 19.168942450272283 ], [ -96.427538820093176, 19.167273280146279 ], [ -96.425752430109895, 19.170351979606007 ], [ -96.428657690271663, 19.173077779944986 ], [ -96.433303050189636, 19.17135060017905 ], [ -96.430210420129853, 19.169254220448025 ], [ -96.433719170456612, 19.170167339787064 ], [ -96.433920169622951, 19.172229220158147 ], [ -96.438412970459353, 19.17003668993274 ], [ -96.4482379696816, 19.171819579973064 ], [ -96.443881350461169, 19.17647982956403 ], [ -96.446927709894567, 19.181093320005502 ], [ -96.442186430200138, 19.187104460146816 ], [ -96.433784739650207, 19.183744139542462 ], [ -96.420930310412317, 19.1893804496498 ], [ -96.411037799685388, 19.181915580231575 ], [ -96.404151000014181, 19.186345850204983 ], [ -96.3817988500453, 19.188227140422381 ], [ -96.370113570126875, 19.197506340051842 ], [ -96.366090599744211, 19.191531859704881 ], [ -96.359558649777213, 19.188854829686633 ], [ -96.343107220090175, 19.196858419902149 ], [ -96.318854000007775, 19.198250350452835 ] ] ] } },
{ "type": "Feature", "properties": { "code": "30198", "stateCode": "30", "municipalityCode": "198", "name": "Zacualpan" }, "geometry": { "type": "Polygon", "coordinates": [ [ [ -98.231646350198304, 20.61178030976977 ], [ -98.230938909685108, 20.605343449877218 ], [ -98.235186280090858, 20.60407931969846 ], [ -98.237687569961111, 20.591275349668859 ], [ -98.240820780378868, 20.589606350398888 ], [ -98.237694950219733, 20.575354660311838 ], [ -98.241102399772302, 20.574010799996071 ], [ -98.241719519679336, 20.568016089750348 ], [ -98.238696030223878, 20.566823200116634 ], [ -98.242242169925106, 20.564962079764086 ], [ -98.237939950282637, 20.560579170265829 ], [ -98.243280059737188, 20.556655319957464 ], [ -98.242002489815491, 20.552796030181586 ], [ -98.249002740191656, 20.550542220146667 ], [ -98.257727720260917, 20.532296949865685 ], [ -98.269290120446755, 20.531536480074404 ], [ -98.280412380409757, 20.523403779875711 ], [ -98.284064650146789, 20.524490199846472 ], [ -98.287586030043627, 20.518448629866565 ], [ -98.287649970443965, 20.508042430327585 ], [ -98.291160050391369, 20.502353420171101 ], [ -98.263650920199041, 20.491369859577336 ], [ -98.271044249731659, 20.481920821199562 ], [ -98.275438630053458, 20.481244820796803 ], [ -98.280463570061457, 20.469377050673287 ], [ -98.292150119520613, 20.46491245117457 ], [ -98.29456807999496, 20.460285030522847 ], [ -98.299692400320637, 20.458671310993054 ], [ -98.299129449535911, 20.455590110967247 ], [ -98.304891420171757, 20.454496941115785 ], [ -98.315712570456597, 20.445685110596859 ], [ -98.313913819528665, 20.439468631294034 ], [ -98.318109320007892, 20.435257680902332 ], [ -98.31981975009974, 20.424398681287098 ], [ -98.316053829676875, 20.423190540737522 ], [ -98.320875679552302, 20.418132371266445 ], [ -98.337179549963324, 20.414130620700149 ], [ -98.359819969998924, 20.3998097409157 ], [ -98.369892479833823, 20.401918680608077 ], [ -98.380590599961877, 20.399179481170624 ], [ -98.399165079846526, 20.410358120040183 ], [ -98.411505629870405, 20.399854599943474 ], [ -98.413962909750865, 20.407987679810965 ], [ -98.434205279675709, 20.399989919708712 ], [ -98.433851919812923, 20.39791128023997 ], [ -98.444568490218742, 20.399826229855531 ], [ -98.444904079795862, 20.416767309790497 ], [ -98.437874719795161, 20.423139479786041 ], [ -98.446705800425775, 20.425107859932741 ], [ -98.429658519708639, 20.444314200258663 ], [ -98.425722949928044, 20.444814029990617 ], [ -98.419550939541494, 20.454529850007734 ], [ -98.415615750153762, 20.455159779591291 ], [ -98.411624749606844, 20.461966309887575 ], [ -98.411486059808439, 20.476155290276697 ], [ -98.406414459954064, 20.474791739814538 ], [ -98.404129420356711, 20.479700049864622 ], [ -98.405553570257169, 20.485882250206437 ], [ -98.417562890450768, 20.495040020011004 ], [ -98.419082120170827, 20.501270420159646 ], [ -98.430743050292918, 20.513682250436069 ], [ -98.429860179935886, 20.523672769804964 ], [ -98.424696750074617, 20.523794569579369 ], [ -98.424104000302179, 20.535868380105196 ], [ -98.413911980279266, 20.538090649886829 ], [ -98.414885970296751, 20.533023319676854 ], [ -98.404526709641161, 20.533133939818047 ], [ -98.397565059903357, 20.542817849721715 ], [ -98.385610719560333, 20.546322549885492 ], [ -98.381676020425445, 20.557818180069617 ], [ -98.369863830250765, 20.561404910235659 ], [ -98.346612600096833, 20.549629719836659 ], [ -98.337817679693046, 20.550491849579245 ], [ -98.332243739942115, 20.556443229905643 ], [ -98.323068519841527, 20.558745079559738 ], [ -98.321168600369916, 20.563601459924861 ], [ -98.323647349720758, 20.567608979890693 ], [ -98.320931059723222, 20.569398630220757 ], [ -98.323286429999143, 20.582982739915096 ], [ -98.316535479967982, 20.589609279926691 ], [ -98.308757340060353, 20.591345290211997 ], [ -98.295930080214262, 20.5871013404149 ], [ -98.298288489630707, 20.57515912007544 ], [ -98.292950020253045, 20.575535290436001 ], [ -98.285764920331175, 20.583999510156012 ], [ -98.265688570214223, 20.590757969948296 ], [ -98.266270229743981, 20.59349138023336 ], [ -98.256395110366924, 20.596701689668269 ], [ -98.249703980158728, 20.604365970400853 ], [ -98.231646350198304, 20.61178030976977 ] ] ] } },
{ "type": "Feature", "properties": { "code": "30139", "stateCode": "30", "municipalityCode": "139", "name": "Saltabarranca" }, "geometry": { "type": "Polygon", "coordinates": [ [ [ -95.550921219566732, 18.620864829871781 ], [ -95.550839090272049, 18.616176509780093 ], [ -95.547713120186145, 18.615574110350007 ], [ -95.544731829804249, 18.608422660054867 ], [ -95.532717580068962, 18.609336540282602 ], [ -95.532531689606472, 18.606856379803929 ], [ -95.518502399543166, 18.61123410986481 ], [ -95.515401249866343, 18.608702219902426 ], [ -95.497790340184935, 18.608682879797367 ], [ -95.492854109813933, 18.611305000013342 ], [ -95.488894049849335, 18.607882029747802 ], [ -95.478792150422848, 18.608616549680718 ], [ -95.476717710076073, 18.603809289588149 ], [ -95.468100310031019, 18.603866830408876 ], [ -95.466190109900936, 18.587780250114889 ], [ -95.460891060001003, 18.588595770329142 ], [ -95.46019744987322, 18.575891110002782 ], [ -95.467163310213124, 18.571769799697645 ], [ -95.469721779950873, 18.55353017959888 ], [ -95.477367630442572, 18.551541220169227 ], [ -95.479979859701032, 18.555645519870993 ], [ -95.483751339705634, 18.554341719729177 ], [ -95.481716349980417, 18.563536380071486 ], [ -95.492631079652938, 18.5593283797607 ], [ -95.49263769038717, 18.553975000100213 ], [ -95.486168349697465, 18.55095701959808 ], [ -95.489859750343783, 18.546447969983319 ], [ -95.488001679547381, 18.544451719669929 ], [ -95.496111749854236, 18.53850005015585 ], [ -95.496862379844899, 18.527772150369469 ], [ -95.503173859724086, 18.524091170282521 ], [ -95.49869687978493, 18.518929150171388 ], [ -95.504791080174243, 18.495455449795795 ], [ -95.499872660289242, 18.483786540056439 ], [ -95.506554520000023, 18.472479709567594 ], [ -95.509830200146624, 18.471698539571292 ], [ -95.515210430231221, 18.480490219574261 ], [ -95.519036320006535, 18.480166150166728 ], [ -95.523574819689614, 18.488292449535553 ], [ -95.533431519764932, 18.485802319724645 ], [ -95.536788350157863, 18.498613250349401 ], [ -95.542335279622804, 18.498770289749448 ], [ -95.539021049944253, 18.505179379774628 ], [ -95.540557830372464, 18.512313579873435 ], [ -95.532891450309904, 18.512155430013063 ], [ -95.535825139530147, 18.514388820156782 ], [ -95.535205660184999, 18.520080420439413 ], [ -95.539962109881699, 18.521669460442354 ], [ -95.544080660165378, 18.533895919999562 ], [ -95.550267219732689, 18.535068149879439 ], [ -95.553206629653403, 18.543962920339993 ], [ -95.562931429584893, 18.551044200386734 ], [ -95.571749309907077, 18.552359230004516 ], [ -95.57070771024172, 18.558422580132952 ], [ -95.573332890035061, 18.561145849610611 ], [ -95.566861829655963, 18.569305350302063 ], [ -95.566776509672309, 18.581087250293326 ], [ -95.571915650373413, 18.582412429832136 ], [ -95.573860819808502, 18.589547290100676 ], [ -95.580243770204873, 18.590459050268262 ], [ -95.576711060173778, 18.594839919657538 ], [ -95.580770449821415, 18.595298080177791 ], [ -95.581757509634656, 18.60504612032932 ], [ -95.575313619899376, 18.607434380302653 ], [ -95.5717757399741, 18.614901549870115 ], [ -95.568383519756026, 18.611853679793143 ], [ -95.550921219566732, 18.620864829871781 ] ] ] } },
{ "type": "Feature", "properties": { "code": "30041", "stateCode": "30", "municipalityCode": "041", "name": "Coetzala" }, "geometry": { "type": "Polygon", "coordinates": [ [ [ -96.921505199928191, 18.795208319694709 ], [ -96.904327020243443, 18.786091199949166 ], [ -96.908609170273138, 18.780974630103266 ], [ -96.906313369629274, 18.772543819906002 ], [ -96.915344779565601, 18.760970969917267 ], [ -96.937524280445786, 18.755110620445375 ], [ -96.937367460215427, 18.766747479639289 ], [ -96.931195620170556, 18.765975659566362 ], [ -96.927790630471918, 18.773880679785954 ], [ -96.9280666195382, 18.780724520141028 ], [ -96.937009229538717, 18.781587419624348 ], [ -96.932423999628469, 18.789718879865283 ], [ -96.921505199928191, 18.795208319694709 ] ] ] } },
{ "type": "Feature", "properties": { "code": "30058", "stateCode": "30", "municipalityCode": "058", "name": "Chicontepec" }, "geometry": { "type": "Polygon", "coordinates": [ [ [ -97.963883180418534, 21.180882799957654 ], [ -97.956942939588757, 21.180528029689142 ], [ -97.951861419556565, 21.169022139854214 ], [ -97.946801080222713, 21.170027739980117 ], [ -97.941557569903665, 21.166824429984587 ], [ -97.944420619521978, 21.160382580276153 ], [ -97.941452909632645, 21.158844619750621 ], [ -97.943363140478425, 21.151931819725139 ], [ -97.941041600353699, 21.150426430176488 ], [ -97.950909060282271, 21.132146510323793 ], [ -97.948400979571929, 21.130621689814195 ], [ -97.949886770330679, 21.126994890386015 ], [ -97.947490399946005, 21.127046349918693 ], [ -97.950564710309976, 21.115483230249264 ], [ -97.943002910100319, 21.114909029936229 ], [ -97.942510060015721, 21.10732293999401 ], [ -97.94994969045905, 21.106529980301431 ], [ -97.942885120216587, 21.106395549660363 ], [ -97.938823169556557, 21.101393579828972 ], [ -97.929840780162323, 21.106370000065869 ], [ -97.917123450460267, 21.106198549922759 ], [ -97.917378430315765, 21.101616259866063 ], [ -97.903904029949331, 21.096091179837632 ], [ -97.901941950201646, 21.086268739993173 ], [ -97.893886649739812, 21.080190349542875 ], [ -97.893842660280669, 21.074441659767484 ], [ -97.879870620436762, 21.073753259720004 ], [ -97.880216150004429, 21.068160379968315 ], [ -97.872502119560096, 21.067199889712654 ], [ -97.877561770058577, 21.056641140013223 ], [ -97.884212859979087, 21.056724630391781 ], [ -97.88534121960285, 21.053984430029914 ], [ -97.880143619662931, 21.048527580270349 ], [ -97.882003220293939, 21.047294720045546 ], [ -97.904904420022575, 21.053493050074799 ], [ -97.912527600238946, 21.050671629975426 ], [ -97.921077020079736, 21.026338079587894 ], [ -97.905598520471344, 21.019324460348848 ], [ -97.912635619917125, 21.009876910331766 ], [ -97.925986349891815, 21.01000462020216 ], [ -97.925562230201564, 20.997996719801279 ], [ -97.904566570218179, 21.002440679970487 ], [ -97.911304250366712, 20.994253940051031 ], [ -97.909052580337061, 20.987869139626884 ], [ -97.903061369551466, 20.985858860082384 ], [ -97.899824279775416, 20.997065649949064 ], [ -97.894225660249631, 20.993387710155918 ], [ -97.899999999699247, 20.990289510419952 ], [ -97.897017939553209, 20.987976720041342 ], [ -97.893156910333218, 20.98981891971512 ], [ -97.894264720461607, 20.984103539602831 ], [ -97.887109860252579, 20.982012280388805 ], [ -97.880511579854044, 20.984305880008261 ], [ -97.876731109628693, 20.981343750049035 ], [ -97.874448179783897, 20.98719917037651 ], [ -97.870435379870031, 20.984310910067499 ], [ -97.870335120028173, 20.989340349733904 ], [ -97.865451090065577, 20.988951630291044 ], [ -97.861410799675895, 20.98283573973405 ], [ -97.86373694980351, 20.97805007957859 ], [ -97.861774750026854, 20.97489993995773 ], [ -97.854623779629264, 20.978166320322956 ], [ -97.850776920317017, 20.9767477403722 ], [ -97.858259250006427, 20.969904170335528 ], [ -97.854300519944402, 20.971105280158142 ], [ -97.848235549548036, 20.970003620238867 ], [ -97.864025339701953, 20.959767850194812 ], [ -97.858388140057329, 20.954246109565574 ], [ -97.867940690386533, 20.95246363015417 ], [ -97.878322399793959, 20.93638770957692 ], [ -97.880440259816694, 20.930015180221439 ], [ -97.877730799806969, 20.929833029643667 ], [ -97.88145075023462, 20.923690849657827 ], [ -97.875426430311165, 20.918716879954108 ], [ -97.877694179954176, 20.914295619776915 ], [ -97.874474289996073, 20.903565120383973 ], [ -97.88025754965085, 20.893296800372209 ], [ -97.899516770193884, 20.897978510247597 ], [ -97.910436650120474, 20.88556011958557 ], [ -97.913786049921598, 20.888194940382764 ], [ -97.917294909580647, 20.880847380201899 ], [ -97.923396889759246, 20.880812369939083 ], [ -97.929818249713506, 20.879412080397429 ], [ -97.929150650315549, 20.875694060348309 ], [ -97.915917859619867, 20.874854220160191 ], [ -97.919447479955593, 20.867850580214601 ], [ -97.92372434008567, 20.866567739618322 ], [ -97.917279150275803, 20.859564949943358 ], [ -97.923665879804489, 20.855467659639626 ], [ -97.923263740357342, 20.848547149700973 ], [ -97.927756050142946, 20.845174799853957 ], [ -97.932646739805193, 20.846524119558492 ], [ -97.943100509808119, 20.840488619612547 ], [ -97.94198251011494, 20.836059569614299 ], [ -97.95451650987512, 20.831838319736825 ], [ -97.962638029655878, 20.840019710234543 ], [ -97.958325150331305, 20.842740519594894 ], [ -97.962907370017916, 20.845908279629398 ], [ -97.958017349653147, 20.848947519879861 ], [ -97.961497370007109, 20.850576739773288 ], [ -97.96036716960343, 20.854110579805166 ], [ -97.963760090465115, 20.853195020102792 ], [ -97.990808170465044, 20.877581599942072 ], [ -97.994643459653773, 20.874770169868942 ], [ -97.992683949865508, 20.867014230063102 ], [ -98.011068340390906, 20.860851339836401 ], [ -98.010192620491537, 20.866268059573652 ], [ -98.006133749857312, 20.86552265993884 ], [ -98.008489889559769, 20.871700340263224 ], [ -98.004737979622007, 20.871702109928119 ], [ -98.002758450099435, 20.87826062980799 ], [ -98.008506910434235, 20.87817532040015 ], [ -98.008311230347076, 20.882021449882561 ], [ -98.026703400411222, 20.88271827974253 ], [ -98.029863739880881, 20.891707600103274 ], [ -98.041172949708127, 20.89526736962922 ], [ -98.059391459607824, 20.876194879638359 ], [ -98.058716149863841, 20.872323800021448 ], [ -98.082005720353067, 20.872229370159339 ], [ -98.076764779722424, 20.865367350166672 ], [ -98.081417089835853, 20.863207459728454 ], [ -98.085547170058248, 20.867867090107904 ], [ -98.089961740052317, 20.865880850350585 ], [ -98.0936339995461, 20.868280090154215 ], [ -98.095208739934222, 20.873680339874408 ], [ -98.099916709869746, 20.872927349995102 ], [ -98.106565249673963, 20.869252690011109 ], [ -98.110469600473323, 20.862176219906672 ], [ -98.112625520427116, 20.872407380292163 ], [ -98.116634520235252, 20.874454819917116 ], [ -98.118515490373127, 20.880826720025517 ], [ -98.1270685696215, 20.872623980259142 ], [ -98.125734289798501, 20.878743550260324 ], [ -98.128407220478607, 20.878657659896678 ], [ -98.128859769777691, 20.884289379817467 ], [ -98.124528279564927, 20.892434200110586 ], [ -98.12715488032137, 20.89744683022559 ], [ -98.133205420421803, 20.897247550348148 ], [ -98.138023849812299, 20.885053450051213 ], [ -98.145681119926138, 20.881558489805542 ], [ -98.147633580330677, 20.884563229956438 ], [ -98.15787110960332, 20.884087549712948 ], [ -98.165539849958378, 20.890118019629718 ], [ -98.167760489986676, 20.896849819700446 ], [ -98.172698859677027, 20.896692549734276 ], [ -98.184726949577183, 20.90467660034113 ], [ -98.195305060057549, 20.898707170076364 ], [ -98.196725969746424, 20.89184858001494 ], [ -98.194008489744917, 20.891132620339686 ], [ -98.198506510225883, 20.885614149737794 ], [ -98.205991220163753, 20.890267880391011 ], [ -98.204657450376658, 20.8934990299995 ], [ -98.208573910332277, 20.896366090445287 ], [ -98.217500479786395, 20.899522000272118 ], [ -98.222918549532025, 20.897432710339071 ], [ -98.224920019769982, 20.902918229729455 ], [ -98.222629820305485, 20.905659060299051 ], [ -98.229017648764653, 20.908190350187393 ], [ -98.222660118639581, 20.913358579597229 ], [ -98.222704288564671, 20.9184479799804 ], [ -98.229822028584763, 20.914594430022539 ], [ -98.234263938903439, 20.915829909893876 ], [ -98.239354648823749, 20.923026419968114 ], [ -98.235242940082571, 20.940442630194255 ], [ -98.230203830404761, 20.944765539600915 ], [ -98.228573690373111, 20.957608849636362 ], [ -98.225687679886008, 20.959419449906854 ], [ -98.216111569850668, 20.952607920229152 ], [ -98.20953931000308, 20.967088579972469 ], [ -98.212033549568275, 20.967833110413199 ], [ -98.211079750309437, 20.972245719948258 ], [ -98.216919400362457, 20.973743020151399 ], [ -98.213280429724051, 20.983119719754072 ], [ -98.215007450077792, 20.989627310235814 ], [ -98.200619280216756, 20.994696319650675 ], [ -98.202068460125957, 21.011749219703056 ], [ -98.196993420283846, 21.01659249076441 ], [ -98.188998369554284, 21.01831877015319 ], [ -98.190931749873144, 21.026336879804703 ], [ -98.188271429561183, 21.031308149918086 ], [ -98.18266530956015, 21.029990320359616 ], [ -98.176317420265292, 21.021167879620489 ], [ -98.167863719925322, 21.022892660419163 ], [ -98.163896620187998, 21.017647179838466 ], [ -98.161157680462679, 21.019130630394013 ], [ -98.162700539667213, 21.02833188993916 ], [ -98.155677950491068, 21.033386179645497 ], [ -98.150776309727377, 21.047218480217389 ], [ -98.154631479809268, 21.064698540211129 ], [ -98.147410339977156, 21.076583369824245 ], [ -98.149137860264915, 21.083021889748792 ], [ -98.170956509884505, 21.096811650095248 ], [ -98.174443320238296, 21.105985570030569 ], [ -98.18756323013406, 21.110818309684614 ], [ -98.176112849572817, 21.110894230100207 ], [ -98.163395059780953, 21.124554850252203 ], [ -98.156586140402112, 21.13918434042672 ], [ -98.149035279766224, 21.136084220242591 ], [ -98.143324890474631, 21.137829619851367 ], [ -98.140504980374971, 21.142694379839995 ], [ -98.136360250102882, 21.142460719778391 ], [ -98.136203489520952, 21.145467310403255 ], [ -98.121383279735596, 21.144905380341292 ], [ -98.11482899999254, 21.149789549954633 ], [ -98.114188430281487, 21.15858008036869 ], [ -98.110236120266634, 21.160779310258334 ], [ -98.107033020302353, 21.158575820229508 ], [ -98.095862629671842, 21.166161399827956 ], [ -98.094338370354563, 21.163716599588863 ], [ -98.091245520077379, 21.166365620236611 ], [ -98.090821250152288, 21.160919250278724 ], [ -98.086871889583634, 21.159672799734516 ], [ -98.075161229987131, 21.163556030443829 ], [ -98.06972615004203, 21.159444660105198 ], [ -98.048497400445612, 21.165080629999835 ], [ -98.043843539534095, 21.161339109871875 ], [ -98.042960420206882, 21.155761520384296 ], [ -98.03064617992176, 21.155805550021519 ], [ -98.028601860266363, 21.152465979610895 ], [ -98.012890290129022, 21.148628949722497 ], [ -98.005230000310519, 21.155130450113447 ], [ -97.988867200060341, 21.15777477020865 ], [ -97.978591800168829, 21.166027170028087 ], [ -97.963289459593923, 21.170448849961872 ], [ -97.966495089761423, 21.173441400402179 ], [ -97.963883180418534, 21.180882799957654 ] ] ] } },
{ "type": "Feature", "properties": { "code": "30135", "stateCode": "30", "municipalityCode": "135", "name": "Rafael Delgado" }, "geometry": { "type": "Polygon", "coordinates": [ [ [ -97.089315379375009, 18.835382149914178 ], [ -97.083363249891462, 18.829796310585106 ], [ -97.070248459739616, 18.832086279846415 ], [ -97.066455089769562, 18.826966020031112 ], [ -97.062773720259784, 18.827143970353855 ], [ -97.057523260297756, 18.810594479952954 ], [ -97.046567680071732, 18.798564650201296 ], [ -97.055412970405982, 18.796659879859327 ], [ -97.064080140412472, 18.78798459978125 ], [ -97.070304398997948, 18.801354020415491 ], [ -97.075886309377879, 18.80299597058788 ], [ -97.074834849547997, 18.808679120512608 ], [ -97.085657250038636, 18.803989341370677 ], [ -97.091490859961922, 18.808357749824562 ], [ -97.091351250383553, 18.812715351353077 ], [ -97.095568618723007, 18.812231111301536 ], [ -97.106463150052036, 18.802214919591734 ], [ -97.111656619938316, 18.80132993985454 ], [ -97.113257370080433, 18.795719120262017 ], [ -97.110549860367726, 18.791656690008502 ], [ -97.12192068976978, 18.780326620413433 ], [ -97.120626709645904, 18.773007940032578 ], [ -97.112641450306498, 18.765529910396609 ], [ -97.111621660096716, 18.756926050254581 ], [ -97.120628539783823, 18.758457019808979 ], [ -97.131691520386951, 18.770000370095257 ], [ -97.134692400020995, 18.766501280327532 ], [ -97.140491089773249, 18.767297170176164 ], [ -97.134272140414126, 18.779134090401065 ], [ -97.135573830443278, 18.787328139766892 ], [ -97.13176670983421, 18.796422059654045 ], [ -97.120772149800402, 18.807362369644764 ], [ -97.122782110058353, 18.812423949880358 ], [ -97.097568829647457, 18.820989509747925 ], [ -97.095083849635643, 18.82423358037278 ], [ -97.098465919747198, 18.833049620569589 ], [ -97.089315379375009, 18.835382149914178 ] ] ] } },
{ "type": "Feature", "properties": { "code": "30176", "stateCode": "30", "municipalityCode": "176", "name": "Tlacojalpan" }, "geometry": { "type": "Polygon", "coordinates": [ [ [ -95.952663169730769, 18.250243859654855 ], [ -95.919740570186534, 18.246785969705591 ], [ -95.911065260463118, 18.240569830031397 ], [ -95.911551799567121, 18.221853029676442 ], [ -95.893832280430033, 18.223639919917954 ], [ -95.889624019672979, 18.212541179605104 ], [ -95.880940660303082, 18.205736940396505 ], [ -95.878872780089083, 18.197767830229864 ], [ -95.889996380444941, 18.188356489692179 ], [ -95.89870540016436, 18.190298800022131 ], [ -95.910812650148486, 18.184948580067719 ], [ -95.913667799682187, 18.171051060425217 ], [ -95.909680319859106, 18.170206549742609 ], [ -95.911301199870081, 18.166658079600804 ], [ -95.90825368996444, 18.160821620328775 ], [ -95.912415309934488, 18.152813030190746 ], [ -95.897912180182956, 18.15079248959367 ], [ -95.895482520323156, 18.146454489931454 ], [ -95.895184739997447, 18.144002060207772 ], [ -95.897058689731693, 18.146047459662213 ], [ -95.900837850151106, 18.143790629647832 ], [ -95.899373780249732, 18.140730519685757 ], [ -95.902743050398087, 18.135696820333997 ], [ -95.913421370323235, 18.138481260085108 ], [ -95.913688229666249, 18.151931490394151 ], [ -95.92213201964023, 18.150803969610426 ], [ -95.922195309906542, 18.141056950328569 ], [ -95.925737650004081, 18.146430779562372 ], [ -95.931388619548713, 18.145277739650069 ], [ -95.933341720057513, 18.141667540269115 ], [ -95.936434510068381, 18.146825519966079 ], [ -95.93236882953704, 18.151354599834267 ], [ -95.937254829648296, 18.156632740381266 ], [ -95.952534200154332, 18.15982781961447 ], [ -95.959079920436736, 18.157058920201603 ], [ -95.958423480318032, 18.152985340058432 ], [ -95.966940599593613, 18.154306059900733 ], [ -95.972024820353127, 18.149510880203703 ], [ -95.97752885994494, 18.149056520130703 ], [ -95.981677249807959, 18.142946121314559 ], [ -95.985895180037005, 18.150034619756443 ], [ -95.990579879821823, 18.151174149781063 ], [ -95.992767180325501, 18.159604679960456 ], [ -95.999389050435127, 18.16248862989071 ], [ -96.002460480474568, 18.171609019795998 ], [ -96.005958510410906, 18.165864199674907 ], [ -96.015799909800165, 18.167681819630161 ], [ -96.006953249832449, 18.184758229585107 ], [ -95.982527620302207, 18.189328110240147 ], [ -95.985381709648692, 18.192129380255484 ], [ -95.979884180474926, 18.19965636984443 ], [ -95.991365570312226, 18.198554549921244 ], [ -95.998957750365747, 18.207228119695678 ], [ -95.98869528021757, 18.224471049723736 ], [ -95.976662169596764, 18.231517140131118 ], [ -95.976175970396014, 18.235653770294476 ], [ -95.981427830112352, 18.23943637002456 ], [ -95.993131380216255, 18.23905938015541 ], [ -95.992379720169964, 18.249266800323532 ], [ -95.987061260470938, 18.252803919897428 ], [ -95.976854260452299, 18.250717369811802 ], [ -95.968658550380781, 18.23691556994455 ], [ -95.961685580206549, 18.231216749742241 ], [ -95.961954259939148, 18.225498219767452 ], [ -95.972172880144669, 18.215977450343676 ], [ -95.953233720138684, 18.224456020347546 ], [ -95.956749399617124, 18.2455153399914 ], [ -95.952663169730769, 18.250243859654855 ] ] ] } },
{ "type": "Feature", "properties": { "code": "30120", "stateCode": "30", "municipalityCode": "120", "name": "Oteapan" }, "geometry": { "type": "Polygon", "coordinates": [ [ [ -94.650844860282504, 18.017280799831802 ], [ -94.652659910430131, 17.985623029947249 ], [ -94.658544569910347, 17.982918139775151 ], [ -94.659105939941711, 17.978131199877478 ], [ -94.65430308971186, 17.971685620290447 ], [ -94.671852220330564, 17.968050999609492 ], [ -94.672081199736937, 17.963664309991369 ], [ -94.690404219777776, 17.958838950031762 ], [ -94.696572139890847, 17.965923219608975 ], [ -94.691859780181986, 17.982318509717238 ], [ -94.692235680154027, 18.006540231033423 ], [ -94.683547030014452, 18.012395429993791 ], [ -94.675691510068916, 18.009245080997463 ], [ -94.670294058902499, 18.013799480341341 ], [ -94.662369479822573, 18.011919659933646 ], [ -94.650844860282504, 18.017280799831802 ] ] ] } },
{ "type": "Feature", "properties": { "code": "30020", "stateCode": "30", "municipalityCode": "020", "name": "Atlahuilco" }, "geometry": { "type": "Polygon", "coordinates": [ [ [ -97.132180880382862, 18.730185279642058 ], [ -97.126811309682083, 18.724326379782056 ], [ -97.126871880315505, 18.716380400298043 ], [ -97.121076490205994, 18.708358380418847 ], [ -97.128324710271926, 18.704103890366561 ], [ -97.112888079645629, 18.701879460032838 ], [ -97.107722520036333, 18.710910779558279 ], [ -97.100209850062512, 18.712549679618007 ], [ -97.101873980134144, 18.706153909897687 ], [ -97.09175389037965, 18.706414080397835 ], [ -97.086425199683887, 18.70829660043151 ], [ -97.085455779831079, 18.716049889675801 ], [ -97.074210250390223, 18.712709020343112 ], [ -97.076160350079007, 18.702685030292265 ], [ -97.062859309664006, 18.703548020106421 ], [ -97.066783570038936, 18.699459740055708 ], [ -97.062082600218275, 18.698025859670611 ], [ -97.063520149805498, 18.695141229802203 ], [ -97.060168950480787, 18.696538019803999 ], [ -97.062810980399902, 18.691967479910012 ], [ -97.053732179575334, 18.685615509552012 ], [ -97.056338569777921, 18.684039379875387 ], [ -97.053253260189592, 18.681077459727895 ], [ -97.055637579517082, 18.679525020336065 ], [ -97.055068679541094, 18.665316549922572 ], [ -97.064022519553347, 18.663877709872274 ], [ -97.078482250291884, 18.641372940163535 ], [ -97.084711770315522, 18.641219139982848 ], [ -97.089438709939103, 18.649264909751558 ], [ -97.095133219825925, 18.647980320069436 ], [ -97.10944054016548, 18.655379510360312 ], [ -97.121705649729506, 18.648594619651611 ], [ -97.13418725995929, 18.648095720260695 ], [ -97.131776429730181, 18.653701970440594 ], [ -97.137382149976702, 18.655043310368072 ], [ -97.133127749996149, 18.66009591027635 ], [ -97.140156430177811, 18.659513310277969 ], [ -97.146045740298121, 18.667770710154826 ], [ -97.150990579738618, 18.664761619565635 ], [ -97.171304969789176, 18.664305539760328 ], [ -97.177895969775165, 18.658735110112726 ], [ -97.180670149817999, 18.665359380379851 ], [ -97.185376000304856, 18.667762250151984 ], [ -97.183579750333678, 18.669380769923656 ], [ -97.186770089629093, 18.672385350267461 ], [ -97.166258059566658, 18.686783449744524 ], [ -97.15662270960226, 18.682523309914284 ], [ -97.151776969784294, 18.6722633200548 ], [ -97.138877919753895, 18.679493910205249 ], [ -97.13472488013025, 18.688673250222024 ], [ -97.137552689716117, 18.715593969925646 ], [ -97.132180880382862, 18.730185279642058 ] ] ] } },
{ "type": "Feature", "properties": { "code": "30021", "stateCode": "30", "municipalityCode": "021", "name": "Atoyac" }, "geometry": { "type": "Polygon", "coordinates": [ [ [ -96.857988890002062, 19.010793370016014 ], [ -96.847212709529785, 19.002809949950631 ], [ -96.839312419730007, 19.005263139858066 ], [ -96.838487479813196, 19.008510479758705 ], [ -96.832858090141201, 19.003394680031413 ], [ -96.821198089792261, 19.00463081998036 ], [ -96.814891800089697, 19.008889860230731 ], [ -96.814264650082677, 18.998729340444655 ], [ -96.810158489613713, 19.00087402982312 ], [ -96.806571650094128, 18.996178919930546 ], [ -96.799581509871743, 19.00157085968134 ], [ -96.796454780312033, 18.9981618503028 ], [ -96.772177489841965, 18.936832110289412 ], [ -96.76562881964243, 18.934832430111847 ], [ -96.759404659847334, 18.915120949952158 ], [ -96.754979120236172, 18.913276630415709 ], [ -96.75205067970721, 18.900288949671989 ], [ -96.74507396998132, 18.89815663038755 ], [ -96.744555920203339, 18.892866570137063 ], [ -96.738244710298744, 18.887679429735094 ], [ -96.739174979588668, 18.883988339557519 ], [ -96.733829019591738, 18.880447830070857 ], [ -96.735510679925184, 18.871775830119603 ], [ -96.733094229775858, 18.867769979919554 ], [ -96.711499220322537, 18.84826104961251 ], [ -96.711332659711573, 18.838513310270219 ], [ -96.721914459576368, 18.84762048993052 ], [ -96.735473520047435, 18.837764110157998 ], [ -96.742406549754548, 18.838956969845817 ], [ -96.755644229838595, 18.852784750074047 ], [ -96.761755319673924, 18.851317580077136 ], [ -96.765023380426683, 18.855330550436694 ], [ -96.760608090398108, 18.859787549787363 ], [ -96.765066260213473, 18.859357450006726 ], [ -96.774763110347024, 18.867072969574327 ], [ -96.781055279700482, 18.876496829730478 ], [ -96.804338659714574, 18.875833740377608 ], [ -96.804612710213021, 18.878987170066626 ], [ -96.809559399901559, 18.877338709998821 ], [ -96.816373109971636, 18.880992580091938 ], [ -96.817256820305445, 18.877609600238415 ], [ -96.81806887962729, 18.880329739809337 ], [ -96.824526919855998, 18.87905545027041 ], [ -96.825280169327741, 18.894580649646212 ], [ -96.82930214949856, 18.901188570068538 ], [ -96.817605889236589, 18.905674371028926 ], [ -96.828168578801652, 18.912151490893958 ], [ -96.828601219484867, 18.916709050449967 ], [ -96.832214909399454, 18.917462250861931 ], [ -96.832035719021874, 18.92170337045907 ], [ -96.83644781913398, 18.924745109882181 ], [ -96.829630229326071, 18.936572199937981 ], [ -96.8297140891911, 18.942466080337571 ], [ -96.838097379930431, 18.942520709618332 ], [ -96.844678850327298, 18.95724063036711 ], [ -96.856440139903469, 18.963117520218013 ], [ -96.855739200237338, 18.966839879850173 ], [ -96.848218379921761, 18.97129041976055 ], [ -96.850204079801145, 18.97407046009587 ], [ -96.858346339696439, 18.973234579631182 ], [ -96.860638079864415, 18.980637280070123 ], [ -96.858854859905136, 18.988449479997591 ], [ -96.863978799827919, 18.991548510087959 ], [ -96.867850879890355, 19.005515890373733 ], [ -96.857988890002062, 19.010793370016014 ] ] ] } },
{ "type": "Feature", "properties": { "code": "30022", "stateCode": "30", "municipalityCode": "022", "name": "Atzacan" }, "geometry": { "type": "Polygon", "coordinates": [ [ [ -97.047420970320815, 18.991617880222787 ], [ -97.040141019747153, 18.985635460217647 ], [ -97.040456380247491, 18.981414000348359 ], [ -97.03567501953512, 18.975613509694604 ], [ -97.038079119985738, 18.967294580030483 ], [ -97.026998579743022, 18.958414950158819 ], [ -97.026141310212822, 18.949223089862286 ], [ -97.020941219649998, 18.944039349579942 ], [ -97.025210850213696, 18.940325649884592 ], [ -97.021292880131625, 18.932019630022488 ], [ -97.044786370261519, 18.945278490238685 ], [ -97.059757780415424, 18.945688000087326 ], [ -97.06629335046928, 18.92283716974028 ], [ -97.063201170139479, 18.918346179567482 ], [ -97.067912139541704, 18.91790525985764 ], [ -97.066733940104058, 18.913703629703814 ], [ -97.063892659735842, 18.914308979821953 ], [ -97.063088719755243, 18.894679149757163 ], [ -97.065859980040528, 18.890653940110745 ], [ -97.082044479753677, 18.893360799959321 ], [ -97.078986000047337, 18.886029889868386 ], [ -97.089519149702355, 18.876292319972375 ], [ -97.095796220270742, 18.877779200408465 ], [ -97.106326149719663, 18.884583290067066 ], [ -97.108065680191871, 18.894582249791956 ], [ -97.09829551016928, 18.89767273959998 ], [ -97.098812379635092, 18.902945400181203 ], [ -97.106296739689114, 18.910777979834659 ], [ -97.087731279907743, 18.919066620241459 ], [ -97.088044510064421, 18.923567379967899 ], [ -97.094252709948165, 18.936979949843902 ], [ -97.112961400442927, 18.942677650047095 ], [ -97.121257020223936, 18.948993679605593 ], [ -97.120338939885571, 18.959540170059981 ], [ -97.123881879529222, 18.960456829961021 ], [ -97.127695679739119, 18.970847050158724 ], [ -97.123459679958785, 18.977247220271281 ], [ -97.111276629977851, 18.979060400331075 ], [ -97.102593619549921, 18.99200989019392 ], [ -97.087625079682695, 18.980907660342492 ], [ -97.086723650243457, 18.975689120064313 ], [ -97.076152680230379, 18.974729059690915 ], [ -97.060674249996509, 18.983559799558076 ], [ -97.052404799811313, 18.983506650011471 ], [ -97.047420970320815, 18.991617880222787 ] ] ] } },
{ "type": "Feature", "properties": { "code": "30023", "stateCode": "30", "municipalityCode": "023", "name": "Atzalan" }, "geometry": { "type": "Polygon", "coordinates": [ [ [ -97.077771199924953, 20.053497030357168 ], [ -97.071188979940615, 20.048140910024213 ], [ -97.062899140250451, 20.051086739623422 ], [ -97.05913059992541, 20.04840993962339 ], [ -97.041281029928896, 20.048145490446263 ], [ -97.040307919716696, 20.03371146007613 ], [ -97.050195579590493, 20.030939350369099 ], [ -97.055492768128005, 20.043518650030485 ], [ -97.06178243030007, 20.033535430199716 ], [ -97.05287338032565, 19.990988679835681 ], [ -97.027931659653206, 19.977827110051461 ], [ -97.016717080111249, 19.978106139671823 ], [ -97.012943549677445, 19.97468636962661 ], [ -97.006772709622226, 19.979731051088127 ], [ -97.007777059543102, 19.972586749989322 ], [ -97.013691950293477, 19.967573450180947 ], [ -97.001786169848472, 19.95873368969168 ], [ -96.993479350183804, 19.961305580219292 ], [ -96.99617930995322, 19.968717849978777 ], [ -96.987743970400601, 19.976716460344452 ], [ -96.987939140367331, 19.981250680093154 ], [ -96.979461489811669, 19.971435740338087 ], [ -96.96543194039414, 19.970584799674068 ], [ -96.963652830399042, 19.973707250290342 ], [ -96.958880820212556, 19.962446230143911 ], [ -96.963782000394204, 19.95035582029082 ], [ -96.95241636963901, 19.924172169932611 ], [ -96.956844109972351, 19.920492369816451 ], [ -96.953056350333597, 19.910058820107896 ], [ -96.956618490482853, 19.906919399779326 ], [ -96.956301740210264, 19.892996780006253 ], [ -96.974482320133703, 19.882137510450619 ], [ -96.987949580411254, 19.886527230256316 ], [ -96.995177999617383, 19.881846889993081 ], [ -97.003621430361818, 19.88273413989662 ], [ -97.002282829568614, 19.879247459999235 ], [ -97.005319939730228, 19.878854279903457 ], [ -97.004078180248229, 19.875106110122054 ], [ -97.009863170016772, 19.867365690356667 ], [ -97.008528320259131, 19.858338629760645 ], [ -97.017467740129447, 19.856897149656699 ], [ -97.031877769898927, 19.865260199674985 ], [ -97.045904090174176, 19.856062110360671 ], [ -97.056863860170154, 19.853764969962334 ], [ -97.050519050346651, 19.847287940430601 ], [ -97.057833279942074, 19.844096709561043 ], [ -97.06800518024265, 19.855799629581476 ], [ -97.070172309733053, 19.851760649782097 ], [ -97.072682320277607, 19.853133490214148 ], [ -97.072888999603009, 19.849555919752845 ], [ -97.083136800198233, 19.847761519921288 ], [ -97.086928320440407, 19.852157320124988 ], [ -97.096382460155169, 19.853914800227017 ], [ -97.102333049658853, 19.850278919594626 ], [ -97.104637660227098, 19.841455289770462 ], [ -97.115039980308211, 19.84509808038705 ], [ -97.119429629698075, 19.837284690104951 ], [ -97.124488979547181, 19.839225909939074 ], [ -97.123276750383468, 19.835113149871678 ], [ -97.131775749651823, 19.824974309602602 ], [ -97.137952650065017, 19.829424169921161 ], [ -97.134645980252898, 19.825741649578593 ], [ -97.138158970134441, 19.814538890191503 ], [ -97.151065289539815, 19.803489940276901 ], [ -97.154974720481675, 19.80327947980437 ], [ -97.162668339589729, 19.792914619948068 ], [ -97.166353250132701, 19.79122282008473 ], [ -97.17207297023198, 19.794490169925108 ], [ -97.185304739835587, 19.786946949995166 ], [ -97.187316020204847, 19.783027379805691 ], [ -97.181792779950655, 19.779187629893421 ], [ -97.182712909950965, 19.774292970086055 ], [ -97.18026543019343, 19.772625779895193 ], [ -97.188818679839656, 19.75685993954426 ], [ -97.199193350436317, 19.762436859929597 ], [ -97.208785940446518, 19.781801819981538 ], [ -97.219849740458528, 19.778544319865915 ], [ -97.225993059685067, 19.772756550102937 ], [ -97.230411520443937, 19.773810569741446 ], [ -97.229419050404317, 19.776019420121216 ], [ -97.231290680274611, 19.774228120076756 ], [ -97.233452250177976, 19.778406419880532 ], [ -97.250298510156583, 19.778710180361948 ], [ -97.249287739744091, 19.785859740215454 ], [ -97.255723800103709, 19.782526050218095 ], [ -97.260558710367803, 19.788087919650639 ], [ -97.24790888983037, 19.795432059624609 ], [ -97.260525820020106, 19.797265799977442 ], [ -97.251108679746139, 19.799161349884642 ], [ -97.243971049751153, 19.806102549862739 ], [ -97.236095850091061, 19.829471419736169 ], [ -97.240520800324049, 19.827989029656131 ], [ -97.24593923032738, 19.836756169923756 ], [ -97.25569648980337, 19.839696550174182 ], [ -97.246887509878462, 19.854180879725391 ], [ -97.246190859607736, 19.861686449866397 ], [ -97.25022522021149, 19.867966909821853 ], [ -97.246463919879801, 19.874169520000844 ], [ -97.252041340317888, 19.884253539669761 ], [ -97.246833939593571, 19.897121219666204 ], [ -97.2358794300184, 19.908594740053765 ], [ -97.22467542991599, 19.907555829917964 ], [ -97.22462930977035, 19.920608249933469 ], [ -97.217313379891394, 19.925536090342785 ], [ -97.215426630176466, 19.933250889761805 ], [ -97.207395769639319, 19.934337909992202 ], [ -97.195272800015985, 19.956083149619786 ], [ -97.172126949661049, 19.982154179807068 ], [ -97.173123049570421, 19.992984219805699 ], [ -97.165179659743089, 19.995536620336491 ], [ -97.15881194982633, 19.991851950427662 ], [ -97.148635110241131, 19.998978029783338 ], [ -97.153042000293652, 20.013278249641765 ], [ -97.141024689769026, 20.014610379623988 ], [ -97.136090349595904, 20.018381279586748 ], [ -97.098232219917875, 20.022755310071961 ], [ -97.092741800208572, 20.041436689833933 ], [ -97.077771199924953, 20.053497030357168 ] ] ] } },
{ "type": "Feature", "properties": { "code": "30024", "stateCode": "30", "municipalityCode": "024", "name": "Tlaltetela" }, "geometry": { "type": "Polygon", "coordinates": [ [ [ -96.854356490200132, 19.372780449840583 ], [ -96.844343220270602, 19.368988920019429 ], [ -96.844152489557843, 19.371956019850142 ], [ -96.838401580130466, 19.367030720439121 ], [ -96.818808570446066, 19.366286859864861 ], [ -96.804467080431962, 19.359124400191963 ], [ -96.802453230308245, 19.350109740453352 ], [ -96.804838539534671, 19.345076850250212 ], [ -96.798948459891946, 19.344164249881423 ], [ -96.797409480145134, 19.334749430191348 ], [ -96.77619071045288, 19.33837358045951 ], [ -96.769807979978182, 19.327637979597419 ], [ -96.773673770147767, 19.325210019813323 ], [ -96.776218089959329, 19.309593169570906 ], [ -96.774059219693328, 19.305364399837398 ], [ -96.769194659886949, 19.304307460110721 ], [ -96.761660150180049, 19.311069619949897 ], [ -96.74480272032568, 19.313553720458668 ], [ -96.742476710141375, 19.316607259873756 ], [ -96.742885540045478, 19.299947510214352 ], [ -96.736458860394379, 19.289671750458979 ], [ -96.732837320009935, 19.289235969634785 ], [ -96.732287050171806, 19.284071720285137 ], [ -96.725342540182339, 19.282754690029762 ], [ -96.723354090455132, 19.267771770139845 ], [ -96.699629109821416, 19.266947220041654 ], [ -96.694768350183622, 19.269966940113914 ], [ -96.700616109761981, 19.271636570191877 ], [ -96.700682079973333, 19.276542720198929 ], [ -96.709370750101826, 19.28748974971635 ], [ -96.704278740174018, 19.294910509688691 ], [ -96.707138690129028, 19.296995049579369 ], [ -96.701484290229104, 19.304263139771813 ], [ -96.702916710249582, 19.311770229716071 ], [ -96.699447309895305, 19.315855420322173 ], [ -96.692822710419321, 19.305524321264404 ], [ -96.68987657992129, 19.30499192036249 ], [ -96.686648520467983, 19.309367350029824 ], [ -96.676043520741118, 19.303661259768912 ], [ -96.670695969803234, 19.305840570148593 ], [ -96.664872280074036, 19.314536490390729 ], [ -96.65821125948689, 19.311133881085411 ], [ -96.657411829849323, 19.315849971115146 ], [ -96.628601419612338, 19.320546380165428 ], [ -96.627315489881155, 19.325622710291452 ], [ -96.61169653976124, 19.336564910656797 ], [ -96.60245417032921, 19.332906229583831 ], [ -96.602016890783503, 19.326181490331141 ], [ -96.596992750126503, 19.320019090360233 ], [ -96.600550179691453, 19.320985540246106 ], [ -96.604323910459286, 19.309358780121688 ], [ -96.614820289569693, 19.302511049823728 ], [ -96.609253909885865, 19.293113650357807 ], [ -96.614544480315118, 19.292539660324934 ], [ -96.635254519601901, 19.277644370112501 ], [ -96.652402600093922, 19.277660849966235 ], [ -96.657479249623933, 19.271304340425459 ], [ -96.667170819687541, 19.274901249656203 ], [ -96.672926449886148, 19.269764140067668 ], [ -96.681012490458599, 19.269487769985577 ], [ -96.681789250402744, 19.265551939563139 ], [ -96.694764310376627, 19.254341919975968 ], [ -96.701552860400071, 19.255437830054145 ], [ -96.715903310213776, 19.248844829971087 ], [ -96.727776859533648, 19.248639479891999 ], [ -96.729636169930572, 19.245501350273994 ], [ -96.76793084965756, 19.229725339894948 ], [ -96.768772770418508, 19.233238179660777 ], [ -96.771445449938369, 19.232834289816228 ], [ -96.774781719838117, 19.228584090224775 ], [ -96.800640570334352, 19.220130850421835 ], [ -96.807319079750499, 19.21957142038254 ], [ -96.803293999517834, 19.226692920226537 ], [ -96.812251570046371, 19.224324450001738 ], [ -96.818327030053496, 19.233353910285985 ], [ -96.82839125013362, 19.233982620192617 ], [ -96.831007050304621, 19.239317289921505 ], [ -96.82244362959031, 19.249137179921124 ], [ -96.788303739748642, 19.261540050277038 ], [ -96.778540860209475, 19.268992169629211 ], [ -96.753958540299436, 19.273318200145685 ], [ -96.764291340239339, 19.285757540459613 ], [ -96.770513349850745, 19.287907320390051 ], [ -96.780560430007611, 19.283921850003992 ], [ -96.787596800329027, 19.2871869195892 ], [ -96.792660520166791, 19.283217000118384 ], [ -96.813355950282187, 19.292169579725311 ], [ -96.819626740471193, 19.298695949607968 ], [ -96.831758539980726, 19.29983327970486 ], [ -96.85699082977942, 19.287132890437075 ], [ -96.873710550088802, 19.289262030370629 ], [ -96.887473169786517, 19.283384830311416 ], [ -96.888654569572282, 19.286961890223488 ], [ -96.899800310459838, 19.279791060402459 ], [ -96.914592630115649, 19.276707171111855 ], [ -96.934443249855235, 19.261551310617889 ], [ -96.936828029539527, 19.253762111180301 ], [ -96.95039772039776, 19.242917950289854 ], [ -96.950752050316808, 19.239567710080447 ], [ -96.959681859962672, 19.235891050057557 ], [ -96.966728230198285, 19.223984120100642 ], [ -96.976055350144321, 19.223736580173039 ], [ -96.979456379686312, 19.216599659569781 ], [ -96.985339229632828, 19.217614139820572 ], [ -96.98137028960987, 19.214322370096852 ], [ -96.97786625003063, 19.215495230836979 ], [ -96.976443549597903, 19.207556520469442 ], [ -96.969150110395873, 19.203840179896492 ], [ -96.967751539575161, 19.194675229703311 ], [ -96.982627400009918, 19.201022770077881 ], [ -96.992953570331252, 19.201230710144582 ], [ -96.995475820280291, 19.205440780434579 ], [ -97.006291600442353, 19.209837680075207 ], [ -97.017337889781473, 19.205452859868348 ], [ -97.020024430104016, 19.209097199742967 ], [ -97.025932520169761, 19.203876280225678 ], [ -97.026055420416085, 19.207320969990171 ], [ -97.030727260277416, 19.210049819866725 ], [ -97.030829309846979, 19.216868170000804 ], [ -97.020350169987253, 19.222796250321089 ], [ -97.014865800246255, 19.231945979766994 ], [ -97.007722850425552, 19.230985319770159 ], [ -97.001234510052981, 19.236546019690159 ], [ -97.005304020305218, 19.249531149779287 ], [ -97.002528630281148, 19.254053120280712 ], [ -97.004409889984217, 19.256901049563975 ], [ -96.994563920476139, 19.263863399691953 ], [ -96.994690539850893, 19.270239139815978 ], [ -96.989717380195302, 19.278454339732718 ], [ -96.985719620200882, 19.278699749655509 ], [ -96.98517622998601, 19.286398619637108 ], [ -96.979138829943324, 19.284343020104838 ], [ -96.97521732042398, 19.286750599669599 ], [ -96.974580219927518, 19.283131849882238 ], [ -96.971455599667408, 19.289809860142064 ], [ -96.960473019958229, 19.288835400055405 ], [ -96.959037050104271, 19.293334619882671 ], [ -96.951041279815371, 19.295849449649609 ], [ -96.95186281982005, 19.298663949966482 ], [ -96.94678680004786, 19.296849720061235 ], [ -96.947646550389479, 19.300055830284965 ], [ -96.944254309743542, 19.300174150242775 ], [ -96.939110709723792, 19.308871319961074 ], [ -96.935048860047019, 19.305846880170002 ], [ -96.929744089703817, 19.311072369641099 ], [ -96.923987450347965, 19.309386630000652 ], [ -96.92446235004418, 19.312896890305023 ], [ -96.918276449653789, 19.318209380099734 ], [ -96.919402829542079, 19.32182180018923 ], [ -96.90745625011435, 19.328026819639661 ], [ -96.901948920239803, 19.334847679586563 ], [ -96.8957077096061, 19.335995539588254 ], [ -96.894924889597661, 19.344173019906357 ], [ -96.88153775030149, 19.344749910303868 ], [ -96.879437139699732, 19.353283089633454 ], [ -96.872843879604005, 19.352908549804191 ], [ -96.872164399754311, 19.35924048043163 ], [ -96.869103029836637, 19.354989430079179 ], [ -96.859021430136835, 19.364273779642691 ], [ -96.854692019818714, 19.364635150047651 ], [ -96.856801369966192, 19.367581849757158 ], [ -96.854356490200132, 19.372780449840583 ] ] ] } },
{ "type": "Feature", "properties": { "code": "30025", "stateCode": "30", "municipalityCode": "025", "name": "Ayahualulco" }, "geometry": { "type": "MultiPolygon", "coordinates": [ [ [ [ -97.012768679788792, 19.385324910411317 ], [ -97.00877851987822, 19.382025940232712 ], [ -97.002749150045418, 19.383402399986988 ], [ -96.999264750037582, 19.379423319852226 ], [ -97.002755939907686, 19.376635179893164 ], [ -96.997202279560369, 19.374470570222559 ], [ -97.005077680022552, 19.372845279952532 ], [ -97.015854480203771, 19.358361690387138 ], [ -97.03545001959634, 19.352775740131769 ], [ -97.035299770052134, 19.356526539971771 ], [ -97.046810060004063, 19.363325319974436 ], [ -97.041517550013396, 19.368875910067818 ], [ -97.047907059995111, 19.377160599987594 ], [ -97.04184652026143, 19.382749260272572 ], [ -97.0271550503832, 19.386353020043323 ], [ -97.012768679788792, 19.385324910411317 ] ] ], [ [ [ -97.149874909993144, 19.486082709603725 ], [ -97.151661449924575, 19.477170580440667 ], [ -97.143812509985125, 19.458750890314111 ], [ -97.146306829524903, 19.449308720275805 ], [ -97.147837510039807, 19.447849749604757 ], [ -97.154361170219303, 19.465100909649202 ], [ -97.165073020130251, 19.458341619955846 ], [ -97.170155169650442, 19.449656829822111 ], [ -97.17062653989781, 19.423916480301141 ], [ -97.174937889921637, 19.423409859961808 ], [ -97.167443979589009, 19.404296940389425 ], [ -97.161997830373096, 19.402309849972479 ], [ -97.158160120172127, 19.405567970164022 ], [ -97.150716079949618, 19.401886279948858 ], [ -97.140098170263855, 19.384597369576603 ], [ -97.125628580253405, 19.375925979648152 ], [ -97.132603999997258, 19.363022460373674 ], [ -97.133078419939878, 19.352487399606513 ], [ -97.129599949754109, 19.347698030265395 ], [ -97.141879050229207, 19.337609379814825 ], [ -97.144102569785474, 19.32592741996978 ], [ -97.148454919566277, 19.320250050173318 ], [ -97.16547913951679, 19.328824120294112 ], [ -97.175430490275303, 19.327932109705397 ], [ -97.188800049679031, 19.321367579849216 ], [ -97.190335399726905, 19.315713780134868 ], [ -97.200273460142057, 19.309264750384092 ], [ -97.200840339613393, 19.316288450082446 ], [ -97.204952120162758, 19.318201350182491 ], [ -97.207988939850111, 19.315191120285046 ], [ -97.215605260361187, 19.323319719985399 ], [ -97.213530450233279, 19.327075579708456 ], [ -97.206633020304409, 19.326797850232513 ], [ -97.20472111964159, 19.329962019720316 ], [ -97.210088259975322, 19.337877799944238 ], [ -97.206701319693195, 19.348986490415399 ], [ -97.210206049882771, 19.35944164958067 ], [ -97.22386905992316, 19.356958710201095 ], [ -97.231088770092128, 19.362707800297304 ], [ -97.233621820212974, 19.371215580350324 ], [ -97.254796720225954, 19.381789429997706 ], [ -97.26444034048059, 19.38062156978966 ], [ -97.266710750265617, 19.382488719661819 ], [ -97.250680050000867, 19.3849719495839 ], [ -97.224364219680723, 19.382073579625619 ], [ -97.220415110133203, 19.385771889822173 ], [ -97.23400877962257, 19.405397310252727 ], [ -97.239762370402218, 19.407257950211623 ], [ -97.249316909530791, 19.428534600194283 ], [ -97.259907860326791, 19.437624719954975 ], [ -97.257950819538777, 19.442378150288796 ], [ -97.262656750203774, 19.441145599832048 ], [ -97.274716879827665, 19.453126520169093 ], [ -97.263803430126956, 19.467877139688508 ], [ -97.260378620353194, 19.467581770083608 ], [ -97.259268879820482, 19.473442340063592 ], [ -97.251744049874162, 19.468622490292208 ], [ -97.250904429872136, 19.473034080073781 ], [ -97.244292540160217, 19.46961526038859 ], [ -97.232679019966724, 19.475244380140907 ], [ -97.220084019571132, 19.47420282027808 ], [ -97.216657779738568, 19.479256259959477 ], [ -97.197455619828034, 19.47695207987524 ], [ -97.18592761990206, 19.484158379731607 ], [ -97.165385919838968, 19.482764109767288 ], [ -97.149874909993144, 19.486082709603725 ] ] ] ] } },
{ "type": "Feature", "properties": { "code": "30026", "stateCode": "30", "municipalityCode": "026", "name": "Banderilla" }, "geometry": { "type": "Polygon", "coordinates": [ [ [ -96.940495349997121, 19.61121083003524 ], [ -96.933553860202906, 19.605278630053576 ], [ -96.916953119695876, 19.602823819873439 ], [ -96.918420569982942, 19.599082120029365 ], [ -96.931097830014309, 19.598191149903752 ], [ -96.932594940230786, 19.595597419649625 ], [ -96.913890950431679, 19.590039780450653 ], [ -96.910312429624682, 19.584637919869028 ], [ -96.897707579929488, 19.582060170270218 ], [ -96.903018798655722, 19.571756491174789 ], [ -96.908767510177725, 19.576040459625105 ], [ -96.925487749201821, 19.579960799792101 ], [ -96.939368849609991, 19.576525630297965 ], [ -96.953985489839312, 19.567344879598856 ], [ -96.95467289006713, 19.570428920390352 ], [ -96.955827940221837, 19.571076140256771 ], [ -96.962409949742408, 19.566678720119121 ], [ -96.967844720131183, 19.575505569772258 ], [ -96.98877957956141, 19.579060250288212 ], [ -96.978036059853551, 19.586067279896309 ], [ -96.958349849716811, 19.587370060017449 ], [ -96.958319399055711, 19.591119550346363 ], [ -96.971732229384614, 19.590103080614799 ], [ -96.972354630385439, 19.595150689742727 ], [ -96.968819969524361, 19.597437341003687 ], [ -96.958125319334584, 19.595019920721487 ], [ -96.948778849563965, 19.602107050078985 ], [ -96.948328799949309, 19.608268490460116 ], [ -96.940495349997121, 19.61121083003524 ] ] ] } },
{ "type": "Feature", "properties": { "code": "30027", "stateCode": "30", "municipalityCode": "027", "name": "Benito Juárez" }, "geometry": { "type": "Polygon", "coordinates": [ [ [ -98.22314690973316, 20.906161909825787 ], [ -98.222918549532025, 20.897432710339071 ], [ -98.217500479786395, 20.899522000272118 ], [ -98.208573910332277, 20.896366090445287 ], [ -98.204657450376658, 20.8934990299995 ], [ -98.205991220163753, 20.890267880391011 ], [ -98.198506510225883, 20.885614149737794 ], [ -98.194008489744917, 20.891132620339686 ], [ -98.196725969746424, 20.89184858001494 ], [ -98.195305060057549, 20.898707170076364 ], [ -98.186684619729107, 20.904545679789926 ], [ -98.172698859677027, 20.896692549734276 ], [ -98.167760489986676, 20.896849819700446 ], [ -98.165539849958378, 20.890118019629718 ], [ -98.157334580180859, 20.883783109764412 ], [ -98.147633580330677, 20.884563229956438 ], [ -98.145681119926138, 20.881558489805542 ], [ -98.138023849812299, 20.885053450051213 ], [ -98.13276957013332, 20.897598520432304 ], [ -98.125135510018666, 20.895991569968682 ], [ -98.124881879578481, 20.889342199997884 ], [ -98.128859769777691, 20.884289379817467 ], [ -98.128407220478607, 20.878657659896678 ], [ -98.125734289798501, 20.878743550260324 ], [ -98.1270685696215, 20.872623980259142 ], [ -98.118515490373127, 20.880826720025517 ], [ -98.116634520235252, 20.874454819917116 ], [ -98.112625520427116, 20.872407380292163 ], [ -98.108807570281712, 20.857733370442791 ], [ -98.115311569606064, 20.851237319869139 ], [ -98.116860339644091, 20.837640849663597 ], [ -98.120032250160321, 20.838031319800127 ], [ -98.123779510357338, 20.829395089766255 ], [ -98.121061279944783, 20.82549877025339 ], [ -98.125097950169007, 20.82831676984442 ], [ -98.135100420432664, 20.826746459880088 ], [ -98.12964570962842, 20.820127580259161 ], [ -98.134391600025907, 20.815635109657059 ], [ -98.134955349588779, 20.808155770154507 ], [ -98.127855570345986, 20.808760449823499 ], [ -98.126291169833436, 20.800931179924046 ], [ -98.115180019644527, 20.805205029749747 ], [ -98.112581849750157, 20.799524740262132 ], [ -98.099860850432123, 20.79687854033136 ], [ -98.101574800133946, 20.790840689614686 ], [ -98.111075919845447, 20.790814290306667 ], [ -98.112950399969165, 20.786585850228484 ], [ -98.107659019894882, 20.783957950046982 ], [ -98.105808619791077, 20.786500660280627 ], [ -98.097991339650747, 20.782189979588384 ], [ -98.098474339754532, 20.77889508993189 ], [ -98.088018889872558, 20.777364049891975 ], [ -98.086972739739934, 20.773352970159848 ], [ -98.097934950056697, 20.752735050056863 ], [ -98.102616520215932, 20.75368274992395 ], [ -98.103226769659543, 20.763522090320212 ], [ -98.110616940080575, 20.759896970129784 ], [ -98.113667629835149, 20.74236545028084 ], [ -98.104543780249514, 20.736824579602573 ], [ -98.109733980369612, 20.727416750378502 ], [ -98.131101350359486, 20.729409649640104 ], [ -98.138232060091113, 20.733931139887204 ], [ -98.137637140414597, 20.7382671699065 ], [ -98.142840460272026, 20.74277017025517 ], [ -98.168494250290493, 20.738317490209166 ], [ -98.168196970061061, 20.733840109938665 ], [ -98.170959080448327, 20.732549909612004 ], [ -98.179444120324021, 20.740466909722837 ], [ -98.192752450108827, 20.738154170064419 ], [ -98.204618509704886, 20.746418570302541 ], [ -98.197506319556155, 20.754233429934594 ], [ -98.196107570442237, 20.760584909955103 ], [ -98.203310430397025, 20.761431250267517 ], [ -98.207577400473454, 20.757019059631137 ], [ -98.219630060027896, 20.755273820375184 ], [ -98.233996800223693, 20.760443819800315 ], [ -98.229900169529984, 20.761269139786673 ], [ -98.226821740009001, 20.766816279618013 ], [ -98.231752369618377, 20.767223619673789 ], [ -98.234428569877608, 20.778776090252148 ], [ -98.238989740142571, 20.780474570269011 ], [ -98.233093279686415, 20.783452539710467 ], [ -98.242399740281073, 20.792258379770345 ], [ -98.247820249951786, 20.789157910334186 ], [ -98.24555167947959, 20.793315109970692 ], [ -98.248918599081861, 20.796377710313152 ], [ -98.244886849343146, 20.802221600184417 ], [ -98.233652619286218, 20.79755557012151 ], [ -98.224705059102604, 20.818235230113078 ], [ -98.239325349431141, 20.817581630006266 ], [ -98.253765049255733, 20.821491720078303 ], [ -98.252112369024672, 20.82781513976575 ], [ -98.258913938946009, 20.833971020209873 ], [ -98.258205769213816, 20.839717459867085 ], [ -98.260611618660761, 20.839826140374441 ], [ -98.262322879372221, 20.846892539890504 ], [ -98.254642978648519, 20.848952200331961 ], [ -98.258805338989788, 20.855068050126793 ], [ -98.256222288797318, 20.858969279651809 ], [ -98.265503048710357, 20.866536230001142 ], [ -98.258986739519941, 20.874919749847731 ], [ -98.250966308710531, 20.897304690118979 ], [ -98.232361248767333, 20.900116979566047 ], [ -98.22314690973316, 20.906161909825787 ] ] ] } },
{ "type": "Feature", "properties": { "code": "30028", "stateCode": "30", "municipalityCode": "028", "name": "Boca del Río" }, "geometry": { "type": "Polygon", "coordinates": [ [ [ -96.11801515572472, 19.171388052201113 ], [ -96.103654605412061, 19.165313410822719 ], [ -96.092666569931581, 19.151175090234766 ], [ -96.099610024856375, 19.144040907341882 ], [ -96.100496492833869, 19.133998273253379 ], [ -96.105175450392395, 19.127718450268599 ], [ -96.101584970491558, 19.110388014822234 ], [ -96.095809907098356, 19.105018340943406 ], [ -96.102186280473333, 19.099903709642831 ], [ -96.099019309743412, 19.094364769618686 ], [ -96.106625649446102, 19.091919660255144 ], [ -96.105729139998701, 19.083213820064131 ], [ -96.110280420417453, 19.086333219825732 ], [ -96.116916120125666, 19.084228149565554 ], [ -96.113903489581759, 19.072554629634691 ], [ -96.117053170289282, 19.058831710375827 ], [ -96.120809490036791, 19.061365720256873 ], [ -96.117206910260961, 19.055707079917802 ], [ -96.122839950115861, 19.054311980115507 ], [ -96.123764119581736, 19.059577149999654 ], [ -96.142723799561011, 19.057766910285206 ], [ -96.141298020248655, 19.067828820014388 ], [ -96.1313688297965, 19.07006685024167 ], [ -96.132670830317537, 19.076695660243832 ], [ -96.141304799780741, 19.078547979686999 ], [ -96.144552350197813, 19.08291185993539 ], [ -96.1403056898871, 19.086982829784638 ], [ -96.140366520348906, 19.09473037984549 ], [ -96.117759629822586, 19.09211428975706 ], [ -96.109687090306736, 19.09859007993564 ], [ -96.113738859564648, 19.103051339936126 ], [ -96.113241319592362, 19.107392290052552 ], [ -96.130240979565173, 19.118574169612458 ], [ -96.146858769631123, 19.108244660271613 ], [ -96.149657690209366, 19.109512059729546 ], [ -96.140097570350889, 19.141093630836544 ], [ -96.129372829750878, 19.146235229548232 ], [ -96.131517379208518, 19.165177310086843 ], [ -96.118517709749497, 19.168663020077805 ], [ -96.11801515572472, 19.171388052201113 ] ] ] } },
{ "type": "Feature", "properties": { "code": "30029", "stateCode": "30", "municipalityCode": "029", "name": "Calcahualco" }, "geometry": { "type": "Polygon", "coordinates": [ [ [ -97.193810970282357, 19.171523820402932 ], [ -97.183682020033658, 19.162738220163583 ], [ -97.180633719733478, 19.169329569845402 ], [ -97.170431350103499, 19.163864400351066 ], [ -97.156910949712838, 19.165391769910457 ], [ -97.152750999549355, 19.162522851300405 ], [ -97.148508619955095, 19.165048110390266 ], [ -97.13652547972552, 19.160110319905847 ], [ -97.130731620067223, 19.167684249797333 ], [ -97.117965349046202, 19.16774344988978 ], [ -97.11284636994796, 19.164587750925481 ], [ -97.108723460356174, 19.1684078804591 ], [ -97.09432857995094, 19.161266709586798 ], [ -97.08916955036625, 19.162970949896717 ], [ -97.075101580088926, 19.157882540057283 ], [ -97.066692710037046, 19.159455320544758 ], [ -97.064439509966419, 19.157793490581525 ], [ -97.06798019908716, 19.148458999926564 ], [ -97.05918446023199, 19.142034889851153 ], [ -97.052880599548132, 19.132288379743908 ], [ -97.05288184992547, 19.128983940085092 ], [ -97.056735819710894, 19.12912142979874 ], [ -97.057449019545231, 19.121880779906597 ], [ -97.051936520308175, 19.106733509622583 ], [ -97.056844119311634, 19.106702651329826 ], [ -97.060964920442572, 19.112553780416597 ], [ -97.085564749938399, 19.119059089912341 ], [ -97.091603378744281, 19.127402779956828 ], [ -97.100272939207315, 19.126304019977354 ], [ -97.109272849072255, 19.133851260057206 ], [ -97.120285739849834, 19.136746509826132 ], [ -97.120296059153617, 19.131625250046547 ], [ -97.14050004941636, 19.128716050123739 ], [ -97.20153158027243, 19.099606380063811 ], [ -97.19799602028219, 19.094662689629164 ], [ -97.197630910322175, 19.076706970391932 ], [ -97.188207119766204, 19.074011450342887 ], [ -97.175665510381705, 19.064864579896451 ], [ -97.186840739580632, 19.062320430039495 ], [ -97.19480029004815, 19.053879979929306 ], [ -97.210762279801614, 19.046973139758656 ], [ -97.221229419636614, 19.049580940315266 ], [ -97.224346579698391, 19.044769479944286 ], [ -97.24095452008001, 19.04520602991369 ], [ -97.267187540134998, 19.029807509996459 ], [ -97.269652860041106, 19.063072180449026 ], [ -97.261399459661604, 19.096627260341087 ], [ -97.237548889948428, 19.109506599631331 ], [ -97.228149779680933, 19.121821050239884 ], [ -97.22232171033977, 19.123428029956635 ], [ -97.21702333964592, 19.134296030277518 ], [ -97.219568180058019, 19.136131969820617 ], [ -97.202716060147267, 19.141259860311745 ], [ -97.197197940487143, 19.146559109623489 ], [ -97.209632970236896, 19.159850889756047 ], [ -97.203245520380861, 19.16147208956302 ], [ -97.193810970282357, 19.171523820402932 ] ] ] } },
{ "type": "Feature", "properties": { "code": "30030", "stateCode": "30", "municipalityCode": "030", "name": "Camerino Z. Mendoza" }, "geometry": { "type": "Polygon", "coordinates": [ [ [ -97.188055797438992, 18.817231912104653 ], [ -97.182698219683118, 18.814025720045947 ], [ -97.176558770353481, 18.815743970076657 ], [ -97.174503578960142, 18.809127110892668 ], [ -97.170123020319281, 18.809713581235645 ], [ -97.168588149522549, 18.806282350423103 ], [ -97.166652109972901, 18.80962960029192 ], [ -97.16454648044423, 18.804592849725299 ], [ -97.143275350254655, 18.796734419609987 ], [ -97.13176670983421, 18.796422059654045 ], [ -97.140217799686596, 18.763284820283676 ], [ -97.16173786027899, 18.763703689915143 ], [ -97.161112050451123, 18.779108850401116 ], [ -97.178196090173415, 18.786510350147346 ], [ -97.184004380190331, 18.785218079925045 ], [ -97.184862879969302, 18.797536680318682 ], [ -97.192314180053799, 18.790687259712705 ], [ -97.197759139879366, 18.793741540396834 ], [ -97.195941580270727, 18.801398659988976 ], [ -97.200292920339109, 18.805553951181107 ], [ -97.195549139047429, 18.807086569768732 ], [ -97.194718310171481, 18.813356940382015 ], [ -97.189824398553355, 18.812365660591617 ], [ -97.188055797438992, 18.817231912104653 ] ] ] } },
{ "type": "Feature", "properties": { "code": "30033", "stateCode": "30", "municipalityCode": "033", "name": "Cazones de Herrera" }, "geometry": { "type": "Polygon", "coordinates": [ [ [ -97.29924080022775, 20.802700030171035 ], [ -97.297736049797521, 20.799428319896826 ], [ -97.269029109926791, 20.798630059740709 ], [ -97.266775059921201, 20.797286720346968 ], [ -97.26982088000139, 20.79218983032791 ], [ -97.267683139721342, 20.794686250119529 ], [ -97.26300042006163, 20.790344369612018 ], [ -97.264277779719222, 20.787359679979634 ], [ -97.260092919887128, 20.786211519587759 ], [ -97.261668220420049, 20.781913819884359 ], [ -97.256197949926488, 20.777984800153778 ], [ -97.235645599834726, 20.779672490207531 ], [ -97.235970999880081, 20.785089170218331 ], [ -97.224250850427154, 20.78972231005282 ], [ -97.227294940291941, 20.793295059768901 ], [ -97.218092119963515, 20.795920939629397 ], [ -97.205173049989128, 20.776131550345976 ], [ -97.203887230180072, 20.758367430456723 ], [ -97.193830649948396, 20.739681510253607 ], [ -97.201178449554234, 20.724557890388702 ], [ -97.195882510445983, 20.720287090285382 ], [ -97.194323230414255, 20.70032943023185 ], [ -97.180659449698851, 20.670717080323151 ], [ -97.200614259849573, 20.673148249773142 ], [ -97.202743769563952, 20.670808459834845 ], [ -97.199173979744401, 20.665123549666301 ], [ -97.203373319836459, 20.664610259802945 ], [ -97.212347779579233, 20.653747249592833 ], [ -97.225544689668425, 20.654951260078807 ], [ -97.230865770082303, 20.660272549599156 ], [ -97.2433500497593, 20.653955400392562 ], [ -97.250397830440207, 20.6595724899136 ], [ -97.252247979969837, 20.655511720277865 ], [ -97.264141710201173, 20.654281939584017 ], [ -97.261502540217265, 20.649240830243787 ], [ -97.263554920110664, 20.64425705020524 ], [ -97.279541080429695, 20.631483339783159 ], [ -97.280692379611253, 20.62549473985764 ], [ -97.277820970162821, 20.619662600366532 ], [ -97.283828920332553, 20.615739850454361 ], [ -97.293681740088857, 20.617132490380932 ], [ -97.292316049909331, 20.626690920370695 ], [ -97.299443619567043, 20.627587819603033 ], [ -97.305126020185554, 20.6339669997793 ], [ -97.302128449541144, 20.638082429631623 ], [ -97.295818029926068, 20.638211689564407 ], [ -97.295125120405274, 20.643063980014439 ], [ -97.289408109864425, 20.645720310396342 ], [ -97.295007350450689, 20.647646369892446 ], [ -97.296941549509071, 20.655270480255041 ], [ -97.299641379688651, 20.65449752035801 ], [ -97.30655202959808, 20.662342030102664 ], [ -97.309668139733816, 20.658298980256159 ], [ -97.322901910135144, 20.656501890232072 ], [ -97.326743600124033, 20.652268369866832 ], [ -97.341965599507873, 20.655900420360737 ], [ -97.343158919699277, 20.651572860100888 ], [ -97.351015480307865, 20.649217680210608 ], [ -97.358179179907822, 20.653854919912312 ], [ -97.365825049715795, 20.651782319553128 ], [ -97.379609690059851, 20.654847659973186 ], [ -97.373279459943475, 20.659708579966633 ], [ -97.370692770260803, 20.668949150056712 ], [ -97.376930819909305, 20.675818340421522 ], [ -97.366098890448782, 20.678173820185684 ], [ -97.366198889577291, 20.682252679748675 ], [ -97.381002750170524, 20.699389830458987 ], [ -97.384786689660601, 20.689809460397168 ], [ -97.395208580109525, 20.699809029577818 ], [ -97.395583199721585, 20.705377090196645 ], [ -97.406495379880425, 20.71060406017321 ], [ -97.410185709776357, 20.721012570100637 ], [ -97.4056970298831, 20.72197471022751 ], [ -97.404640030340047, 20.730422880150996 ], [ -97.402970679657329, 20.728325090090809 ], [ -97.390388460036064, 20.737725849642871 ], [ -97.357367060268345, 20.731104520105841 ], [ -97.360623999871734, 20.739991509622193 ], [ -97.353460660311086, 20.742468220356152 ], [ -97.345438369909374, 20.739503149820791 ], [ -97.34523162035714, 20.743907859908759 ], [ -97.336787890203311, 20.754199780439816 ], [ -97.336973780256002, 20.762804949849215 ], [ -97.326677139914736, 20.767616509577373 ], [ -97.328346879691395, 20.770846380308377 ], [ -97.323182460445338, 20.773229770028223 ], [ -97.324816740079626, 20.776441229652878 ], [ -97.316754660445298, 20.780398659637548 ], [ -97.320047169533424, 20.786668709542848 ], [ -97.315493510411301, 20.788782519764517 ], [ -97.316445780031685, 20.79705618016661 ], [ -97.311197719720795, 20.793379880111914 ], [ -97.307007379861417, 20.796388420310489 ], [ -97.303874939907729, 20.794074230151651 ], [ -97.30284937016016, 20.798825259610371 ], [ -97.306240060383729, 20.797313650271636 ], [ -97.306457690065471, 20.799902249695929 ], [ -97.29924080022775, 20.802700030171035 ] ] ] } },
{ "type": "Feature", "properties": { "code": "30034", "stateCode": "30", "municipalityCode": "034", "name": "Cerro Azul" }, "geometry": { "type": "Polygon", "coordinates": [ [ [ -97.792360000485829, 21.239478619872052 ], [ -97.785940739787236, 21.233029050312798 ], [ -97.770778519535199, 21.229313320130295 ], [ -97.771420109555436, 21.225756379973028 ], [ -97.765510819887723, 21.222477140280851 ], [ -97.756224490362086, 21.22197488011123 ], [ -97.755276649864612, 21.218782200401776 ], [ -97.750112819778195, 21.220249860179749 ], [ -97.74902001986726, 21.208419829651255 ], [ -97.721311980216981, 21.204483650132673 ], [ -97.722302459991539, 21.20023954966441 ], [ -97.718147770340224, 21.201697060367682 ], [ -97.715280600319502, 21.199193510200342 ], [ -97.712392229514222, 21.203178170206609 ], [ -97.712237659799598, 21.196445779826668 ], [ -97.705069939972532, 21.189601999857924 ], [ -97.708822819842553, 21.183426820038477 ], [ -97.708508490061007, 21.171439350003947 ], [ -97.722485799862895, 21.171680480360212 ], [ -97.708415079585393, 21.164166540406804 ], [ -97.704449859560413, 21.156571620262081 ], [ -97.708359089836264, 21.153141539915921 ], [ -97.725231909874537, 21.154533859615618 ], [ -97.724719520341125, 21.147464769840578 ], [ -97.719862519585618, 21.141526769617762 ], [ -97.727243710166562, 21.130773289922026 ], [ -97.740547089881105, 21.145877509666335 ], [ -97.741563539973896, 21.142717580424677 ], [ -97.738190749754523, 21.14019992043524 ], [ -97.747753149863584, 21.13198876974873 ], [ -97.757936599904411, 21.141269540102236 ], [ -97.762750819621559, 21.137434020364807 ], [ -97.775358230001942, 21.143039090203139 ], [ -97.779261060164359, 21.164212310101195 ], [ -97.783437550473693, 21.164414279953352 ], [ -97.784626879586668, 21.168247260064096 ], [ -97.806880749695608, 21.185080050210541 ], [ -97.821524919745158, 21.184906949938714 ], [ -97.832678710445734, 21.180192720262841 ], [ -97.844254319808414, 21.185137179792289 ], [ -97.843931749673899, 21.197465109863099 ], [ -97.833080380091531, 21.211650710306159 ], [ -97.831754569975061, 21.217956289938893 ], [ -97.827084859601854, 21.218734719875584 ], [ -97.829287249893483, 21.22903537009207 ], [ -97.826743370473068, 21.230782510111336 ], [ -97.820271309570046, 21.220767019831825 ], [ -97.822172519798784, 21.217174749773445 ], [ -97.807155799690122, 21.227683110327316 ], [ -97.802113509934614, 21.235853540149968 ], [ -97.795706550079387, 21.235629710372319 ], [ -97.792360000485829, 21.239478619872052 ] ] ] } },
{ "type": "Feature", "properties": { "code": "30065", "stateCode": "30", "municipalityCode": "065", "name": "Emiliano Zapata" }, "geometry": { "type": "Polygon", "coordinates": [ [ [ -96.798637350208054, 19.576103379951636 ], [ -96.792215800387652, 19.569668739714547 ], [ -96.767799379932384, 19.565306370448287 ], [ -96.774522080459491, 19.555004510013838 ], [ -96.790283490357496, 19.553869449566367 ], [ -96.79400235015855, 19.545453740117665 ], [ -96.78838433988814, 19.545886619783452 ], [ -96.780867749759565, 19.540272580374246 ], [ -96.773758369743888, 19.528992880067634 ], [ -96.768438939907028, 19.529612980007339 ], [ -96.756475199744344, 19.522099170125067 ], [ -96.743573230156727, 19.521925919782735 ], [ -96.729334719822035, 19.516654219682795 ], [ -96.733021910214887, 19.506502980000764 ], [ -96.717293650004365, 19.496785250049264 ], [ -96.704936520313296, 19.481312580446218 ], [ -96.709571230064043, 19.479097170334594 ], [ -96.711374459550768, 19.473058429839927 ], [ -96.70546843006764, 19.471318679868315 ], [ -96.701596800238903, 19.465736780076167 ], [ -96.693370650440258, 19.464864749591815 ], [ -96.688832280305178, 19.455040289670531 ], [ -96.679768140389413, 19.457799380270696 ], [ -96.673616770039203, 19.453904140171158 ], [ -96.656140879915171, 19.455153060427705 ], [ -96.649370939601795, 19.445107580068072 ], [ -96.651171829815951, 19.443332619819806 ], [ -96.647158720382464, 19.441847509890632 ], [ -96.64826141966951, 19.436493249572198 ], [ -96.643278819878802, 19.438478349564431 ], [ -96.636946969973863, 19.433914949911166 ], [ -96.62543048037638, 19.432173649902406 ], [ -96.606040249899166, 19.420321250112231 ], [ -96.577737339771929, 19.421797749590009 ], [ -96.569580909632037, 19.405953630251567 ], [ -96.565554649878862, 19.408204579830645 ], [ -96.566480890351954, 19.415684449721152 ], [ -96.559572600071888, 19.417256459628721 ], [ -96.554301570104741, 19.400345489666378 ], [ -96.541955320434241, 19.40019897043863 ], [ -96.54298918021307, 19.369386430298331 ], [ -96.547345000080881, 19.365033619975552 ], [ -96.563798918794078, 19.360446061137953 ], [ -96.561451370061718, 19.359969721319768 ], [ -96.563116798841264, 19.356484050412639 ], [ -96.559546148605278, 19.355638539928428 ], [ -96.563146710421151, 19.351405981151522 ], [ -96.562443030438118, 19.341920920152198 ], [ -96.582489339745521, 19.341381550537331 ], [ -96.587668481109432, 19.343969180992808 ], [ -96.586354579889743, 19.346143050921402 ], [ -96.595596781114224, 19.347022711119806 ], [ -96.596763080475569, 19.349598120150585 ], [ -96.604464749659854, 19.343782490598972 ], [ -96.612771089929623, 19.35028745022478 ], [ -96.619961950288456, 19.346284370159225 ], [ -96.629512910368206, 19.347660480077284 ], [ -96.630643480960018, 19.350920001019347 ], [ -96.632970249714234, 19.347078479896457 ], [ -96.640639851184659, 19.352334581299388 ], [ -96.641402181291582, 19.345236970029131 ], [ -96.647841969529082, 19.344867650358438 ], [ -96.647303259636189, 19.342311200732222 ], [ -96.654091340084989, 19.337844620183844 ], [ -96.656962580137105, 19.339498290939787 ], [ -96.658870000013394, 19.350954200218936 ], [ -96.662147140338149, 19.350985231129936 ], [ -96.663614630356662, 19.36091949084976 ], [ -96.679431310639558, 19.369091719825676 ], [ -96.675527749565319, 19.383060631052835 ], [ -96.682863089997937, 19.374723290992961 ], [ -96.696981970852491, 19.37077957959573 ], [ -96.706862120449472, 19.357746061081706 ], [ -96.714238251013015, 19.358097150057645 ], [ -96.721914749591264, 19.3667659704888 ], [ -96.728963769752085, 19.366718880294954 ], [ -96.73684378017019, 19.371576230848348 ], [ -96.731057940058918, 19.372261680315102 ], [ -96.739451350075427, 19.375093850124234 ], [ -96.742309150056954, 19.379504229908083 ], [ -96.746953319695905, 19.376252170174567 ], [ -96.747759769882109, 19.390287629850338 ], [ -96.757695250289387, 19.395378829922389 ], [ -96.766214420276597, 19.392909230459367 ], [ -96.770830290025714, 19.403220309669255 ], [ -96.771782220104001, 19.393752169843538 ], [ -96.775460400385597, 19.392304909851735 ], [ -96.776733229623275, 19.397192510027391 ], [ -96.781691969904443, 19.392829890257577 ], [ -96.778347889576025, 19.381439999982206 ], [ -96.779364770189645, 19.372166289837512 ], [ -96.780066850475194, 19.375008549778403 ], [ -96.782664750312492, 19.373806600405576 ], [ -96.802355910050721, 19.38390877017984 ], [ -96.816498459767672, 19.395337450429523 ], [ -96.814341309954145, 19.400951490154913 ], [ -96.81241105042686, 19.397934060422411 ], [ -96.807482279799757, 19.399360400351998 ], [ -96.808657139623833, 19.407075319855768 ], [ -96.79858988015981, 19.415003539806285 ], [ -96.80384159955463, 19.417274060399002 ], [ -96.807862050270998, 19.424089849886869 ], [ -96.817010419560674, 19.420287980413008 ], [ -96.820675460137466, 19.42401765042267 ], [ -96.820253049698692, 19.428750169792721 ], [ -96.826377089714185, 19.428578000319206 ], [ -96.825397460266927, 19.431975049727512 ], [ -96.833682230261218, 19.437066619989182 ], [ -96.855989020213244, 19.438609599741454 ], [ -96.875889089900085, 19.446321740102483 ], [ -96.886665569885423, 19.445824580428322 ], [ -96.890525510457067, 19.455784850188614 ], [ -96.90337259959071, 19.463200219781687 ], [ -96.899869119857868, 19.467807619989387 ], [ -96.902871179698948, 19.47460274041736 ], [ -96.899178109550363, 19.482415059711624 ], [ -96.899359150469664, 19.492754459634611 ], [ -96.892756969618972, 19.489517259664215 ], [ -96.882129200366919, 19.49504118118071 ], [ -96.876082689253934, 19.493953341004826 ], [ -96.873813149645059, 19.499858419626388 ], [ -96.864001770115038, 19.506384420421035 ], [ -96.868525479164035, 19.508506549789864 ], [ -96.862973089085955, 19.507223540162276 ], [ -96.857776179849068, 19.510607350389066 ], [ -96.862389540164926, 19.519320740311208 ], [ -96.859719650082411, 19.521104079867023 ], [ -96.83435424973446, 19.515096310194945 ], [ -96.829729030477012, 19.510860309904238 ], [ -96.828009889988621, 19.513596549946346 ], [ -96.824121950466136, 19.512679770097495 ], [ -96.822293979756139, 19.514965460082895 ], [ -96.826364479653179, 19.52328033960961 ], [ -96.849441880431257, 19.538562750373202 ], [ -96.839348089612301, 19.541516490141355 ], [ -96.837982479622383, 19.537613029811769 ], [ -96.825353339703, 19.534767480396045 ], [ -96.831845739551753, 19.544902630200781 ], [ -96.842175250438217, 19.546877510203345 ], [ -96.841509020069552, 19.554561710441867 ], [ -96.836258680193467, 19.555439750012482 ], [ -96.83068733988938, 19.563350849682063 ], [ -96.809996689879256, 19.559329860129875 ], [ -96.799012459985335, 19.567566489956935 ], [ -96.801816400001371, 19.57554594002109 ], [ -96.798637350208054, 19.576103379951636 ] ] ] } },
{ "type": "Feature", "properties": { "code": "30066", "stateCode": "30", "municipalityCode": "066", "name": "Espinal" }, "geometry": { "type": "Polygon", "coordinates": [ [ [ -97.526126230042564, 20.365475229926833 ], [ -97.520686489530249, 20.369416580109636 ], [ -97.518195200437077, 20.361680200263201 ], [ -97.515230249519192, 20.361750050038633 ], [ -97.515943309808449, 20.35753053979526 ], [ -97.51025491028328, 20.353090939918399 ], [ -97.515878380397069, 20.3394758195702 ], [ -97.470318490118487, 20.327521480138397 ], [ -97.458712769669233, 20.328604450221896 ], [ -97.455251109709366, 20.332470489747529 ], [ -97.449789139534658, 20.329711200197469 ], [ -97.451871369831878, 20.325819310284967 ], [ -97.445501510237932, 20.327636719650325 ], [ -97.431968059609915, 20.323113019935718 ], [ -97.41605272033101, 20.307747350007563 ], [ -97.409766029740084, 20.310019050345485 ], [ -97.400711650275852, 20.305632510121736 ], [ -97.398311719873647, 20.303033969794722 ], [ -97.409183289929786, 20.29945592018791 ], [ -97.40600253953906, 20.290337400236684 ], [ -97.407401340064396, 20.27863771039825 ], [ -97.401228340084472, 20.282124509846987 ], [ -97.394335910103749, 20.267051740369208 ], [ -97.378354309561146, 20.254738950432223 ], [ -97.379282910031279, 20.249568690024663 ], [ -97.395730380422563, 20.243205340179333 ], [ -97.407283079708961, 20.232185179580163 ], [ -97.425062480134258, 20.244003690376427 ], [ -97.435936169605952, 20.240457850029426 ], [ -97.445276090446455, 20.246160659579981 ], [ -97.459562749775003, 20.233103449662998 ], [ -97.464293849738979, 20.2242272296529 ], [ -97.462338939688138, 20.193241829960751 ], [ -97.465059400406929, 20.18021839982093 ], [ -97.485481520180613, 20.173318709890353 ], [ -97.487607260110735, 20.164883279607341 ], [ -97.503953309784237, 20.156060250159662 ], [ -97.503533110295237, 20.146665860455698 ], [ -97.509677399741278, 20.140887779603343 ], [ -97.518698260107172, 20.154193419836069 ], [ -97.512024449752332, 20.166174230021515 ], [ -97.513786250134999, 20.171569059774143 ], [ -97.505390250304359, 20.179042030071834 ], [ -97.507671850076889, 20.183790019737867 ], [ -97.513643279598995, 20.182098769903025 ], [ -97.515002449682427, 20.194452800008129 ], [ -97.508752800230013, 20.192869920053109 ], [ -97.505023029604459, 20.196231890256261 ], [ -97.508180030340839, 20.199298049918287 ], [ -97.50582442029156, 20.206471110273416 ], [ -97.512538580319898, 20.205702950439843 ], [ -97.518390799678116, 20.209007030165118 ], [ -97.518356430162314, 20.20562889018737 ], [ -97.522728379649237, 20.205328030343278 ], [ -97.524237399585374, 20.201559429796955 ], [ -97.521553229943834, 20.190705720281667 ], [ -97.530374800433478, 20.188703619780938 ], [ -97.532663320329675, 20.192845950069252 ], [ -97.531034369623214, 20.199829370122227 ], [ -97.542308620043173, 20.20243810969146 ], [ -97.545317830236257, 20.195279140140457 ], [ -97.548551399950426, 20.194380179594901 ], [ -97.551813599539301, 20.205347820275563 ], [ -97.545989890194292, 20.207949029645441 ], [ -97.543756509615022, 20.205138799988671 ], [ -97.536963170378399, 20.205156109912974 ], [ -97.540948490158755, 20.215766090093688 ], [ -97.527331400320421, 20.220104350274898 ], [ -97.526465030215491, 20.228985939965714 ], [ -97.517403020346066, 20.231876170350031 ], [ -97.519357830365493, 20.237127059572643 ], [ -97.51665071958034, 20.241692719603478 ], [ -97.486182000100982, 20.245230430433494 ], [ -97.487268140199447, 20.24987675022086 ], [ -97.482815020063953, 20.259165279743929 ], [ -97.496448540344446, 20.261447819957692 ], [ -97.504630779855944, 20.267544140353301 ], [ -97.519008909594319, 20.264217149993573 ], [ -97.530913630415199, 20.265357519760464 ], [ -97.542717419684067, 20.2735038803878 ], [ -97.546273800340913, 20.268974620283061 ], [ -97.552923860101515, 20.271418230199838 ], [ -97.559707030072587, 20.267271690152885 ], [ -97.569035910269122, 20.27217074997775 ], [ -97.576809710297496, 20.27056825982762 ], [ -97.588144420319765, 20.26225434002253 ], [ -97.605332169910213, 20.262942679965771 ], [ -97.605620659565034, 20.271390860324075 ], [ -97.608884830015825, 20.274613910034113 ], [ -97.603198379764763, 20.275728710058747 ], [ -97.602231019565892, 20.281456780195725 ], [ -97.582625619529722, 20.282433830260526 ], [ -97.589109550145736, 20.298450909961982 ], [ -97.598753089900072, 20.301104970229559 ], [ -97.604788510040095, 20.31336138020194 ], [ -97.600795120124644, 20.320434799876388 ], [ -97.584961919684503, 20.317541110203194 ], [ -97.579985480082186, 20.323458370366446 ], [ -97.578093999850381, 20.33223750974642 ], [ -97.584098569677565, 20.338389000189313 ], [ -97.58269252020915, 20.34701548012384 ], [ -97.574494179522063, 20.349894220107405 ], [ -97.568419540181793, 20.357071349862121 ], [ -97.548390579780843, 20.356607309780259 ], [ -97.545811029632333, 20.361955710261114 ], [ -97.535279419744654, 20.361223740034958 ], [ -97.53279316989881, 20.36606434023869 ], [ -97.526126230042564, 20.365475229926833 ] ] ] } },
{ "type": "Feature", "properties": { "code": "30067", "stateCode": "30", "municipalityCode": "067", "name": "Filomeno Mata" }, "geometry": { "type": "Polygon", "coordinates": [ [ [ -97.679719520254309, 20.262657430020298 ], [ -97.679516349849735, 20.253073060005711 ], [ -97.676549060356948, 20.250695650437031 ], [ -97.678625939606491, 20.247643399897743 ], [ -97.670839080223331, 20.239981399908459 ], [ -97.688745580237509, 20.228454399556682 ], [ -97.693021149591843, 20.228824629885143 ], [ -97.700835820266192, 20.21929594018572 ], [ -97.696684829947401, 20.20895828045029 ], [ -97.689868169856936, 20.208464310409671 ], [ -97.685957169543713, 20.203706569551095 ], [ -97.684699750457028, 20.192344539983679 ], [ -97.667813800144998, 20.181703000231586 ], [ -97.659111969555582, 20.180431399806757 ], [ -97.651846139729571, 20.185440309668714 ], [ -97.644853949569438, 20.182680980022564 ], [ -97.641295859647443, 20.187026379631174 ], [ -97.634454260454021, 20.188163940375325 ], [ -97.635423709531082, 20.182536480305682 ], [ -97.638798649607565, 20.182421689897961 ], [ -97.63837502000348, 20.176707349933078 ], [ -97.644392918669226, 20.178006460908765 ], [ -97.645589779611853, 20.16869579975209 ], [ -97.652440770138554, 20.163566149637703 ], [ -97.657146179666213, 20.168631310369474 ], [ -97.663318549971521, 20.16950731984991 ], [ -97.686830919746384, 20.165809369980497 ], [ -97.693024600125909, 20.169379520311708 ], [ -97.698718379573322, 20.182378420354187 ], [ -97.707561919760636, 20.181580999995056 ], [ -97.720506150051037, 20.189197279710033 ], [ -97.724872979874263, 20.189009720433198 ], [ -97.725041850460002, 20.183161309926387 ], [ -97.731461199845185, 20.181348449674893 ], [ -97.736217199574398, 20.189914449766182 ], [ -97.741459630198918, 20.192220970189506 ], [ -97.738596660401868, 20.2020989095952 ], [ -97.73070089009687, 20.205199820179736 ], [ -97.732953509648624, 20.227505579895265 ], [ -97.737302249798219, 20.228163949776391 ], [ -97.73456626026838, 20.23454767990329 ], [ -97.736512370155324, 20.24407507985438 ], [ -97.726065630179519, 20.246300319748862 ], [ -97.705178219614183, 20.227454490334033 ], [ -97.698005800423175, 20.242726749605282 ], [ -97.692552080387387, 20.24896282016228 ], [ -97.686561120009671, 20.249099109586894 ], [ -97.681975339630526, 20.257157380257819 ], [ -97.683971820138112, 20.260173180443463 ], [ -97.679719520254309, 20.262657430020298 ] ] ] } },
{ "type": "Feature", "properties": { "code": "30068", "stateCode": "30", "municipalityCode": "068", "name": "Fortín" }, "geometry": { "type": "Polygon", "coordinates": [ [ [ -97.012677259993922, 18.98871282964128 ], [ -96.989224049529781, 18.977224860191864 ], [ -97.003559259672159, 18.952876799946942 ], [ -97.000261780433377, 18.946774449727037 ], [ -96.980097488578366, 18.932230629977859 ], [ -96.955977310294983, 18.906643060132055 ], [ -96.955096139700018, 18.90179288994992 ], [ -96.959783430229777, 18.900891689735904 ], [ -96.983399399127492, 18.902773510087208 ], [ -96.981341429710241, 18.891957620433978 ], [ -96.974088459678896, 18.887736290237356 ], [ -96.980150058907768, 18.886992401188429 ], [ -96.97962902984365, 18.882645801145909 ], [ -96.981683420367659, 18.88294577974019 ], [ -96.970563320135938, 18.859534090009536 ], [ -96.973887830198066, 18.85434742043449 ], [ -96.969412420334621, 18.846818370346217 ], [ -96.970209369750165, 18.841817079607495 ], [ -96.964127480337581, 18.841158689633478 ], [ -96.963938019958846, 18.837131542838733 ], [ -96.956625250307553, 18.838317399979726 ], [ -96.957159980189005, 18.825300279570751 ], [ -96.934168220013845, 18.816520999625389 ], [ -96.928526569909948, 18.811126490006547 ], [ -96.926173050456669, 18.802217170214266 ], [ -96.947549290120151, 18.803299920352362 ], [ -96.951426169918165, 18.810539449946756 ], [ -96.96249464988415, 18.813915320315271 ], [ -96.964028369661875, 18.820459140187626 ], [ -96.980240429733129, 18.832435679822481 ], [ -96.986560019552101, 18.864283419974303 ], [ -96.995886850086208, 18.863030750444096 ], [ -96.998526539904674, 18.866779520393205 ], [ -97.003660629602408, 18.867000380033971 ], [ -97.006082490268128, 18.885955479784993 ], [ -97.012859739795985, 18.894302029676204 ], [ -97.00943251037522, 18.899816510991581 ], [ -97.013124319856885, 18.906919201165085 ], [ -97.00963030965616, 18.91498914125032 ], [ -97.021809600434864, 18.923944740302026 ], [ -97.02146536984398, 18.934314739853786 ], [ -97.025210850213696, 18.940325649884592 ], [ -97.020941219649998, 18.944039349579942 ], [ -97.026141310212822, 18.949223089862286 ], [ -97.028235680038705, 18.96067008983832 ], [ -97.032941950208624, 18.963752830116292 ], [ -97.031757569804668, 18.972279619650653 ], [ -97.018967509376495, 18.973341980380766 ], [ -97.014337180206397, 18.97862608033882 ], [ -97.012677259993922, 18.98871282964128 ] ] ] } },
{ "type": "Feature", "properties": { "code": "30070", "stateCode": "30", "municipalityCode": "070", "name": "Hidalgotitlán" }, "geometry": { "type": "Polygon", "coordinates": [ [ [ -94.632491889680196, 17.843263579600837 ], [ -94.625966800171128, 17.838628289894483 ], [ -94.625231450065925, 17.834239619676072 ], [ -94.620248580144434, 17.834412680076728 ], [ -94.62054363007681, 17.831152829899107 ], [ -94.613981629695544, 17.831454830432719 ], [ -94.61788808011606, 17.824708970389462 ], [ -94.616039540246703, 17.819954769668872 ], [ -94.618757230458471, 17.819501429731908 ], [ -94.615916860430886, 17.814992550123804 ], [ -94.614697180156995, 17.818861709795016 ], [ -94.604353060122548, 17.824496019941144 ], [ -94.599943479720707, 17.822478969713263 ], [ -94.60811561980924, 17.815254479626319 ], [ -94.60975448027142, 17.809069799847688 ], [ -94.605470550393818, 17.806975820196428 ], [ -94.577749980414652, 17.816250170173305 ], [ -94.563769379812342, 17.810434150371456 ], [ -94.567700290049416, 17.805208430451529 ], [ -94.571826519766631, 17.807637480345537 ], [ -94.576074030113332, 17.804030780035795 ], [ -94.587462309969041, 17.785229309586331 ], [ -94.597344799718158, 17.782278909616668 ], [ -94.598980430266366, 17.769391579599489 ], [ -94.605184600033141, 17.76898267970191 ], [ -94.603525999688443, 17.766908910075699 ], [ -94.608855749645926, 17.75427434961399 ], [ -94.603692719832353, 17.752078799539841 ], [ -94.598895079822128, 17.742786289907517 ], [ -94.602332280411886, 17.727332939841958 ], [ -94.599225860146518, 17.72962090983809 ], [ -94.597633819874758, 17.725821449561415 ], [ -94.595107379990878, 17.730013599797221 ], [ -94.593914799769252, 17.726053339890449 ], [ -94.591911769852672, 17.731371850034993 ], [ -94.587443630196333, 17.722821769878998 ], [ -94.582245079683872, 17.722447429586857 ], [ -94.585202570035449, 17.721533060166117 ], [ -94.581917489606766, 17.719240310038646 ], [ -94.584149340243314, 17.717612459578568 ], [ -94.579544710055728, 17.716957290282206 ], [ -94.58263243038283, 17.715842050216835 ], [ -94.582166319831629, 17.712250369546741 ], [ -94.590400250202904, 17.711140980188993 ], [ -94.577519200141879, 17.64739154027983 ], [ -94.570754950365938, 17.64594449018054 ], [ -94.561020059924488, 17.655394140225216 ], [ -94.556297509776016, 17.655393940041979 ], [ -94.557072220313742, 17.648935920406903 ], [ -94.553465090163087, 17.641894219822749 ], [ -94.53941857970068, 17.646959890271393 ], [ -94.542570569882955, 17.652617230342646 ], [ -94.541839629969843, 17.653464140406165 ], [ -94.540415279592395, 17.651077419665349 ], [ -94.535382799920484, 17.653374430416712 ], [ -94.524393579837565, 17.648491480200413 ], [ -94.527972660188126, 17.64504311016745 ], [ -94.526157339569806, 17.643154119661229 ], [ -94.520893349532898, 17.645013740188823 ], [ -94.517189859552772, 17.641122340388147 ], [ -94.510620380128501, 17.646721739555492 ], [ -94.513411310030847, 17.649682980380142 ], [ -94.51067701953265, 17.653757630043614 ], [ -94.507496520469786, 17.648439909694154 ], [ -94.50185219972856, 17.646354969665957 ], [ -94.506928419630299, 17.642537399652042 ], [ -94.499290370229573, 17.64423982009432 ], [ -94.502955199884198, 17.638534510255056 ], [ -94.497310520025124, 17.642037949552531 ], [ -94.498744800183871, 17.648450910137132 ], [ -94.492527109814645, 17.644443399795048 ], [ -94.493164820106443, 17.648487910141629 ], [ -94.487010690201458, 17.653362950411683 ], [ -94.48412493961014, 17.651120950336445 ], [ -94.486474980014179, 17.649093980230006 ], [ -94.482923819686633, 17.64764711038498 ], [ -94.487483600384124, 17.645951770410907 ], [ -94.482875909779537, 17.641615150110042 ], [ -94.480052820170727, 17.641617199809893 ], [ -94.482085200442114, 17.643510970259705 ], [ -94.479742919942396, 17.645169139623608 ], [ -94.47794428000698, 17.642821340020184 ], [ -94.467865850280532, 17.643934399573464 ], [ -94.474161570077896, 17.637547739900274 ], [ -94.465967889956218, 17.640010120209759 ], [ -94.466177520229806, 17.632063400381771 ], [ -94.46082355022132, 17.626593109854454 ], [ -94.445278000002432, 17.625185309761314 ], [ -94.449381619742425, 17.621134649842741 ], [ -94.446525780027955, 17.619139249658474 ], [ -94.439800309561321, 17.622466540263439 ], [ -94.442854170241205, 17.618731570434292 ], [ -94.439165519963595, 17.618666799901415 ], [ -94.439332290178939, 17.611915320158918 ], [ -94.443216579863019, 17.611341449972663 ], [ -94.435531250145942, 17.608036200168339 ], [ -94.438867290014358, 17.606215799768137 ], [ -94.436089379666441, 17.602001259778099 ], [ -94.439726060306612, 17.599689290120239 ], [ -94.443491279808455, 17.602235110028708 ], [ -94.441902459812809, 17.597532220309404 ], [ -94.438005090185314, 17.597626520252664 ], [ -94.440496030124237, 17.593779859973328 ], [ -94.435626569928459, 17.591228679980627 ], [ -94.443133339945874, 17.583035120090443 ], [ -94.441983450151881, 17.580682889568429 ], [ -94.444021080012575, 17.584466350241307 ], [ -94.446664029741243, 17.581968150112711 ], [ -94.443884140156271, 17.579239519819694 ], [ -94.449362539613261, 17.581787259638986 ], [ -94.453095029586635, 17.567681660048986 ], [ -94.458377089900779, 17.568315019671733 ], [ -94.457373140147652, 17.564519680420169 ], [ -94.464293290123891, 17.567164079857754 ], [ -94.463230800473028, 17.560309339760742 ], [ -94.468244450249472, 17.560368519649067 ], [ -94.469210459579372, 17.554001540330294 ], [ -94.474099150262617, 17.554233200245456 ], [ -94.470412659585648, 17.551244849930619 ], [ -94.47803860010697, 17.550457459907292 ], [ -94.473135540077223, 17.546771920063446 ], [ -94.477211619578682, 17.543268659831089 ], [ -94.475133720456469, 17.541196489981655 ], [ -94.47284909028788, 17.543650800226008 ], [ -94.473670460391361, 17.538521259776946 ], [ -94.467766630175717, 17.535979199959932 ], [ -94.4727716604216, 17.536162880300427 ], [ -94.472752520191079, 17.527534780006846 ], [ -94.476866400257862, 17.528458479911379 ], [ -94.47472436957915, 17.525408969606644 ], [ -94.478207140436552, 17.523266200169296 ], [ -94.47574017018708, 17.520965849623451 ], [ -94.469548230237748, 17.522464539669251 ], [ -94.468034679921601, 17.515965369546958 ], [ -94.47286480034785, 17.508786629960799 ], [ -94.466578480391718, 17.506601970182572 ], [ -94.47128726010537, 17.503701510295635 ], [ -94.468051920066031, 17.501665799925277 ], [ -94.47010755041255, 17.497778629908819 ], [ -94.466735599826407, 17.498179540195146 ], [ -94.468087750416601, 17.495185370164613 ], [ -94.463704200128873, 17.489727050090476 ], [ -94.465514489883859, 17.487754030055669 ], [ -94.459434029900876, 17.488106910253506 ], [ -94.460215250227805, 17.491605750012656 ], [ -94.456614029571213, 17.491799830281671 ], [ -94.454532599610189, 17.48903671041354 ], [ -94.458652539753828, 17.481604310194989 ], [ -94.452457710294908, 17.479453090314443 ], [ -94.448849489669442, 17.481757050058924 ], [ -94.445250290277755, 17.477616779646048 ], [ -94.442652569709267, 17.480273050062856 ], [ -94.440305750413188, 17.475207769934979 ], [ -94.445951780120751, 17.47536936975203 ], [ -94.445320780226254, 17.471220089623902 ], [ -94.442893059863067, 17.467670400125261 ], [ -94.440085660291714, 17.468835940275099 ], [ -94.439614660255316, 17.465325890294618 ], [ -94.434677230315401, 17.467191180351605 ], [ -94.436438820443485, 17.461139740290108 ], [ -94.432635980295714, 17.460683260357083 ], [ -94.434629949794243, 17.458054200000429 ], [ -94.43136988975202, 17.455116580280784 ], [ -94.431944443732732, 17.451944444464473 ], [ -94.519991448662324, 17.46245639716641 ], [ -94.52276804120244, 17.460191997546207 ], [ -94.55089722170564, 17.464030277802227 ], [ -94.569730555749274, 17.473221110846566 ], [ -94.570050554756023, 17.447788611900148 ], [ -94.585292221146275, 17.448058889497396 ], [ -94.596357777611004, 17.401468610782132 ], [ -94.601111109936113, 17.361388888688253 ], [ -94.610277776856009, 17.363888889487775 ], [ -94.608055555993559, 17.370277778587258 ], [ -94.630277778035719, 17.379444444473478 ], [ -94.636666665600302, 17.378333332839244 ], [ -94.639166666290592, 17.320000000365741 ], [ -94.64808167906935, 17.322669377038562 ], [ -94.649306623245963, 17.328557450632999 ], [ -94.656323200408153, 17.331671350465751 ], [ -94.65516888984601, 17.336054519593322 ], [ -94.660062910366364, 17.34026705046832 ], [ -94.65818868021627, 17.342416429667072 ], [ -94.662000049655262, 17.349940000079581 ], [ -94.660965629761051, 17.356614289897298 ], [ -94.664411949711763, 17.363267969996379 ], [ -94.66926421961827, 17.365292920404073 ], [ -94.655638119643612, 17.364837250211696 ], [ -94.647810949807877, 17.357041969650137 ], [ -94.645534779616085, 17.360343379749988 ], [ -94.648703680326477, 17.368462519880197 ], [ -94.657693320256342, 17.375172799811121 ], [ -94.651984180206355, 17.379840490263724 ], [ -94.664112249877974, 17.382957109902637 ], [ -94.671324600151493, 17.379628710363875 ], [ -94.674093910233651, 17.383780290011025 ], [ -94.676751419603704, 17.378065599648949 ], [ -94.680591169685272, 17.381262319664536 ], [ -94.682881310411418, 17.378069379798799 ], [ -94.689746079822768, 17.382150909761855 ], [ -94.68662891019595, 17.389199880046196 ], [ -94.692724200425701, 17.393146150337994 ], [ -94.689426780186281, 17.385827680289594 ], [ -94.694637490385219, 17.383417179668868 ], [ -94.696432080423961, 17.385898650309578 ], [ -94.702604710168529, 17.385191889795724 ], [ -94.702815720189719, 17.379262230154293 ], [ -94.698529860192494, 17.376080030412449 ], [ -94.708817279764546, 17.371694460205489 ], [ -94.712009320008676, 17.376805650178412 ], [ -94.71683191980803, 17.364968540294566 ], [ -94.723379680289199, 17.367941050234993 ], [ -94.717550550048813, 17.370492220061045 ], [ -94.720043120146016, 17.37514084979399 ], [ -94.732842579526235, 17.374527550087322 ], [ -94.735285179990669, 17.378005120415985 ], [ -94.73038760006898, 17.384784660370528 ], [ -94.730423629851586, 17.391990420207975 ], [ -94.71809885044452, 17.394267749977747 ], [ -94.718622019901076, 17.404490750001877 ], [ -94.714884629801631, 17.40788878017031 ], [ -94.718783769555728, 17.410114179608474 ], [ -94.713286940339202, 17.41387296990187 ], [ -94.718745379857964, 17.424563909714045 ], [ -94.728481519675043, 17.428090660278105 ], [ -94.74008645010322, 17.424127940398087 ], [ -94.749761399784276, 17.439098999628239 ], [ -94.754898650396328, 17.439818850158879 ], [ -94.755713370287282, 17.442457340180837 ], [ -94.750547880073896, 17.441749310208351 ], [ -94.750756120271518, 17.446600780278519 ], [ -94.744028820033975, 17.451987179563027 ], [ -94.745838889746523, 17.454663979978807 ], [ -94.74373332013927, 17.455671379717163 ], [ -94.749703280049587, 17.462299290445216 ], [ -94.756472780231803, 17.461436540069027 ], [ -94.761341229862424, 17.466388950318848 ], [ -94.763014780290661, 17.462040369591236 ], [ -94.764221829993332, 17.46763659962399 ], [ -94.769622050163591, 17.468003890315462 ], [ -94.768061110286553, 17.461863600127739 ], [ -94.770806940324519, 17.458983140391446 ], [ -94.779294999533747, 17.459797510299627 ], [ -94.786376939573273, 17.447123859996132 ], [ -94.79362148029648, 17.441719569818215 ], [ -94.803559679606224, 17.439891539827165 ], [ -94.805629569746756, 17.431230830207333 ], [ -94.809930200103253, 17.429888059584535 ], [ -94.820432219951101, 17.439120480041002 ], [ -94.826280620465042, 17.438628909725299 ], [ -94.827695319715062, 17.434624319965074 ], [ -94.833478599704634, 17.43942208042612 ], [ -94.830967170039216, 17.443990079808376 ], [ -94.832663059533658, 17.447819319966722 ], [ -94.848657430326497, 17.459432680140296 ], [ -94.852665579551001, 17.469074400167628 ], [ -94.849289859806319, 17.491573090126145 ], [ -94.835193570267037, 17.502445449943945 ], [ -94.825618049757082, 17.502370480033488 ], [ -94.812503770481271, 17.486221109789632 ], [ -94.794620740347199, 17.478798180398304 ], [ -94.780539459988148, 17.481397169987392 ], [ -94.76530327952895, 17.498658490144589 ], [ -94.75946528008663, 17.496738399700693 ], [ -94.756706140278936, 17.485222480116114 ], [ -94.752685539613921, 17.483835170372046 ], [ -94.733183370044316, 17.496613060292791 ], [ -94.722506450426124, 17.507865170147735 ], [ -94.71033866041509, 17.530547380180074 ], [ -94.710340569929684, 17.538413550059623 ], [ -94.720964399886086, 17.551224029584493 ], [ -94.752178550395428, 17.569594140163364 ], [ -94.760796280413544, 17.583030279870499 ], [ -94.760456200414225, 17.591418279847296 ], [ -94.756152429676206, 17.596798850401274 ], [ -94.731380490024421, 17.603252079898727 ], [ -94.727110550435654, 17.607628919814939 ], [ -94.729522080155775, 17.614854090234804 ], [ -94.749624909584753, 17.630066949878994 ], [ -94.750652660061149, 17.636963230106812 ], [ -94.743076349521147, 17.647887650151251 ], [ -94.714286509749456, 17.660100090086612 ], [ -94.722364199656553, 17.663262710396225 ], [ -94.725239920169372, 17.670129919970702 ], [ -94.717693979756618, 17.688079680234392 ], [ -94.698918089581653, 17.705533620004413 ], [ -94.699764090213947, 17.711712600411989 ], [ -94.70696339973874, 17.721338449909169 ], [ -94.705181539593553, 17.726259629622852 ], [ -94.697939549930283, 17.727442539552527 ], [ -94.686092219941017, 17.716949580362542 ], [ -94.684557860365601, 17.710929939710091 ], [ -94.690914399894737, 17.70323498004608 ], [ -94.690473260278353, 17.699180379734919 ], [ -94.684178999869147, 17.69714323022064 ], [ -94.678347089760663, 17.700921369753779 ], [ -94.675901770105696, 17.709581350039979 ], [ -94.67707736994484, 17.727835149932321 ], [ -94.685328719925508, 17.739983020421604 ], [ -94.674994020052026, 17.746750430056768 ], [ -94.670694739854952, 17.757150379859606 ], [ -94.664403479940603, 17.763118220111327 ], [ -94.673538449667134, 17.76183423014843 ], [ -94.677552309921694, 17.764207849549297 ], [ -94.672144220339234, 17.769160649941284 ], [ -94.645458579979163, 17.776718379984253 ], [ -94.651609820009142, 17.792659969657048 ], [ -94.647409220379203, 17.813597310275515 ], [ -94.639811199616631, 17.817806119915382 ], [ -94.630761450199572, 17.815985220227731 ], [ -94.626159229966376, 17.819960629846264 ], [ -94.628245430231971, 17.830128289593535 ], [ -94.635006030311558, 17.838400370345305 ], [ -94.632491889680196, 17.843263579600837 ] ] ] } },
{ "type": "Feature", "properties": { "code": "30072", "stateCode": "30", "municipalityCode": "072", "name": "Huayacocotla" }, "geometry": { "type": "Polygon", "coordinates": [ [ [ -98.427717890386546, 20.715645319953648 ], [ -98.402647229590528, 20.707604139689341 ], [ -98.388224249863086, 20.69548035024793 ], [ -98.381935110315553, 20.698374889938549 ], [ -98.381334400393825, 20.693977859696602 ], [ -98.367398539705661, 20.686619060049331 ], [ -98.342017199555357, 20.688751179704553 ], [ -98.335946079675026, 20.684992740054248 ], [ -98.354911950375396, 20.667932089666355 ], [ -98.338876750358523, 20.648843060181708 ], [ -98.350104289845788, 20.645890089550811 ], [ -98.364739830444478, 20.646891749700973 ], [ -98.365168050310629, 20.641475750350086 ], [ -98.370017349537818, 20.638512229983377 ], [ -98.369328349860638, 20.633744979832841 ], [ -98.376208260432733, 20.625191000401909 ], [ -98.377806459617076, 20.615833400155111 ], [ -98.393584109731705, 20.604770889683756 ], [ -98.404100819865619, 20.603650179643161 ], [ -98.399084710074305, 20.585752939970273 ], [ -98.400698079765547, 20.581383149719436 ], [ -98.397013380465026, 20.578968909678622 ], [ -98.400799380392797, 20.573459849570188 ], [ -98.397929420090378, 20.571617829575594 ], [ -98.406814059625233, 20.563434149880269 ], [ -98.412587090358244, 20.562654400369951 ], [ -98.40728062992676, 20.558875860388163 ], [ -98.405205150277339, 20.544462259799324 ], [ -98.398645940378131, 20.541722120299671 ], [ -98.405030680029341, 20.532952750165911 ], [ -98.414885970296751, 20.533023319676854 ], [ -98.413911980279266, 20.538090649886829 ], [ -98.424104000302179, 20.535868380105196 ], [ -98.424696750074617, 20.523794569579369 ], [ -98.429860179935886, 20.523672769804964 ], [ -98.431598400021016, 20.517183060134041 ], [ -98.419082120170827, 20.501270420159646 ], [ -98.417562890450768, 20.495040020011004 ], [ -98.407865260079419, 20.488810400087448 ], [ -98.403791820159284, 20.482242429697855 ], [ -98.405784979954106, 20.475190890067982 ], [ -98.411486059808439, 20.476155290276697 ], [ -98.411624749606844, 20.461966309887575 ], [ -98.415615750153762, 20.455159779591291 ], [ -98.419550939541494, 20.454529850007734 ], [ -98.425722949928044, 20.444814029990617 ], [ -98.429658519708639, 20.444314200258663 ], [ -98.446705800425775, 20.425107859932741 ], [ -98.437874719795161, 20.423139479786041 ], [ -98.444904079795862, 20.416767309790497 ], [ -98.444568490218742, 20.399826229855531 ], [ -98.433851919812923, 20.39791128023997 ], [ -98.434205279675709, 20.399989919708712 ], [ -98.413962909750865, 20.407987679810965 ], [ -98.411505629870405, 20.399854599943474 ], [ -98.399165079846526, 20.410358120040183 ], [ -98.386212720126778, 20.402667849620403 ], [ -98.418294140354647, 20.380048690486742 ], [ -98.460389149719433, 20.331449619966499 ], [ -98.471097659920432, 20.335947150324628 ], [ -98.486675829969911, 20.33478804906138 ], [ -98.496494399874393, 20.338691740403412 ], [ -98.505592848723495, 20.335406030940881 ], [ -98.511244940025165, 20.339327459590518 ], [ -98.517401079579628, 20.336851680179347 ], [ -98.52285225003007, 20.34261852008283 ], [ -98.534264569857115, 20.346221169746617 ], [ -98.540354290205386, 20.35808572033562 ], [ -98.542993549603153, 20.35624254974195 ], [ -98.548966659958722, 20.360286119934234 ], [ -98.543064800397957, 20.375560340339355 ], [ -98.545969779902663, 20.376789149640945 ], [ -98.54521172029429, 20.388198740305352 ], [ -98.548439979663158, 20.390247859860427 ], [ -98.544389080293826, 20.392342600345533 ], [ -98.550179170149065, 20.39570510988607 ], [ -98.548242770308306, 20.402494660361917 ], [ -98.552429019864462, 20.431888510287219 ], [ -98.549689140349813, 20.435359170247619 ], [ -98.554370340027972, 20.438504250342515 ], [ -98.556103320081988, 20.449621020138423 ], [ -98.578732550246741, 20.47323716963259 ], [ -98.576617429732721, 20.476075550226451 ], [ -98.593960740016612, 20.489599029951325 ], [ -98.597285689972807, 20.495770860244118 ], [ -98.582395580346898, 20.505489490109174 ], [ -98.576665580315037, 20.504289079996354 ], [ -98.571119170119516, 20.509042689841138 ], [ -98.557606229748188, 20.509364770110803 ], [ -98.554614090029872, 20.518705949846048 ], [ -98.545639709863877, 20.521038220160452 ], [ -98.534665170058503, 20.53065817957739 ], [ -98.524492339634008, 20.548362230052678 ], [ -98.522978650467067, 20.581812600288661 ], [ -98.512248020130755, 20.594224349678502 ], [ -98.502920940058914, 20.595870019932502 ], [ -98.4963030604045, 20.58949597028743 ], [ -98.480180460112976, 20.588998890223117 ], [ -98.480122079651892, 20.60329590970915 ], [ -98.489504080461003, 20.619656739637094 ], [ -98.494846719914165, 20.644340510039083 ], [ -98.487028230324171, 20.650052350336718 ], [ -98.48601378042018, 20.654396719848329 ], [ -98.463274999955203, 20.667841349557651 ], [ -98.463978600046033, 20.674127539568165 ], [ -98.460402819935865, 20.676830689614757 ], [ -98.458542969565841, 20.68537243001937 ], [ -98.459883399997963, 20.696203350083113 ], [ -98.449216369696629, 20.700895719583116 ], [ -98.445903650058867, 20.694336710448631 ], [ -98.443349890180826, 20.709880969679055 ], [ -98.439270520091668, 20.708857450015554 ], [ -98.427717890386546, 20.715645319953648 ] ] ] } },
{ "type": "Feature", "properties": { "code": "30073", "stateCode": "30", "municipalityCode": "073", "name": "Hueyapan de Ocampo" }, "geometry": { "type": "Polygon", "coordinates": [ [ [ -94.996717060233365, 18.327372279853396 ], [ -94.993997830093619, 18.317810369567017 ], [ -94.98722086022164, 18.311562970366893 ], [ -94.989476799741368, 18.308444170073845 ], [ -95.001910949584754, 18.306376979748045 ], [ -95.001169489833174, 18.29839366004466 ], [ -94.995650780056494, 18.298484780118333 ], [ -94.997474449595742, 18.285608379587913 ], [ -94.991980460114092, 18.284152479659088 ], [ -94.995832819617178, 18.273534829816601 ], [ -94.995336879790628, 18.263589650173106 ], [ -94.998964450174327, 18.261180170066424 ], [ -94.993871490347416, 18.258964619770865 ], [ -94.994429630143756, 18.263592570321137 ], [ -94.980563080428198, 18.273804479662147 ], [ -94.981706140357531, 18.267328369761074 ], [ -94.985410000456611, 18.267167459737141 ], [ -94.988093749669773, 18.254387890304017 ], [ -94.985470579682669, 18.253142429985182 ], [ -94.986700919843003, 18.245506940388825 ], [ -94.98051884984578, 18.246758819912721 ], [ -94.981867049674776, 18.231994250398945 ], [ -94.976314799785186, 18.225726859795344 ], [ -94.967508980263531, 18.232845449560703 ], [ -94.959503420136812, 18.232163419698207 ], [ -94.962672199659693, 18.226675969540356 ], [ -94.964868770331535, 18.204050969899257 ], [ -94.961521539897603, 18.204464219767203 ], [ -94.964106179686453, 18.20268913991212 ], [ -94.963898170394557, 18.195713169790622 ], [ -94.958176749977227, 18.19394696993524 ], [ -94.960022219634979, 18.186735150271506 ], [ -94.965266000253123, 18.182090649689737 ], [ -94.963365569640473, 18.176319599750393 ], [ -94.967390179652085, 18.174227720281209 ], [ -94.964294230073335, 18.172716349698785 ], [ -94.96739685979189, 18.168254169841052 ], [ -94.964738450292614, 18.168888090156276 ], [ -94.961658780325976, 18.160715450329647 ], [ -94.965957479992184, 18.149546339789371 ], [ -94.976316999931058, 18.145295579636286 ], [ -94.979882079867068, 18.142089889892279 ], [ -94.979475420445041, 18.136858200206927 ], [ -94.987826030078651, 18.133971020304021 ], [ -94.991891280380941, 18.127402829641703 ], [ -94.998477379534279, 18.12859913998583 ], [ -94.996303089716818, 18.131077539561449 ], [ -94.997831260048628, 18.138481480271999 ], [ -94.993312679690121, 18.14336049031284 ], [ -94.995945109737121, 18.147859460031079 ], [ -95.003095229968167, 18.146673909937071 ], [ -95.000871950332524, 18.14109537986884 ], [ -95.00402293997449, 18.144263920017352 ], [ -95.002442800330186, 18.125868059602869 ], [ -95.00649984975604, 18.125675119963866 ], [ -95.007016339931425, 18.136229630062211 ], [ -95.012579429990595, 18.135953080335057 ], [ -95.011387259941429, 18.138027949869571 ], [ -95.017050110398017, 18.140984250253716 ], [ -95.016603170326874, 18.136671229564499 ], [ -95.02042031026339, 18.136156880034466 ], [ -95.020618909534306, 18.121584600372639 ], [ -95.033769170385867, 18.121963449796578 ], [ -95.033099510024471, 18.117546150254043 ], [ -95.037511289751933, 18.11774328983271 ], [ -95.044478020247624, 18.111013420394709 ], [ -95.050286199556353, 18.118135379789205 ], [ -95.050421799881562, 18.125670290185628 ], [ -95.059758059572431, 18.128734679755102 ], [ -95.059575140064226, 18.132509020430518 ], [ -95.066215089718682, 18.132471800134415 ], [ -95.056552339647382, 18.139945030175912 ], [ -95.062145109544772, 18.143309909871615 ], [ -95.073724320378759, 18.135406600373862 ], [ -95.086861490086108, 18.142403260128454 ], [ -95.102765880118113, 18.127616049953559 ], [ -95.120453139693524, 18.133381579960975 ], [ -95.122674369722262, 18.128786000158573 ], [ -95.128730519721842, 18.128674779684921 ], [ -95.128650280191039, 18.122255799743975 ], [ -95.134983179579265, 18.115284200047771 ], [ -95.137423689727342, 18.116332119562561 ], [ -95.138826630242747, 18.108647799899952 ], [ -95.141080379672047, 18.10970051036945 ], [ -95.141444679757569, 18.105805830262973 ], [ -95.146302059758028, 18.104406139632204 ], [ -95.159661830327636, 18.08914743013608 ], [ -95.155486829695562, 18.085213430109381 ], [ -95.159946599753837, 18.07669843043508 ], [ -95.167905550115009, 18.079206770312048 ], [ -95.173145690136025, 18.074403080325744 ], [ -95.182770629799776, 18.07437919991246 ], [ -95.185899029796275, 18.062159020268144 ], [ -95.192528000252622, 18.068522079906884 ], [ -95.192097940000693, 18.076450680321749 ], [ -95.20110137014322, 18.077903970122897 ], [ -95.205967019865398, 18.086879489560179 ], [ -95.226606540176377, 18.098361509649234 ], [ -95.22374758027226, 18.104389370249052 ], [ -95.226894090349873, 18.113444889706894 ], [ -95.243371660423591, 18.10874794993909 ], [ -95.252071320425827, 18.123160799670288 ], [ -95.255258219755504, 18.12147534995772 ], [ -95.258778139717336, 18.124239769568568 ], [ -95.263788860284237, 18.122259769896253 ], [ -95.271051750213672, 18.112613080008117 ], [ -95.276353260252606, 18.111958539695927 ], [ -95.283874779588061, 18.117182850410998 ], [ -95.274058179793698, 18.126856909674942 ], [ -95.308809379785799, 18.12456083017717 ], [ -95.309505429749663, 18.134227199684446 ], [ -95.312991910249053, 18.138540680110172 ], [ -95.316403570161825, 18.131778690209934 ], [ -95.322653849687697, 18.130744120408 ], [ -95.325169939623308, 18.145492859806001 ], [ -95.338793550209971, 18.148408429976172 ], [ -95.333827570082747, 18.158060020176183 ], [ -95.345485220341644, 18.154641020084878 ], [ -95.353692049858779, 18.160984920225534 ], [ -95.357500800061629, 18.170084480411678 ], [ -95.367762400086519, 18.169076999619907 ], [ -95.37480754996578, 18.17671989042606 ], [ -95.38070862996986, 18.165882719815372 ], [ -95.390760519690176, 18.182130290168104 ], [ -95.386735770358541, 18.191375830036531 ], [ -95.393579890277138, 18.190199110291214 ], [ -95.402828719655346, 18.182758089767304 ], [ -95.405054680084291, 18.186655220135357 ], [ -95.402745720084013, 18.195629309891483 ], [ -95.408496780019647, 18.19350612012455 ], [ -95.412385230118574, 18.197443770287521 ], [ -95.403979149821055, 18.207529259792942 ], [ -95.405966060078484, 18.212233420103939 ], [ -95.402111579589672, 18.215087449639441 ], [ -95.394006740193788, 18.211664709845884 ], [ -95.388083799574403, 18.213474179616732 ], [ -95.388917949725595, 18.219181910280252 ], [ -95.385821509977205, 18.215344220300683 ], [ -95.385314480263361, 18.217660280205916 ], [ -95.388085939738517, 18.222397020047183 ], [ -95.384106179698037, 18.223248050101894 ], [ -95.381555319641848, 18.22026806005579 ], [ -95.381717890418884, 18.226433139855882 ], [ -95.377542290401763, 18.2227985799362 ], [ -95.367584829880158, 18.231339400433345 ], [ -95.360149829704454, 18.230447420231172 ], [ -95.361084030298755, 18.223089570076869 ], [ -95.358626620075611, 18.223156549665063 ], [ -95.358458629742003, 18.227988579763021 ], [ -95.353651950127485, 18.230586510017059 ], [ -95.358087090026686, 18.237173820304506 ], [ -95.351311400453142, 18.24064457984748 ], [ -95.341749620418611, 18.235024600182875 ], [ -95.33770257993595, 18.238018490316062 ], [ -95.334380579757621, 18.232815520095755 ], [ -95.330546890342532, 18.233341280246965 ], [ -95.330608460367003, 18.238648820266331 ], [ -95.320748230302087, 18.235531709964313 ], [ -95.318983319874931, 18.228814719835555 ], [ -95.31802890994733, 18.231169550188454 ], [ -95.314416769698227, 18.230123350121897 ], [ -95.322084169804228, 18.221351539821935 ], [ -95.31974236981182, 18.219169170138738 ], [ -95.311962619694327, 18.215547340317265 ], [ -95.305457749581151, 18.220431000064671 ], [ -95.306038510195918, 18.215221320259605 ], [ -95.30232085989654, 18.217932290062425 ], [ -95.292595419897793, 18.210983450012517 ], [ -95.293424620168636, 18.212865680095621 ], [ -95.282473020282993, 18.217108940190496 ], [ -95.294347619850186, 18.247728549744078 ], [ -95.285380420199417, 18.243262000299907 ], [ -95.263011319967447, 18.242620079912619 ], [ -95.261543550431938, 18.237734910213874 ], [ -95.250713050354094, 18.238193369717454 ], [ -95.25042546012132, 18.232233920138007 ], [ -95.239723999995846, 18.232829060082206 ], [ -95.238393919626702, 18.226626659846982 ], [ -95.231171110173889, 18.228375220150934 ], [ -95.230853889837391, 18.23563477971976 ], [ -95.223745550233716, 18.236667289570072 ], [ -95.223226399954683, 18.239409429969438 ], [ -95.218494340436877, 18.236622220057971 ], [ -95.21533282039394, 18.238200460091587 ], [ -95.207319819779201, 18.251701479627958 ], [ -95.218984020204132, 18.250924579729993 ], [ -95.218281580116056, 18.253057679722993 ], [ -95.233589429730898, 18.257194489958906 ], [ -95.237024600191148, 18.263361370313735 ], [ -95.245006450403352, 18.263545320408735 ], [ -95.246279659667152, 18.269379139785471 ], [ -95.243061800359925, 18.276934370095496 ], [ -95.235523319951085, 18.281662450016352 ], [ -95.237034169909492, 18.276008829927889 ], [ -95.230384649829048, 18.276641399823394 ], [ -95.224911830028773, 18.262730690352249 ], [ -95.220982170403502, 18.262083429803653 ], [ -95.224482349791984, 18.261690739615357 ], [ -95.22288317990693, 18.258610719547299 ], [ -95.204881399574774, 18.256373629571719 ], [ -95.19903297002918, 18.262397139765294 ], [ -95.18814950977999, 18.285501949634472 ], [ -95.190987850211755, 18.286589060238803 ], [ -95.190000249777938, 18.294219429739918 ], [ -95.183048089629452, 18.29641397984312 ], [ -95.183143620161033, 18.300556919912172 ], [ -95.175705080149726, 18.297871579650607 ], [ -95.175706179650547, 18.301185180349826 ], [ -95.172940550274404, 18.302135949806623 ], [ -95.169507110370319, 18.298148289943818 ], [ -95.161276050211669, 18.304040540255752 ], [ -95.156072599805441, 18.301749539769993 ], [ -95.157495369554852, 18.298161279977272 ], [ -95.154408460329876, 18.30314545001006 ], [ -95.14941845011478, 18.300091019718359 ], [ -95.146057849861407, 18.304231449846881 ], [ -95.141550259770156, 18.296769169744223 ], [ -95.148804400158696, 18.293678619788089 ], [ -95.143564520424704, 18.289074420107763 ], [ -95.122420749600039, 18.298711819734322 ], [ -95.121807800159388, 18.305891120444947 ], [ -95.115331710470201, 18.310530459665618 ], [ -95.098078479933946, 18.303716489953466 ], [ -95.08569524971378, 18.307075310142327 ], [ -95.078131690445176, 18.315346980284463 ], [ -95.076578140070012, 18.29921282028058 ], [ -95.06763669004755, 18.299362949976068 ], [ -95.069333179609572, 18.285741420197951 ], [ -95.063190399910368, 18.276969000366897 ], [ -95.041170220275873, 18.271134689605518 ], [ -95.034298490285067, 18.276625379935471 ], [ -95.035151109580283, 18.281141939948505 ], [ -95.031812880265392, 18.280607150201138 ], [ -95.028289739634971, 18.285111980259952 ], [ -95.021037849742498, 18.284381459926287 ], [ -95.022985020076149, 18.298147540400372 ], [ -95.030326350014278, 18.299150429890819 ], [ -95.03030265988491, 18.309687520186547 ], [ -95.025580459861615, 18.309127260110831 ], [ -95.025924060002168, 18.312623320403279 ], [ -95.019941309837762, 18.311750550307149 ], [ -95.019954950368003, 18.319546089947895 ], [ -94.996717060233365, 18.327372279853396 ] ] ] } },
{ "type": "Feature", "properties": { "code": "30075", "stateCode": "30", "municipalityCode": "075", "name": "Ignacio de la Llave" }, "geometry": { "type": "Polygon", "coordinates": [ [ [ -95.948521650276248, 18.795227049780429 ], [ -95.931481380014205, 18.791958709883438 ], [ -95.930399950037867, 18.788131029757544 ], [ -95.925324549654221, 18.787911889890545 ], [ -95.911506170102314, 18.777915179990284 ], [ -95.907643569826377, 18.771695119545718 ], [ -95.907213569927563, 18.753428080430453 ], [ -95.897585020163248, 18.750919059794672 ], [ -95.883443950215693, 18.760645769820275 ], [ -95.879285120458704, 18.758173660292233 ], [ -95.876779979997536, 18.746136630285232 ], [ -95.869944999781922, 18.752838549774321 ], [ -95.865739690053459, 18.752210980114999 ], [ -95.865503139756555, 18.749037629590493 ], [ -95.871861880236665, 18.734805340359515 ], [ -95.87096031007701, 18.726813879760304 ], [ -95.880970889654904, 18.723422119569904 ], [ -95.883545739782917, 18.716379429908873 ], [ -95.885171830283753, 18.704057120334273 ], [ -95.882362219670838, 18.69821808004188 ], [ -95.886586579816424, 18.682841309670273 ], [ -95.887210769904001, 18.660050749823441 ], [ -95.89306062956598, 18.634997169705436 ], [ -95.899681139882176, 18.626324549953427 ], [ -95.893111599728087, 18.62236386021489 ], [ -95.9012885702641, 18.593621049855162 ], [ -95.897630550244401, 18.577033920055136 ], [ -95.910501569752014, 18.56529176958394 ], [ -95.937912769809955, 18.566896120415375 ], [ -95.940367629760928, 18.554959800149369 ], [ -95.949143829639539, 18.541936020437227 ], [ -95.948461549659896, 18.535420939620991 ], [ -95.959463710424842, 18.531265779998687 ], [ -95.957687399860234, 18.525053920231279 ], [ -95.96357541979701, 18.526999720111267 ], [ -95.976810740398719, 18.517658370201431 ], [ -95.985121459626015, 18.52765803031836 ], [ -95.99505514990544, 18.526907380175412 ], [ -96.011032630269426, 18.534630049560686 ], [ -96.005183319927156, 18.545698149608331 ], [ -96.0048396804346, 18.553563279622917 ], [ -96.009415350375718, 18.562695400059301 ], [ -96.014436149951464, 18.567403249959732 ], [ -96.019863220318001, 18.565743290373732 ], [ -96.027829080196696, 18.569665800116709 ], [ -96.028761459649331, 18.577028659792557 ], [ -96.034230400289786, 18.575574120258402 ], [ -96.035240429723871, 18.581642090232304 ], [ -96.038886369606843, 18.580175540286799 ], [ -96.039535770068682, 18.583419629765505 ], [ -96.035649580209366, 18.586791780336899 ], [ -96.035853950000842, 18.601018260414538 ], [ -96.031061049897374, 18.605537889640612 ], [ -96.029447550357077, 18.616045710069905 ], [ -96.033725249970502, 18.618572709657926 ], [ -96.037359619955311, 18.628458690263862 ], [ -96.042548369802006, 18.630093979594278 ], [ -96.040135219846164, 18.637290720263973 ], [ -96.04442440030887, 18.640960339818005 ], [ -96.042220540092202, 18.64544011027122 ], [ -96.05343241973867, 18.651803029823725 ], [ -96.057812879835936, 18.66063920030016 ], [ -96.047875799967301, 18.672895600281162 ], [ -96.036882169818881, 18.673132769830456 ], [ -96.036448780313151, 18.68962482980567 ], [ -96.049535249610258, 18.689470909580812 ], [ -96.04907390985619, 18.705553689653065 ], [ -96.040862030455159, 18.705478949786059 ], [ -96.039775580378446, 18.714709280167078 ], [ -96.045054849994713, 18.724503829642373 ], [ -96.042807690277286, 18.724593379750313 ], [ -96.043998579743501, 18.729427679850005 ], [ -96.03676889038563, 18.728826169852219 ], [ -96.036727890201419, 18.73844703039617 ], [ -96.019287579637748, 18.738299659700726 ], [ -96.021947149828193, 18.752391819748517 ], [ -96.028122659720566, 18.753331630155039 ], [ -96.02811070999141, 18.764147020435754 ], [ -96.018368490108827, 18.760507599768889 ], [ -96.01382482024492, 18.761826630388011 ], [ -96.00002131955705, 18.753846290359427 ], [ -95.996683110392084, 18.760317339617934 ], [ -95.995734550358264, 18.776055420254472 ], [ -95.981936180386043, 18.789842169730353 ], [ -95.976781490205383, 18.793155479643513 ], [ -95.973347150374707, 18.789450000358201 ], [ -95.948521650276248, 18.795227049780429 ] ] ] } },
{ "type": "Feature", "properties": { "code": "30112", "stateCode": "30", "municipalityCode": "112", "name": "Naolinco" }, "geometry": { "type": "Polygon", "coordinates": [ [ [ -96.909101749613484, 19.714559490126998 ], [ -96.899109079854625, 19.707768830339635 ], [ -96.903209020332113, 19.705292169840185 ], [ -96.90024810960098, 19.700999889863311 ], [ -96.896565749921791, 19.703303050290131 ], [ -96.88825845039409, 19.698500049826425 ], [ -96.886196290377299, 19.691220419634003 ], [ -96.881045909709343, 19.701761260283305 ], [ -96.877683830211495, 19.698138180308622 ], [ -96.867980179529241, 19.697250480307581 ], [ -96.861566280038048, 19.680246140434168 ], [ -96.852285050187533, 19.675425800454903 ], [ -96.853270579821867, 19.662605119573456 ], [ -96.840220579946475, 19.670887350009171 ], [ -96.830982629781928, 19.67293002996178 ], [ -96.820607629901019, 19.66437149031324 ], [ -96.816297310192226, 19.654223060060467 ], [ -96.810422110302639, 19.656589029912446 ], [ -96.801583150241342, 19.649045979958949 ], [ -96.793082229866911, 19.630241860368354 ], [ -96.795351890036571, 19.621614430327551 ], [ -96.809285309616527, 19.612869400182703 ], [ -96.809335459894498, 19.608985889627075 ], [ -96.796571139768133, 19.592947030028515 ], [ -96.783287660314684, 19.593253339951161 ], [ -96.777616120304501, 19.602792970128739 ], [ -96.76995282964981, 19.604030060062907 ], [ -96.767267120323268, 19.620163180151639 ], [ -96.760729950120336, 19.611762490237727 ], [ -96.753853800013175, 19.609124019802401 ], [ -96.758215250458861, 19.608082509627295 ], [ -96.750023319828543, 19.601555320115857 ], [ -96.750604689890963, 19.593421910393875 ], [ -96.75787344983496, 19.58094657029265 ], [ -96.757856740305797, 19.574978680246481 ], [ -96.76251828036159, 19.573428080264989 ], [ -96.757395170273512, 19.566885770041814 ], [ -96.759950739869737, 19.563079600432498 ], [ -96.763814339752756, 19.566066920130307 ], [ -96.779141630443348, 19.565792220256565 ], [ -96.794076089671691, 19.570324059586799 ], [ -96.798637350208054, 19.576103379951636 ], [ -96.801915620132164, 19.575665140000797 ], [ -96.804704200024986, 19.584099380260142 ], [ -96.817341049663924, 19.587561320333482 ], [ -96.826110019531072, 19.596654460375369 ], [ -96.831240060261749, 19.593086720264125 ], [ -96.840795770177792, 19.594536740280567 ], [ -96.842883580446639, 19.589668569567156 ], [ -96.841450479588417, 19.603527030301688 ], [ -96.844482250314528, 19.606293120016144 ], [ -96.862307429845416, 19.606825309749695 ], [ -96.871120169836843, 19.611870890013684 ], [ -96.869944309585179, 19.615262139768689 ], [ -96.874696380383028, 19.618934420037707 ], [ -96.888045999729215, 19.626219429890391 ], [ -96.917115290275888, 19.635134599791126 ], [ -96.914291339934934, 19.639557800299475 ], [ -96.916731139580691, 19.646120019939858 ], [ -96.916362170387544, 19.655975740309191 ], [ -96.91331213972262, 19.659436180163169 ], [ -96.914952119878393, 19.66296028990601 ], [ -96.892455449592731, 19.667512890086108 ], [ -96.896043650079648, 19.67330528034816 ], [ -96.894531140415168, 19.677728829986091 ], [ -96.899602459887589, 19.68274431014353 ], [ -96.901363309944841, 19.699060030393742 ], [ -96.905850079568083, 19.699986629797959 ], [ -96.90952211041629, 19.70770544974323 ], [ -96.909101749613484, 19.714559490126998 ] ] ] } },
{ "type": "Feature", "properties": { "code": "30109", "stateCode": "30", "municipalityCode": "109", "name": "Misantla" }, "geometry": { "type": "Polygon", "coordinates": [ [ [ -96.894749090247018, 20.151461879784005 ], [ -96.883519850456764, 20.141386890315051 ], [ -96.882390369996855, 20.131948089856593 ], [ -96.891497519691285, 20.131804060173277 ], [ -96.890132999674606, 20.12765151997727 ], [ -96.894014110226465, 20.128601019640456 ], [ -96.89359133960383, 20.124266369546248 ], [ -96.897650969536954, 20.126567459657956 ], [ -96.898649029942447, 20.122088029973092 ], [ -96.905906860302807, 20.121127599995376 ], [ -96.905128890460063, 20.111415510077368 ], [ -96.910872000450993, 20.11060014039397 ], [ -96.909315710359408, 20.105993919687634 ], [ -96.913308420195662, 20.100235909673096 ], [ -96.908549080330332, 20.096331650052889 ], [ -96.903168909770031, 20.101223290008495 ], [ -96.896480249995264, 20.098086939932859 ], [ -96.899400849988965, 20.09626744998172 ], [ -96.895157819521543, 20.093225770342755 ], [ -96.899142950339808, 20.09429710993491 ], [ -96.900156879819434, 20.090975709631088 ], [ -96.894871879534264, 20.091702029959574 ], [ -96.893501230409214, 20.0895053801394 ], [ -96.897993910153389, 20.088331520058823 ], [ -96.89444961969194, 20.087567909703303 ], [ -96.895254819672985, 20.079998800267937 ], [ -96.887751349898281, 20.078966349592488 ], [ -96.886220619721342, 20.075611580075872 ], [ -96.881769260086912, 20.077805630003109 ], [ -96.88028489007003, 20.065056739687929 ], [ -96.875323479840162, 20.06076225028481 ], [ -96.863513179775438, 20.062367879865914 ], [ -96.872309110056818, 20.053219849665297 ], [ -96.866919020417797, 20.053890580033229 ], [ -96.868127339853743, 20.048586349605621 ], [ -96.862180249527611, 20.048824980152634 ], [ -96.861442769755712, 20.052857690199435 ], [ -96.859935079732026, 20.05104335027853 ], [ -96.861335600089006, 20.045137149710044 ], [ -96.858301799800103, 20.044630199911207 ], [ -96.865821950352839, 20.040814139572944 ], [ -96.86552273984546, 20.037239740021924 ], [ -96.86250605015546, 20.037924139933917 ], [ -96.864652580173015, 20.029565979978535 ], [ -96.858210089783981, 20.030328339743154 ], [ -96.853850280237396, 20.022920650373948 ], [ -96.847638909814478, 20.021791350098766 ], [ -96.848104230364768, 20.017721770114971 ], [ -96.82723770983678, 20.014444059920994 ], [ -96.818855549733456, 20.002314830363705 ], [ -96.77861017007109, 20.008700020315246 ], [ -96.772618319765797, 20.013458849911146 ], [ -96.767155289810518, 20.011400349772785 ], [ -96.764009490011816, 20.01873386002357 ], [ -96.759552739830838, 20.012090049854081 ], [ -96.762330490416261, 19.999429830176656 ], [ -96.766969260148997, 19.99940438000317 ], [ -96.767054550171608, 19.99397371982834 ], [ -96.770200979745056, 19.993572480075429 ], [ -96.77597596985504, 19.983773860186822 ], [ -96.772354750171587, 19.981664090127509 ], [ -96.76396700016204, 19.985584350242863 ], [ -96.766437799943404, 19.979857519605932 ], [ -96.764678459914848, 19.973604139797928 ], [ -96.756931969906688, 19.978539659848909 ], [ -96.75598156956147, 19.971218050039148 ], [ -96.750385519933175, 19.966658180043606 ], [ -96.75748474030074, 19.959945200087166 ], [ -96.75648518006318, 19.954632800357128 ], [ -96.759597690251525, 19.957070340353937 ], [ -96.764566020341775, 19.947884880394092 ], [ -96.772471140270468, 19.944844510041776 ], [ -96.772524719690708, 19.936849429825177 ], [ -96.779049910089384, 19.94191602039534 ], [ -96.793646549625208, 19.941714979588003 ], [ -96.794650260209167, 19.934204999661809 ], [ -96.797080520335982, 19.934463819848887 ], [ -96.770447050308263, 19.905269459621021 ], [ -96.778726519719186, 19.903719489935792 ], [ -96.784168419929159, 19.898277600245386 ], [ -96.797263059567356, 19.896415379947875 ], [ -96.796997449828027, 19.885892180415372 ], [ -96.802317649727158, 19.885322279896243 ], [ -96.808052749977335, 19.879674089702974 ], [ -96.804719260147067, 19.874844180160981 ], [ -96.808356430170619, 19.874847140326523 ], [ -96.807731509816421, 19.868934820167127 ], [ -96.827234800451095, 19.850485749947303 ], [ -96.827971179745404, 19.839852539695659 ], [ -96.835987749590544, 19.833275029631707 ], [ -96.836018459943077, 19.817789149590606 ], [ -96.849080339782859, 19.817612779830117 ], [ -96.849046150208622, 19.807760520171158 ], [ -96.837560580281263, 19.788030539676825 ], [ -96.839905969988294, 19.777554979835983 ], [ -96.84834368977171, 19.775864420391216 ], [ -96.859956400074168, 19.779496049787532 ], [ -96.864164820435803, 19.775464820435936 ], [ -96.862637510259333, 19.769601059756571 ], [ -96.866158380349802, 19.768783109880548 ], [ -96.87629651031807, 19.770560780141867 ], [ -96.871644110060359, 19.77444002027929 ], [ -96.874014319644687, 19.777653420047358 ], [ -96.885549649858206, 19.774778969906901 ], [ -96.894562169985505, 19.767300829741771 ], [ -96.905287630132193, 19.781750629897303 ], [ -96.889479650412696, 19.784732719701751 ], [ -96.897423909617615, 19.790793829741695 ], [ -96.895570139623104, 19.801128169832786 ], [ -96.900969519603834, 19.818753709807048 ], [ -96.898635490051092, 19.82345589036051 ], [ -96.911044229722108, 19.825914770165969 ], [ -96.905893370040758, 19.830069779883857 ], [ -96.913749479880664, 19.839486430245465 ], [ -96.912067550050295, 19.847966420263145 ], [ -96.930669819797046, 19.876454510112421 ], [ -96.949335310027138, 19.895042179965152 ], [ -96.956300089591096, 19.895211650189491 ], [ -96.956618490482853, 19.906919399779326 ], [ -96.953056350333597, 19.910058820107896 ], [ -96.956844109972351, 19.920492369816451 ], [ -96.95241636963901, 19.924172169932611 ], [ -96.963782000394204, 19.95035582029082 ], [ -96.958880820212556, 19.962446230143911 ], [ -96.963652830399042, 19.973707250290342 ], [ -96.96543194039414, 19.970584799674068 ], [ -96.979461489811669, 19.971435740338087 ], [ -96.986651859789291, 19.981151539947316 ], [ -96.992987480127766, 19.983377579674169 ], [ -96.98081988036536, 19.986547770102508 ], [ -96.980499319759815, 19.991235460243097 ], [ -96.956955580142221, 19.992735280200581 ], [ -96.954935820139525, 20.000584550417923 ], [ -96.964532519826548, 20.007131280058264 ], [ -96.963484939935142, 20.005108420388773 ], [ -96.980599280419099, 20.006764550338602 ], [ -96.982819089618644, 20.010722369907931 ], [ -96.985335120323128, 20.035658459964619 ], [ -96.980868289813188, 20.037392710173346 ], [ -96.985406219853232, 20.037363019770829 ], [ -96.986294579758791, 20.041888309574169 ], [ -96.97612968978909, 20.035690450089952 ], [ -96.975325549726932, 20.040354320409051 ], [ -96.971042110281616, 20.042588090313401 ], [ -96.972392200100117, 20.049257180068008 ], [ -96.985613660060181, 20.054884120374652 ], [ -96.984822480445018, 20.071758659622716 ], [ -96.993057540214608, 20.081044219688227 ], [ -96.983242480406631, 20.087706259702802 ], [ -96.984056230131401, 20.095625779652085 ], [ -96.979443080173908, 20.101523489842918 ], [ -96.980241149914036, 20.107632319636231 ], [ -96.974569249731488, 20.125095690419247 ], [ -96.943098350868084, 20.134901941426651 ], [ -96.93287600031293, 20.130829350084664 ], [ -96.919910089952367, 20.145867910210246 ], [ -96.904589659635405, 20.145845149794241 ], [ -96.894749090247018, 20.151461879784005 ] ] ] } },
{ "type": "Feature", "properties": { "code": "30141", "stateCode": "30", "municipalityCode": "141", "name": "San Andrés Tuxtla" }, "geometry": { "type": "Polygon", "coordinates": [ [ [ -95.287272596749119, 18.715226265656703 ], [ -95.265806548839961, 18.706251284568037 ], [ -95.24716489002941, 18.70370514015756 ], [ -95.244030419817008, 18.70665659988266 ], [ -95.224021057294294, 18.703355810570638 ], [ -95.204982989426966, 18.706134665460926 ], [ -95.195749344262211, 18.704475940089281 ], [ -95.188980400401576, 18.70973786003141 ], [ -95.181415510108977, 18.70602802962032 ], [ -95.181917979720296, 18.697979259898947 ], [ -95.167596459775581, 18.687617889645583 ], [ -95.146202089633363, 18.681022679818181 ], [ -95.137031260143772, 18.671452580200651 ], [ -95.130735779743944, 18.674294949740176 ], [ -95.127641202342986, 18.658320193111585 ], [ -95.121635979611852, 18.652491889973401 ], [ -95.097965555730227, 18.643702172834615 ], [ -95.093165369733157, 18.648239719807432 ], [ -95.079532130910778, 18.641907458126109 ], [ -95.080956118552322, 18.630811198884448 ], [ -95.072710691719323, 18.623207630817422 ], [ -95.068249203256528, 18.623487218440427 ], [ -95.069032102713962, 18.620645707783904 ], [ -95.065174939235064, 18.622205877841637 ], [ -95.061425430012832, 18.612440290235483 ], [ -95.057766149736011, 18.611347284974794 ], [ -95.060068187735624, 18.606590609376656 ], [ -95.054315480373873, 18.599613089977314 ], [ -95.049470663677582, 18.599753888777361 ], [ -95.058888799900743, 18.592548890125563 ], [ -95.062562720391213, 18.592987119843915 ], [ -95.064712020402013, 18.587407540120363 ], [ -95.080210879953071, 18.576454719801067 ], [ -95.101329750265066, 18.571536709845621 ], [ -95.105366290046661, 18.565906830368519 ], [ -95.099299059601449, 18.549552090310854 ], [ -95.107527120278888, 18.548168049658123 ], [ -95.110839850034637, 18.550715880274261 ], [ -95.111202690431099, 18.544777920066725 ], [ -95.121572119988258, 18.547360979835759 ], [ -95.123750939634931, 18.543764380295762 ], [ -95.132514830059606, 18.54147969018144 ], [ -95.132931919972705, 18.53536146038714 ], [ -95.135930970198984, 18.534792999970076 ], [ -95.127346170236919, 18.53193315023719 ], [ -95.123778720281507, 18.534895680291307 ], [ -95.117457149877524, 18.529974489617761 ], [ -95.113011770038582, 18.534404119885252 ], [ -95.104987910413428, 18.531958150418905 ], [ -95.104760080376323, 18.534030030451284 ], [ -95.087273079655787, 18.528504089872683 ], [ -95.084752710333973, 18.525718750052903 ], [ -95.087590059639624, 18.520076739860038 ], [ -95.085242149922351, 18.515989599671443 ], [ -95.077738549701209, 18.513593999783446 ], [ -95.07488824977726, 18.500482459623054 ], [ -95.079317940046963, 18.501384089673678 ], [ -95.079897920210584, 18.495796089738509 ], [ -95.091718509707761, 18.489318119596778 ], [ -95.102267020047265, 18.488946920114458 ], [ -95.105053080420731, 18.49366503041724 ], [ -95.120982079603664, 18.495756420393544 ], [ -95.127012939627946, 18.492111510159724 ], [ -95.130156060036143, 18.49418298001099 ], [ -95.151379569636916, 18.491905090122149 ], [ -95.153001149831283, 18.487611310020892 ], [ -95.149071719595668, 18.479359920217188 ], [ -95.144079279570775, 18.478994969823887 ], [ -95.143671950337975, 18.474919680266034 ], [ -95.133753630011583, 18.465446649911144 ], [ -95.133630950445493, 18.453517690390395 ], [ -95.12999091020562, 18.44621836955999 ], [ -95.133503600453281, 18.444002379590611 ], [ -95.134888399837934, 18.422742709569519 ], [ -95.136571180475855, 18.423913649786723 ], [ -95.146733290241983, 18.407849860169915 ], [ -95.146640420225708, 18.40104611985857 ], [ -95.155703770226623, 18.394404550055228 ], [ -95.154735799570474, 18.388971890370858 ], [ -95.149956420412039, 18.386275379958526 ], [ -95.154290169988698, 18.380612229956203 ], [ -95.148319349575743, 18.346734429613477 ], [ -95.150571309928154, 18.341746200210483 ], [ -95.148784979894415, 18.318580080283773 ], [ -95.160897289726748, 18.315477850403099 ], [ -95.159227249887294, 18.313728749686067 ], [ -95.163609149804188, 18.305257679891685 ], [ -95.161407620436265, 18.303858229983295 ], [ -95.16445629013748, 18.300118290354291 ], [ -95.166761229670328, 18.30163848958016 ], [ -95.170884250091461, 18.298404660107106 ], [ -95.174785200479491, 18.302128369887374 ], [ -95.175705080149726, 18.297871579650607 ], [ -95.183143620161033, 18.300556919912172 ], [ -95.183048089629452, 18.29641397984312 ], [ -95.190000249777938, 18.294219429739918 ], [ -95.190987850211755, 18.286589060238803 ], [ -95.18814950977999, 18.285501949634472 ], [ -95.19903297002918, 18.262397139765294 ], [ -95.204881399574774, 18.256373629571719 ], [ -95.22288317990693, 18.258610719547299 ], [ -95.224482349791984, 18.261690739615357 ], [ -95.220982170403502, 18.262083429803653 ], [ -95.224911830028773, 18.262730690352249 ], [ -95.230384649829048, 18.276641399823394 ], [ -95.237034169909492, 18.276008829927889 ], [ -95.235523319951085, 18.281662450016352 ], [ -95.243061800359925, 18.276934370095496 ], [ -95.246279659667152, 18.269379139785471 ], [ -95.245006450403352, 18.263545320408735 ], [ -95.237024600191148, 18.263361370313735 ], [ -95.233589429730898, 18.257194489958906 ], [ -95.218281580116056, 18.253057679722993 ], [ -95.218984020204132, 18.250924579729993 ], [ -95.207656449623002, 18.252529710056329 ], [ -95.21533282039394, 18.238200460091587 ], [ -95.2247218501454, 18.239074849811111 ], [ -95.223745550233716, 18.236667289570072 ], [ -95.230853889837391, 18.23563477971976 ], [ -95.231171110173889, 18.228375220150934 ], [ -95.238393919626702, 18.226626659846982 ], [ -95.239723999995846, 18.232829060082206 ], [ -95.25042546012132, 18.232233920138007 ], [ -95.250713050354094, 18.238193369717454 ], [ -95.261543550431938, 18.237734910213874 ], [ -95.263011319967447, 18.242620079912619 ], [ -95.285380420199417, 18.243262000299907 ], [ -95.294347619850186, 18.247728549744078 ], [ -95.282473020282993, 18.217108940190496 ], [ -95.293424620168636, 18.212865680095621 ], [ -95.292595419897793, 18.210983450012517 ], [ -95.30232085989654, 18.217932290062425 ], [ -95.306038510195918, 18.215221320259605 ], [ -95.305457749581151, 18.220431000064671 ], [ -95.311962619694327, 18.215547340317265 ], [ -95.31974236981182, 18.219169170138738 ], [ -95.322084169804228, 18.221351539821935 ], [ -95.314497169981735, 18.230341419894255 ], [ -95.318983319874931, 18.228814719835555 ], [ -95.318508909742391, 18.234147779590113 ], [ -95.327491780366557, 18.238510200216659 ], [ -95.328903680256133, 18.236371829673331 ], [ -95.331150289637634, 18.238335679682169 ], [ -95.330546890342532, 18.233341280246965 ], [ -95.334380579757621, 18.232815520095755 ], [ -95.33770257993595, 18.238018490316062 ], [ -95.341749620418611, 18.235024600182875 ], [ -95.351996349963656, 18.240465659746665 ], [ -95.358087090026686, 18.237173820304506 ], [ -95.353651950127485, 18.230586510017059 ], [ -95.358458629742003, 18.227988579763021 ], [ -95.358626620075611, 18.223156549665063 ], [ -95.361084030298755, 18.223089570076869 ], [ -95.359484569592738, 18.230183939842426 ], [ -95.367584829880158, 18.231339400433345 ], [ -95.377542290401763, 18.2227985799362 ], [ -95.382943280006529, 18.227249919569083 ], [ -95.39198279995631, 18.224659249717714 ], [ -95.403515569551729, 18.233333179897713 ], [ -95.416749650413777, 18.229759909912584 ], [ -95.42144419982651, 18.234200150030393 ], [ -95.424217509557153, 18.243981860056142 ], [ -95.431765449906649, 18.236169430419164 ], [ -95.430123950391291, 18.222772489831087 ], [ -95.443111749689436, 18.220496179575242 ], [ -95.445744489810536, 18.225652219548095 ], [ -95.444808659690722, 18.241545400047354 ], [ -95.439607319920583, 18.244894310442838 ], [ -95.432981920142865, 18.243843290074956 ], [ -95.429037179902025, 18.25762729015284 ], [ -95.414510119854327, 18.253962850377789 ], [ -95.395352119939147, 18.256215520381538 ], [ -95.393431279841224, 18.263768580370485 ], [ -95.388340820038906, 18.263840450178531 ], [ -95.386694619606374, 18.269185400298753 ], [ -95.372087689894769, 18.266969110347222 ], [ -95.369828049875537, 18.278403289640707 ], [ -95.371938420159168, 18.280970769586521 ], [ -95.355891920331132, 18.27791316987809 ], [ -95.356478740479531, 18.285359919574898 ], [ -95.351765549699849, 18.284478109771587 ], [ -95.347187170314569, 18.299499719952316 ], [ -95.339780769861079, 18.298010909554051 ], [ -95.341723289555773, 18.301187660007326 ], [ -95.339346249738526, 18.311824259751287 ], [ -95.344239850123159, 18.320988179811192 ], [ -95.341212619623406, 18.321347599592396 ], [ -95.342407400234137, 18.324045969615707 ], [ -95.335856850056089, 18.336656260283817 ], [ -95.338362680288853, 18.343020619759404 ], [ -95.333636429753795, 18.341335480089864 ], [ -95.334632259752141, 18.345851770147423 ], [ -95.328811369911804, 18.349815059874011 ], [ -95.325305849930189, 18.36063103002056 ], [ -95.330635630290416, 18.37118041997849 ], [ -95.333897520327653, 18.370402120134326 ], [ -95.329471049953881, 18.375937580111852 ], [ -95.332909179992853, 18.385079520049768 ], [ -95.326104879807716, 18.383786419909192 ], [ -95.326196619536248, 18.387166459961758 ], [ -95.320714479614054, 18.38756464978194 ], [ -95.322487939811637, 18.390789620195825 ], [ -95.318694089872096, 18.388758139994597 ], [ -95.313624490260565, 18.392009690351944 ], [ -95.315984059872164, 18.397506650276469 ], [ -95.312745599588354, 18.395408750282126 ], [ -95.310702119971168, 18.399532850258911 ], [ -95.300912539903152, 18.399129449874582 ], [ -95.29847897960785, 18.40299103013572 ], [ -95.295291490218119, 18.400395290140779 ], [ -95.293573090201605, 18.404218820424738 ], [ -95.285165120165885, 18.401685370112727 ], [ -95.280133749675215, 18.406896969626217 ], [ -95.277063340444641, 18.415105849922639 ], [ -95.274281370323848, 18.414688740149789 ], [ -95.27469372007522, 18.428810059718202 ], [ -95.267026480311102, 18.432325080154147 ], [ -95.271135780096827, 18.435104879954235 ], [ -95.269326539623719, 18.436721850228214 ], [ -95.273491459603349, 18.449363850429378 ], [ -95.261610019856619, 18.464036309622319 ], [ -95.261548830075256, 18.46748185970646 ], [ -95.267515089895554, 18.468562090101688 ], [ -95.268914120452081, 18.486319429649932 ], [ -95.256408109906047, 18.48629578040255 ], [ -95.255625979628007, 18.494165909724689 ], [ -95.252370430145291, 18.495115600426331 ], [ -95.253924910038791, 18.498047079763662 ], [ -95.232662980038143, 18.506019229778467 ], [ -95.234399029734945, 18.517515919557518 ], [ -95.258248000405629, 18.522665770166107 ], [ -95.267488169589313, 18.521579350302506 ], [ -95.265210939941767, 18.530364319778368 ], [ -95.268053519964397, 18.533365179776201 ], [ -95.272279030488377, 18.531711709596433 ], [ -95.271097089585624, 18.53496947964835 ], [ -95.276561019755619, 18.53936094029056 ], [ -95.284029999642343, 18.540210539588148 ], [ -95.280397710461813, 18.541014290164178 ], [ -95.283456449648625, 18.544597600040582 ], [ -95.278696109881636, 18.547917749595427 ], [ -95.284526519575891, 18.558540630352301 ], [ -95.285255540239874, 18.568389719776405 ], [ -95.288797570084071, 18.568699479663284 ], [ -95.288766570203947, 18.56564757044589 ], [ -95.289850520062799, 18.569860680234001 ], [ -95.308550720178559, 18.568231909669191 ], [ -95.324302219660808, 18.572970059728821 ], [ -95.322069140325439, 18.583744150411398 ], [ -95.308225110426093, 18.585462149998584 ], [ -95.305810619676862, 18.597514119964313 ], [ -95.298459720259203, 18.590304429932353 ], [ -95.293815770102086, 18.595984450244423 ], [ -95.294859579607476, 18.591659599530995 ], [ -95.285566279911805, 18.594003319582544 ], [ -95.269342600178021, 18.59155418002511 ], [ -95.267942850144465, 18.599703909988012 ], [ -95.260561280106813, 18.599803509701999 ], [ -95.284247819984998, 18.602770480239879 ], [ -95.288647950073226, 18.607906370238616 ], [ -95.287443309532478, 18.615911420055763 ], [ -95.293781710207455, 18.61645071042339 ], [ -95.293587980066732, 18.620494920120088 ], [ -95.299565679735892, 18.621497750047546 ], [ -95.298976449879689, 18.625386020437759 ], [ -95.292744910110116, 18.624498620448758 ], [ -95.291432600279109, 18.631955200035851 ], [ -95.295520649803024, 18.632453599792374 ], [ -95.295134520203689, 18.63483774978128 ], [ -95.286131019605207, 18.664069710418389 ], [ -95.294967800013481, 18.665267849653112 ], [ -95.295682429900609, 18.679017489695948 ], [ -95.292307460291156, 18.680842399900406 ], [ -95.295141180127487, 18.681252630136793 ], [ -95.295066490193406, 18.690603459641288 ], [ -95.302399019919733, 18.691700549697199 ], [ -95.294497849623909, 18.706969880176221 ], [ -95.290369739562223, 18.707191080278271 ], [ -95.28909105043688, 18.703458829717533 ], [ -95.284659719759063, 18.707219509734536 ], [ -95.287272596749119, 18.715226265656703 ] ] ] } },
{ "type": "Feature", "properties": { "code": "30142", "stateCode": "30", "municipalityCode": "142", "name": "San Juan Evangelista" }, "geometry": { "type": "Polygon", "coordinates": [ [ [ -95.179038339627866, 17.98571279979998 ], [ -95.166938289648982, 17.979202150065611 ], [ -95.168425550024395, 17.958169290443951 ], [ -95.15477283020013, 17.953047780247697 ], [ -95.147650059684807, 17.94659591990208 ], [ -95.148148430346907, 17.942056739778199 ], [ -95.137308679630976, 17.948688780362993 ], [ -95.13112212033198, 17.944562349797508 ], [ -95.135827799862966, 17.957408399978494 ], [ -95.133857940059173, 17.96823603009187 ], [ -95.123356550173384, 17.965119980111975 ], [ -95.118866109962426, 17.958988980097036 ], [ -95.106219169985465, 17.960092970337708 ], [ -95.106895419794157, 17.956843540190192 ], [ -95.101733400187044, 17.958750250336269 ], [ -95.096863309833495, 17.955887109932625 ], [ -95.096966119949101, 17.97275333971988 ], [ -95.08483530982096, 17.973528249692208 ], [ -95.084904569968259, 17.976166820150198 ], [ -95.080091860153317, 17.976298690459252 ], [ -95.08012884989202, 17.973652749709725 ], [ -95.058263979610103, 17.97431679985009 ], [ -95.058292909843217, 17.963667940303331 ], [ -95.05330167989851, 17.960218020406124 ], [ -95.030731309899338, 17.961873820269272 ], [ -95.030772460347848, 17.959024449821751 ], [ -95.024908090336226, 17.95895801975951 ], [ -95.024868739586822, 17.961813000123751 ], [ -95.018966539801539, 17.961773599828042 ], [ -95.018937450151952, 17.96435153996973 ], [ -95.01011536985007, 17.964272350244052 ], [ -95.007256890069954, 17.958771879550895 ], [ -95.00349897036152, 17.958719290096671 ], [ -95.00440016965419, 17.9558371703184 ], [ -95.001329940120783, 17.955800460060093 ], [ -95.010224879995491, 17.952986180317193 ], [ -95.005787339911876, 17.945389109926158 ], [ -95.010267290335264, 17.944362230444767 ], [ -95.010437000197129, 17.929947220006405 ], [ -95.007507109596034, 17.929913349975426 ], [ -95.007677110141103, 17.927047320321982 ], [ -95.010513599860658, 17.927097380096573 ], [ -95.016586479658201, 17.915581939763292 ], [ -95.022681689769485, 17.918160819951591 ], [ -95.019044880357882, 17.91252584988472 ], [ -95.021947550240895, 17.903557600269021 ], [ -95.019556710302183, 17.89866184973928 ], [ -95.034114399561986, 17.888755780259476 ], [ -95.033236819928391, 17.875570599773116 ], [ -95.02587479971335, 17.860645229946684 ], [ -95.036953309932258, 17.840577660185925 ], [ -95.027751400143373, 17.833553630289501 ], [ -95.02765214024943, 17.825011339933585 ], [ -95.032858260078115, 17.825460119620679 ], [ -95.036922940372691, 17.820253400093613 ], [ -95.041889979772179, 17.824033110249058 ], [ -95.044072000359421, 17.819772279630094 ], [ -95.048312659906031, 17.820580579644819 ], [ -95.047069739959682, 17.804696799694678 ], [ -95.052200680057112, 17.80368614984544 ], [ -95.051515550168489, 17.800583489853363 ], [ -95.055549720120382, 17.799728509981218 ], [ -95.054606489674399, 17.795316139816439 ], [ -95.060952939672703, 17.788353920375567 ], [ -95.072803969744058, 17.786397110161786 ], [ -95.077420319625688, 17.781857140201865 ], [ -95.069157579555934, 17.779339659732322 ], [ -95.062671740285822, 17.772356569960088 ], [ -95.050627749547488, 17.772636860182537 ], [ -95.045558109949795, 17.763270680222959 ], [ -95.036159549969042, 17.768259430222972 ], [ -95.037787369980606, 17.772816060111417 ], [ -95.032419890069832, 17.779827829571207 ], [ -95.026462949890742, 17.779922720364745 ], [ -95.023814489615674, 17.776136490016331 ], [ -95.038291149560152, 17.751537539853459 ], [ -95.004878600439554, 17.733229089995749 ], [ -95.002399970246074, 17.735117479939287 ], [ -95.002917820118569, 17.731318850392746 ], [ -94.993734799861357, 17.72990418031393 ], [ -94.994355150093426, 17.726369580392266 ], [ -94.985148279761674, 17.724981860270812 ], [ -94.985660750184437, 17.721485539751413 ], [ -94.972187019820353, 17.720705600128017 ], [ -94.972415119962662, 17.716218169757969 ], [ -94.961346030061264, 17.715736519642359 ], [ -94.961645319696032, 17.711683320312453 ], [ -94.9525028495637, 17.711988140391149 ], [ -94.952566349627944, 17.708417520392089 ], [ -94.941917449592822, 17.708638849759527 ], [ -94.937801429724303, 17.7054399803236 ], [ -94.938096119681518, 17.699040599989129 ], [ -94.946919739670264, 17.696612090197689 ], [ -94.944161630005709, 17.686249719578608 ], [ -94.94833297997144, 17.691180550419173 ], [ -94.953819030076659, 17.688013619901572 ], [ -94.949175340326221, 17.687066970408154 ], [ -94.946021180021887, 17.676430509639832 ], [ -94.941017289596076, 17.676155850111659 ], [ -94.939198199680376, 17.681179799628417 ], [ -94.933768309952413, 17.679942749689605 ], [ -94.930016219956826, 17.684404179951276 ], [ -94.916069950099399, 17.689521749683191 ], [ -94.90514787989045, 17.687834939937275 ], [ -94.908222569812665, 17.647867720177697 ], [ -94.915001509604281, 17.633292000226568 ], [ -94.911560199918043, 17.626955800213693 ], [ -94.906760380027734, 17.62885665956523 ], [ -94.906150249772978, 17.621178380081766 ], [ -94.900649649765441, 17.619268619826528 ], [ -94.896341419917334, 17.623294479563217 ], [ -94.889046140068899, 17.623786849867404 ], [ -94.886470679678879, 17.614761770316392 ], [ -94.878850970080478, 17.61450851034526 ], [ -94.879958060105807, 17.603085290252942 ], [ -94.886825580081606, 17.60364465974946 ], [ -94.886168370356344, 17.597403199686418 ], [ -94.88968181975946, 17.593966619564789 ], [ -94.899502569604266, 17.596254109979732 ], [ -94.902814720227283, 17.604879199718198 ], [ -94.907531980163128, 17.605594399744461 ], [ -94.906424459980045, 17.614059569892607 ], [ -94.910470290193203, 17.619974450229368 ], [ -94.922198339549084, 17.622209599847753 ], [ -94.926307259991901, 17.61988371984668 ], [ -94.928595080125206, 17.629355890414743 ], [ -94.934788089621648, 17.626809719783456 ], [ -94.934544000227163, 17.631190080097625 ], [ -94.962071249701339, 17.635187110024052 ], [ -94.970264919551227, 17.650667909985 ], [ -94.969625750305113, 17.654746769596819 ], [ -94.997927889758742, 17.658230919722318 ], [ -94.997922290103077, 17.671800880260271 ], [ -94.999315420106754, 17.668922970247916 ], [ -95.00812125974447, 17.668719769742658 ], [ -95.011675219547058, 17.671348080080527 ], [ -95.011005550463906, 17.675860139912928 ], [ -95.014455569608344, 17.676342740167716 ], [ -95.013085850349654, 17.690651800419339 ], [ -95.019575679954499, 17.690677629708077 ], [ -95.023223979688098, 17.685631019834346 ], [ -95.028851520012736, 17.715809120330494 ], [ -95.058368619876589, 17.719836769934684 ], [ -95.064668879716521, 17.701272489964584 ], [ -95.0563175102982, 17.700355120436566 ], [ -95.057465600473265, 17.688034179695826 ], [ -95.048580290327564, 17.683034199761632 ], [ -95.049454029802689, 17.675499599968575 ], [ -95.044627660427821, 17.674885620087721 ], [ -95.046307150150184, 17.664322249793194 ], [ -95.036856479928687, 17.6631187798253 ], [ -95.036383539769091, 17.666686689630978 ], [ -95.030792540427115, 17.665964029737705 ], [ -95.032731399738836, 17.663299999763378 ], [ -95.027550263086525, 17.660716180185762 ], [ -95.027112480237406, 17.654805619981794 ], [ -95.021779999519708, 17.656434200376598 ], [ -95.019652260371785, 17.653542259959629 ], [ -95.00661545033897, 17.651797889933246 ], [ -95.009958739553625, 17.643080200312085 ], [ -95.006349180376603, 17.64138093962903 ], [ -95.006779489742542, 17.633944309704457 ], [ -95.035213829580684, 17.645932579962331 ], [ -95.034247680116991, 17.649318550000277 ], [ -95.056021689628821, 17.653698489659231 ], [ -95.056970110190022, 17.64766837992914 ], [ -95.066927570167351, 17.646007080006328 ], [ -95.069924370144463, 17.635396649865907 ], [ -95.076085029911965, 17.581107879886144 ], [ -95.076079659683813, 17.578475649579872 ], [ -95.063947220087513, 17.575161229775599 ], [ -95.059995399758577, 17.571105310234362 ], [ -95.065130139822344, 17.568423720396638 ], [ -95.08283970999598, 17.573434020125141 ], [ -95.110239969995718, 17.561359739947072 ], [ -95.117779340278815, 17.562739539588048 ], [ -95.124459309921164, 17.559515049960801 ], [ -95.151832000252824, 17.562722819891672 ], [ -95.163528479668344, 17.556610950087638 ], [ -95.172180509753687, 17.556857020339827 ], [ -95.176274200273014, 17.545965060255661 ], [ -95.197783719564953, 17.545941600339329 ], [ -95.204597200058458, 17.538672220148062 ], [ -95.253621910119975, 17.602013939878649 ], [ -95.253333249650439, 17.60810673986165 ], [ -95.259192579920963, 17.60771937997097 ], [ -95.264753250008226, 17.601563351314699 ], [ -95.267647480284808, 17.608275170307625 ], [ -95.278942510250872, 17.613624380380763 ], [ -95.270219620457326, 17.615738079976826 ], [ -95.271258049623967, 17.624734600204643 ], [ -95.255549310039171, 17.621569460096016 ], [ -95.248411230317899, 17.625582279849617 ], [ -95.259001110039534, 17.629010749947938 ], [ -95.253009550389777, 17.633374749597415 ], [ -95.253231370145798, 17.64206248031584 ], [ -95.248225629549268, 17.645978060314054 ], [ -95.242905310358637, 17.643676480681648 ], [ -95.241933419578714, 17.634957999575587 ], [ -95.218447620127762, 17.63932824963905 ], [ -95.211516619910896, 17.644512820175038 ], [ -95.207079999782977, 17.654349799573634 ], [ -95.203689569991525, 17.653536680203658 ], [ -95.201203089507203, 17.647411970992046 ], [ -95.195123170316123, 17.654853520187949 ], [ -95.188131600108193, 17.650701459594419 ], [ -95.187770999607054, 17.671072461130858 ], [ -95.184935319659203, 17.67676069034993 ], [ -95.187700939841307, 17.680638890198207 ], [ -95.181469740216897, 17.685817179605351 ], [ -95.182435349980594, 17.691062630178994 ], [ -95.1902896197101, 17.692036750212949 ], [ -95.23891300006791, 17.739264120309777 ], [ -95.239318620150669, 17.73669860100205 ], [ -95.252743249828157, 17.733491180332209 ], [ -95.258672999775371, 17.728543230275651 ], [ -95.262744219670012, 17.738739120248091 ], [ -95.269026050260067, 17.740934060194416 ], [ -95.268084540165844, 17.732459519974345 ], [ -95.263070280187762, 17.72487879991715 ], [ -95.267176579758484, 17.716712819570009 ], [ -95.279195479572422, 17.721894019690378 ], [ -95.279993909577399, 17.715739710014084 ], [ -95.286715539918475, 17.716743970108961 ], [ -95.29224418040063, 17.712422250690047 ], [ -95.291178709940894, 17.716334379864314 ], [ -95.297808519972293, 17.722141419992937 ], [ -95.302591540250646, 17.71101407999004 ], [ -95.309970510169464, 17.708555150617926 ], [ -95.306610780292388, 17.69715563039048 ], [ -95.316647980444159, 17.697577800079472 ], [ -95.321349770257896, 17.685644230090091 ], [ -95.328747319804691, 17.685782780322693 ], [ -95.333807519969398, 17.675183150199143 ], [ -95.337481709821461, 17.673778659695547 ], [ -95.340504770289925, 17.674890309800816 ], [ -95.342675909839201, 17.683344710035939 ], [ -95.350618119557794, 17.680665370585743 ], [ -95.35386554017883, 17.674189969797769 ], [ -95.357569150426514, 17.677124169685271 ], [ -95.362316649887859, 17.674863519925477 ], [ -95.36861318030364, 17.682849629590724 ], [ -95.382806429652462, 17.68413631023796 ], [ -95.381209550321643, 17.687058519829716 ], [ -95.385116249593892, 17.6917663800314 ], [ -95.396384890282633, 17.689804880166445 ], [ -95.403160309718444, 17.695199950180044 ], [ -95.409753459729473, 17.693651940029806 ], [ -95.414477290120303, 17.696901279870168 ], [ -95.411993309929301, 17.702872489615572 ], [ -95.419123030386544, 17.709782220188135 ], [ -95.411659710036531, 17.712190200104409 ], [ -95.410315030239033, 17.715490490325724 ], [ -95.418553459872584, 17.716869380091744 ], [ -95.417733090345777, 17.721721779636326 ], [ -95.420656970297472, 17.724288259805626 ], [ -95.428578140293368, 17.725454122095414 ], [ -95.423984909636403, 17.732065351728 ], [ -95.428293199983131, 17.737404342177022 ], [ -95.428977709690344, 17.748232820358417 ], [ -95.434161399534943, 17.74828772012707 ], [ -95.435064649918431, 17.751227739634935 ], [ -95.429232780444835, 17.764226889748372 ], [ -95.421081109799829, 17.770421749826809 ], [ -95.420220819649643, 17.778240540008731 ], [ -95.41207649043703, 17.78336056991305 ], [ -95.399964049593862, 17.783864380213313 ], [ -95.398296719987997, 17.787319150334277 ], [ -95.390842000159097, 17.789740519635654 ], [ -95.391371140332666, 17.794136740302658 ], [ -95.384254120187549, 17.796451779852593 ], [ -95.383697370382848, 17.792140740186152 ], [ -95.372929109829897, 17.795687199668293 ], [ -95.372381860299143, 17.791346149943571 ], [ -95.368761580265101, 17.792570679912512 ], [ -95.366780679995472, 17.784179379674224 ], [ -95.357258220211577, 17.786044140073695 ], [ -95.358248459563001, 17.790446170238916 ], [ -95.36204605977305, 17.790451250174637 ], [ -95.363403920321829, 17.799849089854536 ], [ -95.35978677954887, 17.799526950208968 ], [ -95.360160850407254, 17.795064619589635 ], [ -95.357914600429311, 17.798244149765925 ], [ -95.350134540073583, 17.79822554956823 ], [ -95.347731660061797, 17.816976289690562 ], [ -95.328581720311604, 17.817209850054759 ], [ -95.322004550432993, 17.811131549863475 ], [ -95.316697089778813, 17.81188262973134 ], [ -95.299029059598041, 17.805250319964703 ], [ -95.3067285799861, 17.803595689661122 ], [ -95.310789740412858, 17.796563350467355 ], [ -95.301963550252381, 17.790053369904406 ], [ -95.301597620013595, 17.796372199847195 ], [ -95.292163770159021, 17.804125920376034 ], [ -95.285339250302954, 17.808212089659154 ], [ -95.278384889772724, 17.807285290135919 ], [ -95.278944910275328, 17.833177710042225 ], [ -95.283237149715035, 17.840478660271501 ], [ -95.280874660237217, 17.840755399789415 ], [ -95.281805940377154, 17.846810519609367 ], [ -95.275996049604473, 17.848035660185047 ], [ -95.274645090442334, 17.853828620368247 ], [ -95.278062660204441, 17.855127569927131 ], [ -95.277585109787552, 17.8656189798205 ], [ -95.281916480361588, 17.865750570199086 ], [ -95.285334019695043, 17.870331830368926 ], [ -95.25988030968945, 17.880678720342353 ], [ -95.255833600337269, 17.877102200263206 ], [ -95.251343229645869, 17.878232510403596 ], [ -95.248489060308032, 17.875392250016599 ], [ -95.244238850431316, 17.87760238026825 ], [ -95.23638771044115, 17.874224660032834 ], [ -95.234880600459391, 17.892397860131936 ], [ -95.241225950477215, 17.894657289696955 ], [ -95.246075750261639, 17.901355309774772 ], [ -95.242866029785915, 17.903031849886904 ], [ -95.241474380304808, 17.913343919749014 ], [ -95.247446939730366, 17.920103779881394 ], [ -95.2443400002917, 17.921416140118083 ], [ -95.24799118039742, 17.921858230137463 ], [ -95.243654969923, 17.923577920069679 ], [ -95.246234999717856, 17.929828620240617 ], [ -95.239033709985691, 17.934640490299639 ], [ -95.237447149840733, 17.944005770296943 ], [ -95.240378450186427, 17.948001830106971 ], [ -95.239284919936637, 17.961843620238881 ], [ -95.245262519857846, 17.963231850083883 ], [ -95.239155280220345, 17.963107340186728 ], [ -95.244289519869739, 17.978379420008793 ], [ -95.23713629016477, 17.981564599638578 ], [ -95.230111030180808, 17.974327430424431 ], [ -95.21759301987737, 17.971234319766445 ], [ -95.208165290383263, 17.985925889688613 ], [ -95.199525830296409, 17.981432119723305 ], [ -95.195903600305371, 17.985378289731671 ], [ -95.191507539841695, 17.981401079655331 ], [ -95.179038339627866, 17.98571279979998 ] ] ] } },
{ "type": "Feature", "properties": { "code": "30143", "stateCode": "30", "municipalityCode": "143", "name": "Santiago Tuxtla" }, "geometry": { "type": "Polygon", "coordinates": [ [ [ -95.32664770993253, 18.572502349810293 ], [ -95.308550720178559, 18.568231909669191 ], [ -95.289850520062799, 18.569860680234001 ], [ -95.288766570203947, 18.56564757044589 ], [ -95.288797570084071, 18.568699479663284 ], [ -95.285255540239874, 18.568389719776405 ], [ -95.284526519575891, 18.558540630352301 ], [ -95.278696109881636, 18.547917749595427 ], [ -95.283456449648625, 18.544597600040582 ], [ -95.280397710461813, 18.541014290164178 ], [ -95.284029999642343, 18.540210539588148 ], [ -95.276561019755619, 18.53936094029056 ], [ -95.271097089585624, 18.53496947964835 ], [ -95.272279030488377, 18.531711709596433 ], [ -95.268053519964397, 18.533365179776201 ], [ -95.265210939941767, 18.530364319778368 ], [ -95.267488169589313, 18.521579350302506 ], [ -95.258248000405629, 18.522665770166107 ], [ -95.234399029734945, 18.517515919557518 ], [ -95.232662980038143, 18.506019229778467 ], [ -95.253924910038791, 18.498047079763662 ], [ -95.252370430145291, 18.495115600426331 ], [ -95.255625979628007, 18.494165909724689 ], [ -95.256408109906047, 18.48629578040255 ], [ -95.264766080348451, 18.48794551016735 ], [ -95.268914120452081, 18.486319429649932 ], [ -95.267515089895554, 18.468562090101688 ], [ -95.261548830075256, 18.46748185970646 ], [ -95.261610019856619, 18.464036309622319 ], [ -95.273491459603349, 18.449363850429378 ], [ -95.269326539623719, 18.436721850228214 ], [ -95.271135780096827, 18.435104879954235 ], [ -95.267026480311102, 18.432325080154147 ], [ -95.274948369949271, 18.428308949623116 ], [ -95.274281370323848, 18.414688740149789 ], [ -95.277063340444641, 18.415105849922639 ], [ -95.284807249683539, 18.401783059894047 ], [ -95.293573090201605, 18.404218820424738 ], [ -95.295291490218119, 18.400395290140779 ], [ -95.29847897960785, 18.40299103013572 ], [ -95.300912539903152, 18.399129449874582 ], [ -95.310702119971168, 18.399532850258911 ], [ -95.312745599588354, 18.395408750282126 ], [ -95.316343460135528, 18.397231449587434 ], [ -95.313624490260565, 18.392009690351944 ], [ -95.318694089872096, 18.388758139994597 ], [ -95.322487939811637, 18.390789620195825 ], [ -95.321919259985833, 18.385968149903732 ], [ -95.332909179992853, 18.385079520049768 ], [ -95.329471049953881, 18.375937580111852 ], [ -95.333897520327653, 18.370402120134326 ], [ -95.330945800293492, 18.371405289891477 ], [ -95.329740030423523, 18.367057539670455 ], [ -95.326624980389411, 18.366597969951535 ], [ -95.325391780048847, 18.359978939720826 ], [ -95.328872290404121, 18.35601771984204 ], [ -95.328811369911804, 18.349815059874011 ], [ -95.334632259752141, 18.345851770147423 ], [ -95.333636429753795, 18.341335480089864 ], [ -95.338362680288853, 18.343020619759404 ], [ -95.335856850056089, 18.336656260283817 ], [ -95.342407400234137, 18.324045969615707 ], [ -95.341212619623406, 18.321347599592396 ], [ -95.344239850123159, 18.320988179811192 ], [ -95.339346249738526, 18.311824259751287 ], [ -95.341723289555773, 18.301187660007326 ], [ -95.339780769861079, 18.298010909554051 ], [ -95.347187170314569, 18.299499719952316 ], [ -95.351765549699849, 18.284478109771587 ], [ -95.356478740479531, 18.285359919574898 ], [ -95.355891920331132, 18.27791316987809 ], [ -95.371938420159168, 18.280970769586521 ], [ -95.369828049875537, 18.278403289640707 ], [ -95.372087689894769, 18.266969110347222 ], [ -95.386694619606374, 18.269185400298753 ], [ -95.388340820038906, 18.263840450178531 ], [ -95.393431279841224, 18.263768580370485 ], [ -95.395352119939147, 18.256215520381538 ], [ -95.414510119854327, 18.253962850377789 ], [ -95.429037179902025, 18.25762729015284 ], [ -95.432981920142865, 18.243843290074956 ], [ -95.434845029894561, 18.248198830438302 ], [ -95.447722599565992, 18.245512000395976 ], [ -95.45840047966314, 18.251752290065298 ], [ -95.458703139577437, 18.257236149545335 ], [ -95.450975430159531, 18.262406169762922 ], [ -95.457093139604908, 18.264629489552807 ], [ -95.463751430075618, 18.261024379932259 ], [ -95.464390970377536, 18.268134399952721 ], [ -95.470956489905362, 18.261761909619448 ], [ -95.472258880180703, 18.250004150456977 ], [ -95.496515909761825, 18.244400149899914 ], [ -95.502424540165265, 18.237478060077905 ], [ -95.505087350105995, 18.245413350049731 ], [ -95.515593690154148, 18.253851910404041 ], [ -95.509279050315996, 18.267284170251667 ], [ -95.494666279882352, 18.273401750102217 ], [ -95.507258770109345, 18.284348850135629 ], [ -95.50294228961495, 18.292449619664406 ], [ -95.507418140110417, 18.300274420003628 ], [ -95.504501399621304, 18.307375109885385 ], [ -95.505556020393797, 18.317858450090696 ], [ -95.515827120156885, 18.317097420428489 ], [ -95.525818510168548, 18.32393718026298 ], [ -95.532806520235781, 18.32177098019066 ], [ -95.5353590599466, 18.328279459572325 ], [ -95.542662750424441, 18.333542480076339 ], [ -95.540846570212167, 18.336563820294778 ], [ -95.525215049794966, 18.335554479982726 ], [ -95.523078909943337, 18.355956479742535 ], [ -95.526260740132642, 18.361864880192478 ], [ -95.508484580164122, 18.367172830088151 ], [ -95.51325060039558, 18.37316262033314 ], [ -95.508993249793164, 18.377562619638727 ], [ -95.513272170472959, 18.379527919621562 ], [ -95.514863319619153, 18.385069169563632 ], [ -95.512428029513728, 18.386581970386324 ], [ -95.514247999890443, 18.397424800057625 ], [ -95.512856250085576, 18.406182890154071 ], [ -95.502982020234256, 18.413060349807896 ], [ -95.514876229866147, 18.41221508994645 ], [ -95.517798619632956, 18.415507769635163 ], [ -95.516796090178261, 18.426829979720583 ], [ -95.511852049695989, 18.422043399863028 ], [ -95.510221890265157, 18.42654006000852 ], [ -95.517184659560797, 18.430511459801746 ], [ -95.516100489590613, 18.434416539806051 ], [ -95.521374139691119, 18.441676140051083 ], [ -95.517893479918996, 18.458329020372481 ], [ -95.535511139702606, 18.463194620092867 ], [ -95.530995889877886, 18.469488349736409 ], [ -95.528090739525169, 18.464317720323411 ], [ -95.52534215008528, 18.473657690038067 ], [ -95.528823800280648, 18.471226089623059 ], [ -95.53335040030521, 18.477422860274331 ], [ -95.545000260189823, 18.480262450117149 ], [ -95.538386800087849, 18.481266019999627 ], [ -95.534227850381598, 18.48723764965554 ], [ -95.532439859933007, 18.485231890408162 ], [ -95.526843659793158, 18.489294880289091 ], [ -95.520830649915467, 18.485542909750187 ], [ -95.519036320006535, 18.480166150166728 ], [ -95.515210430231221, 18.480490219574261 ], [ -95.509830200146624, 18.471698539571292 ], [ -95.503141340466684, 18.476407229583916 ], [ -95.502358059857599, 18.473845829736945 ], [ -95.49612234003159, 18.476950949792297 ], [ -95.491128110444109, 18.475283830207324 ], [ -95.489033289885398, 18.46916549011388 ], [ -95.486174429625208, 18.472389660226849 ], [ -95.481269750232883, 18.468892050124616 ], [ -95.475196780335082, 18.469249889934481 ], [ -95.470298599675701, 18.479828060212007 ], [ -95.464488820290782, 18.478526909793558 ], [ -95.46085511972403, 18.483147399616268 ], [ -95.452364079756805, 18.483542550112983 ], [ -95.450935979928659, 18.487401619715278 ], [ -95.444077380273114, 18.486563339572164 ], [ -95.446086780051544, 18.501660399861915 ], [ -95.440982939919749, 18.502529720286724 ], [ -95.42713451991564, 18.501270339740984 ], [ -95.427753630170869, 18.495653120043997 ], [ -95.424261230158422, 18.49518200001302 ], [ -95.426495539590803, 18.491112819803611 ], [ -95.416928350291144, 18.491287029572106 ], [ -95.415757030146182, 18.487370781321765 ], [ -95.414231280182563, 18.490933650419944 ], [ -95.407275180408689, 18.490291769937077 ], [ -95.401227180282618, 18.495202949862964 ], [ -95.380403490104442, 18.489172689612602 ], [ -95.382210970419663, 18.504960819801155 ], [ -95.375223089949685, 18.502268419903093 ], [ -95.370692570411464, 18.503519720097334 ], [ -95.369625539837159, 18.507915400012472 ], [ -95.349637150392567, 18.506697349772246 ], [ -95.348637540353678, 18.51399036978556 ], [ -95.343530509977512, 18.512858029581064 ], [ -95.34480985955183, 18.515766309654598 ], [ -95.336963540317853, 18.519231430307354 ], [ -95.328370090241322, 18.517711509921906 ], [ -95.328173149727235, 18.523420249740827 ], [ -95.33276439954308, 18.526732309969798 ], [ -95.326280950379953, 18.531970879894754 ], [ -95.322097889990232, 18.546227619997435 ], [ -95.314975859942479, 18.545802340241973 ], [ -95.31981567989871, 18.553883880393034 ], [ -95.313684770285946, 18.554177199561256 ], [ -95.31618511984108, 18.563855199940846 ], [ -95.32664770993253, 18.572502349810293 ] ] ] } },
{ "type": "Feature", "properties": { "code": "30144", "stateCode": "30", "municipalityCode": "144", "name": "Sayula de Alemán" }, "geometry": { "type": "Polygon", "coordinates": [ [ [ -94.996922020295358, 17.930749249606261 ], [ -94.98615767991231, 17.925832860026308 ], [ -94.985805250157753, 17.917397969650214 ], [ -94.982782280381358, 17.914676600335298 ], [ -94.987374250321992, 17.910268429600233 ], [ -94.982537260389975, 17.907662879582361 ], [ -94.976471459622559, 17.912613969771431 ], [ -94.973486309996758, 17.911382890244152 ], [ -94.968101659696941, 17.919244249956296 ], [ -94.966376970173783, 17.917264370410916 ], [ -94.962977980333974, 17.920017430411146 ], [ -94.966246379675908, 17.920976920415775 ], [ -94.964723170340903, 17.925222220278229 ], [ -94.95548259998256, 17.928841340399174 ], [ -94.956325459654494, 17.922128879877405 ], [ -94.948478579718369, 17.926626570245464 ], [ -94.951388539538002, 17.922692340090393 ], [ -94.948463290419724, 17.921408890058849 ], [ -94.930302380020208, 17.921447520276981 ], [ -94.939235140368964, 17.90997072001981 ], [ -94.917014649796073, 17.911301550067822 ], [ -94.92000620013502, 17.902252509699807 ], [ -94.944825850281561, 17.90298314965565 ], [ -94.949563719650868, 17.896450090329026 ], [ -94.946373489531481, 17.892777030285309 ], [ -94.929191690072301, 17.890505939714497 ], [ -94.928548370004634, 17.887795650181364 ], [ -94.932004950403325, 17.888278460380803 ], [ -94.932041369954462, 17.880669320056057 ], [ -94.935106030343945, 17.879250509794396 ], [ -94.92971703025863, 17.870145600415146 ], [ -94.9249848200934, 17.865146780041616 ], [ -94.917847860431209, 17.862341540217791 ], [ -94.914955490019906, 17.864592260126987 ], [ -94.910718950368818, 17.860220400249659 ], [ -94.911459579626609, 17.851183110341093 ], [ -94.902977739685099, 17.851696109873444 ], [ -94.90240526034178, 17.849470250029388 ], [ -94.900025720328131, 17.851819230233541 ], [ -94.895542199976958, 17.847449479747027 ], [ -94.899876520052828, 17.84034098002601 ], [ -94.894486430277993, 17.840388230219439 ], [ -94.893951780241835, 17.836815380409874 ], [ -94.883883999964155, 17.836909079905372 ], [ -94.880964180336761, 17.830791310240073 ], [ -94.884032750330221, 17.830713430071825 ], [ -94.892522830023125, 17.816074450268612 ], [ -94.891342289664749, 17.799881019991592 ], [ -94.878442260290939, 17.789382889707625 ], [ -94.875504769853592, 17.780302170143571 ], [ -94.85703438010917, 17.774314230243604 ], [ -94.852001850072455, 17.778705109594156 ], [ -94.840593489799602, 17.77735068979511 ], [ -94.839164319716289, 17.763824829986735 ], [ -94.85205665017817, 17.758208509578367 ], [ -94.86890568019426, 17.76477701963335 ], [ -94.876900650029697, 17.762905940135202 ], [ -94.879786369677731, 17.750738979913006 ], [ -94.876215089842162, 17.747239709747841 ], [ -94.870389780112617, 17.747279919784567 ], [ -94.865573370219934, 17.739714080371854 ], [ -94.85828388972665, 17.743715970157936 ], [ -94.845334350129249, 17.737867399583628 ], [ -94.831300800300554, 17.738197630155859 ], [ -94.819136049906007, 17.729967309876209 ], [ -94.831293690268666, 17.714051910249832 ], [ -94.826114719902463, 17.709725219755398 ], [ -94.829465230008552, 17.705920719551603 ], [ -94.824099780386931, 17.702964289688673 ], [ -94.828266509938402, 17.697515690241964 ], [ -94.824621689993819, 17.698775199605613 ], [ -94.824340850418039, 17.69436697034174 ], [ -94.817129999971186, 17.691513229660089 ], [ -94.814564200033843, 17.685671120289424 ], [ -94.809866020208034, 17.685488660363664 ], [ -94.808675980406875, 17.669443950384721 ], [ -94.803545400122061, 17.663384710151341 ], [ -94.803596020019285, 17.649050060355279 ], [ -94.806931290415847, 17.648777460110576 ], [ -94.806143549971353, 17.64337242976227 ], [ -94.811504710069045, 17.644099200399559 ], [ -94.8120446901073, 17.640726290234394 ], [ -94.804238400342641, 17.638432510358566 ], [ -94.806484200439826, 17.618731279610138 ], [ -94.800442569678253, 17.618029970227646 ], [ -94.804925719563073, 17.583397970413664 ], [ -94.811506120010932, 17.58868351986256 ], [ -94.816879799994737, 17.585832289902328 ], [ -94.822933830130694, 17.590855780214849 ], [ -94.827900219715303, 17.586669370008103 ], [ -94.832886689816178, 17.590700650371815 ], [ -94.839457740445738, 17.588031569927352 ], [ -94.841749219885855, 17.590485780317199 ], [ -94.849206769823368, 17.588443079758019 ], [ -94.855772400149789, 17.582175739943438 ], [ -94.858605629586719, 17.584493909941408 ], [ -94.863935710161797, 17.582943460148492 ], [ -94.865305970440588, 17.579515949962015 ], [ -94.872947799851644, 17.583950890418922 ], [ -94.881215479766979, 17.580389820273837 ], [ -94.887799290147512, 17.583355090080687 ], [ -94.893183420159971, 17.577319780241815 ], [ -94.907811449992153, 17.578401310048744 ], [ -94.913536089673514, 17.574927319572119 ], [ -94.913800799879894, 17.571158279685658 ], [ -94.923628060332447, 17.568639739660782 ], [ -94.931221739658838, 17.569869420364352 ], [ -94.939526820265726, 17.578451750059212 ], [ -94.959480320394036, 17.577938779609024 ], [ -94.963914479578875, 17.574463230360006 ], [ -94.980989680131898, 17.57723185024134 ], [ -94.99261785998884, 17.573072289995302 ], [ -95.00021933993321, 17.579442250432514 ], [ -95.02777439988013, 17.563230689914175 ], [ -95.042724019933445, 17.568483279850437 ], [ -95.050077510438101, 17.575000140081784 ], [ -95.060377659863249, 17.571704820145598 ], [ -95.076079659683813, 17.578475649579872 ], [ -95.073715110434435, 17.611845580170201 ], [ -95.066927570167351, 17.646007080006328 ], [ -95.056970110190022, 17.64766837992914 ], [ -95.056021689628821, 17.653698489659231 ], [ -95.034247680116991, 17.649318550000277 ], [ -95.035213829580684, 17.645932579962331 ], [ -95.012273769541594, 17.637159050351112 ], [ -95.008847910334026, 17.632778230194646 ], [ -95.005894720008584, 17.637452880358889 ], [ -95.009958739553625, 17.643080200312085 ], [ -95.00661545033897, 17.651797889933246 ], [ -95.019652260371785, 17.653542259959629 ], [ -95.021779999519708, 17.656434200376598 ], [ -95.027112480237406, 17.654805619981794 ], [ -95.027550263086525, 17.660716180185762 ], [ -95.032731399738836, 17.663299999763378 ], [ -95.030792540427115, 17.665964029737705 ], [ -95.036383539769091, 17.666686689630978 ], [ -95.036856479928687, 17.6631187798253 ], [ -95.046307150150184, 17.664322249793194 ], [ -95.044627660427821, 17.674885620087721 ], [ -95.049454029802689, 17.675499599968575 ], [ -95.048580290327564, 17.683034199761632 ], [ -95.057465600473265, 17.688034179695826 ], [ -95.0563175102982, 17.700355120436566 ], [ -95.064668879716521, 17.701272489964584 ], [ -95.058368619876589, 17.719836769934684 ], [ -95.028851520012736, 17.715809120330494 ], [ -95.023223979688098, 17.685631019834346 ], [ -95.019575679954499, 17.690677629708077 ], [ -95.013085850349654, 17.690651800419339 ], [ -95.014455569608344, 17.676342740167716 ], [ -95.011005550463906, 17.675860139912928 ], [ -95.011675219547058, 17.671348080080527 ], [ -95.00812125974447, 17.668719769742658 ], [ -94.999315420106754, 17.668922970247916 ], [ -94.997922290103077, 17.671800880260271 ], [ -94.997927889758742, 17.658230919722318 ], [ -94.969625750305113, 17.654746769596819 ], [ -94.970264919551227, 17.650667909985 ], [ -94.962071249701339, 17.635187110024052 ], [ -94.934544000227163, 17.631190080097625 ], [ -94.934788089621648, 17.626809719783456 ], [ -94.928595080125206, 17.629355890414743 ], [ -94.926307259991901, 17.61988371984668 ], [ -94.922198339549084, 17.622209599847753 ], [ -94.910470290193203, 17.619974450229368 ], [ -94.906424459980045, 17.614059569892607 ], [ -94.907531980163128, 17.605594399744461 ], [ -94.902814720227283, 17.604879199718198 ], [ -94.903362819576728, 17.600826829962539 ], [ -94.899260659958031, 17.596120910065057 ], [ -94.89009210980285, 17.593765119801976 ], [ -94.886168370356344, 17.597403199686418 ], [ -94.886825580081606, 17.60364465974946 ], [ -94.879958060105807, 17.603085290252942 ], [ -94.878850970080478, 17.61450851034526 ], [ -94.886470679678879, 17.614761770316392 ], [ -94.887970289994556, 17.623287749882127 ], [ -94.895874659960811, 17.623419579918174 ], [ -94.902358939699454, 17.619642890368379 ], [ -94.906150249772978, 17.621178380081766 ], [ -94.906760380027734, 17.62885665956523 ], [ -94.911560199918043, 17.626955800213693 ], [ -94.915001509604281, 17.633292000226568 ], [ -94.908222569812665, 17.647867720177697 ], [ -94.90514787989045, 17.687834939937275 ], [ -94.916069950099399, 17.689521749683191 ], [ -94.930016219956826, 17.684404179951276 ], [ -94.933768309952413, 17.679942749689605 ], [ -94.939198199680376, 17.681179799628417 ], [ -94.941017289596076, 17.676155850111659 ], [ -94.946021180021887, 17.676430509639832 ], [ -94.949175340326221, 17.687066970408154 ], [ -94.953819030076659, 17.688013619901572 ], [ -94.94833297997144, 17.691180550419173 ], [ -94.944161630005709, 17.686249719578608 ], [ -94.946919739670264, 17.696612090197689 ], [ -94.938096119681518, 17.699040599989129 ], [ -94.937801429724303, 17.7054399803236 ], [ -94.941917449592822, 17.708638849759527 ], [ -94.952566349627944, 17.708417520392089 ], [ -94.9525028495637, 17.711988140391149 ], [ -94.961645319696032, 17.711683320312453 ], [ -94.961346030061264, 17.715736519642359 ], [ -94.972415119962662, 17.716218169757969 ], [ -94.972187019820353, 17.720705600128017 ], [ -94.985660750184437, 17.721485539751413 ], [ -94.985148279761674, 17.724981860270812 ], [ -94.994355150093426, 17.726369580392266 ], [ -94.993734799861357, 17.72990418031393 ], [ -95.002917820118569, 17.731318850392746 ], [ -95.002399970246074, 17.735117479939287 ], [ -95.004878600439554, 17.733229089995749 ], [ -95.038291149560152, 17.751537539853459 ], [ -95.023814489615674, 17.776136490016331 ], [ -95.026462949890742, 17.779922720364745 ], [ -95.032419890069832, 17.779827829571207 ], [ -95.037787369980606, 17.772816060111417 ], [ -95.036159549969042, 17.768259430222972 ], [ -95.045558109949795, 17.763270680222959 ], [ -95.050627749547488, 17.772636860182537 ], [ -95.062671740285822, 17.772356569960088 ], [ -95.069157579555934, 17.779339659732322 ], [ -95.077420319625688, 17.781857140201865 ], [ -95.072803969744058, 17.786397110161786 ], [ -95.060952939672703, 17.788353920375567 ], [ -95.054606489674399, 17.795316139816439 ], [ -95.055549720120382, 17.799728509981218 ], [ -95.051515550168489, 17.800583489853363 ], [ -95.052200680057112, 17.80368614984544 ], [ -95.047069739959682, 17.804696799694678 ], [ -95.048312659906031, 17.820580579644819 ], [ -95.044072000359421, 17.819772279630094 ], [ -95.041889979772179, 17.824033110249058 ], [ -95.036922940372691, 17.820253400093613 ], [ -95.032858260078115, 17.825460119620679 ], [ -95.02765214024943, 17.825011339933585 ], [ -95.027751400143373, 17.833553630289501 ], [ -95.036953309932258, 17.840577660185925 ], [ -95.02587479971335, 17.860645229946684 ], [ -95.033236819928391, 17.875570599773116 ], [ -95.034114399561986, 17.888755780259476 ], [ -95.019556710302183, 17.89866184973928 ], [ -95.021947550240895, 17.903557600269021 ], [ -95.019044880357882, 17.91252584988472 ], [ -95.022681689769485, 17.918160819951591 ], [ -95.016586479658201, 17.915581939763292 ], [ -95.007507109596034, 17.929913349975426 ], [ -94.996922020295358, 17.930749249606261 ] ] ] } },
{ "type": "Feature", "properties": { "code": "30151", "stateCode": "30", "municipalityCode": "151", "name": "Tamiahua" }, "geometry": { "type": "MultiPolygon", "coordinates": [ [ [ [ -97.221317646448085, 21.476608006076727 ], [ -97.225036791656407, 21.468736863375632 ], [ -97.230402817881128, 21.468645691975215 ], [ -97.226670975144373, 21.471368514176092 ], [ -97.228495005418637, 21.472673048017622 ], [ -97.221317646448085, 21.476608006076727 ] ] ], [ [ [ -97.51006921987522, 21.577584119708003 ], [ -97.488706249930985, 21.576651910170575 ], [ -97.488270249804827, 21.568753079741882 ], [ -97.387414379542363, 21.53654145991754 ], [ -97.342525580044196, 21.559104820372593 ], [ -97.330363000035078, 21.560360349830859 ], [ -97.332808490114729, 21.549165220193448 ], [ -97.329324399776979, 21.523532139935575 ], [ -97.33182914989699, 21.510114460066024 ], [ -97.352358019741288, 21.452079400017901 ], [ -97.375289979728251, 21.399216569923123 ], [ -97.398718910021529, 21.362987000424202 ], [ -97.410598090170907, 21.337835059931635 ], [ -97.420393279676048, 21.293942540064023 ], [ -97.418313780467003, 21.260515170210756 ], [ -97.422276780139541, 21.246426569609831 ], [ -97.416383579586935, 21.21470217972514 ], [ -97.397529149798771, 21.160925260192982 ], [ -97.364246479670228, 21.097961680045341 ], [ -97.367338770259494, 21.096596740254657 ], [ -97.371815110268543, 21.106996580081507 ], [ -97.382793019920413, 21.116683829739465 ], [ -97.383620800041484, 21.127957689646482 ], [ -97.3879337698814, 21.133169259718152 ], [ -97.40133179981018, 21.131244720297577 ], [ -97.400345400438866, 21.12437714990044 ], [ -97.408529919993697, 21.120758219654643 ], [ -97.409464859774886, 21.113094769585111 ], [ -97.415574879791563, 21.107214019842534 ], [ -97.417748999601386, 21.108513750116892 ], [ -97.413742480193918, 21.112497290035542 ], [ -97.415384880254749, 21.11490894988847 ], [ -97.432630250164493, 21.115865779978893 ], [ -97.435009570179218, 21.12569678045168 ], [ -97.448248479788091, 21.128341249715625 ], [ -97.451185429862335, 21.136565179848773 ], [ -97.467906580386185, 21.139423649746718 ], [ -97.486180110041616, 21.137500710082605 ], [ -97.496604460405919, 21.13220759959238 ], [ -97.4953016302305, 21.127199679872515 ], [ -97.499892949801946, 21.129888600445057 ], [ -97.504091749800764, 21.12496095029411 ], [ -97.51266845013275, 21.122346340064862 ], [ -97.530654659628624, 21.120627679757135 ], [ -97.537640860214395, 21.124612030044691 ], [ -97.554676599926211, 21.113177779663939 ], [ -97.556622739584412, 21.105383660063705 ], [ -97.563966260090055, 21.107707250115823 ], [ -97.567816820084502, 21.105135979644846 ], [ -97.588003879664939, 21.123614220238768 ], [ -97.593839690033903, 21.138608690434939 ], [ -97.598736119918513, 21.136620799883683 ], [ -97.610714969548837, 21.139290460435635 ], [ -97.609101740150763, 21.152665970397752 ], [ -97.614642680382929, 21.148999199802056 ], [ -97.620509600449381, 21.156844489665268 ], [ -97.62996777960241, 21.158854020087283 ], [ -97.629688969942862, 21.169798710199061 ], [ -97.637047969700731, 21.183697449923265 ], [ -97.65176662037436, 21.184764709862893 ], [ -97.670005420435487, 21.191438800084885 ], [ -97.671798659851163, 21.188382830039959 ], [ -97.683441050312354, 21.192690219901838 ], [ -97.685234430048482, 21.1986811696061 ], [ -97.697263460366457, 21.193849080267398 ], [ -97.699021169588249, 21.196343020286029 ], [ -97.699777479665372, 21.189622050259175 ], [ -97.712237659799641, 21.1964457798267 ], [ -97.712426660266473, 21.205348779974386 ], [ -97.700189630473105, 21.211134889932975 ], [ -97.69768221989483, 21.219590200103347 ], [ -97.69181257012545, 21.220594710404612 ], [ -97.697595310202331, 21.228450139573717 ], [ -97.704985260113574, 21.23223739979338 ], [ -97.70378756963045, 21.242991859709523 ], [ -97.698441949689311, 21.246442430436499 ], [ -97.696643250487412, 21.253458519775304 ], [ -97.680152379853752, 21.258950980036758 ], [ -97.679390540354007, 21.256695049923753 ], [ -97.664761090056857, 21.257989200431695 ], [ -97.665040580146851, 21.270952150417269 ], [ -97.658884829745688, 21.27457678036831 ], [ -97.659588999855046, 21.280042029887856 ], [ -97.655497510002178, 21.283796850453687 ], [ -97.657992170206811, 21.284967719570183 ], [ -97.639176949664218, 21.292511109732441 ], [ -97.645085350068527, 21.286332569772398 ], [ -97.629821349737924, 21.282495049747173 ], [ -97.626075919621854, 21.286090800307942 ], [ -97.621032820320366, 21.283311169777697 ], [ -97.617799180456089, 21.285942860168422 ], [ -97.616034920279688, 21.283076419837698 ], [ -97.605750819743719, 21.295556180154232 ], [ -97.605540019558205, 21.292927350101163 ], [ -97.601250339536691, 21.295819660174157 ], [ -97.600812450309022, 21.292623999722522 ], [ -97.599465289791752, 21.294954199590617 ], [ -97.592902429674723, 21.29102901990975 ], [ -97.583232149989755, 21.29603897988979 ], [ -97.593750510339461, 21.298374879834913 ], [ -97.594099660128435, 21.306876649823572 ], [ -97.588823799599368, 21.309629689842211 ], [ -97.592645420464422, 21.316355709729255 ], [ -97.588294890147992, 21.315883120355124 ], [ -97.590855169765547, 21.319377000006902 ], [ -97.586372599682193, 21.323008860339939 ], [ -97.586998779643295, 21.333948539829439 ], [ -97.581500690422658, 21.335022770310815 ], [ -97.584234170117142, 21.337807649858036 ], [ -97.583126740214297, 21.347495679738657 ], [ -97.585246079601788, 21.34745148992646 ], [ -97.582886860239611, 21.351576570116599 ], [ -97.587111709724695, 21.352514060078324 ], [ -97.584989620192601, 21.35863217956517 ], [ -97.576275650260357, 21.359891939634387 ], [ -97.567681249955655, 21.366577259944275 ], [ -97.565753419592852, 21.371826480241193 ], [ -97.561297049968047, 21.372097340058321 ], [ -97.562928629848201, 21.374082829562109 ], [ -97.559170449809145, 21.372539830379086 ], [ -97.562356419923788, 21.381554229650927 ], [ -97.556469490375392, 21.384546860063192 ], [ -97.552458819985404, 21.399011620178438 ], [ -97.546617459894875, 21.398186179830184 ], [ -97.546088629649205, 21.401934969994002 ], [ -97.538314319897992, 21.407079859856854 ], [ -97.526128660073667, 21.403048450111555 ], [ -97.520138000193313, 21.406396280114066 ], [ -97.529208659508555, 21.419543890278138 ], [ -97.541744689530034, 21.418615320430348 ], [ -97.544483109981726, 21.421990320291794 ], [ -97.538276309695789, 21.426585600010103 ], [ -97.525087280090275, 21.426507259678534 ], [ -97.519939629624631, 21.458849889981238 ], [ -97.513293820031265, 21.465245029967157 ], [ -97.530524379566018, 21.580891749900761 ], [ -97.525534690252044, 21.58247142968068 ], [ -97.51006921987522, 21.577584119708003 ] ] ] ] } },
{ "type": "Feature", "properties": { "code": "30152", "stateCode": "30", "municipalityCode": "152", "name": "Tampico Alto" }, "geometry": { "type": "Polygon", "coordinates": [ [ [ -97.785461819823226, 22.166213879563323 ], [ -97.759119780414892, 22.080298249956158 ], [ -97.730890140180165, 22.015329459888843 ], [ -97.698065879997486, 21.956483630444506 ], [ -97.613234080295612, 21.830875749726598 ], [ -97.564334429901692, 21.770793819691065 ], [ -97.521923910308189, 21.729363449695896 ], [ -97.472949460365385, 21.689925349946055 ], [ -97.432260770175034, 21.650901400340722 ], [ -97.343588200102957, 21.587690570163414 ], [ -97.340237680453058, 21.57934355043432 ], [ -97.327904399890627, 21.567165199562471 ], [ -97.330217219749002, 21.558439520385225 ], [ -97.33188660030828, 21.561395170172478 ], [ -97.342525580044168, 21.559104820372536 ], [ -97.387414379542335, 21.536541459917533 ], [ -97.404558859574578, 21.556037969645562 ], [ -97.421129939650555, 21.568304880318866 ], [ -97.427200879729739, 21.56854421972778 ], [ -97.446634770107565, 21.589767550432743 ], [ -97.460396890123349, 21.597285279732901 ], [ -97.462574259837666, 21.603685170052866 ], [ -97.49343401989745, 21.638788020372182 ], [ -97.498585649826538, 21.654989829692006 ], [ -97.50393425019152, 21.657979970450469 ], [ -97.506283829515496, 21.668580910259692 ], [ -97.521138400144693, 21.675111999872978 ], [ -97.5447656504424, 21.698959480457418 ], [ -97.564483829540322, 21.733546919823407 ], [ -97.57831971966084, 21.743656619979479 ], [ -97.586257370467607, 21.743240419574835 ], [ -97.589878089637452, 21.754101649828282 ], [ -97.600159230374729, 21.762330969890346 ], [ -97.607435599734785, 21.774427619904699 ], [ -97.615271030268943, 21.77997702977509 ], [ -97.620667340318107, 21.779948629909125 ], [ -97.620614799729552, 21.790306169875191 ], [ -97.626932200416277, 21.80076878005686 ], [ -97.627996489629979, 21.811910280232574 ], [ -97.637747540285872, 21.822178419746038 ], [ -97.636848850211351, 21.842397580033218 ], [ -97.648849020421125, 21.856384690128955 ], [ -97.659240490243533, 21.888414519893981 ], [ -97.664230430107182, 21.888725779780874 ], [ -97.67788769042879, 21.921486170068906 ], [ -97.690712709527432, 21.919513550137108 ], [ -97.694174280049509, 21.915567829789751 ], [ -97.716645379758177, 21.906980980042409 ], [ -97.720027139569268, 21.915678179778066 ], [ -97.758157030445531, 21.92148748018565 ], [ -97.760315650108083, 21.931458480251525 ], [ -97.771194739752943, 21.930487570326026 ], [ -97.773837179899047, 21.92616466004629 ], [ -97.777684889897429, 21.93134642991583 ], [ -97.788974179933817, 21.931663309586447 ], [ -97.799280650444729, 21.925992090440616 ], [ -97.818486659632825, 21.922960400215402 ], [ -97.820371849798249, 21.931128000083092 ], [ -97.823234120288419, 21.932195379563602 ], [ -97.822521739572068, 21.937417259644903 ], [ -97.833710510438465, 21.936520290301178 ], [ -97.833541260366289, 21.947795170270737 ], [ -97.83717199960472, 21.948260750163151 ], [ -97.838319259850863, 21.941469740076833 ], [ -97.842337379968953, 21.939096679958176 ], [ -97.843355940347465, 21.946193630422918 ], [ -97.848236180269282, 21.948033630373569 ], [ -97.854722619565024, 21.939592999698231 ], [ -97.850667949542128, 21.932167979830432 ], [ -97.857208939565623, 21.934481399633064 ], [ -97.858362419563605, 21.929531170230092 ], [ -97.866021579535285, 21.922874379946048 ], [ -97.867324310302649, 21.915579019593874 ], [ -97.871447579872338, 21.916372050232361 ], [ -97.877260749572073, 21.908313419938807 ], [ -97.885756579686571, 21.909666459622986 ], [ -97.884839429540378, 21.913592400291549 ], [ -97.891421109882032, 21.913108969914763 ], [ -97.897359149579003, 21.90559882035372 ], [ -97.903954250090706, 21.910965380439698 ], [ -97.904278830252309, 21.915416550323854 ], [ -97.917664320312454, 21.9142906800219 ], [ -97.923463980212262, 21.917301570314358 ], [ -97.926373570240983, 21.923359450435637 ], [ -97.919790569857369, 21.935397150377014 ], [ -97.926475219887877, 21.938865769714543 ], [ -98.034561880464693, 21.948923660002333 ], [ -98.041655940277408, 21.946755769929066 ], [ -98.058654049912533, 21.948689509618752 ], [ -98.056775089856174, 21.95141095002883 ], [ -98.050391200402089, 21.95011825975233 ], [ -98.051640179841868, 21.954482779606739 ], [ -98.044989649754996, 21.960760950063268 ], [ -98.04627332001003, 21.966912849688306 ], [ -98.042269510443077, 21.972711020261777 ], [ -98.050614400226735, 21.970803950290737 ], [ -98.055860830176272, 21.973574080153917 ], [ -98.063373289784877, 21.98536658038763 ], [ -98.059417850211133, 21.993016340423921 ], [ -98.065022940331389, 21.996623480305246 ], [ -98.069410020282689, 21.993807030335731 ], [ -98.07359891982324, 21.996311219623518 ], [ -98.0715418802789, 21.999878949888782 ], [ -98.080014420381048, 22.005715079745404 ], [ -98.07987188017718, 22.012291230061336 ], [ -98.065030850083232, 22.023838649730109 ], [ -98.054867169941829, 22.019951880367604 ], [ -98.053980709522392, 22.014486280318025 ], [ -98.049115510347022, 22.013567629968492 ], [ -98.043580910057173, 22.022379719773717 ], [ -98.026113980026182, 22.027254550109799 ], [ -98.021761520258394, 22.031700050163295 ], [ -98.026364620029256, 22.036801379943689 ], [ -98.024701970478461, 22.040136659911024 ], [ -98.028112019798385, 22.053436549918757 ], [ -98.021144199673643, 22.053615629794237 ], [ -98.017143090471322, 22.050195910440987 ], [ -98.006552889757486, 22.069824980078824 ], [ -97.978120090379889, 22.079518550115921 ], [ -97.981980319999522, 22.08502885022925 ], [ -97.983325060195952, 22.101261619922571 ], [ -97.976434090263524, 22.111775350044471 ], [ -97.973245170423979, 22.123937720076356 ], [ -97.955397859969366, 22.120004489644405 ], [ -97.950014000281016, 22.120229710435144 ], [ -97.951900170055254, 22.124042600029178 ], [ -97.936910909684741, 22.121335399680955 ], [ -97.932852580436403, 22.114588950409857 ], [ -97.93485288951247, 22.105930200366441 ], [ -97.941424830341418, 22.100714540259514 ], [ -97.941325519983621, 22.093374170435911 ], [ -97.950181060363974, 22.086855490326109 ], [ -97.952918750399746, 22.077250859959946 ], [ -97.922528419524596, 22.070626399991127 ], [ -97.919664709668567, 22.072084059880449 ], [ -97.923592179587516, 22.077057149813335 ], [ -97.918255150165024, 22.080922950374902 ], [ -97.919452830377921, 22.083566260008027 ], [ -97.906103709576996, 22.093466219555769 ], [ -97.887229799633459, 22.088593829593805 ], [ -97.888321049928919, 22.092283289635741 ], [ -97.891307200045617, 22.090382030084616 ], [ -97.894648889670222, 22.093831599999273 ], [ -97.892796819538745, 22.109187550256795 ], [ -97.897239569806075, 22.119707820026953 ], [ -97.896542029663649, 22.124745110008554 ], [ -97.881758480490092, 22.137307619593024 ], [ -97.860023230238895, 22.148006599923853 ], [ -97.845785059735874, 22.142706650030288 ], [ -97.840124800266381, 22.1513397198908 ], [ -97.807330999677873, 22.153330679973337 ], [ -97.785461819823226, 22.166213879563323 ] ] ] } },
{ "type": "Feature", "properties": { "code": "30153", "stateCode": "30", "municipalityCode": "153", "name": "Tancoco" }, "geometry": { "type": "Polygon", "coordinates": [ [ [ -97.788032650362283, 21.333121619688889 ], [ -97.774443340190942, 21.331025029720092 ], [ -97.771757890306731, 21.326682820089044 ], [ -97.746139629526979, 21.280692079920417 ], [ -97.749117879975728, 21.27980891996339 ], [ -97.744980450457362, 21.267388289795687 ], [ -97.725942830370911, 21.264370860456687 ], [ -97.715829849545301, 21.253124890309984 ], [ -97.706703740490326, 21.261136089735949 ], [ -97.710187650252195, 21.264635030289021 ], [ -97.718366909730477, 21.264451770389485 ], [ -97.715370999856106, 21.268934890433268 ], [ -97.68959894006295, 21.264996709622618 ], [ -97.686890490107032, 21.266625180402116 ], [ -97.689501230462213, 21.268230399768154 ], [ -97.687509400148073, 21.270834779777726 ], [ -97.677119450163659, 21.267972479815185 ], [ -97.669767550274386, 21.288117219602078 ], [ -97.676812800178197, 21.28304910960113 ], [ -97.685557830208666, 21.291189820277495 ], [ -97.67906305002856, 21.300936509903089 ], [ -97.669648629907755, 21.304855889949227 ], [ -97.672540629621963, 21.301698050098189 ], [ -97.668352830247244, 21.299853619899856 ], [ -97.657699879899241, 21.280066320440334 ], [ -97.658884829745659, 21.27457678036826 ], [ -97.664502650111586, 21.272877020269803 ], [ -97.664761090056828, 21.257989200431659 ], [ -97.679390540353978, 21.256695049923739 ], [ -97.680152379853723, 21.258950980036705 ], [ -97.696643250487369, 21.253458519775272 ], [ -97.705559380065935, 21.23458036997685 ], [ -97.691812570125407, 21.220594710404573 ], [ -97.698266920425581, 21.219071320359838 ], [ -97.700189630473091, 21.211134889932961 ], [ -97.712426660266445, 21.205348779974372 ], [ -97.715280600319502, 21.199193510200342 ], [ -97.718147770340224, 21.201697060367682 ], [ -97.722302459991539, 21.20023954966441 ], [ -97.721311980216981, 21.204483650132673 ], [ -97.74902001986726, 21.208419829651255 ], [ -97.750112819778195, 21.220249860179749 ], [ -97.755276649864612, 21.218782200401776 ], [ -97.756224490362086, 21.22197488011123 ], [ -97.765510819887723, 21.222477140280851 ], [ -97.771420109555436, 21.225756379973028 ], [ -97.770778519535199, 21.229313320130295 ], [ -97.785940739787236, 21.233029050312798 ], [ -97.792107599660369, 21.239497719778395 ], [ -97.795706550079387, 21.235629710372319 ], [ -97.802113509934614, 21.235853540149968 ], [ -97.807155799690122, 21.227683110327316 ], [ -97.822172519798784, 21.217174749773445 ], [ -97.820271309570046, 21.220767019831825 ], [ -97.826743370473068, 21.230782510111336 ], [ -97.829205599718406, 21.223273539735747 ], [ -97.833228080203071, 21.230893200421061 ], [ -97.842104140351111, 21.224043579617355 ], [ -97.848265280174942, 21.227912910144703 ], [ -97.855474220439802, 21.223120540316181 ], [ -97.860737490058455, 21.231751710088336 ], [ -97.870801550125989, 21.235483149596394 ], [ -97.871941910386866, 21.250393849954602 ], [ -97.868077019962328, 21.258039109599252 ], [ -97.872087460201129, 21.269502880409082 ], [ -97.866080370417762, 21.268735370136564 ], [ -97.86285130983147, 21.284198830054287 ], [ -97.853633399606025, 21.282620949795831 ], [ -97.847190570124425, 21.286622659662466 ], [ -97.84988894044136, 21.297804119921398 ], [ -97.83814915044367, 21.297012520448053 ], [ -97.838935059745666, 21.302109309784846 ], [ -97.834517169539509, 21.299233780152584 ], [ -97.833401490093365, 21.303796910388812 ], [ -97.827349860159998, 21.307560769998663 ], [ -97.829912250309448, 21.312832570339872 ], [ -97.816028710233752, 21.31305112044646 ], [ -97.810499770018069, 21.320967629929349 ], [ -97.798242919593136, 21.324287230237044 ], [ -97.788032650362283, 21.333121619688889 ] ] ] } },
{ "type": "Feature", "properties": { "code": "30154", "stateCode": "30", "municipalityCode": "154", "name": "Tantima" }, "geometry": { "type": "Polygon", "coordinates": [ [ [ -97.766667310332849, 21.530820339811108 ], [ -97.752800279583667, 21.528328119777367 ], [ -97.756458290401966, 21.522785020133867 ], [ -97.750276679732409, 21.52885897006874 ], [ -97.747616680031399, 21.526675620106804 ], [ -97.750955579545291, 21.515017820181999 ], [ -97.742849400475777, 21.504621179872753 ], [ -97.749782950186969, 21.505358680095078 ], [ -97.75104628043762, 21.50028375003679 ], [ -97.770350740258564, 21.495860140153024 ], [ -97.771985090360275, 21.489155450157952 ], [ -97.756286859632084, 21.483481860398662 ], [ -97.753466600238227, 21.486477799732715 ], [ -97.747487920095381, 21.483469230117727 ], [ -97.747408089867008, 21.486944049970063 ], [ -97.738540550305231, 21.487844830219966 ], [ -97.744079819976264, 21.473928600258766 ], [ -97.751582399596344, 21.465496719599493 ], [ -97.757818950268074, 21.464561319924275 ], [ -97.757525540305394, 21.458677510450368 ], [ -97.762306689572497, 21.45710533996289 ], [ -97.759308120208729, 21.448804059603095 ], [ -97.750985319579598, 21.451653659740451 ], [ -97.740971139909888, 21.449336579737729 ], [ -97.732437919795402, 21.452991650308206 ], [ -97.722958600011978, 21.465501369707628 ], [ -97.71221202962623, 21.465677179834696 ], [ -97.706398980376008, 21.477769740331905 ], [ -97.703510280379675, 21.476514220443512 ], [ -97.706967969824277, 21.468644309844347 ], [ -97.699851119675685, 21.467275279802482 ], [ -97.690588979914807, 21.468045200064857 ], [ -97.688765770138602, 21.471936419682919 ], [ -97.680538650315597, 21.470366770195966 ], [ -97.682239939797995, 21.468238690412662 ], [ -97.675008779742583, 21.465185180352552 ], [ -97.674011619696159, 21.467784109633225 ], [ -97.66393996987955, 21.465055779772857 ], [ -97.653668349815305, 21.473796229943083 ], [ -97.64926744999191, 21.468733430145647 ], [ -97.645761089767333, 21.477799319566152 ], [ -97.651838220412756, 21.478451449860106 ], [ -97.632244429694211, 21.491824399545948 ], [ -97.618904429561013, 21.484354079646728 ], [ -97.611849569707445, 21.47167551028776 ], [ -97.606401599992935, 21.499237830008006 ], [ -97.603463949850052, 21.496028629588125 ], [ -97.60485706027228, 21.492876769602461 ], [ -97.600735510162622, 21.49364491016139 ], [ -97.601203319986155, 21.488023600061236 ], [ -97.595014909823988, 21.48675942027236 ], [ -97.590266509671409, 21.480809739917099 ], [ -97.584549310327375, 21.483081379570589 ], [ -97.575370250457382, 21.468627140024029 ], [ -97.568018489848171, 21.464227920374412 ], [ -97.570009079877181, 21.460754460106031 ], [ -97.564241429771457, 21.442087250141036 ], [ -97.570151259793462, 21.435110619559797 ], [ -97.572019859713251, 21.422111170337391 ], [ -97.567622259534971, 21.417260460438222 ], [ -97.565603580238275, 21.421067119831083 ], [ -97.562106570393297, 21.412884050195782 ], [ -97.581026749753576, 21.40455917964141 ], [ -97.589562280073039, 21.408965689594943 ], [ -97.589283480106459, 21.412318649644345 ], [ -97.597234599556344, 21.41379817997273 ], [ -97.597527519597278, 21.417099909964325 ], [ -97.604134909782886, 21.415930020265968 ], [ -97.606432710082828, 21.419835920112263 ], [ -97.608378150322224, 21.416353520144277 ], [ -97.611938940071781, 21.420085419570338 ], [ -97.614284520016668, 21.416899380121116 ], [ -97.618019980068709, 21.418561919738142 ], [ -97.622471949942181, 21.415852349683519 ], [ -97.642087259908308, 21.4240892002762 ], [ -97.647308250371552, 21.421784049642415 ], [ -97.642094720427536, 21.416132459682174 ], [ -97.646435740046726, 21.41184319985409 ], [ -97.655877829621403, 21.412236950422873 ], [ -97.656118860432997, 21.414552400012596 ], [ -97.663614949912926, 21.411536459677073 ], [ -97.664763030074326, 21.415536399923319 ], [ -97.679272480012997, 21.410422169841148 ], [ -97.681395779813812, 21.407503629919727 ], [ -97.678107600251934, 21.403528850295377 ], [ -97.683519950031183, 21.396815549993256 ], [ -97.68401258017019, 21.390643949969785 ], [ -97.69155176998899, 21.39231732019077 ], [ -97.697631800074674, 21.389930570379992 ], [ -97.731062569529215, 21.412397380094664 ], [ -97.731060319860262, 21.415206200345143 ], [ -97.739708570214574, 21.417061369866278 ], [ -97.751549749830971, 21.414310999942643 ], [ -97.755472830043985, 21.419719819918722 ], [ -97.752109950194324, 21.420538049643365 ], [ -97.754043880121927, 21.42357014959115 ], [ -97.760206119601861, 21.418635879573817 ], [ -97.760167490477443, 21.423643110224397 ], [ -97.748452169536534, 21.434513060209614 ], [ -97.751988860134176, 21.445594450011217 ], [ -97.755260289591902, 21.437633970281482 ], [ -97.763432920252981, 21.434085680238667 ], [ -97.772274019753283, 21.439690460397433 ], [ -97.778956859931668, 21.435452049736533 ], [ -97.779792739715191, 21.438397260265283 ], [ -97.78736569021882, 21.430636150097953 ], [ -97.794559709697225, 21.429099540247641 ], [ -97.801850020462069, 21.417013999921686 ], [ -97.793342769845438, 21.42051865967613 ], [ -97.780037149890475, 21.41533586002593 ], [ -97.77997531995662, 21.411497539763829 ], [ -97.762874649568857, 21.407783169747201 ], [ -97.7643838796767, 21.404715720368287 ], [ -97.750985059744835, 21.386231449708035 ], [ -97.774668620460361, 21.362202690038124 ], [ -97.795941650348794, 21.366936399754405 ], [ -97.818906369689316, 21.350380079540081 ], [ -97.822383220398606, 21.344562580105165 ], [ -97.817415520123319, 21.343154479582864 ], [ -97.821308339702838, 21.32554265974353 ], [ -97.809734090371293, 21.323975950305268 ], [ -97.808472520197057, 21.320488940162367 ], [ -97.816028710233752, 21.31305112044646 ], [ -97.829912250309448, 21.312832570339872 ], [ -97.828428170462971, 21.305773939915056 ], [ -97.833401490093365, 21.303796910388812 ], [ -97.834517169539509, 21.299233780152584 ], [ -97.838935059745666, 21.302109309784846 ], [ -97.83814915044367, 21.297012520448053 ], [ -97.841746230146626, 21.296647229982884 ], [ -97.845371149964961, 21.301149829724832 ], [ -97.841845169689591, 21.304402850103351 ], [ -97.843530489545074, 21.308715549874378 ], [ -97.857974450378748, 21.31817588037265 ], [ -97.864076719822904, 21.3469961799881 ], [ -97.862038940036499, 21.359615380390686 ], [ -97.850990259748698, 21.37280142991694 ], [ -97.851816940263873, 21.37849961969599 ], [ -97.857666660113935, 21.38306535026992 ], [ -97.862436709633954, 21.379716150264585 ], [ -97.864748860283484, 21.386525090047957 ], [ -97.890159879643022, 21.407852289893068 ], [ -97.893531049701195, 21.403366859610891 ], [ -97.889183859790108, 21.385164850231252 ], [ -97.891540079923516, 21.378840999635894 ], [ -97.898599080076465, 21.37703980003289 ], [ -97.910467710312091, 21.388537689914227 ], [ -97.929327769631811, 21.415625220261525 ], [ -97.932124940257239, 21.427599180320449 ], [ -97.908451969542497, 21.442462400413426 ], [ -97.899616460149687, 21.433653739686818 ], [ -97.884192569947686, 21.435337520326261 ], [ -97.877464820047678, 21.443750030268063 ], [ -97.870611429869655, 21.436163939921645 ], [ -97.862238379656958, 21.43784622968257 ], [ -97.860710419762256, 21.431946830364133 ], [ -97.854889889656235, 21.432994220067563 ], [ -97.852492089586462, 21.430237740437338 ], [ -97.849920310218735, 21.435141750113193 ], [ -97.84458454010425, 21.432022710173491 ], [ -97.842069949798798, 21.435074780439724 ], [ -97.843947450085665, 21.437324889774253 ], [ -97.839480109748564, 21.437730539543203 ], [ -97.842184829912924, 21.44168638004869 ], [ -97.835895220201621, 21.444701949781976 ], [ -97.840167860359941, 21.446595629685376 ], [ -97.835443150004821, 21.45265269034126 ], [ -97.83680386047665, 21.459851799903731 ], [ -97.830894150299741, 21.4666332903616 ], [ -97.834468969834489, 21.46965537009045 ], [ -97.82559202031328, 21.470751550458257 ], [ -97.824354539855449, 21.476755710266449 ], [ -97.818548770173862, 21.476826950333265 ], [ -97.817034490244495, 21.479403079638978 ], [ -97.821178489963202, 21.483540539750056 ], [ -97.816769720223178, 21.481328180132799 ], [ -97.808727180239856, 21.495957430174084 ], [ -97.805289539759059, 21.497708460337698 ], [ -97.798054250239417, 21.492890629862689 ], [ -97.802216939822642, 21.505280339982811 ], [ -97.792039889954822, 21.502787970050118 ], [ -97.789285750288286, 21.505025090119332 ], [ -97.79441428040198, 21.510162549656481 ], [ -97.790582089649774, 21.511409539562106 ], [ -97.795430709988366, 21.51361108963501 ], [ -97.795969310377984, 21.522436480179895 ], [ -97.790102569839462, 21.525250349795026 ], [ -97.779368000486727, 21.521431449697587 ], [ -97.779913149605164, 21.527122249794225 ], [ -97.766667310332849, 21.530820339811108 ] ] ] } },
{ "type": "Feature", "properties": { "code": "30155", "stateCode": "30", "municipalityCode": "155", "name": "Tantoyuca" }, "geometry": { "type": "Polygon", "coordinates": [ [ [ -98.069906820021671, 21.673452619630723 ], [ -98.066091030119779, 21.672624879953581 ], [ -98.065994320394623, 21.669769350255976 ], [ -98.057839030410207, 21.670193779569868 ], [ -98.044868459641322, 21.665054379660621 ], [ -98.044403909866332, 21.659563939957035 ], [ -98.036983580361962, 21.658112859577056 ], [ -98.035232630349086, 21.653838570445096 ], [ -98.029947150471628, 21.656109479558364 ], [ -98.032940800338878, 21.649879090224868 ], [ -98.030283370265266, 21.647363320284967 ], [ -98.030731050116586, 21.639920800259496 ], [ -98.019596460161708, 21.640857879744797 ], [ -98.011246879537978, 21.637731820023198 ], [ -98.005622060319922, 21.626476249871541 ], [ -97.995940140339158, 21.624950030152842 ], [ -97.987600569617612, 21.616958340062812 ], [ -97.986687770067874, 21.609964020018261 ], [ -97.988955649878974, 21.601208310350536 ], [ -97.997520940230729, 21.594366380119592 ], [ -98.003193399638576, 21.58053190960446 ], [ -98.009582429946036, 21.575881739773521 ], [ -98.012864220372535, 21.581034220171226 ], [ -98.017680950265103, 21.581836950047041 ], [ -98.021290950465286, 21.574345219860991 ], [ -98.02733485009648, 21.571202309975831 ], [ -98.029402979649575, 21.572932830137884 ], [ -98.028761690091031, 21.565444419793316 ], [ -98.036881999827244, 21.557557030250891 ], [ -98.026887489885809, 21.554390480449019 ], [ -98.024761549593961, 21.545799850399266 ], [ -98.028236549629327, 21.539996029715642 ], [ -98.021234920033621, 21.536957860345844 ], [ -98.021846110425656, 21.516775339646276 ], [ -98.026414140283578, 21.515878879840443 ], [ -98.021686740155531, 21.511782309973018 ], [ -98.027659540388797, 21.502561219747111 ], [ -98.024131859706628, 21.494819569953922 ], [ -98.027726540042153, 21.494513879669125 ], [ -98.032686179661766, 21.486786830415863 ], [ -98.040062709878555, 21.489948339638321 ], [ -98.042815089610443, 21.48550871992542 ], [ -98.049395259671215, 21.487326249596912 ], [ -98.051654060243749, 21.48436560022374 ], [ -98.048517249810104, 21.483311290111935 ], [ -98.049140260372909, 21.479614059810423 ], [ -98.054027339546266, 21.476774629847363 ], [ -98.056165779601983, 21.466305249821811 ], [ -98.062470319616722, 21.464956679946088 ], [ -98.068939029924039, 21.452583430307921 ], [ -98.061959490208878, 21.448627340163696 ], [ -98.065952769866556, 21.441503689963092 ], [ -98.062978369697575, 21.440215579881475 ], [ -98.063398180362569, 21.431015859938032 ], [ -98.060733399666006, 21.431939150023172 ], [ -98.057704850386756, 21.426036710372177 ], [ -98.054838580316428, 21.427063970079391 ], [ -98.056680690328747, 21.420155279726558 ], [ -98.049241680011406, 21.417319970187119 ], [ -98.044355599701404, 21.408036459544537 ], [ -98.049708109704355, 21.406086950290437 ], [ -98.045241519925355, 21.402755490035435 ], [ -98.042390250385992, 21.404611449697811 ], [ -98.044041769680334, 21.400296850060784 ], [ -98.040531309701237, 21.398276120022064 ], [ -98.045220980352269, 21.397268860138333 ], [ -98.039700849577073, 21.395378709540495 ], [ -98.041987769782637, 21.392027120278247 ], [ -98.037824939897831, 21.388005119577716 ], [ -98.042091080331573, 21.379018059733216 ], [ -98.038038880475128, 21.373926460169105 ], [ -98.040918149993075, 21.369566490257938 ], [ -98.037269340001686, 21.365592000363019 ], [ -98.039289859755314, 21.360182980020401 ], [ -98.036687890292015, 21.357154149985064 ], [ -98.039874110293226, 21.353137079596905 ], [ -98.036603509922472, 21.350587280383902 ], [ -98.042009520391176, 21.347147539664753 ], [ -98.040825310409303, 21.341815229561551 ], [ -98.049016219646973, 21.339069319551125 ], [ -98.065050020345723, 21.350076320155473 ], [ -98.062922749618906, 21.345025120257393 ], [ -98.066397030115667, 21.34234659960903 ], [ -98.066963599768698, 21.345038259588932 ], [ -98.070941089596388, 21.338134679793075 ], [ -98.066001750230853, 21.331122769688079 ], [ -98.060639419975146, 21.3291608197747 ], [ -98.061510120054152, 21.321658150075859 ], [ -98.07004494955487, 21.31323505018446 ], [ -98.063461519941725, 21.290485630399672 ], [ -98.067797200348252, 21.284918750451443 ], [ -98.065854380400211, 21.274643980046722 ], [ -98.091080030468945, 21.273958399770891 ], [ -98.100486059989905, 21.258006510310818 ], [ -98.098919199563284, 21.252327820092628 ], [ -98.116439720427138, 21.245468050406551 ], [ -98.109707179521507, 21.241635970307524 ], [ -98.099702000306976, 21.242956750444399 ], [ -98.093054780225941, 21.238150109994017 ], [ -98.08299962017125, 21.241561229802247 ], [ -98.079321230027233, 21.239138309736401 ], [ -98.076792850154561, 21.24329441955291 ], [ -98.067027220060098, 21.234077780216445 ], [ -98.055780089727904, 21.230026459832828 ], [ -98.070177019657052, 21.220317489843193 ], [ -98.060995580342706, 21.220669769843241 ], [ -98.058843709849825, 21.21678471035073 ], [ -98.070382000013751, 21.208767150172605 ], [ -98.061036719808286, 21.198686649623731 ], [ -98.057898199652769, 21.202706260120074 ], [ -98.045149139793494, 21.197063769844917 ], [ -98.046374019596726, 21.191033249868124 ], [ -98.040468859629712, 21.188142369670668 ], [ -98.029084490227675, 21.172782800392511 ], [ -98.035448049883328, 21.171475340152515 ], [ -98.043572769793485, 21.161653780376827 ], [ -98.043407780011151, 21.157560969744516 ], [ -98.043843539534095, 21.161339109871875 ], [ -98.050594489731282, 21.165446510088284 ], [ -98.06972615004203, 21.159444660105198 ], [ -98.075161229987131, 21.163556030443829 ], [ -98.080268510410534, 21.159785220035509 ], [ -98.08995846002783, 21.160200399763529 ], [ -98.091245520077379, 21.166365620236611 ], [ -98.107033020302353, 21.158575820229508 ], [ -98.110236120266634, 21.160779310258334 ], [ -98.114423290240381, 21.158265820170467 ], [ -98.11482899999254, 21.149789549954633 ], [ -98.121383279735596, 21.144905380341292 ], [ -98.136203489520952, 21.145467310403255 ], [ -98.136360250102882, 21.142460719778391 ], [ -98.140504980374971, 21.142694379839995 ], [ -98.143324890474631, 21.137829619851367 ], [ -98.149035279766224, 21.136084220242591 ], [ -98.156926150338847, 21.138963030228801 ], [ -98.163395059780953, 21.124554850252203 ], [ -98.176112849572817, 21.110894230100207 ], [ -98.184788449947149, 21.112410539641466 ], [ -98.201136350474513, 21.105865370267438 ], [ -98.202356090116851, 21.110890199551271 ], [ -98.195029890406559, 21.119489570155377 ], [ -98.207417660455206, 21.128726050279081 ], [ -98.205053719891438, 21.138087910123151 ], [ -98.208626289658099, 21.143316020420048 ], [ -98.216831229888129, 21.144719720035944 ], [ -98.216108020101387, 21.151080480059704 ], [ -98.227414149800765, 21.150807980039314 ], [ -98.220094710066789, 21.158023400184632 ], [ -98.207277579901501, 21.154141710061815 ], [ -98.211798429650344, 21.16950756961716 ], [ -98.230402550103705, 21.17666285957511 ], [ -98.22959785963991, 21.184041950032828 ], [ -98.234921720088821, 21.187527059586092 ], [ -98.227981509550048, 21.192714149941065 ], [ -98.220395550459202, 21.181529380020056 ], [ -98.221677999898787, 21.203817510300951 ], [ -98.216250089597764, 21.207841419619172 ], [ -98.225698740333058, 21.213416450143864 ], [ -98.231602140276891, 21.205452290222691 ], [ -98.236240030304543, 21.210172429566029 ], [ -98.238998029654567, 21.220952970310314 ], [ -98.243805549719525, 21.218606620249375 ], [ -98.248041140287242, 21.21043851959104 ], [ -98.251248569922069, 21.210928969777235 ], [ -98.247643260215753, 21.226200220035956 ], [ -98.256785050454639, 21.233690250305251 ], [ -98.249987549833719, 21.23849342037472 ], [ -98.248923140324592, 21.244103829851085 ], [ -98.253304249969432, 21.250664849687016 ], [ -98.26173234967338, 21.251102019540298 ], [ -98.258425799818369, 21.255158769812226 ], [ -98.252742980420209, 21.254184349816441 ], [ -98.250604489526566, 21.261394220411002 ], [ -98.253741179932064, 21.264457689683574 ], [ -98.266108850037284, 21.258169220380434 ], [ -98.270188029849066, 21.265754969834838 ], [ -98.267295520059804, 21.26952687995513 ], [ -98.265186939772732, 21.263206570045195 ], [ -98.261703980204928, 21.262833399645295 ], [ -98.256497660068788, 21.274664780338455 ], [ -98.27042117984189, 21.274217779794817 ], [ -98.275457350462432, 21.27694649003778 ], [ -98.271773579882549, 21.284259859876755 ], [ -98.277227090109207, 21.288732689828183 ], [ -98.287726399624006, 21.282184249851525 ], [ -98.288291519527121, 21.293531399727399 ], [ -98.295713999530733, 21.290080830234064 ], [ -98.301507059943376, 21.280208659646039 ], [ -98.304177170216576, 21.288590940452639 ], [ -98.321612430248805, 21.28644949009681 ], [ -98.331728019671033, 21.289688229674599 ], [ -98.338937290053678, 21.284800449670996 ], [ -98.337229980103331, 21.296909220257994 ], [ -98.347990849547855, 21.300595480188065 ], [ -98.360779179974031, 21.295500199599982 ], [ -98.363953749703725, 21.282595250354916 ], [ -98.379968139859642, 21.285264049659339 ], [ -98.381347909792268, 21.300609880167759 ], [ -98.377737490000342, 21.300740819883984 ], [ -98.373340709686047, 21.291795619679949 ], [ -98.36518893991088, 21.293681690330288 ], [ -98.365131369560601, 21.298865880407224 ], [ -98.378766340058164, 21.307850889970481 ], [ -98.388131339739445, 21.307083650428762 ], [ -98.389805850364866, 21.310124740354745 ], [ -98.382159579740247, 21.316358720215586 ], [ -98.371353250198055, 21.313779179684516 ], [ -98.375691580159483, 21.32588028995254 ], [ -98.364759779729511, 21.335084219619056 ], [ -98.368510969962998, 21.35092725014675 ], [ -98.36296898005584, 21.355612220172997 ], [ -98.375950179939665, 21.366794850447317 ], [ -98.377571250300335, 21.371618350008024 ], [ -98.386381950261082, 21.367901290221063 ], [ -98.398530050318485, 21.382652080024616 ], [ -98.38669011013576, 21.396635619835074 ], [ -98.385529969815863, 21.404902909908973 ], [ -98.376642629724913, 21.408747629938762 ], [ -98.365310030088651, 21.401202570449783 ], [ -98.364823620430542, 21.394732860030039 ], [ -98.359129740047734, 21.389955910223456 ], [ -98.349760820179867, 21.394178740453537 ], [ -98.350743370290672, 21.401839509573279 ], [ -98.34657261993398, 21.401023319649052 ], [ -98.32768000013067, 21.427715489843244 ], [ -98.334942449739756, 21.4362426195692 ], [ -98.334070800437928, 21.440229939632047 ], [ -98.338799940213988, 21.439687660189044 ], [ -98.336127339901196, 21.442934999841306 ], [ -98.34555391957808, 21.450217460318054 ], [ -98.345855740094635, 21.459005200135856 ], [ -98.339940420468949, 21.464166080061272 ], [ -98.337019979636324, 21.462305230316158 ], [ -98.335941619933763, 21.467949800203915 ], [ -98.324453150430685, 21.462452540288627 ], [ -98.329250569854082, 21.476467030340345 ], [ -98.321920420214397, 21.480511660114907 ], [ -98.317261769921188, 21.479169539556437 ], [ -98.318746349576912, 21.466404850243965 ], [ -98.303387910344668, 21.477980540218606 ], [ -98.296996940067331, 21.478035370086765 ], [ -98.286731399828739, 21.489695889843045 ], [ -98.277264880381537, 21.495331520397642 ], [ -98.276021739546835, 21.501025569766554 ], [ -98.268699140335471, 21.503262549560436 ], [ -98.259472379862871, 21.487535629707981 ], [ -98.267261820020821, 21.480896570356649 ], [ -98.267349369888478, 21.456877890384817 ], [ -98.244641050075018, 21.458157570238484 ], [ -98.244057399749877, 21.463281600414184 ], [ -98.258010350351142, 21.470055519823042 ], [ -98.250921740032226, 21.478533249643291 ], [ -98.240691940104739, 21.47216357989409 ], [ -98.238090279629688, 21.478236540105634 ], [ -98.238721400078859, 21.484749310004315 ], [ -98.244623479721866, 21.488349149951954 ], [ -98.242679059730477, 21.495684350395088 ], [ -98.255172709532602, 21.507712739907006 ], [ -98.249604079532617, 21.517409719865004 ], [ -98.252300629584767, 21.532782940346184 ], [ -98.249551890227906, 21.536816199931316 ], [ -98.243461689546578, 21.538095690140704 ], [ -98.242576520262944, 21.550952050210633 ], [ -98.227297380165453, 21.55465219962171 ], [ -98.232088680006171, 21.563783279997992 ], [ -98.200479340163085, 21.58050829027238 ], [ -98.185712480036429, 21.58148141990954 ], [ -98.179036340305842, 21.570670519651873 ], [ -98.170162510372762, 21.572271710424022 ], [ -98.158229829677325, 21.568396999835254 ], [ -98.157327079785318, 21.574033079638816 ], [ -98.147279969834827, 21.580300400412263 ], [ -98.147710649935192, 21.590226000373548 ], [ -98.138944029586824, 21.587184050017065 ], [ -98.126595279758035, 21.594788170255903 ], [ -98.117689910433299, 21.592226380024652 ], [ -98.10934400003741, 21.594087059877321 ], [ -98.10607884961577, 21.611277060361751 ], [ -98.109296509715392, 21.613933029801625 ], [ -98.105636980003567, 21.621011719686965 ], [ -98.10812045980019, 21.622062460061091 ], [ -98.102203690149551, 21.63100523033124 ], [ -98.096057180005999, 21.636024890067834 ], [ -98.089822650230317, 21.632220000179419 ], [ -98.08099661954887, 21.634293280092923 ], [ -98.090322250237151, 21.643205480095723 ], [ -98.09911551990966, 21.645958429919514 ], [ -98.098763309915739, 21.656018860281801 ], [ -98.092182200057422, 21.666162950159784 ], [ -98.083275290291184, 21.667473170311546 ], [ -98.076188619908535, 21.663385140251997 ], [ -98.069906820021671, 21.673452619630723 ] ] ] } },
{ "type": "Feature", "properties": { "code": "30187", "stateCode": "30", "municipalityCode": "187", "name": "Tonayán" }, "geometry": { "type": "Polygon", "coordinates": [ [ [ -96.873419679576742, 19.777419479783749 ], [ -96.871644110060359, 19.77444002027929 ], [ -96.87629651031807, 19.770560780141867 ], [ -96.882178709902206, 19.772027029819107 ], [ -96.882653479532806, 19.763421660095542 ], [ -96.889526290051649, 19.75639622992556 ], [ -96.888072150145234, 19.74730665956773 ], [ -96.9034497200185, 19.735472379895331 ], [ -96.90007073992173, 19.730888079926199 ], [ -96.902980579649054, 19.720963220343414 ], [ -96.91704161977664, 19.720867599968347 ], [ -96.916602849750106, 19.704155859855021 ], [ -96.913685740061482, 19.701760770271097 ], [ -96.90952211041629, 19.70770544974323 ], [ -96.905850079568083, 19.699986629797959 ], [ -96.902130320446147, 19.700742059932825 ], [ -96.899602459887589, 19.68274431014353 ], [ -96.892430579572149, 19.6698737098972 ], [ -96.89263696996062, 19.666366110178057 ], [ -96.914070219646788, 19.663229649817129 ], [ -96.913811720117764, 19.669659999737487 ], [ -96.918446970311194, 19.672857939801954 ], [ -96.930895310412936, 19.672773120022907 ], [ -96.929473599765657, 19.676245849595045 ], [ -96.932536850163217, 19.679914200183806 ], [ -96.9293677697855, 19.685230689888389 ], [ -96.93341322985043, 19.696805289578126 ], [ -96.941725250339402, 19.703484630283793 ], [ -96.939720340304603, 19.707479940007939 ], [ -96.963039889563362, 19.724941110125183 ], [ -96.961594909534938, 19.727453970222438 ], [ -96.967287940151522, 19.733246749797381 ], [ -96.96460836967826, 19.746090120084673 ], [ -96.948851550281219, 19.74352554031287 ], [ -96.92269751003856, 19.760921170315164 ], [ -96.907537080135583, 19.764775599596877 ], [ -96.902546880005971, 19.769247290111693 ], [ -96.894562169985505, 19.767300829741771 ], [ -96.883533479727845, 19.775751319953297 ], [ -96.873419679576742, 19.777419479783749 ] ] ] } },
{ "type": "Feature", "properties": { "code": "30188", "stateCode": "30", "municipalityCode": "188", "name": "Totutla" }, "geometry": { "type": "Polygon", "coordinates": [ [ [ -96.867920419519763, 19.289321490966781 ], [ -96.861317029996698, 19.286715510250016 ], [ -96.853424199635811, 19.288428289708747 ], [ -96.854446919915532, 19.280970630148527 ], [ -96.86029515009109, 19.280418430222063 ], [ -96.870846430224518, 19.273045251038212 ], [ -96.877356770344889, 19.261973150209741 ], [ -96.889181339729703, 19.25878231956689 ], [ -96.898652350486515, 19.25216068959076 ], [ -96.898206549611245, 19.242335800392141 ], [ -96.917509619721287, 19.23221973996403 ], [ -96.917066150388123, 19.229238769650745 ], [ -96.894134030326725, 19.224001080145278 ], [ -96.887040540378592, 19.216975999767733 ], [ -96.880882660345122, 19.217995459786792 ], [ -96.85689922010296, 19.226600199884174 ], [ -96.835980230389069, 19.239682400133752 ], [ -96.83392316997822, 19.245663940173298 ], [ -96.827120549566118, 19.249047781021929 ], [ -96.82578807963823, 19.246709630206134 ], [ -96.831168949958652, 19.237589690987488 ], [ -96.82839125013362, 19.233982620192617 ], [ -96.818327030053496, 19.233353910285985 ], [ -96.812251570046371, 19.224324450001738 ], [ -96.803293999517834, 19.226692920226537 ], [ -96.807319079750499, 19.21957142038254 ], [ -96.806727170009822, 19.209994080034765 ], [ -96.815461599705372, 19.207535770229157 ], [ -96.81941775008255, 19.201404569567103 ], [ -96.844793219945984, 19.201815060143552 ], [ -96.852217510023621, 19.195245851331915 ], [ -96.871524029543934, 19.194161089625588 ], [ -96.859252980054123, 19.190054180004019 ], [ -96.856785080030221, 19.184082110949969 ], [ -96.865304750108109, 19.18262195081137 ], [ -96.861133379928816, 19.174970169658295 ], [ -96.871158380378162, 19.180738519658188 ], [ -96.883075019573013, 19.180920309837312 ], [ -96.887131829937019, 19.186997880032948 ], [ -96.908577689627464, 19.192878459837367 ], [ -96.913637259541659, 19.199656819582625 ], [ -96.921542689721903, 19.198840690672711 ], [ -96.925641319565131, 19.192875909668558 ], [ -96.950913849707476, 19.202230800716986 ], [ -96.952957079940418, 19.194819661334481 ], [ -96.956390119588249, 19.19379017953743 ], [ -96.953582480052575, 19.187363650867312 ], [ -96.959235140338237, 19.185316110171662 ], [ -96.964934739976769, 19.189521400077815 ], [ -96.969663259600907, 19.204554080783641 ], [ -96.976443549597903, 19.207556520469442 ], [ -96.97786625003063, 19.215495230836979 ], [ -96.98137028960987, 19.214322370096852 ], [ -96.985339229632828, 19.217614139820572 ], [ -96.979456379686312, 19.216599659569781 ], [ -96.976055350144321, 19.223736580173039 ], [ -96.966728230198285, 19.223984120100642 ], [ -96.959681859962672, 19.235891050057557 ], [ -96.950752050316808, 19.239567710080447 ], [ -96.95039772039776, 19.242917950289854 ], [ -96.936828029539527, 19.253762111180301 ], [ -96.934443249855235, 19.261551310617889 ], [ -96.913715309884836, 19.277296881312672 ], [ -96.899800310459838, 19.279791060402459 ], [ -96.888654569572282, 19.286961890223488 ], [ -96.887473169786517, 19.283384830311416 ], [ -96.867920419519763, 19.289321490966781 ] ] ] } },
{ "type": "Feature", "properties": { "code": "30189", "stateCode": "30", "municipalityCode": "189", "name": "Tuxpan" }, "geometry": { "type": "Polygon", "coordinates": [ [ [ -97.467466889781505, 21.1393428795697 ], [ -97.451185429862306, 21.136565179848755 ], [ -97.448248479788049, 21.128341249715572 ], [ -97.435009570179176, 21.125696780451666 ], [ -97.432630250164465, 21.115865779978837 ], [ -97.41538488025472, 21.11490894988847 ], [ -97.413742480193889, 21.11249729003551 ], [ -97.417748999601358, 21.108513750116892 ], [ -97.415574879791521, 21.107214019842534 ], [ -97.409464859774843, 21.113094769585079 ], [ -97.408529919993668, 21.120758219654611 ], [ -97.400345400438852, 21.124377149900408 ], [ -97.401331799810151, 21.13124472029752 ], [ -97.389749510075788, 21.133552090437757 ], [ -97.38436391006411, 21.129760920323978 ], [ -97.383518060437098, 21.118056910383672 ], [ -97.371815110268514, 21.106996580081486 ], [ -97.368335259758126, 21.096586030066412 ], [ -97.365023139650575, 21.097632220373363 ], [ -97.336938950280242, 21.031632629883585 ], [ -97.32936962004446, 21.017835889707481 ], [ -97.325469889876743, 21.017160140380785 ], [ -97.328341290270657, 21.016011380242908 ], [ -97.328226880071966, 21.011679690273176 ], [ -97.322571169770825, 20.998123970211054 ], [ -97.306344000008622, 20.97242608987932 ], [ -97.301651050175408, 20.974069849916845 ], [ -97.306161550274709, 20.971577289902299 ], [ -97.304974379808428, 20.967835549737433 ], [ -97.301539259873195, 20.970134430241576 ], [ -97.305658829516275, 20.96720803004737 ], [ -97.304504430035905, 20.963146170065503 ], [ -97.279331979713859, 20.910969949923949 ], [ -97.255910580060629, 20.869053029867416 ], [ -97.228020600238423, 20.829512090190427 ], [ -97.218092119963515, 20.795920939629397 ], [ -97.227294940291941, 20.793295059768901 ], [ -97.224250850427154, 20.78972231005282 ], [ -97.235970999880081, 20.785089170218331 ], [ -97.235645599834726, 20.779672490207531 ], [ -97.256197949926488, 20.777984800153778 ], [ -97.261668220420049, 20.781913819884359 ], [ -97.260092919887128, 20.786211519587759 ], [ -97.264277779719222, 20.787359679979634 ], [ -97.26300042006163, 20.790344369612018 ], [ -97.267683139721342, 20.794686250119529 ], [ -97.26982088000139, 20.79218983032791 ], [ -97.266775059921201, 20.797286720346968 ], [ -97.269029109926791, 20.798630059740709 ], [ -97.304159320004018, 20.801987620213268 ], [ -97.306767180391901, 20.799013659627093 ], [ -97.30284937016016, 20.798825259610371 ], [ -97.303874939907729, 20.794074230151651 ], [ -97.307007379861417, 20.796388420310489 ], [ -97.311197719720795, 20.793379880111914 ], [ -97.316445780031685, 20.79705618016661 ], [ -97.315493510411301, 20.788782519764517 ], [ -97.320047169533424, 20.786668709542848 ], [ -97.316754660445298, 20.780398659637548 ], [ -97.324816740079626, 20.776441229652878 ], [ -97.323182460445338, 20.773229770028223 ], [ -97.328346879691395, 20.770846380308377 ], [ -97.326677139914736, 20.767616509577373 ], [ -97.336973780256002, 20.762804949849215 ], [ -97.336787890203311, 20.754199780439816 ], [ -97.34523162035714, 20.743907859908759 ], [ -97.345395250432929, 20.739537689633462 ], [ -97.353460660311086, 20.742468220356152 ], [ -97.360623999871734, 20.739991509622193 ], [ -97.357367060268345, 20.731104520105841 ], [ -97.390388460036064, 20.737725849642871 ], [ -97.407491200145927, 20.7280117498747 ], [ -97.408618340229665, 20.739231170022563 ], [ -97.414640399604309, 20.741486509558904 ], [ -97.418809949731937, 20.735970829546211 ], [ -97.423736380037539, 20.73873209006911 ], [ -97.421316020162323, 20.741925709895543 ], [ -97.430133659944659, 20.741202110154504 ], [ -97.429501889639269, 20.745126690150475 ], [ -97.437712749924046, 20.750807979865044 ], [ -97.442435110100618, 20.745240430328803 ], [ -97.45887169035818, 20.759877350222833 ], [ -97.464422829796547, 20.755762089777679 ], [ -97.467996660100056, 20.75877874023767 ], [ -97.459567149534735, 20.771038149868218 ], [ -97.460556170369983, 20.775018950452768 ], [ -97.46712367956799, 20.775694080020411 ], [ -97.470803600447596, 20.784559659877505 ], [ -97.476128089910773, 20.786911370421109 ], [ -97.473834510438152, 20.791075370096269 ], [ -97.479828249659064, 20.798801820089231 ], [ -97.477930719884753, 20.806482350213901 ], [ -97.481489919575253, 20.809006430206502 ], [ -97.478856739562971, 20.819437969692505 ], [ -97.497615909904084, 20.819618029888332 ], [ -97.498334829786373, 20.822657849619976 ], [ -97.495095000340285, 20.831878490378756 ], [ -97.488519229863655, 20.83399125959766 ], [ -97.481143080366678, 20.828981570348365 ], [ -97.484196119532484, 20.834101570025837 ], [ -97.47892934034256, 20.841603229834249 ], [ -97.461771310319506, 20.828716089802789 ], [ -97.457704319756559, 20.833672449998055 ], [ -97.457055629603019, 20.847830139604998 ], [ -97.464459879892786, 20.852264259636819 ], [ -97.464886219543473, 20.857617230414647 ], [ -97.473167550407595, 20.851528029963863 ], [ -97.469960150418487, 20.862660880309932 ], [ -97.489493600401175, 20.867521379576559 ], [ -97.491839980230893, 20.866197370446255 ], [ -97.493783909741964, 20.841731080051353 ], [ -97.497844029708929, 20.839746120177992 ], [ -97.507654879760636, 20.847867450109703 ], [ -97.507103180315312, 20.874540229863261 ], [ -97.500176250153359, 20.883805290348093 ], [ -97.501484650411101, 20.906822379652013 ], [ -97.507743349779631, 20.91161478007642 ], [ -97.499321489682757, 20.926755289656725 ], [ -97.499782290169549, 20.93301348003185 ], [ -97.520363620023303, 20.934473169981722 ], [ -97.516626719746924, 20.944640249855492 ], [ -97.528724059886358, 20.954512289980169 ], [ -97.571652319991117, 20.950119569818323 ], [ -97.592655569659883, 20.971744579914645 ], [ -97.589223820338248, 20.981821579940988 ], [ -97.59817432005697, 20.988966509674043 ], [ -97.599905629529871, 20.996132920020056 ], [ -97.583005520124843, 20.999384250153007 ], [ -97.580600689786195, 20.995495230107387 ], [ -97.567381430261634, 20.99581332021166 ], [ -97.564860149667496, 20.992896340354616 ], [ -97.56675397031853, 21.000711220038415 ], [ -97.573204770004921, 21.00554882985826 ], [ -97.578658620136764, 21.004399379557423 ], [ -97.580089280477168, 21.000751199628457 ], [ -97.582693630224071, 21.003782719984642 ], [ -97.589346749527863, 21.001731800310935 ], [ -97.590612800306133, 21.006039450043488 ], [ -97.598313250153311, 21.007919459661359 ], [ -97.59379679956686, 21.012146540038042 ], [ -97.591842279905876, 21.027655650178669 ], [ -97.574656569620046, 21.020618579798249 ], [ -97.575889660263812, 21.022900229743733 ], [ -97.561676180118283, 21.034451569983592 ], [ -97.560058150390617, 21.040123750464357 ], [ -97.556030369737186, 21.03967915008678 ], [ -97.553024819559894, 21.047277570140022 ], [ -97.540853090100256, 21.052500710450328 ], [ -97.544440290405547, 21.059335490007403 ], [ -97.548786119689808, 21.05502877021226 ], [ -97.549434079654418, 21.058052800327633 ], [ -97.552209479901322, 21.055375939932247 ], [ -97.560429380173389, 21.058428599557335 ], [ -97.558850339822641, 21.062348570191936 ], [ -97.562252520287061, 21.069468549782435 ], [ -97.555687370107108, 21.084773020429974 ], [ -97.546317750037176, 21.08182530997092 ], [ -97.543339719845022, 21.07159482039021 ], [ -97.538517829996778, 21.070032509574744 ], [ -97.51745306015863, 21.075386110385352 ], [ -97.507097749751793, 21.074066480020218 ], [ -97.509993860060987, 21.087652199747659 ], [ -97.516401339757877, 21.092346780416513 ], [ -97.508200739773741, 21.099795740037852 ], [ -97.514193509804102, 21.103093050437465 ], [ -97.519254049587715, 21.10179519957256 ], [ -97.521644420437653, 21.108643889641368 ], [ -97.531895969625666, 21.103399689604476 ], [ -97.553009979912744, 21.107571140421673 ], [ -97.55662273958437, 21.105383660063655 ], [ -97.554676599926196, 21.113177779663939 ], [ -97.537640860214353, 21.12461203004467 ], [ -97.530654659628595, 21.120627679757103 ], [ -97.512668450132708, 21.122346340064805 ], [ -97.504091749800736, 21.124960950294064 ], [ -97.499892949801918, 21.129888600445007 ], [ -97.495301630230472, 21.127199679872515 ], [ -97.496604460405905, 21.132207599592331 ], [ -97.486180110041587, 21.137500710082588 ], [ -97.467466889781505, 21.1393428795697 ] ] ] } },
{ "type": "Feature", "properties": { "code": "30191", "stateCode": "30", "municipalityCode": "191", "name": "Ursulo Galván" }, "geometry": { "type": "Polygon", "coordinates": [ [ [ -96.329516669878785, 19.496921654442669 ], [ -96.313344517674082, 19.480912234137858 ], [ -96.308657689884171, 19.462787219907202 ], [ -96.319346880290837, 19.452794460407379 ], [ -96.319675796088404, 19.418469865348865 ], [ -96.32162270963795, 19.409849689688471 ], [ -96.329933709854828, 19.408828550026993 ], [ -96.33123905955415, 19.396416139918909 ], [ -96.356199380057177, 19.395833859805307 ], [ -96.386748219556438, 19.403902050390911 ], [ -96.389647430446033, 19.400805620121215 ], [ -96.399803370330687, 19.401005709896943 ], [ -96.402912879573137, 19.409176800370812 ], [ -96.413386690272588, 19.412024829920682 ], [ -96.427810739956499, 19.405670550242647 ], [ -96.434359230435263, 19.397041349842546 ], [ -96.446956459765246, 19.394377340383336 ], [ -96.457396489627143, 19.399346600326243 ], [ -96.465793050432922, 19.397332579758913 ], [ -96.465038980238603, 19.401958249971905 ], [ -96.4746547396024, 19.420615089579261 ], [ -96.477269090342546, 19.435723259989601 ], [ -96.480766169664321, 19.438277539926858 ], [ -96.474782510245618, 19.452170519576899 ], [ -96.464636520167133, 19.452944570440014 ], [ -96.4577118202197, 19.4581891803982 ], [ -96.45762781950944, 19.46178631036652 ], [ -96.450458949657246, 19.458466920328387 ], [ -96.430799050447803, 19.461039579958555 ], [ -96.4136819203692, 19.455840859726116 ], [ -96.398422369630154, 19.46369174986561 ], [ -96.400674780210466, 19.459079849781915 ], [ -96.39183279983807, 19.456951249765861 ], [ -96.383333119888746, 19.465524679587816 ], [ -96.383511919574957, 19.470459089577414 ], [ -96.368836940059481, 19.474190250335052 ], [ -96.3672672000868, 19.478871420258855 ], [ -96.373996519727584, 19.480919510055532 ], [ -96.373615889623295, 19.484491540413973 ], [ -96.364124479932229, 19.486165570112483 ], [ -96.356308950257244, 19.479023860340529 ], [ -96.354904850066362, 19.485035179615348 ], [ -96.345078890314355, 19.490824430138538 ], [ -96.337461459876252, 19.490087319753634 ], [ -96.329516669878785, 19.496921654442669 ] ] ] } },
{ "type": "Feature", "properties": { "code": "30192", "stateCode": "30", "municipalityCode": "192", "name": "Vega de Alatorre" }, "geometry": { "type": "Polygon", "coordinates": [ [ [ -96.705484090117551, 20.15672870956012 ], [ -96.574329859548811, 20.005207579708745 ], [ -96.574114660295237, 19.991902850244404 ], [ -96.564119599622018, 19.971563059854503 ], [ -96.526281309696515, 19.92477272023412 ], [ -96.531813120101759, 19.91680197020295 ], [ -96.53646929028703, 19.916645260006383 ], [ -96.527963879880232, 19.910258119854941 ], [ -96.525939849917933, 19.904940050247532 ], [ -96.53184358009203, 19.901952200192174 ], [ -96.529937719858282, 19.898381479618472 ], [ -96.533569890351714, 19.890347139742467 ], [ -96.54525210955876, 19.876142080351038 ], [ -96.536554910120003, 19.866145999799883 ], [ -96.543269970068835, 19.855274179765239 ], [ -96.541629800301223, 19.848841020327704 ], [ -96.557781820042678, 19.828440849583853 ], [ -96.560524739703283, 19.833406820238423 ], [ -96.563865619979111, 19.830693879811491 ], [ -96.571739060300231, 19.831433250326857 ], [ -96.57920572014001, 19.843753539738341 ], [ -96.599038029630364, 19.848461519904202 ], [ -96.623652980375283, 19.864077309865021 ], [ -96.630516000037915, 19.879068550428237 ], [ -96.642980920200202, 19.887777449558545 ], [ -96.641668259577955, 19.891866179726346 ], [ -96.649906770118122, 19.89237467983547 ], [ -96.649189619537964, 19.900476950161739 ], [ -96.654776229596635, 19.914868430422366 ], [ -96.650306740365238, 19.920514650380433 ], [ -96.644687999637497, 19.92161762997803 ], [ -96.643804250100331, 19.935518820117387 ], [ -96.637606820215723, 19.94191550995329 ], [ -96.637352369903823, 19.947701119825076 ], [ -96.654319950375566, 19.946889600400933 ], [ -96.641772600374409, 19.96039771970116 ], [ -96.641439090109159, 19.970311999832457 ], [ -96.645618569635673, 19.976121980408063 ], [ -96.645078799576254, 19.990768599575389 ], [ -96.65906731013682, 19.985684910315072 ], [ -96.662548109957683, 19.998504680394912 ], [ -96.677982949760462, 19.987276880304837 ], [ -96.68256487970072, 19.978732520119678 ], [ -96.688799949931806, 19.981661349614381 ], [ -96.695180970460569, 19.972122550034435 ], [ -96.698163489823656, 19.973426969845605 ], [ -96.703187919953777, 19.969114110093894 ], [ -96.705276799737959, 19.972523259967286 ], [ -96.709249749695545, 19.96908927979014 ], [ -96.720313380150174, 19.978756980371511 ], [ -96.726525920403958, 19.969344460206568 ], [ -96.730041780356402, 19.971356229954058 ], [ -96.72999403025679, 19.986748029941591 ], [ -96.734432980214123, 19.988073690224457 ], [ -96.738335479967247, 19.976972370087477 ], [ -96.750385519933175, 19.966658180043606 ], [ -96.75598156956147, 19.971218050039148 ], [ -96.756931969906688, 19.978539659848909 ], [ -96.764678459914848, 19.973604139797928 ], [ -96.766437799943404, 19.979857519605932 ], [ -96.76396700016204, 19.985584350242863 ], [ -96.772354750171587, 19.981664090127509 ], [ -96.77597596985504, 19.983773860186822 ], [ -96.770200979745056, 19.993572480075429 ], [ -96.767054550171608, 19.99397371982834 ], [ -96.766969260148997, 19.99940438000317 ], [ -96.762330490416261, 19.999429830176656 ], [ -96.759545350406981, 20.011812420183052 ], [ -96.764035620225997, 20.017871460383688 ], [ -96.762906229840908, 20.023753460159114 ], [ -96.742896970241105, 20.021185000285371 ], [ -96.736972290078825, 20.024222200436068 ], [ -96.739049510388838, 20.027243340227269 ], [ -96.728621540364983, 20.032880799602029 ], [ -96.717738259583243, 20.046527539594724 ], [ -96.706797309590485, 20.049874750129479 ], [ -96.711863950005878, 20.055530030185945 ], [ -96.699732850155144, 20.066171509883112 ], [ -96.697309830352069, 20.063646720441326 ], [ -96.680723600025019, 20.08235353960848 ], [ -96.699030420175944, 20.087296280024159 ], [ -96.701664119540183, 20.093244370426564 ], [ -96.708873449637593, 20.094565680419393 ], [ -96.693652749775922, 20.10761544974963 ], [ -96.704683970486684, 20.123618969647044 ], [ -96.715654690099669, 20.148680950072336 ], [ -96.705484090117551, 20.15672870956012 ] ] ] } },
{ "type": "Feature", "properties": { "code": "30195", "stateCode": "30", "municipalityCode": "195", "name": "Xoxocotla" }, "geometry": { "type": "Polygon", "coordinates": [ [ [ -97.145725769908907, 18.667500690278629 ], [ -97.140156430177811, 18.659513310277969 ], [ -97.133127749996149, 18.66009591027635 ], [ -97.137400619913763, 18.654756979674691 ], [ -97.131776429730181, 18.653701970440594 ], [ -97.134154279833041, 18.642191180405394 ], [ -97.122553660247377, 18.634842490345548 ], [ -97.132617949612339, 18.630354620285473 ], [ -97.139923780197662, 18.618320720320952 ], [ -97.139244029873879, 18.592201679818192 ], [ -97.141787229952016, 18.591447550305276 ], [ -97.14144276992036, 18.596417909890992 ], [ -97.149579679984484, 18.597043649597811 ], [ -97.162261319955633, 18.605931799895686 ], [ -97.174405649877755, 18.606662220012385 ], [ -97.175960340389878, 18.616719880091232 ], [ -97.184068229936543, 18.616687030364044 ], [ -97.196918749935449, 18.629581150132896 ], [ -97.215241169848966, 18.625553629977695 ], [ -97.226574619592014, 18.63884209026337 ], [ -97.208176280445755, 18.633584710002847 ], [ -97.207674619994179, 18.637743289952699 ], [ -97.197862259982344, 18.638876279974802 ], [ -97.191331319893948, 18.646822289749661 ], [ -97.183123650219628, 18.646306519654466 ], [ -97.183352490259338, 18.649100289610491 ], [ -97.175484719604214, 18.654404250333865 ], [ -97.165752539891542, 18.652686319624515 ], [ -97.155819769997052, 18.661333289650404 ], [ -97.158873940420975, 18.664229580291487 ], [ -97.145725769908907, 18.667500690278629 ] ] ] } },
{ "type": "Feature", "properties": { "code": "30210", "stateCode": "30", "municipalityCode": "210", "name": "Uxpanapa" }, "geometry": { "type": "Polygon", "coordinates": [ [ [ -94.555151434418107, 17.466106672621791 ], [ -94.52276804120244, 17.460191997546207 ], [ -94.519991448662324, 17.46245639716641 ], [ -94.431944443732732, 17.451944444464473 ], [ -94.433780029540983, 17.447738920372927 ], [ -94.437648619797855, 17.448337250540042 ], [ -94.429120019975002, 17.434204720126296 ], [ -94.434362819654851, 17.431182620268107 ], [ -94.43406404990192, 17.426486139862611 ], [ -94.356499179654207, 17.451312659840411 ], [ -94.350803880311702, 17.436475139945543 ], [ -94.37337002005269, 17.429615521194801 ], [ -94.373061449735118, 17.42599162022896 ], [ -94.368709420119899, 17.427228030283896 ], [ -94.366306879636468, 17.41723134998086 ], [ -94.361609579866723, 17.414274519997925 ], [ -94.366171799508237, 17.412669060448891 ], [ -94.363022779672136, 17.411301880812733 ], [ -94.361553489644791, 17.401417369614194 ], [ -94.349422749882294, 17.399981880175776 ], [ -94.349454150459351, 17.397315750171842 ], [ -94.255664280370851, 17.401191520335409 ], [ -94.216270909609463, 17.316823719754908 ], [ -94.178291430460064, 17.339548889932725 ], [ -94.127892970431532, 17.345928999729541 ], [ -94.127712720455094, 17.343353980171067 ], [ -94.086900060068032, 17.343370220275098 ], [ -94.087161950124099, 17.340580970257758 ], [ -94.044439540243602, 17.340763540299644 ], [ -94.035202490349661, 17.343950620092979 ], [ -94.034217860350637, 17.324999549600061 ], [ -93.97019682998372, 17.323703120103612 ], [ -93.962117259652146, 17.318345180215385 ], [ -93.965354660367169, 17.310144319661735 ], [ -93.971489629626589, 17.306988629757061 ], [ -93.968053800169315, 17.303046509903243 ], [ -93.94742019984696, 17.306271120144071 ], [ -93.935985690164671, 17.299776459652964 ], [ -93.924654799674585, 17.300917800002999 ], [ -93.923117999847378, 17.297830450430983 ], [ -93.930992000196383, 17.281546920337288 ], [ -93.931731829717108, 17.20012477011138 ], [ -94.001879090077523, 17.199641459896323 ], [ -94.001623229629971, 17.184128569936213 ], [ -94.090075879812062, 17.184566799845342 ], [ -94.088161510413869, 17.1789865999048 ], [ -94.085594049684701, 17.178985630103917 ], [ -94.085457740064669, 17.174061860128536 ], [ -94.088630350134366, 17.174078110177653 ], [ -94.088667550232145, 17.171375169853629 ], [ -94.085514220330921, 17.171456630467858 ], [ -94.087497140015969, 17.149433380259516 ], [ -94.743576260370389, 17.184667089579982 ], [ -94.737177000112837, 17.192161829897927 ], [ -94.754094339926752, 17.199995110402899 ], [ -94.752047519827627, 17.206144919711249 ], [ -94.756721540307211, 17.212659339603594 ], [ -94.753335749908047, 17.216441720201853 ], [ -94.758897619673874, 17.21955887998033 ], [ -94.75331236955914, 17.225193970140577 ], [ -94.756356089750554, 17.227380769742989 ], [ -94.75172482958142, 17.2432991403976 ], [ -94.746184059322417, 17.250869259831827 ], [ -94.748065350179942, 17.254691909658728 ], [ -94.743556309905486, 17.255667030212532 ], [ -94.744270629804319, 17.259616710219841 ], [ -94.741244449928388, 17.25838011044635 ], [ -94.741274659862157, 17.262784220043475 ], [ -94.747024750045242, 17.261729169956066 ], [ -94.748674890239201, 17.268643520054994 ], [ -94.754858979628054, 17.272087879723184 ], [ -94.75262896897064, 17.281582459708879 ], [ -94.74820856933394, 17.285991379785475 ], [ -94.733592799746731, 17.288532000068813 ], [ -94.725926279976903, 17.295224659871504 ], [ -94.699739370109441, 17.294859830379803 ], [ -94.699542708581831, 17.300740600208552 ], [ -94.706530340187584, 17.30269438006346 ], [ -94.705382249683154, 17.305787200166748 ], [ -94.699390920204635, 17.305946629815598 ], [ -94.696410229522868, 17.336136550311107 ], [ -94.664894339709818, 17.329217319868626 ], [ -94.654166665227962, 17.331666667488825 ], [ -94.652800809172575, 17.328205875426104 ], [ -94.649306623245963, 17.328557450632999 ], [ -94.64808167906935, 17.322669377038562 ], [ -94.639166666290592, 17.320000000365741 ], [ -94.636666665600302, 17.378333332839244 ], [ -94.630277778035719, 17.379444444473478 ], [ -94.608055555993559, 17.370277778587258 ], [ -94.610277776856009, 17.363888889487775 ], [ -94.601111109936113, 17.361388888688253 ], [ -94.596357777611004, 17.401468610782132 ], [ -94.585292221146275, 17.448058889497396 ], [ -94.570050554756023, 17.447788611900148 ], [ -94.569730555749274, 17.473221110846566 ], [ -94.555151434418107, 17.466106672621791 ] ] ] } },
{ "type": "Feature", "properties": { "code": "30211", "stateCode": "30", "municipalityCode": "211", "name": "San Rafael" }, "geometry": { "type": "Polygon", "coordinates": [ [ [ -96.919519139899919, 20.297173019597366 ], [ -96.905439970314376, 20.288691419743909 ], [ -96.896907199900625, 20.276434030303555 ], [ -96.888047550283758, 20.270737539665696 ], [ -96.876464510004524, 20.272014830216854 ], [ -96.872736919852827, 20.280004289716004 ], [ -96.867716999572067, 20.27726001996977 ], [ -96.861055419941735, 20.280151150190182 ], [ -96.854661169998494, 20.278773060347937 ], [ -96.843553519690403, 20.260890400430014 ], [ -96.837666680239295, 20.258339310230905 ], [ -96.833587519757728, 20.263066179590858 ], [ -96.819626149662952, 20.237900180111396 ], [ -96.803680179981853, 20.247247450060136 ], [ -96.785363620347411, 20.241813679847329 ], [ -96.787239579904949, 20.239096049752664 ], [ -96.778870489596969, 20.230786820058068 ], [ -96.776297279835219, 20.220541430180063 ], [ -96.78339284954852, 20.207212320285105 ], [ -96.792120309546632, 20.202047109947401 ], [ -96.799565019875317, 20.20187874032694 ], [ -96.813733939712293, 20.211494719951336 ], [ -96.821406419631401, 20.201211419982663 ], [ -96.823723679772371, 20.184723420216766 ], [ -96.834111119700225, 20.176368060108381 ], [ -96.854013860376895, 20.189456059888954 ], [ -96.857201059531718, 20.196953920330884 ], [ -96.864278029904497, 20.199152029675034 ], [ -96.866845818608255, 20.194679950866369 ], [ -96.865138279951694, 20.18918904994376 ], [ -96.852683400204114, 20.183665649962851 ], [ -96.850004519904346, 20.176445690054852 ], [ -96.85140524970052, 20.167080520414306 ], [ -96.859999310093443, 20.161578379743723 ], [ -96.857944089734573, 20.151676420140294 ], [ -96.860187109615296, 20.147127090405352 ], [ -96.863279800153833, 20.147632769791358 ], [ -96.867773950407553, 20.155961079892531 ], [ -96.871551979891251, 20.155907049848878 ], [ -96.876495940338614, 20.150716909639563 ], [ -96.875224680105902, 20.141224180283565 ], [ -96.883806289774725, 20.135517690333678 ], [ -96.883519850456764, 20.141386890315051 ], [ -96.891592880228615, 20.15062030970428 ], [ -96.897711999926941, 20.151150650191745 ], [ -96.906495400014961, 20.1455651800913 ], [ -96.918002309530777, 20.146828910414659 ], [ -96.934642860135966, 20.130570710204307 ], [ -96.944442350266428, 20.135289770414907 ], [ -96.948237850377964, 20.146876080377609 ], [ -96.962175380027347, 20.149272890061365 ], [ -96.970591850041288, 20.144580550000072 ], [ -96.985739249832804, 20.14618071970667 ], [ -96.9865718200397, 20.150381750136329 ], [ -96.992304719768441, 20.151090740427247 ], [ -96.992629149896032, 20.154273850070471 ], [ -96.986052399869124, 20.15580372038513 ], [ -96.985636450160371, 20.163456510400753 ], [ -96.996072630177963, 20.16734734020816 ], [ -96.999332139540556, 20.174565829796908 ], [ -97.005507319613685, 20.175974719929009 ], [ -97.007514569730432, 20.181629310047256 ], [ -97.010401370069104, 20.180483219638244 ], [ -97.02017932008539, 20.202953539851453 ], [ -97.016744689966515, 20.21173464991455 ], [ -97.021374060215422, 20.215013480383984 ], [ -97.018591949904604, 20.216651430001825 ], [ -97.015986939675443, 20.229622569764405 ], [ -97.000859429798965, 20.250621889680673 ], [ -97.007120420057859, 20.258554200128994 ], [ -97.005043719672187, 20.26237955024763 ], [ -97.009816920246422, 20.277552830294038 ], [ -97.005944180155282, 20.279950679701091 ], [ -97.005269229556617, 20.286809089751845 ], [ -97.00852245011734, 20.289594969747675 ], [ -96.997063139952047, 20.296165170090063 ], [ -96.981761149951751, 20.287804780079064 ], [ -96.97834300022987, 20.282698119692313 ], [ -96.976813649534208, 20.2841804597284 ], [ -96.973894080105723, 20.273843090179682 ], [ -96.961257719750918, 20.275832089795891 ], [ -96.955726379735992, 20.283693629745756 ], [ -96.949778480457809, 20.281058980299509 ], [ -96.94032625033914, 20.288391169671804 ], [ -96.940813020244562, 20.294387289888732 ], [ -96.935955679587977, 20.297708949601176 ], [ -96.928675460453746, 20.294143219656068 ], [ -96.919519139899919, 20.297173019597366 ] ] ] } },
{ "type": "Feature", "properties": { "code": "30212", "stateCode": "30", "municipalityCode": "212", "name": "Santiago Sochiapan" }, "geometry": { "type": "Polygon", "coordinates": [ [ [ -95.686105550064568, 17.750405660267223 ], [ -95.682946200014612, 17.749251599637976 ], [ -95.674633579855453, 17.72752130981106 ], [ -95.66066430972424, 17.73207137990747 ], [ -95.65516582024992, 17.719317649629918 ], [ -95.65966243035561, 17.717792749965668 ], [ -95.651258980339634, 17.694889220145122 ], [ -95.63684228001496, 17.68910304991984 ], [ -95.625800690242869, 17.692531520044934 ], [ -95.625478339935682, 17.694708280440761 ], [ -95.623415180354897, 17.696453800363273 ], [ -95.626412350049335, 17.683844030153523 ], [ -95.612038219816171, 17.681905849670834 ], [ -95.60983603001138, 17.687557200234853 ], [ -95.602304219888666, 17.685641719924146 ], [ -95.598450939925897, 17.676334680312284 ], [ -95.602260520310637, 17.675856570370261 ], [ -95.600008170052718, 17.668590250079465 ], [ -95.596630619780981, 17.671328060216894 ], [ -95.592349089921115, 17.668224799589591 ], [ -95.589272879788254, 17.660729220220958 ], [ -95.596736170203499, 17.659963149968345 ], [ -95.59181822030925, 17.635965650177223 ], [ -95.58700408005916, 17.636680540280626 ], [ -95.587961339543554, 17.641308459704241 ], [ -95.580909419685185, 17.642745149653958 ], [ -95.579821800061239, 17.650043969618885 ], [ -95.57447582978638, 17.647585289696373 ], [ -95.551251430404676, 17.652587510347168 ], [ -95.546481080260065, 17.642780620112262 ], [ -95.550832419628989, 17.641159620185885 ], [ -95.548117980383353, 17.634520229859046 ], [ -95.534199399739293, 17.63733017979154 ], [ -95.533676109771818, 17.632702050311067 ], [ -95.526876829739152, 17.634547679983509 ], [ -95.530699320394405, 17.641087249947009 ], [ -95.526893829890554, 17.645913829980554 ], [ -95.523354800351385, 17.648008650447753 ], [ -95.520046939916696, 17.644358169878497 ], [ -95.520184919539062, 17.640042750354652 ], [ -95.511191969644003, 17.628327850196005 ], [ -95.566678150365817, 17.597423000173794 ], [ -95.563284680327286, 17.591273449661042 ], [ -95.564705680066922, 17.587883060084735 ], [ -95.553939979623436, 17.581069309745885 ], [ -95.553875580406356, 17.567146320277818 ], [ -95.549041249857751, 17.5656928596581 ], [ -95.530273459979981, 17.571144910407462 ], [ -95.525101920080076, 17.56210954007253 ], [ -95.53017876983229, 17.557152600269493 ], [ -95.537368970297663, 17.556811580573246 ], [ -95.539674800230131, 17.560574521319218 ], [ -95.549602850324391, 17.553213450460149 ], [ -95.555547139849693, 17.55864154035806 ], [ -95.559877489830455, 17.54677300124446 ], [ -95.568815119818154, 17.55123903018626 ], [ -95.57843328980357, 17.544648520132604 ], [ -95.579566979747284, 17.537576419697281 ], [ -95.586700620163825, 17.534887919978193 ], [ -95.590010719800034, 17.538297829881174 ], [ -95.595833179840596, 17.537794750000224 ], [ -95.59875226001499, 17.534614969763268 ], [ -95.59930704991389, 17.54367384992921 ], [ -95.603617999625797, 17.544521090340236 ], [ -95.605119780105596, 17.549012659858356 ], [ -95.608027430395694, 17.544994890258213 ], [ -95.607089480419006, 17.53981814991905 ], [ -95.615538370162383, 17.542703169690899 ], [ -95.619969319747426, 17.540996600352212 ], [ -95.627146749681017, 17.547978339684946 ], [ -95.644492080170579, 17.546544320093417 ], [ -95.647025510448913, 17.555688719745508 ], [ -95.654104349866799, 17.560392799710602 ], [ -95.6467953703104, 17.54233337025056 ], [ -95.648470799996758, 17.539889089931151 ], [ -95.673955119873668, 17.533837340267869 ], [ -95.685154220101438, 17.537531739864434 ], [ -95.692161480453635, 17.530901259937572 ], [ -95.691040780244037, 17.524947780027095 ], [ -95.699711150405065, 17.522430289839761 ], [ -95.702101920261612, 17.518491679820304 ], [ -95.706575650394399, 17.534019370115804 ], [ -95.708789570362839, 17.531897029867402 ], [ -95.713303030082017, 17.536170459853661 ], [ -95.725149370153346, 17.536226080124688 ], [ -95.720484169989419, 17.543525879828355 ], [ -95.72198671977587, 17.549237680301335 ], [ -95.728093450310269, 17.551981120453984 ], [ -95.724037170470893, 17.557286709604689 ], [ -95.729558120127422, 17.571056200118299 ], [ -95.726896880260284, 17.578029049749116 ], [ -95.733797280433151, 17.575481450207718 ], [ -95.744901260323743, 17.585992150027394 ], [ -95.747576539772012, 17.583544540270708 ], [ -95.750686000444006, 17.586404950038983 ], [ -95.75886264997105, 17.584984430029127 ], [ -95.764934719773976, 17.58925854005852 ], [ -95.771555570051788, 17.588686450180198 ], [ -95.773931510000011, 17.594503679721548 ], [ -95.77148038009426, 17.599698049676256 ], [ -95.78175124990689, 17.603028260036307 ], [ -95.792983849717359, 17.601434380148007 ], [ -95.792686080097326, 17.596350369729514 ], [ -95.789430370383556, 17.59492478016508 ], [ -95.791852579957848, 17.586363289902316 ], [ -95.80876298006757, 17.593187400164059 ], [ -95.803485779952268, 17.607100290328916 ], [ -95.794702550139917, 17.603517579919313 ], [ -95.789052020331894, 17.610862339621789 ], [ -95.78037721959717, 17.611117260336339 ], [ -95.775970109885748, 17.608689749731052 ], [ -95.777229029970187, 17.604305629680624 ], [ -95.773658459943945, 17.605850399676225 ], [ -95.773639980368472, 17.629398280084658 ], [ -95.766581029683081, 17.686961770402526 ], [ -95.759808309952078, 17.686181950248045 ], [ -95.758118800013676, 17.697867369760736 ], [ -95.752147660095744, 17.696940479860373 ], [ -95.749044980187278, 17.722651020343829 ], [ -95.735326880434755, 17.717233569868593 ], [ -95.720153340251443, 17.721093720247239 ], [ -95.686105550064568, 17.750405660267223 ] ] ] } },
{ "type": "Feature", "properties": { "code": "30048", "stateCode": "30", "municipalityCode": "048", "name": "Cosoleacaque" }, "geometry": { "type": "Polygon", "coordinates": [ [ [ -94.537357030243825, 18.142145769780729 ], [ -94.53085422022383, 18.13477738030107 ], [ -94.516540850235415, 18.129204710316028 ], [ -94.514233060382125, 18.124443820212896 ], [ -94.515842619939747, 18.112523479799428 ], [ -94.524730550205533, 18.111887520256506 ], [ -94.519959750346217, 18.100914859992624 ], [ -94.515501889702094, 18.102711380363676 ], [ -94.512634540152973, 18.100089720448842 ], [ -94.49495026034019, 18.107479950400599 ], [ -94.477792489938921, 18.107912690337205 ], [ -94.470086258602421, 18.111896180834766 ], [ -94.465604799964268, 18.103447970140039 ], [ -94.455419538672615, 18.10681608078967 ], [ -94.447328909132494, 18.102002651159683 ], [ -94.44272328007817, 18.109299940327983 ], [ -94.438133090307105, 18.110649450451952 ], [ -94.436472349656214, 18.093944170308784 ], [ -94.43047030961425, 18.0934685097052 ], [ -94.424077540037388, 18.098040249982368 ], [ -94.415667350147572, 18.082151549728948 ], [ -94.414406479594632, 18.066278089843831 ], [ -94.419519940146714, 18.055339309714856 ], [ -94.427551170285753, 18.05029158009917 ], [ -94.44126014953973, 18.055744150263742 ], [ -94.450274660140124, 18.054939629997236 ], [ -94.457917689965413, 18.046868090225942 ], [ -94.460099369771825, 18.028470140081726 ], [ -94.471254309696747, 18.028081180116065 ], [ -94.486145979586752, 18.020167510126189 ], [ -94.492840320130611, 18.02554495026212 ], [ -94.499363550006009, 18.023951350282697 ], [ -94.498879169689829, 18.028381489794619 ], [ -94.503231349830443, 18.032231800091164 ], [ -94.502682919560868, 18.042470889820567 ], [ -94.495784250392418, 18.047639649711421 ], [ -94.495957029722334, 18.054181549633579 ], [ -94.503786799857991, 18.051433709599838 ], [ -94.51600222978459, 18.068734109694692 ], [ -94.551017519838766, 18.070755799652826 ], [ -94.569593680162029, 18.094151570779964 ], [ -94.575661520110799, 18.08884957991576 ], [ -94.573829880039312, 18.083020399843033 ], [ -94.579854419645812, 18.081621120201888 ], [ -94.570027149748441, 18.038168059962373 ], [ -94.571453428751127, 18.032144081172635 ], [ -94.579195519637636, 18.026783049738238 ], [ -94.570342279956918, 18.022069420844733 ], [ -94.564936419052955, 18.013114449505679 ], [ -94.553239218882297, 18.020450290134196 ], [ -94.555639679720514, 18.024064820232038 ], [ -94.535703830363815, 18.030807630330596 ], [ -94.532763079362141, 18.028413120678099 ], [ -94.548393199882668, 18.01190603010156 ], [ -94.545939110104413, 18.006065679685921 ], [ -94.552791520394379, 18.007315170333715 ], [ -94.558201919557021, 18.001838140158657 ], [ -94.574020540149675, 18.010282860570932 ], [ -94.584681429184243, 18.007538520942997 ], [ -94.587097980142516, 17.989359950660386 ], [ -94.576300939726281, 17.988441690546079 ], [ -94.576831519971705, 17.986420280621513 ], [ -94.585280860330059, 17.978326419839942 ], [ -94.58815848989434, 17.978636939673454 ], [ -94.587552600381201, 17.984102749944878 ], [ -94.597315199912629, 17.982885720203605 ], [ -94.579389049738054, 17.966169200389317 ], [ -94.564320169737201, 17.960939950403425 ], [ -94.568631399896645, 17.951613459964083 ], [ -94.565584429674246, 17.941276910201161 ], [ -94.569173519525222, 17.929366620327045 ], [ -94.575129779585481, 17.930614600133357 ], [ -94.574185370146452, 17.922368370334425 ], [ -94.581707479819045, 17.919146089621069 ], [ -94.581057089574045, 17.916658059562454 ], [ -94.576997459688542, 17.918979179831528 ], [ -94.576673920148892, 17.913403679606645 ], [ -94.585683120159459, 17.906385829627464 ], [ -94.585734379917909, 17.898154569650416 ], [ -94.588861919625757, 17.896357910131961 ], [ -94.622251079910512, 17.901965859826205 ], [ -94.622898709620983, 17.889577170102598 ], [ -94.619779939801234, 17.88531821961508 ], [ -94.646644169603476, 17.869923449797163 ], [ -94.653016080077094, 17.871964720064661 ], [ -94.655228919890533, 17.882258630409925 ], [ -94.661880910063289, 17.872971569796622 ], [ -94.673803110291047, 17.874701050714229 ], [ -94.682734520331309, 17.881805769928533 ], [ -94.682274140032803, 17.886767689859926 ], [ -94.686446169890345, 17.884812380263217 ], [ -94.689794090262993, 17.886931569599106 ], [ -94.681867749690113, 17.891555170196678 ], [ -94.680214830183218, 17.899313830316764 ], [ -94.687379540239959, 17.905313940205769 ], [ -94.689838199939885, 17.918139119789529 ], [ -94.685820690008285, 17.9209797999583 ], [ -94.683919490000079, 17.938283019668283 ], [ -94.681063479585873, 17.942246910150029 ], [ -94.674109060437658, 17.940425399635064 ], [ -94.671427480315174, 17.955657320074923 ], [ -94.666290149239884, 17.948516599576632 ], [ -94.656851679401626, 17.948117620548061 ], [ -94.652638520301593, 17.940145660208358 ], [ -94.643702020040948, 17.933612769668787 ], [ -94.637205799671307, 17.93288684994512 ], [ -94.628502310249232, 17.924700850310007 ], [ -94.622139090396843, 17.923346850388018 ], [ -94.618351659669244, 17.930152289598976 ], [ -94.607255230011617, 17.937918029873078 ], [ -94.614951079618322, 17.950640999785303 ], [ -94.613362520276354, 17.964561399716718 ], [ -94.621313379698378, 17.96599731985755 ], [ -94.622354940087476, 17.960896979720204 ], [ -94.636150080165521, 17.971725659922058 ], [ -94.646972149701639, 17.963283769954703 ], [ -94.658904910029563, 17.977614450176546 ], [ -94.658544569910347, 17.982918139775151 ], [ -94.652659910430131, 17.985623029947249 ], [ -94.650978509891928, 18.017504139558994 ], [ -94.619384400174354, 18.038204400424988 ], [ -94.611967179839411, 18.052811399787739 ], [ -94.604052780453301, 18.059808780154889 ], [ -94.606830229317836, 18.075976199541557 ], [ -94.602342680374974, 18.072411420250052 ], [ -94.595935799812125, 18.074757580030738 ], [ -94.595664540132717, 18.080196259970343 ], [ -94.592712649815951, 18.080232570176253 ], [ -94.587864889820906, 18.090716080188656 ], [ -94.594156820152676, 18.096341079838933 ], [ -94.587205309522275, 18.10137600025919 ], [ -94.589740599619191, 18.108750049634075 ], [ -94.584618259748098, 18.114032319768658 ], [ -94.587811380406137, 18.120008749571554 ], [ -94.569128149617228, 18.126239349571854 ], [ -94.561335140026685, 18.134053340165611 ], [ -94.559449950014724, 18.132742980418907 ], [ -94.560183629890815, 18.136130649622935 ], [ -94.545894890149683, 18.137691460205851 ], [ -94.537357030243825, 18.142145769780729 ] ] ] } },
{ "type": "Feature", "properties": { "code": "30059", "stateCode": "30", "municipalityCode": "059", "name": "Chinameca" }, "geometry": { "type": "Polygon", "coordinates": [ [ [ -94.726474739640395, 18.119547199703632 ], [ -94.725994090427818, 18.114826449802415 ], [ -94.719379679937802, 18.114876149815952 ], [ -94.716468539628764, 18.109734110077557 ], [ -94.711192199920006, 18.110214909881282 ], [ -94.713041939730644, 18.10385848963174 ], [ -94.703052079961466, 18.105465520289005 ], [ -94.698804510252543, 18.098577090167641 ], [ -94.693190650031113, 18.102441419759046 ], [ -94.68910520042057, 18.098055940472946 ], [ -94.688699620142799, 18.101034970379679 ], [ -94.684441660093583, 18.09923452022996 ], [ -94.685394519690519, 18.097176080335363 ], [ -94.675516750350781, 18.096734679875471 ], [ -94.678129280420947, 18.091139920396248 ], [ -94.676077710305776, 18.088615949968052 ], [ -94.676118450427467, 18.091957519632611 ], [ -94.671219579876194, 18.094302630267208 ], [ -94.668350089999393, 18.091546059587291 ], [ -94.669228569591482, 18.093835680331484 ], [ -94.663195180032247, 18.098333289872308 ], [ -94.661635320466402, 18.087728349741074 ], [ -94.660757820209227, 18.09104208960661 ], [ -94.653409520133948, 18.08939416996445 ], [ -94.645822690267494, 18.094895450142833 ], [ -94.639514799725788, 18.092386079736272 ], [ -94.628724549828334, 18.093638199757134 ], [ -94.62673748024379, 18.099902780204147 ], [ -94.612889000062609, 18.098648280020218 ], [ -94.613477539740757, 18.107504779633672 ], [ -94.587864889820906, 18.090716080188656 ], [ -94.592712649815951, 18.080232570176253 ], [ -94.595664540132717, 18.080196259970343 ], [ -94.595935799812125, 18.074757580030738 ], [ -94.602342680374974, 18.072411420250052 ], [ -94.606830229317836, 18.075976199541557 ], [ -94.604052780453301, 18.059808780154889 ], [ -94.611967179839411, 18.052811399787739 ], [ -94.619384400174354, 18.038204400424988 ], [ -94.661394230302236, 18.012170460348354 ], [ -94.669582710112564, 18.013984950903097 ], [ -94.675691510068916, 18.009245080997463 ], [ -94.683547030014452, 18.012395429993791 ], [ -94.697224779088771, 18.000964510766579 ], [ -94.698023259680255, 18.00429980063382 ], [ -94.70528842006226, 18.007416430376793 ], [ -94.698785150143848, 18.010393119888629 ], [ -94.705302180320743, 18.016974579729649 ], [ -94.725909910017307, 18.020059320391365 ], [ -94.725401949635412, 18.024008309732874 ], [ -94.729251779791767, 18.020559349817749 ], [ -94.770177879739194, 18.026906889805879 ], [ -94.789586630372384, 18.024268170095283 ], [ -94.800025600478577, 18.035356979596074 ], [ -94.800256879614238, 18.041228370117768 ], [ -94.804329739620428, 18.039708690222451 ], [ -94.804146059940066, 18.042352020198802 ], [ -94.80823713987732, 18.041084829763342 ], [ -94.812405539651564, 18.044507970426505 ], [ -94.818215200106692, 18.041418120398706 ], [ -94.819594829875726, 18.043286090324134 ], [ -94.795173059563439, 18.072167769696627 ], [ -94.800133510069074, 18.074112939688721 ], [ -94.800225680047504, 18.086574079925668 ], [ -94.788588550387459, 18.082805719782399 ], [ -94.786790890269131, 18.088171459775154 ], [ -94.746083259558731, 18.082055309968197 ], [ -94.736458739719438, 18.101925860311301 ], [ -94.743729880272454, 18.105455519869626 ], [ -94.74311602031797, 18.117201510052833 ], [ -94.732909029703066, 18.115858050358103 ], [ -94.726474739640395, 18.119547199703632 ] ] ] } },
{ "type": "Feature", "properties": { "code": "30209", "stateCode": "30", "municipalityCode": "209", "name": "Tatahuicapan de Juárez" }, "geometry": { "type": "Polygon", "coordinates": [ [ [ -94.789907287104214, 18.507632566168652 ], [ -94.774254579550671, 18.463842890013481 ], [ -94.773699689661498, 18.449205429983287 ], [ -94.743793030129027, 18.421747140078388 ], [ -94.744134200066469, 18.411823539630532 ], [ -94.737509979650568, 18.39516803026747 ], [ -94.713712430360175, 18.372542739653742 ], [ -94.683111629526294, 18.353204230222683 ], [ -94.705498630673205, 18.327335923218431 ], [ -94.716833584787281, 18.321722845828674 ], [ -94.720685591963303, 18.309697771086348 ], [ -94.734327855467882, 18.301690285021706 ], [ -94.730136720957063, 18.287293606608291 ], [ -94.738378513321734, 18.270974649482156 ], [ -94.734521978290118, 18.263422736928845 ], [ -94.734758191183175, 18.253825615842533 ], [ -94.726250540148925, 18.241850079924816 ], [ -94.746555260287593, 18.241322149949688 ], [ -94.751811920168493, 18.237034429943844 ], [ -94.761276080331967, 18.23561231998324 ], [ -94.765451799807423, 18.224498060381041 ], [ -94.760103339800168, 18.223250620024967 ], [ -94.75797257025306, 18.218301149574952 ], [ -94.767473230061057, 18.218590829650832 ], [ -94.764725680052777, 18.211112690105036 ], [ -94.76849520043659, 18.209682220387762 ], [ -94.767923109973168, 18.190363090003977 ], [ -94.783839880127687, 18.190054750273312 ], [ -94.779125340026027, 18.210226979735449 ], [ -94.789389180409913, 18.215051829933515 ], [ -94.778682949940901, 18.214115120351309 ], [ -94.782410509696305, 18.215850259827768 ], [ -94.781582799794222, 18.222775550324112 ], [ -94.778888769883125, 18.22228757980518 ], [ -94.780635660214173, 18.22787591046075 ], [ -94.776452719938888, 18.232297749641621 ], [ -94.78192694027102, 18.241776550447167 ], [ -94.778713660268281, 18.242049289667662 ], [ -94.777813649728969, 18.249635890199762 ], [ -94.774293029616629, 18.248641220061518 ], [ -94.769829519637014, 18.255077380167926 ], [ -94.76520140033854, 18.255547490042126 ], [ -94.768852459653971, 18.257951919763158 ], [ -94.766989980155586, 18.265921519704492 ], [ -94.771674260256461, 18.267942309565033 ], [ -94.770181110411002, 18.273221149840126 ], [ -94.777575919898013, 18.277173719686605 ], [ -94.786899889652943, 18.276793049842304 ], [ -94.788267970293504, 18.260454890015161 ], [ -94.804396819886165, 18.260379089915876 ], [ -94.803177619588169, 18.264872889953345 ], [ -94.806351859900261, 18.264662769915766 ], [ -94.806398859638506, 18.269358449539766 ], [ -94.810213879548229, 18.269099249704439 ], [ -94.810217459949783, 18.275332969963596 ], [ -94.813002770205969, 18.275101860259209 ], [ -94.810354219901853, 18.284142170189728 ], [ -94.795538489615183, 18.283801430157261 ], [ -94.79504842035081, 18.288272769931552 ], [ -94.785836220005137, 18.288112110285621 ], [ -94.7853941702149, 18.292539259606976 ], [ -94.801662369663944, 18.291352849534771 ], [ -94.802472449866826, 18.295577149740911 ], [ -94.826770849934306, 18.310850999610672 ], [ -94.835859080129524, 18.326113620018251 ], [ -94.836810799848337, 18.330356320082561 ], [ -94.832383480453032, 18.335572419749411 ], [ -94.833867710434006, 18.349426260199248 ], [ -94.827814770186947, 18.35652238006077 ], [ -94.828213750064847, 18.360796370087982 ], [ -94.817480019552278, 18.368533859866314 ], [ -94.825199430278744, 18.378739420084994 ], [ -94.829088600291698, 18.378452229746934 ], [ -94.829820510023481, 18.381374049897406 ], [ -94.82684787976163, 18.382200310270765 ], [ -94.828772400311777, 18.390771539926714 ], [ -94.834102509804367, 18.389712890130166 ], [ -94.833309459976618, 18.403941549882518 ], [ -94.837348680379293, 18.406252819727797 ], [ -94.840226280308428, 18.401950549594932 ], [ -94.856713550221315, 18.399651290145918 ], [ -94.861635970268978, 18.392642110113336 ], [ -94.858995550161069, 18.387671890216009 ], [ -94.866798180395037, 18.385942150338991 ], [ -94.884583538697143, 18.403689246878425 ], [ -94.891129169005453, 18.407716754287293 ], [ -94.895986142653044, 18.405598113908955 ], [ -94.896672602730078, 18.408603067828402 ], [ -94.888036056503537, 18.423513904427207 ], [ -94.8921934060794, 18.429032406141676 ], [ -94.886765875293165, 18.432418547973391 ], [ -94.882327235509749, 18.443954133639892 ], [ -94.874634385551076, 18.448219382166961 ], [ -94.866727613866274, 18.447545909632435 ], [ -94.862999920211337, 18.453765310400506 ], [ -94.853902549959869, 18.449849309824799 ], [ -94.841190680250094, 18.475343110007991 ], [ -94.811799310166336, 18.487685149816908 ], [ -94.80292589018957, 18.495806890215896 ], [ -94.800502660119975, 18.494441570132999 ], [ -94.796888290409385, 18.497651780032687 ], [ -94.798911420084494, 18.501965690091595 ], [ -94.789907287104214, 18.507632566168652 ] ] ] } },
{ "type": "Feature", "properties": { "code": "30173", "stateCode": "30", "municipalityCode": "173", "name": "Tezonapa" }, "geometry": { "type": "Polygon", "coordinates": [ [ [ -96.842930342001466, 18.752632441235523 ], [ -96.834747970146509, 18.745594829829553 ], [ -96.824386030253251, 18.744513569667443 ], [ -96.820505490333915, 18.736533380263509 ], [ -96.811526200061664, 18.739362909967717 ], [ -96.805579970471712, 18.725612950023603 ], [ -96.801106379556757, 18.72453208961916 ], [ -96.792685420419176, 18.713367749825821 ], [ -96.791779770167594, 18.717381710055584 ], [ -96.78775683033119, 18.713627620202434 ], [ -96.784283459761596, 18.703159579778717 ], [ -96.779374599594675, 18.703658280288469 ], [ -96.77228394994944, 18.693941600158684 ], [ -96.76457562016715, 18.697180250031568 ], [ -96.760460919779391, 18.693348540414704 ], [ -96.754427820374488, 18.695748979784934 ], [ -96.750827859567607, 18.691694690019471 ], [ -96.746903910227374, 18.694705050287894 ], [ -96.744436879642748, 18.690934369796654 ], [ -96.727518059741257, 18.683666619920249 ], [ -96.720861580177569, 18.676154629634169 ], [ -96.720114460397937, 18.670527550087627 ], [ -96.708201939951621, 18.658151599909889 ], [ -96.684144379794077, 18.644263649746428 ], [ -96.688696970360738, 18.638792829584002 ], [ -96.687507049960502, 18.636090309785779 ], [ -96.683113969722285, 18.63486593997769 ], [ -96.672263740320247, 18.618945050297224 ], [ -96.672463520289185, 18.607574120345888 ], [ -96.679012630391611, 18.60778057011435 ], [ -96.693828309192938, 18.591208850073656 ], [ -96.688242909581504, 18.581696999679025 ], [ -96.693313709862863, 18.578611680042801 ], [ -96.702148979723802, 18.581226709897525 ], [ -96.690940580032489, 18.567974379578587 ], [ -96.699630720026988, 18.553342890416026 ], [ -96.715604779773471, 18.573241490383339 ], [ -96.724221719670851, 18.558987539640952 ], [ -96.711826690432332, 18.548055480358528 ], [ -96.719050450459207, 18.5369141498545 ], [ -96.725789860302498, 18.535863030352985 ], [ -96.724281280475253, 18.530334549846739 ], [ -96.726899480428884, 18.529828999658534 ], [ -96.719027800424357, 18.522127680304997 ], [ -96.714147340218148, 18.527558109592739 ], [ -96.706168829688295, 18.526336689622077 ], [ -96.70286772031514, 18.510269020320312 ], [ -96.688022599991612, 18.512641690064598 ], [ -96.681415620153757, 18.502547399965106 ], [ -96.691078420276753, 18.489827920331287 ], [ -96.685656539634351, 18.489605799736903 ], [ -96.687604339631136, 18.486623230343 ], [ -96.684247949551036, 18.486911249681057 ], [ -96.686304569922683, 18.483594229672633 ], [ -96.683676139936111, 18.484762339829835 ], [ -96.682541910407679, 18.475062169973981 ], [ -96.690245370380552, 18.468973339561263 ], [ -96.688186720018777, 18.462735449808751 ], [ -96.692749800307766, 18.462359690403204 ], [ -96.692883279857398, 18.457549319935165 ], [ -96.705323449572091, 18.456710570206035 ], [ -96.702604230060189, 18.454395769970507 ], [ -96.707212800158487, 18.448927479584363 ], [ -96.705011480280575, 18.448264059944751 ], [ -96.707649279999629, 18.44263735004284 ], [ -96.705266080231809, 18.43545162005903 ], [ -96.70870987984388, 18.43589056972526 ], [ -96.709042950327913, 18.432419030032673 ], [ -96.704999489771424, 18.432010339993617 ], [ -96.709707120378241, 18.429954169666281 ], [ -96.705912949574824, 18.422894370368898 ], [ -96.68103725017842, 18.412204430092014 ], [ -96.681439710261841, 18.385657030224618 ], [ -96.679299220368961, 18.386074980220666 ], [ -96.680130229896378, 18.383017850195671 ], [ -96.675046660196287, 18.384229540446249 ], [ -96.674563319727184, 18.381395420309506 ], [ -96.681615150347099, 18.375584079989309 ], [ -96.691831219968435, 18.380849779910299 ], [ -96.692597519725922, 18.366237140047915 ], [ -96.695904000170444, 18.364750289847045 ], [ -96.69772382985613, 18.382074059679429 ], [ -96.717274350024155, 18.380411580122818 ], [ -96.732326909814489, 18.373699800226674 ], [ -96.73478904968249, 18.379647229946439 ], [ -96.741037659667484, 18.382613059713918 ], [ -96.737134540390457, 18.390036119754612 ], [ -96.728649999566045, 18.395736880347091 ], [ -96.731261119676688, 18.401356909880317 ], [ -96.724919080405272, 18.408179820175114 ], [ -96.743498089941923, 18.407325349681528 ], [ -96.753667310094244, 18.411718310422884 ], [ -96.759085050098221, 18.408263659720458 ], [ -96.766364979653389, 18.412685280275088 ], [ -96.765966309601822, 18.417998249636295 ], [ -96.770898859623202, 18.422977820027914 ], [ -96.764787650264267, 18.423613799803359 ], [ -96.763185709954115, 18.427050679710749 ], [ -96.770441769966354, 18.429301169937457 ], [ -96.775468770345583, 18.426212349947601 ], [ -96.78101194975099, 18.429069510432562 ], [ -96.777552780469634, 18.434320029586949 ], [ -96.784004230384824, 18.439586250013296 ], [ -96.78481806008422, 18.444196259722613 ], [ -96.77542368965085, 18.448093229894166 ], [ -96.786172799730281, 18.457925889738519 ], [ -96.780828249577411, 18.462264259686538 ], [ -96.780941620327368, 18.465925150221956 ], [ -96.789206750227976, 18.467139819674575 ], [ -96.791436940366196, 18.477402569826495 ], [ -96.795795490155598, 18.480223279863953 ], [ -96.796791000121715, 18.486185619762214 ], [ -96.792960029649691, 18.491911769982931 ], [ -96.797836030411617, 18.496953720314249 ], [ -96.794164280242043, 18.502131649900594 ], [ -96.797011830098526, 18.511935180205473 ], [ -96.803364050309568, 18.511461490064107 ], [ -96.808900029985566, 18.517311110239298 ], [ -96.813446150121507, 18.51761791027085 ], [ -96.818476689855302, 18.511471680296481 ], [ -96.824038629717819, 18.511110579592302 ], [ -96.824135229791921, 18.505600510239656 ], [ -96.827333999794845, 18.503753769664378 ], [ -96.825095049911312, 18.498114750391615 ], [ -96.83938101958239, 18.493094780337774 ], [ -96.842407679663907, 18.493419999983562 ], [ -96.842767420024188, 18.501665229686921 ], [ -96.846327689771158, 18.505378320249896 ], [ -96.853781970386649, 18.506277200164316 ], [ -96.856474320319307, 18.511345279986394 ], [ -96.862082570422345, 18.510889510452607 ], [ -96.867359220353393, 18.514679550068294 ], [ -96.863250219821737, 18.516127339815235 ], [ -96.866289849546391, 18.525864660043794 ], [ -96.863026629755893, 18.529886020130416 ], [ -96.875813920395984, 18.538648101764224 ], [ -96.858554718978638, 18.541807569423085 ], [ -96.840561170526456, 18.553429071814147 ], [ -96.842511079615051, 18.556911400204953 ], [ -96.833742650060103, 18.587995799743442 ], [ -96.835201430279284, 18.592553920182922 ], [ -96.84079421974532, 18.589749980032074 ], [ -96.841083859772056, 18.594416999900734 ], [ -96.844959259932452, 18.59298660040443 ], [ -96.844265419687346, 18.598667740402075 ], [ -96.849470710109216, 18.600224060011048 ], [ -96.852296509675796, 18.610256280406034 ], [ -96.861580850405616, 18.609539519865564 ], [ -96.863698679878709, 18.620919220294759 ], [ -96.861285370134681, 18.629795419977121 ], [ -96.875684350190099, 18.621229940303479 ], [ -96.879928570115013, 18.624392799776732 ], [ -96.878361430015985, 18.635580880451244 ], [ -96.881449799926912, 18.640385859661659 ], [ -96.87203268967157, 18.651325420051734 ], [ -96.863566539748746, 18.653309120308155 ], [ -96.868099379765255, 18.664678999767787 ], [ -96.86652888995765, 18.675679350081055 ], [ -96.875751619920962, 18.68692912044661 ], [ -96.888325219863731, 18.684223850369701 ], [ -96.884175000462449, 18.688497829737607 ], [ -96.885255890054552, 18.691545909764073 ], [ -96.876607289533908, 18.696267170295211 ], [ -96.885184999845734, 18.702429999704144 ], [ -96.886881660164363, 18.716471679987777 ], [ -96.898131120123963, 18.719504259933188 ], [ -96.889733889965939, 18.725360179904317 ], [ -96.885234970377979, 18.739476710150132 ], [ -96.887159859553151, 18.740490089793212 ], [ -96.882235169975814, 18.748615709575585 ], [ -96.871662619657997, 18.75233131982576 ], [ -96.847181830253319, 18.743886910033908 ], [ -96.842930342001466, 18.752632441235523 ] ] ] } },
{ "type": "Feature", "properties": { "code": "30205", "stateCode": "30", "municipalityCode": "205", "name": "El Higo" }, "geometry": { "type": "Polygon", "coordinates": [ [ [ -98.429685139920053, 21.889569079716853 ], [ -98.424803400045448, 21.886052419743439 ], [ -98.425061460377165, 21.881881800108456 ], [ -98.421680090150502, 21.880637340236934 ], [ -98.418475060017727, 21.883660379909006 ], [ -98.413167939784316, 21.8777353200013 ], [ -98.409645479533296, 21.878084000078605 ], [ -98.405203619534475, 21.862066449536197 ], [ -98.409442850055058, 21.860353399697587 ], [ -98.404838290384674, 21.854368459999392 ], [ -98.405749370273355, 21.841203649771387 ], [ -98.402376380290434, 21.839074199646994 ], [ -98.410043200302823, 21.838021219949461 ], [ -98.410979769773789, 21.833126919840723 ], [ -98.414961690456067, 21.831392150117683 ], [ -98.39649883027684, 21.830552539940754 ], [ -98.392132250195218, 21.81871488039242 ], [ -98.30537945990892, 21.825072859555089 ], [ -98.3217188899294, 21.708215229636156 ], [ -98.309872000179283, 21.709832290188402 ], [ -98.312977619707098, 21.689409770277237 ], [ -98.32396042010447, 21.686794290008859 ], [ -98.325737849879459, 21.671913249973166 ], [ -98.366668140097829, 21.66746962003042 ], [ -98.374401880187705, 21.66470361993926 ], [ -98.373975719656542, 21.661753829670435 ], [ -98.423565849603946, 21.655297620104154 ], [ -98.410765350183198, 21.663839120096807 ], [ -98.428491889678298, 21.665116309638424 ], [ -98.448014400308239, 21.677789340154689 ], [ -98.480989629884675, 21.669988089680366 ], [ -98.488933619606641, 21.656665049690478 ], [ -98.489363450106836, 21.658633659566515 ], [ -98.514868820021263, 21.647846969821849 ], [ -98.516154430466543, 21.643821109963287 ], [ -98.530187060422307, 21.648117780448178 ], [ -98.536482779593385, 21.646327519767745 ], [ -98.550369149542078, 21.691075229902815 ], [ -98.558255479984851, 21.687671859889356 ], [ -98.558361970328448, 21.702789079883111 ], [ -98.562405569817244, 21.706542689743479 ], [ -98.570772749680017, 21.707255580052472 ], [ -98.572049830295427, 21.712214479985093 ], [ -98.567116369571977, 21.717571680064093 ], [ -98.551824629542381, 21.719352599747261 ], [ -98.544587739535601, 21.723698320397332 ], [ -98.530741570287134, 21.697274540425841 ], [ -98.520531690135158, 21.710231459953292 ], [ -98.527112349967098, 21.715275480022552 ], [ -98.536795800078679, 21.713890479860574 ], [ -98.537410509927852, 21.720624250084544 ], [ -98.529459179774165, 21.72212814026874 ], [ -98.520850829951982, 21.715964290220345 ], [ -98.516674200426763, 21.716850509726875 ], [ -98.512761709551555, 21.720780519971601 ], [ -98.512664919990826, 21.726601739622314 ], [ -98.498946220424187, 21.727242779770659 ], [ -98.499487480134491, 21.732079919801816 ], [ -98.505526549509298, 21.734031140316336 ], [ -98.504218920032855, 21.73804809041193 ], [ -98.500050150388503, 21.739290059560894 ], [ -98.491485230423564, 21.735061060069022 ], [ -98.476924180180802, 21.745219259883928 ], [ -98.476395910065222, 21.749196230200283 ], [ -98.483725509756411, 21.752170679751924 ], [ -98.479392140117412, 21.760859830439994 ], [ -98.4702257804542, 21.763571539603422 ], [ -98.467596950017608, 21.770698140017533 ], [ -98.459447309716737, 21.762311340205727 ], [ -98.455284890258838, 21.76505124957886 ], [ -98.462335770239164, 21.778414370352191 ], [ -98.461948949792486, 21.790550979738835 ], [ -98.475522829796859, 21.801922050221783 ], [ -98.475038290364196, 21.814192050368373 ], [ -98.481896769794602, 21.815006399940025 ], [ -98.48993691041521, 21.811391079972907 ], [ -98.493118920398672, 21.8139403196583 ], [ -98.492326219822942, 21.824356230357104 ], [ -98.485509380227299, 21.834825909665724 ], [ -98.488215450252795, 21.837569309842735 ], [ -98.487974580470734, 21.851896510200788 ], [ -98.484680320232897, 21.855739249569915 ], [ -98.478030880365665, 21.854523049757766 ], [ -98.47922193987867, 21.856798820125167 ], [ -98.470919579950476, 21.852352260358362 ], [ -98.45049508958877, 21.874871429783244 ], [ -98.441140340190785, 21.87388010957816 ], [ -98.438280369672512, 21.887496450311538 ], [ -98.429685139920053, 21.889569079716853 ] ] ] } },
{ "type": "Feature", "properties": { "code": "30203", "stateCode": "30", "municipalityCode": "203", "name": "Zozocolco de Hidalgo" }, "geometry": { "type": "Polygon", "coordinates": [ [ [ -97.536829479658692, 20.175926540187945 ], [ -97.531212479997052, 20.168463059832515 ], [ -97.514596220075035, 20.170040249806938 ], [ -97.512024449752332, 20.166174230021515 ], [ -97.518698260107172, 20.154193419836069 ], [ -97.516759599734371, 20.150726120134696 ], [ -97.509677399741278, 20.140887779603343 ], [ -97.503490890268608, 20.14863413994091 ], [ -97.495802429675877, 20.147063549965523 ], [ -97.494557690408541, 20.144347949710184 ], [ -97.499778629647551, 20.142391659680939 ], [ -97.49483846021063, 20.137348279949894 ], [ -97.499323119824211, 20.133012509651323 ], [ -97.508963970313232, 20.130679779845966 ], [ -97.511304369563419, 20.125013660111353 ], [ -97.521828679523395, 20.121966430267133 ], [ -97.52739416974778, 20.114878940330964 ], [ -97.539592570373685, 20.116009250259712 ], [ -97.543127540327902, 20.10570196961373 ], [ -97.548156089944513, 20.10119482976771 ], [ -97.552950910261274, 20.100926779964141 ], [ -97.558051289994026, 20.106910889748423 ], [ -97.563446540054812, 20.0899777796336 ], [ -97.561750969598094, 20.085575970058542 ], [ -97.570853859803222, 20.081916949599623 ], [ -97.576868689839813, 20.08462606023026 ], [ -97.580257600077374, 20.079007890454353 ], [ -97.591235920385813, 20.081713169694225 ], [ -97.595711509977917, 20.096891540137165 ], [ -97.587878230461939, 20.097657139660903 ], [ -97.584235029910658, 20.094757149789274 ], [ -97.580293079702898, 20.096691059582607 ], [ -97.578651349617431, 20.10251988020222 ], [ -97.582076819673091, 20.109044940218272 ], [ -97.587413940261413, 20.108585950411982 ], [ -97.58750407992288, 20.11234529014456 ], [ -97.602735310019668, 20.119313820212703 ], [ -97.605061250344178, 20.131721970195677 ], [ -97.600980599692221, 20.141293709563371 ], [ -97.605323280138848, 20.141829550185875 ], [ -97.608381910317135, 20.151640489850866 ], [ -97.604957350429146, 20.157810480155504 ], [ -97.595528349785567, 20.16005002985624 ], [ -97.591134280401874, 20.155637580039659 ], [ -97.58630439987374, 20.157612139976333 ], [ -97.585746450099748, 20.164642829780632 ], [ -97.576422579628343, 20.176554180017408 ], [ -97.56922350997813, 20.164308779847854 ], [ -97.55383577955979, 20.169810310276304 ], [ -97.544486519551057, 20.166934350381997 ], [ -97.536829479658692, 20.175926540187945 ] ] ] } },
{ "type": "Feature", "properties": { "code": "30031", "stateCode": "30", "municipalityCode": "031", "name": "Carrillo Puerto" }, "geometry": { "type": "Polygon", "coordinates": [ [ [ -96.568164600056051, 18.888337350380546 ], [ -96.563541650425265, 18.881008179575133 ], [ -96.550443939622042, 18.881959570437946 ], [ -96.547217000078987, 18.878261199760338 ], [ -96.548983030434371, 18.876003619992051 ], [ -96.536570949852134, 18.871345120110917 ], [ -96.527974690324996, 18.863418820027835 ], [ -96.52508114038649, 18.864279059575246 ], [ -96.524752630199742, 18.861176109796737 ], [ -96.51766087995351, 18.860746059944141 ], [ -96.515367480389045, 18.853677120119048 ], [ -96.506759000191465, 18.852685220458369 ], [ -96.506028289623927, 18.846749630149255 ], [ -96.502260799622221, 18.847896049822353 ], [ -96.496750019993911, 18.840936179756124 ], [ -96.487527079680362, 18.837062340313171 ], [ -96.480477570338223, 18.821521109860733 ], [ -96.472787089652627, 18.817127059649387 ], [ -96.46856658019945, 18.818024019757818 ], [ -96.465946080227098, 18.813592450117472 ], [ -96.472438939607329, 18.804655370388378 ], [ -96.464745480426487, 18.797125689629301 ], [ -96.464474319554938, 18.791000400254092 ], [ -96.465776629577675, 18.785980570108961 ], [ -96.471214080046181, 18.784847030129765 ], [ -96.469234629557121, 18.781875690119385 ], [ -96.471399849617839, 18.778570659712681 ], [ -96.480868020348098, 18.774330200217808 ], [ -96.483503259765868, 18.78007139954763 ], [ -96.489417310158416, 18.775450059697906 ], [ -96.494391999804733, 18.777082949549381 ], [ -96.501558380114361, 18.770350000052929 ], [ -96.499784429540966, 18.765797600046184 ], [ -96.507769970391792, 18.763750349572021 ], [ -96.507401219767431, 18.760992339735768 ], [ -96.510975539991591, 18.761224509967445 ], [ -96.51421181999666, 18.755872089556576 ], [ -96.518364750359538, 18.757328420240459 ], [ -96.52331617960364, 18.754016250162159 ], [ -96.528019449856572, 18.757574149877087 ], [ -96.542541150060444, 18.754529169686226 ], [ -96.549064400344292, 18.758118200198449 ], [ -96.551023050058731, 18.755611459925838 ], [ -96.554422510079931, 18.76081721960108 ], [ -96.559692509817566, 18.762276970133318 ], [ -96.561184089870636, 18.759561570044433 ], [ -96.563161459651681, 18.761989860169653 ], [ -96.571080830155211, 18.758813340340282 ], [ -96.57367750961329, 18.761445599927651 ], [ -96.59359650960522, 18.760205230069445 ], [ -96.599951369917846, 18.761872599973408 ], [ -96.601873649881753, 18.765695250099952 ], [ -96.612944880439542, 18.767475999809601 ], [ -96.612950650198329, 18.769743089799956 ], [ -96.630045219894257, 18.772619659565493 ], [ -96.640139250091707, 18.771873779811582 ], [ -96.647015820460439, 18.76646234009732 ], [ -96.684914629793639, 18.77730973956119 ], [ -96.687736220101044, 18.802469710087831 ], [ -96.701516079718559, 18.807454399759155 ], [ -96.698927950265769, 18.816512919646044 ], [ -96.687877249530416, 18.814153850201755 ], [ -96.688998489614647, 18.853379909705815 ], [ -96.67458782044865, 18.851591919891817 ], [ -96.674002450289976, 18.848613510170257 ], [ -96.670903169916798, 18.851063710149447 ], [ -96.668666650095503, 18.847464380370401 ], [ -96.66063224986641, 18.856551720408238 ], [ -96.659404599592904, 18.85376434954761 ], [ -96.648086420149937, 18.852081509939897 ], [ -96.648015550355254, 18.847989520389493 ], [ -96.642357970183113, 18.85178584963597 ], [ -96.640969680240431, 18.847006950359994 ], [ -96.63637328958329, 18.852206599649708 ], [ -96.642937740091199, 18.855458170004862 ], [ -96.642788979807861, 18.858606800376918 ], [ -96.635962249847324, 18.860341429918254 ], [ -96.635400820369227, 18.86429786001937 ], [ -96.644645580271913, 18.873876290113774 ], [ -96.625490720045633, 18.879893140184738 ], [ -96.62791194011443, 18.883919910405801 ], [ -96.600590059956872, 18.888442479692991 ], [ -96.590882859602615, 18.876646679690854 ], [ -96.585115749846437, 18.874359119558193 ], [ -96.588146800327522, 18.87733025997133 ], [ -96.585831309806522, 18.879180650445601 ], [ -96.573716379576297, 18.876569660026767 ], [ -96.571092950042569, 18.881922879910388 ], [ -96.568021319642071, 18.87944481955622 ], [ -96.572207629575175, 18.889132199707522 ], [ -96.568164600056051, 18.888337350380546 ] ] ] } },
{ "type": "Feature", "properties": { "code": "30079", "stateCode": "30", "municipalityCode": "079", "name": "Ixhuacán de los Reyes" }, "geometry": { "type": "Polygon", "coordinates": [ [ [ -97.153848619864036, 19.464599830040722 ], [ -97.148251399662584, 19.445649520148748 ], [ -97.134138749563178, 19.422390000368839 ], [ -97.120276999647587, 19.422811749682538 ], [ -97.110468739770994, 19.41959504987047 ], [ -97.09394885009219, 19.422911510162354 ], [ -97.091267290463989, 19.417496889617713 ], [ -97.08164453984169, 19.415371350445877 ], [ -97.057351350333448, 19.39490397036251 ], [ -97.041217490178695, 19.39790954995318 ], [ -97.039958800162566, 19.393017020195117 ], [ -97.028916919864784, 19.390917619772495 ], [ -97.027780509720728, 19.3857306500568 ], [ -97.041846520261416, 19.382749260272554 ], [ -97.047907059995069, 19.377160599987576 ], [ -97.041517550013367, 19.368875910067803 ], [ -97.046810060004034, 19.363325319974404 ], [ -97.035299770052106, 19.356526539971735 ], [ -97.035283400437365, 19.351935719874323 ], [ -97.031906060140628, 19.350905120299494 ], [ -97.035306450207187, 19.348767059948937 ], [ -97.028039680069867, 19.343984950397484 ], [ -97.027863620065062, 19.339939919775468 ], [ -97.034510600444975, 19.336112709686446 ], [ -97.03034778011228, 19.325183289699716 ], [ -97.024195580439908, 19.318860369645567 ], [ -97.007224119667114, 19.318346750188535 ], [ -97.000323219787887, 19.306256689838158 ], [ -96.987847659999716, 19.295266450107338 ], [ -96.986972909988012, 19.298579509629384 ], [ -96.980722290257617, 19.289819049616927 ], [ -96.976245000442958, 19.292118310205687 ], [ -96.971455599667408, 19.289809860142064 ], [ -96.974580219927518, 19.283131849882238 ], [ -96.97521732042398, 19.286750599669599 ], [ -96.979138829943324, 19.284343020104838 ], [ -96.983380349564939, 19.287577570270187 ], [ -96.985712969909301, 19.280048350281916 ], [ -97.003844059665283, 19.296480419920027 ], [ -97.010815060158208, 19.296307019682075 ], [ -97.014755259991787, 19.290075169706146 ], [ -97.019355660457293, 19.296867978744739 ], [ -97.02463998034213, 19.294296309920522 ], [ -97.030990580382138, 19.29732677010788 ], [ -97.04551136964038, 19.321282620154889 ], [ -97.055691679903347, 19.311971349709307 ], [ -97.067508220002196, 19.315229749681063 ], [ -97.067889419865622, 19.321360859570046 ], [ -97.071181050439492, 19.32151661979805 ], [ -97.082766279800637, 19.310560659807827 ], [ -97.091425350235554, 19.310985119666235 ], [ -97.100970949917823, 19.303592820400453 ], [ -97.103191400367081, 19.306165179917112 ], [ -97.115186950127566, 19.304821849894761 ], [ -97.12935971028152, 19.308896679835389 ], [ -97.13155758024422, 19.318786199568098 ], [ -97.136751509577238, 19.322703969683715 ], [ -97.148454919566248, 19.320250050173282 ], [ -97.144102569785431, 19.325927419969744 ], [ -97.141879050229178, 19.337609379814772 ], [ -97.129599949754066, 19.347698030265359 ], [ -97.133078419939849, 19.352487399606495 ], [ -97.132603999997229, 19.363022460373642 ], [ -97.125628580253377, 19.375925979648116 ], [ -97.140098170263812, 19.384597369576561 ], [ -97.150716079949589, 19.401886279948808 ], [ -97.158160120172099, 19.405567970164007 ], [ -97.161997830373053, 19.402309849972465 ], [ -97.167443979588981, 19.404296940389376 ], [ -97.168770259948346, 19.412931879663809 ], [ -97.174079120310807, 19.419524480301327 ], [ -97.174937889921594, 19.423409859961755 ], [ -97.170626539897782, 19.423916480301127 ], [ -97.169553449788225, 19.451396449864376 ], [ -97.166260939925351, 19.45245389040711 ], [ -97.165073020130222, 19.458341619955828 ], [ -97.153848619864036, 19.464599830040722 ] ] ] } },
{ "type": "Feature", "properties": { "code": "30069", "stateCode": "30", "municipalityCode": "069", "name": "Gutiérrez Zamora" }, "geometry": { "type": "Polygon", "coordinates": [ [ [ -97.104161079651732, 20.530682690421102 ], [ -97.0639341502674, 20.493274400210517 ], [ -97.065709200443919, 20.489865150067313 ], [ -97.081370000192877, 20.482825030366762 ], [ -97.073137119704626, 20.479568659578696 ], [ -97.078980719817167, 20.474608580001604 ], [ -97.065682479675274, 20.4797234199341 ], [ -97.060556909688316, 20.471106000225742 ], [ -97.05275809030087, 20.467357619861591 ], [ -97.013514449782448, 20.472203719909562 ], [ -97.020413000383641, 20.467618680027194 ], [ -97.01650258009073, 20.46384610960666 ], [ -97.029197289870353, 20.459854779977736 ], [ -97.030524579557877, 20.449844830195023 ], [ -97.022543370110029, 20.441030349725782 ], [ -97.028816250458149, 20.432973770277009 ], [ -97.034625630315844, 20.431441489694187 ], [ -97.02659692020849, 20.423286819897005 ], [ -97.034025909576201, 20.424505179797226 ], [ -97.035186079974764, 20.420509230371337 ], [ -97.031330350073091, 20.416939229991119 ], [ -97.037527079583768, 20.416857049666081 ], [ -97.037405539788452, 20.409312580264395 ], [ -97.056464919576271, 20.405982540419686 ], [ -97.073835600257411, 20.408170509940135 ], [ -97.071492910415344, 20.404727379970069 ], [ -97.073731059695149, 20.401847770436827 ], [ -97.081315539769747, 20.401283059623914 ], [ -97.080162630133103, 20.394238940370396 ], [ -97.07651552005342, 20.393242139932848 ], [ -97.082410539864838, 20.392344549706515 ], [ -97.083718689741602, 20.386383879847742 ], [ -97.09611652027148, 20.396264319944652 ], [ -97.103672309750806, 20.397307400330092 ], [ -97.106475629830882, 20.394936089906761 ], [ -97.10513387957387, 20.380905649565179 ], [ -97.117774919538036, 20.378598489627279 ], [ -97.117462600379113, 20.375188880365641 ], [ -97.128208479849533, 20.378366149953372 ], [ -97.129038089924251, 20.372066109824566 ], [ -97.132004969525212, 20.371790620257155 ], [ -97.137877950121123, 20.376751599912595 ], [ -97.144297599579772, 20.376535710148733 ], [ -97.148696479912758, 20.385097859879004 ], [ -97.154247400461983, 20.388183580199989 ], [ -97.164412449993932, 20.388564310006224 ], [ -97.163141429814189, 20.397395880312608 ], [ -97.166772030473325, 20.395645919725187 ], [ -97.167380630285294, 20.398311709991894 ], [ -97.174869920000958, 20.398410110338602 ], [ -97.178571739820811, 20.410797229570402 ], [ -97.181427799579268, 20.414695880106223 ], [ -97.181921999841478, 20.411832290156461 ], [ -97.186470369686319, 20.414710449924705 ], [ -97.183144290402026, 20.434012540068416 ], [ -97.190513950075271, 20.434744480266623 ], [ -97.191587849931778, 20.446798580241666 ], [ -97.190048910298913, 20.449436620159105 ], [ -97.176308049651894, 20.446578459841511 ], [ -97.177001710069987, 20.455342890259342 ], [ -97.181715449535815, 20.460319199671584 ], [ -97.174543579987343, 20.462545879612655 ], [ -97.164819940199834, 20.459220180450696 ], [ -97.158400540389309, 20.465146029656307 ], [ -97.159537819833886, 20.479896030447083 ], [ -97.150634339693198, 20.483189579878214 ], [ -97.145608079897642, 20.496501830354596 ], [ -97.153069349958784, 20.495555569573607 ], [ -97.151341599936671, 20.506962799876536 ], [ -97.134294859886637, 20.511584860181006 ], [ -97.126767319535162, 20.525409250425085 ], [ -97.113596419994735, 20.520961060236917 ], [ -97.108970419872378, 20.528545110298609 ], [ -97.104161079651732, 20.530682690421102 ] ] ] } },
{ "type": "Feature", "properties": { "code": "30101", "stateCode": "30", "municipalityCode": "101", "name": "Mariano Escobedo" }, "geometry": { "type": "Polygon", "coordinates": [ [ [ -97.230287059822459, 18.979782909887486 ], [ -97.219792049757984, 18.973543540137296 ], [ -97.214526379837594, 18.963549420112638 ], [ -97.209025850239868, 18.962111419886405 ], [ -97.20888582998333, 18.96699655031281 ], [ -97.201758780418885, 18.966885079932517 ], [ -97.181698860390924, 18.957754690066313 ], [ -97.165714089694788, 18.958680950179112 ], [ -97.160503079563142, 18.955534169611312 ], [ -97.13997945958883, 18.938383120303946 ], [ -97.135005620449448, 18.921338549985141 ], [ -97.126279250409596, 18.919261319593168 ], [ -97.123497890168309, 18.920977179837887 ], [ -97.125319620379756, 18.925121110362937 ], [ -97.119195229540779, 18.925235510083066 ], [ -97.114635819775842, 18.930180519720867 ], [ -97.09829551016928, 18.89767273959998 ], [ -97.108065680191871, 18.894582249791956 ], [ -97.105653659991503, 18.88630368985142 ], [ -97.110764030191604, 18.871350261147086 ], [ -97.127069799194672, 18.905489399962022 ], [ -97.145815149880576, 18.912092829842674 ], [ -97.157829000165719, 18.912732370092144 ], [ -97.176701490312183, 18.923221779913963 ], [ -97.179084740369277, 18.929188060081049 ], [ -97.189311879941314, 18.911393879720269 ], [ -97.207539890465569, 18.917643549764712 ], [ -97.2183308298588, 18.91102714971348 ], [ -97.222112569530651, 18.920771000250056 ], [ -97.237542979552671, 18.915047679780191 ], [ -97.240580770077159, 18.924495369748389 ], [ -97.24194492019015, 18.920608509973047 ], [ -97.24876050995681, 18.920050449863467 ], [ -97.253346109851563, 18.928754650300252 ], [ -97.254959419737901, 18.943806120430494 ], [ -97.241239349846211, 18.949558020135086 ], [ -97.244351150158749, 18.954381119756459 ], [ -97.241197679874034, 18.953883910353792 ], [ -97.239783920197127, 18.960946169936154 ], [ -97.242691020215901, 18.966465150064575 ], [ -97.237252259812777, 18.961627340148343 ], [ -97.23478754032476, 18.963274659899138 ], [ -97.236171479870094, 18.974683580193535 ], [ -97.233115280340897, 18.973425350356756 ], [ -97.230287059822459, 18.979782909887486 ] ] ] } },
{ "type": "Feature", "properties": { "code": "30103", "stateCode": "30", "municipalityCode": "103", "name": "Mecatlán" }, "geometry": { "type": "Polygon", "coordinates": [ [ [ -97.651406719359372, 20.244978251224154 ], [ -97.645083449716324, 20.23925371996544 ], [ -97.648580619989275, 20.232120939733051 ], [ -97.641904919835142, 20.226844570367877 ], [ -97.635383749542925, 20.20898968967763 ], [ -97.623975119821552, 20.208996770243004 ], [ -97.623618880409481, 20.220189080044175 ], [ -97.611491549943267, 20.220321679644119 ], [ -97.610683799841553, 20.205382860025981 ], [ -97.601264349842452, 20.200846880386738 ], [ -97.600337089610846, 20.195062000181796 ], [ -97.605136949582501, 20.194255740283136 ], [ -97.600586849710226, 20.188486660090788 ], [ -97.607172749551538, 20.188384290172177 ], [ -97.609393380220283, 20.183583380096085 ], [ -97.616158369886946, 20.18579877013984 ], [ -97.621956549753648, 20.174406029991268 ], [ -97.627588019852126, 20.176822080298972 ], [ -97.630099629773653, 20.182568950148166 ], [ -97.635423709531082, 20.182536480305682 ], [ -97.635020460373369, 20.188478399774667 ], [ -97.644853949569438, 20.182680980022564 ], [ -97.651846139729571, 20.185440309668714 ], [ -97.659111969555582, 20.180431399806757 ], [ -97.667813800144998, 20.181703000231586 ], [ -97.684699750457028, 20.192344539983679 ], [ -97.685957169543713, 20.203706569551095 ], [ -97.689868169856936, 20.208464310409671 ], [ -97.696684829947401, 20.20895828045029 ], [ -97.700593489525431, 20.220897859884314 ], [ -97.693021149591843, 20.228824629885143 ], [ -97.674494949752884, 20.236241880269173 ], [ -97.670839080223331, 20.239981399908459 ], [ -97.672386520288995, 20.243588819747675 ], [ -97.654625059693501, 20.241341941307322 ], [ -97.651406719359372, 20.244978251224154 ] ] ] } },
{ "type": "Feature", "properties": { "code": "30104", "stateCode": "30", "municipalityCode": "104", "name": "Mecayapan" }, "geometry": { "type": "MultiPolygon", "coordinates": [ [ [ [ -94.82677084993432, 18.310850999610611 ], [ -94.802472449866841, 18.295577149740861 ], [ -94.801662369663944, 18.291352849534736 ], [ -94.785394170214914, 18.292539259606961 ], [ -94.785836220005137, 18.288112110285603 ], [ -94.79504842035081, 18.288272769931503 ], [ -94.795538489615197, 18.283801430157204 ], [ -94.810354219901853, 18.284142170189675 ], [ -94.813002770205969, 18.275101860259188 ], [ -94.810217459949797, 18.275332969963561 ], [ -94.810213879548229, 18.269099249704396 ], [ -94.806398859638506, 18.269358449539705 ], [ -94.806351859900275, 18.264662769915752 ], [ -94.803177619588183, 18.264872889953313 ], [ -94.804396819886179, 18.260379089915826 ], [ -94.788267970293504, 18.260454890015126 ], [ -94.786899889652958, 18.276793049842272 ], [ -94.781018450093768, 18.277666849666581 ], [ -94.770438659717996, 18.273648140282866 ], [ -94.771674260256475, 18.267942309564983 ], [ -94.7669899801556, 18.265921519704435 ], [ -94.768852459653985, 18.257951919763123 ], [ -94.765201400338555, 18.255547490042073 ], [ -94.769829519637014, 18.255077380167908 ], [ -94.774293029616643, 18.248641220061472 ], [ -94.777813649728969, 18.249635890199716 ], [ -94.778713660268281, 18.242049289667609 ], [ -94.78192694027102, 18.24177655044711 ], [ -94.776452719938902, 18.232297749641589 ], [ -94.780635660214188, 18.227875910460728 ], [ -94.778888769883125, 18.222287579805144 ], [ -94.781582799794236, 18.222775550324048 ], [ -94.782410509696319, 18.215850259827715 ], [ -94.778682949940901, 18.214115120351291 ], [ -94.789389180409927, 18.215051829933472 ], [ -94.779125340026042, 18.210226979735388 ], [ -94.783839880127701, 18.190054750273294 ], [ -94.767923109973182, 18.190363090003927 ], [ -94.76849520043659, 18.209682220387712 ], [ -94.764725680052791, 18.211112690105011 ], [ -94.767473230061071, 18.218590829650818 ], [ -94.757972570253074, 18.218301149574902 ], [ -94.760103339800168, 18.223250620024931 ], [ -94.765451799807437, 18.224498060380991 ], [ -94.761276080331982, 18.235612319983208 ], [ -94.751811920168493, 18.237034429943794 ], [ -94.746555260287593, 18.241322149949639 ], [ -94.726250540148925, 18.241850079924816 ], [ -94.723859180008134, 18.235109540080416 ], [ -94.717199970088345, 18.230824909775787 ], [ -94.709991800288734, 18.233247000430122 ], [ -94.709836659851277, 18.226656659999087 ], [ -94.701182629699147, 18.226670140219063 ], [ -94.708539400067835, 18.225773629858939 ], [ -94.708389169706066, 18.221001419918672 ], [ -94.71476042990345, 18.220636259989508 ], [ -94.7229658603747, 18.214517430382173 ], [ -94.717715059533973, 18.202589109955795 ], [ -94.731771650231693, 18.19302573959817 ], [ -94.738509520144802, 18.19719209028116 ], [ -94.747974400044143, 18.196017109904012 ], [ -94.746108949704023, 18.193633220309266 ], [ -94.750155999664344, 18.191280119998268 ], [ -94.745909260258927, 18.17851416981134 ], [ -94.749691079749695, 18.175758850400943 ], [ -94.752689229711407, 18.17958115033807 ], [ -94.759382339564709, 18.171325719936778 ], [ -94.756029850209416, 18.165219749924169 ], [ -94.751960570157294, 18.165620110127094 ], [ -94.753425049704688, 18.156615819722898 ], [ -94.757387450380875, 18.150411889633585 ], [ -94.761491180429999, 18.151556950118088 ], [ -94.764465449707643, 18.148439659957731 ], [ -94.762711539890105, 18.141904170104496 ], [ -94.766056940147109, 18.138880620065407 ], [ -94.755157180282339, 18.130533979999232 ], [ -94.750414980380469, 18.130448450347874 ], [ -94.750646379602031, 18.12678643022296 ], [ -94.739956400039119, 18.118554339811492 ], [ -94.744107150259481, 18.114658219806472 ], [ -94.74162965965526, 18.112212140259391 ], [ -94.743729880272511, 18.105455519869626 ], [ -94.736458739719495, 18.101925860311272 ], [ -94.746083259558716, 18.082055309968165 ], [ -94.786790890269188, 18.088171459775118 ], [ -94.788588550387516, 18.08280571978246 ], [ -94.800225680047561, 18.086574079925743 ], [ -94.800239000191809, 18.082036140120678 ], [ -94.804078889650057, 18.082017289765943 ], [ -94.804189400018018, 18.086497449551437 ], [ -94.842533479979465, 18.085984059982543 ], [ -94.845733800348782, 18.091532510244807 ], [ -94.850835910091135, 18.088682019779839 ], [ -94.847678770148647, 18.085376660155358 ], [ -94.855391060222402, 18.093022290234948 ], [ -94.859586690061576, 18.091965350225017 ], [ -94.859636450291234, 18.094149110355655 ], [ -94.854309829878304, 18.094281620237098 ], [ -94.852576489805742, 18.101637999562744 ], [ -94.842766770238512, 18.099849090357637 ], [ -94.843828320289063, 18.107839170189489 ], [ -94.836479120106063, 18.114502689692767 ], [ -94.833218200345911, 18.123953720415553 ], [ -94.818697320186885, 18.117137150144284 ], [ -94.815361380245108, 18.129197600448034 ], [ -94.79620035016849, 18.126643660263813 ], [ -94.798185889818612, 18.146292179880078 ], [ -94.79473225044012, 18.147447619822927 ], [ -94.797266398543599, 18.155208980820067 ], [ -94.801832950362339, 18.15201651985095 ], [ -94.802308349550572, 18.15683406004603 ], [ -94.807253339819965, 18.153756920178239 ], [ -94.816157550027228, 18.160046109650484 ], [ -94.816306980110369, 18.156090969775189 ], [ -94.819550910274216, 18.159570020173781 ], [ -94.824654880153403, 18.156280079835831 ], [ -94.825868490286624, 18.161543909924784 ], [ -94.82770228014418, 18.157920660154485 ], [ -94.831747169510976, 18.16178258040463 ], [ -94.8365074200224, 18.1596142798148 ], [ -94.840417380242698, 18.163152549935702 ], [ -94.843289230352738, 18.159494260442521 ], [ -94.846106779700264, 18.173585620190018 ], [ -94.845651089748543, 18.176754749557496 ], [ -94.83940112037601, 18.178609910254902 ], [ -94.842941510014299, 18.183047620117993 ], [ -94.841673750089114, 18.194266859563541 ], [ -94.851276600022771, 18.191579459605901 ], [ -94.854613980384443, 18.212641719825466 ], [ -94.86076022962969, 18.22450152039578 ], [ -94.852717260252959, 18.225742570202986 ], [ -94.859155940077528, 18.242702940193332 ], [ -94.852839480042761, 18.248168549600482 ], [ -94.850888709637246, 18.253991430338271 ], [ -94.853902709931361, 18.255740650250242 ], [ -94.851109520457186, 18.259502569726241 ], [ -94.835525680462709, 18.264657149792992 ], [ -94.835546629795857, 18.262404939630439 ], [ -94.826790679590886, 18.262220320181093 ], [ -94.824832180141584, 18.26676287983295 ], [ -94.814438460027162, 18.26500502015092 ], [ -94.814043400143632, 18.269485740394057 ], [ -94.821043290326514, 18.273377540160627 ], [ -94.824870399721902, 18.280015319702319 ], [ -94.82270237955143, 18.283578539574911 ], [ -94.832001030320598, 18.299436370461812 ], [ -94.837421739975312, 18.321883919566854 ], [ -94.835081400190774, 18.324183969698854 ], [ -94.82677084993432, 18.310850999610611 ] ] ], [ [ [ -94.873202259588453, 18.548571486101178 ], [ -94.863346647276984, 18.544992104884354 ], [ -94.844644320250325, 18.545763770458947 ], [ -94.816573720200182, 18.538575880303942 ], [ -94.80779833986125, 18.528202089995588 ], [ -94.799559920415831, 18.524908650105196 ], [ -94.789104539898787, 18.507739430008918 ], [ -94.791355449883596, 18.508761880175477 ], [ -94.798911420084508, 18.501965690091538 ], [ -94.796888290409399, 18.497651780032651 ], [ -94.800502660119989, 18.494441570132949 ], [ -94.80292589018957, 18.495806890215839 ], [ -94.811799310166336, 18.487685149816855 ], [ -94.841190680250094, 18.475343110007977 ], [ -94.853902549959869, 18.449849309824746 ], [ -94.858978079726086, 18.453619999651501 ], [ -94.871909890275575, 18.453028680283062 ], [ -94.876564420366492, 18.457372180152731 ], [ -94.888009219780642, 18.450416250339277 ], [ -94.901085049820736, 18.449753680359201 ], [ -94.904023510082979, 18.447100939666946 ], [ -94.90871062033176, 18.457943449691637 ], [ -94.90630707978552, 18.459968250072798 ], [ -94.911379139835034, 18.465700769612287 ], [ -94.908367650446749, 18.468151119839646 ], [ -94.911058180423126, 18.471116119744728 ], [ -94.909178519950117, 18.472629119795492 ], [ -94.913145949908909, 18.476995709754856 ], [ -94.909038379562702, 18.479756549859012 ], [ -94.912418349903916, 18.482913050265989 ], [ -94.905980799785212, 18.489318319973396 ], [ -94.909280520223987, 18.493721309904036 ], [ -94.905663780044321, 18.496615450453323 ], [ -94.908709739567527, 18.499961020396125 ], [ -94.905415679645458, 18.503062680071451 ], [ -94.908242250258354, 18.506455180353761 ], [ -94.904157540279542, 18.513245229788609 ], [ -94.907003050265345, 18.520924249998099 ], [ -94.902983999905715, 18.530596139702258 ], [ -94.899380780007093, 18.532273399803273 ], [ -94.900244969880461, 18.540513369681427 ], [ -94.896367460439393, 18.542587169647657 ], [ -94.900937169651911, 18.547448830155414 ], [ -94.873202259588453, 18.548571486101178 ] ] ] ] } },
{ "type": "Feature", "properties": { "code": "30106", "stateCode": "30", "municipalityCode": "106", "name": "Miahuatlán" }, "geometry": { "type": "Polygon", "coordinates": [ [ [ -96.882429749720842, 19.771278309637292 ], [ -96.871520319564283, 19.768177280040259 ], [ -96.873544580321592, 19.747589720215966 ], [ -96.863825739724305, 19.73451568981714 ], [ -96.866127150071136, 19.728343150334904 ], [ -96.849399799701942, 19.730895689876135 ], [ -96.85597737009077, 19.725876149970784 ], [ -96.854441569627198, 19.69540282993918 ], [ -96.861864859676629, 19.69487859971445 ], [ -96.862494420383172, 19.689719020036318 ], [ -96.866249430035168, 19.690329599729093 ], [ -96.867980179529241, 19.697250480307581 ], [ -96.877683830211495, 19.698138180308622 ], [ -96.881045909709343, 19.701761260283305 ], [ -96.886196290377299, 19.691220419634003 ], [ -96.88825845039409, 19.698500049826425 ], [ -96.894948480015671, 19.702939580178029 ], [ -96.897984079788984, 19.703174339871673 ], [ -96.898169879534137, 19.700503250219693 ], [ -96.903049109965977, 19.703344970039769 ], [ -96.899109079854625, 19.707768830339635 ], [ -96.907764019641832, 19.714514509557286 ], [ -96.910447620094956, 19.714388179791069 ], [ -96.909990120408466, 19.705895859582448 ], [ -96.914549090440133, 19.701495520171409 ], [ -96.916602849750106, 19.704155859855021 ], [ -96.91704161977664, 19.720867599968347 ], [ -96.902980579649054, 19.720963220343414 ], [ -96.90007073992173, 19.730888079926199 ], [ -96.903620880377133, 19.735110859813851 ], [ -96.888072150145234, 19.74730665956773 ], [ -96.889526290051649, 19.75639622992556 ], [ -96.882653479532806, 19.763421660095542 ], [ -96.882429749720842, 19.771278309637292 ] ] ] } },
{ "type": "Feature", "properties": { "code": "30102", "stateCode": "30", "municipalityCode": "102", "name": "Martínez de la Torre" }, "geometry": { "type": "Polygon", "coordinates": [ [ [ -97.023020169881036, 20.280592319657227 ], [ -97.020894370093501, 20.276367570166439 ], [ -97.016121079655406, 20.278687489742008 ], [ -97.014852850425569, 20.275223550447944 ], [ -97.01020710999596, 20.276799780325895 ], [ -97.005043719672187, 20.26237955024763 ], [ -97.007120420057859, 20.258554200128994 ], [ -97.000859429798965, 20.250621889680673 ], [ -97.015986939675443, 20.229622569764405 ], [ -97.018591949904604, 20.216651430001825 ], [ -97.021374060215422, 20.215013480383984 ], [ -97.016744689966515, 20.21173464991455 ], [ -97.02017932008539, 20.202953539851453 ], [ -97.013560399834844, 20.191056460263638 ], [ -97.014591660090559, 20.186955489865518 ], [ -97.010401370069104, 20.180483219638244 ], [ -97.007314480243949, 20.181418349871233 ], [ -97.005507319613685, 20.175974719929009 ], [ -96.999332139540556, 20.174565829796908 ], [ -96.996072630177963, 20.16734734020816 ], [ -96.985636450160371, 20.163456510400753 ], [ -96.986052399869124, 20.15580372038513 ], [ -96.993057969622512, 20.152967999810834 ], [ -96.990037890143654, 20.149575419958211 ], [ -96.9865718200397, 20.150381750136329 ], [ -96.985739249832804, 20.14618071970667 ], [ -96.970591850041288, 20.144580550000072 ], [ -96.956285939664468, 20.14901577013978 ], [ -96.948237850377964, 20.146876080377609 ], [ -96.943098350868084, 20.134901941426651 ], [ -96.974944179999568, 20.124777079550363 ], [ -96.979443080173908, 20.101523489842918 ], [ -96.984056230131401, 20.095625779652085 ], [ -96.983242480406631, 20.087706259702802 ], [ -96.99300641960302, 20.081642689685093 ], [ -96.984822480445018, 20.071758659622716 ], [ -96.985613660060181, 20.054884120374652 ], [ -96.972392200100117, 20.049257180068008 ], [ -96.971042110281616, 20.042588090313401 ], [ -96.975325549726932, 20.040354320409051 ], [ -96.97612968978909, 20.035690450089952 ], [ -96.986294579758791, 20.041888309574169 ], [ -96.985406219853232, 20.037363019770829 ], [ -96.980868289813188, 20.037392710173346 ], [ -96.985335120323128, 20.035658459964619 ], [ -96.982819089618644, 20.010722369907931 ], [ -96.980599280419099, 20.006764550338602 ], [ -96.963484939935142, 20.005108420388773 ], [ -96.964532519826548, 20.007131280058264 ], [ -96.954935820139525, 20.000584550417923 ], [ -96.956955580142221, 19.992735280200581 ], [ -96.980499319759815, 19.991235460243097 ], [ -96.98081988036536, 19.986547770102508 ], [ -96.992987480127766, 19.983377579674169 ], [ -96.987939140367331, 19.981250680093154 ], [ -96.987361879825059, 19.977401080410694 ], [ -96.99617930995322, 19.968717849978777 ], [ -96.993479350183804, 19.961305580219292 ], [ -96.998908049830391, 19.958600769682874 ], [ -97.013691950293477, 19.967573450180947 ], [ -97.007777059543102, 19.972586749989322 ], [ -97.006772709622226, 19.979731051088127 ], [ -97.012943549677445, 19.97468636962661 ], [ -97.016717080111249, 19.978106139671823 ], [ -97.019961629956484, 19.976160249833537 ], [ -97.033235720366534, 19.979244020248132 ], [ -97.054191280002556, 19.992642649742379 ], [ -97.054381950424698, 20.007266629881112 ], [ -97.06178243030007, 20.033535430199716 ], [ -97.055492768128005, 20.043518650030485 ], [ -97.050195579590493, 20.030939350369099 ], [ -97.040307919716696, 20.03371146007613 ], [ -97.041281029928896, 20.048145490446263 ], [ -97.05913059992541, 20.04840993962339 ], [ -97.062899140250451, 20.051086739623422 ], [ -97.071188979940615, 20.048140910024213 ], [ -97.078005450302015, 20.053701709701084 ], [ -97.08300760034686, 20.051645480077251 ], [ -97.085434139114128, 20.056854061226872 ], [ -97.08791837960419, 20.05503625010364 ], [ -97.084792829720598, 20.061472009174103 ], [ -97.091862970303367, 20.067525480226088 ], [ -97.090717280113864, 20.069679620222811 ], [ -97.103256519664072, 20.069941909829602 ], [ -97.122891889988693, 20.084022140382658 ], [ -97.124004939977468, 20.086811050214614 ], [ -97.120099600002462, 20.086445050183784 ], [ -97.115268230111866, 20.09362163039334 ], [ -97.108085429760521, 20.0956918501081 ], [ -97.10946670959153, 20.10660741996676 ], [ -97.119160490149298, 20.107821979927774 ], [ -97.116135750162314, 20.121534420345569 ], [ -97.132064489746014, 20.118479600376983 ], [ -97.135240920311361, 20.120807459632232 ], [ -97.140223969634235, 20.119247199924143 ], [ -97.1416304598864, 20.122504179573646 ], [ -97.133577229703107, 20.123852750100724 ], [ -97.122408820090072, 20.136721479863059 ], [ -97.137810719667883, 20.140119690358482 ], [ -97.143783280155645, 20.136379170007093 ], [ -97.151363890157015, 20.137540340126591 ], [ -97.151986170317684, 20.146125169809988 ], [ -97.157529229707734, 20.149575449984813 ], [ -97.144941570280565, 20.166467290304361 ], [ -97.141234110281061, 20.186693450116159 ], [ -97.137796859983695, 20.189602520359422 ], [ -97.139467519720071, 20.195359659931523 ], [ -97.135787450271891, 20.201444660293529 ], [ -97.128779710146546, 20.202185860438213 ], [ -97.130688110274662, 20.206726029898416 ], [ -97.128498020134387, 20.209866229744044 ], [ -97.124195230048613, 20.20903713996092 ], [ -97.122156369723896, 20.213449620333755 ], [ -97.12602643018775, 20.213691919681619 ], [ -97.123920349587891, 20.216868749635502 ], [ -97.125987109961983, 20.218097370218146 ], [ -97.132372939537873, 20.218606249983427 ], [ -97.129166820441569, 20.221267510260262 ], [ -97.132676309562171, 20.223353709907595 ], [ -97.13225678032299, 20.229994369996511 ], [ -97.126736659770145, 20.230369079685531 ], [ -97.122450949769387, 20.239164770435593 ], [ -97.12839113965083, 20.240876169643297 ], [ -97.12470505986029, 20.24457755003165 ], [ -97.127622460379399, 20.246208770170483 ], [ -97.111789490290462, 20.254800449855061 ], [ -97.104817260135889, 20.254965910441065 ], [ -97.095639020371891, 20.264225579892035 ], [ -97.095580580360775, 20.26920250988729 ], [ -97.08953120021026, 20.270618739864254 ], [ -97.090736860473555, 20.273813849837758 ], [ -97.088349689993663, 20.274600079972874 ], [ -97.084346779824472, 20.269492170145309 ], [ -97.081464019756226, 20.270926819888945 ], [ -97.082376660297314, 20.268381569830481 ], [ -97.078188310477074, 20.272353920046044 ], [ -97.072079089519377, 20.266562940014914 ], [ -97.065122879719496, 20.266745460354418 ], [ -97.061660029944548, 20.259284620182189 ], [ -97.046888520389942, 20.262197519676892 ], [ -97.042811000314515, 20.265712630002781 ], [ -97.047922320027055, 20.27041754984257 ], [ -97.044041780475922, 20.277504320029919 ], [ -97.023020169881036, 20.280592319657227 ] ] ] } },
{ "type": "Feature", "properties": { "code": "30108", "stateCode": "30", "municipalityCode": "108", "name": "Minatitlán" }, "geometry": { "type": "Polygon", "coordinates": [ [ [ -94.569579147456821, 18.094137938560866 ], [ -94.55101751983878, 18.070755799652861 ], [ -94.51600222978459, 18.068734109694692 ], [ -94.503786799857991, 18.051433709599838 ], [ -94.498191539870803, 18.055434970284033 ], [ -94.495810799774091, 18.054044090018092 ], [ -94.495784250392433, 18.047639649711364 ], [ -94.502940689540864, 18.041507799963501 ], [ -94.503231349830457, 18.032231800091164 ], [ -94.498879169689843, 18.028381489794636 ], [ -94.499363550006024, 18.023951350282637 ], [ -94.492840320130625, 18.025544950262137 ], [ -94.486145979586752, 18.020167510126218 ], [ -94.471254309696747, 18.028081180116079 ], [ -94.460099369771825, 18.028470140081751 ], [ -94.442142739594061, 18.00682637006328 ], [ -94.442769599987997, 17.9995623198521 ], [ -94.429633449901644, 17.996451780015779 ], [ -94.432105749982227, 17.991967800341619 ], [ -94.427808599897205, 17.980720740405982 ], [ -94.437375430338392, 17.966779449663107 ], [ -94.443353179760678, 17.963947149879026 ], [ -94.449825579628111, 17.951251829660251 ], [ -94.444902079625294, 17.94280509013706 ], [ -94.445466860113669, 17.936430579860485 ], [ -94.449239849803504, 17.933295140095378 ], [ -94.438110490245705, 17.923740109734283 ], [ -94.441364450082261, 17.916824969894893 ], [ -94.436573459740629, 17.9141577400888 ], [ -94.437070369937672, 17.910481139931886 ], [ -94.412695739927784, 17.912499650206236 ], [ -94.39625829007224, 17.905236059870695 ], [ -94.387344379920634, 17.908837249769807 ], [ -94.38690409003965, 17.91361140034067 ], [ -94.382869479638543, 17.913242109772728 ], [ -94.379054510090896, 17.911649479601323 ], [ -94.37173811993145, 17.897901049658298 ], [ -94.353603880431351, 17.913592710403471 ], [ -94.339704180389901, 17.908305059650299 ], [ -94.339903540046151, 17.904477709697098 ], [ -94.30205095004753, 17.910874889801875 ], [ -94.298849489770618, 17.902990339828321 ], [ -94.293679020223792, 17.904699850325557 ], [ -94.287028690260868, 17.894288690391445 ], [ -94.26723922991242, 17.887813910239029 ], [ -94.271385219890931, 17.87348817027376 ], [ -94.267502019557725, 17.87098865971355 ], [ -94.271885629784336, 17.862351449644919 ], [ -94.27637949002353, 17.861092780419874 ], [ -94.279098880005066, 17.864602510423882 ], [ -94.284733619721422, 17.860454849854641 ], [ -94.285018710378409, 17.855282320176993 ], [ -94.290285970391238, 17.855873970070547 ], [ -94.295140859999165, 17.862198660382674 ], [ -94.29202614991992, 17.865774829831977 ], [ -94.290074750335322, 17.862172620053585 ], [ -94.285606400291599, 17.863716169713193 ], [ -94.284969979728203, 17.8681703398697 ], [ -94.292132800112952, 17.871219889869153 ], [ -94.301131580173106, 17.865576179910274 ], [ -94.294535139679795, 17.851239250244159 ], [ -94.312357859838428, 17.850068490098092 ], [ -94.308079740337789, 17.841141510354827 ], [ -94.31522311980163, 17.839754580128023 ], [ -94.310746890236359, 17.83751985971341 ], [ -94.28198372031143, 17.843327940040407 ], [ -94.27357035034116, 17.849797629863055 ], [ -94.263449970015699, 17.849846969979222 ], [ -94.259139120163468, 17.836072150373091 ], [ -94.254694649792469, 17.832005770397021 ], [ -94.251688090163682, 17.843973119893629 ], [ -94.241003890347031, 17.840924280041801 ], [ -94.215669580283915, 17.857889750452816 ], [ -94.206881139632515, 17.858769200427353 ], [ -94.199637659990444, 17.851436549782061 ], [ -94.201600889715749, 17.83757167980999 ], [ -94.214872800420693, 17.817532890110282 ], [ -94.222075490316257, 17.798818429922942 ], [ -94.220668720240425, 17.78779657956812 ], [ -94.214403880235068, 17.797095320351868 ], [ -94.209255909830091, 17.798822889654289 ], [ -94.201337719893047, 17.79565470982492 ], [ -94.198183200428105, 17.788479849656841 ], [ -94.214047169943214, 17.778765860174161 ], [ -94.225464829909981, 17.76164106001368 ], [ -94.217502020132116, 17.745098049942708 ], [ -94.226764490377732, 17.733852889858031 ], [ -94.208955739661945, 17.732383000335346 ], [ -94.181527149649639, 17.711053319669013 ], [ -94.191471349695064, 17.695444339636705 ], [ -94.178753340471687, 17.680831579574956 ], [ -94.17872657027786, 17.675589770256565 ], [ -94.195884820278408, 17.666663980107344 ], [ -94.200892030346822, 17.655262430164342 ], [ -94.191819279631957, 17.655592770219599 ], [ -94.183514230133909, 17.651426829613531 ], [ -94.169706000345926, 17.659460769736931 ], [ -94.166812369663248, 17.64570437001176 ], [ -94.159332320396814, 17.639948999618703 ], [ -94.144980780004005, 17.635434819859977 ], [ -94.160837249908241, 17.624195350272704 ], [ -94.168522459764858, 17.600282049887578 ], [ -94.166205979761415, 17.59871530955736 ], [ -94.150594540303175, 17.60676811027199 ], [ -94.143964369931112, 17.598878770050323 ], [ -94.126689709865801, 17.595164629635526 ], [ -94.12268553971164, 17.590695690052591 ], [ -94.125952740303816, 17.585274179893688 ], [ -94.143615709708357, 17.574800709720797 ], [ -94.151989139687004, 17.581849550373899 ], [ -94.165744340260233, 17.573139630284864 ], [ -94.168103629959305, 17.583086139778349 ], [ -94.175251909699, 17.583760000362641 ], [ -94.180188849647053, 17.571105230372229 ], [ -94.190564999577532, 17.564861150166973 ], [ -94.196920510432008, 17.586169290211291 ], [ -94.202263179644206, 17.587038820344095 ], [ -94.207516060119474, 17.577537819680263 ], [ -94.212992710203011, 17.582225490334846 ], [ -94.218861770286082, 17.58211021987541 ], [ -94.223287319782472, 17.57479600017145 ], [ -94.220676079931096, 17.564048599577948 ], [ -94.225415000317824, 17.556227889576622 ], [ -94.20503835020871, 17.553539250205151 ], [ -94.198358450394807, 17.548044250015757 ], [ -94.198218479855413, 17.544357399991213 ], [ -94.207694199534586, 17.54064808024922 ], [ -94.222183140330898, 17.548148229720905 ], [ -94.227310079736299, 17.54237301968999 ], [ -94.23981203030273, 17.539210649810087 ], [ -94.233305199544262, 17.535909120024311 ], [ -94.236248939583916, 17.530462720359889 ], [ -94.227683879620471, 17.521532169809966 ], [ -94.227757490089033, 17.515085690425046 ], [ -94.232165139824687, 17.508505290296711 ], [ -94.222992079902767, 17.511812369611409 ], [ -94.211261600251333, 17.508061489909384 ], [ -94.204150370343768, 17.517623080129361 ], [ -94.196970739833873, 17.505196049925313 ], [ -94.207592950074343, 17.499034659613937 ], [ -94.203454459566942, 17.491034169682919 ], [ -94.206356880121177, 17.488360509580509 ], [ -94.217173569560302, 17.498358659897473 ], [ -94.228096660479011, 17.490937599842741 ], [ -94.231292229851121, 17.470361750095442 ], [ -94.227664630350944, 17.46573457974479 ], [ -94.229318860121879, 17.459502600258848 ], [ -94.225438139955386, 17.448261370143825 ], [ -94.221650820190106, 17.449759999968741 ], [ -94.214349459752043, 17.434275969745858 ], [ -94.201341019936933, 17.419101339689142 ], [ -94.202831169626677, 17.413973620011959 ], [ -94.198335689602246, 17.409854540248748 ], [ -94.187894119591832, 17.413830919742754 ], [ -94.185423650067619, 17.411026579918211 ], [ -94.184942689546503, 17.391906779772004 ], [ -94.205057510420104, 17.370521600000437 ], [ -94.211719690053243, 17.370241279607271 ], [ -94.211451630330231, 17.363945140043711 ], [ -94.216521020399085, 17.357385060296746 ], [ -94.212978369610966, 17.354044910420683 ], [ -94.215252710441817, 17.348021780428983 ], [ -94.210753019716009, 17.34080377995355 ], [ -94.207841549577253, 17.32518162041346 ], [ -94.212257490201011, 17.31809951031175 ], [ -94.216270909609463, 17.316823719754908 ], [ -94.255664280370851, 17.401191520335409 ], [ -94.349454150459351, 17.397315750171842 ], [ -94.349422749882294, 17.399981880175776 ], [ -94.361553489644791, 17.401417369614194 ], [ -94.363022779672136, 17.411301880812733 ], [ -94.366171799508237, 17.412669060448891 ], [ -94.361609579866723, 17.414274519997925 ], [ -94.366306879636468, 17.41723134998086 ], [ -94.368709420119899, 17.427228030283896 ], [ -94.373061449735118, 17.42599162022896 ], [ -94.37337002005269, 17.429615521194801 ], [ -94.350803880311702, 17.436475139945543 ], [ -94.356499179654207, 17.451312659840411 ], [ -94.43406404990192, 17.426486139862611 ], [ -94.434362819654851, 17.431182620268107 ], [ -94.429120019975002, 17.434204720126296 ], [ -94.437648619797855, 17.448337250540042 ], [ -94.433780029540983, 17.447738920372927 ], [ -94.43136988975202, 17.455116580280784 ], [ -94.434629949794243, 17.458054200000429 ], [ -94.432635980295714, 17.460683260357083 ], [ -94.436438820443485, 17.461139740290108 ], [ -94.434677230315401, 17.467191180351605 ], [ -94.439362149856009, 17.465286599998532 ], [ -94.440085660291714, 17.468835940275099 ], [ -94.443488770036993, 17.468046180340224 ], [ -94.445951780120751, 17.47536936975203 ], [ -94.440305750413188, 17.475207769934979 ], [ -94.4430647195788, 17.480620309790826 ], [ -94.445250290277755, 17.477616779646048 ], [ -94.448849489669442, 17.481757050058924 ], [ -94.452457710294908, 17.479453090314443 ], [ -94.458652539753828, 17.481604310194989 ], [ -94.454532599610189, 17.48903671041354 ], [ -94.456614029571213, 17.491799830281671 ], [ -94.460215250227805, 17.491605750012656 ], [ -94.459434029900876, 17.488106910253506 ], [ -94.465514489883859, 17.487754030055669 ], [ -94.463704200128873, 17.489727050090476 ], [ -94.468087750416601, 17.495185370164613 ], [ -94.466735599826407, 17.498179540195146 ], [ -94.47010755041255, 17.497778629908819 ], [ -94.468051920066031, 17.501665799925277 ], [ -94.47128726010537, 17.503701510295635 ], [ -94.466578480391718, 17.506601970182572 ], [ -94.47286480034785, 17.508786629960799 ], [ -94.468034679921601, 17.515965369546958 ], [ -94.469548230237748, 17.522464539669251 ], [ -94.47574017018708, 17.520965849623451 ], [ -94.478207140436552, 17.523266200169296 ], [ -94.47472436957915, 17.525408969606644 ], [ -94.476866400257862, 17.528458479911379 ], [ -94.472752520191079, 17.527534780006846 ], [ -94.4727716604216, 17.536162880300427 ], [ -94.467766630175717, 17.535979199959932 ], [ -94.473670460391361, 17.538521259776946 ], [ -94.47284909028788, 17.543650800226008 ], [ -94.475133720456469, 17.541196489981655 ], [ -94.477211619578682, 17.543268659831089 ], [ -94.473135540077223, 17.546771920063446 ], [ -94.47803860010697, 17.550457459907292 ], [ -94.470412659585648, 17.551244849930619 ], [ -94.474099150262617, 17.554233200245456 ], [ -94.469210459579372, 17.554001540330294 ], [ -94.468244450249472, 17.560368519649067 ], [ -94.463230800473028, 17.560309339760742 ], [ -94.464293290123891, 17.567164079857754 ], [ -94.457373140147652, 17.564519680420169 ], [ -94.458377089900779, 17.568315019671733 ], [ -94.453095029586635, 17.567681660048986 ], [ -94.449362539613261, 17.581787259638986 ], [ -94.443884140156271, 17.579239519819694 ], [ -94.446664029741243, 17.581968150112711 ], [ -94.444021080012575, 17.584466350241307 ], [ -94.444068649788463, 17.581395510023128 ], [ -94.441983450151881, 17.580682889568429 ], [ -94.443133339945874, 17.583035120090443 ], [ -94.435626569928459, 17.591228679980627 ], [ -94.440496030124237, 17.593779859973328 ], [ -94.438005090185314, 17.597626520252664 ], [ -94.441902459812809, 17.597532220309404 ], [ -94.443491279808455, 17.602235110028708 ], [ -94.439726060306612, 17.599689290120239 ], [ -94.436089379666441, 17.602001259778099 ], [ -94.438867290014358, 17.606215799768137 ], [ -94.435531250145942, 17.608036200168339 ], [ -94.442675580120948, 17.609864279705818 ], [ -94.443216579863019, 17.611341449972663 ], [ -94.439332290178939, 17.611915320158918 ], [ -94.439165519963595, 17.618666799901415 ], [ -94.442854170241205, 17.618731570434292 ], [ -94.439800309561321, 17.622466540263439 ], [ -94.446525780027955, 17.619139249658474 ], [ -94.449381619742425, 17.621134649842741 ], [ -94.445278000002432, 17.625185309761314 ], [ -94.46082355022132, 17.626593109854454 ], [ -94.466177520229806, 17.632063400381771 ], [ -94.465967889956218, 17.640010120209759 ], [ -94.474161570077896, 17.637547739900274 ], [ -94.467865850280532, 17.643934399573464 ], [ -94.47794428000698, 17.642821340020184 ], [ -94.479742919942396, 17.645169139623608 ], [ -94.482085200442114, 17.643510970259705 ], [ -94.480052820170727, 17.641617199809893 ], [ -94.482875909779537, 17.641615150110042 ], [ -94.487483600384124, 17.645951770410907 ], [ -94.482923819686633, 17.64764711038498 ], [ -94.486474980014179, 17.649093980230006 ], [ -94.48412493961014, 17.651120950336445 ], [ -94.487010690201458, 17.653362950411683 ], [ -94.493164820106443, 17.648487910141629 ], [ -94.492527109814645, 17.644443399795048 ], [ -94.498744800183871, 17.648450910137132 ], [ -94.497310520025124, 17.642037949552531 ], [ -94.502955199884198, 17.638534510255056 ], [ -94.499290370229573, 17.64423982009432 ], [ -94.506928419630299, 17.642537399652042 ], [ -94.50185219972856, 17.646354969665957 ], [ -94.507496520469786, 17.648439909694154 ], [ -94.51067701953265, 17.653757630043614 ], [ -94.513411310030847, 17.649682980380142 ], [ -94.510620380128501, 17.646721739555492 ], [ -94.517189859552772, 17.641122340388147 ], [ -94.520893349532898, 17.645013740188823 ], [ -94.526157339569806, 17.643154119661229 ], [ -94.527972660188126, 17.64504311016745 ], [ -94.524393579837565, 17.648491480200413 ], [ -94.535382799920484, 17.653374430416712 ], [ -94.540415279592395, 17.651077419665349 ], [ -94.541839629969843, 17.653464140406165 ], [ -94.53941857970068, 17.646959890271393 ], [ -94.553465090163087, 17.641894219822749 ], [ -94.557072220313742, 17.648935920406903 ], [ -94.556297509776016, 17.655393940041979 ], [ -94.561020059924488, 17.655394140225216 ], [ -94.570754950365938, 17.64594449018054 ], [ -94.577519200141879, 17.64739154027983 ], [ -94.590400250202904, 17.711140980188993 ], [ -94.582166319831629, 17.712250369546741 ], [ -94.58263243038283, 17.715842050216835 ], [ -94.579544710055728, 17.716957290282206 ], [ -94.584149340243314, 17.717612459578568 ], [ -94.581917489606766, 17.719240310038646 ], [ -94.585202570035449, 17.721533060166117 ], [ -94.582245079683872, 17.722447429586857 ], [ -94.587443630196333, 17.722821769878998 ], [ -94.591911769852672, 17.731371850034993 ], [ -94.593914799769252, 17.726053339890449 ], [ -94.595107379990878, 17.730013599797221 ], [ -94.597633819874758, 17.725821449561415 ], [ -94.599225860146518, 17.72962090983809 ], [ -94.602332280411886, 17.727332939841958 ], [ -94.598895079822128, 17.742786289907517 ], [ -94.603692719832353, 17.752078799539841 ], [ -94.608855749645926, 17.75427434961399 ], [ -94.603525999688443, 17.766908910075699 ], [ -94.605184600033141, 17.76898267970191 ], [ -94.598980430266366, 17.769391579599489 ], [ -94.597344799718158, 17.782278909616668 ], [ -94.587462309969041, 17.785229309586331 ], [ -94.576074030113332, 17.804030780035795 ], [ -94.571826519766631, 17.807637480345537 ], [ -94.567700290049416, 17.805208430451529 ], [ -94.563769379812342, 17.810434150371456 ], [ -94.577749980414652, 17.816250170173305 ], [ -94.605470550393818, 17.806975820196428 ], [ -94.60975448027142, 17.809069799847688 ], [ -94.60811561980924, 17.815254479626319 ], [ -94.599943479720707, 17.822478969713263 ], [ -94.604353060122548, 17.824496019941144 ], [ -94.614697180156995, 17.818861709795016 ], [ -94.615916860430886, 17.814992550123804 ], [ -94.618757230458471, 17.819501429731908 ], [ -94.616039540246703, 17.819954769668872 ], [ -94.61788808011606, 17.824708970389462 ], [ -94.613981629695544, 17.831454830432719 ], [ -94.62054363007681, 17.831152829899107 ], [ -94.620248580144434, 17.834412680076728 ], [ -94.625231450065925, 17.834239619676072 ], [ -94.625966800171128, 17.838628289894483 ], [ -94.633722339685377, 17.84396490977284 ], [ -94.631271539830649, 17.8470406599676 ], [ -94.622407220418566, 17.848047979740851 ], [ -94.628576249551912, 17.849461319769389 ], [ -94.628942350039964, 17.853453479619649 ], [ -94.639346679877562, 17.851678830392675 ], [ -94.644830249909504, 17.862965619593506 ], [ -94.657765850105079, 17.860812180266965 ], [ -94.65645969047371, 17.865948889744992 ], [ -94.648855599768069, 17.866836829733426 ], [ -94.637470820040036, 17.87734426012625 ], [ -94.619779939801248, 17.88531821961508 ], [ -94.622898709620983, 17.889577170102616 ], [ -94.622251079910512, 17.901965859826205 ], [ -94.588861919625757, 17.896357910131961 ], [ -94.585734379917909, 17.898154569650433 ], [ -94.585683120159473, 17.906385829627474 ], [ -94.576490919608247, 17.913866779572604 ], [ -94.576997459688556, 17.918979179831464 ], [ -94.581057089574045, 17.916658059562454 ], [ -94.581206689949553, 17.920628779984266 ], [ -94.574185370146452, 17.922368370334379 ], [ -94.575129779585495, 17.930614600133406 ], [ -94.569173519525236, 17.929366620327055 ], [ -94.56558442967426, 17.941276910201115 ], [ -94.56863139989666, 17.951613459964129 ], [ -94.564320169737201, 17.960939950403425 ], [ -94.579389049738069, 17.966169200389352 ], [ -94.597315199912643, 17.982885720203605 ], [ -94.587552600381215, 17.984102749944928 ], [ -94.588158489894354, 17.978636939673486 ], [ -94.585280860330073, 17.978326419839977 ], [ -94.576831519971719, 17.986420280621559 ], [ -94.576300939726295, 17.988441690546125 ], [ -94.587097980142531, 17.989359950660333 ], [ -94.584681429184243, 18.007538520942997 ], [ -94.574020540149675, 18.010282860570975 ], [ -94.558201919557021, 18.001838140158689 ], [ -94.552791520394393, 18.007315170333641 ], [ -94.545939110104428, 18.006065679685921 ], [ -94.548393199882682, 18.011906030101507 ], [ -94.532763079362155, 18.028413120678046 ], [ -94.535703830363829, 18.030807630330596 ], [ -94.555639679720528, 18.024064820232052 ], [ -94.553239218882297, 18.020450290134207 ], [ -94.564936419052955, 18.013114449505714 ], [ -94.570342279956932, 18.022069420844733 ], [ -94.579195519637636, 18.026783049738238 ], [ -94.571453428751127, 18.032144081172635 ], [ -94.570027149748455, 18.038168059962313 ], [ -94.579854419645812, 18.08162112020193 ], [ -94.573829880039327, 18.083020399842944 ], [ -94.575661520110799, 18.08884957991571 ], [ -94.569579147456821, 18.094137938560866 ] ] ] } },
{ "type": "Feature", "properties": { "code": "30193", "stateCode": "30", "municipalityCode": "193", "name": "Veracruz" }, "geometry": { "type": "MultiPolygon", "coordinates": [ [ [ [ -96.092288297001957, 19.173751502678819 ], [ -96.092950152425431, 19.176180610266044 ], [ -96.092127758694872, 19.177245710184515 ], [ -96.090983199263121, 19.175454924903281 ], [ -96.092288297001957, 19.173751502678819 ] ] ], [ [ [ -96.22155859988834, 19.265380849629803 ], [ -96.196841159592111, 19.257292614951684 ], [ -96.188435713915624, 19.250969196574101 ], [ -96.164714866529337, 19.246617162850875 ], [ -96.153776231144121, 19.229410030562509 ], [ -96.157990511486105, 19.226197818673384 ], [ -96.155786197705183, 19.231855225365475 ], [ -96.164406985421095, 19.24546669378535 ], [ -96.171563928042417, 19.24694148436695 ], [ -96.164959537530905, 19.219419104132683 ], [ -96.156851850085559, 19.216129750193172 ], [ -96.154169830361297, 19.217947157352846 ], [ -96.132030134728225, 19.219985164554672 ], [ -96.154366319988213, 19.217548850308109 ], [ -96.155498259613978, 19.215645279946642 ], [ -96.132556591265143, 19.21799772010737 ], [ -96.122965459636333, 19.21306205990561 ], [ -96.120329690153554, 19.203595350341459 ], [ -96.123743969894889, 19.208179179693499 ], [ -96.123244129207706, 19.204580600338581 ], [ -96.124105770101011, 19.208142550055282 ], [ -96.127134370302173, 19.20540703034353 ], [ -96.135386987119446, 19.214118862029398 ], [ -96.139666489976648, 19.21327785012976 ], [ -96.139648679694943, 19.209128620398744 ], [ -96.136749710163855, 19.209827549732879 ], [ -96.13808430997598, 19.206704110265765 ], [ -96.134875659595167, 19.207438000049006 ], [ -96.138039180401975, 19.205535029740588 ], [ -96.134274280162884, 19.203572320121648 ], [ -96.135456200383842, 19.201570679874582 ], [ -96.132282437582973, 19.203449075642133 ], [ -96.129513890315707, 19.19870140025947 ], [ -96.126005340429515, 19.201782650026246 ], [ -96.130006920471686, 19.198260629723489 ], [ -96.127948612147762, 19.195400224340617 ], [ -96.123446349701027, 19.194581780075907 ], [ -96.121802090358287, 19.200572340251828 ], [ -96.121259999920738, 19.200774339578473 ], [ -96.12383039959154, 19.191523279687946 ], [ -96.122885953304248, 19.190510930403882 ], [ -96.122293584697118, 19.190720300657233 ], [ -96.121661472633306, 19.190142437966383 ], [ -96.120890179461057, 19.189075617326083 ], [ -96.120479007986134, 19.187573701077948 ], [ -96.122299295747084, 19.190556117902361 ], [ -96.123703003002447, 19.189715328708083 ], [ -96.123971013736309, 19.180878831256635 ], [ -96.117631460074108, 19.172578517833262 ], [ -96.118517709749526, 19.168663020077805 ], [ -96.131517379208546, 19.165177310086843 ], [ -96.129372829750906, 19.146235229548264 ], [ -96.140097570350903, 19.141093630836561 ], [ -96.151790480076357, 19.108549399767984 ], [ -96.158931549809509, 19.110763520311959 ], [ -96.172417350308564, 19.108156050020522 ], [ -96.173817949814094, 19.102212310191991 ], [ -96.178867910071943, 19.105095740046778 ], [ -96.190350289829894, 19.102666349644963 ], [ -96.201895490179183, 19.109499369847967 ], [ -96.205047080425388, 19.107183569782752 ], [ -96.208698629600704, 19.109531350072672 ], [ -96.210757460348376, 19.124236110037778 ], [ -96.222134200047265, 19.119198880034485 ], [ -96.237654710219616, 19.135784909960549 ], [ -96.236849939875981, 19.139955050378845 ], [ -96.24190767962105, 19.140070119689749 ], [ -96.243989749947218, 19.144908629969706 ], [ -96.257075619948949, 19.140448939924266 ], [ -96.257906510349315, 19.134665420177718 ], [ -96.263557519861678, 19.133273019835006 ], [ -96.292924969544131, 19.154173769831868 ], [ -96.290482940328289, 19.155479659588583 ], [ -96.29416084994898, 19.158539109846117 ], [ -96.305124719720851, 19.159509090294087 ], [ -96.306450060173788, 19.156445279673655 ], [ -96.310560679703798, 19.158771309551838 ], [ -96.313907110436361, 19.150066620307015 ], [ -96.309010349855669, 19.183849570387643 ], [ -96.301949480443156, 19.187014140401271 ], [ -96.308771030281648, 19.191960489762078 ], [ -96.314701280410489, 19.191311680414088 ], [ -96.319689879662192, 19.198716510174453 ], [ -96.332318460413248, 19.198782949682741 ], [ -96.334817369834255, 19.205583549705654 ], [ -96.327025850296451, 19.218143749969766 ], [ -96.339526220392301, 19.231060050374573 ], [ -96.339392539829547, 19.241851169540524 ], [ -96.323680550441111, 19.237321279817447 ], [ -96.324515419769028, 19.234479420423455 ], [ -96.318771259849527, 19.231043249987195 ], [ -96.309590599694062, 19.232684279902188 ], [ -96.291112350229426, 19.243499149923029 ], [ -96.28682831046126, 19.25989640012795 ], [ -96.280102980284099, 19.259196769625849 ], [ -96.272986480210008, 19.264799430028788 ], [ -96.241417598853872, 19.225497370057408 ], [ -96.226434139653719, 19.220817629725826 ], [ -96.224155710431333, 19.248882769860106 ], [ -96.226265320087876, 19.255220199647436 ], [ -96.223713250078859, 19.256565689620015 ], [ -96.227652939669866, 19.260572319888837 ], [ -96.22155859988834, 19.265380849629803 ] ] ] ] } },
{ "type": "Feature", "properties": { "code": "30177", "stateCode": "30", "municipalityCode": "177", "name": "Tlacolulan" }, "geometry": { "type": "Polygon", "coordinates": [ [ [ -97.019515289975786, 19.787952000302916 ], [ -97.003314119772838, 19.775469379913872 ], [ -96.995863549839797, 19.776745090196908 ], [ -96.994104319886716, 19.784997550128264 ], [ -96.989472970151652, 19.783055260228039 ], [ -96.988303950475824, 19.778861259918024 ], [ -96.984487049948143, 19.782846260419017 ], [ -96.968586510086425, 19.783922199679406 ], [ -96.967120659684909, 19.777132419940617 ], [ -96.972232659672329, 19.773010349728185 ], [ -96.972171939551899, 19.769307229935297 ], [ -96.963173820123401, 19.76996429022569 ], [ -96.956549769830289, 19.763404940312977 ], [ -96.949411480009672, 19.764721860422348 ], [ -96.946945399815391, 19.768358850179698 ], [ -96.944080030340245, 19.761800050328269 ], [ -96.932286880146989, 19.755157540164021 ], [ -96.948851550281191, 19.743525540312834 ], [ -96.964608369678302, 19.746090120084638 ], [ -96.967287940151493, 19.733246749797367 ], [ -96.961594909534895, 19.727453970222491 ], [ -96.963039889563419, 19.724941110125243 ], [ -96.959609450072804, 19.72241547987722 ], [ -96.96199712007153, 19.720767570076184 ], [ -96.969027309595049, 19.719008520339894 ], [ -96.974109139673601, 19.721673279838768 ], [ -96.97509975028332, 19.718817430200723 ], [ -96.979871509639949, 19.726016829627468 ], [ -96.985733149811622, 19.727405860281447 ], [ -96.98984471024454, 19.725457660382336 ], [ -96.99308241970455, 19.716956769738985 ], [ -96.981091780132815, 19.716002749739033 ], [ -96.970855000068909, 19.685340889695368 ], [ -96.96625589010084, 19.682174570145762 ], [ -96.976502290116542, 19.683011400057453 ], [ -96.966568719917547, 19.649778249986113 ], [ -96.973949860017257, 19.636453579805021 ], [ -96.97903476954167, 19.634964349697658 ], [ -96.975793320229528, 19.626860400091509 ], [ -96.984844020401752, 19.629775859765751 ], [ -96.987523520105171, 19.620670910222902 ], [ -97.00254460019741, 19.617014030261313 ], [ -97.020362539547534, 19.621677720095025 ], [ -97.021140976464935, 19.617485919324842 ], [ -97.032008336887841, 19.623314539415979 ], [ -97.036515010904893, 19.613350141547564 ], [ -97.039175648995993, 19.615418579635577 ], [ -97.033304049541726, 19.63205412023061 ], [ -97.043249950422563, 19.634456780028387 ], [ -97.033616480363989, 19.635272030011173 ], [ -97.036329949961385, 19.640103889981813 ], [ -97.033876200002624, 19.641868919910024 ], [ -97.030773050208282, 19.636891449973593 ], [ -97.022781999724472, 19.637531349738119 ], [ -97.029463819747718, 19.647602750165685 ], [ -97.022784520237465, 19.651266260318515 ], [ -97.022202739788668, 19.656509739815057 ], [ -97.027688889975977, 19.654049720358476 ], [ -97.032596449539241, 19.657127059737888 ], [ -97.036475939686383, 19.655640949693041 ], [ -97.042308350050988, 19.657459289917995 ], [ -97.045247430101782, 19.662195030379642 ], [ -97.048136769726241, 19.658410910373899 ], [ -97.064147749893806, 19.656277490193364 ], [ -97.06388862992651, 19.661269250262766 ], [ -97.049998290436051, 19.669344449741732 ], [ -97.056914629556601, 19.670501029774076 ], [ -97.068539180331612, 19.685723849857279 ], [ -97.065936950075738, 19.693814829933473 ], [ -97.044229179878855, 19.705974690035763 ], [ -97.030213750173289, 19.720504479871064 ], [ -97.029342709693495, 19.726611860075671 ], [ -97.034719229751815, 19.732731199670305 ], [ -97.029585479668057, 19.747416059703436 ], [ -97.031740629876552, 19.754321819948444 ], [ -97.022174459700082, 19.758949109557474 ], [ -97.029871050245177, 19.766299880413928 ], [ -97.025095020055247, 19.770747780327142 ], [ -97.023305750340612, 19.775148309992883 ], [ -97.025943170033045, 19.779987910347383 ], [ -97.019515289975786, 19.787952000302916 ] ] ] } },
{ "type": "Feature", "properties": { "code": "30179", "stateCode": "30", "municipalityCode": "179", "name": "Tlacotepec de Mejía" }, "geometry": { "type": "Polygon", "coordinates": [ [ [ -96.724955679677578, 19.204713230130213 ], [ -96.720501250074136, 19.201677630400965 ], [ -96.695364060277058, 19.201137279842072 ], [ -96.700286259768916, 19.196680169840818 ], [ -96.716637629736383, 19.19425879982948 ], [ -96.721330169948686, 19.191326719546307 ], [ -96.720442650107728, 19.188818460122246 ], [ -96.709284449975186, 19.191070449595934 ], [ -96.695129889581779, 19.188683140372312 ], [ -96.693330199825837, 19.193028599781506 ], [ -96.692385710461863, 19.190021719714295 ], [ -96.691007079622707, 19.192817579622119 ], [ -96.689695320057922, 19.190716519989131 ], [ -96.684594479772755, 19.195368510072409 ], [ -96.684784750455236, 19.19186625986924 ], [ -96.692365169603363, 19.184279820424727 ], [ -96.694909650404071, 19.186098629935941 ], [ -96.708848710383919, 19.179128599905567 ], [ -96.705612309758891, 19.176215980318101 ], [ -96.713005829809532, 19.170074370035724 ], [ -96.730252310264746, 19.163729969601587 ], [ -96.746414349806841, 19.168016200442764 ], [ -96.759880779986503, 19.161551020078122 ], [ -96.779381580010153, 19.164173620189015 ], [ -96.787223260260404, 19.161645819988937 ], [ -96.798826620120764, 19.164554019798697 ], [ -96.819028399970037, 19.160368749888264 ], [ -96.845960980373391, 19.171253540011055 ], [ -96.857166219580193, 19.169913350069599 ], [ -96.865304750108109, 19.18262195081137 ], [ -96.856785080030221, 19.184082110949969 ], [ -96.859252980054123, 19.190054180004019 ], [ -96.871589380226126, 19.193685490093959 ], [ -96.852217510023621, 19.195245851331915 ], [ -96.847590180252112, 19.201223620287607 ], [ -96.832719399663119, 19.202858260519779 ], [ -96.805520090018518, 19.201130680285161 ], [ -96.793660780309082, 19.20417131007834 ], [ -96.762778450147806, 19.196681720448989 ], [ -96.75446799987445, 19.196938250435316 ], [ -96.743969579623013, 19.203637429959183 ], [ -96.724955679677578, 19.204713230130213 ] ] ] } },
{ "type": "Feature", "properties": { "code": "30174", "stateCode": "30", "municipalityCode": "174", "name": "Tierra Blanca" }, "geometry": { "type": "Polygon", "coordinates": [ [ [ -96.461059829609894, 18.740990619866729 ], [ -96.435811290334996, 18.740015259707196 ], [ -96.435978449975394, 18.727519089602897 ], [ -96.433549460247278, 18.725212110387606 ], [ -96.436131050220922, 18.723247819648478 ], [ -96.436077430352981, 18.715422279632165 ], [ -96.422027800283828, 18.706479520416238 ], [ -96.42075367972221, 18.701636680205663 ], [ -96.42239131976811, 18.699597370418491 ], [ -96.426666650239852, 18.703905340397505 ], [ -96.436063449670499, 18.703291920320542 ], [ -96.436065149659555, 18.694818420394135 ], [ -96.430394079602792, 18.68650721991003 ], [ -96.419121770284349, 18.686580970021538 ], [ -96.414899769558204, 18.683486620324718 ], [ -96.410660420182992, 18.688827919577129 ], [ -96.407052120118863, 18.686819089746017 ], [ -96.401384620086276, 18.689623679698716 ], [ -96.39447605976882, 18.68663843034934 ], [ -96.39043713968033, 18.69117506007392 ], [ -96.384169510275186, 18.691810150149177 ], [ -96.376404369873654, 18.687255019753263 ], [ -96.365896260258978, 18.694815629633112 ], [ -96.360738089977787, 18.695178660040966 ], [ -96.352410450200708, 18.691331520257542 ], [ -96.351707089586256, 18.686584949539377 ], [ -96.348586250469808, 18.686932029733196 ], [ -96.341415049563139, 18.678193080249258 ], [ -96.33479744969425, 18.677825259625305 ], [ -96.328651030130089, 18.667229049991203 ], [ -96.30958277017335, 18.66803771023757 ], [ -96.299713549765826, 18.662340079735586 ], [ -96.290768199726941, 18.663434939628193 ], [ -96.289695750282291, 18.660376199752331 ], [ -96.282168739846654, 18.668042050102578 ], [ -96.27491176977108, 18.668130600426323 ], [ -96.257964770161635, 18.658064029656462 ], [ -96.247310249530003, 18.656771880317354 ], [ -96.24545828030611, 18.64842421975106 ], [ -96.229111139881695, 18.647075879786108 ], [ -96.225201910321829, 18.652041489646912 ], [ -96.224836940307, 18.649031949679763 ], [ -96.223150510048555, 18.650927709829158 ], [ -96.222934350060413, 18.648314350348379 ], [ -96.207912540020075, 18.643745799977815 ], [ -96.204293539587411, 18.638346370055324 ], [ -96.195573879628668, 18.648566919665988 ], [ -96.1861102602237, 18.65070058004175 ], [ -96.182462770057725, 18.648575429968464 ], [ -96.179075829964418, 18.653341139718023 ], [ -96.174580709596441, 18.653339179821071 ], [ -96.167679310392757, 18.650895890208254 ], [ -96.163848480173925, 18.643937219687682 ], [ -96.160015819939929, 18.644124970397069 ], [ -96.146019060308774, 18.625794799976276 ], [ -96.141374880282967, 18.626716089946171 ], [ -96.133829539998231, 18.61337183025784 ], [ -96.134193950168878, 18.606951260142154 ], [ -96.12474663037537, 18.601938259813821 ], [ -96.11977482981473, 18.602846880287373 ], [ -96.119718249630338, 18.608285090420335 ], [ -96.104853939674641, 18.608136549988316 ], [ -96.102924029669765, 18.611844910208397 ], [ -96.088464660046256, 18.613331109796889 ], [ -96.0753773704228, 18.609251770444441 ], [ -96.071361979662043, 18.600820480326796 ], [ -96.060446119858995, 18.603398860435231 ], [ -96.050953399615324, 18.59611352019007 ], [ -96.04448709048954, 18.599524709596214 ], [ -96.035977260428226, 18.595353079799658 ], [ -96.038886369606843, 18.580175540286799 ], [ -96.035240429723871, 18.581642090232304 ], [ -96.034230400289786, 18.575574120258402 ], [ -96.028761459649331, 18.577028659792557 ], [ -96.027829080196696, 18.569665800116709 ], [ -96.019863220318001, 18.565743290373732 ], [ -96.014436149951464, 18.567403249959732 ], [ -96.0048396804346, 18.553563279622917 ], [ -96.005259459767061, 18.54467487976904 ], [ -96.01135549039266, 18.535010799905081 ], [ -95.99505514990544, 18.526907380175412 ], [ -95.985121459626015, 18.52765803031836 ], [ -95.976810740398719, 18.517658370201431 ], [ -95.985472260033802, 18.506680200166766 ], [ -95.997875570099509, 18.500704909776601 ], [ -96.013715889925123, 18.487112619958854 ], [ -96.012111719618005, 18.482536309845521 ], [ -96.00442814017876, 18.47866491964087 ], [ -95.991339630453567, 18.478025739934832 ], [ -95.985762550391456, 18.482158569904346 ], [ -95.986936979810139, 18.474135350287792 ], [ -95.982443280294703, 18.470688910040586 ], [ -95.985164649752008, 18.46733709016679 ], [ -95.990647250276993, 18.469684510209014 ], [ -95.990306230379389, 18.464907259649468 ], [ -95.999091220384983, 18.457900910008114 ], [ -96.000898749794658, 18.448959969818866 ], [ -95.997913890248569, 18.442810089825965 ], [ -96.000984460306171, 18.434059429808272 ], [ -95.991907029522508, 18.435295970408408 ], [ -95.984692059748468, 18.424981749902521 ], [ -95.984913520137724, 18.414950620094757 ], [ -95.992378660337536, 18.401621230466233 ], [ -96.010554230397872, 18.394315739776253 ], [ -96.01352262957262, 18.3890583502798 ], [ -96.018065690244711, 18.388048090351319 ], [ -96.024348739835759, 18.389494230003748 ], [ -96.032691290283438, 18.404539750022678 ], [ -96.037550050256542, 18.405479850219567 ], [ -96.038725479605844, 18.402048569699041 ], [ -96.044531620402864, 18.400245770335165 ], [ -96.060663089604702, 18.416062980055436 ], [ -96.074462250442878, 18.408969279915461 ], [ -96.07988112030344, 18.413351090195462 ], [ -96.083665800436663, 18.410420719906632 ], [ -96.091795379569533, 18.413561060088281 ], [ -96.09746462031714, 18.419793339952363 ], [ -96.104994019901014, 18.421734180220103 ], [ -96.10729977985514, 18.4166967100279 ], [ -96.11175460007334, 18.416096650454786 ], [ -96.112675749914345, 18.419845150037567 ], [ -96.1155272596272, 18.418738370335969 ], [ -96.120330509569186, 18.422967259954504 ], [ -96.134377859599795, 18.417617000280234 ], [ -96.139113030077326, 18.410158940047232 ], [ -96.150625149866343, 18.410838150301458 ], [ -96.150101089534232, 18.405562740203735 ], [ -96.159163380393124, 18.40204566036056 ], [ -96.162809249753252, 18.389710850414339 ], [ -96.177721889719649, 18.385774850423608 ], [ -96.187624659844488, 18.393772770364514 ], [ -96.199209400362477, 18.395552479888917 ], [ -96.231103349836303, 18.392434709919332 ], [ -96.233785219809079, 18.396047289548207 ], [ -96.244059820273932, 18.396899220446276 ], [ -96.249360490252158, 18.4043573097624 ], [ -96.261255400431452, 18.408240459756097 ], [ -96.273642740189814, 18.391661309655248 ], [ -96.281501319791715, 18.386090449713766 ], [ -96.279419430383527, 18.385871119786795 ], [ -96.279649829750582, 18.375777939580992 ], [ -96.289224889685116, 18.377784459994771 ], [ -96.296703399781094, 18.371306999659499 ], [ -96.297570449972227, 18.364874119686228 ], [ -96.300127020291313, 18.366800689936486 ], [ -96.296041629941101, 18.347080179642241 ], [ -96.297068180409738, 18.337342949969461 ], [ -96.290413619897308, 18.316648830168166 ], [ -96.294449660163352, 18.312428800310567 ], [ -96.296754290070396, 18.317417379938941 ], [ -96.307338169973917, 18.320119950424608 ], [ -96.310009200313303, 18.322815030369121 ], [ -96.305444200154511, 18.324841549696085 ], [ -96.305609920369079, 18.329029829737951 ], [ -96.313537060366741, 18.328093689989508 ], [ -96.313265370316543, 18.335012890316115 ], [ -96.317516850215995, 18.339783320070929 ], [ -96.313525679691892, 18.345756860240179 ], [ -96.319955109951906, 18.355357289653167 ], [ -96.317576889592758, 18.358268579894379 ], [ -96.320662119647139, 18.360298350133267 ], [ -96.317327909769801, 18.364537250358019 ], [ -96.335053310426915, 18.372517339682616 ], [ -96.331068090362706, 18.379228379978986 ], [ -96.334951380285872, 18.37983125968027 ], [ -96.339317540263977, 18.375632489626103 ], [ -96.345342800478392, 18.379695459696897 ], [ -96.349023260171762, 18.388440569627246 ], [ -96.345935489557192, 18.389793340391272 ], [ -96.348412289542438, 18.394634950161258 ], [ -96.344554049550794, 18.398507659661874 ], [ -96.349868250266979, 18.401505260339363 ], [ -96.352587769812985, 18.410247340321508 ], [ -96.356339029656539, 18.411676849712581 ], [ -96.361731459799032, 18.407075679999846 ], [ -96.361070830325247, 18.409692950332566 ], [ -96.368764649778029, 18.414531719896086 ], [ -96.367792480164098, 18.41736681976229 ], [ -96.374161600258745, 18.417399260324395 ], [ -96.376195770300768, 18.424648550158729 ], [ -96.38384062997747, 18.424110489801176 ], [ -96.385215019603109, 18.429330060430537 ], [ -96.389248080222075, 18.428376519640331 ], [ -96.388264019688023, 18.434765079877959 ], [ -96.391754059697448, 18.43674034968026 ], [ -96.389337309962343, 18.440480749873871 ], [ -96.393313109704394, 18.437061750278481 ], [ -96.402984540276748, 18.439919400386032 ], [ -96.400101520320149, 18.444174679744293 ], [ -96.40359604990455, 18.446349420266383 ], [ -96.401347430001849, 18.459838110272678 ], [ -96.4045971103601, 18.467777970198373 ], [ -96.412400060440845, 18.464758139836356 ], [ -96.418022569984458, 18.470482079551157 ], [ -96.418177180403575, 18.476056119928518 ], [ -96.411185510308158, 18.476921059694707 ], [ -96.414700690237524, 18.482885420228712 ], [ -96.416560250419707, 18.499274120130035 ], [ -96.423481600073131, 18.50180408988998 ], [ -96.420761979776771, 18.510457800165806 ], [ -96.438043889945646, 18.5287470203799 ], [ -96.437512939979115, 18.531767220313078 ], [ -96.44710054004149, 18.536675030408919 ], [ -96.455028780143735, 18.549285319566174 ], [ -96.451106720296295, 18.557130180151841 ], [ -96.457308829795025, 18.570437419906519 ], [ -96.464405150139513, 18.573923309804073 ], [ -96.467240490314083, 18.570837939636949 ], [ -96.468984200032011, 18.573832119574377 ], [ -96.473269020168459, 18.573312179924006 ], [ -96.477348290177915, 18.579941799623075 ], [ -96.488744319695016, 18.581248660365954 ], [ -96.499749320352961, 18.589502420391096 ], [ -96.50177132016637, 18.587332059856298 ], [ -96.508761220126814, 18.58946057037554 ], [ -96.510454880029059, 18.584284660446556 ], [ -96.517505110216817, 18.581573169851112 ], [ -96.525474999660361, 18.587773600269912 ], [ -96.537304950028343, 18.583950939869219 ], [ -96.541323799991162, 18.588253139586364 ], [ -96.560947090028094, 18.587698620243184 ], [ -96.595374450319099, 18.611476849775457 ], [ -96.60108375040096, 18.612197719924648 ], [ -96.606826319747455, 18.617571000287679 ], [ -96.615272430336461, 18.61813484964286 ], [ -96.628208549933817, 18.631931230083399 ], [ -96.620242150109434, 18.645057510189208 ], [ -96.614739619974685, 18.650467429818359 ], [ -96.611502829897006, 18.649726879930522 ], [ -96.612426769881623, 18.655839079827281 ], [ -96.616240479794996, 18.65672197038074 ], [ -96.614638599708087, 18.659108709607366 ], [ -96.617863150361487, 18.661109520422567 ], [ -96.615269180453339, 18.677471630160927 ], [ -96.608187349819374, 18.675550020421731 ], [ -96.601470220319428, 18.680884910424915 ], [ -96.591831340203782, 18.680075120109812 ], [ -96.590396379597351, 18.689780380268207 ], [ -96.598614179793486, 18.692923480386963 ], [ -96.596076800198333, 18.696975119760975 ], [ -96.598512049671214, 18.701754630123897 ], [ -96.59143448999238, 18.705308660308987 ], [ -96.588810829892211, 18.700508249930149 ], [ -96.585009370162282, 18.704711200353326 ], [ -96.576709250410175, 18.703617109810946 ], [ -96.576878310150278, 18.707780229991563 ], [ -96.566880429772937, 18.707703889768602 ], [ -96.56782819953095, 18.71944022024681 ], [ -96.579954849999041, 18.724598020442507 ], [ -96.578939909565989, 18.730713420271918 ], [ -96.58739965042615, 18.731892110441084 ], [ -96.584176450054031, 18.738800370247738 ], [ -96.578420449658566, 18.735174830182668 ], [ -96.57680225006925, 18.738821710408253 ], [ -96.544514020435813, 18.734918219569835 ], [ -96.519102570367224, 18.726039909714068 ], [ -96.489720080388963, 18.73989057978806 ], [ -96.482005770313208, 18.740640230095828 ], [ -96.478294619842501, 18.736636090184266 ], [ -96.470925370258414, 18.73642429034798 ], [ -96.468593340149098, 18.740368220383466 ], [ -96.462821319660122, 18.737356720146458 ], [ -96.461059829609894, 18.740990619866729 ] ] ] } },
{ "type": "Feature", "properties": { "code": "30172", "stateCode": "30", "municipalityCode": "172", "name": "Texistepec" }, "geometry": { "type": "Polygon", "coordinates": [ [ [ -94.790904349919856, 17.979272290083685 ], [ -94.785808120007601, 17.978700309652154 ], [ -94.787175400136022, 17.966357600174113 ], [ -94.792570140074474, 17.968476419553223 ], [ -94.798652570366997, 17.958178879849754 ], [ -94.788855890192806, 17.958601459567419 ], [ -94.782964539825215, 17.955532860403483 ], [ -94.786305199640637, 17.941951749986174 ], [ -94.782743140258674, 17.929919880163059 ], [ -94.775145020154341, 17.929279950053257 ], [ -94.77470166040473, 17.932306370156152 ], [ -94.757695429677071, 17.940634920335661 ], [ -94.756797260016313, 17.935461940149338 ], [ -94.761961689990855, 17.936082660070674 ], [ -94.761173180445809, 17.929540849877668 ], [ -94.782323520010536, 17.914336879549055 ], [ -94.770215090035805, 17.910454199909406 ], [ -94.772501750219206, 17.897259619865821 ], [ -94.765749080376665, 17.896152859735956 ], [ -94.766366399557896, 17.88508192009142 ], [ -94.734720169605353, 17.882547519929059 ], [ -94.717223199814612, 17.877059889985709 ], [ -94.716627489564118, 17.874045030088485 ], [ -94.721649879651551, 17.870284620329986 ], [ -94.713302599888621, 17.862450969917596 ], [ -94.717670260017854, 17.853043769759054 ], [ -94.723663739656956, 17.859226289629216 ], [ -94.720727690026436, 17.848936679808183 ], [ -94.725325800153584, 17.849019600132827 ], [ -94.73712888019891, 17.835661060034042 ], [ -94.740595460265808, 17.834383049847837 ], [ -94.746304400411987, 17.840973110164381 ], [ -94.75279848012643, 17.829654830362578 ], [ -94.759744120087817, 17.829024149669401 ], [ -94.756669449558117, 17.822993170426948 ], [ -94.75912915024773, 17.818668819834876 ], [ -94.762587650067076, 17.818901420427775 ], [ -94.760337830361038, 17.824599950002391 ], [ -94.763267090204735, 17.826380550110486 ], [ -94.772740580240125, 17.818617970350275 ], [ -94.774291630232554, 17.814708949885119 ], [ -94.767939800140638, 17.813183800375569 ], [ -94.763339059581426, 17.807266459998289 ], [ -94.770412889723943, 17.805879479922133 ], [ -94.768409539738002, 17.799709429656776 ], [ -94.774193910094397, 17.80088129026301 ], [ -94.771534349714017, 17.797990629988298 ], [ -94.77783857966655, 17.794080049535953 ], [ -94.775959349669321, 17.785721689858811 ], [ -94.778922290020731, 17.781077889572664 ], [ -94.755977549837439, 17.774576540160936 ], [ -94.759452379841335, 17.76854998020892 ], [ -94.754923310379965, 17.75225397969378 ], [ -94.736466880149138, 17.750283599618104 ], [ -94.740089090300202, 17.744633660093971 ], [ -94.736185659978958, 17.739228779576333 ], [ -94.716711919581087, 17.741636910376709 ], [ -94.714902419886485, 17.73549406016852 ], [ -94.706331830072045, 17.734995449732512 ], [ -94.716382510067362, 17.718993429715439 ], [ -94.700953679733885, 17.713804219723535 ], [ -94.698918089581653, 17.705533620004413 ], [ -94.715580180178662, 17.690898019855993 ], [ -94.724957350088005, 17.671178280372601 ], [ -94.723156059901541, 17.664129690233032 ], [ -94.713983119641526, 17.660911479571805 ], [ -94.715352550419553, 17.658268689973156 ], [ -94.743076349521147, 17.647887650151251 ], [ -94.749960479604269, 17.639361539655528 ], [ -94.750719950357578, 17.631646309726037 ], [ -94.729522080155775, 17.614854090234804 ], [ -94.727744379709094, 17.606269029854104 ], [ -94.756152429676206, 17.596798850401274 ], [ -94.760456200414225, 17.591418279847296 ], [ -94.761011550265721, 17.584336149961786 ], [ -94.763568690393043, 17.587754580077487 ], [ -94.769164319760321, 17.585867539767595 ], [ -94.771581859515095, 17.58346455029055 ], [ -94.769766320044283, 17.580120110230325 ], [ -94.777188380215861, 17.58005014962405 ], [ -94.777705650289917, 17.574888280306315 ], [ -94.788520320360973, 17.577874309869788 ], [ -94.790537430389861, 17.583486250225263 ], [ -94.795868509701194, 17.577722510018226 ], [ -94.799278380360022, 17.579971719646839 ], [ -94.798086339934045, 17.582866050355463 ], [ -94.802049279774437, 17.580364029790509 ], [ -94.805013629591471, 17.583223800003772 ], [ -94.800442569678253, 17.618029970227646 ], [ -94.806484200439826, 17.618731279610138 ], [ -94.804238400342641, 17.638432510358566 ], [ -94.8120446901073, 17.640726290234394 ], [ -94.811504710069045, 17.644099200399559 ], [ -94.806143549971353, 17.64337242976227 ], [ -94.806931290415847, 17.648777460110576 ], [ -94.803596020019285, 17.649050060355279 ], [ -94.803545400122061, 17.663384710151341 ], [ -94.808675980406875, 17.669443950384721 ], [ -94.809866020208034, 17.685488660363664 ], [ -94.814564200033843, 17.685671120289424 ], [ -94.817129999971186, 17.691513229660089 ], [ -94.824340850418039, 17.69436697034174 ], [ -94.824621689993819, 17.698775199605613 ], [ -94.828266509938402, 17.697515690241964 ], [ -94.824099780386931, 17.702964289688673 ], [ -94.829465230008552, 17.705920719551603 ], [ -94.826114719902463, 17.709725219755398 ], [ -94.831293690268666, 17.714051910249832 ], [ -94.819136049906007, 17.729967309876209 ], [ -94.831300800300554, 17.738197630155859 ], [ -94.845334350129249, 17.737867399583628 ], [ -94.85828388972665, 17.743715970157936 ], [ -94.865573370219934, 17.739714080371854 ], [ -94.870389780112617, 17.747279919784567 ], [ -94.87967163004943, 17.750454249969263 ], [ -94.876900650029697, 17.762905940135202 ], [ -94.86890568019426, 17.76477701963335 ], [ -94.85205665017817, 17.758208509578367 ], [ -94.839164319716289, 17.763824829986735 ], [ -94.840264369729212, 17.776168510116729 ], [ -94.852001850072455, 17.778705109594156 ], [ -94.85703438010917, 17.774314230243604 ], [ -94.871512709815079, 17.777266479930276 ], [ -94.875848740280645, 17.780765429863525 ], [ -94.878442260290939, 17.789382889707625 ], [ -94.890547140195437, 17.797110289642077 ], [ -94.892522830023125, 17.816074450268612 ], [ -94.884032750330221, 17.830713430071825 ], [ -94.880964180336761, 17.830791310240073 ], [ -94.883883999964155, 17.836909079905372 ], [ -94.893262109820981, 17.836865979908993 ], [ -94.889566780390354, 17.844409570329649 ], [ -94.894701969611106, 17.853864230356454 ], [ -94.890422310300394, 17.860408170213528 ], [ -94.881480550297923, 17.858884460172586 ], [ -94.881331059868273, 17.863213580010981 ], [ -94.868182280259788, 17.863388340439109 ], [ -94.852893369787338, 17.877613860310159 ], [ -94.857048020370769, 17.883419540330667 ], [ -94.855940220374123, 17.890096689592536 ], [ -94.866792970152474, 17.901251150144265 ], [ -94.855284120262311, 17.90328717999461 ], [ -94.84647531986775, 17.924461110136711 ], [ -94.847948220153199, 17.937735779940883 ], [ -94.859883000234873, 17.941711140431082 ], [ -94.859890549832457, 17.94728254955934 ], [ -94.856243319624767, 17.947238940362055 ], [ -94.856542950394626, 17.95517524956826 ], [ -94.851028509680759, 17.955629139814935 ], [ -94.850844549975918, 17.958451649848218 ], [ -94.835052400173623, 17.967220170275574 ], [ -94.828585550056516, 17.965153079680245 ], [ -94.821203979788649, 17.973265850081887 ], [ -94.815592520349469, 17.972864630020172 ], [ -94.814225829631937, 17.967953799882928 ], [ -94.790904349919856, 17.979272290083685 ] ] ] } },
{ "type": "Feature", "properties": { "code": "30171", "stateCode": "30", "municipalityCode": "171", "name": "Texhuacán" }, "geometry": { "type": "Polygon", "coordinates": [ [ [ -97.02020737033898, 18.650876680254814 ], [ -97.01489262967614, 18.634394259813416 ], [ -97.012800909756947, 18.636268849864813 ], [ -97.010303940032159, 18.633494250041007 ], [ -97.008280849952527, 18.636403380126499 ], [ -96.996493599541623, 18.626182580096803 ], [ -96.981578999859551, 18.636468179731597 ], [ -96.975779119870367, 18.635710689620876 ], [ -96.972978599612404, 18.626630850148654 ], [ -96.975366860156953, 18.618203200391918 ], [ -96.980497826798953, 18.618253657686715 ], [ -96.984983519844349, 18.623569430384588 ], [ -96.991210489641347, 18.618142649553903 ], [ -96.98986435020619, 18.613227650399057 ], [ -97.000263000131142, 18.608473449634836 ], [ -97.013373690030306, 18.615341349983424 ], [ -97.018009169972018, 18.612440520210132 ], [ -97.019142420399476, 18.599320579780528 ], [ -97.007985349854806, 18.597855089918369 ], [ -97.008954110027901, 18.592819150041912 ], [ -97.018197079537515, 18.593313720236907 ], [ -97.01868613963687, 18.586872680418889 ], [ -97.030086519601682, 18.588324779600331 ], [ -97.030916280269224, 18.590755550396075 ], [ -97.039577089782583, 18.58955923033546 ], [ -97.039052349741198, 18.585905380169027 ], [ -97.048074149730965, 18.581441369716114 ], [ -97.048957690322084, 18.588937800143075 ], [ -97.061237539724189, 18.598329739964189 ], [ -97.078353059808435, 18.62937716957034 ], [ -97.041631660201261, 18.648683489799645 ], [ -97.0378658598881, 18.645584419638745 ], [ -97.02020737033898, 18.650876680254814 ] ] ] } },
{ "type": "Feature", "properties": { "code": "30170", "stateCode": "30", "municipalityCode": "170", "name": "Texcatepec" }, "geometry": { "type": "Polygon", "coordinates": [ [ [ -98.297392999702367, 20.70217474031789 ], [ -98.294826139887959, 20.695439289752766 ], [ -98.304014569637545, 20.687534019911922 ], [ -98.283473779624146, 20.669435259971138 ], [ -98.27657777999454, 20.67147837994774 ], [ -98.276471939672859, 20.677819629713987 ], [ -98.271848849627659, 20.675916580061415 ], [ -98.269519169787571, 20.680430320420495 ], [ -98.265690399950699, 20.679383309826346 ], [ -98.264646999668884, 20.683619910005632 ], [ -98.258564119745913, 20.680964949778755 ], [ -98.25982051973962, 20.674348619889503 ], [ -98.25254907952133, 20.677874630274861 ], [ -98.254599320289458, 20.669794090262123 ], [ -98.248466169619547, 20.675542880158726 ], [ -98.238603889955172, 20.67591302982234 ], [ -98.235499119628614, 20.681665229773067 ], [ -98.221785179557784, 20.678687600427022 ], [ -98.209458550095746, 20.688253710025766 ], [ -98.211917370238311, 20.679938860148717 ], [ -98.202317029658644, 20.672668909618896 ], [ -98.201020279725512, 20.681602109539785 ], [ -98.195601909813291, 20.670739339826579 ], [ -98.200368380221022, 20.666720349707493 ], [ -98.199429690315085, 20.65983337965066 ], [ -98.20472094979786, 20.655881880334135 ], [ -98.204058089873797, 20.65212277019312 ], [ -98.206954490355997, 20.6533217801856 ], [ -98.207267119537406, 20.64915039993441 ], [ -98.21099894989527, 20.647639919751036 ], [ -98.208768060412439, 20.636917510240746 ], [ -98.213101290489533, 20.635796459669461 ], [ -98.214438739551966, 20.640834289771117 ], [ -98.216301339996221, 20.635665480148731 ], [ -98.22213894022542, 20.634943549640671 ], [ -98.226355679724406, 20.627003509692454 ], [ -98.226477249758304, 20.618150940365165 ], [ -98.230431320200282, 20.61724685007577 ], [ -98.228102819789854, 20.615017230119143 ], [ -98.231441710175105, 20.611812890244344 ], [ -98.249703980158728, 20.604365970400853 ], [ -98.256395110366924, 20.596701689668269 ], [ -98.266270229743981, 20.59349138023336 ], [ -98.265688570214223, 20.590757969948296 ], [ -98.285764920331175, 20.583999510156012 ], [ -98.292104579784137, 20.575887949782587 ], [ -98.298288489630707, 20.57515912007544 ], [ -98.295930080214262, 20.5871013404149 ], [ -98.308757340060353, 20.591345290211997 ], [ -98.316535479967982, 20.589609279926691 ], [ -98.323286429999143, 20.582982739915096 ], [ -98.320931059723222, 20.569398630220757 ], [ -98.323647349720758, 20.567608979890693 ], [ -98.321168600369916, 20.563601459924861 ], [ -98.323068519841527, 20.558745079559738 ], [ -98.332243739942115, 20.556443229905643 ], [ -98.337444339995017, 20.550641720013754 ], [ -98.346612600096833, 20.549629719836659 ], [ -98.369680819972203, 20.561428120252032 ], [ -98.381676020425445, 20.557818180069617 ], [ -98.385772620391435, 20.546180679821649 ], [ -98.403027540435701, 20.542843249755713 ], [ -98.407296520164579, 20.549739430280177 ], [ -98.40728062992676, 20.558875860388163 ], [ -98.412587090358244, 20.562654400369951 ], [ -98.406814059625233, 20.563434149880269 ], [ -98.397929420090378, 20.571617829575594 ], [ -98.400799380392797, 20.573459849570188 ], [ -98.397013380465026, 20.578968909678622 ], [ -98.400698079765547, 20.581383149719436 ], [ -98.399084710074305, 20.585752939970273 ], [ -98.404100819865619, 20.603650179643161 ], [ -98.393584109731705, 20.604770889683756 ], [ -98.377806459617076, 20.615833400155111 ], [ -98.376208260432733, 20.625191000401909 ], [ -98.369328349860638, 20.633744979832841 ], [ -98.370017349537818, 20.638512229983377 ], [ -98.365168050310629, 20.641475750350086 ], [ -98.364739830444478, 20.646891749700973 ], [ -98.350104289845788, 20.645890089550811 ], [ -98.338876750358523, 20.648843060181708 ], [ -98.354911950375396, 20.667932089666355 ], [ -98.339247570371271, 20.67935941963373 ], [ -98.343714249563263, 20.679935489571932 ], [ -98.328750619917329, 20.691340680375749 ], [ -98.321307369660218, 20.692502420143306 ], [ -98.316881580442157, 20.698026819897031 ], [ -98.306153519629135, 20.697663620012825 ], [ -98.297392999702367, 20.70217474031789 ] ] ] } },
{ "type": "Feature", "properties": { "code": "30134", "stateCode": "30", "municipalityCode": "134", "name": "Puente Nacional" }, "geometry": { "type": "Polygon", "coordinates": [ [ [ -96.480140149870351, 19.437966660296965 ], [ -96.464177110006261, 19.396358630420604 ], [ -96.457777939612015, 19.399373110244046 ], [ -96.446956459765246, 19.394377340383336 ], [ -96.434359230435263, 19.397041349842546 ], [ -96.427810739956499, 19.405670550242647 ], [ -96.413386690272588, 19.412024829920682 ], [ -96.402912879573137, 19.409176800370812 ], [ -96.400235919973383, 19.401134090219706 ], [ -96.389647430446033, 19.400805620121215 ], [ -96.386748219556438, 19.403902050390911 ], [ -96.377093060080128, 19.400715880073903 ], [ -96.376609139683751, 19.388087080233273 ], [ -96.373432169732951, 19.387814980415722 ], [ -96.372259229395837, 19.381441769884034 ], [ -96.377140689200672, 19.372883539519467 ], [ -96.381931650266552, 19.372278020992376 ], [ -96.384792940129813, 19.360582710113313 ], [ -96.392661510292768, 19.362567110373814 ], [ -96.388531830159181, 19.354051859911802 ], [ -96.390167230441023, 19.349278350370252 ], [ -96.396495859534369, 19.348912510280403 ], [ -96.398167249557133, 19.355098430303464 ], [ -96.402048550143931, 19.352357690387475 ], [ -96.40683344986347, 19.353680150121264 ], [ -96.407457140063343, 19.358839579642243 ], [ -96.413869940228224, 19.349962019857227 ], [ -96.421534579963122, 19.352144089732786 ], [ -96.425281179557999, 19.346859090220949 ], [ -96.422679059773458, 19.341408630282569 ], [ -96.425269049641145, 19.33507477993075 ], [ -96.438307940259477, 19.333522179924984 ], [ -96.440195980154897, 19.327510309642363 ], [ -96.451522050426718, 19.318575490284658 ], [ -96.462779779896522, 19.316331630199997 ], [ -96.464906599650888, 19.31290775015567 ], [ -96.467703849673626, 19.316127680270398 ], [ -96.465366580342518, 19.311852089699499 ], [ -96.469618940236685, 19.310860030077798 ], [ -96.469692419566471, 19.305387370058629 ], [ -96.476845580201854, 19.304590889960178 ], [ -96.488376549888926, 19.293933720119629 ], [ -96.493662169580787, 19.295140179625481 ], [ -96.49383874036296, 19.28563092018199 ], [ -96.503520720335231, 19.284365919635277 ], [ -96.5147702004477, 19.277873400446421 ], [ -96.517266799603988, 19.271709620403492 ], [ -96.539028180117199, 19.257685179704342 ], [ -96.54262976979561, 19.249934369907066 ], [ -96.560781780434695, 19.244433579693677 ], [ -96.560497249859523, 19.240917890010085 ], [ -96.570951429686346, 19.238546170318145 ], [ -96.570910309713213, 19.236054450030004 ], [ -96.582180830276158, 19.231065580399278 ], [ -96.595249690014242, 19.231663200251351 ], [ -96.595411630364538, 19.227600659814275 ], [ -96.606602949736796, 19.214299220441998 ], [ -96.610308460192101, 19.215258059806729 ], [ -96.623692780046184, 19.203972849939792 ], [ -96.634928690356716, 19.199428309795103 ], [ -96.651654430324086, 19.196753460055312 ], [ -96.648822520340175, 19.207577550367386 ], [ -96.65191357965324, 19.209068799731543 ], [ -96.657112059852736, 19.207611399833251 ], [ -96.656636479717804, 19.204932020242616 ], [ -96.661282480201038, 19.206463659927991 ], [ -96.661514230064668, 19.20360140017554 ], [ -96.667751350348837, 19.206826710124343 ], [ -96.667042250419513, 19.202102060359696 ], [ -96.677262749987293, 19.198436350377914 ], [ -96.677723030177091, 19.192715489753471 ], [ -96.680700800350579, 19.195273709616785 ], [ -96.686344180337429, 19.193043820201463 ], [ -96.684911150056124, 19.195358429690589 ], [ -96.689695320057922, 19.190716519989131 ], [ -96.691007079622707, 19.192817579622119 ], [ -96.692385710461863, 19.190021719714295 ], [ -96.693330199825837, 19.193028599781506 ], [ -96.695129889581779, 19.188683140372312 ], [ -96.709284449975186, 19.191070449595934 ], [ -96.720442650107728, 19.188818460122246 ], [ -96.721330169948686, 19.191326719546307 ], [ -96.716637629736383, 19.19425879982948 ], [ -96.700286259768916, 19.196680169840818 ], [ -96.695364060277058, 19.201137279842072 ], [ -96.720501250074136, 19.201677630400965 ], [ -96.726498170244128, 19.205323979985938 ], [ -96.743969579623013, 19.203637429959183 ], [ -96.75446799987445, 19.196938250435316 ], [ -96.770120380461151, 19.196757649852014 ], [ -96.786776230319745, 19.203472830426904 ], [ -96.818929000455128, 19.202763250324004 ], [ -96.815461599705372, 19.207535770229157 ], [ -96.806727170009822, 19.209994080034765 ], [ -96.807319079750499, 19.21957142038254 ], [ -96.774781719838117, 19.228584090224775 ], [ -96.771445449938369, 19.232834289816228 ], [ -96.768772770418508, 19.233238179660777 ], [ -96.76793084965756, 19.229725339894948 ], [ -96.72365794955185, 19.249918749887804 ], [ -96.715903310213776, 19.248844829971087 ], [ -96.701552860400071, 19.255437830054145 ], [ -96.694764310376627, 19.254341919975968 ], [ -96.681789250402744, 19.265551939563139 ], [ -96.681012490458599, 19.269487769985577 ], [ -96.672926449886148, 19.269764140067668 ], [ -96.667170819687541, 19.274901249656203 ], [ -96.65575138029088, 19.271590920149837 ], [ -96.654442689828926, 19.277016489686691 ], [ -96.651112970207606, 19.277898970311377 ], [ -96.635254519601901, 19.277644370112501 ], [ -96.614544480315118, 19.292539660324934 ], [ -96.609253909885865, 19.293113650357807 ], [ -96.614820289569693, 19.302511049823728 ], [ -96.604323910459286, 19.309358780121688 ], [ -96.600550179691453, 19.320985540246106 ], [ -96.592328740400774, 19.31949631104537 ], [ -96.586739740071565, 19.32649371097833 ], [ -96.576436739892898, 19.325484480694353 ], [ -96.571150420770138, 19.336027479961977 ], [ -96.560421949933115, 19.339438719793559 ], [ -96.563146710421151, 19.351405981151522 ], [ -96.559546148605278, 19.355638539928428 ], [ -96.563960489642511, 19.360143651156879 ], [ -96.547345000080881, 19.365033619975552 ], [ -96.54298918021307, 19.369386430298331 ], [ -96.54380598036613, 19.390877230383463 ], [ -96.540665740214266, 19.397556979592931 ], [ -96.53655482024385, 19.394920849860632 ], [ -96.530730650410135, 19.403236820298762 ], [ -96.514364290000813, 19.399485829804014 ], [ -96.512742970156211, 19.406112879684912 ], [ -96.516744769780217, 19.410617479912652 ], [ -96.513693849640902, 19.417227709689378 ], [ -96.508416510069367, 19.416586459925778 ], [ -96.503612539690835, 19.420413739622681 ], [ -96.495365999777547, 19.418668079837516 ], [ -96.488738460333863, 19.431710580206598 ], [ -96.480140149870351, 19.437966660296965 ] ] ] } },
{ "type": "Feature", "properties": { "code": "30001", "stateCode": "30", "municipalityCode": "001", "name": "Acajete" }, "geometry": { "type": "Polygon", "coordinates": [ [ [ -97.041409049622189, 19.624166020035037 ], [ -97.034252020103878, 19.625550219597134 ], [ -97.037978163564986, 19.613546420283196 ], [ -97.032008336887841, 19.623314539415979 ], [ -97.021140976464935, 19.617485919324842 ], [ -97.020362539547534, 19.621677720095025 ], [ -96.996616780054168, 19.613647579586512 ], [ -96.996002509687742, 19.578309420017469 ], [ -96.999965919643145, 19.573365139927617 ], [ -96.996616629596204, 19.563767050259621 ], [ -96.988340920440407, 19.562666859581736 ], [ -97.018292680275195, 19.551609320049028 ], [ -97.014835080405263, 19.541995970263933 ], [ -97.003931850165557, 19.536727170450774 ], [ -97.01128297046067, 19.534826549808493 ], [ -97.001937849825708, 19.533161369704455 ], [ -97.00025075024368, 19.529538519634208 ], [ -97.007739549990632, 19.530382569613554 ], [ -97.022251180296621, 19.525520480376816 ], [ -97.01368751027762, 19.52341510991333 ], [ -97.018899029765564, 19.514240859725465 ], [ -97.016944380112037, 19.511532580004399 ], [ -97.021437549897499, 19.513625340084598 ], [ -97.025395030156147, 19.507990650050459 ], [ -97.030122970231972, 19.51390040017025 ], [ -97.031912520209929, 19.51230248981317 ], [ -97.02833384999974, 19.505320350391205 ], [ -97.051002979960984, 19.511433939604665 ], [ -97.056602079552846, 19.517432819628326 ], [ -97.067951170191961, 19.515884280033418 ], [ -97.073749370355259, 19.520237750076276 ], [ -97.079636229875106, 19.520224350052313 ], [ -97.080505449949882, 19.524082260280441 ], [ -97.092483380320971, 19.531906450109055 ], [ -97.10457214016553, 19.531298059837169 ], [ -97.099542259608825, 19.536347920258105 ], [ -97.100412430269913, 19.547880800177339 ], [ -97.094937680308178, 19.547625430019139 ], [ -97.091220089984148, 19.551754549740622 ], [ -97.097355490141581, 19.562380370330832 ], [ -97.09510833975699, 19.568005399719649 ], [ -97.086481140059576, 19.566660739602597 ], [ -97.087681179783615, 19.575301279939595 ], [ -97.092996279861111, 19.575304430154535 ], [ -97.093312289937785, 19.582893880390859 ], [ -97.080294690049442, 19.593995399978873 ], [ -97.071296659794768, 19.595819629943893 ], [ -97.070026830155271, 19.59948367966614 ], [ -97.056509090271831, 19.605549849671267 ], [ -97.050665449609696, 19.612467420048848 ], [ -97.041021949770141, 19.61517604969983 ], [ -97.041409049622189, 19.624166020035037 ] ] ] } },
{ "type": "Feature", "properties": { "code": "30133", "stateCode": "30", "municipalityCode": "133", "name": "Pueblo Viejo" }, "geometry": { "type": "Polygon", "coordinates": [ [ [ -97.774320139779078, 22.263648310333181 ], [ -97.790414889830558, 22.259891920153692 ], [ -97.793709369823361, 22.249701509725853 ], [ -97.792755340471416, 22.212002199792337 ], [ -97.785238949704706, 22.166275909899451 ], [ -97.807330999677873, 22.153330679973337 ], [ -97.836980030277616, 22.15224755032067 ], [ -97.846017250170831, 22.142659379654457 ], [ -97.860023230238895, 22.148006599923853 ], [ -97.881758480490092, 22.137307619593024 ], [ -97.896542029663649, 22.124745110008554 ], [ -97.897239569806075, 22.119707820026953 ], [ -97.892796819538745, 22.109187550256795 ], [ -97.894648889670222, 22.093831599999273 ], [ -97.891307200045617, 22.090382030084616 ], [ -97.888321049928919, 22.092283289635741 ], [ -97.887229799633459, 22.088593829593805 ], [ -97.906103709576996, 22.093466219555769 ], [ -97.916762200071673, 22.086569249610839 ], [ -97.918255150165024, 22.080922950374902 ], [ -97.923393980229349, 22.077402120368582 ], [ -97.92012841964538, 22.071290029562533 ], [ -97.952918750399746, 22.077250859959946 ], [ -97.950181060363974, 22.086855490326109 ], [ -97.941325519983621, 22.093374170435911 ], [ -97.941424830341418, 22.100714540259514 ], [ -97.934663229719064, 22.1065497397013 ], [ -97.932852580436403, 22.114588950409857 ], [ -97.936910909684741, 22.121335399680955 ], [ -97.940809369926953, 22.122131350380965 ], [ -97.951900170055254, 22.124042600029178 ], [ -97.950014000281016, 22.120229710435144 ], [ -97.955397859969366, 22.120004489644405 ], [ -97.973245170423979, 22.123937720076356 ], [ -97.976434090263524, 22.111775350044471 ], [ -97.983325060195952, 22.101261619922571 ], [ -97.981980319999522, 22.08502885022925 ], [ -97.978120090379889, 22.079518550115921 ], [ -98.001690740027172, 22.07052688045345 ], [ -98.006552889757486, 22.069824980078824 ], [ -98.009476090136999, 22.072950490115076 ], [ -98.013394150007059, 22.067173279725321 ], [ -98.018741619776833, 22.070042349809821 ], [ -98.023858340391627, 22.063669460363226 ], [ -98.030960089986891, 22.067552199811932 ], [ -98.039219970129025, 22.088045250092037 ], [ -98.073877549844596, 22.09368837007208 ], [ -98.081804049862598, 22.096803680276935 ], [ -98.089234369755218, 22.104840339914936 ], [ -98.089963910136703, 22.110378690141129 ], [ -98.086474060362633, 22.115002430403454 ], [ -98.05193213978454, 22.101216220035994 ], [ -98.043501710254006, 22.102446749617204 ], [ -98.040087649667441, 22.112709479737951 ], [ -98.041117449586892, 22.122911739796496 ], [ -98.065364599640716, 22.13257752006146 ], [ -98.065778680458337, 22.141319779914991 ], [ -98.057613230472811, 22.147573019741472 ], [ -98.043766710491028, 22.148342649728306 ], [ -98.038974629516474, 22.144100770245288 ], [ -98.043115539694838, 22.134975349825115 ], [ -98.039148429935366, 22.129261540161483 ], [ -98.02967444998599, 22.132067489695068 ], [ -98.018562050274184, 22.145088309651857 ], [ -97.999620649796611, 22.151833689888399 ], [ -98.000290620195372, 22.157898349705277 ], [ -98.01245391040969, 22.168627740453555 ], [ -98.015939230397194, 22.182444059891946 ], [ -98.003987199546827, 22.200384089586507 ], [ -97.991082740247478, 22.210836510403695 ], [ -97.982222509787306, 22.212882449676421 ], [ -97.962979890364096, 22.206843399896407 ], [ -97.944708080323011, 22.20620837030555 ], [ -97.935086179957111, 22.208157829854663 ], [ -97.913022880300417, 22.220736539568183 ], [ -97.894962461136643, 22.222378437528597 ], [ -97.844888290340791, 22.206965830154367 ], [ -97.837693379489721, 22.21243375091743 ], [ -97.836494399734121, 22.229927250339582 ], [ -97.82481536766872, 22.244145021041017 ], [ -97.792414829721409, 22.260350600572085 ], [ -97.774320139779078, 22.263648310333181 ] ] ] } },
{ "type": "Feature", "properties": { "code": "30132", "stateCode": "30", "municipalityCode": "132", "name": "Las Vigas de Ramírez" }, "geometry": { "type": "Polygon", "coordinates": [ [ [ -97.070383349814321, 19.686001739952964 ], [ -97.056914629556559, 19.670501029774108 ], [ -97.049998290436093, 19.669344449741747 ], [ -97.063888629926467, 19.661269250262816 ], [ -97.064147749893763, 19.656277490193414 ], [ -97.04813676972627, 19.658410910373917 ], [ -97.045247430101824, 19.662195030379657 ], [ -97.042308350051016, 19.657459289918048 ], [ -97.036475939686326, 19.655640949693041 ], [ -97.032596449539213, 19.657127059737835 ], [ -97.027688889975934, 19.65404972035849 ], [ -97.022202739788696, 19.656509739815078 ], [ -97.022784520237408, 19.651266260318529 ], [ -97.029463819747662, 19.647602750165628 ], [ -97.02250483016411, 19.638093019629395 ], [ -97.030773050208325, 19.636891449973607 ], [ -97.034461689993307, 19.641671860402525 ], [ -97.036329949961427, 19.640103889981848 ], [ -97.033616480363932, 19.63527203001119 ], [ -97.043249950422606, 19.634456780028337 ], [ -97.033200880105213, 19.631560740082897 ], [ -97.034252020103921, 19.625550219597166 ], [ -97.036996400178126, 19.627175660346566 ], [ -97.041409049622231, 19.62416602003508 ], [ -97.041021949770183, 19.615176049699738 ], [ -97.050665449609653, 19.612467420048866 ], [ -97.056509090271774, 19.605549849671281 ], [ -97.070703019639822, 19.598972680200834 ], [ -97.071296659794811, 19.595819629943911 ], [ -97.08029469004947, 19.593995399978891 ], [ -97.090714630466763, 19.586155969845937 ], [ -97.093524200202381, 19.57680972033635 ], [ -97.087681179783672, 19.575301279939612 ], [ -97.086481140059618, 19.566660739602536 ], [ -97.095108339757033, 19.568005399719667 ], [ -97.097355490141609, 19.562380370330846 ], [ -97.091220089984176, 19.551754549740636 ], [ -97.098873679536013, 19.54733569037089 ], [ -97.117372510003165, 19.562540580441286 ], [ -97.127776259874452, 19.575463999750514 ], [ -97.124860950241327, 19.587589110392209 ], [ -97.127549630270437, 19.588473910004939 ], [ -97.123116219952379, 19.601080369651804 ], [ -97.134920029730196, 19.590991719942092 ], [ -97.133945710182033, 19.596403540122115 ], [ -97.13785334966289, 19.602126939613658 ], [ -97.140498740015133, 19.603735600156284 ], [ -97.141037740141996, 19.595027689929566 ], [ -97.168810479513908, 19.616103970254152 ], [ -97.155156089696874, 19.618504460440647 ], [ -97.151738030169895, 19.622037970277152 ], [ -97.149801200340676, 19.62963062980247 ], [ -97.154606479754804, 19.632750649605335 ], [ -97.155760119888626, 19.638581090320191 ], [ -97.150971659962778, 19.646329659832411 ], [ -97.13269921878495, 19.646562780182816 ], [ -97.132667368974552, 19.64946089009397 ], [ -97.116548919736971, 19.650681079691058 ], [ -97.115216279631866, 19.657203799856525 ], [ -97.120346570304449, 19.66545749025892 ], [ -97.11862097033665, 19.666888859975 ], [ -97.112340709999231, 19.659324890343061 ], [ -97.105940919667688, 19.659244429823826 ], [ -97.096695820193091, 19.653331489613556 ], [ -97.0974808295462, 19.656382940359205 ], [ -97.090766620410889, 19.656955509633608 ], [ -97.086993820003684, 19.666894719887043 ], [ -97.08081339996842, 19.666296290070964 ], [ -97.079596740006139, 19.672237430178459 ], [ -97.07479351044617, 19.674973890399404 ], [ -97.078720020036187, 19.683974520218261 ], [ -97.070383349814321, 19.686001739952964 ] ] ] } },
{ "type": "Feature", "properties": { "code": "30122", "stateCode": "30", "municipalityCode": "122", "name": "Pajapan" }, "geometry": { "type": "Polygon", "coordinates": [ [ [ -94.683005770429844, 18.350854689785439 ], [ -94.670288169805261, 18.339199479628043 ], [ -94.663983799621704, 18.338389650325134 ], [ -94.665019859964289, 18.327620979554538 ], [ -94.655645230195717, 18.310010630243987 ], [ -94.62310174020719, 18.287129419904502 ], [ -94.6270839800641, 18.277198549969061 ], [ -94.623692080358907, 18.250252550276716 ], [ -94.607616320365722, 18.204943909710455 ], [ -94.597225510079753, 18.193471800232118 ], [ -94.600373230173005, 18.192262090356795 ], [ -94.607286659700748, 18.197048490093767 ], [ -94.61520891998083, 18.210985820023168 ], [ -94.626180349679146, 18.211309910205301 ], [ -94.639030220451758, 18.173139319971941 ], [ -94.632581259776856, 18.159058720109446 ], [ -94.623493940341149, 18.157741909761143 ], [ -94.619856260290405, 18.153824379956877 ], [ -94.606771350410938, 18.154976080173565 ], [ -94.600654380440673, 18.152055450364145 ], [ -94.601449400095987, 18.14332151020626 ], [ -94.597141710140832, 18.137968650214511 ], [ -94.60156915018662, 18.131563969913472 ], [ -94.584134429614778, 18.120374459635897 ], [ -94.587811380406109, 18.120008749571554 ], [ -94.584667879557614, 18.113700180348342 ], [ -94.589813540335655, 18.108300709765327 ], [ -94.587205309522261, 18.101376000259172 ], [ -94.594156820152733, 18.09634107983895 ], [ -94.613477539740813, 18.107504779633672 ], [ -94.61288900006258, 18.098648280020218 ], [ -94.626737480243833, 18.099902780204147 ], [ -94.628724549828306, 18.093638199757187 ], [ -94.639514799725831, 18.092386079736272 ], [ -94.645822690267465, 18.094895450142833 ], [ -94.653409520134005, 18.08939416996445 ], [ -94.660757820209213, 18.091042089606574 ], [ -94.661635320466473, 18.087728349741091 ], [ -94.663195180032218, 18.098333289872308 ], [ -94.669228569591453, 18.093835680331484 ], [ -94.667864289821935, 18.092733340175911 ], [ -94.66835008999945, 18.091546059587291 ], [ -94.671219579876166, 18.094302630267208 ], [ -94.676118450427424, 18.091957519632611 ], [ -94.676077710305762, 18.088615949968052 ], [ -94.678129280420933, 18.091139920396198 ], [ -94.675516750350837, 18.096734679875471 ], [ -94.685394519690476, 18.097176080335363 ], [ -94.68444166009364, 18.09923452022996 ], [ -94.688699620142771, 18.101034970379732 ], [ -94.689105200420627, 18.098055940472946 ], [ -94.693190650031084, 18.102441419759 ], [ -94.698804510252515, 18.098577090167641 ], [ -94.703052079961424, 18.105465520289005 ], [ -94.713041939730616, 18.10385848963174 ], [ -94.711192199920049, 18.11021490988125 ], [ -94.716468539628721, 18.109734110077557 ], [ -94.719379679937845, 18.114876149815952 ], [ -94.725994090427875, 18.114826449802415 ], [ -94.726678379664335, 18.119867060425399 ], [ -94.732909029703038, 18.115858050358103 ], [ -94.741951710250021, 18.11801717980315 ], [ -94.744982969607847, 18.124170459533541 ], [ -94.751018430220185, 18.127245660341472 ], [ -94.750126909935801, 18.13022111018093 ], [ -94.755157180282325, 18.130533979999285 ], [ -94.766056940147095, 18.138880620065461 ], [ -94.762711539890091, 18.141904170104556 ], [ -94.764465449707629, 18.148439659957784 ], [ -94.761491180429999, 18.151556950118103 ], [ -94.757387450380861, 18.150411889633613 ], [ -94.753425049704674, 18.156615819722948 ], [ -94.75196057015728, 18.165620110127112 ], [ -94.756029850209401, 18.165219749924212 ], [ -94.759382339564709, 18.171325719936796 ], [ -94.752689229711407, 18.179581150338112 ], [ -94.749691079749695, 18.175758850400971 ], [ -94.745909260258912, 18.178514169811372 ], [ -94.750155999664329, 18.191280119998318 ], [ -94.746108949704009, 18.193633220309284 ], [ -94.747974400044129, 18.196017109904027 ], [ -94.738509520144788, 18.197192090281195 ], [ -94.731771650231678, 18.193025739598216 ], [ -94.717715059533958, 18.202589109955831 ], [ -94.722965860374686, 18.214517430382262 ], [ -94.71476042990345, 18.220636259989526 ], [ -94.708389169706052, 18.221001419918689 ], [ -94.708539400067835, 18.225773629858988 ], [ -94.701240579576492, 18.226061820163228 ], [ -94.709836659851277, 18.226656659999133 ], [ -94.709991800288734, 18.233247000430147 ], [ -94.716290720354024, 18.230529710454995 ], [ -94.72385918000812, 18.235109540080451 ], [ -94.734758191183175, 18.253825615842533 ], [ -94.734521978290118, 18.263422736928845 ], [ -94.738378513321734, 18.270974649482156 ], [ -94.730091971795616, 18.287833608970875 ], [ -94.734327855467882, 18.301690285021706 ], [ -94.720685591963303, 18.309697771086348 ], [ -94.716833584787281, 18.321722845828674 ], [ -94.705498630673205, 18.327335923218431 ], [ -94.68927183063029, 18.348541261452496 ], [ -94.683005770429844, 18.350854689785439 ] ] ] } },
{ "type": "Feature", "properties": { "code": "30130", "stateCode": "30", "municipalityCode": "130", "name": "Playa Vicente" }, "geometry": { "type": "Polygon", "coordinates": [ [ [ -95.800014980012335, 17.94975750974708 ], [ -95.795519140046935, 17.927353479921251 ], [ -95.789677050421503, 17.936060920243303 ], [ -95.778411030202221, 17.931452819951268 ], [ -95.780524119973563, 17.927271969730086 ], [ -95.773633229978159, 17.924384110346161 ], [ -95.771880969803021, 17.92879034982623 ], [ -95.764977650052643, 17.925948850161049 ], [ -95.754974709734398, 17.928328479927632 ], [ -95.750396339656788, 17.923337260006925 ], [ -95.736138909798356, 17.923356719777725 ], [ -95.73259856995125, 17.919290740125454 ], [ -95.72774314985891, 17.920824079728362 ], [ -95.729006770172646, 17.915729750252073 ], [ -95.726102400264992, 17.918191080258641 ], [ -95.71524504990235, 17.917785659867874 ], [ -95.705701229791188, 17.912542139936125 ], [ -95.700921180450635, 17.908859829770556 ], [ -95.703656449679059, 17.902691169969174 ], [ -95.697960050064935, 17.896735570139128 ], [ -95.700333909678918, 17.890794380109512 ], [ -95.696787509598437, 17.88146645988386 ], [ -95.690925950109815, 17.885288480020176 ], [ -95.687027490461247, 17.882107219761185 ], [ -95.671491000136967, 17.885093910343095 ], [ -95.657136710425405, 17.892163289576843 ], [ -95.651939660379313, 17.909707570062697 ], [ -95.634124140247081, 17.900347060367377 ], [ -95.634284890361201, 17.893048770284114 ], [ -95.631730429544248, 17.891502620090201 ], [ -95.562740279836902, 17.883311549599679 ], [ -95.558950249780807, 17.886637080117001 ], [ -95.566963920440145, 17.892809939711171 ], [ -95.565777780337683, 17.902198849818078 ], [ -95.551274829583335, 17.89932926004705 ], [ -95.540233849597385, 17.900562000302003 ], [ -95.531444649923017, 17.905779200396296 ], [ -95.527693710443998, 17.900356910391519 ], [ -95.523079380030836, 17.899897849847097 ], [ -95.52215266012233, 17.888167580041536 ], [ -95.513195279749439, 17.877059619732876 ], [ -95.501791550080895, 17.877704019653905 ], [ -95.495918200115483, 17.873304580424957 ], [ -95.490257109727949, 17.873725349769444 ], [ -95.477606489982705, 17.85890498043905 ], [ -95.480374060337311, 17.84429272010372 ], [ -95.495619049958805, 17.844249249846655 ], [ -95.496995080425052, 17.832005139950322 ], [ -95.489781799864829, 17.835972829626844 ], [ -95.481094550120929, 17.835340889826877 ], [ -95.474117710037632, 17.822721019648249 ], [ -95.468737550343803, 17.821724350159077 ], [ -95.468660140030593, 17.81703737989903 ], [ -95.472410940417063, 17.817681429806875 ], [ -95.472555399895583, 17.804344020415751 ], [ -95.475215680021904, 17.801441750225003 ], [ -95.468578580367861, 17.773616861188156 ], [ -95.463427490343165, 17.769881260326176 ], [ -95.44643491958773, 17.773810490255499 ], [ -95.441652659641008, 17.767199349669067 ], [ -95.438673250099399, 17.767318859585782 ], [ -95.438717950363412, 17.756446909834505 ], [ -95.434628719981887, 17.755285180003337 ], [ -95.434161399534943, 17.74828772012707 ], [ -95.428977709690344, 17.748232820358417 ], [ -95.428293199983131, 17.737404342177022 ], [ -95.423830220348179, 17.731446062121403 ], [ -95.428578140293368, 17.725454122095414 ], [ -95.420656970297472, 17.724288259805626 ], [ -95.417733090345777, 17.721721779636326 ], [ -95.418553459872584, 17.716869380091744 ], [ -95.410315030239033, 17.715490490325724 ], [ -95.411659710036531, 17.712190200104409 ], [ -95.419123030386544, 17.709782220188135 ], [ -95.411993309929301, 17.702872489615572 ], [ -95.414477290120303, 17.696901279870168 ], [ -95.409753459729473, 17.693651940029806 ], [ -95.403160309718444, 17.695199950180044 ], [ -95.396384890282633, 17.689804880166445 ], [ -95.385116249593892, 17.6917663800314 ], [ -95.381209550321643, 17.687058519829716 ], [ -95.382417650308895, 17.683919280185442 ], [ -95.36861318030364, 17.682849629590724 ], [ -95.362316649887859, 17.674863519925477 ], [ -95.357569150426514, 17.677124169685271 ], [ -95.35386554017883, 17.674189969797769 ], [ -95.351207429869106, 17.678157859649666 ], [ -95.349961289547039, 17.673593889686458 ], [ -95.355739999744287, 17.671189180169321 ], [ -95.36789073977404, 17.673656249612055 ], [ -95.369655399530714, 17.669064380122428 ], [ -95.38680768987274, 17.663857289706364 ], [ -95.395323250175778, 17.651781199969435 ], [ -95.402960230116364, 17.652049620208093 ], [ -95.407162170120642, 17.643332089712079 ], [ -95.41029113999933, 17.643628580419232 ], [ -95.413033509693037, 17.651861090373878 ], [ -95.418501649824265, 17.644044050066192 ], [ -95.425489949510165, 17.647472490424899 ], [ -95.426827799682698, 17.636570349832802 ], [ -95.434227379349366, 17.635130860030689 ], [ -95.446107380384305, 17.621759800930594 ], [ -95.456077800014668, 17.623087769817829 ], [ -95.454458920179562, 17.611102720037749 ], [ -95.473141340060621, 17.609113020391042 ], [ -95.472449199728715, 17.60412919979704 ], [ -95.462689950045117, 17.596891820101678 ], [ -95.471381170146643, 17.594779489560427 ], [ -95.477442059566116, 17.588034080174133 ], [ -95.479792399803486, 17.588389690022922 ], [ -95.478301120236324, 17.595388150082396 ], [ -95.484179950199632, 17.601899481363446 ], [ -95.497650420028961, 17.591885879756752 ], [ -95.506317230325109, 17.590770550090273 ], [ -95.507179890435097, 17.588011880523215 ], [ -95.501829650156367, 17.585859939653837 ], [ -95.503677460191, 17.583773030479673 ], [ -95.514021230283888, 17.585453829608653 ], [ -95.514703140093133, 17.579707309893028 ], [ -95.52126619996028, 17.57703997965347 ], [ -95.51740231017628, 17.569618000031308 ], [ -95.524793220149419, 17.576024221271158 ], [ -95.526722819532125, 17.571616420209754 ], [ -95.550899970352035, 17.565604679712017 ], [ -95.553875580406356, 17.567146320277818 ], [ -95.553939979623436, 17.581069309745885 ], [ -95.564705680066922, 17.587883060084735 ], [ -95.563284680327286, 17.591273449661042 ], [ -95.566678150365817, 17.597423000173794 ], [ -95.511191969644003, 17.628327850196005 ], [ -95.520184919539062, 17.640042750354652 ], [ -95.520046939916696, 17.644358169878497 ], [ -95.523354800351385, 17.648008650447753 ], [ -95.526893829890554, 17.645913829980554 ], [ -95.530699320394405, 17.641087249947009 ], [ -95.526876829739152, 17.634547679983509 ], [ -95.533676109771818, 17.632702050311067 ], [ -95.534199399739293, 17.63733017979154 ], [ -95.548117980383353, 17.634520229859046 ], [ -95.550832419628989, 17.641159620185885 ], [ -95.546481080260065, 17.642780620112262 ], [ -95.551251430404676, 17.652587510347168 ], [ -95.57447582978638, 17.647585289696373 ], [ -95.579821800061239, 17.650043969618885 ], [ -95.580909419685185, 17.642745149653958 ], [ -95.587961339543554, 17.641308459704241 ], [ -95.58700408005916, 17.636680540280626 ], [ -95.59181822030925, 17.635965650177223 ], [ -95.596736170203499, 17.659963149968345 ], [ -95.589272879788254, 17.660729220220958 ], [ -95.592349089921115, 17.668224799589591 ], [ -95.596630619780981, 17.671328060216894 ], [ -95.600008170052718, 17.668590250079465 ], [ -95.602260520310637, 17.675856570370261 ], [ -95.598450939925897, 17.676334680312284 ], [ -95.602304219888666, 17.685641719924146 ], [ -95.60983603001138, 17.687557200234853 ], [ -95.612038219816171, 17.681905849670834 ], [ -95.626412350049335, 17.683844030153523 ], [ -95.623415180354897, 17.696453800363273 ], [ -95.625800690242869, 17.692531520044934 ], [ -95.63684228001496, 17.68910304991984 ], [ -95.651258980339634, 17.694889220145122 ], [ -95.65966243035561, 17.717792749965668 ], [ -95.65516582024992, 17.719317649629918 ], [ -95.66066430972424, 17.73207137990747 ], [ -95.674633579855453, 17.72752130981106 ], [ -95.682946200014612, 17.749251599637976 ], [ -95.686558950050511, 17.750630259580117 ], [ -95.720153340251443, 17.721093720247239 ], [ -95.735326880434755, 17.717233569868593 ], [ -95.749044980187278, 17.722651020343829 ], [ -95.752147660095744, 17.696940479860373 ], [ -95.758118800013676, 17.697867369760736 ], [ -95.759808309952078, 17.686181950248045 ], [ -95.766581029683081, 17.686961770402526 ], [ -95.773370340177379, 17.62382520039025 ], [ -95.782499820096533, 17.625773219837065 ], [ -95.781495460275266, 17.639027829836778 ], [ -95.785637220420398, 17.633443430198643 ], [ -95.800589830271804, 17.627624749934117 ], [ -95.809648030216323, 17.638171569971995 ], [ -95.805636399744643, 17.64344498012839 ], [ -95.808006319857924, 17.646800479920572 ], [ -95.830633540348799, 17.652625030406352 ], [ -95.844147570453529, 17.668480940047683 ], [ -95.844041540164, 17.673120650073958 ], [ -95.852906910189134, 17.675308480047217 ], [ -95.867511629770419, 17.68483933990467 ], [ -95.871018349761457, 17.702168919626015 ], [ -95.895293290288507, 17.704493949828727 ], [ -95.894020429298209, 17.712319980832888 ], [ -95.882847449567606, 17.717018650576527 ], [ -95.873396288989369, 17.717133831228452 ], [ -95.872809718806295, 17.727409051067912 ], [ -95.885604379377739, 17.726752741098132 ], [ -95.892634109949356, 17.720716820442309 ], [ -95.894817179843528, 17.727328430508763 ], [ -95.901510969160597, 17.72905626049824 ], [ -95.902863798764102, 17.734103719964313 ], [ -95.89767916868152, 17.748973289906608 ], [ -95.899024230046649, 17.75434509072366 ], [ -95.892633689348983, 17.760322690606248 ], [ -95.892924309388832, 17.765141321116019 ], [ -95.884779200190906, 17.771824490229641 ], [ -95.866390400357375, 17.774352829908487 ], [ -95.868955630210095, 17.796624939816361 ], [ -95.855785659863812, 17.805556800123696 ], [ -95.849336419722519, 17.825847919780802 ], [ -95.858550019650181, 17.839189220035198 ], [ -95.85881556997434, 17.844783490034629 ], [ -95.850204649735332, 17.844534319660507 ], [ -95.800014980012335, 17.94975750974708 ] ] ] } },
{ "type": "Feature", "properties": { "code": "30129", "stateCode": "30", "municipalityCode": "129", "name": "Platón Sánchez" }, "geometry": { "type": "Polygon", "coordinates": [ [ [ -98.392481289746584, 21.416057149716096 ], [ -98.37635873981624, 21.409353859854154 ], [ -98.386030259991088, 21.404277140170556 ], [ -98.385708859710704, 21.398453949914543 ], [ -98.398375450071839, 21.381184650249722 ], [ -98.386381950261082, 21.367901290221063 ], [ -98.377571250300335, 21.371618350008024 ], [ -98.362917000261774, 21.355095250345876 ], [ -98.368510969962998, 21.35092725014675 ], [ -98.364759779729511, 21.335084219619056 ], [ -98.375691580159483, 21.32588028995254 ], [ -98.371353250198055, 21.313779179684516 ], [ -98.382159579740247, 21.316358720215586 ], [ -98.389805850364866, 21.310124740354745 ], [ -98.388131339739445, 21.307083650428762 ], [ -98.378766340058164, 21.307850889970481 ], [ -98.365131369560601, 21.298865880407224 ], [ -98.36518893991088, 21.293681690330288 ], [ -98.373340709686047, 21.291795619679949 ], [ -98.377737490000342, 21.300740819883984 ], [ -98.381347909792268, 21.300609880167759 ], [ -98.380124310342197, 21.285412749852316 ], [ -98.363953749703725, 21.282595250354916 ], [ -98.363080350383527, 21.292810690321833 ], [ -98.348629659761841, 21.300591580437839 ], [ -98.337229980103331, 21.296909220257994 ], [ -98.338937290053678, 21.284800449670996 ], [ -98.331728019671033, 21.289688229674599 ], [ -98.321612430248805, 21.28644949009681 ], [ -98.304177170216576, 21.288590940452639 ], [ -98.302335139881038, 21.280069379878601 ], [ -98.295713999530733, 21.290080830234064 ], [ -98.28767217975799, 21.293441739847637 ], [ -98.287726399624006, 21.282184249851525 ], [ -98.277227090109207, 21.288732689828183 ], [ -98.271773579882549, 21.284259859876755 ], [ -98.275457350462432, 21.27694649003778 ], [ -98.256082739638288, 21.274060820396766 ], [ -98.262583290125036, 21.262331909875069 ], [ -98.26663382043003, 21.269298649592525 ], [ -98.270077879950975, 21.267788579916065 ], [ -98.266355309961611, 21.258338749621416 ], [ -98.253741179932064, 21.264457689683574 ], [ -98.250604489526566, 21.261394220411002 ], [ -98.252742980420209, 21.254184349816441 ], [ -98.258425799818369, 21.255158769812226 ], [ -98.26173234967338, 21.251102019540298 ], [ -98.25261571984008, 21.250155689830351 ], [ -98.248813110423782, 21.243640110289988 ], [ -98.249987549833719, 21.23849342037472 ], [ -98.256409510451846, 21.234632909985489 ], [ -98.25625739964029, 21.229660350417817 ], [ -98.293413979869442, 21.20262337975419 ], [ -98.292311829819923, 21.198803690102853 ], [ -98.298461890268413, 21.193201400055873 ], [ -98.295439369711815, 21.185723230445529 ], [ -98.296869779708146, 21.182594290087682 ], [ -98.299568140458859, 21.184128350042077 ], [ -98.297903370336428, 21.177402490317625 ], [ -98.30499995047532, 21.182956540013642 ], [ -98.308388050031752, 21.180531750173166 ], [ -98.309570919612199, 21.189409340388941 ], [ -98.320149580081363, 21.200218230052545 ], [ -98.335685340057466, 21.201190690114675 ], [ -98.335824089776864, 21.207514659646836 ], [ -98.339217689685455, 21.208107079933818 ], [ -98.33642177027447, 21.215491679841058 ], [ -98.347168260182741, 21.225105799978991 ], [ -98.349503819817443, 21.221888460260434 ], [ -98.353747150054929, 21.223519510058932 ], [ -98.351502940347714, 21.226768690341281 ], [ -98.355314020066302, 21.230608630441491 ], [ -98.368124030307968, 21.232244629672394 ], [ -98.369694430370359, 21.238737490066001 ], [ -98.3673884902624, 21.241102510364517 ], [ -98.374314290006481, 21.245474030043429 ], [ -98.371974649806376, 21.241999060377484 ], [ -98.376644720478339, 21.240781169854813 ], [ -98.380859489876883, 21.233822519958359 ], [ -98.383586310098764, 21.237294859937144 ], [ -98.380118820158259, 21.238963660270294 ], [ -98.384926059671372, 21.242183579806927 ], [ -98.38101217987851, 21.252721450125996 ], [ -98.399064430128959, 21.267373890060291 ], [ -98.409460400038256, 21.266034820043391 ], [ -98.413331520454008, 21.260590550109509 ], [ -98.423779859843606, 21.256939509744019 ], [ -98.433586720250531, 21.256638750320459 ], [ -98.432487889647859, 21.265722709941542 ], [ -98.444171139879657, 21.284809739685674 ], [ -98.449699419858945, 21.285123629692123 ], [ -98.45349702011795, 21.281376860087391 ], [ -98.461874179698199, 21.287051150376218 ], [ -98.463987429519989, 21.29172937987747 ], [ -98.458357539763767, 21.30372386027026 ], [ -98.463532539854867, 21.302199430185446 ], [ -98.465700219932614, 21.309176879942655 ], [ -98.477925749950074, 21.321077489823452 ], [ -98.481492850485708, 21.3175328897984 ], [ -98.483236569817322, 21.322956000193958 ], [ -98.486343179769904, 21.319189279992045 ], [ -98.489583970033195, 21.320581679576783 ], [ -98.491483819561282, 21.322712690245773 ], [ -98.487284110325888, 21.331551919914091 ], [ -98.493309310445824, 21.331943340135687 ], [ -98.494257080089682, 21.327760819797295 ], [ -98.497416539779579, 21.326753799710012 ], [ -98.495249599952913, 21.331611259888341 ], [ -98.497356940312329, 21.337232719590027 ], [ -98.485177749991067, 21.350149859964649 ], [ -98.478268399659143, 21.347417620112068 ], [ -98.477878169939402, 21.343761219899239 ], [ -98.464835460229665, 21.347763320191859 ], [ -98.463423059631481, 21.350835569816265 ], [ -98.46995976964017, 21.357538909572348 ], [ -98.466145510410314, 21.365489479818152 ], [ -98.468142149984644, 21.377319830354345 ], [ -98.464174940169812, 21.381274859654781 ], [ -98.453512600398227, 21.378739850159576 ], [ -98.447791179716589, 21.385598679566261 ], [ -98.459041999826368, 21.388793249746783 ], [ -98.454464720235109, 21.399316200123796 ], [ -98.442342339847059, 21.401702520067339 ], [ -98.441007629959742, 21.399916550219935 ], [ -98.446102340358081, 21.39726116965296 ], [ -98.435409539682993, 21.397327539561452 ], [ -98.436722649642249, 21.391082549937515 ], [ -98.426156019705928, 21.389683940446556 ], [ -98.421129399699097, 21.384213050387519 ], [ -98.419648200121983, 21.388026399621364 ], [ -98.413324720141489, 21.383432600170167 ], [ -98.409233200430705, 21.384353399944441 ], [ -98.406546120121547, 21.389106679798971 ], [ -98.410698339910951, 21.389546490289188 ], [ -98.411832540030403, 21.39338826044558 ], [ -98.409317689651388, 21.394654819705814 ], [ -98.407555740321584, 21.391632169601863 ], [ -98.402006250187924, 21.395837769571493 ], [ -98.409263429983312, 21.40149067981999 ], [ -98.402213340410455, 21.407185949990552 ], [ -98.396333720184174, 21.401961050083983 ], [ -98.39301958017252, 21.402839830422007 ], [ -98.397070910247464, 21.411247379841285 ], [ -98.392481289746584, 21.416057149716096 ] ] ] } },
{ "type": "Feature", "properties": { "code": "30125", "stateCode": "30", "municipalityCode": "125", "name": "Paso del Macho" }, "geometry": { "type": "Polygon", "coordinates": [ [ [ -96.643892770165891, 19.047330180212228 ], [ -96.646056020169425, 19.037229689741537 ], [ -96.664408659924788, 19.033338769865683 ], [ -96.66778008961802, 19.01993949030674 ], [ -96.641945829746916, 19.013573419601229 ], [ -96.636442550218476, 19.013474260398066 ], [ -96.635674309570391, 19.018910629554817 ], [ -96.61987351988941, 19.021913620712166 ], [ -96.619315580314151, 19.016020580164934 ], [ -96.611289859712343, 19.016605780408192 ], [ -96.610390509943713, 18.987602059618748 ], [ -96.614456419606725, 18.987672170302769 ], [ -96.616785920319103, 18.978147660077237 ], [ -96.632254059542561, 18.976554520069108 ], [ -96.604058860123885, 18.969731249676599 ], [ -96.616801690363687, 18.957747340448236 ], [ -96.613339820094126, 18.950344230069337 ], [ -96.603677280132359, 18.961771449673403 ], [ -96.600323109600012, 18.955033819644697 ], [ -96.59304374954155, 18.95470077003813 ], [ -96.590608489833642, 18.958313800078066 ], [ -96.577577489709626, 18.960550769833294 ], [ -96.543939629662319, 18.954287089647991 ], [ -96.536819939706817, 18.959911909828858 ], [ -96.535295289613856, 18.955122320062621 ], [ -96.531386150117783, 18.956136710352943 ], [ -96.533033480131266, 18.952403969907898 ], [ -96.519728679728189, 18.952049539732748 ], [ -96.500349779553375, 18.939000370129513 ], [ -96.495410109572703, 18.938746939791915 ], [ -96.49200294963903, 18.934036579831954 ], [ -96.466620340062661, 18.939534430338771 ], [ -96.467725579648572, 18.929971379667577 ], [ -96.499963940466841, 18.928636780118985 ], [ -96.50114226002151, 18.924103539635119 ], [ -96.495409850207579, 18.915536980179692 ], [ -96.503726080214122, 18.917347399674917 ], [ -96.509051950201027, 18.922418019921249 ], [ -96.520287819518373, 18.91919291022851 ], [ -96.516283940235567, 18.912485620168376 ], [ -96.511514120341445, 18.914678429631447 ], [ -96.507185719906346, 18.91127482979849 ], [ -96.502223709571254, 18.913505260054798 ], [ -96.493988599944814, 18.911200659875814 ], [ -96.497361290154629, 18.901361170321611 ], [ -96.506529089550099, 18.899520920284928 ], [ -96.512786509545535, 18.902023090405624 ], [ -96.51473631964393, 18.906248519661251 ], [ -96.529484749656106, 18.905908510174797 ], [ -96.528825679696055, 18.908746969836486 ], [ -96.538884780464841, 18.90672522988832 ], [ -96.535637980089476, 18.90539132019196 ], [ -96.531686019857545, 18.892074260238854 ], [ -96.524130259553687, 18.882426250238041 ], [ -96.512710150051035, 18.876861889994284 ], [ -96.516458719904321, 18.870122910011844 ], [ -96.528108049882732, 18.864574290429871 ], [ -96.531535059822531, 18.865718320008813 ], [ -96.544207709941105, 18.876015980254852 ], [ -96.548983030434371, 18.876003619992051 ], [ -96.547217000078987, 18.878261199760338 ], [ -96.550443939622042, 18.881959570437946 ], [ -96.563541650425265, 18.881008179575133 ], [ -96.568567780221571, 18.889265890351997 ], [ -96.572207629575175, 18.889132199707522 ], [ -96.568021319642071, 18.87944481955622 ], [ -96.571092950042569, 18.881922879910388 ], [ -96.573716379576297, 18.876569660026767 ], [ -96.585831309806522, 18.879180650445601 ], [ -96.588146800327522, 18.87733025997133 ], [ -96.585115749846437, 18.874359119558193 ], [ -96.590882859602615, 18.876646679690854 ], [ -96.600590059956872, 18.888442479692991 ], [ -96.617379379842149, 18.887445280161725 ], [ -96.62791194011443, 18.883919910405801 ], [ -96.625490720045633, 18.879893140184738 ], [ -96.644645580271913, 18.873876290113774 ], [ -96.635400820369227, 18.86429786001937 ], [ -96.635962249847324, 18.860341429918254 ], [ -96.642788979807861, 18.858606800376918 ], [ -96.642937740091199, 18.855458170004862 ], [ -96.63637328958329, 18.852206599649708 ], [ -96.640043280285767, 18.847386649808861 ], [ -96.642357970183113, 18.85178584963597 ], [ -96.648015550355254, 18.847989520389493 ], [ -96.648086420149937, 18.852081509939897 ], [ -96.659404599592904, 18.85376434954761 ], [ -96.66063224986641, 18.856551720408238 ], [ -96.668666650095503, 18.847464380370401 ], [ -96.670903169916798, 18.851063710149447 ], [ -96.674002450289976, 18.848613510170257 ], [ -96.67458782044865, 18.851591919891817 ], [ -96.690175490201412, 18.853659630128988 ], [ -96.711662520177313, 18.848469200095341 ], [ -96.733094229775858, 18.867769979919554 ], [ -96.735510679925184, 18.871775830119603 ], [ -96.733829019591738, 18.880447830070857 ], [ -96.739174979588668, 18.883988339557519 ], [ -96.738244710298744, 18.887679429735094 ], [ -96.744555920203339, 18.892866570137063 ], [ -96.74507396998132, 18.89815663038755 ], [ -96.75205067970721, 18.900288949671989 ], [ -96.754979120236172, 18.913276630415709 ], [ -96.759404659847334, 18.915120949952158 ], [ -96.76562881964243, 18.934832430111847 ], [ -96.772177489841965, 18.936832110289412 ], [ -96.794922820150163, 18.996097089620324 ], [ -96.799581509871743, 19.00157085968134 ], [ -96.806571650094128, 18.996178919930546 ], [ -96.810158489613713, 19.00087402982312 ], [ -96.81451633971075, 18.999194220072166 ], [ -96.814891800089697, 19.008889860230731 ], [ -96.808082120188772, 19.014073079986144 ], [ -96.808327219557754, 19.020978779884775 ], [ -96.80339813976498, 19.027655550029035 ], [ -96.798624879940562, 19.026547429721436 ], [ -96.796433720364845, 19.029222520459019 ], [ -96.795075369757512, 19.02506301997262 ], [ -96.791620080314289, 19.026568309676904 ], [ -96.773245139807031, 19.02116417026614 ], [ -96.755141979735114, 19.021894399876764 ], [ -96.74270368034199, 19.026723650166801 ], [ -96.72335190962157, 19.020469199741111 ], [ -96.707736419950365, 19.021187490237512 ], [ -96.685256169613567, 19.038750029541735 ], [ -96.677065279598352, 19.040940249574255 ], [ -96.674851049828405, 19.047832510304918 ], [ -96.670788830252391, 19.045990580446112 ], [ -96.671384320013232, 19.042573049566055 ], [ -96.664204089547496, 19.043864140375359 ], [ -96.663507429538313, 19.041102780421095 ], [ -96.643892770165891, 19.047330180212228 ] ] ] } },
{ "type": "Feature", "properties": { "code": "30124", "stateCode": "30", "municipalityCode": "124", "name": "Papantla" }, "geometry": { "type": "Polygon", "coordinates": [ [ [ -97.185111310355012, 20.673185480256436 ], [ -97.180327979811906, 20.670385949691671 ], [ -97.165407420061314, 20.641712429568543 ], [ -97.131561740085388, 20.599829550248309 ], [ -97.143503120397995, 20.598999079649129 ], [ -97.148438829808029, 20.594389980287467 ], [ -97.15562277032214, 20.598410000130396 ], [ -97.159425419581979, 20.592549859746768 ], [ -97.159018859780005, 20.585558169868904 ], [ -97.167944310162184, 20.585904600439822 ], [ -97.17154884955616, 20.579693059670504 ], [ -97.180326150042674, 20.576441830110113 ], [ -97.178965949638155, 20.571882090315384 ], [ -97.181256139797739, 20.570295660149238 ], [ -97.187738080350215, 20.572360230019271 ], [ -97.192390249762468, 20.563349059617856 ], [ -97.183278420339505, 20.552314859857415 ], [ -97.188868579965103, 20.543553479754646 ], [ -97.21284489036772, 20.536872750303491 ], [ -97.215559349912425, 20.527426980177609 ], [ -97.181904939527286, 20.522814109793117 ], [ -97.174901249848773, 20.516443230306319 ], [ -97.174902860034422, 20.505335119659751 ], [ -97.170356600253157, 20.506471430372006 ], [ -97.166549179935316, 20.503279200211651 ], [ -97.159921260115766, 20.507158449622967 ], [ -97.156296030346311, 20.503689549680992 ], [ -97.151341599936671, 20.506962799876536 ], [ -97.153069349958784, 20.495555569573607 ], [ -97.145608079897642, 20.496501830354596 ], [ -97.150634339693198, 20.483189579878214 ], [ -97.159537819833886, 20.479896030447083 ], [ -97.158400540389309, 20.465146029656307 ], [ -97.164819940199834, 20.459220180450696 ], [ -97.174543579987343, 20.462545879612655 ], [ -97.181715449535815, 20.460319199671584 ], [ -97.177001710069987, 20.455342890259342 ], [ -97.176308049651894, 20.446578459841511 ], [ -97.190048910298913, 20.449436620159105 ], [ -97.190513950075271, 20.434744480266623 ], [ -97.183144290402026, 20.434012540068416 ], [ -97.186470369686319, 20.414710449924705 ], [ -97.181921999841478, 20.411832290156461 ], [ -97.181427799579268, 20.414695880106223 ], [ -97.178571739820811, 20.410797229570402 ], [ -97.174869920000958, 20.398410110338602 ], [ -97.167380630285294, 20.398311709991894 ], [ -97.166772030473325, 20.395645919725187 ], [ -97.163141429814189, 20.397395880312608 ], [ -97.164412449993932, 20.388564310006224 ], [ -97.150212679646998, 20.386089340130457 ], [ -97.141707510272994, 20.37631124995665 ], [ -97.146427849555081, 20.359085060189646 ], [ -97.141643649608199, 20.352843339842831 ], [ -97.140889000425773, 20.344857149623476 ], [ -97.146819950012841, 20.343213489736225 ], [ -97.145115199824801, 20.33791212043597 ], [ -97.155539079805337, 20.329111579602262 ], [ -97.160512380303885, 20.333571600104204 ], [ -97.162048369703967, 20.331704689897389 ], [ -97.15282076975133, 20.324227510318092 ], [ -97.154632599798191, 20.317763429698239 ], [ -97.148591280230846, 20.318437680319512 ], [ -97.144814950035425, 20.313420319957689 ], [ -97.135639310022839, 20.311247580292452 ], [ -97.137944419615522, 20.304234019926405 ], [ -97.132981950452248, 20.302169149780894 ], [ -97.134541490124064, 20.298679859826784 ], [ -97.130196219674161, 20.298251850053219 ], [ -97.130323030225043, 20.300942060444957 ], [ -97.122386459781211, 20.304850800162345 ], [ -97.109499450037887, 20.301417420025032 ], [ -97.109684860258284, 20.295169750003136 ], [ -97.102586030244268, 20.286788570045267 ], [ -97.104355450448566, 20.270879800135916 ], [ -97.101343879690191, 20.263441319819936 ], [ -97.104817260135889, 20.254965910441065 ], [ -97.111789490290462, 20.254800449855061 ], [ -97.127622460379399, 20.246208770170483 ], [ -97.12470505986029, 20.24457755003165 ], [ -97.12839113965083, 20.240876169643297 ], [ -97.122450949769387, 20.239164770435593 ], [ -97.126736659770145, 20.230369079685531 ], [ -97.13225678032299, 20.229994369996511 ], [ -97.132676309562171, 20.223353709907595 ], [ -97.129166820441569, 20.221267510260262 ], [ -97.132372939537873, 20.218606249983427 ], [ -97.123920349587891, 20.216868749635502 ], [ -97.126376090204559, 20.21416457021293 ], [ -97.122702909582472, 20.212002200373139 ], [ -97.130688110274662, 20.206726029898416 ], [ -97.128779710146546, 20.202185860438213 ], [ -97.135787450271891, 20.201444660293529 ], [ -97.139467519720071, 20.195359659931523 ], [ -97.137796859983695, 20.189602520359422 ], [ -97.141234110281061, 20.186693450116159 ], [ -97.14688728992499, 20.162281510404977 ], [ -97.161008429947429, 20.160717050339535 ], [ -97.164413429677282, 20.151831549567294 ], [ -97.228509049952351, 20.172617059837883 ], [ -97.242392630206425, 20.174477509995111 ], [ -97.244041150097203, 20.18227859964113 ], [ -97.250553149964389, 20.17808291985213 ], [ -97.259621089640319, 20.180547379631225 ], [ -97.26193108004756, 20.177548969631495 ], [ -97.270543919917742, 20.18751897985894 ], [ -97.283191260437505, 20.181112059675407 ], [ -97.285281739720105, 20.190730709693725 ], [ -97.371652710032194, 20.219115510066086 ], [ -97.373519710318732, 20.223604619824393 ], [ -97.377795720082702, 20.223088549828187 ], [ -97.374211320313918, 20.243006340430334 ], [ -97.379282910031279, 20.249568690024663 ], [ -97.380025180367014, 20.258395080430315 ], [ -97.394335910103749, 20.267051740369208 ], [ -97.401228340084472, 20.282124509846987 ], [ -97.407401340064396, 20.27863771039825 ], [ -97.40600253953906, 20.290337400236684 ], [ -97.409183289929786, 20.29945592018791 ], [ -97.399239800020624, 20.304251799958646 ], [ -97.409766029740084, 20.310019050345485 ], [ -97.41605272033101, 20.307747350007563 ], [ -97.433015799547007, 20.323689030064795 ], [ -97.445501510237932, 20.327636719650325 ], [ -97.447363860108197, 20.325064380200697 ], [ -97.452744920456524, 20.326190320359963 ], [ -97.449789139534658, 20.329711200197469 ], [ -97.455251109709366, 20.332470489747529 ], [ -97.458712769669233, 20.328604450221896 ], [ -97.470318490118487, 20.327521480138397 ], [ -97.515878380397069, 20.3394758195702 ], [ -97.51025491028328, 20.353090939918399 ], [ -97.51922385952534, 20.363425550385749 ], [ -97.519135059577167, 20.367149799718174 ], [ -97.515537579763802, 20.367574289907239 ], [ -97.515824259988079, 20.376508539615212 ], [ -97.501268510055667, 20.376714419972799 ], [ -97.497799230181442, 20.368255709955623 ], [ -97.472652110216998, 20.3545969397051 ], [ -97.468509939887497, 20.368289579856317 ], [ -97.474736339823863, 20.372318459633568 ], [ -97.474674229798964, 20.383004139596633 ], [ -97.466201980355166, 20.390496970321841 ], [ -97.465996859722978, 20.401067599816784 ], [ -97.46425139952332, 20.398671920222093 ], [ -97.461484059918007, 20.403931290361566 ], [ -97.464693489892085, 20.408103859802623 ], [ -97.469685180165001, 20.404268060437992 ], [ -97.478688179659557, 20.406128620442537 ], [ -97.480263289987349, 20.410571829623478 ], [ -97.457204519869094, 20.414248459947419 ], [ -97.454214139680587, 20.421410349777446 ], [ -97.450451259608343, 20.41741355018134 ], [ -97.447822120399252, 20.426366170385688 ], [ -97.442448399860226, 20.427980569990538 ], [ -97.451938379556154, 20.430468060202777 ], [ -97.447746319532342, 20.456488539887612 ], [ -97.441046030333354, 20.45897818024886 ], [ -97.438181339527901, 20.456024049945562 ], [ -97.436206220278024, 20.460434949750177 ], [ -97.417888659597821, 20.461032979573961 ], [ -97.399250399634894, 20.469631910000309 ], [ -97.399304089752874, 20.477038459680006 ], [ -97.393502519888742, 20.480156220177889 ], [ -97.404035090048581, 20.487668629883338 ], [ -97.399886090269163, 20.504321920216075 ], [ -97.408531829871322, 20.545657889938315 ], [ -97.411587889566448, 20.546117230013067 ], [ -97.409402379673111, 20.553496659739114 ], [ -97.413383540253477, 20.567058000089109 ], [ -97.420236249979013, 20.579596319636575 ], [ -97.425593950132324, 20.585043779774988 ], [ -97.430452020075009, 20.585180689799564 ], [ -97.430387970121814, 20.589570030007117 ], [ -97.433197659896024, 20.586747780173425 ], [ -97.436979739751166, 20.588517290299805 ], [ -97.44090357045593, 20.595335650397924 ], [ -97.437027030009787, 20.601461770400373 ], [ -97.422407570426344, 20.604611710406807 ], [ -97.415996850203527, 20.615523620010698 ], [ -97.409995140125872, 20.614238370165648 ], [ -97.413475620490289, 20.625051079683256 ], [ -97.401965030093933, 20.622815879647366 ], [ -97.399451629803693, 20.627846080072853 ], [ -97.400872480150412, 20.634087830338991 ], [ -97.394112720347465, 20.64312753977681 ], [ -97.380533259983778, 20.64895585003643 ], [ -97.379609690059851, 20.654847659973186 ], [ -97.365825049715795, 20.651782319553128 ], [ -97.358179179907822, 20.653854919912312 ], [ -97.351015480307865, 20.649217680210608 ], [ -97.343158919699277, 20.651572860100888 ], [ -97.341965599507873, 20.655900420360737 ], [ -97.326743600124033, 20.652268369866832 ], [ -97.322901910135144, 20.656501890232072 ], [ -97.309668139733816, 20.658298980256159 ], [ -97.30655202959808, 20.662342030102664 ], [ -97.299641379688651, 20.65449752035801 ], [ -97.296941549509071, 20.655270480255041 ], [ -97.295007350450689, 20.647646369892446 ], [ -97.289408109864425, 20.645720310396342 ], [ -97.295125120405274, 20.643063980014439 ], [ -97.295818029926068, 20.638211689564407 ], [ -97.302128449541144, 20.638082429631623 ], [ -97.305126020185554, 20.6339669997793 ], [ -97.299443619567043, 20.627587819603033 ], [ -97.292316049909331, 20.626690920370695 ], [ -97.293681740088857, 20.617132490380932 ], [ -97.283828920332553, 20.615739850454361 ], [ -97.277820970162821, 20.619662600366532 ], [ -97.280692379611253, 20.62549473985764 ], [ -97.279541080429695, 20.631483339783159 ], [ -97.263554920110664, 20.64425705020524 ], [ -97.261502540217265, 20.649240830243787 ], [ -97.264141710201173, 20.654281939584017 ], [ -97.252247979969837, 20.655511720277865 ], [ -97.250397830440207, 20.6595724899136 ], [ -97.2433500497593, 20.653955400392562 ], [ -97.230865770082303, 20.660272549599156 ], [ -97.225544689668425, 20.654951260078807 ], [ -97.212347779579233, 20.653747249592833 ], [ -97.203373319836459, 20.664610259802945 ], [ -97.199173979744401, 20.665123549666301 ], [ -97.201936519600096, 20.66746513994817 ], [ -97.201226770336078, 20.672761350008464 ], [ -97.194304320312938, 20.673373460313897 ], [ -97.190284259808848, 20.670481679575602 ], [ -97.185111310355012, 20.673185480256436 ] ] ] } },
{ "type": "Feature", "properties": { "code": "30127", "stateCode": "30", "municipalityCode": "127", "name": "La Perla" }, "geometry": { "type": "Polygon", "coordinates": [ [ [ -97.193373999843587, 19.053435370385181 ], [ -97.195597799934049, 19.041342880317327 ], [ -97.185914859749957, 19.03868352005075 ], [ -97.175776719926773, 19.029378429738383 ], [ -97.176046080064793, 19.024734480348251 ], [ -97.170606050333205, 19.023494980024513 ], [ -97.163228460298939, 19.01133388042005 ], [ -97.157692830201171, 19.010983710437863 ], [ -97.15372036980132, 19.004891149818864 ], [ -97.132510250109306, 18.999965750121437 ], [ -97.129523350375152, 18.996430939893205 ], [ -97.12289359971696, 18.998394109702822 ], [ -97.111212509732269, 18.989130850287705 ], [ -97.10383517002893, 18.989858170020433 ], [ -97.111276629977851, 18.979060400331075 ], [ -97.123459679958785, 18.977247220271281 ], [ -97.127695679739119, 18.970847050158724 ], [ -97.123881879529222, 18.960456829961021 ], [ -97.120338939885571, 18.959540170059981 ], [ -97.121257020223936, 18.948993679605593 ], [ -97.112961400442927, 18.942677650047095 ], [ -97.094252709948165, 18.936979949843902 ], [ -97.087135860430735, 18.919503079788228 ], [ -97.106520829972752, 18.910830889907377 ], [ -97.111364179955402, 18.920780939821956 ], [ -97.110790579593584, 18.926461399817814 ], [ -97.114635819775842, 18.930180519720867 ], [ -97.119195229540779, 18.925235510083066 ], [ -97.125319620379756, 18.925121110362937 ], [ -97.123497890168309, 18.920977179837887 ], [ -97.126279250409596, 18.919261319593168 ], [ -97.135005620449448, 18.921338549985141 ], [ -97.13997945958883, 18.938383120303946 ], [ -97.160503079563142, 18.955534169611312 ], [ -97.165714089694788, 18.958680950179112 ], [ -97.181698860390924, 18.957754690066313 ], [ -97.201758780418885, 18.966885079932517 ], [ -97.20888582998333, 18.96699655031281 ], [ -97.209025850239868, 18.962111419886405 ], [ -97.214526379837594, 18.963549420112638 ], [ -97.219792049757984, 18.973543540137296 ], [ -97.231097230466347, 18.980800969706689 ], [ -97.231789749599102, 18.974789420034156 ], [ -97.236171479870094, 18.974683580193535 ], [ -97.237053570394849, 18.971039420294066 ], [ -97.23478754032476, 18.963274659899138 ], [ -97.237252259812777, 18.961627340148343 ], [ -97.238162030348988, 18.964905510312235 ], [ -97.242691020215901, 18.966465150064575 ], [ -97.239783920197127, 18.960946169936154 ], [ -97.241197679874034, 18.953883910353792 ], [ -97.244351150158749, 18.954381119756459 ], [ -97.241239349846211, 18.949558020135086 ], [ -97.255174539771389, 18.944049139855807 ], [ -97.259204049765458, 18.962074660373759 ], [ -97.256484080011745, 18.971581950036015 ], [ -97.258258920457436, 18.977714219816001 ], [ -97.285125770358164, 18.999430850401033 ], [ -97.277229949834791, 19.014949139651023 ], [ -97.267187540134998, 19.029807509996459 ], [ -97.24095452008001, 19.04520602991369 ], [ -97.224346579698391, 19.044769479944286 ], [ -97.221229419636614, 19.049580940315266 ], [ -97.214256829975753, 19.045925979666929 ], [ -97.193373999843587, 19.053435370385181 ] ] ] } },
{ "type": "Feature", "properties": { "code": "30123", "stateCode": "30", "municipalityCode": "123", "name": "Pánuco" }, "geometry": { "type": "Polygon", "coordinates": [ [ [ -98.217822029149076, 22.471652251122784 ], [ -98.207002479165467, 22.46402383098771 ], [ -98.193552850274145, 22.468721201102397 ], [ -98.199884678793907, 22.449035879588632 ], [ -98.189743199732902, 22.441790519603234 ], [ -98.190453200310003, 22.429563721148494 ], [ -98.187485489359034, 22.423868510135204 ], [ -98.173457658780762, 22.418348971021164 ], [ -98.163287249730061, 22.409984830475956 ], [ -98.151560200420036, 22.412944629929871 ], [ -98.113535969588455, 22.39530328093262 ], [ -98.111865679326343, 22.378152181149858 ], [ -98.106213119072663, 22.366712310808438 ], [ -98.09549367896004, 22.372694450849568 ], [ -98.086015309069168, 22.370153659706347 ], [ -98.074263309843104, 22.347781200919954 ], [ -98.059451719097893, 22.346377030363627 ], [ -98.053960490174617, 22.355540170781435 ], [ -98.02847211016531, 22.358392090579937 ], [ -98.021074459110579, 22.352783580355826 ], [ -98.01290141982588, 22.353279509652726 ], [ -98.000710108577167, 22.348157050887789 ], [ -97.990020249058347, 22.350863820170428 ], [ -97.985242969033237, 22.341178081254935 ], [ -97.970405429805623, 22.332897780141316 ], [ -97.970509738734776, 22.32805022090719 ], [ -97.982785950239418, 22.311052950868849 ], [ -97.983979908705336, 22.304671259674915 ], [ -97.99894939881365, 22.314326751074177 ], [ -97.997646619999642, 22.302678480792075 ], [ -98.000324048998365, 22.297432490641036 ], [ -97.992664150323165, 22.292774710443322 ], [ -97.986938849319486, 22.301634980701078 ], [ -97.983093968698356, 22.298930450728221 ], [ -97.982707829052003, 22.302613510497761 ], [ -97.971458110235801, 22.296189450194586 ], [ -97.956707617373667, 22.293892371396112 ], [ -97.95386294024037, 22.287041980743442 ], [ -97.931660649629947, 22.271046571236948 ], [ -97.934595088531651, 22.254594050705492 ], [ -97.925679619453788, 22.250678571196172 ], [ -97.916790429405523, 22.252593091088404 ], [ -97.920284119478524, 22.246004220559488 ], [ -97.917939659671831, 22.23998583100499 ], [ -97.902418889658364, 22.233343449661572 ], [ -97.894962461136643, 22.222378437528597 ], [ -97.913022880300417, 22.220736539568183 ], [ -97.935086179957111, 22.208157829854663 ], [ -97.944708080323011, 22.20620837030555 ], [ -97.962979890364096, 22.206843399896407 ], [ -97.982222509787306, 22.212882449676421 ], [ -97.991082740247478, 22.210836510403695 ], [ -98.003987199546827, 22.200384089586507 ], [ -98.015939230397194, 22.182444059891946 ], [ -98.01245391040969, 22.168627740453555 ], [ -98.000290620195372, 22.157898349705277 ], [ -97.999620649796611, 22.151833689888399 ], [ -98.018562050274184, 22.145088309651857 ], [ -98.02967444998599, 22.132067489695068 ], [ -98.039148429935366, 22.129261540161483 ], [ -98.043115539694838, 22.134975349825115 ], [ -98.038974629516474, 22.144100770245288 ], [ -98.043766710491028, 22.148342649728306 ], [ -98.057613230472811, 22.147573019741472 ], [ -98.065778680458337, 22.141319779914991 ], [ -98.065364599640716, 22.13257752006146 ], [ -98.041117449586892, 22.122911739796496 ], [ -98.040087649667441, 22.112709479737951 ], [ -98.043501710254006, 22.102446749617204 ], [ -98.05193213978454, 22.101216220035994 ], [ -98.083820019885039, 22.114638999682597 ], [ -98.08875145022995, 22.113096750240157 ], [ -98.089234369755218, 22.104840339914936 ], [ -98.081804049862598, 22.096803680276935 ], [ -98.066111180444778, 22.091530539624415 ], [ -98.039219970129025, 22.088045250092037 ], [ -98.030960089986891, 22.067552199811932 ], [ -98.02646239972195, 22.064358660275261 ], [ -98.021968879604202, 22.064403229611969 ], [ -98.018091820179379, 22.070261340161554 ], [ -98.013394150007059, 22.067173279725321 ], [ -98.009476090136999, 22.072950490115076 ], [ -98.006552889757486, 22.069824980078824 ], [ -98.017143090471322, 22.050195910440987 ], [ -98.021144199673643, 22.053615629794237 ], [ -98.028112019798385, 22.053436549918757 ], [ -98.024701970478461, 22.040136659911024 ], [ -98.026364620029256, 22.036801379943689 ], [ -98.021761520258394, 22.031700050163295 ], [ -98.025748250221696, 22.027530319872952 ], [ -98.043580910057173, 22.022379719773717 ], [ -98.049778969817481, 22.013403259601464 ], [ -98.054398370049839, 22.014994059923655 ], [ -98.054867169941829, 22.019951880367604 ], [ -98.066286059792745, 22.023373689962792 ], [ -98.077765550206863, 22.015625459605296 ], [ -98.080957580283908, 22.007682020386284 ], [ -98.0715418802789, 21.999878949888782 ], [ -98.073030720030118, 21.992951630437574 ], [ -98.08135971995587, 21.986435259955336 ], [ -98.085721620121404, 21.988041029599248 ], [ -98.088433450098833, 21.982901449824631 ], [ -98.094661260179805, 21.987378020218472 ], [ -98.101207179728945, 21.980524120125725 ], [ -98.112459879629569, 21.97577654969264 ], [ -98.099358080067432, 21.971428109632562 ], [ -98.10290307965542, 21.965789029648466 ], [ -98.099655519835963, 21.963495079614518 ], [ -98.096497289628957, 21.965262399900588 ], [ -98.09285250998154, 21.954120980322465 ], [ -98.09871154004253, 21.954246059948897 ], [ -98.102378310031156, 21.946978219609672 ], [ -98.110722920231638, 21.942645689930298 ], [ -98.116984689583774, 21.943047679912784 ], [ -98.122647740257207, 21.937219890263059 ], [ -98.12176191040669, 21.919932480335838 ], [ -98.116428779649297, 21.917497879782314 ], [ -98.114484250100389, 21.911861970157446 ], [ -98.111367889608204, 21.913016620089596 ], [ -98.106070249682958, 21.89995543040251 ], [ -98.097545079869164, 21.89308457966527 ], [ -98.102980419775378, 21.891591919695898 ], [ -98.099493310160966, 21.889241750309726 ], [ -98.100670579818555, 21.880085659687285 ], [ -98.09629641952931, 21.880265049857279 ], [ -98.097793430409908, 21.877038829731713 ], [ -98.09396282966442, 21.874054889881538 ], [ -98.088308740419535, 21.876017970380133 ], [ -98.092671549920283, 21.871819860421198 ], [ -98.085836599964566, 21.864972649970969 ], [ -98.089750779645428, 21.861322170398822 ], [ -98.086305380408263, 21.856986879683248 ], [ -98.089537479983775, 21.854158230010022 ], [ -98.096757889920553, 21.859855520164302 ], [ -98.099465060188862, 21.854432399961869 ], [ -98.097463749610384, 21.850529890211199 ], [ -98.122562120012617, 21.844638319767554 ], [ -98.125762220127527, 21.840446350156238 ], [ -98.124821980072852, 21.834958740426135 ], [ -98.129461910166015, 21.831815060011397 ], [ -98.127121079668669, 21.822110830224247 ], [ -98.123718090109946, 21.82238983001178 ], [ -98.125227089913281, 21.812367419922509 ], [ -98.119919149530688, 21.813937779907686 ], [ -98.122988480249546, 21.810734369829969 ], [ -98.119577780378094, 21.808687780438614 ], [ -98.122993920325939, 21.799707120208186 ], [ -98.120352520429066, 21.794358249921732 ], [ -98.126852849541692, 21.780820280313844 ], [ -98.131441649937173, 21.780688260252482 ], [ -98.133608750323376, 21.784394910284679 ], [ -98.143827649747095, 21.774575910166682 ], [ -98.146447539967099, 21.766699519740399 ], [ -98.145454969665778, 21.75027108024516 ], [ -98.137499849644911, 21.743344110210881 ], [ -98.156272620013866, 21.73657871998995 ], [ -98.150712969849337, 21.733765480108534 ], [ -98.142154579975411, 21.735115400343929 ], [ -98.142713460380449, 21.728976380194123 ], [ -98.137864909664984, 21.724900109959634 ], [ -98.148678979943639, 21.726338420202506 ], [ -98.147369230154681, 21.718183379724763 ], [ -98.152676830371377, 21.716335909633532 ], [ -98.152420800348153, 21.71143558040373 ], [ -98.157160059962607, 21.709340429846613 ], [ -98.181402910221252, 21.714635650369495 ], [ -98.18829076972952, 21.714612680409704 ], [ -98.191297430045324, 21.711521420108657 ], [ -98.190731580152232, 21.717384539755283 ], [ -98.205054349733686, 21.721830579757331 ], [ -98.204810449795517, 21.716779020294908 ], [ -98.210038629799058, 21.717518290409398 ], [ -98.210209549689438, 21.712020449997731 ], [ -98.225180000276978, 21.714262339702991 ], [ -98.227406890055022, 21.703632519578068 ], [ -98.242404219946366, 21.705672140402751 ], [ -98.243314709756987, 21.702883430240917 ], [ -98.259205860362584, 21.699062029998167 ], [ -98.259945969694982, 21.701317940181422 ], [ -98.312977619707098, 21.689409770277237 ], [ -98.309872000179283, 21.709832290188402 ], [ -98.3217188899294, 21.708215229636156 ], [ -98.30537945990892, 21.825072859555089 ], [ -98.392132250195218, 21.81871488039242 ], [ -98.39649883027684, 21.830552539940754 ], [ -98.414961690456067, 21.831392150117683 ], [ -98.410979769773789, 21.833126919840723 ], [ -98.410043200302823, 21.838021219949461 ], [ -98.402376380290434, 21.839074199646994 ], [ -98.405749370273355, 21.841203649771387 ], [ -98.404838290384674, 21.854368459999392 ], [ -98.409442850055058, 21.860353399697587 ], [ -98.404996859772922, 21.861236999908037 ], [ -98.409119779993517, 21.876683480290684 ], [ -98.418475060017727, 21.883660379909006 ], [ -98.421680090150502, 21.880637340236934 ], [ -98.425061460377165, 21.881881800108456 ], [ -98.424803400045448, 21.886052419743439 ], [ -98.431152889954902, 21.890571780176174 ], [ -98.432240679737262, 21.887904289888571 ], [ -98.438280369672512, 21.887496450311538 ], [ -98.441140340190785, 21.87388010957816 ], [ -98.45049508958877, 21.874871429783244 ], [ -98.470919579950476, 21.852352260358362 ], [ -98.47922193987867, 21.856798820125167 ], [ -98.478030880365665, 21.854523049757766 ], [ -98.48702990995335, 21.854894709808526 ], [ -98.488215450252795, 21.837569309842735 ], [ -98.495054319551457, 21.838167260256967 ], [ -98.509342140218237, 21.824448059880279 ], [ -98.514481139652517, 21.823893429934941 ], [ -98.528858380261823, 21.863175120337349 ], [ -98.548033540360819, 21.860105090426906 ], [ -98.540441109722806, 21.873484429762573 ], [ -98.54528397020826, 21.888035749844519 ], [ -98.538230979573683, 21.89709367975156 ], [ -98.538202970033794, 21.905808219988522 ], [ -98.534678380213848, 21.906435139648487 ], [ -98.519020150155868, 21.897163799840087 ], [ -98.511889969602123, 21.904544090260938 ], [ -98.511357219832348, 21.913223580175497 ], [ -98.514890120117855, 21.917635710198557 ], [ -98.524922969900558, 21.914550510128826 ], [ -98.534937429925563, 21.919087680177917 ], [ -98.545221449909278, 21.917153569674355 ], [ -98.546473200096855, 21.920192420214942 ], [ -98.54384704965257, 21.932117460420034 ], [ -98.537511710320743, 21.934580089563863 ], [ -98.517286319975327, 21.930840750018991 ], [ -98.501243339618782, 21.923083890352885 ], [ -98.498644749929369, 21.926025540323064 ], [ -98.500351400483282, 21.931460569873146 ], [ -98.515597340205929, 21.951267829618097 ], [ -98.531576350314225, 21.949915739853569 ], [ -98.539111880133291, 21.939101140456277 ], [ -98.55128071959254, 21.933738430172234 ], [ -98.566019850101114, 21.937644420275589 ], [ -98.575613399516726, 21.945708019874385 ], [ -98.579320259638706, 21.961434519575999 ], [ -98.578839110248751, 21.966092250171894 ], [ -98.573268829535365, 21.969170659650242 ], [ -98.562559179598495, 21.967730950259121 ], [ -98.550665019529475, 21.960750060354954 ], [ -98.522000370397137, 21.979430679776204 ], [ -98.493203369683997, 21.960411600292812 ], [ -98.477645090066204, 21.960303349830873 ], [ -98.468805769764273, 21.964601319839556 ], [ -98.481993970113535, 21.982998820425511 ], [ -98.481476369953342, 21.990514030182375 ], [ -98.476286079673159, 21.999573060156145 ], [ -98.472333859669263, 21.987973909914292 ], [ -98.463576089861022, 21.990987140422302 ], [ -98.462429400084645, 21.996175779925135 ], [ -98.459544480459812, 21.995169059907056 ], [ -98.45946389003231, 22.005398250253677 ], [ -98.443548980365421, 22.032981750196505 ], [ -98.446414309547009, 22.042215339633568 ], [ -98.442885400430171, 22.049367650350916 ], [ -98.434649219503115, 22.051669020434126 ], [ -98.434375250462722, 22.056939120446327 ], [ -98.441866170148629, 22.064874140406939 ], [ -98.439452120251048, 22.075647089988557 ], [ -98.430843200066036, 22.079341600231981 ], [ -98.432386749668737, 22.08966999995782 ], [ -98.418825059510098, 22.098019220112644 ], [ -98.427626569749918, 22.108781769954483 ], [ -98.438737059963572, 22.111914940130866 ], [ -98.432257910001923, 22.117814630254585 ], [ -98.432016719621984, 22.128265380351984 ], [ -98.426071279765154, 22.130104309774239 ], [ -98.426305770277182, 22.133148370054442 ], [ -98.423315680134237, 22.132446689978565 ], [ -98.416745800207778, 22.141203259673841 ], [ -98.355280079715655, 22.180288449711838 ], [ -98.336545020013929, 22.187693250162898 ], [ -98.330413179901399, 22.201344450267889 ], [ -98.334758370187387, 22.202479370034833 ], [ -98.335220020005366, 22.210011750134321 ], [ -98.34495895016903, 22.213961649825947 ], [ -98.343061569813386, 22.215893250015785 ], [ -98.352261219529879, 22.222798779634498 ], [ -98.344615140278734, 22.222088739974943 ], [ -98.325967050247115, 22.243052799913691 ], [ -98.374555850274675, 22.236079400281138 ], [ -98.367226049594521, 22.251323750219854 ], [ -98.368136680031469, 22.255373109769447 ], [ -98.375432399917656, 22.25396688986298 ], [ -98.376336429528251, 22.250829079891634 ], [ -98.382547019791588, 22.255882139796139 ], [ -98.40509330959722, 22.256076289553555 ], [ -98.403208140200491, 22.266384830266077 ], [ -98.406418780137884, 22.269350980175155 ], [ -98.401763050385568, 22.269675430083417 ], [ -98.396378110250453, 22.276261910415755 ], [ -98.40755789009232, 22.284209520243461 ], [ -98.424755599630643, 22.274267749758437 ], [ -98.430371519842126, 22.274602919561463 ], [ -98.433838550028554, 22.278244150183031 ], [ -98.427700230470464, 22.283455229957731 ], [ -98.438554230005593, 22.292628800393153 ], [ -98.446659030070805, 22.30562127973036 ], [ -98.457558710135856, 22.301324420026166 ], [ -98.461485460408895, 22.30488605997747 ], [ -98.464516630346196, 22.303465739843528 ], [ -98.464375749969875, 22.29668894020817 ], [ -98.475908379789203, 22.28863979974621 ], [ -98.477830540151245, 22.296213909657375 ], [ -98.481940090180373, 22.296728510454077 ], [ -98.481993999860023, 22.299437630365428 ], [ -98.486892060424211, 22.298920290270324 ], [ -98.487952459663447, 22.303505520250848 ], [ -98.495991349752572, 22.303681680018851 ], [ -98.496815630020251, 22.307697480137413 ], [ -98.505725829534583, 22.30900571959835 ], [ -98.506120079678681, 22.315974400084855 ], [ -98.525551019669976, 22.318834849698042 ], [ -98.525550689629156, 22.327985090120823 ], [ -98.535296049693699, 22.327997519741796 ], [ -98.535214519993573, 22.337878309701992 ], [ -98.554825369745785, 22.338010569901307 ], [ -98.554786179517009, 22.342556260399881 ], [ -98.564519140070104, 22.342572429589048 ], [ -98.56446465045822, 22.347507170418027 ], [ -98.579290650299313, 22.348628109930605 ], [ -98.582306420246667, 22.360103179571652 ], [ -98.578833910269395, 22.365936890176727 ], [ -98.579315820465084, 22.377756939614738 ], [ -98.582855659899693, 22.373052540427938 ], [ -98.681546600080523, 22.371574859923978 ], [ -98.670888149607592, 22.405673479812361 ], [ -98.664986940091836, 22.403938689791758 ], [ -98.654937910178205, 22.409229289997377 ], [ -98.640248889518404, 22.411418170220959 ], [ -98.638155999615677, 22.414524030146389 ], [ -98.629570599982756, 22.40400180030441 ], [ -98.626309089706595, 22.404544459903182 ], [ -98.626901229772898, 22.402160979981339 ], [ -98.62119861977726, 22.402297949983065 ], [ -98.613752119972929, 22.408925050329611 ], [ -98.608039510146682, 22.407215339738741 ], [ -98.602987780020356, 22.399563110077729 ], [ -98.594492200456642, 22.398669620284224 ], [ -98.592325710225168, 22.395316170212038 ], [ -98.583482310341125, 22.397288480313371 ], [ -98.574935519903235, 22.393945489706283 ], [ -98.568512819827944, 22.401578429649877 ], [ -98.546083109590668, 22.400189660023454 ], [ -98.541324339655915, 22.405743709604259 ], [ -98.525361720206106, 22.406780719757197 ], [ -98.509597149883817, 22.416387950377874 ], [ -98.512153479703997, 22.42120588981609 ], [ -98.506388510191812, 22.429266719782628 ], [ -98.4942753801311, 22.427242650358096 ], [ -98.49684962023602, 22.424026889955226 ], [ -98.493375919749099, 22.423676289940968 ], [ -98.492138279899081, 22.419474149667476 ], [ -98.488494600467533, 22.424254260348622 ], [ -98.490369230003665, 22.427765049879305 ], [ -98.485232510277015, 22.425630110158366 ], [ -98.466807580459189, 22.428801740062234 ], [ -98.464029419541703, 22.425487709893861 ], [ -98.466574449746389, 22.414285800308473 ], [ -98.460959119690827, 22.41219191986319 ], [ -98.448633180132944, 22.419959689986957 ], [ -98.442570170404281, 22.4323961703872 ], [ -98.437170259839831, 22.433588309655782 ], [ -98.431586800174657, 22.43003459962631 ], [ -98.433117260134665, 22.413578310139144 ], [ -98.419046279542485, 22.412737690362167 ], [ -98.409543420122958, 22.399926689678143 ], [ -98.399343309915963, 22.408830689619855 ], [ -98.392071080235297, 22.423182230392413 ], [ -98.38474514041306, 22.422335199905167 ], [ -98.382459619630325, 22.415923769888511 ], [ -98.384568340482957, 22.403286180192147 ], [ -98.391310739624089, 22.39419548959037 ], [ -98.387809199619525, 22.389284380142179 ], [ -98.374577880356384, 22.389618079656692 ], [ -98.355225350376031, 22.407445629957131 ], [ -98.351036219579512, 22.402426170297776 ], [ -98.356529250251441, 22.395148999994497 ], [ -98.35227251966819, 22.38870331981861 ], [ -98.342910599818566, 22.389742170382078 ], [ -98.327693979921335, 22.398680170421077 ], [ -98.317578260090102, 22.390973979954747 ], [ -98.312710999555918, 22.414272769920942 ], [ -98.315348310068813, 22.419260169715567 ], [ -98.327361450441089, 22.426469579737542 ], [ -98.320912490419445, 22.440037970008248 ], [ -98.312215180439253, 22.445219199581853 ], [ -98.318590649800257, 22.467235000355817 ], [ -98.308834200367627, 22.468461059703934 ], [ -98.301007819888028, 22.46122682976231 ], [ -98.291664509906241, 22.467798549728577 ], [ -98.287369319304091, 22.467028171063181 ], [ -98.277621429321186, 22.448948970709939 ], [ -98.272936889849333, 22.447291050912522 ], [ -98.256634170236381, 22.45340615052228 ], [ -98.250040349679637, 22.470914820521262 ], [ -98.242854278994869, 22.471177170274377 ], [ -98.232365139014021, 22.461330980826339 ], [ -98.217822029149076, 22.471652251122784 ] ] ] } },
{ "type": "Feature", "properties": { "code": "30002", "stateCode": "30", "municipalityCode": "002", "name": "Acatlán" }, "geometry": { "type": "Polygon", "coordinates": [ [ [ -96.837012150376353, 19.714932180427617 ], [ -96.820162400390203, 19.711030150157125 ], [ -96.819476150257771, 19.701364319698964 ], [ -96.813562319912918, 19.698891459962152 ], [ -96.813277430336683, 19.695811479787057 ], [ -96.815207740251083, 19.692497169844685 ], [ -96.822504970418237, 19.694461340286235 ], [ -96.822404350167346, 19.683442629634214 ], [ -96.830263749784194, 19.683467000230547 ], [ -96.824669909665957, 19.672428290361772 ], [ -96.840220579946475, 19.670887350009171 ], [ -96.853270579821867, 19.662605119573456 ], [ -96.852285050187533, 19.675425800454903 ], [ -96.861566280038048, 19.680246140434168 ], [ -96.86440382005955, 19.690029510013552 ], [ -96.861864859676629, 19.69487859971445 ], [ -96.854441569627198, 19.69540282993918 ], [ -96.855773519787093, 19.708766290139238 ], [ -96.837012150376353, 19.714932180427617 ] ] ] } },
{ "type": "Feature", "properties": { "code": "30005", "stateCode": "30", "municipalityCode": "005", "name": "Acula" }, "geometry": { "type": "Polygon", "coordinates": [ [ [ -95.846042019701926, 18.661356480349145 ], [ -95.839049519958721, 18.654482429975889 ], [ -95.833203199911352, 18.654636450062721 ], [ -95.829610289632086, 18.658308149793768 ], [ -95.824436800304866, 18.656633680119807 ], [ -95.827048620344996, 18.649808170421966 ], [ -95.82348718038034, 18.64561837962361 ], [ -95.803695799899145, 18.646844830152911 ], [ -95.802530399880155, 18.639613879582804 ], [ -95.811488170337498, 18.616205139934781 ], [ -95.80815684988238, 18.612760579662542 ], [ -95.805532169802788, 18.615304679568975 ], [ -95.793480019760494, 18.615434290083357 ], [ -95.790449170158695, 18.59704051041539 ], [ -95.783496120175229, 18.589855520820091 ], [ -95.786173599662604, 18.581779340034092 ], [ -95.775696550021593, 18.569504630153912 ], [ -95.766046650382393, 18.57152195003323 ], [ -95.762175450112565, 18.564543940233225 ], [ -95.758511249938124, 18.553110400103442 ], [ -95.765559149820888, 18.546248309963335 ], [ -95.759931879680011, 18.54382711980935 ], [ -95.758524680382891, 18.537073780025811 ], [ -95.754291780361299, 18.534841419816789 ], [ -95.741828630374641, 18.538553030089826 ], [ -95.738911050273089, 18.536219179578548 ], [ -95.729050739924929, 18.544583850313469 ], [ -95.716640309651382, 18.523613229535492 ], [ -95.716069600296819, 18.515669539578258 ], [ -95.704217379542285, 18.501324020282823 ], [ -95.705604549839549, 18.49401088975128 ], [ -95.720733180160693, 18.48135615039315 ], [ -95.74611730977638, 18.486572619737455 ], [ -95.7467548200582, 18.479955679623018 ], [ -95.749649220337147, 18.480066020246269 ], [ -95.751735290302477, 18.475370690072527 ], [ -95.753934020227391, 18.477148650093323 ], [ -95.754697290398482, 18.471423480231294 ], [ -95.760362510193147, 18.468799579801207 ], [ -95.776416170054063, 18.472115710345733 ], [ -95.778212170091237, 18.466776080046142 ], [ -95.786929859640153, 18.46790653990778 ], [ -95.78727034953657, 18.464839429844112 ], [ -95.799514280139519, 18.46803057020729 ], [ -95.811058850120034, 18.483198180153163 ], [ -95.81738656983164, 18.478696629921757 ], [ -95.850775690295791, 18.493850620303988 ], [ -95.849059829845444, 18.49974320029073 ], [ -95.833392179562026, 18.503741549667605 ], [ -95.826638659933096, 18.539474909867508 ], [ -95.850545890237029, 18.566211979828722 ], [ -95.86754697034138, 18.564512890150397 ], [ -95.86550182977679, 18.575754370187163 ], [ -95.882974649884574, 18.582389999543519 ], [ -95.875471980194817, 18.587995859616782 ], [ -95.876431799744765, 18.593997649627227 ], [ -95.892495819690907, 18.607542460356953 ], [ -95.865534660194456, 18.644730050072649 ], [ -95.847837510450475, 18.649091219876727 ], [ -95.846042019701926, 18.661356480349145 ] ] ] } },
{ "type": "Feature", "properties": { "code": "30121", "stateCode": "30", "municipalityCode": "121", "name": "Ozuluama de Mascareñas" }, "geometry": { "type": "Polygon", "coordinates": [ [ [ -98.064627289664543, 21.996437850114276 ], [ -98.059417850211133, 21.993016340423921 ], [ -98.063373289784877, 21.98536658038763 ], [ -98.055860830176272, 21.973574080153917 ], [ -98.050614400226735, 21.970803950290737 ], [ -98.042269510443077, 21.972711020261777 ], [ -98.04627332001003, 21.966912849688306 ], [ -98.044989649754996, 21.960760950063268 ], [ -98.051640179841868, 21.954482779606739 ], [ -98.050391200402089, 21.95011825975233 ], [ -98.056775089856174, 21.95141095002883 ], [ -98.058654049912533, 21.948689509618752 ], [ -98.041655940277408, 21.946755769929066 ], [ -98.034561880464693, 21.948923660002333 ], [ -97.926475219887877, 21.938865769714543 ], [ -97.919790569857369, 21.935397150377014 ], [ -97.926373570240983, 21.923359450435637 ], [ -97.923463980212262, 21.917301570314358 ], [ -97.917664320312454, 21.9142906800219 ], [ -97.904278830252309, 21.915416550323854 ], [ -97.903954250090706, 21.910965380439698 ], [ -97.897359149579003, 21.90559882035372 ], [ -97.891421109882032, 21.913108969914763 ], [ -97.884839429540378, 21.913592400291549 ], [ -97.885756579686571, 21.909666459622986 ], [ -97.877260749572073, 21.908313419938807 ], [ -97.871447579872338, 21.916372050232361 ], [ -97.867324310302649, 21.915579019593874 ], [ -97.866021579535285, 21.922874379946048 ], [ -97.858362419563605, 21.929531170230092 ], [ -97.857208939565623, 21.934481399633064 ], [ -97.850667949542128, 21.932167979830432 ], [ -97.854722619565024, 21.939592999698231 ], [ -97.848236180269282, 21.948033630373569 ], [ -97.843355940347465, 21.946193630422918 ], [ -97.842337379968953, 21.939096679958176 ], [ -97.838319259850863, 21.941469740076833 ], [ -97.83717199960472, 21.948260750163151 ], [ -97.833541260366289, 21.947795170270737 ], [ -97.833710510438465, 21.936520290301178 ], [ -97.822521739572068, 21.937417259644903 ], [ -97.823234120288419, 21.932195379563602 ], [ -97.820371849798249, 21.931128000083092 ], [ -97.818486659632825, 21.922960400215402 ], [ -97.799280650444729, 21.925992090440616 ], [ -97.788974179933817, 21.931663309586447 ], [ -97.777684889897429, 21.93134642991583 ], [ -97.773837179899047, 21.92616466004629 ], [ -97.771194739752943, 21.930487570326026 ], [ -97.760315650108083, 21.931458480251525 ], [ -97.758157030445531, 21.92148748018565 ], [ -97.720027139569268, 21.915678179778066 ], [ -97.716645379758177, 21.906980980042409 ], [ -97.694174280049509, 21.915567829789751 ], [ -97.690712709527432, 21.919513550137108 ], [ -97.67788769042879, 21.921486170068906 ], [ -97.664230430107182, 21.888725779780874 ], [ -97.659240490243533, 21.888414519893981 ], [ -97.648849020421125, 21.856384690128955 ], [ -97.636848850211351, 21.842397580033218 ], [ -97.637747540285872, 21.822178419746038 ], [ -97.627996489629979, 21.811910280232574 ], [ -97.626932200416277, 21.80076878005686 ], [ -97.620614799729552, 21.790306169875191 ], [ -97.620667340318107, 21.779948629909125 ], [ -97.615271030268943, 21.77997702977509 ], [ -97.607435599734785, 21.774427619904699 ], [ -97.600159230374729, 21.762330969890346 ], [ -97.589878089637452, 21.754101649828282 ], [ -97.586257370467607, 21.743240419574835 ], [ -97.57831971966084, 21.743656619979479 ], [ -97.564483829540322, 21.733546919823407 ], [ -97.5447656504424, 21.698959480457418 ], [ -97.521138400144693, 21.675111999872978 ], [ -97.506283829515496, 21.668580910259692 ], [ -97.50393425019152, 21.657979970450469 ], [ -97.498585649826538, 21.654989829692006 ], [ -97.49343401989745, 21.638788020372182 ], [ -97.462574259837666, 21.603685170052866 ], [ -97.460396890123349, 21.597285279732901 ], [ -97.446634770107565, 21.589767550432743 ], [ -97.427200879729739, 21.56854421972778 ], [ -97.421129939650555, 21.568304880318866 ], [ -97.404558859574578, 21.556037969645562 ], [ -97.387414379542335, 21.536541459917533 ], [ -97.488270249804799, 21.568753079741846 ], [ -97.488706249930942, 21.57665191017054 ], [ -97.503432059713447, 21.575733169898065 ], [ -97.525534690252002, 21.582471429680663 ], [ -97.530529540083577, 21.580853599971284 ], [ -97.645249280280424, 21.627633549887975 ], [ -97.66807165995688, 21.604911879699568 ], [ -97.67931116972089, 21.61312699996725 ], [ -97.68796991034958, 21.613236909705048 ], [ -97.697013419695296, 21.618305510220637 ], [ -97.716600570181399, 21.605422540110467 ], [ -97.724042999788267, 21.605745049714614 ], [ -97.723185050443917, 21.595048549743531 ], [ -97.727659089903611, 21.589374279572976 ], [ -97.721197289910563, 21.58568268957433 ], [ -97.720477059597215, 21.581531540218386 ], [ -97.727157980118477, 21.57428954036007 ], [ -97.712649910368356, 21.56740845028974 ], [ -97.71894868964101, 21.55731135022538 ], [ -97.727917769558772, 21.552926219930264 ], [ -97.725788309932611, 21.546070110326976 ], [ -97.747299659590482, 21.537951819808391 ], [ -97.750787380311067, 21.527877719652867 ], [ -97.755501820417294, 21.522925219841166 ], [ -97.757455660482279, 21.523621019969234 ], [ -97.75332402961746, 21.528659399619304 ], [ -97.768792630259227, 21.530989049842358 ], [ -97.779913149605164, 21.527122249794225 ], [ -97.779368000486727, 21.521431449697587 ], [ -97.790102569839462, 21.525250349795026 ], [ -97.795969310377984, 21.522436480179895 ], [ -97.795430709988366, 21.51361108963501 ], [ -97.790582089649774, 21.511409539562106 ], [ -97.79441428040198, 21.510162549656481 ], [ -97.789285750288286, 21.505025090119332 ], [ -97.792039889954822, 21.502787970050118 ], [ -97.802216939822642, 21.505280339982811 ], [ -97.798054250239417, 21.492890629862689 ], [ -97.805289539759059, 21.497708460337698 ], [ -97.808727180239856, 21.495957430174084 ], [ -97.816769720223178, 21.481328180132799 ], [ -97.821178489963202, 21.483540539750056 ], [ -97.817034490244495, 21.479403079638978 ], [ -97.818548770173862, 21.476826950333265 ], [ -97.824354539855449, 21.476755710266449 ], [ -97.82559202031328, 21.470751550458257 ], [ -97.834468969834489, 21.46965537009045 ], [ -97.830894150299741, 21.4666332903616 ], [ -97.83680386047665, 21.459851799903731 ], [ -97.835443150004821, 21.45265269034126 ], [ -97.840167860359941, 21.446595629685376 ], [ -97.835895220201621, 21.444701949781976 ], [ -97.842184829912924, 21.44168638004869 ], [ -97.839480109748564, 21.437730539543203 ], [ -97.843947450085665, 21.437324889774253 ], [ -97.842069949798798, 21.435074780439724 ], [ -97.84458454010425, 21.432022710173491 ], [ -97.849920310218735, 21.435141750113193 ], [ -97.852492089586462, 21.430237740437338 ], [ -97.854889889656235, 21.432994220067563 ], [ -97.860710419762256, 21.431946830364133 ], [ -97.862238379656958, 21.43784622968257 ], [ -97.870611429869655, 21.436163939921645 ], [ -97.877464820047678, 21.443750030268063 ], [ -97.884192569947686, 21.435337520326261 ], [ -97.899616460149687, 21.433653739686818 ], [ -97.908451969542497, 21.442462400413426 ], [ -97.956958710104516, 21.414621859849838 ], [ -97.953629479935188, 21.402034939885805 ], [ -97.960012310373173, 21.407720549872426 ], [ -97.966024519922456, 21.406338739966959 ], [ -97.970125490122385, 21.416257569993704 ], [ -97.963524879600669, 21.426451339592248 ], [ -97.970876510059597, 21.433698050049863 ], [ -97.969827219949622, 21.438932859764037 ], [ -97.977309800161137, 21.447538949972888 ], [ -97.975042139684703, 21.450033060113089 ], [ -97.977083280146559, 21.45518088023324 ], [ -97.988395689905289, 21.465550950213451 ], [ -97.988117909694367, 21.476922029913425 ], [ -97.992203909622418, 21.480459830349211 ], [ -97.978224219554875, 21.508675779976802 ], [ -97.978818150084223, 21.518860449870971 ], [ -97.983694970209442, 21.52429390982757 ], [ -97.980295949651037, 21.531953200435275 ], [ -97.982278280448853, 21.554265890180201 ], [ -97.974544290426138, 21.561961910227708 ], [ -97.977145820357848, 21.567504180425779 ], [ -97.972592570469402, 21.580446770149354 ], [ -97.977470479852371, 21.582881740071628 ], [ -97.970021479613308, 21.587965200207652 ], [ -97.972460799878561, 21.590862619604238 ], [ -97.968854889575155, 21.595253629787273 ], [ -97.974074050095851, 21.598042029631657 ], [ -97.974034740353119, 21.603458519868397 ], [ -97.982681450104508, 21.603753910289107 ], [ -97.976339950194458, 21.616558520431735 ], [ -97.986974690034984, 21.619622140433425 ], [ -97.990103309869895, 21.624630280415509 ], [ -97.98855253962023, 21.627172950017837 ], [ -97.991326649553756, 21.627524659733975 ], [ -97.989139139982541, 21.633066880060969 ], [ -97.985624750466499, 21.633898780147927 ], [ -97.994258510264387, 21.664073630104358 ], [ -97.996712599718478, 21.666061779747437 ], [ -98.001327380100975, 21.66180737986684 ], [ -98.006531880460372, 21.665012420202796 ], [ -98.012522120327546, 21.659758570288442 ], [ -98.033158739720136, 21.668175599644528 ], [ -98.042612849621122, 21.669105679984554 ], [ -98.04726353990236, 21.66418780022655 ], [ -98.07023569013505, 21.673448619820736 ], [ -98.068926750443964, 21.671333340458538 ], [ -98.076188619908535, 21.663385140251997 ], [ -98.083275290291184, 21.667473170311546 ], [ -98.092182200057422, 21.666162950159784 ], [ -98.099262889720066, 21.654772649908466 ], [ -98.098696619620625, 21.647051909828981 ], [ -98.102721030210859, 21.645368140367424 ], [ -98.108818479514497, 21.650448950008442 ], [ -98.105984650002043, 21.65209474032244 ], [ -98.107932599540348, 21.655746480000893 ], [ -98.11518922011598, 21.652395580289969 ], [ -98.115595280298493, 21.655975310175322 ], [ -98.127689259769468, 21.659569110206 ], [ -98.130202849589253, 21.667109980265611 ], [ -98.136307740188798, 21.667084660064202 ], [ -98.143491030091468, 21.672341120185248 ], [ -98.140747309980483, 21.675807060016492 ], [ -98.149164580438978, 21.680488919620142 ], [ -98.142673339991774, 21.687360680063371 ], [ -98.14728018016595, 21.688547540269997 ], [ -98.148564630408984, 21.693207969657177 ], [ -98.15534848030812, 21.689642939624608 ], [ -98.154825259863088, 21.695080479962435 ], [ -98.159562980277741, 21.698947180092695 ], [ -98.155388909961289, 21.707090549593509 ], [ -98.159262200394792, 21.709526910384554 ], [ -98.159519660003269, 21.711480030130101 ], [ -98.153780519865904, 21.710144740111449 ], [ -98.152676830371377, 21.716335909633532 ], [ -98.147369230154681, 21.718183379724763 ], [ -98.149073349992307, 21.725990619776113 ], [ -98.137864909664984, 21.724900109959634 ], [ -98.142713460380449, 21.728976380194123 ], [ -98.142154579975411, 21.735115400343929 ], [ -98.150712969849337, 21.733765480108534 ], [ -98.156272620013866, 21.73657871998995 ], [ -98.137385879685354, 21.743610509704116 ], [ -98.145454969665778, 21.75027108024516 ], [ -98.146447539967099, 21.766699519740399 ], [ -98.143827649747095, 21.774575910166682 ], [ -98.133608750323376, 21.784394910284679 ], [ -98.131441649937173, 21.780688260252482 ], [ -98.126852849541692, 21.780820280313844 ], [ -98.120352520429066, 21.794358249921732 ], [ -98.122993920325939, 21.799707120208186 ], [ -98.119577780378094, 21.808687780438614 ], [ -98.122988480249546, 21.810734369829969 ], [ -98.119919149530688, 21.813937779907686 ], [ -98.125227089913281, 21.812367419922509 ], [ -98.123718090109946, 21.82238983001178 ], [ -98.127121079668669, 21.822110830224247 ], [ -98.126656829930553, 21.826902600400491 ], [ -98.130434799875857, 21.828546940092643 ], [ -98.124821980072852, 21.834958740426135 ], [ -98.125627250429233, 21.84095420009621 ], [ -98.121436619779701, 21.845166550430989 ], [ -98.100669780001169, 21.848196750213109 ], [ -98.096762169923224, 21.851479289749406 ], [ -98.099465060188862, 21.854432399961869 ], [ -98.096123459927938, 21.860198690135071 ], [ -98.089537479983775, 21.854158230010022 ], [ -98.086305380408263, 21.856986879683248 ], [ -98.089750779645428, 21.861322170398822 ], [ -98.085836599964566, 21.864972649970969 ], [ -98.092671549920283, 21.871819860421198 ], [ -98.088308740419535, 21.876017970380133 ], [ -98.09396282966442, 21.874054889881538 ], [ -98.097793430409908, 21.877038829731713 ], [ -98.09629641952931, 21.880265049857279 ], [ -98.100670579818555, 21.880085659687285 ], [ -98.099493310160966, 21.889241750309726 ], [ -98.102980419775378, 21.891591919695898 ], [ -98.097545079869164, 21.89308457966527 ], [ -98.106070249682958, 21.89995543040251 ], [ -98.111367889608204, 21.913016620089596 ], [ -98.114484250100389, 21.911861970157446 ], [ -98.116428779649297, 21.917497879782314 ], [ -98.12176191040669, 21.919932480335838 ], [ -98.122647740257207, 21.937219890263059 ], [ -98.116984689583774, 21.943047679912784 ], [ -98.110722920231638, 21.942645689930298 ], [ -98.102378310031156, 21.946978219609672 ], [ -98.09871154004253, 21.954246059948897 ], [ -98.09285250998154, 21.954120980322465 ], [ -98.096497289628957, 21.965262399900588 ], [ -98.099655519835963, 21.963495079614518 ], [ -98.10290307965542, 21.965789029648466 ], [ -98.099358080067432, 21.971428109632562 ], [ -98.112459879629569, 21.97577654969264 ], [ -98.101207179728945, 21.980524120125725 ], [ -98.094661260179805, 21.987378020218472 ], [ -98.088433450098833, 21.982901449824631 ], [ -98.085721620121404, 21.988041029599248 ], [ -98.08135971995587, 21.986435259955336 ], [ -98.073728179857937, 21.994916779943182 ], [ -98.064627289664543, 21.996437850114276 ] ] ] } },
{ "type": "Feature", "properties": { "code": "30119", "stateCode": "30", "municipalityCode": "119", "name": "Otatitlán" }, "geometry": { "type": "Polygon", "coordinates": [ [ [ -96.022959979586417, 18.217145289940074 ], [ -96.011343370293758, 18.209884600214782 ], [ -96.006984459658483, 18.20073068013868 ], [ -96.006953249832449, 18.184758229585107 ], [ -96.015799909800165, 18.167681819630161 ], [ -96.005958510410906, 18.165864199674907 ], [ -96.002460480474568, 18.171609019795998 ], [ -95.999389050435127, 18.16248862989071 ], [ -95.992767180325501, 18.159604679960456 ], [ -95.990579879821823, 18.151174149781063 ], [ -96.025689979260434, 18.133460980000788 ], [ -96.041053970391147, 18.138497029765318 ], [ -96.043111349904379, 18.134673430654516 ], [ -96.046873709079932, 18.136564539682304 ], [ -96.047008449143988, 18.130691320253511 ], [ -96.051388999601258, 18.126738251223109 ], [ -96.056978819602023, 18.134019971337082 ], [ -96.066383088562205, 18.131588581153455 ], [ -96.068858458815242, 18.140765250443824 ], [ -96.079484910199383, 18.14979223057755 ], [ -96.083915180103645, 18.16177041974986 ], [ -96.072166599813912, 18.163073969825657 ], [ -96.063405879924531, 18.175912829799103 ], [ -96.052462179659386, 18.173030150089112 ], [ -96.046041569786155, 18.176763350435312 ], [ -96.043761139605934, 18.205604950177467 ], [ -96.034994740314616, 18.216307520320996 ], [ -96.022959979586417, 18.217145289940074 ] ] ] } },
{ "type": "Feature", "properties": { "code": "30006", "stateCode": "30", "municipalityCode": "006", "name": "Acultzingo" }, "geometry": { "type": "Polygon", "coordinates": [ [ [ -97.221793620361524, 18.791586719921078 ], [ -97.210895290052534, 18.787541889601059 ], [ -97.211283750088242, 18.782999429936755 ], [ -97.205877290003698, 18.782642819920952 ], [ -97.218474320371783, 18.769416150077163 ], [ -97.215289180258111, 18.76639003015196 ], [ -97.225347340276258, 18.758287289951792 ], [ -97.208824430084547, 18.744497829608385 ], [ -97.21561085040203, 18.737700020271909 ], [ -97.219018680377857, 18.739573680060939 ], [ -97.221539710358257, 18.736897199564321 ], [ -97.223680540364541, 18.731945290332504 ], [ -97.215768049533395, 18.720332030226881 ], [ -97.233507690426464, 18.702018430306289 ], [ -97.229228909635836, 18.691638649935957 ], [ -97.224198089535079, 18.690052490048597 ], [ -97.218933479762356, 18.693140180196288 ], [ -97.219303859775906, 18.691145419650496 ], [ -97.222453879728121, 18.683478600049423 ], [ -97.230623800197932, 18.681099370393127 ], [ -97.23102292017326, 18.67237408033882 ], [ -97.227752449526776, 18.668229290428997 ], [ -97.230683719588441, 18.665927579579954 ], [ -97.2365074895677, 18.670697579801949 ], [ -97.240287289972102, 18.666266140093722 ], [ -97.243802830237456, 18.646925490351205 ], [ -97.237697279934409, 18.64723036975191 ], [ -97.235429150210905, 18.643569479963354 ], [ -97.245243259548246, 18.640218650295385 ], [ -97.252271739809004, 18.626726400216008 ], [ -97.259872909552243, 18.62424925027485 ], [ -97.271851920051532, 18.62777915003398 ], [ -97.278333880463137, 18.637656169836855 ], [ -97.281865510437868, 18.652493289594602 ], [ -97.291212369955957, 18.65545747999311 ], [ -97.293906799897911, 18.664927980357014 ], [ -97.297127909997755, 18.664196980302798 ], [ -97.297964509806135, 18.669516280377021 ], [ -97.303202659997467, 18.674285620091187 ], [ -97.309472000278234, 18.673782859642667 ], [ -97.316100820324706, 18.669499310350083 ], [ -97.315024200437918, 18.666625799910733 ], [ -97.323178060302126, 18.664308519737027 ], [ -97.330401400200302, 18.673144029687553 ], [ -97.328159720325644, 18.67755079996158 ], [ -97.331025819670089, 18.683119019736615 ], [ -97.337261090418835, 18.678590779879222 ], [ -97.343974580006403, 18.685758999900695 ], [ -97.340383459671472, 18.693454920225133 ], [ -97.345013509959585, 18.698401979811582 ], [ -97.342195260217039, 18.705896570369319 ], [ -97.350025370172332, 18.71714310983495 ], [ -97.342149490019111, 18.725815920083392 ], [ -97.347194370239478, 18.727436940295437 ], [ -97.33950574993392, 18.742409580098773 ], [ -97.341526949993352, 18.741617910200709 ], [ -97.344393770228791, 18.749003940357003 ], [ -97.340352680184779, 18.758653719843895 ], [ -97.326626489745493, 18.766504049671394 ], [ -97.318733370464329, 18.76521554970676 ], [ -97.2982942495766, 18.772960029902134 ], [ -97.285170980332722, 18.762676140390511 ], [ -97.28067307958095, 18.763377599714037 ], [ -97.278102399917103, 18.774077740135308 ], [ -97.269975769696032, 18.771395229996219 ], [ -97.265874089603813, 18.778246939887445 ], [ -97.256496719759241, 18.782444739769552 ], [ -97.235569520237945, 18.790215060071933 ], [ -97.221793620361524, 18.791586719921078 ] ] ] } },
{ "type": "Feature", "properties": { "code": "30118", "stateCode": "30", "municipalityCode": "118", "name": "Orizaba" }, "geometry": { "type": "Polygon", "coordinates": [ [ [ -97.105745510250415, 18.886154479711877 ], [ -97.090424340340405, 18.875953860444625 ], [ -97.084411249954954, 18.880516519731664 ], [ -97.081044920393225, 18.867856000452505 ], [ -97.073876375023602, 18.867488423738461 ], [ -97.071335180045097, 18.862293621314628 ], [ -97.068737279807451, 18.864922450422256 ], [ -97.069892310242579, 18.851126650149382 ], [ -97.083589710387841, 18.834648719573391 ], [ -97.110180690439449, 18.832015719595571 ], [ -97.118124549330858, 18.842881720437166 ], [ -97.130910320091118, 18.844703691345828 ], [ -97.131829978889442, 18.853660619675818 ], [ -97.135272740303975, 18.85478167967095 ], [ -97.140846969534209, 18.853214020924323 ], [ -97.142273649090527, 18.846783349579045 ], [ -97.146415379656361, 18.846993750245716 ], [ -97.150039650475932, 18.858274859855673 ], [ -97.157598570057814, 18.865598969759475 ], [ -97.151731999967723, 18.863282540097231 ], [ -97.130382399733548, 18.866708780287244 ], [ -97.129940970338424, 18.863046709950009 ], [ -97.11881414039226, 18.866215520870245 ], [ -97.110764030191604, 18.871350261147086 ], [ -97.105745510250415, 18.886154479711877 ] ] ] } },
{ "type": "Feature", "properties": { "code": "30096", "stateCode": "30", "municipalityCode": "096", "name": "Landero y Coss" }, "geometry": { "type": "Polygon", "coordinates": [ [ [ -96.860692050460301, 19.776445859783177 ], [ -96.859484450151115, 19.771142480329708 ], [ -96.853389430389015, 19.771463919740938 ], [ -96.847038599543694, 19.764833509974938 ], [ -96.840851679669854, 19.763670520342767 ], [ -96.83719061981985, 19.752765889786851 ], [ -96.843095419673432, 19.742432149567776 ], [ -96.837872719743388, 19.739237150115223 ], [ -96.839490090081256, 19.728103019965452 ], [ -96.838072799609776, 19.719876030089392 ], [ -96.834070229734394, 19.722755779711107 ], [ -96.834488649754164, 19.714572980184247 ], [ -96.848191179977306, 19.712834940370222 ], [ -96.853521770148888, 19.708570220186008 ], [ -96.857333050352509, 19.714731549764661 ], [ -96.85597737009077, 19.725876149970784 ], [ -96.849399799701942, 19.730895689876135 ], [ -96.866127150071136, 19.728343150334904 ], [ -96.863825739724305, 19.73451568981714 ], [ -96.873544580321592, 19.747589720215966 ], [ -96.870764970188546, 19.757135090140959 ], [ -96.872330890033453, 19.769422199605987 ], [ -96.862637510259333, 19.769601059756571 ], [ -96.864164820435803, 19.775464820435936 ], [ -96.860692050460301, 19.776445859783177 ] ] ] } },
{ "type": "Feature", "properties": { "code": "30095", "stateCode": "30", "municipalityCode": "095", "name": "Juchique de Ferrer" }, "geometry": { "type": "Polygon", "coordinates": [ [ [ -96.64978564987301, 19.90215732022541 ], [ -96.649906770118122, 19.89237467983547 ], [ -96.641668259577955, 19.891866179726346 ], [ -96.642980920200202, 19.887777449558545 ], [ -96.630516000037915, 19.879068550428237 ], [ -96.623652980375283, 19.864077309865021 ], [ -96.599038029630364, 19.848461519904202 ], [ -96.57920572014001, 19.843753539738341 ], [ -96.571739060300231, 19.831433250326857 ], [ -96.563865619979111, 19.830693879811491 ], [ -96.560524739703283, 19.833406820238423 ], [ -96.557781820042678, 19.828440849583853 ], [ -96.566419979693649, 19.820893509586881 ], [ -96.566802059983956, 19.809632579594361 ], [ -96.576503119962226, 19.805042220125912 ], [ -96.581101200254295, 19.792042350315892 ], [ -96.59103671029473, 19.788840339667825 ], [ -96.591635230049931, 19.785887680322357 ], [ -96.610375480041839, 19.781748380065164 ], [ -96.624990580203956, 19.784390539959826 ], [ -96.628814290136603, 19.778433879935204 ], [ -96.633542249594996, 19.779941289920721 ], [ -96.638532430250692, 19.774988519734624 ], [ -96.646789280365923, 19.774262999684495 ], [ -96.650863999898661, 19.753734459630579 ], [ -96.683863260348318, 19.744872399813353 ], [ -96.693803230436274, 19.750665340227016 ], [ -96.691531650353113, 19.759119599950516 ], [ -96.707398679783978, 19.755073510383497 ], [ -96.709384849812693, 19.762493249865436 ], [ -96.712640679880565, 19.76165278028969 ], [ -96.718683819956141, 19.768343679692659 ], [ -96.720971420456777, 19.78051843034012 ], [ -96.731469060286429, 19.780191949873725 ], [ -96.729579059815237, 19.785717740148723 ], [ -96.746273369657615, 19.788125450085509 ], [ -96.749844219632109, 19.79610814032781 ], [ -96.747712180442463, 19.799524170146537 ], [ -96.741096859946609, 19.800348369995572 ], [ -96.736192110125415, 19.81085258008595 ], [ -96.742039910207126, 19.818040769666666 ], [ -96.742589399586606, 19.824452280400426 ], [ -96.735142510274869, 19.834338459767814 ], [ -96.730477490113444, 19.834888430088249 ], [ -96.720230380315158, 19.84500557981746 ], [ -96.727161879757304, 19.846643490320922 ], [ -96.722323309711143, 19.8544329204333 ], [ -96.728868939644968, 19.859487420299107 ], [ -96.72691224967781, 19.861929820401247 ], [ -96.724078910364852, 19.859307349779151 ], [ -96.718648660087837, 19.869907080010023 ], [ -96.706212569875916, 19.876363370389146 ], [ -96.702030720237303, 19.884075169751775 ], [ -96.69496642002909, 19.879787429924097 ], [ -96.697248119636086, 19.875640339942713 ], [ -96.694640659750021, 19.872682859751798 ], [ -96.674281829549088, 19.872087849901682 ], [ -96.664635519609348, 19.882099709963722 ], [ -96.662744030457731, 19.890884689870983 ], [ -96.64978564987301, 19.90215732022541 ] ] ] } },
{ "type": "Feature", "properties": { "code": "30094", "stateCode": "30", "municipalityCode": "094", "name": "Juan Rodríguez Clara" }, "geometry": { "type": "Polygon", "coordinates": [ [ [ -95.480037770398525, 18.193306339946478 ], [ -95.459096520261198, 18.175243720402417 ], [ -95.459031399584191, 18.169882150098541 ], [ -95.4526937399323, 18.165551850151651 ], [ -95.449165309667592, 18.154107200437988 ], [ -95.438706420297578, 18.155047980378964 ], [ -95.435181919915891, 18.15951105971607 ], [ -95.431734710414645, 18.159109800378307 ], [ -95.431207970244657, 18.163749320414233 ], [ -95.423073779975809, 18.16289057021714 ], [ -95.422953049870941, 18.167374909677132 ], [ -95.416988799776078, 18.166807110253707 ], [ -95.416457370097319, 18.171399199980744 ], [ -95.404533850385107, 18.169944259607259 ], [ -95.405686229804317, 18.174929540414119 ], [ -95.398558479719071, 18.174148749542542 ], [ -95.398377970411801, 18.178823340063225 ], [ -95.388737879879926, 18.177863849866711 ], [ -95.380180679706555, 18.165810139713503 ], [ -95.37480754996578, 18.17671989042606 ], [ -95.367762400086519, 18.169076999619907 ], [ -95.357500800061629, 18.170084480411678 ], [ -95.353692049858779, 18.160984920225534 ], [ -95.345485220341644, 18.154641020084878 ], [ -95.333827570082747, 18.158060020176183 ], [ -95.338793550209971, 18.148408429976172 ], [ -95.325169939623308, 18.145492859806001 ], [ -95.322653849687697, 18.130744120408 ], [ -95.316403570161825, 18.131778690209934 ], [ -95.312991910249053, 18.138540680110172 ], [ -95.309505429749663, 18.134227199684446 ], [ -95.308809379785799, 18.12456083017717 ], [ -95.274058179793698, 18.126856909674942 ], [ -95.283874779588061, 18.117182850410998 ], [ -95.274972829527783, 18.111734020358867 ], [ -95.260311059837903, 18.123880139999354 ], [ -95.247958179543616, 18.098629630347439 ], [ -95.240619649943952, 18.099677279668185 ], [ -95.226390489898947, 18.087346229686403 ], [ -95.235052509637896, 18.073125919693162 ], [ -95.228251910136763, 18.060278340143661 ], [ -95.231765580074892, 18.058608089827604 ], [ -95.236503550349909, 18.063172540167681 ], [ -95.24186769000633, 18.062993370233496 ], [ -95.24520011979682, 18.060451060059624 ], [ -95.242340829572186, 18.053002820376868 ], [ -95.232803980444402, 18.048261630099095 ], [ -95.222909549740265, 18.05114728989918 ], [ -95.221958880039551, 18.0438405498153 ], [ -95.213428019933076, 18.030702339858866 ], [ -95.208259599676794, 18.030846280004745 ], [ -95.207909629645229, 18.04083605993192 ], [ -95.200519120302602, 18.040342200405654 ], [ -95.197285829977744, 18.03513953966673 ], [ -95.198760380335983, 18.030561179641904 ], [ -95.211180950299706, 18.024048940139938 ], [ -95.197261220116062, 18.024006680369059 ], [ -95.190489979539095, 18.019310519968062 ], [ -95.194488139754355, 18.014868380267217 ], [ -95.200322879941794, 18.019946550188845 ], [ -95.208200219832648, 18.018915749742501 ], [ -95.204501889803623, 18.003507170128238 ], [ -95.197604429929967, 17.996227149847908 ], [ -95.195903600305371, 17.985378289731671 ], [ -95.199525830296409, 17.981432119723305 ], [ -95.208165290383263, 17.985925889688613 ], [ -95.21759301987737, 17.971234319766445 ], [ -95.230111030180808, 17.974327430424431 ], [ -95.23713629016477, 17.981564599638578 ], [ -95.244289519869739, 17.978379420008793 ], [ -95.239155280220345, 17.963107340186728 ], [ -95.245262519857846, 17.963231850083883 ], [ -95.239284919936637, 17.961843620238881 ], [ -95.240378450186427, 17.948001830106971 ], [ -95.237447149840733, 17.944005770296943 ], [ -95.239033709985691, 17.934640490299639 ], [ -95.246234999717856, 17.929828620240617 ], [ -95.243654969923, 17.923577920069679 ], [ -95.24799118039742, 17.921858230137463 ], [ -95.2443400002917, 17.921416140118083 ], [ -95.247446939730366, 17.920103779881394 ], [ -95.241474380304808, 17.913343919749014 ], [ -95.242866029785915, 17.903031849886904 ], [ -95.246075750261639, 17.901355309774772 ], [ -95.241225950477215, 17.894657289696955 ], [ -95.234880600459391, 17.892397860131936 ], [ -95.23638771044115, 17.874224660032834 ], [ -95.244238850431316, 17.87760238026825 ], [ -95.248489060308032, 17.875392250016599 ], [ -95.251343229645869, 17.878232510403596 ], [ -95.255833600337269, 17.877102200263206 ], [ -95.25988030968945, 17.880678720342353 ], [ -95.285334019695043, 17.870331830368926 ], [ -95.281916480361588, 17.865750570199086 ], [ -95.277585109787552, 17.8656189798205 ], [ -95.278062660204441, 17.855127569927131 ], [ -95.274645090442334, 17.853828620368247 ], [ -95.275996049604473, 17.848035660185047 ], [ -95.281805940377154, 17.846810519609367 ], [ -95.280874660237217, 17.840755399789415 ], [ -95.283237149715035, 17.840478660271501 ], [ -95.278944910275328, 17.833177710042225 ], [ -95.278384889772724, 17.807285290135919 ], [ -95.285339250302954, 17.808212089659154 ], [ -95.292163770159021, 17.804125920376034 ], [ -95.301597620013595, 17.796372199847195 ], [ -95.301963550252381, 17.790053369904406 ], [ -95.310789740412858, 17.796563350467355 ], [ -95.3067285799861, 17.803595689661122 ], [ -95.299029059598041, 17.805250319964703 ], [ -95.316697089778813, 17.81188262973134 ], [ -95.322004550432993, 17.811131549863475 ], [ -95.328581720311604, 17.817209850054759 ], [ -95.347731660061797, 17.816976289690562 ], [ -95.350134540073583, 17.79822554956823 ], [ -95.357914600429311, 17.798244149765925 ], [ -95.360160850407254, 17.795064619589635 ], [ -95.35978677954887, 17.799526950208968 ], [ -95.363403920321829, 17.799849089854536 ], [ -95.36204605977305, 17.790451250174637 ], [ -95.358248459563001, 17.790446170238916 ], [ -95.357258220211577, 17.786044140073695 ], [ -95.366780679995472, 17.784179379674224 ], [ -95.368761580265101, 17.792570679912512 ], [ -95.372381860299143, 17.791346149943571 ], [ -95.372929109829897, 17.795687199668293 ], [ -95.383697370382848, 17.792140740186152 ], [ -95.384254120187549, 17.796451779852593 ], [ -95.391371140332666, 17.794136740302658 ], [ -95.390842000159097, 17.789740519635654 ], [ -95.398296719987997, 17.787319150334277 ], [ -95.399964049593862, 17.783864380213313 ], [ -95.41207649043703, 17.78336056991305 ], [ -95.420220819649643, 17.778240540008731 ], [ -95.421081109799829, 17.770421749826809 ], [ -95.429232780444835, 17.764226889748372 ], [ -95.43441117039562, 17.753117830097324 ], [ -95.438427680456854, 17.755769749993153 ], [ -95.438154019653567, 17.766400619985436 ], [ -95.442273849831068, 17.767778709889779 ], [ -95.443162319916297, 17.771970919959781 ], [ -95.445611429860136, 17.770746939624765 ], [ -95.447541120367447, 17.773972799590172 ], [ -95.463427490343165, 17.769881260326176 ], [ -95.468578580367861, 17.773616861188156 ], [ -95.475215680021904, 17.801441750225003 ], [ -95.472555399895583, 17.804344020415751 ], [ -95.472410940417063, 17.817681429806875 ], [ -95.468660140030593, 17.81703737989903 ], [ -95.468737550343803, 17.821724350159077 ], [ -95.474117710037632, 17.822721019648249 ], [ -95.481094550120929, 17.835340889826877 ], [ -95.489781799864829, 17.835972829626844 ], [ -95.496995080425052, 17.832005139950322 ], [ -95.495619049958805, 17.844249249846655 ], [ -95.480374060337311, 17.84429272010372 ], [ -95.477606489982705, 17.85890498043905 ], [ -95.489416710100713, 17.873212249554634 ], [ -95.495918200115483, 17.873304580424957 ], [ -95.501791550080895, 17.877704019653905 ], [ -95.513195279749439, 17.877059619732876 ], [ -95.522300169708387, 17.88894690970308 ], [ -95.522901379554526, 17.898397889687594 ], [ -95.516423000357179, 17.901590970018727 ], [ -95.508021800341226, 17.900143260117041 ], [ -95.504177249976479, 17.901685950367618 ], [ -95.504254109535069, 17.905302940021787 ], [ -95.499579400064604, 17.904445909976854 ], [ -95.499820450229706, 17.908029220311633 ], [ -95.490640079835529, 17.906428490159826 ], [ -95.491478050376372, 17.91010888030339 ], [ -95.477712049645802, 17.907016779669771 ], [ -95.474805369555142, 17.922471320050242 ], [ -95.470147479699094, 17.920574450082309 ], [ -95.467099169963831, 17.92883667975147 ], [ -95.46518253972792, 17.923204059984183 ], [ -95.459102370339266, 17.92150596984326 ], [ -95.443516310237783, 17.94057156992179 ], [ -95.450648259516328, 17.939983970339785 ], [ -95.451527740386922, 17.94917645969192 ], [ -95.442890550144014, 17.949655619971939 ], [ -95.43808412027694, 17.954683259632343 ], [ -95.434286650160857, 17.953323599602214 ], [ -95.433576540190955, 17.959790169919234 ], [ -95.431047230144173, 17.959261049659624 ], [ -95.434828349806452, 17.963063179992592 ], [ -95.436131029887633, 17.960647950349696 ], [ -95.439367309888951, 17.971186089821209 ], [ -95.447333080166473, 17.969809830043918 ], [ -95.442837979731692, 17.977919220261203 ], [ -95.427335030432985, 17.98856334990769 ], [ -95.427388450096714, 17.990730489774357 ], [ -95.438086799914487, 17.990958510037373 ], [ -95.442282219613858, 17.996076769601739 ], [ -95.438150540372746, 17.999838430200885 ], [ -95.438998060429299, 18.005463320338428 ], [ -95.43264471958625, 18.009875250364242 ], [ -95.435385340064627, 18.013551420354222 ], [ -95.428436549602807, 18.017538889789794 ], [ -95.447023980381587, 18.028084949625004 ], [ -95.469304150035768, 18.058670819997438 ], [ -95.498616319611287, 18.090380879989624 ], [ -95.501676080301493, 18.103540719994012 ], [ -95.518137690030926, 18.117652449672118 ], [ -95.51083251954023, 18.150590910232044 ], [ -95.504505310074336, 18.161120309908451 ], [ -95.494363429874696, 18.167013340257515 ], [ -95.487877910238481, 18.185553509566102 ], [ -95.480037770398525, 18.193306339946478 ] ] ] } },
{ "type": "Feature", "properties": { "code": "30093", "stateCode": "30", "municipalityCode": "093", "name": "Jilotepec" }, "geometry": { "type": "Polygon", "coordinates": [ [ [ -96.967942800337809, 19.643355659613896 ], [ -96.962699940190504, 19.637246890398277 ], [ -96.942547939986895, 19.640834179847673 ], [ -96.937788290171881, 19.637446380063757 ], [ -96.903141120428415, 19.632421220088741 ], [ -96.896921909877534, 19.627470599988897 ], [ -96.888045999729215, 19.626219429890391 ], [ -96.874696380383028, 19.618934420037707 ], [ -96.869944309585179, 19.615262139768689 ], [ -96.871120169836843, 19.611870890013684 ], [ -96.863732279809909, 19.607451779894767 ], [ -96.844482250314528, 19.606293120016144 ], [ -96.841450479588417, 19.603527030301688 ], [ -96.844663430032156, 19.590940659601134 ], [ -96.849510060235659, 19.585061919602083 ], [ -96.872013029928453, 19.591818830091352 ], [ -96.874026149661859, 19.580997549740896 ], [ -96.895464979969731, 19.579924060438014 ], [ -96.910312429624682, 19.584637919869028 ], [ -96.913890950431679, 19.590039780450653 ], [ -96.921355709722846, 19.593354220410127 ], [ -96.930582149695667, 19.59353928970711 ], [ -96.931097830014309, 19.598191149903752 ], [ -96.918420569982942, 19.599082120029365 ], [ -96.916953119695876, 19.602823819873439 ], [ -96.933553860202906, 19.605278630053576 ], [ -96.941834579547717, 19.612406890173986 ], [ -96.948328799949309, 19.608268490460116 ], [ -96.950532860193476, 19.600207660411158 ], [ -96.954595339624092, 19.600049199869005 ], [ -96.958125319334584, 19.595019920721487 ], [ -96.965844570364382, 19.595098680640529 ], [ -96.974598570072558, 19.602063509923656 ], [ -96.974377030236468, 19.613162379773076 ], [ -96.977108479793927, 19.617223880349698 ], [ -96.980208149713889, 19.620519490387728 ], [ -96.987523520105185, 19.620670910222916 ], [ -96.987818799852121, 19.623314420414101 ], [ -96.984844020401709, 19.629775859765701 ], [ -96.975793320229556, 19.626860400091527 ], [ -96.978752859319471, 19.635591179696242 ], [ -96.973949860017214, 19.636453579804972 ], [ -96.967942800337809, 19.643355659613896 ] ] ] } },
{ "type": "Feature", "properties": { "code": "30007", "stateCode": "30", "municipalityCode": "007", "name": "Camarón de Tejeda" }, "geometry": { "type": "Polygon", "coordinates": [ [ [ -96.567619102034101, 19.05420813604567 ], [ -96.56662139957497, 19.05094166029809 ], [ -96.562378909621003, 19.054246260042547 ], [ -96.558748049826093, 19.050336379702717 ], [ -96.55338656969505, 19.050853720044756 ], [ -96.551644980361814, 19.048627830415427 ], [ -96.554777489898385, 19.047715619555053 ], [ -96.549786630060765, 19.038370749583034 ], [ -96.547373320289935, 19.045470020176467 ], [ -96.54428002005443, 19.043275280374427 ], [ -96.540157770101843, 19.045248819935527 ], [ -96.538798910399208, 19.041442319634498 ], [ -96.54317378033555, 19.041347879890218 ], [ -96.542094680182203, 19.039062570085292 ], [ -96.526962660300725, 19.045673570109834 ], [ -96.51796665981631, 19.043741720277943 ], [ -96.514716950215117, 19.047594970342981 ], [ -96.51394710986483, 19.041039170045323 ], [ -96.504030799784431, 19.038915820141899 ], [ -96.501530940396421, 19.042818650414976 ], [ -96.506142879644671, 19.047678339964463 ], [ -96.503357020143184, 19.050913880124345 ], [ -96.499734820020322, 19.045472450416668 ], [ -96.487201139706741, 19.048101569836557 ], [ -96.485799309627041, 19.042340259596386 ], [ -96.482613779926893, 19.045235229647162 ], [ -96.484931549949707, 19.037755569886279 ], [ -96.482516320333673, 19.029747749922368 ], [ -96.490282709916343, 19.029807580446445 ], [ -96.491931879789021, 19.018638769594247 ], [ -96.487493479732379, 18.986734430250031 ], [ -96.493812680134027, 18.989017179748593 ], [ -96.494186379584605, 18.993299980202615 ], [ -96.497043280167091, 18.991980029702745 ], [ -96.502878920379871, 18.996165289716341 ], [ -96.505203109984038, 18.993996569774314 ], [ -96.505169770255876, 18.997226140019805 ], [ -96.516884969871683, 18.992632249714902 ], [ -96.520329260211355, 18.994135059781073 ], [ -96.52071977022581, 18.990862090081936 ], [ -96.526379599995494, 18.989598020165346 ], [ -96.528632599712978, 18.978263909679445 ], [ -96.535798249851581, 18.979916199912154 ], [ -96.550306509785699, 18.974083999577267 ], [ -96.558983739664598, 18.976378260159525 ], [ -96.55723827956615, 18.965526450174192 ], [ -96.549971659713677, 18.965539290203196 ], [ -96.550704979902449, 18.962768119680138 ], [ -96.546026880146968, 18.959495629732828 ], [ -96.544123110375608, 18.962502889830997 ], [ -96.538206369972357, 18.962031649636256 ], [ -96.541881540222661, 18.955067290264562 ], [ -96.577577489709626, 18.960550769833294 ], [ -96.590608489833642, 18.958313800078066 ], [ -96.591793619766435, 18.954695349911084 ], [ -96.600323109600012, 18.955033819644697 ], [ -96.603677280132359, 18.961771449673403 ], [ -96.613339820094126, 18.950344230069337 ], [ -96.616801690363687, 18.957747340448236 ], [ -96.604058860123885, 18.969731249676599 ], [ -96.632254059542561, 18.976554520069108 ], [ -96.616785920319103, 18.978147660077237 ], [ -96.614456419606725, 18.987672170302769 ], [ -96.610390509943713, 18.987602059618748 ], [ -96.611289859712343, 19.016605780408192 ], [ -96.619315580314151, 19.016020580164934 ], [ -96.61987351988941, 19.021913620712166 ], [ -96.635674309570391, 19.018910629554817 ], [ -96.636442550218476, 19.013474260398066 ], [ -96.641945829746916, 19.013573419601229 ], [ -96.66778008961802, 19.01993949030674 ], [ -96.664408659924788, 19.033338769865683 ], [ -96.646056020169425, 19.037229689741537 ], [ -96.644525139799072, 19.046401280357248 ], [ -96.639662260293875, 19.052189049984438 ], [ -96.637271600417279, 19.051379749563225 ], [ -96.638416980452988, 19.04719477007249 ], [ -96.630975709570293, 19.042640380150491 ], [ -96.630569139767942, 19.046650119694398 ], [ -96.625543859971586, 19.04548312017446 ], [ -96.620572059721923, 19.050420939887694 ], [ -96.61764967981216, 19.046580180297315 ], [ -96.618528429525682, 19.052211090034614 ], [ -96.615297460052446, 19.055707429742892 ], [ -96.615474680178934, 19.049405219864571 ], [ -96.609269999527967, 19.051679580284095 ], [ -96.607029939727795, 19.047636690256056 ], [ -96.604478449681864, 19.049974109602719 ], [ -96.602300250461596, 19.044087920051982 ], [ -96.599806249558966, 19.050826459803822 ], [ -96.595641279879487, 19.045675779580094 ], [ -96.589248570211339, 19.051624540165523 ], [ -96.586589460119612, 19.047020250443268 ], [ -96.582624369708896, 19.052207170054547 ], [ -96.577343819928302, 19.048585219654854 ], [ -96.577568080386229, 19.0522378203936 ], [ -96.573229090228395, 19.052934939652289 ], [ -96.572108859922935, 19.050244219582574 ], [ -96.567619102034101, 19.05420813604567 ] ] ] } },
{ "type": "Feature", "properties": { "code": "30008", "stateCode": "30", "municipalityCode": "008", "name": "Alpatláhuac" }, "geometry": { "type": "Polygon", "coordinates": [ [ [ -97.122269029081266, 19.135175339281339 ], [ -97.109272849072255, 19.133851260057206 ], [ -97.100272939207315, 19.126304019977354 ], [ -97.091603378744281, 19.127402779956828 ], [ -97.085564749938399, 19.119059089912341 ], [ -97.066461749652134, 19.112889569541725 ], [ -97.063827910183704, 19.101005579731741 ], [ -97.070447259589727, 19.102490999706234 ], [ -97.069677850058511, 19.099503800048328 ], [ -97.073912480301928, 19.097011420148636 ], [ -97.078599649944536, 19.099301429789428 ], [ -97.078302019761509, 19.092438399733396 ], [ -97.089283350226765, 19.090378750071768 ], [ -97.098364380016378, 19.079591720048324 ], [ -97.104250630324543, 19.081780449902197 ], [ -97.114231910217782, 19.076279350366587 ], [ -97.121207169638652, 19.076201340352441 ], [ -97.115062049643029, 19.068053621818624 ], [ -97.123688780365384, 19.066601140268244 ], [ -97.135036880246346, 19.069999940056348 ], [ -97.132723690120685, 19.063604200147083 ], [ -97.142795140197038, 19.062022029908373 ], [ -97.155799799843578, 19.066063880162858 ], [ -97.167120769775124, 19.06324764973072 ], [ -97.197630910322175, 19.076706970391932 ], [ -97.19799602028219, 19.094662689629164 ], [ -97.201420940176718, 19.099731380165839 ], [ -97.14050004941636, 19.128716050123739 ], [ -97.120296059153617, 19.131625250046547 ], [ -97.122269029081266, 19.135175339281339 ] ] ] } },
{ "type": "Feature", "properties": { "code": "30009", "stateCode": "30", "municipalityCode": "009", "name": "Alto Lucero de Gutiérrez Barrios" }, "geometry": { "type": "Polygon", "coordinates": [ [ [ -96.525218539975697, 19.923557029764133 ], [ -96.484136749899747, 19.878463550274269 ], [ -96.460015079838769, 19.860929689821702 ], [ -96.449291999527759, 19.848874059882611 ], [ -96.447040340095882, 19.830217029591051 ], [ -96.436061579716238, 19.804282380152856 ], [ -96.421876150412004, 19.786568649721811 ], [ -96.423892860422001, 19.777815920127665 ], [ -96.414735909983577, 19.756046250306191 ], [ -96.407244849600161, 19.748315319892509 ], [ -96.408313139792654, 19.738621650407644 ], [ -96.401071259587127, 19.725334339744514 ], [ -96.401780400356486, 19.721899430167607 ], [ -96.399543309721295, 19.719070019682263 ], [ -96.399424310136411, 19.717679019781688 ], [ -96.400629680000065, 19.715352220344172 ], [ -96.399650429632544, 19.718870020074828 ], [ -96.403033750000532, 19.721540119800039 ], [ -96.403885110222262, 19.717876250289368 ], [ -96.401113349629128, 19.717393350045644 ], [ -96.40472848033302, 19.715119149852672 ], [ -96.40692194992134, 19.705149660135788 ], [ -96.410499579546084, 19.711004780076596 ], [ -96.426785540462646, 19.716622430143648 ], [ -96.433508050174595, 19.708599580295385 ], [ -96.44153677973388, 19.721753180251852 ], [ -96.45018813983603, 19.727229939899619 ], [ -96.470415120087964, 19.718751719989672 ], [ -96.464482380101956, 19.715045980428968 ], [ -96.471583709979413, 19.710340030274892 ], [ -96.481595450124743, 19.712418820431076 ], [ -96.503708510003918, 19.705762249662172 ], [ -96.499150029946875, 19.684505050110168 ], [ -96.508206320276287, 19.68299943017562 ], [ -96.513560090358496, 19.689673490015853 ], [ -96.52161048952361, 19.68284985039978 ], [ -96.522560509640414, 19.676028120375914 ], [ -96.527368830162033, 19.673050780019647 ], [ -96.524754770183606, 19.669878019712421 ], [ -96.526794659883763, 19.662051400393 ], [ -96.531882919666387, 19.655863740272377 ], [ -96.539437450047146, 19.654936490076484 ], [ -96.541392909719164, 19.64401799958646 ], [ -96.559553249589854, 19.619192709546809 ], [ -96.587212489561196, 19.617421319741286 ], [ -96.595291770140889, 19.622186620033983 ], [ -96.599902230307833, 19.616434199955421 ], [ -96.607880320256996, 19.614295510248507 ], [ -96.619069940058338, 19.619147370274046 ], [ -96.62262604972463, 19.600721509579035 ], [ -96.605925279857559, 19.587243170064955 ], [ -96.611880910224485, 19.585177860296618 ], [ -96.622045430131408, 19.588009569780017 ], [ -96.625065710004066, 19.581531940038634 ], [ -96.631016970219619, 19.578325319780241 ], [ -96.641319229985953, 19.580371199901133 ], [ -96.643625549632176, 19.5876313198929 ], [ -96.643760349552466, 19.583664710266184 ], [ -96.659743919624958, 19.589577940278829 ], [ -96.667092170306219, 19.584155679751117 ], [ -96.682416680030528, 19.581734679703981 ], [ -96.679706250174064, 19.569571619724098 ], [ -96.68375367979688, 19.570211739994413 ], [ -96.684707509852842, 19.559635720384208 ], [ -96.666428780324836, 19.544382550279884 ], [ -96.665250710385038, 19.538573660246389 ], [ -96.680609519788078, 19.532336980187885 ], [ -96.685535680119216, 19.541290369766003 ], [ -96.70454675028806, 19.556729140424732 ], [ -96.706443909749339, 19.564640920014067 ], [ -96.729660120015112, 19.571504319948204 ], [ -96.753124110055495, 19.57123264959565 ], [ -96.757784419983381, 19.575320079613363 ], [ -96.75787344983496, 19.58094657029265 ], [ -96.751429339575168, 19.588073250214244 ], [ -96.749913029950989, 19.600609859817204 ], [ -96.758215250458861, 19.608082509627295 ], [ -96.753853800013175, 19.609124019802401 ], [ -96.759378080161397, 19.610831310016746 ], [ -96.759727979963102, 19.615093709556611 ], [ -96.753750030178296, 19.613637119618751 ], [ -96.755598620163056, 19.615380109928495 ], [ -96.746770549854389, 19.619677949837392 ], [ -96.756857780008474, 19.631046509678697 ], [ -96.751542479896358, 19.631974280027052 ], [ -96.753107950480626, 19.637251829696162 ], [ -96.749721510180166, 19.63557601969752 ], [ -96.744233169918374, 19.644182420325642 ], [ -96.744459020229257, 19.663167320457436 ], [ -96.737306139703691, 19.663152579586427 ], [ -96.734901199608842, 19.666051000104122 ], [ -96.743749229818988, 19.67371042043937 ], [ -96.727670830452681, 19.673556830248138 ], [ -96.726546889685409, 19.683116580194802 ], [ -96.720207800331451, 19.695242169844803 ], [ -96.714477029816265, 19.694589659542167 ], [ -96.717371179576986, 19.706692980291816 ], [ -96.724284779740884, 19.709789569853871 ], [ -96.729980380185722, 19.719016280115547 ], [ -96.716939780025299, 19.718297580002385 ], [ -96.716823489534136, 19.724880170244486 ], [ -96.711377139962494, 19.723654939996891 ], [ -96.705426909842259, 19.728009339669818 ], [ -96.699749279874837, 19.723658599874828 ], [ -96.693101340441757, 19.726041080028711 ], [ -96.687878200054612, 19.720818970193651 ], [ -96.68550517019132, 19.729069079596897 ], [ -96.689065419838471, 19.730597910239535 ], [ -96.689042229938366, 19.734413879767107 ], [ -96.682339859860448, 19.740411650241665 ], [ -96.679147879822395, 19.736594169842558 ], [ -96.67132674960186, 19.735081890176197 ], [ -96.671399419682118, 19.721644429695306 ], [ -96.665592120174594, 19.71560788026418 ], [ -96.653219380017617, 19.736678689679476 ], [ -96.672150909572323, 19.741154649549653 ], [ -96.675478950301539, 19.748841350220726 ], [ -96.650863999898661, 19.753734459630579 ], [ -96.646789280365923, 19.774262999684495 ], [ -96.638532430250692, 19.774988519734624 ], [ -96.633542249594996, 19.779941289920721 ], [ -96.628814290136603, 19.778433879935204 ], [ -96.624990580203956, 19.784390539959826 ], [ -96.610375480041839, 19.781748380065164 ], [ -96.591635230049931, 19.785887680322357 ], [ -96.59103671029473, 19.788840339667825 ], [ -96.581101200254295, 19.792042350315892 ], [ -96.576503119962226, 19.805042220125912 ], [ -96.566802059983956, 19.809632579594361 ], [ -96.566419979693649, 19.820893509586881 ], [ -96.55373814976997, 19.835514539638641 ], [ -96.549907510330257, 19.835600120240102 ], [ -96.545979949839079, 19.84589208032115 ], [ -96.541629800301223, 19.848841020327704 ], [ -96.543269970068835, 19.855274179765239 ], [ -96.536554910120003, 19.866145999799883 ], [ -96.54525210955876, 19.876142080351038 ], [ -96.533569890351714, 19.890347139742467 ], [ -96.529937719858282, 19.898381479618472 ], [ -96.53184358009203, 19.901952200192174 ], [ -96.525939849917933, 19.904940050247532 ], [ -96.527963879880232, 19.910258119854941 ], [ -96.53646929028703, 19.916645260006383 ], [ -96.531813120101759, 19.91680197020295 ], [ -96.525218539975697, 19.923557029764133 ] ] ] } },
{ "type": "Feature", "properties": { "code": "30071", "stateCode": "30", "municipalityCode": "071", "name": "Huatusco" }, "geometry": { "type": "Polygon", "coordinates": [ [ [ -97.030091690159068, 19.218621539826113 ], [ -97.031127149965116, 19.211437490012216 ], [ -97.025932520169761, 19.203876280225678 ], [ -97.020024430104016, 19.209097199742967 ], [ -97.017337889781473, 19.205452859868348 ], [ -97.004001030350381, 19.209354489960983 ], [ -96.992953570331252, 19.201230710144582 ], [ -96.96681025974803, 19.195688570315266 ], [ -96.966260020017813, 19.191318519625906 ], [ -96.959235140338237, 19.185316110171662 ], [ -96.942341369740603, 19.182163710121344 ], [ -96.926319310484132, 19.159406969600187 ], [ -96.908293370127879, 19.151206280335391 ], [ -96.905824740309754, 19.152928679903351 ], [ -96.892481539650433, 19.14164304977222 ], [ -96.888910829873026, 19.143701199689037 ], [ -96.887306720233084, 19.139767719804883 ], [ -96.884626820021751, 19.140937570288866 ], [ -96.889399919651623, 19.147838599796756 ], [ -96.886488599658762, 19.147361969662871 ], [ -96.886016460355904, 19.158183319704168 ], [ -96.88069344972611, 19.153146749939676 ], [ -96.854337489550986, 19.149055719539469 ], [ -96.839828399566386, 19.141011850037831 ], [ -96.823136109913861, 19.140342909878068 ], [ -96.802287380152862, 19.115971320042107 ], [ -96.790820219928335, 19.11211937992897 ], [ -96.779661049721582, 19.102086170341682 ], [ -96.747420919901131, 19.092125309818972 ], [ -96.744275890357031, 19.093592519602364 ], [ -96.738415769723375, 19.089486570089626 ], [ -96.729766230369378, 19.091739969912261 ], [ -96.718033879586315, 19.087536620065205 ], [ -96.703941890100111, 19.088349119903985 ], [ -96.691717539771872, 19.081968519553012 ], [ -96.690651289916801, 19.084763350317793 ], [ -96.68723192002615, 19.082415650302707 ], [ -96.684902920434112, 19.085188079903059 ], [ -96.685210090255268, 19.075359849713141 ], [ -96.691907480258521, 19.072509349653199 ], [ -96.715820519631549, 19.078125919729704 ], [ -96.723166820392137, 19.074771149939956 ], [ -96.739498890376964, 19.076852549770329 ], [ -96.743813950094534, 19.081395650422166 ], [ -96.749998780322855, 19.079858999866424 ], [ -96.751957649853637, 19.082913179578572 ], [ -96.761378579943127, 19.082944650012273 ], [ -96.769042780080497, 19.09155177042582 ], [ -96.775811890482402, 19.091366919693542 ], [ -96.780514799642972, 19.095389799625956 ], [ -96.786749660391209, 19.093245599943348 ], [ -96.798116349647273, 19.105737580385782 ], [ -96.810321400140921, 19.111603030095377 ], [ -96.815674620076393, 19.110380829634067 ], [ -96.816247550264933, 19.114202510169619 ], [ -96.830788750391633, 19.118863920095432 ], [ -96.831017450424397, 19.122342709694291 ], [ -96.838989850363959, 19.127518420174155 ], [ -96.866221419707429, 19.135728780244023 ], [ -96.867063199899263, 19.132148249865292 ], [ -96.88422805993028, 19.125037250239178 ], [ -96.880009379973984, 19.124235510358641 ], [ -96.875184149760756, 19.114531319569572 ], [ -96.87142881997913, 19.112997139600392 ], [ -96.871220429877468, 19.098585170407297 ], [ -96.863065290089096, 19.093263290453685 ], [ -96.854452850397138, 19.094013309846492 ], [ -96.845572800092583, 19.078761860298769 ], [ -96.851761350473723, 19.084830570018877 ], [ -96.868247510316053, 19.088191569994553 ], [ -96.876062580270926, 19.093549969923075 ], [ -96.889708280327184, 19.091077260374796 ], [ -96.890928620271907, 19.094104050209008 ], [ -96.899971520218301, 19.095927289878162 ], [ -96.914454059655753, 19.088324800143557 ], [ -96.921676289908461, 19.088735709934141 ], [ -96.920525770332276, 19.08610912043245 ], [ -96.932623950100464, 19.088717429749103 ], [ -96.938821169875595, 19.086921710073586 ], [ -96.936781539728585, 19.084420999546897 ], [ -96.950846419978035, 19.083789019898497 ], [ -96.953767980088458, 19.086491939977609 ], [ -96.969831769681051, 19.084918780235022 ], [ -96.982370490102056, 19.095967030145282 ], [ -96.999157940122942, 19.085501149612959 ], [ -97.002251109778001, 19.090364180015424 ], [ -97.009277970386876, 19.092641229986071 ], [ -97.009171289926229, 19.100304920349483 ], [ -97.014335510145528, 19.107956090393344 ], [ -97.025324489825948, 19.115049859813098 ], [ -97.023094710300342, 19.119643600269065 ], [ -97.025582850266389, 19.124054750406913 ], [ -97.038126999822751, 19.134262579609743 ], [ -97.03445602025306, 19.137668259811122 ], [ -97.026906050340045, 19.134350229957498 ], [ -97.029432950028522, 19.142938229774131 ], [ -97.042136089618666, 19.151387000349096 ], [ -97.038306290210826, 19.157674049921368 ], [ -97.043036079847212, 19.165004940431732 ], [ -97.041385620321066, 19.174417219860668 ], [ -97.056063750353474, 19.197093049715924 ], [ -97.051949979750731, 19.200738660203019 ], [ -97.051559619962049, 19.206812939694998 ], [ -97.036209739759897, 19.212330220340508 ], [ -97.030091690159068, 19.218621539826113 ] ] ] } },
{ "type": "Feature", "properties": { "code": "30092", "stateCode": "30", "municipalityCode": "092", "name": "Xico" }, "geometry": { "type": "Polygon", "coordinates": [ [ [ -97.106940380414827, 19.52204833975345 ], [ -97.10172210997446, 19.517964379680972 ], [ -97.092612619934826, 19.519477769795088 ], [ -97.071703079552989, 19.509467119570765 ], [ -97.068218109959702, 19.503254279896343 ], [ -97.05680324966103, 19.496658139706266 ], [ -97.049709030455872, 19.482532429905987 ], [ -97.035860820150646, 19.471572859806852 ], [ -97.015431429862872, 19.467083539919088 ], [ -97.010142109809138, 19.462832620002597 ], [ -96.999008450316055, 19.462338459887089 ], [ -96.998300619886678, 19.449704339944443 ], [ -96.991850819861597, 19.440924679678261 ], [ -96.976643749719173, 19.439618919603713 ], [ -96.96647690937148, 19.427447150237274 ], [ -96.963071950285581, 19.428528940009638 ], [ -96.959554949669339, 19.424258080239749 ], [ -96.949984019823603, 19.422473120379387 ], [ -96.931034379899572, 19.402599169823102 ], [ -96.9264111400025, 19.403140739577193 ], [ -96.92235844991005, 19.393144310207791 ], [ -96.908162349863474, 19.38403836981713 ], [ -96.907817970130324, 19.378679860338352 ], [ -96.896259110304868, 19.376055849559087 ], [ -96.894882229717609, 19.37220132028672 ], [ -96.905492579737356, 19.36868149018612 ], [ -96.907333400147095, 19.37513692028925 ], [ -96.921583649961576, 19.384478000008411 ], [ -96.926301369613796, 19.383713309868181 ], [ -96.930783380330865, 19.389790309829742 ], [ -96.970587219977702, 19.401836169721385 ], [ -96.979087579559263, 19.398530000026778 ], [ -96.980610940071969, 19.40251541994504 ], [ -96.988433509967564, 19.403530939623082 ], [ -97.011625689980278, 19.393294549721087 ], [ -97.020214940293698, 19.396658629993791 ], [ -97.035678510114224, 19.391258850150788 ], [ -97.040373710137885, 19.393496000348762 ], [ -97.041217490178695, 19.39790954995318 ], [ -97.057351350333448, 19.39490397036251 ], [ -97.08164453984169, 19.415371350445877 ], [ -97.091267290463989, 19.417496889617713 ], [ -97.09394885009219, 19.422911510162354 ], [ -97.110468739770994, 19.41959504987047 ], [ -97.120276999647587, 19.422811749682538 ], [ -97.134138749563178, 19.422390000368839 ], [ -97.148251399662584, 19.445649520148748 ], [ -97.143812509985082, 19.458750890314096 ], [ -97.151661449924546, 19.477170580440614 ], [ -97.149926019920926, 19.487689980075316 ], [ -97.138485139785871, 19.50824525000257 ], [ -97.130339600052466, 19.515514490080058 ], [ -97.122187850299809, 19.519355090260319 ], [ -97.11094052031055, 19.517770579988369 ], [ -97.106940380414827, 19.52204833975345 ] ] ] } },
{ "type": "Feature", "properties": { "code": "30091", "stateCode": "30", "municipalityCode": "091", "name": "Jesús Carranza" }, "geometry": { "type": "Polygon", "coordinates": [ [ [ -94.822676830162635, 17.590563120307824 ], [ -94.817377169738364, 17.58596117014374 ], [ -94.811506120010932, 17.58868351986256 ], [ -94.809558860300797, 17.584985200334977 ], [ -94.805774020481365, 17.585914889792932 ], [ -94.802881509655748, 17.58051557036239 ], [ -94.798086339934045, 17.582866050355463 ], [ -94.799278380360022, 17.579971719646839 ], [ -94.795868509701194, 17.577722510018226 ], [ -94.790537430389861, 17.583486250225263 ], [ -94.788520320360973, 17.577874309869788 ], [ -94.777705650289917, 17.574888280306315 ], [ -94.777188380215861, 17.58005014962405 ], [ -94.769766320044283, 17.580120110230325 ], [ -94.771064550129225, 17.584643950027569 ], [ -94.763568690393043, 17.587754580077487 ], [ -94.753741450095731, 17.571120859731288 ], [ -94.719527229555396, 17.55002691039288 ], [ -94.709402950188519, 17.533452180077145 ], [ -94.72573677025288, 17.502839120428455 ], [ -94.752685539613921, 17.483835170372046 ], [ -94.756706140278936, 17.485222480116114 ], [ -94.75946528008663, 17.496738399700693 ], [ -94.76530327952895, 17.498658490144589 ], [ -94.780539459988148, 17.481397169987392 ], [ -94.800760220394508, 17.479866380263591 ], [ -94.814728340104097, 17.488108349956672 ], [ -94.825618049757082, 17.502370480033488 ], [ -94.839177820144201, 17.500757059795863 ], [ -94.850583550187736, 17.488800770069975 ], [ -94.851679859909652, 17.462888739626056 ], [ -94.833611549606402, 17.449163779755647 ], [ -94.830967170039216, 17.443990079808376 ], [ -94.833478599704634, 17.43942208042612 ], [ -94.827695319715062, 17.434624319965074 ], [ -94.826280620465042, 17.438628909725299 ], [ -94.820432219951101, 17.439120480041002 ], [ -94.809930200103253, 17.429888059584535 ], [ -94.805629569746756, 17.431230830207333 ], [ -94.803559679606224, 17.439891539827165 ], [ -94.79362148029648, 17.441719569818215 ], [ -94.786376939573273, 17.447123859996132 ], [ -94.779294999533747, 17.459797510299627 ], [ -94.770806940324519, 17.458983140391446 ], [ -94.768061110286553, 17.461863600127739 ], [ -94.769622050163591, 17.468003890315462 ], [ -94.764221829993332, 17.46763659962399 ], [ -94.763014780290661, 17.462040369591236 ], [ -94.761341229862424, 17.466388950318848 ], [ -94.756472780231803, 17.461436540069027 ], [ -94.749703280049587, 17.462299290445216 ], [ -94.74373332013927, 17.455671379717163 ], [ -94.745838889746523, 17.454663979978807 ], [ -94.744028820033975, 17.451987179563027 ], [ -94.750756120271518, 17.446600780278519 ], [ -94.750547880073896, 17.441749310208351 ], [ -94.755713370287282, 17.442457340180837 ], [ -94.754898650396328, 17.439818850158879 ], [ -94.749761399784276, 17.439098999628239 ], [ -94.74008645010322, 17.424127940398087 ], [ -94.728481519675043, 17.428090660278105 ], [ -94.718745379857964, 17.424563909714045 ], [ -94.713286940339202, 17.41387296990187 ], [ -94.718783769555728, 17.410114179608474 ], [ -94.714884629801631, 17.40788878017031 ], [ -94.718622019901076, 17.404490750001877 ], [ -94.71809885044452, 17.394267749977747 ], [ -94.730423629851586, 17.391990420207975 ], [ -94.73038760006898, 17.384784660370528 ], [ -94.735285179990669, 17.378005120415985 ], [ -94.732842579526235, 17.374527550087322 ], [ -94.720043120146016, 17.37514084979399 ], [ -94.717550550048813, 17.370492220061045 ], [ -94.723379680289199, 17.367941050234993 ], [ -94.71683191980803, 17.364968540294566 ], [ -94.712009320008676, 17.376805650178412 ], [ -94.708817279764546, 17.371694460205489 ], [ -94.698529860192494, 17.376080030412449 ], [ -94.702815720189719, 17.379262230154293 ], [ -94.702604710168529, 17.385191889795724 ], [ -94.696432080423961, 17.385898650309578 ], [ -94.694637490385219, 17.383417179668868 ], [ -94.689426780186281, 17.385827680289594 ], [ -94.692724200425701, 17.393146150337994 ], [ -94.68662891019595, 17.389199880046196 ], [ -94.689746079822768, 17.382150909761855 ], [ -94.682881310411418, 17.378069379798799 ], [ -94.680591169685272, 17.381262319664536 ], [ -94.676751419603704, 17.378065599648949 ], [ -94.674093910233651, 17.383780290011025 ], [ -94.671324600151493, 17.379628710363875 ], [ -94.664112249877974, 17.382957109902637 ], [ -94.651984180206355, 17.379840490263724 ], [ -94.657693320256342, 17.375172799811121 ], [ -94.65022626008647, 17.370956489972095 ], [ -94.645534779616085, 17.360343379749988 ], [ -94.648088449896605, 17.357016580214683 ], [ -94.655638119643612, 17.364837250211696 ], [ -94.66920339988269, 17.365925250271079 ], [ -94.660965629761051, 17.356614289897298 ], [ -94.660062910366364, 17.34026705046832 ], [ -94.654166665227962, 17.331666667488825 ], [ -94.657543479843966, 17.329521630222661 ], [ -94.696410229522868, 17.336136550311107 ], [ -94.699390920204635, 17.305946629815598 ], [ -94.705382249683154, 17.305787200166748 ], [ -94.706530340187584, 17.30269438006346 ], [ -94.699542708581831, 17.300740600208552 ], [ -94.699739370109441, 17.294859830379803 ], [ -94.725926279976903, 17.295224659871504 ], [ -94.734693310400473, 17.28800988958324 ], [ -94.749049289202603, 17.285630089933434 ], [ -94.754149119713645, 17.279130230394657 ], [ -94.75416331998575, 17.270751280287723 ], [ -94.748674890239201, 17.268643520054994 ], [ -94.747024750045242, 17.261729169956066 ], [ -94.741274659862157, 17.262784220043475 ], [ -94.741244449928388, 17.25838011044635 ], [ -94.744270629804319, 17.259616710219841 ], [ -94.743556309905486, 17.255667030212532 ], [ -94.748065350179942, 17.254691909658728 ], [ -94.746184059322417, 17.250869259831827 ], [ -94.75172482958142, 17.2432991403976 ], [ -94.756356089750554, 17.227380769742989 ], [ -94.75331236955914, 17.225193970140577 ], [ -94.758897619673874, 17.21955887998033 ], [ -94.753335749908047, 17.216441720201853 ], [ -94.756721540307211, 17.212659339603594 ], [ -94.752047519827627, 17.206144919711249 ], [ -94.754094339926752, 17.199995110402899 ], [ -94.737177000112837, 17.192161829897927 ], [ -94.743576260370389, 17.184667089579982 ], [ -94.922814780048355, 17.193788430263041 ], [ -94.923016719672276, 17.204130229677716 ], [ -94.915406859905701, 17.206221369606986 ], [ -94.911214110386311, 17.213705580463238 ], [ -94.910459399979388, 17.227883400087293 ], [ -94.905295170336885, 17.236908109775001 ], [ -94.909567660414396, 17.242781479945126 ], [ -94.89542902980331, 17.256378399735375 ], [ -94.909654720454583, 17.267976919706214 ], [ -94.901348689974554, 17.287452749954628 ], [ -94.904245420433867, 17.289617580070281 ], [ -94.913091060074152, 17.286234780078736 ], [ -94.91476582030846, 17.292577060013432 ], [ -94.90912532046768, 17.297189519908802 ], [ -94.889003770249019, 17.300078379881107 ], [ -94.890781550443066, 17.311056000056414 ], [ -94.900952969725239, 17.317060490438013 ], [ -94.911488769832729, 17.31429505040801 ], [ -94.927158079759877, 17.325141199831556 ], [ -94.933077370196926, 17.31898353983301 ], [ -94.94577737998425, 17.31414014036239 ], [ -94.950979680113193, 17.315649430282555 ], [ -94.96055820008398, 17.323074290254112 ], [ -94.966509179778228, 17.334367660125032 ], [ -94.971192150366562, 17.330969579676601 ], [ -95.076567399749493, 17.372933710403242 ], [ -95.204597200058458, 17.538672220148062 ], [ -95.197783719564953, 17.545941600339329 ], [ -95.176274200273014, 17.545965060255661 ], [ -95.172180509753687, 17.556857020339827 ], [ -95.16809450976686, 17.558571119782627 ], [ -95.163528479668344, 17.556610950087638 ], [ -95.151832000252824, 17.562722819891672 ], [ -95.112420420250345, 17.560924950185154 ], [ -95.08283970999598, 17.573434020125141 ], [ -95.063751230427059, 17.56834822035314 ], [ -95.050077510438101, 17.575000140081784 ], [ -95.042724019933445, 17.568483279850437 ], [ -95.02777439988013, 17.563230689914175 ], [ -95.00021933993321, 17.579442250432514 ], [ -94.99261785998884, 17.573072289995302 ], [ -94.980989680131898, 17.57723185024134 ], [ -94.963914479578875, 17.574463230360006 ], [ -94.948919629772362, 17.579271909813254 ], [ -94.938549939632324, 17.578242249621184 ], [ -94.931221739658838, 17.569869420364352 ], [ -94.923628060332447, 17.568639739660782 ], [ -94.913800799879894, 17.571158279685658 ], [ -94.913536089673514, 17.574927319572119 ], [ -94.907811449992153, 17.578401310048744 ], [ -94.892840879656902, 17.57744395002149 ], [ -94.887799290147512, 17.583355090080687 ], [ -94.884908890342743, 17.580292720328586 ], [ -94.871338049886262, 17.583710349722033 ], [ -94.865305970440588, 17.579515949962015 ], [ -94.863935710161797, 17.582943460148492 ], [ -94.858605629586719, 17.584493909941408 ], [ -94.855772400149789, 17.582175739943438 ], [ -94.849206769823368, 17.588443079758019 ], [ -94.841749219885855, 17.590485780317199 ], [ -94.839457740445738, 17.588031569927352 ], [ -94.832886689816178, 17.590700650371815 ], [ -94.827900219715303, 17.586669370008103 ], [ -94.822676830162635, 17.590563120307824 ] ] ] } },
{ "type": "Feature", "properties": { "code": "30090", "stateCode": "30", "municipalityCode": "090", "name": "Jamapa" }, "geometry": { "type": "Polygon", "coordinates": [ [ [ -96.265050419759532, 19.064385720327163 ], [ -96.250546510214988, 19.054845719762756 ], [ -96.251591770376919, 19.047673400180248 ], [ -96.239604459609097, 19.045852109688706 ], [ -96.231218660407706, 19.048405709681663 ], [ -96.226933919779285, 19.039116550088568 ], [ -96.22494410968531, 19.042905000200339 ], [ -96.218100020393621, 19.038726509870692 ], [ -96.209110629836758, 19.048400289910145 ], [ -96.205715170301147, 19.044214910388828 ], [ -96.204252230002098, 19.046877920126402 ], [ -96.198122579853816, 19.046804689748839 ], [ -96.197296769588334, 19.050473290409297 ], [ -96.183336459972168, 19.051499369693278 ], [ -96.176139850379045, 19.049503970078177 ], [ -96.177879800402152, 19.04673125998583 ], [ -96.172853919941531, 19.037179949792701 ], [ -96.175033149810844, 19.038661880288661 ], [ -96.176660419519649, 19.032880860170376 ], [ -96.180922919549786, 19.035435429728249 ], [ -96.182181820354572, 19.029074340058365 ], [ -96.187604079795179, 19.024269490319686 ], [ -96.185345139572846, 19.007990569959873 ], [ -96.191307710007067, 18.998544600186488 ], [ -96.195927599578113, 19.000133289882861 ], [ -96.199842000352163, 18.997387969804716 ], [ -96.200777450162477, 18.990811319684525 ], [ -96.217226649977562, 18.983106550035927 ], [ -96.224292849801273, 18.98506697976622 ], [ -96.227420649941692, 18.982652339574447 ], [ -96.219862709782376, 18.976132149779637 ], [ -96.224467550337963, 18.964257090438174 ], [ -96.233224419574199, 18.953869829706377 ], [ -96.246339520186268, 18.946295680002208 ], [ -96.253440579915065, 18.945596369644733 ], [ -96.256984320274327, 18.935702600349458 ], [ -96.252919420429592, 18.922984480156952 ], [ -96.263087509763125, 18.917345279669377 ], [ -96.274107749823685, 18.916541080017033 ], [ -96.280282459571382, 18.921033490203371 ], [ -96.277732079607972, 18.925164449586873 ], [ -96.282929059782475, 18.928808739695551 ], [ -96.281364689531458, 18.937716420138582 ], [ -96.28604043027029, 18.944298109616895 ], [ -96.292665029681089, 18.942649230149314 ], [ -96.294394380365674, 18.935148779907124 ], [ -96.300830429677688, 18.935066489924495 ], [ -96.302636339909142, 18.941491510285296 ], [ -96.296835459950628, 18.95989223043912 ], [ -96.297529909662387, 18.966502749859025 ], [ -96.305276859724444, 18.973457489686108 ], [ -96.303871889846619, 18.983488479941386 ], [ -96.309211879585831, 18.98072732022667 ], [ -96.315495679523167, 18.982257180407561 ], [ -96.31447487975052, 18.997534849899804 ], [ -96.305816199701653, 19.00053309000538 ], [ -96.299874620127099, 18.997287630404152 ], [ -96.295405150250787, 19.007578420443895 ], [ -96.29944519963459, 19.017774460138337 ], [ -96.304814949657043, 19.016592520017888 ], [ -96.312504629817568, 19.02840565018008 ], [ -96.303641650213365, 19.028845549785572 ], [ -96.297223430376164, 19.03583567981298 ], [ -96.300027400293843, 19.037886290225558 ], [ -96.293437800034468, 19.040060889710009 ], [ -96.292424620265209, 19.054644229952856 ], [ -96.292051399766947, 19.052191090333878 ], [ -96.286970859537846, 19.052749719905112 ], [ -96.282780620417526, 19.060771029622259 ], [ -96.265050419759532, 19.064385720327163 ] ] ] } },
{ "type": "Feature", "properties": { "code": "30089", "stateCode": "30", "municipalityCode": "089", "name": "Jáltipan" }, "geometry": { "type": "Polygon", "coordinates": [ [ [ -94.769719619640256, 18.026047459861154 ], [ -94.729251779791767, 18.020559349817749 ], [ -94.725401949635412, 18.024008309732874 ], [ -94.725909910017322, 18.020059320391397 ], [ -94.705302180320743, 18.01697457972967 ], [ -94.698785150143777, 18.010393119888544 ], [ -94.705288420062189, 18.007416430376793 ], [ -94.698023259728359, 18.004299799730667 ], [ -94.697224779136874, 18.000964509863508 ], [ -94.692235680154042, 18.006540231033441 ], [ -94.691859780182, 17.982318509717274 ], [ -94.696421318788623, 17.9646028604989 ], [ -94.688414370197705, 17.957631949765229 ], [ -94.676317420062688, 17.962270380357104 ], [ -94.671427480315188, 17.955657320074941 ], [ -94.674109060437672, 17.940425399635064 ], [ -94.681063479585887, 17.942246910150065 ], [ -94.683919490000079, 17.938283019668223 ], [ -94.685820690008299, 17.9209797999583 ], [ -94.689838199939885, 17.918139119789529 ], [ -94.687379540239959, 17.905313940205769 ], [ -94.680214830183232, 17.8993138303168 ], [ -94.681867749690127, 17.891555170196714 ], [ -94.689794090263007, 17.88693156959912 ], [ -94.686446169890345, 17.884812380263249 ], [ -94.682274140032803, 17.886767689859962 ], [ -94.682734520331323, 17.881805769928533 ], [ -94.666879309561821, 17.872423820087725 ], [ -94.659105449598215, 17.874815690019567 ], [ -94.655228919890462, 17.882258630409876 ], [ -94.653016080077109, 17.871964720064661 ], [ -94.646644169603476, 17.869923449797103 ], [ -94.648855599768069, 17.866836829733426 ], [ -94.65645969047371, 17.865948889744992 ], [ -94.657765850105079, 17.860812180266965 ], [ -94.644830249909504, 17.862965619593506 ], [ -94.639346679877562, 17.851678830392675 ], [ -94.628942350039964, 17.853453479619649 ], [ -94.628576249551912, 17.849461319769389 ], [ -94.622076579668828, 17.847429000300441 ], [ -94.631271539830649, 17.8470406599676 ], [ -94.635089949744511, 17.840236199695891 ], [ -94.628245430231971, 17.830128289593535 ], [ -94.626473369672723, 17.818766349789147 ], [ -94.630761450199572, 17.815985220227731 ], [ -94.642493319812274, 17.81732854029114 ], [ -94.648900339749233, 17.809782460123461 ], [ -94.651490570107939, 17.79146933977178 ], [ -94.645458579979163, 17.776718379984253 ], [ -94.672144220339234, 17.769160649941284 ], [ -94.677552309921694, 17.764207849549297 ], [ -94.673538449667134, 17.76183423014843 ], [ -94.664403479940603, 17.763118220111327 ], [ -94.670694739854952, 17.757150379859606 ], [ -94.674994020052026, 17.746750430056768 ], [ -94.685328719925508, 17.739983020421604 ], [ -94.67775757955215, 17.730254279736066 ], [ -94.675770820240643, 17.71739314990041 ], [ -94.677167799856321, 17.70404760020859 ], [ -94.683220580086768, 17.697317520181432 ], [ -94.691177970016923, 17.700225139925948 ], [ -94.684476290233633, 17.71358477033818 ], [ -94.696254849903127, 17.72620834007823 ], [ -94.701188739635938, 17.728257769934181 ], [ -94.706008629778083, 17.725521109945742 ], [ -94.703724749972665, 17.715637430368563 ], [ -94.715470800409591, 17.717167149921554 ], [ -94.712985479819665, 17.727341030141289 ], [ -94.706331830072045, 17.734995449732512 ], [ -94.714902419886485, 17.73549406016852 ], [ -94.716711919581087, 17.741636910376709 ], [ -94.736185659978958, 17.739228779576333 ], [ -94.740089090300202, 17.744633660093971 ], [ -94.736466880149138, 17.750283599618104 ], [ -94.754923310379965, 17.75225397969378 ], [ -94.759452379841335, 17.76854998020892 ], [ -94.755977549837439, 17.774576540160936 ], [ -94.779080909763124, 17.781612449784255 ], [ -94.775959349669321, 17.785721689858811 ], [ -94.77783857966655, 17.794080049535953 ], [ -94.771534349714017, 17.797990629988298 ], [ -94.774193910094397, 17.80088129026301 ], [ -94.768409539738002, 17.799709429656776 ], [ -94.770412889723943, 17.805879479922133 ], [ -94.763339059581426, 17.807266459998289 ], [ -94.767939800140638, 17.813183800375569 ], [ -94.774291630232554, 17.814708949885119 ], [ -94.772740580240125, 17.818617970350275 ], [ -94.763267090204735, 17.826380550110486 ], [ -94.760337830361038, 17.824599950002391 ], [ -94.762587650067076, 17.818901420427775 ], [ -94.75912915024773, 17.818668819834876 ], [ -94.756669449558117, 17.822993170426948 ], [ -94.759744120087817, 17.829024149669401 ], [ -94.75279848012643, 17.829654830362578 ], [ -94.746304400411987, 17.840973110164381 ], [ -94.740595460265808, 17.834383049847837 ], [ -94.73712888019891, 17.835661060034042 ], [ -94.725325800153584, 17.849019600132827 ], [ -94.720727690026436, 17.848936679808183 ], [ -94.723663739656956, 17.859226289629216 ], [ -94.717670260017854, 17.853043769759054 ], [ -94.713343029844779, 17.861260919566949 ], [ -94.721649879651551, 17.870284620329986 ], [ -94.716627489564118, 17.874045030088485 ], [ -94.717223199814612, 17.877059889985709 ], [ -94.734720169605353, 17.882547519929059 ], [ -94.766366399557896, 17.88508192009142 ], [ -94.765749080376665, 17.896152859735956 ], [ -94.772501750219206, 17.897259619865821 ], [ -94.770215090035805, 17.910454199909406 ], [ -94.782323520010536, 17.914336879549055 ], [ -94.761173180445809, 17.929540849877668 ], [ -94.761961689990855, 17.936082660070674 ], [ -94.756797260016313, 17.935461940149338 ], [ -94.757695429677071, 17.940634920335661 ], [ -94.77470166040473, 17.932306370156152 ], [ -94.775145020154341, 17.929279950053257 ], [ -94.782743140258674, 17.929919880163059 ], [ -94.786305199640637, 17.941951749986174 ], [ -94.782964539825215, 17.955532860403483 ], [ -94.788855890192806, 17.958601459567419 ], [ -94.798652570366997, 17.958178879849754 ], [ -94.792570140074474, 17.968476419553223 ], [ -94.787175400136022, 17.966357600174113 ], [ -94.785808120007601, 17.978700309652154 ], [ -94.791350689830793, 17.980086619727736 ], [ -94.781769430088545, 17.985336740429766 ], [ -94.781334260145272, 17.999637570126943 ], [ -94.771761850314164, 18.000712450282865 ], [ -94.762746889645015, 17.996918379711786 ], [ -94.761588419675192, 18.003113430119068 ], [ -94.765800890356957, 18.006012049997466 ], [ -94.762336940346955, 18.008792120222274 ], [ -94.76573757976098, 18.016025740048576 ], [ -94.763313749636268, 18.019405169876698 ], [ -94.769719619640256, 18.026047459861154 ] ] ] } },
{ "type": "Feature", "properties": { "code": "30088", "stateCode": "30", "municipalityCode": "088", "name": "Jalcomulco" }, "geometry": { "type": "Polygon", "coordinates": [ [ [ -96.77061466003218, 19.403180429579667 ], [ -96.766214420276597, 19.392909230459367 ], [ -96.757695250289387, 19.395378829922389 ], [ -96.747759769882109, 19.390287629850338 ], [ -96.746953319695905, 19.376252170174567 ], [ -96.742309150056954, 19.379504229908083 ], [ -96.739451350075427, 19.375093850124234 ], [ -96.731057940058918, 19.372261680315102 ], [ -96.737521340351705, 19.372336229908193 ], [ -96.736827770562613, 19.363426080337714 ], [ -96.739664030536488, 19.362997489791287 ], [ -96.732836850383691, 19.351506620379922 ], [ -96.730692879711256, 19.335156750338815 ], [ -96.718827780141368, 19.315587079576392 ], [ -96.701378769926322, 19.310619289782323 ], [ -96.701484290229104, 19.304263139771813 ], [ -96.707138690129028, 19.296995049579369 ], [ -96.704278740174018, 19.294910509688691 ], [ -96.709370750101826, 19.28748974971635 ], [ -96.700682079973333, 19.276542720198929 ], [ -96.700616109761981, 19.271636570191877 ], [ -96.694785249866158, 19.270026540185675 ], [ -96.698195679707595, 19.267379770034527 ], [ -96.724797400162217, 19.26833979999088 ], [ -96.725342540182339, 19.282754690029762 ], [ -96.732287050171806, 19.284071720285137 ], [ -96.732837320009935, 19.289235969634785 ], [ -96.736458860394379, 19.289671750458979 ], [ -96.742885540045478, 19.299947510214352 ], [ -96.742476710141375, 19.316607259873756 ], [ -96.74480272032568, 19.313553720458668 ], [ -96.761660150180049, 19.311069619949897 ], [ -96.769194659886949, 19.304307460110721 ], [ -96.774059219693328, 19.305364399837398 ], [ -96.776218089959329, 19.309593169570906 ], [ -96.773673770147767, 19.325210019813323 ], [ -96.769807979978182, 19.327637979597419 ], [ -96.775604379670199, 19.33757986002913 ], [ -96.797991449595358, 19.335102399554323 ], [ -96.798948459891946, 19.344164249881423 ], [ -96.804838539534671, 19.345076850250212 ], [ -96.802453230308245, 19.350109740453352 ], [ -96.804722920002604, 19.358849889856391 ], [ -96.800762140002533, 19.357273779713125 ], [ -96.797034420062701, 19.364981910001557 ], [ -96.825187319729324, 19.378990370350717 ], [ -96.818729949597881, 19.384147149684338 ], [ -96.814235659664277, 19.38368889002092 ], [ -96.817884749562722, 19.390165920339502 ], [ -96.816498459767672, 19.395337450429523 ], [ -96.802355910050721, 19.38390877017984 ], [ -96.778265150364149, 19.372476489716615 ], [ -96.781691969904443, 19.392829890257577 ], [ -96.776733229623275, 19.397192510027391 ], [ -96.775460400385597, 19.392304909851735 ], [ -96.771782220104001, 19.393752169843538 ], [ -96.77061466003218, 19.403180429579667 ] ] ] } },
{ "type": "Feature", "properties": { "code": "30086", "stateCode": "30", "municipalityCode": "086", "name": "Jalacingo" }, "geometry": { "type": "Polygon", "coordinates": [ [ [ -97.241224830377121, 19.936358599592918 ], [ -97.230642949918874, 19.930905999674589 ], [ -97.2289022800297, 19.922723819800851 ], [ -97.222783309548547, 19.922623180206131 ], [ -97.22537265987259, 19.918603569803686 ], [ -97.22467542991599, 19.907555829917964 ], [ -97.2358794300184, 19.908594740053765 ], [ -97.240060999723099, 19.905569289590385 ], [ -97.252041340317888, 19.884253539669761 ], [ -97.247003619736873, 19.876323709672668 ], [ -97.25022522021149, 19.867966909821853 ], [ -97.246190859607736, 19.861686449866397 ], [ -97.248119140098225, 19.850306280380266 ], [ -97.25569648980337, 19.839696550174182 ], [ -97.24593923032738, 19.836756169923756 ], [ -97.240520800324049, 19.827989029656131 ], [ -97.236422979567635, 19.831059569674853 ], [ -97.23903954962266, 19.815852279619779 ], [ -97.251108679746139, 19.799161349884642 ], [ -97.260525820020106, 19.797265799977442 ], [ -97.247880949666751, 19.794331820438796 ], [ -97.260301149623828, 19.789395290275024 ], [ -97.265513060029591, 19.779833289652014 ], [ -97.259772090098764, 19.775809119735808 ], [ -97.272132820334321, 19.768781619808305 ], [ -97.281243600312763, 19.755224380238783 ], [ -97.28229650983441, 19.725490800236347 ], [ -97.271448966173281, 19.716914111228341 ], [ -97.269048539922508, 19.701953289706761 ], [ -97.274405080243397, 19.690868319761311 ], [ -97.280946820479357, 19.686097459898967 ], [ -97.277995490225962, 19.667494120166459 ], [ -97.267853749935185, 19.638007349652792 ], [ -97.273683999987924, 19.633607979843994 ], [ -97.273542520452395, 19.627160659896951 ], [ -97.287337119756316, 19.61584391969236 ], [ -97.309561149578414, 19.609593779604907 ], [ -97.305196919675367, 19.623673339654253 ], [ -97.310801050203892, 19.633130000208155 ], [ -97.317900340182462, 19.632069310058885 ], [ -97.351533120394109, 19.610763170058082 ], [ -97.350580170384575, 19.613870889835095 ], [ -97.358591419679982, 19.627800460299522 ], [ -97.364582429791213, 19.620116630392804 ], [ -97.380420820142106, 19.633984820134152 ], [ -97.347364219745756, 19.663375339794751 ], [ -97.341161570333796, 19.675751749777934 ], [ -97.326402619796966, 19.678918260021259 ], [ -97.303930019885797, 19.671155540383499 ], [ -97.307423860282825, 19.684537380119785 ], [ -97.32469035024701, 19.707096780091092 ], [ -97.331141579703385, 19.707567490181439 ], [ -97.328272750201918, 19.711784740191401 ], [ -97.333140400305879, 19.716779819685382 ], [ -97.32220482016568, 19.7223872297856 ], [ -97.313783799584343, 19.735135400015114 ], [ -97.321939969806635, 19.734778180103568 ], [ -97.318836340163998, 19.750707599918606 ], [ -97.319670799911663, 19.773852229846312 ], [ -97.313122650050204, 19.79047059980752 ], [ -97.316685909539729, 19.817832750787279 ], [ -97.313549889418127, 19.82179378081139 ], [ -97.315041600433602, 19.827755400069055 ], [ -97.30824625028923, 19.834444709885261 ], [ -97.310599229759504, 19.840652050269853 ], [ -97.308085340097477, 19.844300430179498 ], [ -97.308865339587086, 19.858033400129102 ], [ -97.300092170237733, 19.881299910283001 ], [ -97.290474630336035, 19.886812109815207 ], [ -97.290419890061088, 19.890573419880376 ], [ -97.295245879558578, 19.893640339716516 ], [ -97.289056420072853, 19.903600550183327 ], [ -97.286442168607536, 19.901561770120985 ], [ -97.28096895025547, 19.912349969770109 ], [ -97.272994169942592, 19.917613689891077 ], [ -97.271375980251548, 19.915301320358736 ], [ -97.270121550036606, 19.920735650179893 ], [ -97.26315542036518, 19.922488259798207 ], [ -97.254229080488116, 19.934322949601153 ], [ -97.241224830377121, 19.936358599592918 ] ] ] } },
{ "type": "Feature", "properties": { "code": "30018", "stateCode": "30", "municipalityCode": "018", "name": "Aquila" }, "geometry": { "type": "Polygon", "coordinates": [ [ [ -97.321863540247477, 18.812704420104286 ], [ -97.311980169652415, 18.810678380227582 ], [ -97.29219362032751, 18.786399080349444 ], [ -97.299996650315734, 18.776030539952941 ], [ -97.30129281964193, 18.778864740378943 ], [ -97.311824940251768, 18.776655140060523 ], [ -97.318300489719576, 18.769820430308524 ], [ -97.33078617032649, 18.763912320413571 ], [ -97.330320510181309, 18.767075859952822 ], [ -97.33701275023131, 18.768377289689752 ], [ -97.340185680090897, 18.778399370379297 ], [ -97.352850309587311, 18.77436127961338 ], [ -97.353558820230504, 18.790064060451819 ], [ -97.344451920039447, 18.800321080101831 ], [ -97.337754460302321, 18.799091120302936 ], [ -97.332535740365543, 18.807900260227406 ], [ -97.321863540247477, 18.812704420104286 ] ] ] } },
{ "type": "Feature", "properties": { "code": "30035", "stateCode": "30", "municipalityCode": "035", "name": "Citlaltépetl" }, "geometry": { "type": "Polygon", "coordinates": [ [ [ -97.931821140126956, 21.426420850167155 ], [ -97.929327769631811, 21.415625220261525 ], [ -97.910467710312091, 21.388537689914227 ], [ -97.898599080076465, 21.37703980003289 ], [ -97.891540079923516, 21.378840999635894 ], [ -97.889183859790108, 21.385164850231252 ], [ -97.893531049701195, 21.403366859610891 ], [ -97.890159879643022, 21.407852289893068 ], [ -97.864748860283484, 21.386525090047957 ], [ -97.862436709633954, 21.379716150264585 ], [ -97.857666660113935, 21.38306535026992 ], [ -97.851816940263873, 21.37849961969599 ], [ -97.850990259748698, 21.37280142991694 ], [ -97.862038940036499, 21.359615380390686 ], [ -97.864076719822904, 21.3469961799881 ], [ -97.857974450378748, 21.31817588037265 ], [ -97.844164830156259, 21.309381679595663 ], [ -97.841845169689591, 21.304402850103351 ], [ -97.845193740261863, 21.302314579619949 ], [ -97.844294649884461, 21.29750691970667 ], [ -97.850925450370781, 21.295412059754039 ], [ -97.847384969729148, 21.293406719982929 ], [ -97.847190570124425, 21.286622659662466 ], [ -97.853633399606025, 21.282620949795831 ], [ -97.862136919764751, 21.284929250091693 ], [ -97.866080370417762, 21.268735370136564 ], [ -97.872087460201129, 21.269502880409082 ], [ -97.868077019962328, 21.258039109599252 ], [ -97.872001280424783, 21.246129739761631 ], [ -97.879126199791131, 21.249970379891902 ], [ -97.88407140029959, 21.272620059972073 ], [ -97.890686749632906, 21.277715510005514 ], [ -97.894843649852248, 21.295231690286705 ], [ -97.90330240009736, 21.298402320434111 ], [ -97.906488599836948, 21.309785230436933 ], [ -97.902596710285678, 21.319094520088861 ], [ -97.907534950393739, 21.324035260391643 ], [ -97.906178570432303, 21.337055109705616 ], [ -97.91209517002477, 21.353247049903512 ], [ -97.906450030426726, 21.353210380096542 ], [ -97.903961199916196, 21.371931310292158 ], [ -97.912005890299383, 21.378639820167948 ], [ -97.914215120064313, 21.375608749640762 ], [ -97.942331429875892, 21.388689090126888 ], [ -97.956953489915094, 21.407045260325955 ], [ -97.956958710104516, 21.414621859849838 ], [ -97.931821140126956, 21.426420850167155 ] ] ] } },
{ "type": "Feature", "properties": { "code": "30036", "stateCode": "30", "municipalityCode": "036", "name": "Coacoatzintla" }, "geometry": { "type": "Polygon", "coordinates": [ [ [ -96.989844710244597, 19.725457660382318 ], [ -96.979871509639921, 19.726016829627415 ], [ -96.975099750283263, 19.71881743020074 ], [ -96.974109139673544, 19.721673279838711 ], [ -96.966700229769174, 19.719120459577034 ], [ -96.959609450072747, 19.72241547987726 ], [ -96.939720340304603, 19.707479940007939 ], [ -96.941725250339402, 19.703484630283793 ], [ -96.93341322985043, 19.696805289578126 ], [ -96.9293677697855, 19.685230689888389 ], [ -96.932536850163217, 19.679914200183806 ], [ -96.929473599765657, 19.676245849595045 ], [ -96.930895310412936, 19.672773120022907 ], [ -96.918446970311194, 19.672857939801954 ], [ -96.913536799762497, 19.668915380017125 ], [ -96.91671494035225, 19.646977420202898 ], [ -96.914291339934934, 19.639557800299475 ], [ -96.917115290275888, 19.635134599791126 ], [ -96.937788290171881, 19.637446380063757 ], [ -96.942547939986895, 19.640834179847673 ], [ -96.962699940190504, 19.637246890398277 ], [ -96.968545139941583, 19.643667460169659 ], [ -96.966568719917589, 19.649778249986131 ], [ -96.976502290116485, 19.683011400057485 ], [ -96.966255890100783, 19.682174570145811 ], [ -96.970855000068951, 19.6853408896954 ], [ -96.981091780132857, 19.716002749739065 ], [ -96.993082419704578, 19.716956769739031 ], [ -96.989844710244597, 19.725457660382318 ] ] ] } },
{ "type": "Feature", "properties": { "code": "30037", "stateCode": "30", "municipalityCode": "037", "name": "Coahuitlán" }, "geometry": { "type": "Polygon", "coordinates": [ [ [ -97.676572549808469, 20.30677082016603 ], [ -97.676219940456221, 20.295371659731867 ], [ -97.672500920263943, 20.29384023000938 ], [ -97.666762109534915, 20.282941969721382 ], [ -97.662669770252336, 20.28426408966299 ], [ -97.664300420166953, 20.273134580034256 ], [ -97.659698090300665, 20.27116482003672 ], [ -97.659403230379638, 20.267428949703731 ], [ -97.665277229657875, 20.269168829655676 ], [ -97.674824800090747, 20.261214740116344 ], [ -97.682849979560928, 20.262266020300824 ], [ -97.681975339630526, 20.257157380257819 ], [ -97.686561120009671, 20.249099109586894 ], [ -97.690320019724325, 20.250024739922708 ], [ -97.696148540428752, 20.245279860233918 ], [ -97.705178219614183, 20.227454490334033 ], [ -97.726065630179519, 20.246300319748862 ], [ -97.736512370155324, 20.24407507985438 ], [ -97.738999849682301, 20.253206459544465 ], [ -97.747523909749759, 20.259467109900147 ], [ -97.747663509739198, 20.2634071104223 ], [ -97.751241179760072, 20.260120850446544 ], [ -97.75625005991445, 20.279927599832831 ], [ -97.740894979850765, 20.274572719866516 ], [ -97.724118289732502, 20.283616419792484 ], [ -97.708405650191011, 20.285293229690769 ], [ -97.704812879767388, 20.302984149838913 ], [ -97.695044449958701, 20.300436830190531 ], [ -97.688117849643831, 20.303512999931026 ], [ -97.681844479984065, 20.302162319950934 ], [ -97.676572549808469, 20.30677082016603 ] ] ] } },
{ "type": "Feature", "properties": { "code": "30085", "stateCode": "30", "municipalityCode": "085", "name": "Ixtaczoquitlán" }, "geometry": { "type": "Polygon", "coordinates": [ [ [ -97.049739519713285, 18.946853519990505 ], [ -97.033895029804043, 18.937185479568683 ], [ -97.02773597956255, 18.937046889744842 ], [ -97.021901599974086, 18.932082919886849 ], [ -97.021007220011356, 18.922378750430283 ], [ -97.009842940167431, 18.915328891259428 ], [ -97.013124319856885, 18.906919201165085 ], [ -97.00943251037522, 18.899816510991581 ], [ -97.012859739795985, 18.894302029676204 ], [ -97.006082490268128, 18.885955479784993 ], [ -97.00398768045784, 18.867759050003489 ], [ -96.995886850086208, 18.863030750444096 ], [ -96.986560019552101, 18.864283419974303 ], [ -96.980240429733129, 18.832435679822481 ], [ -96.971641949884884, 18.825426340197478 ], [ -96.977096309863484, 18.8205403101326 ], [ -96.974752059848527, 18.798795969544365 ], [ -96.987936819634029, 18.794441489880342 ], [ -96.984066999772665, 18.778698800282193 ], [ -96.997343779542973, 18.769263059722505 ], [ -97.00721322031221, 18.771086430351691 ], [ -97.010535420049294, 18.758903479800054 ], [ -97.014226820251366, 18.755603059940615 ], [ -97.015264109683073, 18.759507120130234 ], [ -97.023383659992632, 18.763717259676564 ], [ -97.057523260297756, 18.810594479952954 ], [ -97.062773720259784, 18.827143970353855 ], [ -97.066455089769562, 18.826966020031112 ], [ -97.069311820099699, 18.831883120034412 ], [ -97.080584088871703, 18.829173630167912 ], [ -97.087125678835534, 18.832879800250787 ], [ -97.070154679691598, 18.850673020328863 ], [ -97.067980059623864, 18.859382090304724 ], [ -97.068737279807451, 18.864922450422256 ], [ -97.071335180045097, 18.862293621314628 ], [ -97.073876375023602, 18.867488423738461 ], [ -97.079061829777729, 18.866208780409625 ], [ -97.084173029880432, 18.873358940223614 ], [ -97.084088850405692, 18.883202510364907 ], [ -97.078986000047337, 18.886029889868386 ], [ -97.082715980407045, 18.892096520081232 ], [ -97.065859980040528, 18.890653940110745 ], [ -97.063088719755243, 18.894679149757163 ], [ -97.063892659735842, 18.914308979821953 ], [ -97.066733940104058, 18.913703629703814 ], [ -97.067912139541704, 18.91790525985764 ], [ -97.063201170139479, 18.918346179567482 ], [ -97.06629335046928, 18.92283716974028 ], [ -97.059757780415424, 18.945688000087326 ], [ -97.049739519713285, 18.946853519990505 ] ] ] } },
{ "type": "Feature", "properties": { "code": "30084", "stateCode": "30", "municipalityCode": "084", "name": "Ixmatlahuacan" }, "geometry": { "type": "Polygon", "coordinates": [ [ [ -95.878683920204239, 18.629499179969859 ], [ -95.892495819690907, 18.607542460356953 ], [ -95.876431799744765, 18.593997649627227 ], [ -95.875471980194817, 18.587995859616782 ], [ -95.882974649884574, 18.582389999543519 ], [ -95.865821859581516, 18.576302800117688 ], [ -95.867081080094707, 18.564212480222928 ], [ -95.850545890237029, 18.566211979828722 ], [ -95.840307599864616, 18.552008490162983 ], [ -95.835349999579691, 18.55191646040814 ], [ -95.826242119927969, 18.537781149847216 ], [ -95.833392179562026, 18.503741549667605 ], [ -95.849059829845444, 18.49974320029073 ], [ -95.850775690295791, 18.493850620303988 ], [ -95.81738656983164, 18.478696629921757 ], [ -95.811058850120034, 18.483198180153163 ], [ -95.799514280139519, 18.46803057020729 ], [ -95.78727034953657, 18.464839429844112 ], [ -95.786929859640153, 18.46790653990778 ], [ -95.776641549793268, 18.466474890335487 ], [ -95.776547769780208, 18.45697417970538 ], [ -95.766505859634563, 18.454756739538155 ], [ -95.774501509702134, 18.448379220363758 ], [ -95.773342619704209, 18.441781579755446 ], [ -95.769252919632493, 18.438919280399727 ], [ -95.772195800002791, 18.437547339901489 ], [ -95.777066739962137, 18.421276110393777 ], [ -95.780107150079402, 18.417878229696409 ], [ -95.791333279938328, 18.417269850149872 ], [ -95.778555690169341, 18.399882799670131 ], [ -95.786988490268854, 18.384358540257761 ], [ -95.798728909777736, 18.385891150016185 ], [ -95.798649519891569, 18.381996489959043 ], [ -95.818042180206362, 18.392000769889588 ], [ -95.828056920191983, 18.379268710142274 ], [ -95.85382968022904, 18.373683080401847 ], [ -95.855804689584701, 18.366372229816829 ], [ -95.858912750434527, 18.371999829770271 ], [ -95.871213860184483, 18.378621490428348 ], [ -95.873058079933131, 18.374369369765205 ], [ -95.881497029898682, 18.376203049589467 ], [ -95.883465970110706, 18.373558059672391 ], [ -95.886990000168481, 18.375986539804163 ], [ -95.892885049852183, 18.374377230141508 ], [ -95.892826199808809, 18.378411280424878 ], [ -95.899686860288909, 18.377266540224834 ], [ -95.890274910157132, 18.388600090216741 ], [ -95.888318719674842, 18.401712779818066 ], [ -95.885504619896565, 18.403943889796572 ], [ -95.888620179776382, 18.407037630024284 ], [ -95.90619969049132, 18.400817479602765 ], [ -95.903611199601102, 18.425668339658909 ], [ -95.906302510118437, 18.427674620331032 ], [ -95.914643219581123, 18.426928379880245 ], [ -95.932720780002853, 18.431751379836886 ], [ -95.935049279687505, 18.427057849864386 ], [ -95.929690549755009, 18.418071060418519 ], [ -95.940445860311854, 18.410971480390224 ], [ -95.941605939563857, 18.417028050000091 ], [ -95.947369539731014, 18.420870939926516 ], [ -95.985094979947036, 18.426878339806887 ], [ -95.991907029522508, 18.435295970408408 ], [ -96.000049310182519, 18.433110569927209 ], [ -95.999091220384983, 18.457900910008114 ], [ -95.990306230379389, 18.464907259649468 ], [ -95.990647250276993, 18.469684510209014 ], [ -95.985164649752008, 18.46733709016679 ], [ -95.982443280294703, 18.470688910040586 ], [ -95.986936979810139, 18.474135350287792 ], [ -95.985762550391456, 18.482158569904346 ], [ -95.991339630453567, 18.478025739934832 ], [ -96.00442814017876, 18.47866491964087 ], [ -96.01100534990961, 18.48157016992073 ], [ -96.013755939960205, 18.486704749933956 ], [ -95.997875570099509, 18.500704909776601 ], [ -95.98419597026566, 18.507771449676746 ], [ -95.975290549714046, 18.519848950194458 ], [ -95.969191860468612, 18.521037629893847 ], [ -95.962956889595802, 18.527191080070658 ], [ -95.957687399860234, 18.525053920231279 ], [ -95.959660979631636, 18.530989199602661 ], [ -95.954914509567161, 18.53153764972199 ], [ -95.952795140383259, 18.535900519884752 ], [ -95.948461549659896, 18.535420939620991 ], [ -95.949143829639539, 18.541936020437227 ], [ -95.940367629760928, 18.554959800149369 ], [ -95.937912769809955, 18.566896120415375 ], [ -95.910501569752014, 18.56529176958394 ], [ -95.904292149547402, 18.56948938008 ], [ -95.89735112029507, 18.577961430127029 ], [ -95.9012885702641, 18.593621049855162 ], [ -95.893111599728087, 18.62236386021489 ], [ -95.886820319947674, 18.622836519764935 ], [ -95.878683920204239, 18.629499179969859 ] ] ] } },
{ "type": "Feature", "properties": { "code": "30083", "stateCode": "30", "municipalityCode": "083", "name": "Ixhuatlán de Madero" }, "geometry": { "type": "Polygon", "coordinates": [ [ [ -98.041172949708127, 20.89526736962922 ], [ -98.029863739880881, 20.891707600103274 ], [ -98.026703400411222, 20.88271827974253 ], [ -98.008311230347076, 20.882021449882561 ], [ -98.008506910434235, 20.87817532040015 ], [ -98.002758450099435, 20.87826062980799 ], [ -98.004737979622007, 20.871702109928119 ], [ -98.008489889559769, 20.871700340263224 ], [ -98.006133749857312, 20.86552265993884 ], [ -98.010192620491537, 20.866268059573652 ], [ -98.011068340390906, 20.860851339836401 ], [ -97.992683949865508, 20.867014230063102 ], [ -97.994643459653773, 20.874770169868942 ], [ -97.990808170465044, 20.877581599942072 ], [ -97.963760090465115, 20.853195020102792 ], [ -97.96036716960343, 20.854110579805166 ], [ -97.961497370007109, 20.850576739773288 ], [ -97.958017349653147, 20.848947519879861 ], [ -97.962907370017916, 20.845908279629398 ], [ -97.958325150331305, 20.842740519594894 ], [ -97.962638029655878, 20.840019710234543 ], [ -97.95451650987512, 20.831838319736825 ], [ -97.94198251011494, 20.836059569614299 ], [ -97.943100509808119, 20.840488619612547 ], [ -97.932646739805193, 20.846524119558492 ], [ -97.927756050142946, 20.845174799853957 ], [ -97.923263740357342, 20.848547149700973 ], [ -97.923665879804489, 20.855467659639626 ], [ -97.917279150275803, 20.859564949943358 ], [ -97.92372434008567, 20.866567739618322 ], [ -97.919447479955593, 20.867850580214601 ], [ -97.914092630433089, 20.87598768043846 ], [ -97.903547549584843, 20.870933799806757 ], [ -97.90334954019994, 20.862412049594781 ], [ -97.910045479893355, 20.856069370298595 ], [ -97.907060599938589, 20.852069890219216 ], [ -97.896939459900409, 20.852888480137686 ], [ -97.896341380035011, 20.856070380065088 ], [ -97.887721000280749, 20.853880180204449 ], [ -97.901908250353301, 20.848068050233305 ], [ -97.908306739664368, 20.839998289680249 ], [ -97.920209829833325, 20.834227120392704 ], [ -97.92253478039656, 20.821802260277313 ], [ -97.920407820078111, 20.814845750255991 ], [ -97.926089429943332, 20.805638949903745 ], [ -97.928494889861582, 20.789222829567478 ], [ -97.913677319706352, 20.783909249910852 ], [ -97.905933449980765, 20.797335229625059 ], [ -97.894801710326263, 20.797763879796207 ], [ -97.922446599808566, 20.716518779992036 ], [ -97.89742569027662, 20.703213829759083 ], [ -97.906270139880164, 20.690714849668769 ], [ -97.914081000358792, 20.688621460401272 ], [ -97.917834710151993, 20.671244549766456 ], [ -97.913334939621834, 20.671970780029696 ], [ -97.908767350364229, 20.667158630233835 ], [ -97.91184414993441, 20.653515119585826 ], [ -97.90808257036052, 20.645088799765404 ], [ -97.901584740213423, 20.64073705045622 ], [ -97.895111549609211, 20.622824369592799 ], [ -97.908757819557451, 20.608134149690645 ], [ -97.905701740019168, 20.601278169990611 ], [ -97.910875779609952, 20.59353356956732 ], [ -97.909685689860581, 20.586378109582547 ], [ -97.91478065006838, 20.586496550394273 ], [ -97.927799350221576, 20.571496249857876 ], [ -97.934984849663095, 20.567594369661514 ], [ -97.937418620061408, 20.569171320271948 ], [ -97.943105829913932, 20.562606920034604 ], [ -97.980816109832645, 20.540708860036396 ], [ -97.981526479742271, 20.525679449695698 ], [ -97.97263034044596, 20.523202429763209 ], [ -97.979333740493729, 20.514933369566755 ], [ -97.99876462040784, 20.525199860375515 ], [ -98.013794920264502, 20.523966219765928 ], [ -98.018462649898581, 20.528632280012548 ], [ -98.008305649692602, 20.532689819968663 ], [ -98.028728170137754, 20.589711600029549 ], [ -98.017709799551497, 20.601704910257052 ], [ -98.021413779910944, 20.627316280119505 ], [ -98.029392770459879, 20.632121829652917 ], [ -98.039979420010653, 20.631932430430705 ], [ -98.066782889742413, 20.673869739773675 ], [ -98.071835260322544, 20.677177119562725 ], [ -98.076780950321989, 20.673798600349919 ], [ -98.070334680212824, 20.668445519874638 ], [ -98.071958109531508, 20.657720630014914 ], [ -98.082711690476685, 20.642206830161104 ], [ -98.080609710305964, 20.633513980369354 ], [ -98.085456050449196, 20.629759620344995 ], [ -98.087180849697376, 20.622876770247089 ], [ -98.098214140023472, 20.624369460257249 ], [ -98.100591819673298, 20.613877781339816 ], [ -98.112048719894759, 20.618251979588532 ], [ -98.115492550263141, 20.616731379782706 ], [ -98.126999169526371, 20.633193819741987 ], [ -98.123280200327329, 20.635699450322843 ], [ -98.124817509742243, 20.638615770394434 ], [ -98.129701430442211, 20.639298230264664 ], [ -98.130880140022242, 20.643146690086844 ], [ -98.126839569740383, 20.65392682962819 ], [ -98.129739520144227, 20.656546889941662 ], [ -98.125425799934263, 20.657040349711565 ], [ -98.126498680007302, 20.661630349854459 ], [ -98.12014762015373, 20.661018969787769 ], [ -98.121351430083038, 20.666596420002008 ], [ -98.127492449556073, 20.665923459877018 ], [ -98.119964709836424, 20.678020260223779 ], [ -98.115541179639592, 20.677141280254261 ], [ -98.118323220485465, 20.68550964982272 ], [ -98.129114779789134, 20.681432340375483 ], [ -98.12608414038327, 20.688191120092508 ], [ -98.137782340251675, 20.693286799671181 ], [ -98.141555149751042, 20.692190020204119 ], [ -98.148236940449351, 20.698624519864786 ], [ -98.134880000047161, 20.720265370098829 ], [ -98.137838620139561, 20.724703449912649 ], [ -98.129543720340195, 20.729021910319133 ], [ -98.110089109596103, 20.727386289827589 ], [ -98.106359060361001, 20.72995146000105 ], [ -98.104543780249514, 20.736824579602573 ], [ -98.113667629835149, 20.74236545028084 ], [ -98.110616940080575, 20.759896970129784 ], [ -98.103226769659543, 20.763522090320212 ], [ -98.102616520215932, 20.75368274992395 ], [ -98.097934950056697, 20.752735050056863 ], [ -98.091766940414587, 20.768287259892169 ], [ -98.08699687973791, 20.77180406002536 ], [ -98.088018889872558, 20.777364049891975 ], [ -98.098474339754532, 20.77889508993189 ], [ -98.097991339650747, 20.782189979588384 ], [ -98.105808619791077, 20.786500660280627 ], [ -98.107659019894882, 20.783957950046982 ], [ -98.112950399969165, 20.786585850228484 ], [ -98.111075919845447, 20.790814290306667 ], [ -98.101574800133946, 20.790840689614686 ], [ -98.099725509632435, 20.796775980295052 ], [ -98.112581849750157, 20.799524740262132 ], [ -98.115180019644527, 20.805205029749747 ], [ -98.126291169833436, 20.800931179924046 ], [ -98.127855570345986, 20.808760449823499 ], [ -98.134955349588779, 20.808155770154507 ], [ -98.134391600025907, 20.815635109657059 ], [ -98.12964570962842, 20.820127580259161 ], [ -98.135100420432664, 20.826746459880088 ], [ -98.125097950169007, 20.82831676984442 ], [ -98.121061279944783, 20.82549877025339 ], [ -98.123779510357338, 20.829395089766255 ], [ -98.120032250160321, 20.838031319800127 ], [ -98.116860339644091, 20.837640849663597 ], [ -98.115311569606064, 20.851237319869139 ], [ -98.108807570281712, 20.857733370442791 ], [ -98.110152250007104, 20.862004460243735 ], [ -98.10458927991759, 20.870822579713096 ], [ -98.095208739934222, 20.873680339874408 ], [ -98.095625089743606, 20.870657539894228 ], [ -98.089961740052317, 20.865880850350585 ], [ -98.085547170058248, 20.867867090107904 ], [ -98.081417089835853, 20.863207459728454 ], [ -98.07783381954259, 20.864072420053699 ], [ -98.077235229721765, 20.868359119608531 ], [ -98.082005720353067, 20.872229370159339 ], [ -98.058716149863841, 20.872323800021448 ], [ -98.059391459607824, 20.876194879638359 ], [ -98.041172949708127, 20.89526736962922 ] ] ] } },
{ "type": "Feature", "properties": { "code": "30082", "stateCode": "30", "municipalityCode": "082", "name": "Ixhuatlán del Sureste" }, "geometry": { "type": "Polygon", "coordinates": [ [ [ -94.337712000376357, 18.065042939702963 ], [ -94.318444060189194, 18.057569680396586 ], [ -94.320414949664865, 18.047521260243027 ], [ -94.323088219958322, 18.047913349859499 ], [ -94.325826449554384, 18.04010348957754 ], [ -94.332640940456642, 18.035446340023753 ], [ -94.335621939826524, 18.027625659627699 ], [ -94.332970519609702, 18.009447030299501 ], [ -94.336838720295987, 18.00698498017778 ], [ -94.340439479711307, 18.009507979601242 ], [ -94.345225089844917, 18.002934909850069 ], [ -94.352079800231536, 18.006137249999043 ], [ -94.359171749744007, 17.991383169940487 ], [ -94.373035109839506, 17.98602493974413 ], [ -94.367173400248689, 17.973730110048884 ], [ -94.364139849749222, 17.973674980237369 ], [ -94.363526020240243, 17.958423539853822 ], [ -94.360716249656562, 17.958374999876991 ], [ -94.360745649735634, 17.949464770276062 ], [ -94.35793271021835, 17.949459649833138 ], [ -94.353817339580502, 17.927107800016984 ], [ -94.350355339640103, 17.927066109786317 ], [ -94.34966778027696, 17.915963400053865 ], [ -94.352908570281272, 17.91689923018442 ], [ -94.352512149944886, 17.91340160021452 ], [ -94.37173811993145, 17.897901049658298 ], [ -94.379054510090896, 17.911649479601323 ], [ -94.382869479638543, 17.913242109772728 ], [ -94.38690409003965, 17.91361140034067 ], [ -94.387344379920634, 17.908837249769807 ], [ -94.39625829007224, 17.905236059870695 ], [ -94.412695739927784, 17.912499650206236 ], [ -94.437070369937672, 17.910481139931886 ], [ -94.436573459740629, 17.9141577400888 ], [ -94.441364450082261, 17.916824969894893 ], [ -94.438110490245705, 17.923740109734283 ], [ -94.449239849803504, 17.933295140095378 ], [ -94.445466860113669, 17.936430579860485 ], [ -94.444902079625294, 17.94280509013706 ], [ -94.449825579628111, 17.951251829660251 ], [ -94.427124249760055, 17.983855020316906 ], [ -94.431816350335509, 17.990111779818971 ], [ -94.429633449901644, 17.996451780015779 ], [ -94.442769599987997, 17.9995623198521 ], [ -94.442142739594061, 18.00682637006328 ], [ -94.460099369771825, 18.028470140081751 ], [ -94.456861660076186, 18.04919594959086 ], [ -94.446053779666883, 18.056191249861385 ], [ -94.427551170285767, 18.050291580099188 ], [ -94.422134580167466, 18.052447880368568 ], [ -94.412719770306524, 18.03413617970547 ], [ -94.409520680450996, 18.03347048982938 ], [ -94.37515437030639, 18.045365920159416 ], [ -94.367974320155355, 18.05252697976097 ], [ -94.337712000376357, 18.065042939702963 ] ] ] } },
{ "type": "Feature", "properties": { "code": "30081", "stateCode": "30", "municipalityCode": "081", "name": "Ixhuatlancillo" }, "geometry": { "type": "Polygon", "coordinates": [ [ [ -97.178822289838294, 18.92871001998877 ], [ -97.176701490312183, 18.923221779913963 ], [ -97.157829000165719, 18.912732370092144 ], [ -97.145815149880576, 18.912092829842674 ], [ -97.127069799194672, 18.905489399962022 ], [ -97.11103864873624, 18.870962020778368 ], [ -97.129940970338424, 18.863046709950009 ], [ -97.130382399733548, 18.866708780287244 ], [ -97.151731999967723, 18.863282540097231 ], [ -97.157598570057814, 18.865598969759475 ], [ -97.165564000247727, 18.858436890120334 ], [ -97.177252520362416, 18.863467750037056 ], [ -97.180536139757876, 18.856886420382512 ], [ -97.191168849972044, 18.868084569819789 ], [ -97.204958829555295, 18.872337420373846 ], [ -97.202872339924014, 18.876659570300781 ], [ -97.212532689899206, 18.892494569623118 ], [ -97.218024420340598, 18.911673780257587 ], [ -97.207539890465569, 18.917643549764712 ], [ -97.189311879941314, 18.911393879720269 ], [ -97.178822289838294, 18.92871001998877 ] ] ] } },
{ "type": "Feature", "properties": { "code": "30038", "stateCode": "30", "municipalityCode": "038", "name": "Coatepec" }, "geometry": { "type": "Polygon", "coordinates": [ [ [ -97.095180910086839, 19.532195460310433 ], [ -97.080505449949825, 19.524082260280391 ], [ -97.079636229875049, 19.520224350052313 ], [ -97.073749370355202, 19.520237750076291 ], [ -97.067951170192003, 19.515884280033386 ], [ -97.056602079552789, 19.517432819628358 ], [ -97.051002979961027, 19.511433939604615 ], [ -97.034899490340919, 19.509072680114894 ], [ -97.029490220373859, 19.505299060259585 ], [ -97.0319125202099, 19.512302489813187 ], [ -97.029819579770447, 19.513752290218985 ], [ -97.025395030156091, 19.50799065005048 ], [ -97.021437549897556, 19.513625340084616 ], [ -97.017527149841371, 19.511088280176349 ], [ -97.018899029765507, 19.514240859725501 ], [ -97.015118820468899, 19.522017090162887 ], [ -96.99397621995152, 19.506649600018697 ], [ -96.989687830034882, 19.512679400229501 ], [ -96.981081080394659, 19.511532120466477 ], [ -96.980414149730464, 19.514710110063579 ], [ -96.970350630041096, 19.513409859559971 ], [ -96.971041030106406, 19.510224049773871 ], [ -96.964987080035044, 19.506354460144511 ], [ -96.963512999569133, 19.509198110339923 ], [ -96.954868649836797, 19.510421739871152 ], [ -96.952295549652462, 19.514620149669515 ], [ -96.942268660412921, 19.514280919617871 ], [ -96.937017650003284, 19.511121380288913 ], [ -96.941382319833821, 19.506814519944101 ], [ -96.93531968035083, 19.49286205981544 ], [ -96.93124570958912, 19.494283259794813 ], [ -96.922814510044603, 19.488384089906258 ], [ -96.917224119760974, 19.494380860200188 ], [ -96.906078399795419, 19.493902000209179 ], [ -96.906578029789287, 19.485402940416879 ], [ -96.899281450059632, 19.48532694037474 ], [ -96.902871179698948, 19.47460274041736 ], [ -96.899869119857868, 19.467807619989387 ], [ -96.90337259959071, 19.463200219781687 ], [ -96.890525510457067, 19.455784850188614 ], [ -96.886665569885423, 19.445824580428322 ], [ -96.875889089900085, 19.446321740102483 ], [ -96.855989020213244, 19.438609599741454 ], [ -96.833682230261218, 19.437066619989182 ], [ -96.825397460266927, 19.431975049727512 ], [ -96.826377089714185, 19.428578000319206 ], [ -96.820253049698692, 19.428750169792721 ], [ -96.820675460137466, 19.42401765042267 ], [ -96.817010419560674, 19.420287980413008 ], [ -96.807862050270998, 19.424089849886869 ], [ -96.80384159955463, 19.417274060399002 ], [ -96.798393860072281, 19.417055879933606 ], [ -96.80907528956493, 19.406332600177709 ], [ -96.807482279799757, 19.399360400351998 ], [ -96.81241105042686, 19.397934060422411 ], [ -96.814341309954145, 19.400951490154913 ], [ -96.813496050456607, 19.398040419861683 ], [ -96.816074580077284, 19.39749251998229 ], [ -96.817884749562722, 19.390165920339502 ], [ -96.814235659664277, 19.38368889002092 ], [ -96.818729949597881, 19.384147149684338 ], [ -96.825187319729324, 19.378990370350717 ], [ -96.797034420062701, 19.364981910001557 ], [ -96.800762140002533, 19.357273779713125 ], [ -96.818808570446066, 19.366286859864861 ], [ -96.84126322040099, 19.367669049764835 ], [ -96.841813320019298, 19.374489819557436 ], [ -96.845884230415635, 19.372915370066224 ], [ -96.846451079952388, 19.376439739774668 ], [ -96.857771580076417, 19.379785620174626 ], [ -96.860061049918642, 19.384433179943585 ], [ -96.862815690037891, 19.381107879682414 ], [ -96.869981149766204, 19.380348369897824 ], [ -96.884240600115433, 19.381674320052962 ], [ -96.885995519912768, 19.385081620125231 ], [ -96.895254630013881, 19.375648910190598 ], [ -96.905480550460112, 19.377138620074845 ], [ -96.908506549643974, 19.38441848982173 ], [ -96.913032579621756, 19.384866399794909 ], [ -96.916430309626236, 19.387103249657272 ], [ -96.916214569649924, 19.391110679982557 ], [ -96.92235844991005, 19.393144310207791 ], [ -96.9264111400025, 19.403140739577193 ], [ -96.931034379899572, 19.402599169823102 ], [ -96.949984019823603, 19.422473120379387 ], [ -96.959554949669339, 19.424258080239749 ], [ -96.963071950285581, 19.428528940009638 ], [ -96.96647690937148, 19.427447150237274 ], [ -96.976643749719173, 19.439618919603713 ], [ -96.991850819861597, 19.440924679678261 ], [ -96.998300619886678, 19.449704339944443 ], [ -96.999008450316055, 19.462338459887089 ], [ -97.010142109809138, 19.462832620002597 ], [ -97.015431429862872, 19.467083539919088 ], [ -97.035860820150646, 19.471572859806852 ], [ -97.049709030455872, 19.482532429905987 ], [ -97.05680324966103, 19.496658139706266 ], [ -97.068218109959702, 19.503254279896343 ], [ -97.071703079552989, 19.509467119570765 ], [ -97.092612619934826, 19.519477769795088 ], [ -97.104835420134734, 19.52009182962486 ], [ -97.104452679674253, 19.53030629009751 ], [ -97.095180910086839, 19.532195460310433 ] ] ] } },
{ "type": "Feature", "properties": { "code": "30039", "stateCode": "30", "municipalityCode": "039", "name": "Coatzacoalcos" }, "geometry": { "type": "Polygon", "coordinates": [ [ [ -94.62618034967916, 18.211309910205333 ], [ -94.613413859847, 18.209740460111334 ], [ -94.605540370428756, 18.195586230042569 ], [ -94.597225510079795, 18.193471800232064 ], [ -94.556544629569061, 18.167785309968927 ], [ -94.528035909862368, 18.157689219877316 ], [ -94.488570510304186, 18.151114170242437 ], [ -94.457047049794056, 18.151511290401277 ], [ -94.419971519587165, 18.156813859878916 ], [ -94.415840570250111, 18.158114799567908 ], [ -94.415743819753828, 18.166434659951019 ], [ -94.415614119835269, 18.158230340123133 ], [ -94.407614970147208, 18.159676770253483 ], [ -94.412704089977026, 18.166258369590505 ], [ -94.412449149757393, 18.166598110156677 ], [ -94.406112969670104, 18.159523940272834 ], [ -94.35502601982428, 18.163975740380234 ], [ -94.240093170209022, 18.188001249979195 ], [ -94.240731879512651, 18.175794880416355 ], [ -94.234453979874345, 18.172600339924145 ], [ -94.23548534034073, 18.162255229833409 ], [ -94.228275090127923, 18.153024050044259 ], [ -94.223457950283162, 18.135792479563442 ], [ -94.238027630412432, 18.127717890140751 ], [ -94.236106279724709, 18.123650219582551 ], [ -94.241352229668863, 18.118031880128925 ], [ -94.240172830398777, 18.086869059707976 ], [ -94.257152969614225, 18.069887579747927 ], [ -94.268097310427748, 18.076185419881874 ], [ -94.285917090084439, 18.073455180002689 ], [ -94.290364060096792, 18.076296939903365 ], [ -94.290977059946698, 18.083491770365505 ], [ -94.299477710023638, 18.088229749821622 ], [ -94.301239619912309, 18.095756740019254 ], [ -94.310806170206376, 18.097262080045979 ], [ -94.321570569781628, 18.075346119547987 ], [ -94.344521829757994, 18.060978489985715 ], [ -94.352703949911884, 18.073784940369514 ], [ -94.355348889873909, 18.074764849855026 ], [ -94.357903419865977, 18.070773219631068 ], [ -94.365517649957695, 18.075654719971801 ], [ -94.365752000150295, 18.082263050367153 ], [ -94.372303660406843, 18.081786230043406 ], [ -94.389890579835608, 18.07227380028657 ], [ -94.399469060098397, 18.077828290160276 ], [ -94.400180090002621, 18.090944400007597 ], [ -94.406493489855521, 18.091217659749717 ], [ -94.409229150156364, 18.087732679910889 ], [ -94.414648710427983, 18.097731999790067 ], [ -94.424077540037402, 18.098040249982308 ], [ -94.435030340426906, 18.092872179793321 ], [ -94.43630628955853, 18.108354819624516 ], [ -94.439625169753427, 18.110993480195454 ], [ -94.447328909132423, 18.102002651159655 ], [ -94.455419538672615, 18.106816080789574 ], [ -94.465604799964282, 18.103447970140067 ], [ -94.470086258602436, 18.111896180834794 ], [ -94.477792489938921, 18.10791269033724 ], [ -94.494950260340204, 18.107479950400613 ], [ -94.512634540152987, 18.100089720448878 ], [ -94.515501889702008, 18.102711380363697 ], [ -94.519959750346217, 18.100914859992653 ], [ -94.524730550205533, 18.111887520256506 ], [ -94.515842619939747, 18.112523479799449 ], [ -94.514233060382139, 18.124443820212914 ], [ -94.51654085023543, 18.12920471031606 ], [ -94.53085422022383, 18.13477738030107 ], [ -94.53735703024384, 18.142145769780665 ], [ -94.545894890149683, 18.137691460205851 ], [ -94.560183629890815, 18.136130649622988 ], [ -94.559449950014724, 18.132742980418907 ], [ -94.561335140026699, 18.134053340165611 ], [ -94.566772059915451, 18.127821150315697 ], [ -94.577735890297859, 18.122634369654801 ], [ -94.584883579785611, 18.12159338011659 ], [ -94.596528090085016, 18.126549219958889 ], [ -94.601569150186563, 18.131563969913472 ], [ -94.597141710140789, 18.137968650214443 ], [ -94.60144940009603, 18.143321510206214 ], [ -94.600840519566745, 18.152288820021148 ], [ -94.606771350410966, 18.154976080173565 ], [ -94.619856260290362, 18.15382437995682 ], [ -94.623493940341106, 18.157741909761196 ], [ -94.632581259776828, 18.159058720109464 ], [ -94.639030220451787, 18.173139319971973 ], [ -94.62618034967916, 18.211309910205333 ] ] ] } },
{ "type": "Feature", "properties": { "code": "30040", "stateCode": "30", "municipalityCode": "040", "name": "Coatzintla" }, "geometry": { "type": "Polygon", "coordinates": [ [ [ -97.482594150246186, 20.508007460302867 ], [ -97.464892308680774, 20.500348981130323 ], [ -97.465390079660281, 20.497560549618306 ], [ -97.457362779854776, 20.496844260039758 ], [ -97.455146999646104, 20.491638550058997 ], [ -97.450539980436744, 20.494557259710842 ], [ -97.448365060380269, 20.491217090040411 ], [ -97.424096490223505, 20.487758149581193 ], [ -97.406437089602392, 20.488561620396993 ], [ -97.393502519888742, 20.480156220177889 ], [ -97.399304089752874, 20.477038459680006 ], [ -97.399250399634894, 20.469631910000309 ], [ -97.417888659597821, 20.461032979573961 ], [ -97.436206220278024, 20.460434949750177 ], [ -97.438181339527901, 20.456024049945562 ], [ -97.441046030333354, 20.45897818024886 ], [ -97.447746319532342, 20.456488539887612 ], [ -97.451938379556154, 20.430468060202777 ], [ -97.442448399860226, 20.427980569990538 ], [ -97.447822120399252, 20.426366170385688 ], [ -97.450451259608343, 20.41741355018134 ], [ -97.454214139680587, 20.421410349777446 ], [ -97.457204519869094, 20.414248459947419 ], [ -97.480263289987349, 20.410571829623478 ], [ -97.478688179659557, 20.406128620442537 ], [ -97.469685180165001, 20.404268060437992 ], [ -97.464693489892085, 20.408103859802623 ], [ -97.461484059918007, 20.403931290361566 ], [ -97.46425139952332, 20.398671920222093 ], [ -97.465996859722978, 20.401067599816784 ], [ -97.466201980355166, 20.390496970321841 ], [ -97.474674229798964, 20.383004139596633 ], [ -97.474736339823863, 20.372318459633568 ], [ -97.468509939887497, 20.368289579856317 ], [ -97.472652110216998, 20.3545969397051 ], [ -97.497799230181442, 20.368255709955623 ], [ -97.501268510055667, 20.376714419972799 ], [ -97.513282220095633, 20.377149400355723 ], [ -97.515824259988079, 20.376508539615212 ], [ -97.515537579763802, 20.367574289907239 ], [ -97.525541629856519, 20.369996980292303 ], [ -97.526126230042564, 20.365475229926833 ], [ -97.53279316989881, 20.36606434023869 ], [ -97.535279419744654, 20.361223740034958 ], [ -97.545811029632333, 20.361955710261114 ], [ -97.548390579780843, 20.356607309780259 ], [ -97.568419540181793, 20.357071349862121 ], [ -97.57411509042376, 20.350265050463079 ], [ -97.59452336995966, 20.353946720074845 ], [ -97.595193420355471, 20.350286769786493 ], [ -97.600427020171594, 20.353015889710399 ], [ -97.60075302046414, 20.35083337999184 ], [ -97.604518449731401, 20.351806999720875 ], [ -97.604859510243941, 20.348289110250864 ], [ -97.61054122966587, 20.347629770134116 ], [ -97.614531059532965, 20.349629570090205 ], [ -97.614036030298053, 20.353117230101002 ], [ -97.623995710104793, 20.351114819756098 ], [ -97.622262419728727, 20.36132682977134 ], [ -97.630585889586769, 20.362927119962908 ], [ -97.636716019533523, 20.3695873497783 ], [ -97.63899737968724, 20.367951819925853 ], [ -97.641384090156834, 20.374438660379667 ], [ -97.643332259897008, 20.373421919586573 ], [ -97.654946510382842, 20.388045779935585 ], [ -97.65199943043217, 20.391117939589446 ], [ -97.652655309702183, 20.397660849784259 ], [ -97.645266140383256, 20.399657050404056 ], [ -97.641031379623954, 20.395658199670358 ], [ -97.636367659782309, 20.398202249600388 ], [ -97.647729079660607, 20.408039969973384 ], [ -97.637554109798458, 20.417905550025914 ], [ -97.635468170466538, 20.432354090096521 ], [ -97.640723739719704, 20.442271659711615 ], [ -97.636093149513002, 20.451585460181086 ], [ -97.627768910003283, 20.450340149680034 ], [ -97.623882819808642, 20.457735179784063 ], [ -97.616593340206762, 20.455348829673039 ], [ -97.607221349582048, 20.461984430296518 ], [ -97.600983659527998, 20.461021979793308 ], [ -97.595883910209665, 20.463991550455781 ], [ -97.586270180018701, 20.472507060050276 ], [ -97.576045549740556, 20.490900170368079 ], [ -97.562071119852362, 20.49009017018987 ], [ -97.556057120381183, 20.484690029950062 ], [ -97.543311519919143, 20.484742709740431 ], [ -97.538794119955085, 20.489482719690656 ], [ -97.531033849531511, 20.484066429840862 ], [ -97.520082649932675, 20.490746939674743 ], [ -97.517413689911393, 20.503603679909894 ], [ -97.509508909739779, 20.497573979570507 ], [ -97.502535019957534, 20.500531450017128 ], [ -97.499308249812756, 20.496633079778135 ], [ -97.488122089977679, 20.507537569652801 ], [ -97.486506539861622, 20.505354019786466 ], [ -97.482594150246186, 20.508007460302867 ] ] ] } },
{ "type": "Feature", "properties": { "code": "30032", "stateCode": "30", "municipalityCode": "032", "name": "Catemaco" }, "geometry": { "type": "Polygon", "coordinates": [ [ [ -95.049461314938569, 18.599747825704618 ], [ -95.05208395428501, 18.588112961010271 ], [ -95.04492205042726, 18.578364629684895 ], [ -95.01723337026479, 18.565714380365669 ], [ -94.987745211857586, 18.557942129304259 ], [ -94.987954820326948, 18.554447890153433 ], [ -94.98587933980123, 18.557475630410032 ], [ -94.975253779862754, 18.558278520326731 ], [ -94.951123408378677, 18.550541414273383 ], [ -94.898617314187746, 18.548812892822124 ], [ -94.9008036601155, 18.54707149039179 ], [ -94.896303580118044, 18.543060620453929 ], [ -94.900244969880447, 18.540513369681463 ], [ -94.899380780007078, 18.532273399803287 ], [ -94.9029839999057, 18.530596139702315 ], [ -94.907003050265345, 18.520924249998099 ], [ -94.904157540279542, 18.513245229788662 ], [ -94.90824225025834, 18.506455180353804 ], [ -94.905415679645458, 18.503062680071505 ], [ -94.908709739567513, 18.499961020396171 ], [ -94.905663780044321, 18.496615450453341 ], [ -94.909280520223973, 18.493721309904078 ], [ -94.905980799785212, 18.48931831997341 ], [ -94.912418349903902, 18.482913050266028 ], [ -94.909038379562702, 18.479756549859029 ], [ -94.913145949908909, 18.476995709754856 ], [ -94.909178519950117, 18.472629119795553 ], [ -94.911058180423126, 18.471116119744728 ], [ -94.908367650446735, 18.468151119839682 ], [ -94.911379139835034, 18.465700769612337 ], [ -94.90630707978552, 18.459968250072844 ], [ -94.908710620331746, 18.45794344969169 ], [ -94.906860449709811, 18.451982519925519 ], [ -94.904023510082979, 18.447100939666974 ], [ -94.899313920268597, 18.450040199935941 ], [ -94.893865139729115, 18.448396250371168 ], [ -94.876564420366492, 18.457372180152781 ], [ -94.871909890275575, 18.453028680283094 ], [ -94.864118692635174, 18.452388120148385 ], [ -94.867250883376499, 18.447295748189472 ], [ -94.874634385551076, 18.448219382166961 ], [ -94.882327235509749, 18.443954133639892 ], [ -94.886765875293165, 18.432418547973391 ], [ -94.8921934060794, 18.429032406141676 ], [ -94.888036056503537, 18.423513904427207 ], [ -94.896610656806089, 18.409119995234519 ], [ -94.895986142653044, 18.405598113908955 ], [ -94.891129169005453, 18.407716754287293 ], [ -94.885413584269713, 18.404304384532509 ], [ -94.8690911638394, 18.389696781332646 ], [ -94.880845859617779, 18.378763739896883 ], [ -94.880250709604582, 18.371809710285014 ], [ -94.895394489789297, 18.368590090333928 ], [ -94.899172080145632, 18.354147219610105 ], [ -94.904898579529259, 18.361202289930265 ], [ -94.916387179739772, 18.354021150358928 ], [ -94.92014910991935, 18.358782709954507 ], [ -94.938591319643351, 18.356843250344301 ], [ -94.946014549560076, 18.365501539827633 ], [ -94.951583149537541, 18.361047320262823 ], [ -94.973006829534654, 18.363869450156606 ], [ -94.988659680014905, 18.344928479869186 ], [ -95.003752229924729, 18.347867249773664 ], [ -95.014960379783957, 18.340355420306416 ], [ -95.025955659856308, 18.337510520151909 ], [ -95.031673880420769, 18.32654606016898 ], [ -95.024718260130854, 18.322802980345863 ], [ -95.019013999761242, 18.323709539721122 ], [ -95.017572819814106, 18.320382820053123 ], [ -95.020298979560508, 18.319175539912845 ], [ -95.01994130983779, 18.311750550307114 ], [ -95.025924060002126, 18.312623320403265 ], [ -95.025580459861658, 18.309127260110873 ], [ -95.030302659884967, 18.309687520186596 ], [ -95.03032635001432, 18.299150429890872 ], [ -95.022985020076192, 18.298147540400372 ], [ -95.021037849742541, 18.284381459926273 ], [ -95.028289739635014, 18.285111980259916 ], [ -95.031812880265434, 18.280607150201192 ], [ -95.035151109580241, 18.281141939948469 ], [ -95.034298490285011, 18.276625379935489 ], [ -95.041170220275916, 18.271134689605518 ], [ -95.063190399910425, 18.276969000366869 ], [ -95.069333179609629, 18.28574142019793 ], [ -95.067636690047507, 18.299362949976153 ], [ -95.076578140070055, 18.299212820280562 ], [ -95.078131690445133, 18.315346980284513 ], [ -95.085695249713751, 18.307075310142377 ], [ -95.098078479933989, 18.303716489953434 ], [ -95.115331710470258, 18.3105304596656 ], [ -95.121807800159431, 18.305891120444983 ], [ -95.122420749599996, 18.298711819734304 ], [ -95.143564520424661, 18.289074420107749 ], [ -95.148804400158738, 18.293678619788039 ], [ -95.141550259770213, 18.29676916974417 ], [ -95.14605784986145, 18.304231449846839 ], [ -95.149418450114737, 18.300091019718312 ], [ -95.154408460329932, 18.303145450010103 ], [ -95.157495369554809, 18.298161279977322 ], [ -95.156072599805412, 18.301749539769958 ], [ -95.16360914980423, 18.305257679891739 ], [ -95.159081089547129, 18.317313690021962 ], [ -95.153898460123585, 18.315908290314642 ], [ -95.153188020118378, 18.318567709862048 ], [ -95.148784979894373, 18.318580080283823 ], [ -95.150571309928097, 18.341746200210448 ], [ -95.148319349575786, 18.346734429613466 ], [ -95.15429016998867, 18.380612229956256 ], [ -95.149956420412096, 18.386275379958544 ], [ -95.154735799570432, 18.388971890370843 ], [ -95.155703770226665, 18.394404550055178 ], [ -95.14664042022568, 18.401046119858556 ], [ -95.146733290242025, 18.407849860169915 ], [ -95.136571180475897, 18.423913649786691 ], [ -95.13488839983799, 18.422742709569484 ], [ -95.133503600453309, 18.444002379590611 ], [ -95.129990910205663, 18.446218369559936 ], [ -95.133630950445465, 18.453517690390456 ], [ -95.133753630011626, 18.465446649911144 ], [ -95.143671950338017, 18.474919680266016 ], [ -95.144079279570732, 18.478994969823948 ], [ -95.149071719595696, 18.479359920217242 ], [ -95.153001149831326, 18.487611310020942 ], [ -95.151379569636958, 18.491905090122199 ], [ -95.1301560600361, 18.494182980010972 ], [ -95.127012939627917, 18.49211151015977 ], [ -95.120982079603607, 18.495756420393594 ], [ -95.105053080420689, 18.493665030417223 ], [ -95.102267020047293, 18.48894692011444 ], [ -95.091718509707732, 18.489318119596742 ], [ -95.085123950420311, 18.490966739947115 ], [ -95.079897920210627, 18.495796089738509 ], [ -95.079305619824055, 18.497444739689307 ], [ -95.079788520454059, 18.500214090104325 ], [ -95.079317940046934, 18.501384089673731 ], [ -95.074888249777302, 18.500482459623154 ], [ -95.074253749913709, 18.503458320218005 ], [ -95.077738549701166, 18.513593999783492 ], [ -95.085242149922408, 18.515989599671496 ], [ -95.087590059639581, 18.520076739860091 ], [ -95.084752710333944, 18.525718750052853 ], [ -95.087273079655745, 18.528504089872701 ], [ -95.10476008037628, 18.534030030451266 ], [ -95.104987910413456, 18.531958150418955 ], [ -95.113011770038625, 18.534404119885306 ], [ -95.117457149877495, 18.529974489617747 ], [ -95.123778720281464, 18.534895680291296 ], [ -95.127346170236976, 18.531933150237148 ], [ -95.135924919689415, 18.534893030002159 ], [ -95.132931919972748, 18.535361460387094 ], [ -95.132514830059648, 18.541479690181408 ], [ -95.123750939634888, 18.543764380295812 ], [ -95.121572119988301, 18.547360979835712 ], [ -95.111202690431071, 18.544777920066707 ], [ -95.110839850034594, 18.550715880274311 ], [ -95.107527120278931, 18.548168049658212 ], [ -95.099299059601407, 18.549552090310822 ], [ -95.105366290046703, 18.565906830368483 ], [ -95.101329750265123, 18.571536709845589 ], [ -95.080210879953043, 18.576454719801049 ], [ -95.064712020402055, 18.587407540120349 ], [ -95.06256272039127, 18.592987119843901 ], [ -95.058888799900714, 18.592548890125531 ], [ -95.049461314938569, 18.599747825704618 ] ] ] } },
{ "type": "Feature", "properties": { "code": "30080", "stateCode": "30", "municipalityCode": "080", "name": "Ixhuatlán del Café" }, "geometry": { "type": "Polygon", "coordinates": [ [ [ -96.899880520250747, 19.095906420293733 ], [ -96.890928620271907, 19.094104050209008 ], [ -96.889708280327184, 19.091077260374796 ], [ -96.89662214957113, 19.086694319566224 ], [ -96.892793830382757, 19.081590750317456 ], [ -96.89461074025084, 19.064601510396564 ], [ -96.890641220182587, 19.057869830325707 ], [ -96.874407459752732, 19.046299219882687 ], [ -96.882377660012978, 19.039748379602457 ], [ -96.878927340358075, 19.034690229854885 ], [ -96.881605520177956, 19.030496890335108 ], [ -96.879612369795396, 19.016596679843406 ], [ -96.883564509819166, 19.010733980411295 ], [ -96.883009799637634, 19.005645149584613 ], [ -96.871363540476693, 19.007521719650349 ], [ -96.86968342041304, 19.01221685036742 ], [ -96.858001140318549, 19.010797820277929 ], [ -96.865799309706574, 19.008504750358298 ], [ -96.867530710398881, 19.001845310102023 ], [ -96.863978799827919, 18.991548510087959 ], [ -96.858854859905136, 18.988449479997591 ], [ -96.860638079864415, 18.980637280070123 ], [ -96.858346339696439, 18.973234579631182 ], [ -96.850204079801145, 18.97407046009587 ], [ -96.848218379921761, 18.97129041976055 ], [ -96.856635020380779, 18.965708660190959 ], [ -96.853707230391052, 18.960560399832858 ], [ -96.859266999852451, 18.961737309893508 ], [ -96.862739230375666, 18.957294180437934 ], [ -96.904430820273404, 18.963774489790392 ], [ -96.904442029690472, 18.9739280197944 ], [ -96.900681419827208, 18.979251650015932 ], [ -96.90505421977781, 18.985467940010111 ], [ -96.898236709630609, 18.991752019837257 ], [ -96.913729450443327, 19.006620400278944 ], [ -96.93785205005976, 19.010883709902405 ], [ -96.952063939917934, 19.004338229758805 ], [ -96.963829980178559, 19.008392049706668 ], [ -96.969195119995291, 19.020903850294644 ], [ -96.974846279898614, 19.024149799935152 ], [ -96.975447180375696, 19.032386580124992 ], [ -96.983003219997627, 19.032907980328293 ], [ -96.984307250089046, 19.021465799921817 ], [ -96.993304979704874, 19.02496957970461 ], [ -96.995150919896503, 19.032555119684194 ], [ -96.998030029878393, 19.025989230012186 ], [ -97.002475320452305, 19.031029050425101 ], [ -97.002672850319371, 19.044178489775209 ], [ -97.006598310469613, 19.055100689815166 ], [ -97.012085719825293, 19.063399319690092 ], [ -97.010716850287892, 19.065451599874308 ], [ -97.013193059767744, 19.065033909919443 ], [ -97.011122540234979, 19.068109709926095 ], [ -97.017870079921721, 19.070083280293659 ], [ -97.018134179663278, 19.073775479819265 ], [ -97.008932720258557, 19.079339680128886 ], [ -97.004583719908624, 19.074180619687965 ], [ -96.999728519535068, 19.08608677985303 ], [ -96.982370490102056, 19.095967030145282 ], [ -96.969831769681051, 19.084918780235022 ], [ -96.953767980088458, 19.086491939977609 ], [ -96.950846419978035, 19.083789019898497 ], [ -96.936781539728585, 19.084420999546897 ], [ -96.938821169875595, 19.086921710073586 ], [ -96.932623950100464, 19.088717429749103 ], [ -96.920525770332276, 19.08610912043245 ], [ -96.921676289908461, 19.088735709934141 ], [ -96.914454059655753, 19.088324800143557 ], [ -96.899880520250747, 19.095906420293733 ] ] ] } },
{ "type": "Feature", "properties": { "code": "30077", "stateCode": "30", "municipalityCode": "077", "name": "Isla" }, "geometry": { "type": "Polygon", "coordinates": [ [ [ -95.552268250377821, 18.364058380033203 ], [ -95.544094310410017, 18.338575659660293 ], [ -95.540846570212167, 18.336563820294778 ], [ -95.542149919760362, 18.33214521976247 ], [ -95.5353590599466, 18.328279459572325 ], [ -95.533497309668192, 18.322198170268475 ], [ -95.525818510168548, 18.32393718026298 ], [ -95.515827120156885, 18.317097420428489 ], [ -95.505556020393797, 18.317858450090696 ], [ -95.504501399621304, 18.307375109885385 ], [ -95.507418140110417, 18.300274420003628 ], [ -95.50294228961495, 18.292449619664406 ], [ -95.507258770109345, 18.284348850135629 ], [ -95.494666279882352, 18.273401750102217 ], [ -95.509279050315996, 18.267284170251667 ], [ -95.515593690154148, 18.253851910404041 ], [ -95.505087350105995, 18.245413350049731 ], [ -95.502424540165265, 18.237478060077905 ], [ -95.496515909761825, 18.244400149899914 ], [ -95.472258880180703, 18.250004150456977 ], [ -95.470956489905362, 18.261761909619448 ], [ -95.463591349848897, 18.26807319967406 ], [ -95.463751430075618, 18.261024379932259 ], [ -95.457093139604908, 18.264629489552807 ], [ -95.450975430159531, 18.262406169762922 ], [ -95.458703139577437, 18.257236149545335 ], [ -95.45840047966314, 18.251752290065298 ], [ -95.447722599565992, 18.245512000395976 ], [ -95.433381139639849, 18.246659480251438 ], [ -95.444808659690722, 18.241545400047354 ], [ -95.445744489810536, 18.225652219548095 ], [ -95.443111749689436, 18.220496179575242 ], [ -95.430123950391291, 18.222772489831087 ], [ -95.431765449906649, 18.236169430419164 ], [ -95.424217509557153, 18.243981860056142 ], [ -95.42144419982651, 18.234200150030393 ], [ -95.416749650413777, 18.229759909912584 ], [ -95.403515569551729, 18.233333179897713 ], [ -95.39198279995631, 18.224659249717714 ], [ -95.382943280006529, 18.227249919569083 ], [ -95.380153919676374, 18.222678059772768 ], [ -95.381995110426985, 18.220034860308708 ], [ -95.384106179698037, 18.223248050101894 ], [ -95.388085939738517, 18.222397020047183 ], [ -95.385501419942528, 18.215385370394085 ], [ -95.388917949725595, 18.219181910280252 ], [ -95.387292829564686, 18.214880629541547 ], [ -95.390555689637353, 18.21244028032012 ], [ -95.402366179795621, 18.214942550219199 ], [ -95.406485319946484, 18.211572450411666 ], [ -95.40431608042644, 18.206981740431061 ], [ -95.41221647992262, 18.20000414025407 ], [ -95.409764399837968, 18.193916229649712 ], [ -95.402745720084013, 18.195629309891483 ], [ -95.405054680084291, 18.186655220135357 ], [ -95.402828719655346, 18.182758089767304 ], [ -95.393579890277138, 18.190199110291214 ], [ -95.386735770358541, 18.191375830036531 ], [ -95.390614679788754, 18.185258350285682 ], [ -95.388737879879926, 18.177863849866711 ], [ -95.398377970411801, 18.178823340063225 ], [ -95.398558479719071, 18.174148749542542 ], [ -95.405686229804317, 18.174929540414119 ], [ -95.404533850385107, 18.169944259607259 ], [ -95.416457370097319, 18.171399199980744 ], [ -95.416988799776078, 18.166807110253707 ], [ -95.422953049870941, 18.167374909677132 ], [ -95.423073779975809, 18.16289057021714 ], [ -95.431207970244657, 18.163749320414233 ], [ -95.431734710414645, 18.159109800378307 ], [ -95.435181919915891, 18.15951105971607 ], [ -95.438706420297578, 18.155047980378964 ], [ -95.449165309667592, 18.154107200437988 ], [ -95.4526937399323, 18.165551850151651 ], [ -95.459031399584191, 18.169882150098541 ], [ -95.459096520261198, 18.175243720402417 ], [ -95.480037770398525, 18.193306339946478 ], [ -95.487877910238481, 18.185553509566102 ], [ -95.494363429874696, 18.167013340257515 ], [ -95.506043430160247, 18.159122060412884 ], [ -95.517338920429054, 18.127952720289095 ], [ -95.518137690030926, 18.117652449672118 ], [ -95.501676080301493, 18.103540719994012 ], [ -95.498616319611287, 18.090380879989624 ], [ -95.469304150035768, 18.058670819997438 ], [ -95.447023980381587, 18.028084949625004 ], [ -95.428436549602807, 18.017538889789794 ], [ -95.435385340064627, 18.013551420354222 ], [ -95.43264471958625, 18.009875250364242 ], [ -95.438998060429299, 18.005463320338428 ], [ -95.438150540372746, 17.999838430200885 ], [ -95.442282219613858, 17.996076769601739 ], [ -95.438086799914487, 17.990958510037373 ], [ -95.427388450096714, 17.990730489774357 ], [ -95.427335030432985, 17.98856334990769 ], [ -95.442837979731692, 17.977919220261203 ], [ -95.447333080166473, 17.969809830043918 ], [ -95.439367309888951, 17.971186089821209 ], [ -95.436131029887633, 17.960647950349696 ], [ -95.434828349806452, 17.963063179992592 ], [ -95.431047230144173, 17.959261049659624 ], [ -95.433576540190955, 17.959790169919234 ], [ -95.434286650160857, 17.953323599602214 ], [ -95.43808412027694, 17.954683259632343 ], [ -95.442890550144014, 17.949655619971939 ], [ -95.451527740386922, 17.94917645969192 ], [ -95.450648259516328, 17.939983970339785 ], [ -95.443516310237783, 17.94057156992179 ], [ -95.459102370339266, 17.92150596984326 ], [ -95.46518253972792, 17.923204059984183 ], [ -95.467099169963831, 17.92883667975147 ], [ -95.470147479699094, 17.920574450082309 ], [ -95.474805369555142, 17.922471320050242 ], [ -95.477712049645802, 17.907016779669771 ], [ -95.491478050376372, 17.91010888030339 ], [ -95.490640079835529, 17.906428490159826 ], [ -95.499820450229706, 17.908029220311633 ], [ -95.499579400064604, 17.904445909976854 ], [ -95.504254109535069, 17.905302940021787 ], [ -95.504177249976479, 17.901685950367618 ], [ -95.51100028010282, 17.899743569635131 ], [ -95.515762770304065, 17.901853550200194 ], [ -95.520391970318599, 17.898238029965245 ], [ -95.533776310005294, 17.906045140100851 ], [ -95.540233849597385, 17.900562000302003 ], [ -95.55199305996841, 17.899269000416719 ], [ -95.565777780337683, 17.902198849818078 ], [ -95.566963920440145, 17.892809939711171 ], [ -95.558950249780807, 17.886637080117001 ], [ -95.562740279836902, 17.883311549599679 ], [ -95.631730429544248, 17.891502620090201 ], [ -95.634284890361201, 17.893048770284114 ], [ -95.634124140247081, 17.900347060367377 ], [ -95.651939660379313, 17.909707570062697 ], [ -95.657136710425405, 17.892163289576843 ], [ -95.671491000136967, 17.885093910343095 ], [ -95.687027490461247, 17.882107219761185 ], [ -95.690925950109815, 17.885288480020176 ], [ -95.696787509598437, 17.88146645988386 ], [ -95.700333909678918, 17.890794380109512 ], [ -95.697960050064935, 17.896735570139128 ], [ -95.703656449679059, 17.902691169969174 ], [ -95.700921180450635, 17.908859829770556 ], [ -95.71524504990235, 17.917785659867874 ], [ -95.726102400264992, 17.918191080258641 ], [ -95.729006770172646, 17.915729750252073 ], [ -95.72895159975198, 17.921279920151925 ], [ -95.71265102980081, 17.946612090107458 ], [ -95.717318370364936, 17.953522630170674 ], [ -95.700130170180557, 17.955955879608915 ], [ -95.697925370284551, 17.958715150213212 ], [ -95.699753460108525, 17.982104719711501 ], [ -95.692555340450411, 17.992265000030944 ], [ -95.683786199691156, 17.997528779970104 ], [ -95.677707919939735, 17.995863120138505 ], [ -95.678070110157776, 17.992828279670821 ], [ -95.674544619822385, 17.992311780048183 ], [ -95.674489819942551, 17.995195600183813 ], [ -95.671375370240497, 17.992495489615738 ], [ -95.669121939836586, 17.9983114803617 ], [ -95.665332290153543, 17.99317082029722 ], [ -95.660208279660793, 17.992311979879084 ], [ -95.65614882993826, 18.003200310056808 ], [ -95.659371979818502, 18.008943710019167 ], [ -95.647902399733439, 18.020994290160736 ], [ -95.647652379601183, 18.041997020218062 ], [ -95.644223619564315, 18.045840170407153 ], [ -95.649738599547959, 18.051657019952692 ], [ -95.645582720451884, 18.068419340220636 ], [ -95.629939430041233, 18.070874969895897 ], [ -95.625447420231879, 18.085539690242975 ], [ -95.638932750421645, 18.091401430052201 ], [ -95.661898340380716, 18.094460250331554 ], [ -95.661262479865314, 18.103144950163042 ], [ -95.664820080039178, 18.111203369995028 ], [ -95.662200379966421, 18.114184540146432 ], [ -95.667306830145719, 18.122925120159614 ], [ -95.664889720085611, 18.125651340404325 ], [ -95.656286509664298, 18.120318850299203 ], [ -95.650866949874469, 18.123006380327844 ], [ -95.64881583020059, 18.129943260236402 ], [ -95.654481000038956, 18.136979319611999 ], [ -95.653714419592234, 18.143846770403918 ], [ -95.648875280439, 18.1493671397429 ], [ -95.638763550411866, 18.153222679702139 ], [ -95.651054980327714, 18.158629319936495 ], [ -95.648213229809201, 18.164507179910807 ], [ -95.650465910192111, 18.168907320345557 ], [ -95.66164398015944, 18.168073859844988 ], [ -95.646372490115027, 18.174338859823973 ], [ -95.653856659818032, 18.180475029994422 ], [ -95.65314689015797, 18.186717230210522 ], [ -95.657980819878148, 18.189086949955914 ], [ -95.65170952007162, 18.189953749678008 ], [ -95.64644154033391, 18.18227507983169 ], [ -95.645666650439281, 18.204792350033955 ], [ -95.63347171991775, 18.2051402002689 ], [ -95.631132779931633, 18.21016151020676 ], [ -95.633049799628452, 18.219646919939109 ], [ -95.628869320371308, 18.222754449667143 ], [ -95.62182685976984, 18.223038720149948 ], [ -95.6096910200487, 18.213552340044028 ], [ -95.606763459924252, 18.216925079877097 ], [ -95.60896263018158, 18.221676780264396 ], [ -95.606857919933177, 18.230797749575856 ], [ -95.59971871998917, 18.232130890198558 ], [ -95.592153400231837, 18.227998109838047 ], [ -95.596084629723393, 18.235983580312674 ], [ -95.58505247988731, 18.239906149906712 ], [ -95.585345220164243, 18.243627049720228 ], [ -95.581100719874328, 18.242910079773651 ], [ -95.575463290295488, 18.234428859593297 ], [ -95.569307650245065, 18.235625030361568 ], [ -95.567803920119204, 18.241316169847689 ], [ -95.570241249619642, 18.243815020260428 ], [ -95.579525550315836, 18.242462600325432 ], [ -95.577900200116233, 18.254000319601865 ], [ -95.580190350220008, 18.258925740124791 ], [ -95.572776740244763, 18.260399709969409 ], [ -95.571259970462947, 18.268636519732127 ], [ -95.562352420423338, 18.268512889827679 ], [ -95.559080539990262, 18.27646370976527 ], [ -95.563610549729688, 18.284824279673696 ], [ -95.573502879633168, 18.290092319840237 ], [ -95.590584180155773, 18.290887120458112 ], [ -95.590204170064453, 18.294878120316209 ], [ -95.582725379701856, 18.294194449627422 ], [ -95.579394830272648, 18.298268310153258 ], [ -95.582480369872485, 18.302570179747974 ], [ -95.592901719527035, 18.303784680230148 ], [ -95.596584180205411, 18.308567540121413 ], [ -95.597153310148968, 18.315795290122562 ], [ -95.592009460104805, 18.324514259758285 ], [ -95.599047319533213, 18.329142180263812 ], [ -95.586085019699439, 18.328784910138651 ], [ -95.584565630281034, 18.331343630432286 ], [ -95.589667780143387, 18.339275739959543 ], [ -95.598052379640478, 18.334497379654426 ], [ -95.60485045954033, 18.340957179985924 ], [ -95.585604750427194, 18.360683379764847 ], [ -95.577292570333668, 18.363210749946987 ], [ -95.56336455011521, 18.359928350193147 ], [ -95.552268250377821, 18.364058380033203 ] ] ] } },
{ "type": "Feature", "properties": { "code": "30076", "stateCode": "30", "municipalityCode": "076", "name": "Ilamatlán" }, "geometry": { "type": "Polygon", "coordinates": [ [ [ -98.348154349941822, 20.865526599756436 ], [ -98.344517748694599, 20.862235509657502 ], [ -98.351788029235792, 20.848796429949356 ], [ -98.349751279200049, 20.842981049584864 ], [ -98.352870459039451, 20.836007139833484 ], [ -98.345429199218827, 20.831843150192196 ], [ -98.327196079032632, 20.829438229718043 ], [ -98.328818048752311, 20.820785890172786 ], [ -98.316536049134385, 20.817770479795836 ], [ -98.315396769405311, 20.809209780006867 ], [ -98.343535520027018, 20.797937650211509 ], [ -98.346236280397605, 20.802418919784945 ], [ -98.353537719710459, 20.801582200417716 ], [ -98.352968659802627, 20.793938150135176 ], [ -98.364330879527259, 20.784982400344742 ], [ -98.373326509559064, 20.785439739710476 ], [ -98.375988259712258, 20.782430260338334 ], [ -98.382203830478261, 20.784757950013148 ], [ -98.383257709987305, 20.780358150444901 ], [ -98.386738279795949, 20.784378339690925 ], [ -98.397682079631068, 20.781757490416393 ], [ -98.392685309528076, 20.761833379782914 ], [ -98.393834709586528, 20.75427106005008 ], [ -98.423167020012045, 20.752322969679074 ], [ -98.428026879721017, 20.744488480097051 ], [ -98.440085879990349, 20.737956430022187 ], [ -98.443388720256038, 20.729233180113201 ], [ -98.460341829630806, 20.713312110428465 ], [ -98.494079280404051, 20.701384710221063 ], [ -98.501150379557942, 20.694583319988336 ], [ -98.514825089905969, 20.689202019951431 ], [ -98.517441510279738, 20.683771419581852 ], [ -98.525051340170393, 20.681839109994801 ], [ -98.533397350135047, 20.662716910456545 ], [ -98.542334709820622, 20.668084259605031 ], [ -98.550179750171026, 20.6893925397668 ], [ -98.539991779950469, 20.693506970184401 ], [ -98.540257049797773, 20.69810749024678 ], [ -98.534227060060786, 20.698421779944915 ], [ -98.529072600236873, 20.703993919673565 ], [ -98.532644489639182, 20.711302750266434 ], [ -98.53015979971029, 20.718098319584715 ], [ -98.520369259834922, 20.727032489613851 ], [ -98.5156822497609, 20.725355569939833 ], [ -98.506438060314309, 20.733119149736215 ], [ -98.514493320215408, 20.7323223795686 ], [ -98.517216749834475, 20.742383880276147 ], [ -98.508138650311622, 20.744189399941334 ], [ -98.503610510230814, 20.732226689762538 ], [ -98.496811139645317, 20.736830119724562 ], [ -98.476012690024831, 20.738925320395708 ], [ -98.470699859847201, 20.744942719894034 ], [ -98.449728879873561, 20.751345709871547 ], [ -98.456037179827675, 20.755610349572748 ], [ -98.464345719646332, 20.771925970206471 ], [ -98.460516970022795, 20.778983140065577 ], [ -98.463230549762955, 20.785177109607027 ], [ -98.455852029957555, 20.789519050349298 ], [ -98.449641449931434, 20.80608857961937 ], [ -98.452205229933199, 20.813966230273547 ], [ -98.450553570063249, 20.821471860177819 ], [ -98.444027460364708, 20.828992229899903 ], [ -98.443680180330972, 20.834323510164221 ], [ -98.432324879699891, 20.840977060105772 ], [ -98.430638580319069, 20.847672430051379 ], [ -98.419429020035665, 20.851102459754706 ], [ -98.413717220266392, 20.848636450120466 ], [ -98.41142150960296, 20.854093020061839 ], [ -98.402909059673149, 20.858383880191909 ], [ -98.378910030466542, 20.852009909642746 ], [ -98.371125950102652, 20.862314449842636 ], [ -98.365838880014721, 20.863874949648235 ], [ -98.357510179829049, 20.856790119827131 ], [ -98.348154349941822, 20.865526599756436 ] ] ] } },
{ "type": "Feature", "properties": { "code": "30063", "stateCode": "30", "municipalityCode": "063", "name": "Chontla" }, "geometry": { "type": "Polygon", "coordinates": [ [ [ -98.042211830232532, 21.669045739944934 ], [ -98.029164689848912, 21.667338939879293 ], [ -98.012522120327546, 21.659758570288442 ], [ -98.007631230029546, 21.664605229660072 ], [ -98.001327380100975, 21.66180737986684 ], [ -97.996218149560761, 21.666107860201098 ], [ -97.990657110326325, 21.657996169897984 ], [ -97.990865380442543, 21.647817970162549 ], [ -97.986860220090037, 21.643394770449547 ], [ -97.985624750466499, 21.633898780147927 ], [ -97.989139139982541, 21.633066880060969 ], [ -97.991326649553756, 21.627524659733975 ], [ -97.98855253962023, 21.627172950017837 ], [ -97.990103309869895, 21.624630280415509 ], [ -97.986974690034984, 21.619622140433425 ], [ -97.976339950194458, 21.616558520431735 ], [ -97.982681450104508, 21.603753910289107 ], [ -97.974034740353119, 21.603458519868397 ], [ -97.974074050095851, 21.598042029631657 ], [ -97.968854889575155, 21.595253629787273 ], [ -97.972460799878561, 21.590862619604238 ], [ -97.970021479613308, 21.587965200207652 ], [ -97.977470479852371, 21.582881740071628 ], [ -97.972592570469402, 21.580446770149354 ], [ -97.977145820357848, 21.567504180425779 ], [ -97.974544290426138, 21.561961910227708 ], [ -97.982278280448853, 21.554265890180201 ], [ -97.980295949651037, 21.531953200435275 ], [ -97.983694970209442, 21.52429390982757 ], [ -97.978818150084223, 21.518860449870971 ], [ -97.978111110126335, 21.509685479604855 ], [ -97.983023479745086, 21.500635849855808 ], [ -97.981239709623466, 21.498465280340231 ], [ -97.986894199861325, 21.495394060420253 ], [ -97.992203909622418, 21.480459830349211 ], [ -97.988117909694367, 21.476922029913425 ], [ -97.988395689905289, 21.465550950213451 ], [ -97.977083280146559, 21.45518088023324 ], [ -97.975042139684703, 21.450033060113089 ], [ -97.977309800161137, 21.447538949972888 ], [ -97.969827219949622, 21.438932859764037 ], [ -97.970876510059597, 21.433698050049863 ], [ -97.963524879600669, 21.426451339592248 ], [ -97.970125490122385, 21.416257569993704 ], [ -97.966024519922456, 21.406338739966959 ], [ -97.957159140430065, 21.406316259776542 ], [ -97.935468689848179, 21.384491279708335 ], [ -97.922802629691603, 21.381416599863499 ], [ -97.914215120064313, 21.375608749640762 ], [ -97.912005890299383, 21.378639820167948 ], [ -97.903961199916196, 21.371931310292158 ], [ -97.906450030426726, 21.353210380096542 ], [ -97.91209517002477, 21.353247049903512 ], [ -97.906178570432303, 21.337055109705616 ], [ -97.907534950393739, 21.324035260391643 ], [ -97.902596710285678, 21.319094520088861 ], [ -97.906488599836948, 21.309785230436933 ], [ -97.90330240009736, 21.298402320434111 ], [ -97.894843649852248, 21.295231690286705 ], [ -97.890686749632906, 21.277715510005514 ], [ -97.88407140029959, 21.272620059972073 ], [ -97.879126199791131, 21.249970379891902 ], [ -97.871456999971031, 21.246067050330865 ], [ -97.870888679744084, 21.238136029724128 ], [ -97.887573679637285, 21.231796200407754 ], [ -97.895216079787076, 21.220915110113786 ], [ -97.903518200096897, 21.216516220452554 ], [ -97.915308280320659, 21.197908149739977 ], [ -97.927828339956534, 21.196704619555501 ], [ -97.939145150091448, 21.199689320102767 ], [ -97.949595519902743, 21.196349850233712 ], [ -97.958174050168651, 21.18464465016579 ], [ -97.962957710077916, 21.190275349831108 ], [ -97.959912250196638, 21.200176230246548 ], [ -97.961856080282786, 21.21050494993159 ], [ -97.936457060391447, 21.20381311966414 ], [ -97.932578200310516, 21.204659279815115 ], [ -97.929126460158102, 21.21729619995903 ], [ -97.936174889651795, 21.221686739912933 ], [ -97.93724823032413, 21.233340150053504 ], [ -97.949254109913909, 21.239294059855244 ], [ -97.958480739789167, 21.238244819579144 ], [ -97.972357769652504, 21.2468109998374 ], [ -97.969006460294736, 21.255389780304103 ], [ -97.971720059580534, 21.257628919962407 ], [ -97.996080219752784, 21.247610679705275 ], [ -98.002553430265095, 21.253096340250337 ], [ -98.004824419946985, 21.276724229935922 ], [ -98.001700909762775, 21.282025139985606 ], [ -98.004945919765746, 21.282599030274465 ], [ -98.006808340189551, 21.289921450333043 ], [ -98.002638229665436, 21.291937119785739 ], [ -98.007491029639567, 21.297910279966747 ], [ -98.006776119539737, 21.30515714962954 ], [ -98.01154133977532, 21.307188050426728 ], [ -98.005406000177558, 21.311386920306788 ], [ -98.009850980330597, 21.311635339841207 ], [ -98.008870290037464, 21.316674889886901 ], [ -98.015633570201103, 21.320682979656372 ], [ -98.013580969793566, 21.322123369920984 ], [ -98.01653714968235, 21.326918820362049 ], [ -98.02415779974848, 21.329756949952664 ], [ -98.030405309891364, 21.324586510378765 ], [ -98.040545230095091, 21.324569050338457 ], [ -98.045131030048708, 21.328624149828759 ], [ -98.04315731036138, 21.335453599579328 ], [ -98.046776230440329, 21.33950854992862 ], [ -98.040272620362927, 21.342345090206212 ], [ -98.042009520391176, 21.347147539664753 ], [ -98.036402430308215, 21.351701309751146 ], [ -98.039874110293226, 21.353137079596905 ], [ -98.036687890292015, 21.357154149985064 ], [ -98.039289859755314, 21.360182980020401 ], [ -98.037133180452159, 21.364547420070068 ], [ -98.040918149993075, 21.369566490257938 ], [ -98.038038880475128, 21.373926460169105 ], [ -98.042091080331573, 21.379018059733216 ], [ -98.038116150424273, 21.389565309590349 ], [ -98.041987769782637, 21.392027120278247 ], [ -98.039700849577073, 21.395378709540495 ], [ -98.045220980352269, 21.397268860138333 ], [ -98.040531309701237, 21.398276120022064 ], [ -98.044041769680334, 21.400296850060784 ], [ -98.042390250385992, 21.404611449697811 ], [ -98.045241519925355, 21.402755490035435 ], [ -98.049708109704355, 21.406086950290437 ], [ -98.044355599701404, 21.408036459544537 ], [ -98.049241680011406, 21.417319970187119 ], [ -98.056680690328747, 21.420155279726558 ], [ -98.054164799511128, 21.42609865027049 ], [ -98.057704850386756, 21.426036710372177 ], [ -98.064500620026422, 21.433516719654609 ], [ -98.062978369697575, 21.440215579881475 ], [ -98.065952769866556, 21.441503689963092 ], [ -98.061959490208878, 21.448627340163696 ], [ -98.068741030266807, 21.450509259960697 ], [ -98.062470319616722, 21.464956679946088 ], [ -98.05714495018411, 21.464855019582114 ], [ -98.054027339546266, 21.476774629847363 ], [ -98.049140260372909, 21.479614059810423 ], [ -98.048517249810104, 21.483311290111935 ], [ -98.051654060243749, 21.48436560022374 ], [ -98.049395259671215, 21.487326249596912 ], [ -98.042815089610443, 21.48550871992542 ], [ -98.040062709878555, 21.489948339638321 ], [ -98.032686179661766, 21.486786830415863 ], [ -98.027726540042153, 21.494513879669125 ], [ -98.024131859706628, 21.494819569953922 ], [ -98.027659540388797, 21.502561219747111 ], [ -98.021686740155531, 21.511782309973018 ], [ -98.026414140283578, 21.515878879840443 ], [ -98.021846110425656, 21.516775339646276 ], [ -98.021234920033621, 21.536957860345844 ], [ -98.028236549629327, 21.539996029715642 ], [ -98.024761549593961, 21.545799850399266 ], [ -98.026887489885809, 21.554390480449019 ], [ -98.035961169908276, 21.556031260104387 ], [ -98.036605750138193, 21.559100859771927 ], [ -98.028761690091031, 21.565444419793316 ], [ -98.028827139774165, 21.573931919870912 ], [ -98.02733485009648, 21.571202309975831 ], [ -98.021290950465286, 21.574345219860991 ], [ -98.017680950265103, 21.581836950047041 ], [ -98.012864220372535, 21.581034220171226 ], [ -98.009582429946036, 21.575881739773521 ], [ -97.999968450000267, 21.583562920063795 ], [ -97.997520940230729, 21.594366380119592 ], [ -97.991302689592402, 21.597371060192508 ], [ -97.986687770067874, 21.609964020018261 ], [ -97.987600569617612, 21.616958340062812 ], [ -97.995940140339158, 21.624950030152842 ], [ -98.005622060319922, 21.626476249871541 ], [ -98.011246879537978, 21.637731820023198 ], [ -98.019596460161708, 21.640857879744797 ], [ -98.030731050116586, 21.639920800259496 ], [ -98.030283370265266, 21.647363320284967 ], [ -98.032940800338878, 21.649879090224868 ], [ -98.02977348004606, 21.655939540362688 ], [ -98.035232630349086, 21.653838570445096 ], [ -98.036983580361962, 21.658112859577056 ], [ -98.044403909866332, 21.659563939957035 ], [ -98.042211830232532, 21.669045739944934 ] ] ] } },
{ "type": "Feature", "properties": { "code": "30062", "stateCode": "30", "municipalityCode": "062", "name": "Chocamán" }, "geometry": { "type": "Polygon", "coordinates": [ [ [ -97.031966090406172, 19.036905080416389 ], [ -97.028167860476316, 19.035463199891201 ], [ -97.024295550039511, 19.025839940242673 ], [ -97.018448199907297, 19.026385659647296 ], [ -97.011090889612134, 19.017353629876869 ], [ -97.002396799564508, 19.013006620126458 ], [ -97.003129320135088, 19.008789520198814 ], [ -96.998287950110623, 19.00805942973378 ], [ -96.989400820280494, 18.990521380144241 ], [ -96.997076879553205, 18.986784800433409 ], [ -96.991219169544053, 18.979100119915952 ], [ -97.012883370174393, 18.988721950046042 ], [ -97.014337180206397, 18.97862608033882 ], [ -97.018967509376495, 18.973341980380766 ], [ -97.031757569804668, 18.972279619650653 ], [ -97.032941950208624, 18.963752830116292 ], [ -97.039287740466946, 18.969290969868034 ], [ -97.03567501953512, 18.975613509694604 ], [ -97.040456380247491, 18.981414000348359 ], [ -97.040141019747153, 18.985635460217647 ], [ -97.047553570006187, 18.991716119969976 ], [ -97.052404799811313, 18.983506650011471 ], [ -97.060674249996509, 18.983559799558076 ], [ -97.071335689870338, 18.975310139548405 ], [ -97.086723650243457, 18.975689120064313 ], [ -97.086943339623886, 18.98008773966005 ], [ -97.091979319868813, 18.983834170100575 ], [ -97.088153369545537, 18.994800459932613 ], [ -97.077804890209961, 19.002392399989702 ], [ -97.064963399593793, 19.002787230037363 ], [ -97.072059340252508, 19.022712139953697 ], [ -97.06931183007724, 19.030713289678157 ], [ -97.065372280375584, 19.028968569808089 ], [ -97.064827310367207, 19.024148109756222 ], [ -97.058573949941731, 19.023856919594259 ], [ -97.031966090406172, 19.036905080416389 ] ] ] } },
{ "type": "Feature", "properties": { "code": "30061", "stateCode": "30", "municipalityCode": "061", "name": "Las Choapas" }, "geometry": { "type": "Polygon", "coordinates": [ [ [ -94.182299089989073, 17.989801679704367 ], [ -94.17607451036551, 17.978693419778718 ], [ -94.154766200135768, 17.983925199719479 ], [ -94.140224079880312, 17.977840909859502 ], [ -94.131364109752212, 17.977983539586024 ], [ -94.11244025022765, 17.966043569833058 ], [ -94.09928711048336, 17.970115279763419 ], [ -94.090154489758518, 17.968256970361605 ], [ -94.092029180326392, 17.961156200183833 ], [ -94.08737141969273, 17.958981570378949 ], [ -94.087114459927037, 17.952768539798793 ], [ -94.091197940440125, 17.934037090414293 ], [ -94.084973369658357, 17.915530579953831 ], [ -94.088009920201969, 17.906480819785294 ], [ -94.081822119987635, 17.89991102005872 ], [ -94.085135140121039, 17.892874089986751 ], [ -94.079308820438172, 17.891045850313116 ], [ -94.082883770015414, 17.885771970299899 ], [ -94.083430750186906, 17.869868489970127 ], [ -94.072300940463975, 17.865558860148493 ], [ -94.065113450079096, 17.86845378009507 ], [ -94.062604549529226, 17.863087800090657 ], [ -94.051982380440052, 17.870743199745508 ], [ -94.042876430192877, 17.867439910298014 ], [ -94.042898090188444, 17.873506430042937 ], [ -94.033158480250364, 17.872557219739988 ], [ -94.037993230439923, 17.869972090089767 ], [ -94.037534430077415, 17.862658780349147 ], [ -94.032682019964497, 17.862126420293571 ], [ -94.029447509602335, 17.845669540418577 ], [ -94.023038679744602, 17.846257249889209 ], [ -94.025947430443026, 17.840380620476296 ], [ -94.017027110007191, 17.839554970431177 ], [ -94.016342950002141, 17.84449237959376 ], [ -94.00622608044894, 17.839954779716244 ], [ -94.002968379752929, 17.842255139759626 ], [ -93.995612309926557, 17.836618080114906 ], [ -93.993873059866175, 17.839495720302484 ], [ -93.997637510225644, 17.839520339677293 ], [ -93.994614679886297, 17.84602011008954 ], [ -93.987870820407579, 17.834358249845771 ], [ -93.988239180233094, 17.844720850139943 ], [ -93.983172619941001, 17.839857150193854 ], [ -93.981169089617183, 17.846033340176298 ], [ -93.986243619914063, 17.84705894023649 ], [ -93.984567259820565, 17.851574939823603 ], [ -93.975948369765476, 17.850372249985657 ], [ -93.973179260272602, 17.842335919970349 ], [ -93.967622109669136, 17.845138659640412 ], [ -93.965623649951766, 17.841404259682051 ], [ -93.967878860216274, 17.837046659657801 ], [ -93.962895050289362, 17.834308049692357 ], [ -93.959838770451171, 17.83727105004602 ], [ -93.955950029786521, 17.833395180252097 ], [ -93.957442720094036, 17.825315279903172 ], [ -93.958444550239477, 17.830243850229468 ], [ -93.964994690201166, 17.829967549923524 ], [ -93.958327780153496, 17.819728999963296 ], [ -93.967996170286185, 17.817871680206448 ], [ -93.956800970345469, 17.810640249749341 ], [ -93.963167880105743, 17.799502259566861 ], [ -93.960601740015377, 17.798299289912716 ], [ -93.957706889916111, 17.802439740426994 ], [ -93.950631399670897, 17.800412420382454 ], [ -93.955339720315862, 17.799586149924309 ], [ -93.952947089585962, 17.786687950254123 ], [ -93.956103819551672, 17.781720180037951 ], [ -93.949498570170775, 17.7694887803667 ], [ -93.940848020456059, 17.765106019626291 ], [ -93.941143629554247, 17.759849719568106 ], [ -93.935259459612737, 17.759096849643566 ], [ -93.94142983043281, 17.755580080373079 ], [ -93.940107259828665, 17.753169909637766 ], [ -93.929125509526784, 17.753256800154357 ], [ -93.92461376969203, 17.75091343008582 ], [ -93.927096819760507, 17.748094379596253 ], [ -93.922314629570309, 17.746328339595099 ], [ -93.91011941973035, 17.754691019680621 ], [ -93.904333369717179, 17.750122490207371 ], [ -93.901068880218716, 17.755669319934096 ], [ -93.892205740279138, 17.753677350128125 ], [ -93.890685580269306, 17.75112690959833 ], [ -93.893884920211363, 17.749646260308186 ], [ -93.891280169792594, 17.748080780284184 ], [ -93.886658919763775, 17.751015799734798 ], [ -93.88534877044718, 17.757224720128221 ], [ -93.881237030315063, 17.751298219823585 ], [ -93.877048779860829, 17.756563579939524 ], [ -93.877445320427796, 17.753640339901708 ], [ -93.8742361096824, 17.755290200107282 ], [ -93.870033170260115, 17.750609650256333 ], [ -93.874668089721681, 17.747206310020147 ], [ -93.869608510317008, 17.739323310079939 ], [ -93.874326150220668, 17.73992908968015 ], [ -93.873760169648364, 17.734662969689808 ], [ -93.878223999615983, 17.73751880010348 ], [ -93.883661600374822, 17.735533780051675 ], [ -93.876162600124744, 17.733298939608197 ], [ -93.880722220304321, 17.726277620422003 ], [ -93.87749351966842, 17.724408149795973 ], [ -93.87586297988129, 17.726528879714945 ], [ -93.874416400077436, 17.7178884796025 ], [ -93.869997079854571, 17.713536029649145 ], [ -93.864619279830592, 17.716715679621416 ], [ -93.869182799780276, 17.717978719541559 ], [ -93.864996030464312, 17.722186630068389 ], [ -93.858678579628787, 17.720890540419447 ], [ -93.859285920377857, 17.716852720049584 ], [ -93.848581309728971, 17.720708889565017 ], [ -93.850402679818103, 17.71665622043534 ], [ -93.846996169929753, 17.714093260336838 ], [ -93.845890420077993, 17.717187259682145 ], [ -93.84302008978689, 17.711366579898197 ], [ -93.838835860253624, 17.711490060251013 ], [ -93.839912140294487, 17.714900449720716 ], [ -93.837380570020969, 17.713611080391303 ], [ -93.834907170245117, 17.716549740334276 ], [ -93.830457220116301, 17.713701689814986 ], [ -93.826586430269657, 17.719191620393502 ], [ -93.828646649931216, 17.712940149615036 ], [ -93.823510800022078, 17.709428600437011 ], [ -93.825995569522362, 17.705959400253125 ], [ -93.822340680418989, 17.699576510270461 ], [ -93.81254060027257, 17.706923170321236 ], [ -93.812609430345603, 17.702517940196909 ], [ -93.806989080243767, 17.705919029683969 ], [ -93.805154659655997, 17.689355509766241 ], [ -93.798891150377557, 17.687403319893157 ], [ -93.796261939891053, 17.689904290099282 ], [ -93.797849679619318, 17.692244580143353 ], [ -93.791065230000655, 17.694737180244363 ], [ -93.784786310036296, 17.69090248975991 ], [ -93.781232229836462, 17.693237509759289 ], [ -93.780522979634412, 17.688672350278683 ], [ -93.778301859983259, 17.692429849676618 ], [ -93.776082339759668, 17.690345449606987 ], [ -93.772569879741397, 17.692708980251368 ], [ -93.772932860232402, 17.687653540380374 ], [ -93.768201800170047, 17.687954180403608 ], [ -93.765041260180325, 17.674573250330905 ], [ -93.765357400038312, 17.680522029813776 ], [ -93.759768080106667, 17.685116709568021 ], [ -93.751788889660148, 17.683986550051635 ], [ -93.75653472023555, 17.682624349729785 ], [ -93.756719140254674, 17.676872459637643 ], [ -93.753193969770436, 17.680171779688152 ], [ -93.751836319949504, 17.676563569839448 ], [ -93.749075980306273, 17.679245419804705 ], [ -93.74783534021924, 17.675384319864936 ], [ -93.738510860126226, 17.679370150391545 ], [ -93.747079310280995, 17.668350570455395 ], [ -93.745620290119405, 17.662220340025627 ], [ -93.742411679570893, 17.666539940025046 ], [ -93.741081249508383, 17.664782430403434 ], [ -93.746582659599312, 17.660114710001757 ], [ -93.74250398035656, 17.657095079850823 ], [ -93.740890909833624, 17.649405710181181 ], [ -93.737433970037785, 17.651697349735077 ], [ -93.732691950255372, 17.649162220373487 ], [ -93.729991739780999, 17.641289740316733 ], [ -93.737987549580893, 17.634950479699409 ], [ -93.735280220242586, 17.63008187965022 ], [ -93.731024689775197, 17.635833340248837 ], [ -93.732882600466183, 17.625760230081735 ], [ -93.729119169543154, 17.629865250098543 ], [ -93.723440539805694, 17.623152629671747 ], [ -93.714728170137079, 17.620853080387572 ], [ -93.712514310156834, 17.622008309998783 ], [ -93.712061059997239, 17.62384474045048 ], [ -93.719170419889522, 17.633463520122522 ], [ -93.71318359981521, 17.630670030197688 ], [ -93.708492690237051, 17.623415849899306 ], [ -93.709691339585234, 17.611632980246871 ], [ -93.704130970304817, 17.610299139607754 ], [ -93.699657449586198, 17.613685620106786 ], [ -93.699464169926515, 17.596023889920275 ], [ -93.693334319815705, 17.589555170170165 ], [ -93.693208579626059, 17.593495400403398 ], [ -93.687209370155841, 17.593694369619751 ], [ -93.68541884954864, 17.587086350257877 ], [ -93.677610319839687, 17.585869519817884 ], [ -93.680813379816939, 17.584927619558439 ], [ -93.677310279548706, 17.575766750354369 ], [ -93.671099739874208, 17.576252820427111 ], [ -93.671218580432694, 17.569560620209053 ], [ -93.659169279773167, 17.565486340276891 ], [ -93.656712289955877, 17.555342570186891 ], [ -93.653690060183408, 17.559972690725147 ], [ -93.648482340448382, 17.555345650311867 ], [ -93.642379279064485, 17.558107661010851 ], [ -93.638291799065229, 17.555288280965954 ], [ -93.631143549557677, 17.556734741193846 ], [ -93.62946897891193, 17.549366280050254 ], [ -93.624548629567357, 17.548854769596989 ], [ -93.617522508886921, 17.555165060778734 ], [ -93.613601120102786, 17.552511280957237 ], [ -93.621529599421564, 17.544826220185097 ], [ -93.618184748657001, 17.542104970577146 ], [ -93.619564749070491, 17.537558601177029 ], [ -93.624691849471986, 17.538263525983126 ], [ -93.627263250076723, 17.531682220046687 ], [ -93.625020770042568, 17.514637080427534 ], [ -93.637341079868577, 17.509813630153101 ], [ -93.626071550146108, 17.504421280047552 ], [ -93.62545394969473, 17.500998350258289 ], [ -93.629909260240538, 17.500876630020684 ], [ -93.62410485034988, 17.493457229571693 ], [ -93.631247769683171, 17.486932199686553 ], [ -93.63696348007926, 17.473872950205017 ], [ -93.635701250056528, 17.468063680197456 ], [ -93.639956459952913, 17.464631030417614 ], [ -93.639342519902783, 17.459585200359108 ], [ -93.647712420219051, 17.461744089572733 ], [ -93.650414029562043, 17.458854659745331 ], [ -93.644631569624778, 17.45859796954263 ], [ -93.646862370409551, 17.454230909653511 ], [ -93.644157119671121, 17.452171200134831 ], [ -93.642462340219112, 17.456069970166347 ], [ -93.636597399652217, 17.455276879639936 ], [ -93.635135120185353, 17.451247029761561 ], [ -93.64132650977416, 17.449121630110938 ], [ -93.645179880404498, 17.442401580346633 ], [ -93.63717468016857, 17.439124259835541 ], [ -93.638206320331093, 17.43608625963029 ], [ -93.645627020232268, 17.430326490409538 ], [ -93.649309749707612, 17.432471380352919 ], [ -93.652949860132054, 17.419630319908205 ], [ -93.657579290021616, 17.416906740021496 ], [ -93.663083910151698, 17.419703849857193 ], [ -93.66573974017993, 17.416000540258445 ], [ -93.667064540297716, 17.420007050027568 ], [ -93.672996309793476, 17.419918310031935 ], [ -93.673418739854611, 17.412273339996958 ], [ -93.678996049763839, 17.410966860305333 ], [ -93.683739370067713, 17.404456619645853 ], [ -93.683538739937646, 17.395628180147821 ], [ -93.694920219733476, 17.387804370193361 ], [ -93.690093319906609, 17.379547820014562 ], [ -93.683146980356085, 17.376413090255923 ], [ -93.68574717968589, 17.37236756967279 ], [ -93.634958550308454, 17.337701859915502 ], [ -93.645198339837535, 17.330685710367277 ], [ -93.641502890306626, 17.317953140442896 ], [ -93.627431970292221, 17.312843150060619 ], [ -93.624386679675695, 17.322481309597034 ], [ -93.607939816028761, 17.314930020678464 ], [ -93.638132333843231, 17.290948363005743 ], [ -93.664411458491344, 17.286193385205468 ], [ -93.662694364997762, 17.256276901944709 ], [ -93.689872255429194, 17.255306268800528 ], [ -93.6956689462626, 17.247230178101088 ], [ -93.736793113158598, 17.247511138707651 ], [ -93.76297648142409, 17.239344492353986 ], [ -93.772450197735694, 17.245823558744039 ], [ -93.788609504555168, 17.232327341654397 ], [ -93.791221299218407, 17.232118078049965 ], [ -93.794854261186373, 17.240897674904424 ], [ -93.801448682639531, 17.240379502756976 ], [ -93.805947579617481, 17.230221750829742 ], [ -93.803762489313641, 17.224868172535313 ], [ -93.818359568445175, 17.203475122716135 ], [ -93.820119970058755, 17.195323372925962 ], [ -93.826630169820689, 17.190494030361851 ], [ -93.827137689853132, 17.172503480762231 ], [ -93.839045220035274, 17.172946879253221 ], [ -93.843968939410345, 17.168611749200579 ], [ -93.860915770332753, 17.163741140085975 ], [ -93.862316849896985, 17.151544020270542 ], [ -93.870123279862199, 17.146647418957919 ], [ -93.867426770742384, 17.136964912862982 ], [ -94.087497140015969, 17.149433380259516 ], [ -94.085514220330921, 17.171456630467858 ], [ -94.088667550232145, 17.171375169853629 ], [ -94.088630350134366, 17.174078110177653 ], [ -94.085457740064669, 17.174061860128536 ], [ -94.085594049684701, 17.178985630103917 ], [ -94.088161510413869, 17.1789865999048 ], [ -94.090075879812062, 17.184566799845342 ], [ -94.001623229629971, 17.184128569936213 ], [ -94.001879090077523, 17.199641459896323 ], [ -93.931731829717108, 17.20012477011138 ], [ -93.930992000196383, 17.281546920337288 ], [ -93.924826089656577, 17.291049509988287 ], [ -93.924654799674585, 17.300917800002999 ], [ -93.935985690164671, 17.299776459652964 ], [ -93.940951119899367, 17.304687229967843 ], [ -93.952326180004263, 17.306802650211267 ], [ -93.968053800169315, 17.303046509903243 ], [ -93.971489629626589, 17.306988629757061 ], [ -93.965354660367169, 17.310144319661735 ], [ -93.962117259652146, 17.318345180215385 ], [ -93.97019682998372, 17.323703120103612 ], [ -94.034217860350637, 17.324999549600061 ], [ -94.035202490349661, 17.343950620092979 ], [ -94.044439540243602, 17.340763540299644 ], [ -94.087161950124099, 17.340580970257758 ], [ -94.086900060068032, 17.343370220275098 ], [ -94.127712720455094, 17.343353980171067 ], [ -94.127892970431532, 17.345928999729541 ], [ -94.178291430460064, 17.339548889932725 ], [ -94.208220820390707, 17.323862049608753 ], [ -94.210753019716009, 17.34080377995355 ], [ -94.215252710441817, 17.348021780428983 ], [ -94.212978369610966, 17.354044910420683 ], [ -94.216521020399085, 17.357385060296746 ], [ -94.211451630330231, 17.363945140043711 ], [ -94.211719690053243, 17.370241279607271 ], [ -94.205057510420104, 17.370521600000437 ], [ -94.184942689546503, 17.391906779772004 ], [ -94.185423650067619, 17.411026579918211 ], [ -94.187894119591832, 17.413830919742754 ], [ -94.198335689602246, 17.409854540248748 ], [ -94.202831169626677, 17.413973620011959 ], [ -94.201341019936933, 17.419101339689142 ], [ -94.214349459752043, 17.434275969745858 ], [ -94.221650820190106, 17.449759999968741 ], [ -94.225438139955386, 17.448261370143825 ], [ -94.229318860121879, 17.459502600258848 ], [ -94.227664630350944, 17.46573457974479 ], [ -94.231292229851121, 17.470361750095442 ], [ -94.228096660479011, 17.490937599842741 ], [ -94.217173569560302, 17.498358659897473 ], [ -94.206356880121177, 17.488360509580509 ], [ -94.203454459566942, 17.491034169682919 ], [ -94.207592950074343, 17.499034659613937 ], [ -94.196970739833873, 17.505196049925313 ], [ -94.204150370343768, 17.517623080129361 ], [ -94.211261600251333, 17.508061489909384 ], [ -94.222992079902767, 17.511812369611409 ], [ -94.232165139824687, 17.508505290296711 ], [ -94.227757490089033, 17.515085690425046 ], [ -94.227683879620471, 17.521532169809966 ], [ -94.236248939583916, 17.530462720359889 ], [ -94.233305199544262, 17.535909120024311 ], [ -94.23981203030273, 17.539210649810087 ], [ -94.227310079736299, 17.54237301968999 ], [ -94.222183140330898, 17.548148229720905 ], [ -94.207694199534586, 17.54064808024922 ], [ -94.198218479855413, 17.544357399991213 ], [ -94.198358450394807, 17.548044250015757 ], [ -94.20503835020871, 17.553539250205151 ], [ -94.225415000317824, 17.556227889576622 ], [ -94.220676079931096, 17.564048599577948 ], [ -94.223287319782472, 17.57479600017145 ], [ -94.218861770286082, 17.58211021987541 ], [ -94.212992710203011, 17.582225490334846 ], [ -94.207516060119474, 17.577537819680263 ], [ -94.202263179644206, 17.587038820344095 ], [ -94.196920510432008, 17.586169290211291 ], [ -94.190564999577532, 17.564861150166973 ], [ -94.180188849647053, 17.571105230372229 ], [ -94.175251909699, 17.583760000362641 ], [ -94.168103629959305, 17.583086139778349 ], [ -94.165744340260233, 17.573139630284864 ], [ -94.151989139687004, 17.581849550373899 ], [ -94.143615709708357, 17.574800709720797 ], [ -94.125952740303816, 17.585274179893688 ], [ -94.12268553971164, 17.590695690052591 ], [ -94.126689709865801, 17.595164629635526 ], [ -94.143964369931112, 17.598878770050323 ], [ -94.150594540303175, 17.60676811027199 ], [ -94.166205979761415, 17.59871530955736 ], [ -94.168522459764858, 17.600282049887578 ], [ -94.160837249908241, 17.624195350272704 ], [ -94.144980780004005, 17.635434819859977 ], [ -94.159332320396814, 17.639948999618703 ], [ -94.166812369663248, 17.64570437001176 ], [ -94.169706000345926, 17.659460769736931 ], [ -94.183514230133909, 17.651426829613531 ], [ -94.191819279631957, 17.655592770219599 ], [ -94.200892030346822, 17.655262430164342 ], [ -94.195884820278408, 17.666663980107344 ], [ -94.17872657027786, 17.675589770256565 ], [ -94.178753340471687, 17.680831579574956 ], [ -94.191471349695064, 17.695444339636705 ], [ -94.181527149649639, 17.711053319669013 ], [ -94.208955739661945, 17.732383000335346 ], [ -94.226764490377732, 17.733852889858031 ], [ -94.217502020132116, 17.745098049942708 ], [ -94.225464829909981, 17.76164106001368 ], [ -94.214047169943214, 17.778765860174161 ], [ -94.198183200428105, 17.788479849656841 ], [ -94.201337719893047, 17.79565470982492 ], [ -94.209255909830091, 17.798822889654289 ], [ -94.214403880235068, 17.797095320351868 ], [ -94.220668720240425, 17.78779657956812 ], [ -94.222015250150406, 17.797673999653732 ], [ -94.215715180332836, 17.815924630216667 ], [ -94.19975672025889, 17.841917539619239 ], [ -94.201717140327446, 17.85512254968695 ], [ -94.213090350370464, 17.858683909716728 ], [ -94.241003890347031, 17.840924280041801 ], [ -94.25066448021245, 17.844499830140521 ], [ -94.254694649792469, 17.832005770397021 ], [ -94.259139120163468, 17.836072150373091 ], [ -94.263449970015699, 17.849846969979222 ], [ -94.27357035034116, 17.849797629863055 ], [ -94.28198372031143, 17.843327940040407 ], [ -94.293187569579658, 17.842188850399207 ], [ -94.297096509952709, 17.83852371021527 ], [ -94.309546749703742, 17.837349449830594 ], [ -94.31522311980163, 17.839754580128023 ], [ -94.308079740337789, 17.841141510354827 ], [ -94.312357859838428, 17.850068490098092 ], [ -94.294535139679795, 17.851239250244159 ], [ -94.302321309808619, 17.863866309954037 ], [ -94.292511310433611, 17.871145090133215 ], [ -94.283769630086326, 17.866615910412872 ], [ -94.289518940301136, 17.862009600320658 ], [ -94.291000059952609, 17.86577184985239 ], [ -94.294751580218232, 17.863842220457474 ], [ -94.290285970391238, 17.855873970070547 ], [ -94.285018710378409, 17.855282320176993 ], [ -94.284733619721422, 17.860454849854641 ], [ -94.279098880005066, 17.864602510423882 ], [ -94.27637949002353, 17.861092780419874 ], [ -94.271885629784336, 17.862351449644919 ], [ -94.267502019557725, 17.87098865971355 ], [ -94.271385219890931, 17.87348817027376 ], [ -94.266800859864375, 17.890223970089618 ], [ -94.258545710400213, 17.889055199829862 ], [ -94.250742719828267, 17.897470769750793 ], [ -94.250401780019615, 17.902024280360582 ], [ -94.241741140118179, 17.90913770976864 ], [ -94.241031350163937, 17.916169520020674 ], [ -94.234686749813662, 17.916614450119365 ], [ -94.231536460044623, 17.928612399931087 ], [ -94.229203259615772, 17.9287131996631 ], [ -94.229243949819903, 17.932933400094242 ], [ -94.226284229646964, 17.930826780382279 ], [ -94.226394710139587, 17.937899879896094 ], [ -94.222801649861026, 17.937797180010985 ], [ -94.222836199786983, 17.942435580172255 ], [ -94.214590250059487, 17.941602970270033 ], [ -94.20804475025416, 17.950028919937647 ], [ -94.209407139721606, 17.958831659856564 ], [ -94.217846149945188, 17.964200049660601 ], [ -94.216758520073384, 17.970112570397085 ], [ -94.208899999555015, 17.973245580120672 ], [ -94.197315340055269, 17.989691480341641 ], [ -94.182299089989073, 17.989801679704367 ] ] ] } },
{ "type": "Feature", "properties": { "code": "30013", "stateCode": "30", "municipalityCode": "013", "name": "Naranjos Amatlán" }, "geometry": { "type": "Polygon", "coordinates": [ [ [ -97.685008829176866, 21.363651489614654 ], [ -97.680290649505977, 21.358587820312533 ], [ -97.675673539271642, 21.35920280101675 ], [ -97.660178979598896, 21.351658650382678 ], [ -97.654537680226355, 21.344612260259929 ], [ -97.655401150055184, 21.341782620171351 ], [ -97.643734769763569, 21.347865679659851 ], [ -97.625204709954531, 21.340765400191842 ], [ -97.626627020338177, 21.336501849938497 ], [ -97.622526230141077, 21.337281259901591 ], [ -97.621317879967663, 21.333422509881618 ], [ -97.609251880423088, 21.329364149887397 ], [ -97.606282089687568, 21.33221312006156 ], [ -97.603247769636653, 21.327114629984582 ], [ -97.60019011999141, 21.337106370084413 ], [ -97.602825919746877, 21.337429889676997 ], [ -97.602356599765827, 21.34569943042062 ], [ -97.588566510433807, 21.34721637013433 ], [ -97.582886860239569, 21.351576570116581 ], [ -97.58524607960176, 21.347451489926375 ], [ -97.583126740214269, 21.347495679738639 ], [ -97.584234170117099, 21.337807649858 ], [ -97.581500690422629, 21.335022770310783 ], [ -97.586998779643267, 21.333948539829422 ], [ -97.586372599682164, 21.323008860339886 ], [ -97.590855169765518, 21.319377000006888 ], [ -97.588294890147949, 21.315883120355085 ], [ -97.592645420464393, 21.316355709729219 ], [ -97.588823799599353, 21.309629689842179 ], [ -97.594099660128393, 21.306876649823558 ], [ -97.593750510339447, 21.298374879834899 ], [ -97.583232149989726, 21.296038979889754 ], [ -97.592902429674695, 21.291029019909701 ], [ -97.599465289791723, 21.294954199590592 ], [ -97.600812450308979, 21.292623999722522 ], [ -97.601250339536662, 21.295819660174121 ], [ -97.605540019558163, 21.292927350101127 ], [ -97.60575081974369, 21.295556180154232 ], [ -97.616034920279674, 21.283076419837684 ], [ -97.617799180456061, 21.285942860168369 ], [ -97.621032820320337, 21.28331116977764 ], [ -97.626075919621812, 21.286090800307903 ], [ -97.629821349737909, 21.282495049747141 ], [ -97.645085350068484, 21.286332569772352 ], [ -97.640078970183154, 21.292468319575857 ], [ -97.654083200311916, 21.287691720418906 ], [ -97.659588999855004, 21.280042029887834 ], [ -97.668352830247244, 21.299853619899856 ], [ -97.672540629621963, 21.301698050098189 ], [ -97.670819829720017, 21.305999370370913 ], [ -97.68053631975404, 21.299581020365721 ], [ -97.685557830208666, 21.291189820277495 ], [ -97.676812800178197, 21.28304910960113 ], [ -97.669767550274386, 21.288117219602078 ], [ -97.677119450163659, 21.267972479815185 ], [ -97.687509400148073, 21.270834779777726 ], [ -97.689501230462213, 21.268230399768154 ], [ -97.686890490107032, 21.266625180402116 ], [ -97.68959894006295, 21.264996709622618 ], [ -97.715370999856106, 21.268934890433268 ], [ -97.718366909730477, 21.264451770389485 ], [ -97.710187650252195, 21.264635030289021 ], [ -97.706703740490326, 21.261136089735949 ], [ -97.715829849545301, 21.253124890309984 ], [ -97.725942830370911, 21.264370860456687 ], [ -97.744980450457362, 21.267388289795687 ], [ -97.749117879975728, 21.27980891996339 ], [ -97.746139629526979, 21.280692079920417 ], [ -97.774443340190942, 21.331025029720092 ], [ -97.777957660112605, 21.329936430225519 ], [ -97.784632879866933, 21.333954539780446 ], [ -97.790013180094803, 21.332250290185339 ], [ -97.79231491958096, 21.338364910421852 ], [ -97.789629260258707, 21.346841320173894 ], [ -97.774668620460361, 21.362202690038124 ], [ -97.768031449610518, 21.358915679567708 ], [ -97.771637970261168, 21.357696779569032 ], [ -97.776752449548269, 21.346986629926505 ], [ -97.773731829944026, 21.33993164965376 ], [ -97.767886420118344, 21.34719872009023 ], [ -97.755029679658421, 21.343926649775156 ], [ -97.745298309892689, 21.334666260230073 ], [ -97.73640212010352, 21.336018509550605 ], [ -97.731654110330297, 21.333573580403755 ], [ -97.731173230432859, 21.33971505033017 ], [ -97.718225029885318, 21.341783479696474 ], [ -97.716816719807653, 21.34525977974484 ], [ -97.708443599681729, 21.335255119930544 ], [ -97.708076820467213, 21.34212686023238 ], [ -97.70331817820805, 21.342007283784955 ], [ -97.702238490177933, 21.347021490317893 ], [ -97.69824368000134, 21.343652600333062 ], [ -97.69739273986049, 21.357462351209485 ], [ -97.685008829176866, 21.363651489614654 ] ] ] } },
{ "type": "Feature", "properties": { "code": "30014", "stateCode": "30", "municipalityCode": "014", "name": "Amatlán de los Reyes" }, "geometry": { "type": "Polygon", "coordinates": [ [ [ -96.858417119695659, 18.961677319605819 ], [ -96.844678850327298, 18.95724063036711 ], [ -96.838097379930431, 18.942520709618332 ], [ -96.8297140891911, 18.942466080337571 ], [ -96.829630229326071, 18.936572199937981 ], [ -96.83644781913398, 18.924745109882181 ], [ -96.832035719021874, 18.92170337045907 ], [ -96.832214909399454, 18.917462250861931 ], [ -96.828601219484867, 18.916709050449967 ], [ -96.828168578801652, 18.912151490893958 ], [ -96.817605889236589, 18.905674371028926 ], [ -96.82930214949856, 18.901188570068538 ], [ -96.825280169327741, 18.894580649646212 ], [ -96.824795629221114, 18.882129460188498 ], [ -96.840927370126892, 18.875675259665723 ], [ -96.840687139522615, 18.871995220342548 ], [ -96.855307170023352, 18.86552076994376 ], [ -96.822307830204181, 18.843411290443736 ], [ -96.820469059981036, 18.817692770077443 ], [ -96.831744749713891, 18.824381280029453 ], [ -96.84274329036684, 18.810129289913846 ], [ -96.849662999605826, 18.807106919638247 ], [ -96.844164630318758, 18.80091326003916 ], [ -96.838605909996076, 18.802750079893805 ], [ -96.835162249851962, 18.7990637500777 ], [ -96.837688079953324, 18.785885689987559 ], [ -96.855898949565145, 18.787056860020954 ], [ -96.86860163000982, 18.783380800342275 ], [ -96.888651230029865, 18.800765490178502 ], [ -96.888606770293094, 18.793408199581737 ], [ -96.893130540392988, 18.793131230200594 ], [ -96.892009430419378, 18.790017659868514 ], [ -96.899774150164973, 18.791209110183242 ], [ -96.904327020243443, 18.786091199949166 ], [ -96.924060109985007, 18.794687910046655 ], [ -96.928526569909948, 18.811126490006547 ], [ -96.934168220013845, 18.816520999625389 ], [ -96.957159980189005, 18.825300279570751 ], [ -96.956050819662281, 18.840875170175213 ], [ -96.948310338708055, 18.847202320605227 ], [ -96.944497949918372, 18.855829950400771 ], [ -96.940977120069874, 18.85353134976295 ], [ -96.935680690132898, 18.857134430454504 ], [ -96.928647710013038, 18.855219979758637 ], [ -96.920426180206263, 18.859391030665339 ], [ -96.92171950968671, 18.864687350099867 ], [ -96.914950779052191, 18.861864910495481 ], [ -96.91440919880182, 18.865128400296435 ], [ -96.898404118806127, 18.864477581237974 ], [ -96.896395399194162, 18.872619710114144 ], [ -96.885378380201118, 18.875145629723757 ], [ -96.886191399608904, 18.881269819914522 ], [ -96.883842000436147, 18.880523800168977 ], [ -96.88150073987353, 18.885699249989706 ], [ -96.892867569276703, 18.88738851975322 ], [ -96.90693782892501, 18.896706320110983 ], [ -96.906195919347184, 18.907095581225892 ], [ -96.902252398973829, 18.910653921013374 ], [ -96.894725649196218, 18.906433750614347 ], [ -96.875260020045047, 18.911213180594491 ], [ -96.883100260417024, 18.926591290029567 ], [ -96.880658339901473, 18.92650793987605 ], [ -96.882233219680643, 18.92873498026124 ], [ -96.878652680192616, 18.935627779645532 ], [ -96.881840289791512, 18.93779122012532 ], [ -96.880159660270294, 18.94151531985267 ], [ -96.882857919926579, 18.940104630381583 ], [ -96.881732549712879, 18.948471020167563 ], [ -96.879101350049041, 18.951654379624483 ], [ -96.876569740157038, 18.949730599866029 ], [ -96.870981429908099, 18.959410999597633 ], [ -96.862739230375666, 18.957294180437934 ], [ -96.858417119695659, 18.961677319605819 ] ] ] } },
{ "type": "Feature", "properties": { "code": "30060", "stateCode": "30", "municipalityCode": "060", "name": "Chinampa de Gorostiza" }, "geometry": { "type": "Polygon", "coordinates": [ [ [ -97.64159704958638, 21.424078169686975 ], [ -97.622471949942181, 21.415852349683519 ], [ -97.618019980068709, 21.418561919738142 ], [ -97.614284520016668, 21.416899380121116 ], [ -97.611938940071781, 21.420085419570338 ], [ -97.608378150322224, 21.416353520144277 ], [ -97.606432710082828, 21.419835920112263 ], [ -97.604134909782886, 21.415930020265968 ], [ -97.597527519597278, 21.417099909964325 ], [ -97.598438230104421, 21.399999849695888 ], [ -97.589748150150953, 21.399297350227247 ], [ -97.589553490391836, 21.394567509692624 ], [ -97.585497770212925, 21.396446370243929 ], [ -97.586918220224348, 21.390467119680661 ], [ -97.583225479915455, 21.392977420292201 ], [ -97.581551769630067, 21.388949230037124 ], [ -97.576580179776741, 21.392950110382234 ], [ -97.57492083020027, 21.382926019916688 ], [ -97.565909940193805, 21.388484050387188 ], [ -97.560075689785123, 21.383798169644994 ], [ -97.562356419923759, 21.381554229650888 ], [ -97.559170449809102, 21.372539830379072 ], [ -97.562928629848159, 21.374082829562074 ], [ -97.561297049968005, 21.3720973400583 ], [ -97.565753419592824, 21.371826480241122 ], [ -97.567681249955641, 21.366577259944275 ], [ -97.576517739591495, 21.359742660404567 ], [ -97.584693430424778, 21.359101599685349 ], [ -97.588566510433807, 21.34721637013433 ], [ -97.602356599765827, 21.34569943042062 ], [ -97.602825919746877, 21.337429889676997 ], [ -97.60019011999141, 21.337106370084413 ], [ -97.603247769636653, 21.327114629984582 ], [ -97.606282089687568, 21.33221312006156 ], [ -97.609251880423088, 21.329364149887397 ], [ -97.621317879967663, 21.333422509881618 ], [ -97.622526230141077, 21.337281259901591 ], [ -97.626627020338177, 21.336501849938497 ], [ -97.625204709954531, 21.340765400191842 ], [ -97.643734769763569, 21.347865679659851 ], [ -97.655401150055184, 21.341782620171351 ], [ -97.654537680226355, 21.344612260259929 ], [ -97.660178979598896, 21.351658650382678 ], [ -97.675673539271642, 21.35920280101675 ], [ -97.680290649505977, 21.358587820312533 ], [ -97.685103648865308, 21.363668450774981 ], [ -97.69739273986049, 21.357462351209485 ], [ -97.69824368000134, 21.343652600333062 ], [ -97.702238490177933, 21.347021490317893 ], [ -97.70331817820805, 21.342007283784955 ], [ -97.708076820467213, 21.34212686023238 ], [ -97.708443599681729, 21.335255119930544 ], [ -97.716816719807653, 21.34525977974484 ], [ -97.718225029885318, 21.341783479696474 ], [ -97.731173230432859, 21.33971505033017 ], [ -97.731654110330297, 21.333573580403755 ], [ -97.73640212010352, 21.336018509550605 ], [ -97.745298309892689, 21.334666260230073 ], [ -97.755029679658421, 21.343926649775156 ], [ -97.767886420118344, 21.34719872009023 ], [ -97.773731829944026, 21.33993164965376 ], [ -97.776283910237211, 21.343461860209672 ], [ -97.771637970261168, 21.357696779569032 ], [ -97.768031449610518, 21.358915679567708 ], [ -97.774668620460361, 21.362202690038124 ], [ -97.750985059744835, 21.386231449708035 ], [ -97.7643838796767, 21.404715720368287 ], [ -97.753419480249647, 21.414109400062497 ], [ -97.739708570214574, 21.417061369866278 ], [ -97.731060319860262, 21.415206200345143 ], [ -97.731062569529215, 21.412397380094664 ], [ -97.713746460275942, 21.402537949982943 ], [ -97.702242060108219, 21.390990079702739 ], [ -97.69232808972572, 21.390041600437847 ], [ -97.69155176998899, 21.39231732019077 ], [ -97.685533969535228, 21.389902939711192 ], [ -97.678107600251934, 21.403528850295377 ], [ -97.680729049751562, 21.409500049591276 ], [ -97.664763030074326, 21.415536399923319 ], [ -97.663614949912926, 21.411536459677073 ], [ -97.656118860432997, 21.414552400012596 ], [ -97.655877829621403, 21.412236950422873 ], [ -97.646435740046726, 21.41184319985409 ], [ -97.642094720427536, 21.416132459682174 ], [ -97.647308250371552, 21.421784049642415 ], [ -97.64159704958638, 21.424078169686975 ] ] ] } },
{ "type": "Feature", "properties": { "code": "30045", "stateCode": "30", "municipalityCode": "045", "name": "Cosamaloapan de Carpio" }, "geometry": { "type": "Polygon", "coordinates": [ [ [ -95.93033982031308, 18.432004969782138 ], [ -95.903611199601102, 18.425668339658909 ], [ -95.90619969049132, 18.400817479602765 ], [ -95.896386320227151, 18.40318223021637 ], [ -95.895896630311341, 18.405932169860623 ], [ -95.885853419956319, 18.405170909964845 ], [ -95.890274910157132, 18.388600090216741 ], [ -95.899686860288909, 18.377266540224834 ], [ -95.892826199808809, 18.378411280424878 ], [ -95.892885049852183, 18.374377230141508 ], [ -95.886990000168481, 18.375986539804163 ], [ -95.883465970110706, 18.373558059672391 ], [ -95.881497029898682, 18.376203049589467 ], [ -95.873058079933131, 18.374369369765205 ], [ -95.871213860184483, 18.378621490428348 ], [ -95.858912750434527, 18.371999829770271 ], [ -95.855804689584701, 18.366372229816829 ], [ -95.85382968022904, 18.373683080401847 ], [ -95.828056920191983, 18.379268710142274 ], [ -95.818042180206362, 18.392000769889588 ], [ -95.798649519891569, 18.381996489959043 ], [ -95.798728909777736, 18.385891150016185 ], [ -95.787558420116255, 18.384102280202114 ], [ -95.778555690169341, 18.399882799670131 ], [ -95.779374889913598, 18.375891820212654 ], [ -95.770713619777183, 18.359957430394765 ], [ -95.776899540208859, 18.359812650167893 ], [ -95.779408779906703, 18.341772649948417 ], [ -95.774717630281373, 18.327295150377562 ], [ -95.765363540181298, 18.31880126033332 ], [ -95.766485310010054, 18.314747629980616 ], [ -95.776560799968024, 18.316718689590662 ], [ -95.78589786003748, 18.328571970442102 ], [ -95.784862820305847, 18.335989880376516 ], [ -95.780047120278283, 18.340756050016363 ], [ -95.790016229848234, 18.339581720129726 ], [ -95.799386740089574, 18.32157173986695 ], [ -95.805924309876644, 18.31658611996955 ], [ -95.812445939994717, 18.317096139937181 ], [ -95.830148479646169, 18.333597880241179 ], [ -95.839597350155088, 18.333203780399799 ], [ -95.850453660312013, 18.319577049920529 ], [ -95.84524653998578, 18.298949480307027 ], [ -95.849252219649557, 18.287356860330945 ], [ -95.859653110413205, 18.281034379619097 ], [ -95.881041199690799, 18.275062480191163 ], [ -95.902533219953625, 18.277273509908763 ], [ -95.913370459972668, 18.272463849844197 ], [ -95.917585660212637, 18.266296850181369 ], [ -95.911476779690375, 18.252247219868128 ], [ -95.915202889848672, 18.247325620292699 ], [ -95.952663169730769, 18.250243859654855 ], [ -95.957395250201699, 18.242618120180655 ], [ -95.951783829702904, 18.227821369853512 ], [ -95.956304459581958, 18.2213876803497 ], [ -95.972172880144669, 18.215977450343676 ], [ -95.961954259939148, 18.225498219767452 ], [ -95.961685580206549, 18.231216749742241 ], [ -95.968658550380781, 18.23691556994455 ], [ -95.976854260452299, 18.250717369811802 ], [ -95.987061260470938, 18.252803919897428 ], [ -95.992379720169964, 18.249266800323532 ], [ -95.993131380216255, 18.23905938015541 ], [ -95.981427830112352, 18.23943637002456 ], [ -95.976175970396014, 18.235653770294476 ], [ -95.976662169596764, 18.231517140131118 ], [ -95.98869528021757, 18.224471049723736 ], [ -95.998957750365747, 18.207228119695678 ], [ -95.991365570312226, 18.198554549921244 ], [ -95.979884180474926, 18.19965636984443 ], [ -95.985381709648692, 18.192129380255484 ], [ -95.982527620302207, 18.189328110240147 ], [ -96.006729350029858, 18.184534420443615 ], [ -96.007281260388709, 18.202554030017872 ], [ -96.011343370293758, 18.209884600214782 ], [ -96.022959979586417, 18.217145289940074 ], [ -96.034994740314616, 18.216307520320996 ], [ -96.043761139605934, 18.205604950177467 ], [ -96.04453801995551, 18.179452910145809 ], [ -96.05114614995432, 18.173579509697248 ], [ -96.063405879924531, 18.175912829799103 ], [ -96.068171139712319, 18.166256119724398 ], [ -96.076064050223579, 18.161404089721053 ], [ -96.097416219274706, 18.166759980859752 ], [ -96.112061619072961, 18.165772889890373 ], [ -96.117151819696076, 18.155168719578697 ], [ -96.123046050303444, 18.154228979726899 ], [ -96.122584380365325, 18.14157398049095 ], [ -96.135636398712819, 18.134117199872545 ], [ -96.143625518863757, 18.140148970538903 ], [ -96.148568119896794, 18.132190121243749 ], [ -96.154225938943796, 18.131804889550391 ], [ -96.179666048537101, 18.14056605124841 ], [ -96.18828205011711, 18.151302941169114 ], [ -96.182810000426215, 18.157817680317141 ], [ -96.187588019295035, 18.166188799805163 ], [ -96.170235279182009, 18.169802451063493 ], [ -96.168999679110371, 18.183394110075042 ], [ -96.173340260248153, 18.190425569790754 ], [ -96.157921170021254, 18.188993140318551 ], [ -96.158825970119636, 18.19153632039594 ], [ -96.154433510267751, 18.193552020399448 ], [ -96.149979920289383, 18.190617949660687 ], [ -96.139741430021758, 18.199274890442222 ], [ -96.138376769854389, 18.184764889855281 ], [ -96.122383829953378, 18.187884829794449 ], [ -96.120348030188865, 18.185031720270068 ], [ -96.118478139765429, 18.191745460148116 ], [ -96.104155140132619, 18.192106999982609 ], [ -96.103538369638954, 18.195417980334341 ], [ -96.097278649013845, 18.191902079837991 ], [ -96.089717150088291, 18.194955919805302 ], [ -96.085213139770801, 18.200905910190787 ], [ -96.078188799950212, 18.199833379863374 ], [ -96.074072849846615, 18.210169510342507 ], [ -96.069061319920664, 18.214140679837406 ], [ -96.069803260399681, 18.219676319817736 ], [ -96.080407430258248, 18.218700449661522 ], [ -96.07971000023295, 18.227681489726358 ], [ -96.078184149800521, 18.232465969615895 ], [ -96.062100889664848, 18.23970342959856 ], [ -96.065153829999403, 18.248929939909374 ], [ -96.053571049606902, 18.25164819998092 ], [ -96.059961519522915, 18.254799850127633 ], [ -96.060894199765627, 18.261312289983714 ], [ -96.064613219595344, 18.260846199977813 ], [ -96.072029430399994, 18.274633290051995 ], [ -96.069821050108771, 18.275189519949997 ], [ -96.07071577997479, 18.282983320305803 ], [ -96.067033480166074, 18.28388371978135 ], [ -96.069909059795094, 18.287761630000748 ], [ -96.055710910270008, 18.289900419915586 ], [ -96.055287769890981, 18.299807650227855 ], [ -96.058777750327863, 18.298481580021882 ], [ -96.057598800330979, 18.302374180214564 ], [ -96.059500049757474, 18.299061750162778 ], [ -96.05825316968361, 18.30398278010744 ], [ -96.07155259972447, 18.31453602007673 ], [ -96.082386319599252, 18.305296690302523 ], [ -96.083529079948946, 18.31429405965908 ], [ -96.091953089733849, 18.318601889862045 ], [ -96.086344739661769, 18.331370310043091 ], [ -96.078083350278263, 18.336995059812768 ], [ -96.068115259700974, 18.334522940311281 ], [ -96.066394490127166, 18.347253710423754 ], [ -96.064174910076133, 18.346473599994081 ], [ -96.066413149994005, 18.352188859918076 ], [ -96.060209259971174, 18.357356340094508 ], [ -96.057762780372258, 18.356066310418765 ], [ -96.058937219609064, 18.359493849883787 ], [ -96.05353768044786, 18.361193539780874 ], [ -96.05477520040418, 18.364593459857769 ], [ -96.044470630144573, 18.36474422022934 ], [ -96.043417619736871, 18.360553549876535 ], [ -96.035095320240018, 18.362748399807128 ], [ -96.036933140417361, 18.374288819798085 ], [ -96.033090110464087, 18.382515980230782 ], [ -96.016595380111795, 18.375413519950619 ], [ -96.01588727982292, 18.387933339758295 ], [ -96.010554230397872, 18.394315739776253 ], [ -95.992378660337536, 18.401621230466233 ], [ -95.984913520137724, 18.414950620094757 ], [ -95.985094979947036, 18.426878339806887 ], [ -95.947369539731014, 18.420870939926516 ], [ -95.939024290276606, 18.4109646597432 ], [ -95.929690549755009, 18.418071060418519 ], [ -95.935251860481557, 18.428269289746304 ], [ -95.93033982031308, 18.432004969782138 ] ] ] } },
{ "type": "Feature", "properties": { "code": "30057", "stateCode": "30", "municipalityCode": "057", "name": "Chiconquiaco" }, "geometry": { "type": "Polygon", "coordinates": [ [ [ -96.741056859871222, 19.816697520375023 ], [ -96.736192110125415, 19.81085258008595 ], [ -96.741096859946609, 19.800348369995572 ], [ -96.749499689641908, 19.797257980002382 ], [ -96.746940920246274, 19.788662370085202 ], [ -96.729579059815237, 19.785717740148723 ], [ -96.731469060286429, 19.780191949873725 ], [ -96.720971420456777, 19.78051843034012 ], [ -96.718683819956141, 19.768343679692659 ], [ -96.712640679880565, 19.76165278028969 ], [ -96.709384849812693, 19.762493249865436 ], [ -96.707398679783978, 19.755073510383497 ], [ -96.691531650353113, 19.759119599950516 ], [ -96.692806570274612, 19.749580180273789 ], [ -96.686130050369485, 19.748483919787763 ], [ -96.683863260348318, 19.744872399813353 ], [ -96.675644250422607, 19.747308180360736 ], [ -96.671627029981551, 19.740883690421569 ], [ -96.653598369956214, 19.737175489954524 ], [ -96.659230660100803, 19.723721659687108 ], [ -96.665592120174594, 19.71560788026418 ], [ -96.668322860314802, 19.716968660309171 ], [ -96.671953719623701, 19.723804819673685 ], [ -96.67132674960186, 19.735081890176197 ], [ -96.679147879822395, 19.736594169842558 ], [ -96.682339859860448, 19.740411650241665 ], [ -96.689042229938366, 19.734413879767107 ], [ -96.689065419838471, 19.730597910239535 ], [ -96.68550517019132, 19.729069079596897 ], [ -96.687878200054612, 19.720818970193651 ], [ -96.693101340441757, 19.726041080028711 ], [ -96.699749279874837, 19.723658599874828 ], [ -96.705006889971727, 19.727962910275689 ], [ -96.709267230004201, 19.727293860236358 ], [ -96.711377139962494, 19.723654939996891 ], [ -96.716823489534136, 19.724880170244486 ], [ -96.716939780025299, 19.718297580002385 ], [ -96.729823419709163, 19.719219379638922 ], [ -96.735514319581114, 19.713105620432657 ], [ -96.73910309036259, 19.714117309787884 ], [ -96.741304400393574, 19.708983280113689 ], [ -96.74980739996181, 19.715069539603927 ], [ -96.750632880109947, 19.726545279879485 ], [ -96.760254509574125, 19.729010939550374 ], [ -96.762417889760997, 19.732341139713657 ], [ -96.769452260329388, 19.727402659738559 ], [ -96.76989725022419, 19.735442659622208 ], [ -96.773770350441978, 19.728402199569437 ], [ -96.78163889000345, 19.724920579600489 ], [ -96.773073739910984, 19.713078890131591 ], [ -96.788970369571743, 19.711477349844703 ], [ -96.79184747960123, 19.716878429833052 ], [ -96.795054579821127, 19.699812399835864 ], [ -96.81851189000713, 19.699480249607113 ], [ -96.820162400390203, 19.711030150157125 ], [ -96.834488649754164, 19.714572980184247 ], [ -96.834070229734394, 19.722755779711107 ], [ -96.838072799609776, 19.719876030089392 ], [ -96.839955519648186, 19.736839950338126 ], [ -96.837872719743388, 19.739237150115223 ], [ -96.843095419673432, 19.742432149567776 ], [ -96.837317230029143, 19.750789819768151 ], [ -96.840851679669854, 19.763670520342767 ], [ -96.860805229744017, 19.772863819667009 ], [ -96.859956400074168, 19.779496049787532 ], [ -96.844365619846897, 19.775866369664591 ], [ -96.838520460141609, 19.781106979694218 ], [ -96.837560580281263, 19.788030539676825 ], [ -96.849046150208622, 19.807760520171158 ], [ -96.849080339782859, 19.817612779830117 ], [ -96.833455599798384, 19.817003420038688 ], [ -96.830356630167415, 19.812269319727765 ], [ -96.831005260074093, 19.804889000319051 ], [ -96.824391110313186, 19.801011290165089 ], [ -96.822670910439228, 19.794800219842777 ], [ -96.810745250055149, 19.798342919672891 ], [ -96.806409600430058, 19.806208970233097 ], [ -96.800456140477877, 19.803307319581748 ], [ -96.79546727978709, 19.807805690191685 ], [ -96.792981079898695, 19.802177120411706 ], [ -96.801992459932549, 19.790129260051174 ], [ -96.798359850217139, 19.784712400173895 ], [ -96.790650179963876, 19.788950650280491 ], [ -96.787854660035123, 19.796768650205529 ], [ -96.782402659521992, 19.801207320167833 ], [ -96.7801553995414, 19.799458690098742 ], [ -96.782988140192813, 19.794733880274389 ], [ -96.774460579927052, 19.789472429953854 ], [ -96.767357020235721, 19.788094569884418 ], [ -96.763451320035273, 19.792806139728111 ], [ -96.755028309923034, 19.791344200302067 ], [ -96.748417429895426, 19.809108620102919 ], [ -96.741056859871222, 19.816697520375023 ] ] ] } }
]
}
